"V1" "V2" "V3" "V4" "V5" "V6" "V7" "V8" "V9" "V10" "V11" "V12" "V13" "V14" "V15" "V16" "V17" "V18" "V19" "V20" "V21" "V22" "V23" "V24" "V25" "V26" "V27" "V28" "V29" "V30" "V31" "V32" "V33" "V34" "V35" "V36" "V37" "V38" "V39" "V40" "V41" "V42" "V43" "V44" "V45" "V46" "V47" "V48" "V49" "V50"
"1" -1.1549094018795 0.203821811966114 2.12611386973527 -4.13069316960892 1.15697563227855 0.73159789774406 0.428090522151623 1.64363457670812 -1.21937223038761 1.40579306526049 1.71988375920738 0.264230995494772 -0.133930849756291 1.73835101453527 -0.48914477495888 0.150214559817962 -0.74206225563367 1.51234292662701 -0.0555635875335618 -0.778867104314 -0.397103897358283 0.113792257862059 1.454161584315 0.766238318403304 -0.583317682907915 -0.587143466211845 1.45401779201161 -2.575548473321 1.26255328957611 1.04459937263571 -0.800625273117146 1.6617101562366 -0.108890201548621 -0.730080092780644 0.657549463358225 1.03446124874482 2.07434954827473 1.23705180423345 -0.761004536093289 0.732559652193732 -1.29718831529693 0.845948612408813 0.0759541870421514 -0.0629361799528719 3.35762393502228 3.15430927687299 2.55440014592282 1.12868461286027 0.186947755653175 0.455343522093974
"2" -0.498005356088438 0.283234970294969 -1.14630124572134 0.349372290024693 1.0824381766682 0.695991367228088 1.18386903785308 5.3566855380163 2.70807618650185 2.45843461536555 -2.32536301005915 -0.985096335183371 -0.531632235273452 0.348494263264289 0.37272571863765 -0.351723064370698 0.323262326525964 -0.778434957480563 -0.597476023085726 0.796840002362628 -0.284780150576923 1.22426260115809 0.144559587506178 -0.630801714043751 -1.21577169041771 0.144506233607221 -2.55686086305133 2.63293880819952 -1.34380463989048 0.30649350045895 0.94163796574205 -1.20809756441056 -1.79879645926792 -0.867687755741198 2.50599242013179 -0.0994140107167654 -1.68354715772189 -1.49988641284757 -0.334297771261095 0.995043031423252 -0.669471136318828 -1.72921957087163 3.36352017949574 2.84269096517574 0.0745460941770735 1.55752538447703 -0.703083797465715 -0.58569204283894 0.609020501189131 -1.34643700021533
"3" 0.948982352799364 -1.47048446240683 -1.93289924791576 1.10810944443819 -0.17692915140997 0.506615889010806 -1.03666063498262 -1.55827577321869 -0.658914578001384 -1.82805176728976 0.615776162625616 -2.32805096482636 -1.73082285902654 -0.222097389925476 0.220554280171144 1.43927781387321 -2.49132940401671 1.73564245614445 2.02961648392106 -1.63777404091672 0.828101749842949 -0.775761865667252 -0.612131711716161 0.716652468500939 -2.0879571277394 2.8269816478089 0.378385637029586 0.570005094458576 -0.090360710088371 -0.163415922279554 -1.95373770442871 1.27964243623278 1.47218056627273 -1.08079424083599 -0.581212198935655 -1.02377277183161 -0.687023533497155 -1.22993467989553 0.444402871179588 1.54486346782782 2.06321385681554 1.94591797292427 0.32552549341156 1.47829406424767 -3.15757250354704 -0.821801221319174 0.986273794004452 0.975028527485898 -0.22397079887607 0.521164030624601
"4" -0.621792471029551 -1.57550329456787 -0.930859937008671 1.36548176910786 -1.2337072204665 -2.05345236642048 3.24707558295607 1.96261199930632 -0.0914973973692389 2.02001895091276 0.158909531112803 3.32974319031276 1.14131594013688 -3.97525455646419 4.29313433193937 -1.59611310877481 -0.0687954404464651 0.0415888924996631 0.115318684935609 -1.79155737293302 1.50262608041434 -0.936566324735426 1.45589068249947 -0.376922558252855 -0.108382983853049 -1.14284045338256 -1.45517178665639 -0.998561198856087 1.35353686900379 0.876325777973413 0.39357230670102 1.017959578228 1.06809582780331 -1.09490166646453 0.477545337262091 0.0285405577515973 0.166044430727655 0.823359924133204 1.31953656880374 1.20509133506164 0.4004217240901 -0.647818901874426 2.44591561421727 1.30542335075805 -1.96882574041941 -0.43226026054683 0.108818499715803 -1.47753234845683 -0.178413289763772 -0.85019384357142
"5" -1.17722869065187 0.984276497252837 -0.70893574959106 0.688159110012062 1.83279255508754 0.413973654679929 0.707362345710246 2.06336898101398 4.77387600342423 -1.7419978824631 -3.17589624692108 -2.86268246405905 -0.654501742189741 -0.818294276568318 0.211017862585564 0.54378534677609 -0.835062242972197 1.68433822718816 2.74390512074906 -1.91952779943471 1.39420929557825 -2.59783938159884 2.98580526186603 -1.79742788265026 -0.744454452589379 0.51071786842625 -0.384589715506045 0.839781814591374 -0.413800924328213 1.69305684774086 3.60611780597534 -3.16727825340392 0.0110298935256406 -2.12340854976663 2.46617910754726 1.51065678334505 -1.25002789863242 -1.52553868259103 0.834923247060705 -1.06602799517198 2.2237965441305 -0.77340536938489 0.102804300946619 -2.86851996419482 2.23185826034072 0.489660441894619 0.183711607544408 0.479172701470437 0.21029382986668 1.11214892301515
"6" -1.07828026320595 1.67853738006509 -0.683969187177212 0.0603112059148587 1.88005054363065 2.3736044826834 -3.05915717103483 -2.33367909783962 -1.02692131755954 -0.712499022827323 0.992088301945662 -0.0928389550768781 0.565844462487964 0.556880164378349 -1.53664498276706 0.0623522633221585 -0.0906970986170072 2.50724195264174 3.047974430829 -0.539123858051793 0.789138569197713 -1.51693456064766 1.34413702399543 0.512201365079982 -2.54967548300084 -0.426243127100359 -0.815263078786495 -1.58372888777005 0.401082874418812 -0.148206479464211 1.14437609991061 -0.179261226059361 -0.308629513832762 1.26876288266501 -1.59652504337692 -1.54433489542581 -0.956627507125588 -0.745586190318562 0.94038463689843 0.490284911100892 -0.857351355412498 -0.841640585724875 1.14283648355675 2.73305585701004 -0.935033934086536 0.667718671743076 1.52683727445448 0.480275802670237 -0.3935874216364 -0.755416308429469
"7" -1.69022910158329 0.16685388523465 -0.544718411471962 0.816349472812151 -2.17439609360717 -1.58925163543789 -0.105013654826656 -0.404777983464547 0.431431746283092 -2.08586000177718 1.94873001051283 1.75200426905478 0.833243459968903 1.010711565694 -1.1289548105966 -0.619680454711937 0.533286380541978 -1.13078173826586 -2.07270908486877 2.22990987276615 1.28021945615072 -2.26616409958304 0.771937067017389 -0.855693609059576 0.904330319611477 -0.179579949769501 0.26601544144861 0.423922922763419 0.582338171495499 1.55438721534322 1.4881010582351 -1.2951825456491 1.33370332718625 -0.880683255571761 1.18944527784981 1.56831750364316 1.32509169383079 -0.0540979342955596 -2.18264029886429 0.45240408929808 -1.07337016360614 0.255569926369109 1.34483900391166 0.827761375497111 1.87712304685607 1.00059455061214 1.43523860290265 2.35679560827308 0.420601441133421 0.0876546330399591
"8" -1.12074930724462 1.70617175513471 1.54248277664579 -0.74019583883471 0.467395494495318 -0.278536599064318 0.735125296562775 0.202167818603973 -1.06728182039368 3.68831137466061 -2.87095849513915 -1.74452206816187 -0.192863863371254 -0.596285278030266 1.79083443299475 -2.67731591317329 0.478498763398084 -0.576577387579471 -1.10964217865896 -0.941500240899514 1.01742511352606 -0.250271794470486 0.925422843803588 -1.03842257483298 0.568377517225492 -0.797958041897029 -1.20787203409872 1.07766665454052 0.662083097163913 0.111245721729611 -2.89680849641479 2.84604846422022 1.66164035303392 -1.62886571654839 1.34403686289259 -0.727497655492264 -0.656342107824213 0.434629640179344 -0.573970161721863 -0.102035263521192 -0.0309806948154718 0.656771127047392 -0.916990053916468 -0.955611356427178 -1.78259852456297 -0.0973451765352832 1.08332705113786 -0.673413040876378 -3.5430325448821 2.70912827242108
"9" 0.151093645965578 -1.44834091023279 0.138342484889633 0.845718098129529 -1.97315987433865 0.30775814269533 -0.610459288406436 -0.0703265181064987 2.10043437259871 -0.621888418781101 -0.972877600455558 -0.000810860961367058 2.97578754152778 2.06558622909539 1.15082806119204 0.410758364992148 -2.0319272757954 0.557969121008425 -1.24547449917517 -0.0250007760601576 0.586481847585405 -1.63010338721128 1.99136533137784 -1.48368438166758 1.92204678635891 -0.178161233468875 -1.03694921315332 0.977900885017954 1.16151428228007 -0.05282404831018 -0.581083855077715 0.491238364853774 -1.75803776434839 2.73969591502182 0.751476402785679 0.940645776945751 -0.396510652088356 -1.82717784414348 0.617283036539112 0.382437307545515 1.46940683909447 1.6126681233829 -0.384462953802721 0.719672796057741 -1.48281154523436 -1.70529875431908 -0.205512963563939 -1.41119092054308 -1.32015887920636 2.57758409017489
"10" -0.602963519131446 0.294683340792125 1.54611191438419 -0.703689625821054 -0.105544596720829 -0.755418046942424 2.89704924769963 -0.424282040919529 0.588615067416814 0.0274902673115198 -1.59147805007303 0.235837406659656 1.53170284702368 0.664998780241924 -1.0715647566427 0.22390180743615 0.665762588870433 0.0720459452171784 -0.988173373651722 0.0387776667263382 0.0375891354054556 -0.666496965654139 -0.709283976775402 1.42111039795521 1.90921290458894 -1.9974589253043 0.167707862846592 2.35625533990458 -2.05016114447266 0.839990078694465 0.690672947423366 1.04044905455899 0.977260754795562 0.0716075191934329 -0.197606444771524 0.179500552789042 -0.816687744985512 0.59750977703445 3.45701271351094 -0.310123267093129 1.70511703943048 -0.0589310720703341 -0.186081485429621 0.88402675813822 -1.80368069473753 -1.27953720901134 -2.0727646008107 -1.65509721147466 0.998273738043422 -0.990328265101856
"11" 1.21610626479069 -0.724825557617678 -0.0206329450696517 -1.9689886593439 1.55415163949118 0.929298450386234 1.43269010261636 2.76203553017417 2.82957947688632 -0.088016153088101 -1.57978135524071 -0.949315792012466 -2.18386137227437 -0.950964418182925 0.881634664625793 -2.14938311447853 1.12209103262276 0.0221590580692293 0.258444528256885 1.07840880204683 -1.03393401588587 -0.24760448197525 1.00563317247226 -0.340662380778972 -1.96547974966128 2.5689240821214 0.78177316318134 -0.187677134008236 -2.46916818822362 -2.51490439368051 0.365266111681422 -0.682078630080072 0.87502150321579 -1.27826844622019 1.92708974090941 2.13838192643153 -0.401501685261024 -0.291359404372961 -0.180014703984274 -0.418408489554818 1.38376554395493 1.0818753337384 1.48727806475568 -0.566236645142924 1.64329692892821 1.28682557522156 1.8056040083119 0.556889327080648 -1.2840161050685 -0.0544816984214451
"12" -2.23445754159886 1.28335077718199 -2.28515032958382 0.829246933988392 1.79995790982489 2.58741056165181 -2.10338941288743 -1.77240657248398 -0.278557484365606 -1.7525086817094 2.55416804257773 1.3679136713991 -0.620599171317384 -1.76078172706575 -2.34728893168921 2.2667003530342 -0.456789080734681 1.09280561064515 0.887145366243989 -1.50365814353543 2.31179464973125 -0.193014339218986 -2.07694228196533 0.911631782635099 -0.319081802013536 0.438400084476692 1.21953498648431 2.04642426513774 -3.59289167130937 -1.76588245715676 0.0622042727796156 -1.92209414243617 -0.0988539579277195 -1.75599378459624 1.32096229678133 -0.695546427943359 -0.852505143087282 -0.539008970537575 -1.09488439168577 0.395043875556847 1.18579882900764 2.65850804263727 -0.934132744962192 -1.18663213480423 0.645899151746395 -0.190823984658876 0.0359578646851827 -0.48321771749194 -0.325712427396549 -1.25738623162481
"13" -1.33009404111149 -0.726225593872372 -0.949044767061451 0.59816948553047 1.05958912068996 -0.427668203891967 1.73510361184912 -1.38659481087128 -2.47836572374244 1.65296854193559 -1.0983051419769 -0.907524956611655 -1.92991569290977 -0.399844630489109 -0.832853110973577 -0.883791787608028 -0.716523918249783 0.872544485981994 -1.0186621745083 1.75984995751739 -0.552731076976927 -1.38418626857395 0.684707570760165 -0.319274309220687 -0.0764832004840582 0.345917390431863 0.522763219884324 0.270836724272968 0.420605198245967 3.01462197452366 0.27160476705832 1.02024182090274 -0.808415423491247 0.320348466105474 1.33630755314572 0.824006975549174 -0.851550782270754 0.196546557046902 1.2205478928582 2.10366323588833 0.345116344366867 0.961976953683983 -1.11955074115874 -1.61877075819922 1.58015072166475 2.15501698611011 1.06194595730978 2.38840954480311 3.65146573071194 -1.03871270952252
"14" 0.077161981518226 -1.11861641074051 -1.61250075835973 0.845972031158975 0.100670199573831 0.319648037467343 -2.35905259850502 -2.86635865273326 0.828861501476573 -0.113639351467117 -0.366984229492495 -1.19862807499727 -1.34710713485604 -0.421674351345493 0.986313098843243 0.926033512686482 -0.976647492681896 -0.473555985631943 -1.02129653002872 0.866311681824339 -0.641953784393365 0.25149358770114 0.00503141072733269 0.358231717124934 -0.431222761224183 -0.0663191289652049 0.311856174381856 1.04682166178547 -1.96630580400781 -1.48054594266368 -0.0871795916164623 -1.57661926690633 0.0122469596686196 -0.852930203186777 -2.04075373852605 -1.20777693040657 -0.108826241061417 -0.146255911700488 0.978621183566548 1.78163538611214 -2.0441111169257 0.491034263046325 -0.677026519100394 -3.06422907172085 3.10133126499894 0.14111368317313 -0.575393949995492 -0.00398401048937098 0.013488235732733 -0.294688944090595
"15" -0.135406461307708 -0.227830730723134 -1.10831583476878 1.31631418651226 -1.88540634781358 0.597007828032969 -0.0133380943992719 -0.512758886602792 -1.96236975862342 0.0437945042346355 -2.18645487463441 0.50007146978965 2.87857341571732 2.00492219344853 -2.95126694609294 2.64579214892404 -1.42023506671433 0.386646137808279 -0.83077677924172 0.46826300436452 -0.269583890386938 2.95486758289303 -2.37102714080328 0.148448665639755 0.0340251270568457 0.588313504321136 -0.0973121129369683 -1.08073439262032 -0.15012472371221 -2.24026407008457 -0.762936357377284 0.499723519841111 1.16524155018785 1.39573369985944 -1.98575505123942 -1.42939201507745 -0.353503511844406 -0.643770890051211 -2.84694024477757 -1.29593079896095 -0.48668034975338 -1.14899944831418 0.937686318478284 0.352660674056024 0.2027607675132 -2.78452568967736 -3.03004960137284 -2.08096703592888 -2.44507215025232 1.6681747523791
"16" 0.934895444880292 -1.21183064953299 1.19088852755848 -1.28562544678786 -0.690872054306955 -1.08487568382397 0.0655082272026426 0.462044947798108 0.724776013744201 -0.478610183226744 0.24830714378682 0.956887308248647 0.897034969979889 -0.591088391393722 0.194549481557801 -1.07611912180311 1.74025760547593 -1.05481849994726 -1.19183541336393 -0.802660785432836 1.06512572542959 1.15952867131596 -1.26463605024324 -1.11111098950539 1.01890786558611 0.263175407383039 1.58076631521482 -0.560236761609877 0.276905536719385 0.465526213630067 1.51611799356033 -0.386103619424663 0.450183610544071 -0.997010256835188 1.50789517310627 -1.25551304027626 -1.8839694782435 1.0647519512054 0.495517572185591 0.709201000665618 -0.629266901986455 0.849026309807639 -2.19232185744975 -2.51063647387916 2.03144894654891 0.0791609761716546 -1.97815829933011 -0.898925466851453 -0.0875659397169246 -0.582053860828984
"17" -0.890572937833322 0.899805526688134 1.64917570179745 -1.52411527527887 0.560888572333925 -1.93676013556331 2.87854663117851 -0.26519528150172 0.988395383550069 -2.16365285835598 2.5589856773519 0.525992840286746 0.624919713809123 0.809105197960382 2.31380175036079 -0.163356268176594 -1.72645090523364 1.43090539734826 2.30996984949548 -1.38960189644425 -0.471733495788026 -0.610868468029018 2.72269585465178 -2.27785126181929 0.355361727236473 1.73159835212686 3.00407120200842 -1.7886046240037 -0.576874052662198 -2.00845566934649 -1.00294152812096 0.246371094289228 0.640676088756492 1.36062352343034 0.428369941124494 0.812489453080334 1.82221081856166 1.56328287918964 -0.92045558907797 -0.276078180222301 0.549994313949156 2.40842352632915 -1.10742400452067 1.1843335992126 -0.101764829158089 0.271346616625269 -1.23115614926124 0.492431683490366 0.799698722397561 0.890783406599163
"18" -2.04814748478295 2.06545257392251 -0.00433701292803968 0.909549482453778 0.44576608361295 -0.433693387386442 0.782991893769394 2.21617859573898 3.32197826208596 -2.46623409606774 0.150672498484911 0.134210915911463 0.401809767073281 0.676914172511562 -0.841317414802402 -1.64022629062344 1.3327146430805 1.43988295921043 2.86859344293716 -1.95611036140651 2.37321240180503 0.946588206245687 -1.29548340019992 -1.00154725678694 -0.10915335237119 1.28096742739876 0.399679636201353 0.187287229915249 0.90505197628953 -0.0542436435925718 -0.26288466591267 -1.33682607415778 -1.47647830807927 0.435979636932088 2.22020862053947 0.923531240147457 0.905114197614796 0.859505320498332 -2.12304144112008 -1.54556770942459 0.0528050874152745 1.06561946859994 -0.342894661195382 3.19929017227555 -2.26379840369067 -0.547808521453519 2.28993353031361 2.38167581215286 0.840487272738077 -1.70218304462283
"19" -0.123830666190816 -0.678362658528075 -0.837779972950781 -0.889984002283716 -0.694484864202358 -1.03344255191305 -2.14206363287736 -2.9967559552624 -0.957695506058122 -0.53508776444754 1.68223209019871 -0.0392247394929419 -2.59770003557961 -1.2907289113955 -2.83161214193317 1.72898982375511 2.65056116612545 -2.80377315351785 -0.853607759055104 1.11522218098524 2.34872791633822 -2.26989704682189 -0.443865083948594 -0.765936986728486 -0.0203567232478303 0.254595440014247 0.841425360732776 -1.17082880170612 -0.825377588632689 -1.28389869299498 -0.153764945530544 -0.580522159879673 2.59408865715207 -3.72443975054414 -0.75619606825743 0.0213595867279003 3.57544788804777 0.883764392127741 -1.49548968038912 0.0794074536919054 -2.31156282053033 -2.20793877968476 0.179746733648144 -2.35565484148654 4.057088578159 2.4501530848163 -0.35444123834707 -0.70367761294668 0.772740388091201 1.20149350558363
"20" -1.84146552164641 0.444699671788915 0.731225316503117 -0.135222439815252 -0.428585405038804 0.217140714663875 1.43826780429877 2.51116331981653 1.39155107546255 -0.988097553692943 0.27433012294497 -0.147245026939589 -1.03410723136011 -1.21348363732123 0.975734441230241 -1.10029056521555 -1.49393661974505 2.42949409534074 -0.000577777081821143 3.07639145562984 0.775646852500062 -1.11895181556913 2.06622988309429 -3.38137136455881 0.966280698417915 1.09007975284085 0.241638602891694 -0.450874389348348 0.470376497405579 -0.283056625351268 -1.23659337287907 0.433128218848787 0.49741041237222 -0.25646116695247 -0.843133009011055 -0.0682199782030045 2.24484956337869 0.463819567945485 -0.385361974550213 0.102311355639843 -1.35618823992162 -1.0729413222938 1.59331804974163 1.67332824558744 0.715578546588544 2.43416313546373 1.14549528786607 -0.015130605755754 0.627274097740953 -1.14327912221594
"21" 0.21987758478979 0.766485733585765 2.0703343024499 -3.09318848024564 0.532874994886747 -1.17746529815505 0.47802248004859 -0.523066618639664 -0.948811731544682 -0.257930333386093 1.38173581909716 0.327320191351453 -1.94580292824378 -1.21184579989166 1.0230021403147 -1.5418681581083 2.00511343381365 -1.7103486135418 1.9448988406684 -2.76196198815076 0.66848078900884 1.46897894342419 -0.136892117732497 -1.79961643030928 0.536290445492361 0.613463516317327 -0.187104078433494 0.350559608295265 -0.187892531567191 -1.74472493452464 -2.56092900924311 1.46308644113838 -1.23594982677982 0.223869351590319 0.567102791707147 -0.694354486119852 -1.64766757611155 -1.67712565528553 -1.724262415597 0.559751146274208 -2.87368226007071 -1.00700298897906 -0.220071333887955 -1.089045463843 1.29189889801563 -0.500522308358859 -1.82826272096734 -2.07645476254004 -1.84229502449416 -0.117266395004994
"22" -2.46206431760912 1.07668261803937 0.329841539352521 -0.380374925914331 1.82352428180334 1.58147432291608 -1.71877140597256 -1.32445952504711 1.33327888968099 0.46166931975027 -2.13955497527803 -1.31479436801969 -1.82989335215418 0.146775156519252 0.822553620760831 0.109434804150301 0.660741035012656 -1.23601698108904 -0.555935738122787 -0.615204738722428 -0.0887343008144992 1.14173377579064 -1.47951199803838 0.11802837639298 1.32899317370808 0.0110707776570174 2.09549963081957 -2.71036335040551 1.21232636099806 -0.662888465171799 1.19706887086487 0.0460071249640253 1.03302371250581 -1.4493161634329 1.71084805907449 1.63390532965986 1.56756032501093 -2.19244175989822 0.308441967367783 1.89225253395506 -0.451017030202817 -1.75671056811141 3.25411405377462 0.087031759424594 1.9578307547866 1.30980778340956 0.369258968474545 -0.218361813981102 -0.900247588364817 -0.378247086450673
"23" 2.6016237373567 -0.649267828901323 -0.620489857835644 -0.648040479866003 2.67173186034601 2.3836230607119 -0.163624136783895 1.8881470009315 4.41635276288556 -4.22615401163314 0.886101531737628 -1.49079884255134 1.33570704532025 2.02046917603637 -0.0339474610486331 -1.52162377332346 1.90921222834321 -1.80267577247203 -1.44593775940839 -1.32206135015639 1.85119699658412 0.0406182712246989 -1.65374627906279 0.636192007205768 0.71034874259894 -2.23201985476004 0.869508689262707 -1.44488435093759 -1.26004558898256 -0.0682381912113916 3.26869466319602 -2.49377541070933 -2.86344385329949 1.63878799177874 0.0782058599165411 0.175392140700669 1.81576053526099 0.434704071539972 -0.068931491466991 1.21381514481577 -1.01324696313028 -0.918072627643018 -0.0925454926037444 -0.0286846824392413 -1.38427451669823 0.0366405551745457 1.02637869260264 1.13603435757492 1.79858588983303 -0.527333914913993
"24" 0.911960856867067 1.46795049520529 0.710690971865834 0.0163644036665963 -1.31907066918317 0.0948149303982992 0.207574748617296 2.35898911605443 1.83414860631601 -1.68218563296577 0.781950019549911 -2.15362703826665 -0.81498208231228 -1.05526586253918 0.239694696895077 0.819113801561005 -0.68472207460568 -1.31260834358208 0.161214768322621 -0.618168274534635 -1.47211434465898 0.158919688026742 -0.188251096149791 -0.569810465807038 -0.117559831985936 -0.81411182563629 -2.44368835444807 -0.446148176803464 0.56565132954979 1.04098929550871 3.52702932944448 0.826579433320163 2.91938271464244 0.193165091336937 0.963171130717453 1.01749476112755 1.35763419187533 3.09342267460862 2.67851318386714 -0.864149906038298 -1.06563186733721 -2.94735587433755 1.61949565482798 1.43163282644926 -1.28704570605916 -1.19440476081323 -0.302180027730549 0.328585243915423 1.19723137183392 0.138775108649059
"25" -0.978436148645112 1.81216975848895 2.32437893021647 -0.573667743750952 -1.90839143265436 -1.33196109459777 -0.0561982209447723 -2.23171174678656 0.0149953912446925 -2.07655959324015 0.0657118124868167 -1.85984097311058 -2.91943490520882 -2.10199909043729 0.78289352251786 -1.06572379129347 -0.552078674206728 1.42457588055538 1.20896576374884 0.158485968473615 -0.432124793213156 0.372982653097877 -2.6486147899712 2.07981751523084 -0.12197280271637 0.649306352121688 -0.158400084617072 0.594540675441082 0.0824552426712525 0.211486164095599 0.466742657168595 -0.87466948972804 1.26589577852011 0.105244053676384 -2.47052639163537 -1.90066071499393 -1.64330433211822 1.20889467333463 1.90900581673137 2.85749516888377 -0.910915860747085 -2.54675326463062 2.9490434542196 -0.235476543855091 -1.21671759996194 -1.25605308185863 -1.56880435006661 0.655559983448956 0.869364276636137 -0.892600479674799
"26" 1.95158128780758 -1.23447514058758 -0.422719744053606 1.23170007337156 -0.423457724761923 0.231045250129852 -1.01275524213762 -1.78142098165571 -1.8171597103066 3.13564788108811 -2.86372677522663 -0.242375685195573 -0.707196799826238 -0.536151383829946 0.908552726394632 0.302378817947873 -0.184891892639056 -2.15023880652596 -1.26262292320153 1.34186305950053 -1.45537414982686 -0.501808372836716 2.04985311041306 -1.85753745677336 -0.0211350399867613 0.762255253784998 -0.710117561923697 1.25426265217243 -0.0728231313812259 -0.355446669430684 -1.83150383809014 2.15634573604537 1.20346080157324 1.81291361295637 -2.86644274913416 -1.34560461364511 -1.58994902896829 -2.0761740045223 -0.00220581228756613 0.815260456017211 -1.96877223257513 -1.13648209033522 0.0962523272907825 -1.81523590815812 1.66306170018063 0.912347425657383 -0.0347920187107138 -1.26662985835404 -0.897160634164291 -0.96053448408946
"27" 0.359444080212916 -1.1454313912058 0.488305263486219 -1.56591408697214 -1.30240145389979 -0.658473382695455 -0.0717819105222309 -2.94131908770149 -1.1789327268676 -1.23207409347633 2.1952683082022 0.943537719865065 -1.66781996673119 -0.195000280824386 -0.916884334419102 0.496486755312884 -0.768321038606682 -0.423519582694149 -0.968577426245551 -0.732529099401375 0.119865709973892 -1.21896665506108 2.326435828477 -1.14613337229936 0.857623738086326 1.4584820368878 0.377685891371148 0.896597029436104 -1.56435144222015 -1.85233094352993 0.437205691017878 -1.29738464893032 -0.940571060728986 0.952451888284172 -1.49044638513234 -2.18944666415668 -2.30925434803087 0.211178435662879 0.159002230552546 -1.29966537276968 0.203361177192809 -2.81180233466866 2.79053775379158 1.30914572387732 0.1209215295556 0.591481895798155 0.847428169830265 0.905600949465258 -2.30606346776115 2.67258888560516
"28" 1.82874696773595 -2.10137927186943 -0.654115284952958 -0.95099576767032 -0.190046338058939 -0.266970259464161 0.225619866956949 -0.489057659014032 -1.13193326861762 1.116808025954 -1.6521082408313 -2.61555304107044 -1.46354183965502 0.0627582416948153 -0.0919967014103479 -2.61750335695339 1.96583201103196 -0.881895711935476 -2.46040344125692 0.11581505415911 1.11639607650954 0.0701595776678811 -0.774279023710661 1.77081106990576 -0.140230003889209 -1.64845959867371 -1.2093884291667 0.237336005887131 0.665472231097302 -1.49125301201641 -2.15459765134499 -0.858144752991085 -1.53319863031026 -0.0578742860975544 0.824734964249606 -0.371091501222382 0.418120326333941 -0.835309963152666 -2.10577628703501 -0.410717675653266 0.911367640755847 1.18679150368248 0.509607112238143 1.99052829986152 -0.992474642220615 1.03989890942352 -1.52553835629525 -1.43005432367313 1.16160445987481 -0.731349134717194
"29" 0.534970221472622 -0.198467861554124 -1.4709259496876 2.42381730269413 -0.280522370164869 0.841287121713703 -1.50598526248152 0.316802450203387 0.40139014701405 -0.398037875011969 0.496232771137122 -1.09413038076662 -0.375251241617046 -1.17802906314643 0.101377823167666 0.900076448403664 -1.51226519126054 2.23411802554415 1.02229800868216 0.90458935151818 0.134231054091018 0.297331078189602 -0.887427774312433 0.860951698917044 -0.618373708162372 -0.780152285074826 -1.1367672835461 -0.942662199485477 2.55489720275823 0.591043632058222 1.09476137499706 -1.85195871016212 -2.29981636414519 2.04215224338157 0.974585219387665 2.22250828450594 1.20768499210991 -1.15321450404517 -0.157532642497125 1.2297782761927 -1.56496907892405 -3.57515558895306 2.94819155466225 1.09709353766719 0.0421219115505632 0.298793802792301 0.99361599955819 0.465305640730514 -0.468357361670714 -0.328397587347665
"30" -0.163418458071799 -0.2549085043648 -0.566399253071831 -1.37087312344859 0.305537314272744 0.789434079011786 -1.58766277960049 1.11377685958606 0.843475736676636 -1.47878995169438 0.669295438130546 0.207606026480226 -0.643489940467986 -0.979945519127898 -0.294123176096056 0.32699224797095 -0.423601311447325 1.38655567778173 -0.681015486835623 0.585574072465122 0.615172153725224 0.325651270603072 -1.00960567743472 0.57474577976331 1.09549273804628 -0.936803701726652 0.887735785258877 -0.693212006514867 -1.53281997448449 -1.08616463516141 -1.53292349119907 1.0990512740109 0.945557144102261 0.505860839664235 -1.01310895405166 -0.357365658854916 0.95968693255895 0.877448072668901 -1.00921715640148 -0.251518161634288 -0.304221787830483 0.100978278364656 0.311932647597952 0.0756991041822735 -1.40313750012712 -0.0845610657423346 1.19328660976401 1.07433657384657 1.29026765938079 -1.29108705684302
"31" -0.268680924682913 1.69917667545039 2.43481739498014 -0.47779773718883 1.39065320475443 1.71841380564191 -0.814794759024136 -1.34350223475803 -0.0874888235211969 1.00922485796341 -1.04747392485242 0.835169892642713 0.816754774359632 -3.04094326733038 2.99927802301473 0.599283412098405 -0.57627186690202 -0.455686611907621 -0.433797047999913 0.221299820254287 -1.57456861641123 1.58580352831561 -0.809858536832077 0.0198809135748267 -0.547404545102728 0.879501641172858 0.0525381628628827 0.72747120647441 -1.67355520381946 0.529938355220265 -0.356779701080322 2.1349035384447 0.966925902711433 -0.769967741598758 0.632748474136513 -0.433479997100956 0.451406416012278 -1.09642222289578 -1.58895915330596 0.429252814603803 -1.14457165641852 -2.32124433477755 3.30852508586174 1.45804788767349 1.17348086910369 2.74652889455169 1.41552475116331 -0.703770933707143 -0.610776813197393 0.865985897508172
"32" 0.280193996752454 -1.02288843105964 -1.60851292205236 0.169442783890375 0.77952472597957 -0.262301766280515 -1.82030525609982 -3.67296640052555 0.121439175819833 -0.95785912940049 -0.0108851371575677 0.766965217054499 0.0126771888238038 -0.844610897189233 1.46665494699652 -2.44156544718389 1.18536058121302 0.69533448688385 2.24143161481626 -0.596364452560335 -2.15420267451445 0.603392622081651 2.54541843811624 -0.793668481761992 -0.189058358370486 -0.609726508846002 2.1114908800671 -3.63685512615953 3.98499023194074 -0.403819442127771 -2.83869411486408 -0.326201819567562 0.825041670742017 -1.94753841491046 -1.13752148526234 -1.84129448079433 -2.15106359170923 -0.277833599007019 0.793756751133493 -0.0380855109150706 -1.27769622111798 -2.93282323212343 0.01692700587421 -1.20589139422177 -0.0650661323682953 -0.311939640827421 0.219062332192821 -0.244876738237348 1.4098735196508 0.199663962047374
"33" -1.94351139174597 -0.559737869611933 -0.271518017026294 -0.563020804341879 -0.369031314837384 -0.264157294839659 -0.788425114162877 -0.484037328973016 0.544299154132635 -0.862526124333407 -1.97674936211664 -2.13911667012702 1.07039541423943 0.286113032270672 -0.943387728511068 0.84707406453686 -0.304780047772832 0.11732486209458 -1.97388133193995 0.519434734797783 -0.481077162380734 2.02738809112021 0.51187719804054 -0.642871008431486 0.043744175502917 -1.54325542025666 -1.09062357448338 0.907589343395373 -2.88781749428824 -3.53521145454439 -2.93901635334762 1.71640873799323 -1.14203584145173 2.41767140712718 -2.6775511138701 -1.88481896183768 -2.49895435595276 -3.02819039844593 -0.667927215917273 1.01656341720621 0.339557419047173 -0.998338180508399 2.13487496100391 1.20734557647902 0.410400607327462 0.93738874206655 -1.70350969722253 -0.680004951717694 2.23274537989015 -0.0788944182864336
"34" 2.93913352139623 -3.77890761763899 -0.0474148517449875 -1.43009327834109 1.28866424146299 0.646612433113885 1.54645502356022 2.19483438171667 0.24683517682137 -0.612762318133963 0.95042302832046 0.216759156954376 -1.77238712405052 -1.48836788349109 1.0483358403716 -0.776252567016379 -0.143556786049287 -0.499920826137664 0.261478679772979 -1.24960130893582 3.46457445593695 -1.80487327630675 -1.39802454146589 -0.434031192633004 2.30549017164887 -2.18147118029759 0.227287303895093 1.05649373295589 -2.96781196849661 -1.20570913056781 -1.40811383487511 3.57383379301086 3.03179036273177 -0.380307315797413 -1.84727621339539 1.3376953967478 2.82871173523977 1.31332952508125 0.958172614384049 -0.126026472816214 0.483571445350143 0.470131913768742 0.811731871902903 1.07197787884814 2.07692271762287 1.62545087094925 0.455660839719722 -0.222901258052795 -0.131398753217557 2.08462189344271
"35" 0.430760656970947 0.90034563761469 1.27244029127685 -2.21877710868273 3.28634662804776 1.63753311998205 0.78780704023752 1.63467562487489 -0.738305743281458 0.812686465674182 -1.46550213357208 -0.61308981901982 1.45469961629997 0.956960390817591 0.54499511615556 -0.199682320090233 0.947470610587676 -3.30745502876876 -0.84935125231118 -1.50467137456434 -0.0523400283134722 -0.133412358611418 0.35541241801376 -0.564416849407049 0.190702459917274 0.864952524442322 -0.340271617975523 0.429471564685729 0.720655504118472 1.38517975468802 0.338321147631802 0.279799024178795 0.088443539220341 1.44967301982567 -1.27344719160321 0.33940820436906 -1.02816474215206 -2.37804648719033 0.088739021459239 -0.611356885741805 -0.234236513606343 -1.3055318607196 -1.00283717083054 -0.0176858830500072 0.645071392406804 1.18871948131336 -0.21365181881357 0.498389128784014 -0.570533855955658 0.923987868835685
"36" 1.80467427061533 0.5724352745812 0.772111413815451 -0.754169858467112 0.940702837290932 0.0260242989390792 0.239301674603201 -0.608859290027316 -2.70075812941147 2.93164165475422 -3.03383139477227 -5.05354595584359 -3.64947923901582 0.659302875466318 -0.440185275139021 -0.072662970401704 -2.25044346151795 2.98282835578806 2.35793300405665 -1.20657676639484 1.40605982698322 -1.72649712007953 0.400178162662776 -0.517771305466495 0.294792097446658 -0.770832486665924 0.664650568560597 -1.17839641699039 -0.970611925202553 -0.458404241609822 0.578921203614939 0.0186739113666735 0.115992904963496 0.921155646178962 8.62118847288359e-05 0.657828976902517 0.596060204798053 -0.835638048295682 -1.08939499247052 -1.72187332198179 2.03801434983602 -0.0243898484299723 0.0410753278027499 1.33762001931532 -2.97806599118287 -0.700479558283131 0.081871670619327 -0.166700337728871 -1.94470843682305 0.59551043535173
"37" 0.0640171910917302 -0.351056731778901 2.51614813232343 -1.97443975596285 -0.706275279650123 -0.556930428720807 -0.307075050865749 -0.579286295020172 -0.702921923153549 -1.61786090358205 2.80090145495449 0.3702152659814 -0.84126240584884 -2.5115151757058 2.45244033974368 -0.579514679192643 -1.83912810398683 2.27151055831962 -0.632680686349618 1.33398636674966 -2.5903501357039 2.45096254208247 0.583910558506009 -1.93418660641054 1.02820272632664 -0.763903661551587 -0.671767127232866 0.601143935304542 -0.0203145831669339 0.63515351112863 0.0771110194673894 -1.83089560910432 -3.46216751918069 0.571878947069944 -0.514649427649735 -1.22699694127401 -2.7477642787028 -3.45304561650297 -0.0634586892712953 0.181362346039702 1.42129579938943 3.14406744227457 -2.68439467959673 0.429857740257143 1.38822100322968 -0.370390952889082 -1.61668195689322 1.85046577415974 2.64709704027699 -0.450169777648897
"38" 1.51197447248764 -1.79389684154232 -0.537578785505584 0.416876964279983 -1.96743537354107 -1.6664693909936 -0.408374857472932 0.00567129804310102 -0.018529056851108 1.90309388650765 -0.943803000313072 2.41095932305111 2.60247200363972 1.7392961012395 -3.12819726246297 2.23697949209882 -1.54215096711086 1.55432934618453 0.058053253702541 2.50894136007931 -2.73426750953691 2.52029057015591 0.321128235643379 -2.46432039602934 0.806976220147836 -0.346741657493396 0.959857917038771 -3.1291599974214 1.52203392436998 0.54371651018237 1.60988474878381 -0.991573071949679 -0.0778038288176508 -0.0749624305504748 0.366302773414571 0.84646203473237 -1.70113722435772 -2.90881902924913 0.0384612166056598 -0.0389135232850858 0.261067286549249 0.187427853740484 -0.713763185271819 -0.746157877535464 0.115148289092243 -1.43495884921666 -0.669050833807378 -0.255849195589813 0.546979520904001 -0.29980068952398
"39" -3.50733933666445 2.48878767681493 2.57713193636528 0.946522347222198 -1.49125428563847 -1.79824054553012 2.18775775702056 -1.61247531204146 -0.353319351466538 -1.59525783321496 0.718696488622835 0.933467318829694 1.99884142503817 0.507660666694402 0.274716882800731 1.34117164538376 0.481794259518307 -1.93022890609286 0.0315696306666923 -0.876310299805346 -1.28983884451534 2.32034549454994 0.697980129143058 -2.24529751673083 0.754471070982963 3.77057854787283 1.82924326807379 1.44612579399263 -0.882686458820901 -0.371920610128018 1.02919133753814 -1.27650423727169 0.305504733119146 1.95833513261829 -1.94750607454961 -2.81656959148142 -0.959227416663308 -2.40562568734216 0.384126495785455 1.4748439371527 -0.136056153191309 -1.4607785031484 2.78704410787366 2.74445569349828 -1.50370989032645 -0.399562337541908 1.00748311705495 1.24180396195047 0.0552682953086237 0.796978178045848
"40" -0.393495739113391 -1.76475644562569 1.27329283529999 -2.09617778554481 -2.135583678091 -1.73451737342631 -0.455395587893905 1.11446508934321 1.22922902015097 0.928752822077689 -0.912778436277834 0.298668001121056 -0.213980350894898 -0.876741480991841 1.24523565978956 -1.08207193758406 0.757653010016888 0.0182696328808036 -0.326900131001729 0.854910338463216 -0.320811380045899 1.90964792784943 -3.21430478672465 2.60484846495714 -0.835057993928176 -0.426918712157986 1.49440192733388 -1.47285696459216 -0.703475953321915 -0.644686240740763 0.227339186644009 1.40133487050726 0.524340555252805 1.52016578332579 -1.48620179996847 1.12973482060975 -0.275755858909057 -0.126946416226085 1.72188060227583 -1.14126721217579 1.24346188337211 1.74210832001513 -1.37181341926084 -0.62032264968974 2.47935027379165 1.28210817788677 -1.10779479721349 2.21518336658917 2.74477351846555 0.306290977021326
"41" 0.896018523754707 -0.833607331769922 -1.54396795047465 2.84621071865101 0.991085659093111 0.597227014845854 3.71087676999341 2.34665629296547 1.50825197132382 -1.04253032980685 1.00192419762911 0.186080168317564 -0.192911429010691 -0.0816895749470883 0.445092869841825 -0.134149037535371 -0.116371652121747 0.0784178698837627 0.346183807069785 -2.02639414454825 0.676250567963326 0.344897263408681 1.77294168303974 -0.827383010904056 -0.377906689074045 0.779057915299479 -0.257614825973079 2.1619972097227 -4.64784519901859 -2.33589550030002 -0.765754072064626 0.113879232881194 -0.85805759965596 0.0805126893637061 -1.3742000166574 -2.76224864317086 -1.59628629719331 -0.858675252390925 -1.99059991279806 -0.238189524971122 0.203291872561419 0.809513089112623 0.472496967158891 0.508137031649735 0.677261219055353 2.55981219938717 1.60429671663369 1.12245275577526 1.3449185555022 -0.274770447707059
"42" -1.16524123665257 0.275847984090883 0.0422301599102431 -0.753153002838812 -0.404851191489533 -1.02774540081805 -0.0797303457340746 -1.61441224019507 -1.96071214875559 -1.34603277506275 1.90820244574428 2.7309100902495 2.14431405799024 -0.0457906158388113 0.945749421423303 -0.070425402730402 0.160771605433224 -1.81809016671066 -1.05409575987399 -0.085753007774282 0.780133335057651 -1.8510489699535 0.0517730639310893 1.68457011603398 -2.41481192658497 -0.246628369741988 -2.36091598551371 2.93886852366354 -0.706791436838424 3.10276240728891 3.3001123617304 -1.72220586390209 -0.584913686467186 0.934577043956305 -0.896283353106873 -0.628300271384922 -1.0544910242545 0.099481985474347 0.170165354389222 -0.553122292531273 0.290210670150855 0.373515243577476 -1.18285550478746 -1.36195972075934 -0.331712264985311 0.195922049290219 0.805359809425394 1.50840280767472 -0.642940418195497 2.79286866393834
"43" 0.295543193878699 0.479411658200746 -1.26482829504477 -0.366677795769881 2.84441172095808 1.82969948955101 -2.7699890477323 -2.15455325165672 -0.723220865641509 -0.123896159765188 -1.77092948907988 -2.88286771148338 -0.632833993699684 -1.86868733540017 2.17199053984372 0.646465767531814 0.244737636390865 -0.752990062822973 1.41891640107251 -2.5428099551624 2.73868025117658 -1.72351437414028 1.50293329720531 0.836431615642125 -1.18105539975682 -0.612233826911844 -1.18162961446264 0.229380989258086 -0.987791040303289 -1.500540671849 -1.02975375148523 -0.894899163333565 -3.20726377151411 2.77584974240363 0.162285457976859 1.19281777149665 -1.65319299010509 -3.79214774053488 -0.535034971595172 1.79027676509194 0.133785906927521 0.446523440476388 0.444519379085396 -0.0310777190462722 -0.601026953855575 -1.74904429733996 -1.21939425775364 -0.128586788125726 0.346816771144948 0.576705826717756
"44" -1.12902307133978 -0.175565701575297 -0.26739604344468 1.10130793599061 -1.52840445105957 -0.987656698388029 -0.846448627334181 1.22538287752387 -0.909951056935773 0.727013484412411 0.226533607218738 -2.46073214699784 -1.20350868482103 0.755306400801984 -1.28914979002496 -1.21309506910979 -0.812407803474212 1.44507442893518 -0.413127244651286 1.17897667086329 0.32059526263858 0.737071905981183 -0.0202355360805864 -2.475968522777 2.99388558112369 -0.873150221610379 1.56343850371996 0.290965775850957 -2.44226098955207 -0.0809202800524183 1.72496640906375 -2.24793519223353 -2.27852709126946 1.64765165398854 -1.39976699660977 1.10932622205506 -1.02152931200079 -0.636433315632907 0.583041322296683 -1.26045949368532 -0.231168777572336 -1.50182346218106 0.689997421274365 3.58211659209617 -1.96637571707934 1.26250883091868 1.23364604915515 1.74990660068487 1.78156087388462 0.450057685768952
"45" -1.17312308660609 0.469264505352101 0.95173232006588 1.74558569865935 -2.59951177155155 0.078143857635385 -3.7199697261005 -3.09969747883452 0.27585698062801 -1.772204236985 1.0371024087734 0.688601363298222 0.467888348321384 -1.38328039563703 1.600601896259 0.0424597593948941 -3.43325682489257 2.02230056615274 0.803678504840726 -0.219882245042715 -1.10796298845573 1.04996633125964 0.0549873624265077 0.977574196263162 -2.47211714647653 -0.312617318593235 -1.43381167812519 -2.77821193494537 1.30783581486563 0.85034329640976 -0.201134316223754 0.00309156347064076 -1.51070026059754 -0.0885429922521255 0.315919030901189 -2.36007458751404 -0.505361282767884 0.841990841070017 1.35979863246531 0.2516633853738 2.12809160072268 0.683037110253697 0.709038656270692 0.199578029172248 -0.681938107205532 -1.89148563938356 -0.674481406908876 2.74663131213289 2.2671455932196 -2.43223316721809
"46" -0.558540117931382 -0.328689169719347 -1.10468287288597 0.664044603797614 0.217969526833295 -0.71071834785762 0.847303420443608 -1.67691865909139 -1.18380286267487 -0.420130425030865 0.175053968264566 -0.537440490992922 -1.05742590172414 1.69420364745373 -1.74358281890478 1.09227893234911 -1.38423861560193 0.964642811562008 -0.519185272066063 1.68131032756733 -0.659172727700367 -0.0274595834260097 -0.784128691292265 1.63224704100704 0.646583479041709 -1.34371170246078 -0.201948015155769 -0.55442059484763 1.54519653138048 -1.00113092529156 1.02199669063223 -0.946581271854208 2.58530272482504 -1.57343108678461 -0.103533722901345 0.547661783751466 -1.52390756738421 -1.74121554105281 -0.96950153712976 0.867192447425105 -0.209276872850875 2.80718343757075 -1.23258918452974 1.90329679743837 -1.50588892302578 1.94108932410419 2.24746333120879 -0.819979092757958 -1.93771022749216 -0.503406906566499
"47" -0.86723663447295 -0.799652779822478 -1.88724002528442 0.732661058353109 -0.280759585365854 -0.960025863804642 1.00070896882952 -0.478083383291492 -1.09604779523519 1.81274044647821 0.130634684823084 1.20828427148864 -1.06535681559076 0.146735053674249 -2.35580193913493 2.47965398550214 0.580302806872815 0.621580122815745 3.25308954719494 0.317846866513502 -1.08326004383037 -2.16568097357613 1.98485950324295 -1.23508206138792 1.20942443194027 -0.678649292776765 -0.995277411836217 1.66982968314876 0.88137821925585 0.503708672890981 -0.766641191491383 0.252024205274728 0.345805080525435 1.19429802412507 -1.28613685854828 -1.59210720354229 0.062774091239664 -1.26031613031877 -1.89010214058452 -0.232259533392165 -0.099448735957096 1.89636851643368 -1.8256601079452 -1.46919772208176 0.198594096548458 -1.47828752145294 1.03313041390989 2.32240847866303 0.23342336097909 -1.41855742092143
"48" -0.15468486960276 -1.41593039014242 -0.209639560846305 -0.00499742096719389 -0.0759499821111839 1.77880382528656 -1.63020484720208 -0.980723267306276 -0.915465645893087 -0.330729509147266 1.77365170557077 1.18018957365841 1.24057817038945 2.21294339975031 0.402367090388265 -1.74987227525415 0.0204335628950829 -0.42376457661283 -0.536487409857297 -1.9847306965435 2.3044585422339 0.00879170978843504 0.555112562787109 0.10055612735981 -0.779801505791575 0.612964096087258 1.45626605130474 0.254697242107952 0.892731798051998 1.52207100272945 2.69127752559848 -2.60818278223961 -1.46342443600718 0.616942698854637 0.0536491984812354 -0.227234998857106 1.34630203933248 0.93415433638803 0.118482882480482 -1.73848088676602 2.68894718943027 2.32679051554119 -1.51198652769405 -0.900081746847301 0.643003149655174 -0.834909905455534 -1.49766472590109 -2.23851192139158 -0.28471209047963 -0.246275965471302
"49" -1.46006238442744 -1.15730752049829 -2.36307289289875 2.32256533090271 -0.158617766374571 1.53617062943756 0.489654113234059 -0.249663789968031 -0.592054190800672 0.358894861697781 -2.03246126771303 -1.79905053206169 -3.28857783985501 -3.41223553051865 2.91302238019477 -3.15117033079188 3.20150024847426 -0.801393242391718 -1.75480979699209 1.62956651341899 1.83067932105886 -2.0734758485063 0.0941924410359485 -0.536957475050366 1.77079303574426 -1.14261581437686 0.00411350192327166 1.05198843947839 -1.44029976795165 -0.863618649006171 -0.881361159778828 -0.172794886078549 -1.84578333642178 0.91814863583078 -0.624098782142199 0.492087131271385 0.379556575004649 -0.657847528046195 0.931942350097098 2.72987549660669 -0.753858482896507 -2.80622111738363 3.84494351199395 0.993778096432604 -1.12261582862062 -0.496997083939218 0.741767856466452 0.456860381424301 -1.45883973844788 2.63776302567251
"50" 0.66612899481447 -0.131769245805139 0.0468441784770164 2.05185403992675 -1.97598389825369 0.966618906992976 -0.440602004343529 -0.038058439765259 -2.05302130955592 2.72385441969794 1.01121416443113 1.59017618603967 -0.143221784989611 -0.17431700709752 -1.04193297153887 3.22907959853912 -1.25322374965866 -1.92092337146611 -0.332791804083752 1.00484292868053 -1.24255213595836 -1.02031654044567 0.579598308821661 1.21944424427931 -0.834886244677298 -0.460859610920091 -0.585525142629661 -1.14206210605174 -0.912271050493898 -3.00347072559185 -1.65423825525425 -1.95392124951186 -3.48693385314878 1.88288384511234 0.455256564239083 0.158606746415087 -0.189684610621596 -1.02816805938341 1.67039483731071 2.12277673004878 -0.525778238847564 -0.227520172339562 0.522437250297361 1.72361871380487 -2.23308391032264 -0.899579326950693 -1.28631681597517 -1.3492775569373 -0.354557645012434 1.72553417466349
"51" -0.992907556015045 0.439390148110682 -0.936618514107121 2.32169068331533 -1.16382127642771 0.684393886383603 1.48081089933795 1.84438067560991 1.06879498418366 -2.81210617207031 1.26339760769735 -0.745830350988065 -0.724568760987023 -0.49038123188827 0.237590028536918 -0.568586347698446 1.13369307973132 -1.39334985243153 1.5135757772675 -0.103021115080308 -0.0142335251268721 -1.62260140743101 1.05339848785434 -1.13236616338498 0.986383018042833 -0.740247616920165 -0.935678595829546 -0.509452641141268 0.218230893507915 0.938174621159337 -0.187873881624219 0.94122068527581 -1.70928887058791 1.18669249445009 -0.521364893286512 -2.28222203034294 0.387657667469453 3.16414462285856 -0.078873787185186 -2.77054371878334 -0.732816167055699 -2.17826868748344 1.35821236019485 1.81511032261188 -2.90672069880948 -3.99824012994049 -2.37539098347782 -1.15442988620747 0.0435294593927638 1.3231256740943
"52" -1.88949266707472 0.26263893363512 -0.906757632486964 3.09105752724028 -0.911286993997863 0.200388571239355 2.26199865777283 1.16730435833771 -1.72432332864405 1.9849913260694 -1.11948399848273 0.115469818784579 -1.34722929768795 -1.79309163146985 -2.93127992589232 2.0530961469534 1.13150554458297 -0.286506141438192 2.83142514103941 -2.20912471608795 0.562568212220434 0.428899923099245 0.447017812735981 -1.03101501040404 0.866882563125872 -2.08773338216489 -1.76195689221362 -1.58732802475682 1.08805662619143 0.734356166476244 0.0871365530635434 1.10135266658498 1.68152497956995 0.273401656839299 -1.4491029521604 -2.00864807144281 0.173050505871794 1.40409120637201 -0.967867834262175 -2.12362895736542 -0.22049531708565 -1.54163958965094 0.514066338876198 -1.17732467800496 1.09215518928861 -0.10680080546344 -0.926792172715903 -1.77195857603716 -1.96896810470133 2.02648818721035
"53" -1.08796089885122 1.262187123064 0.793815372079016 1.65117012360997 -0.175439242691388 0.569037413838646 1.11053174184076 1.31821234489731 0.447181238322661 0.564223551536975 0.564626561842614 2.74889839757945 -0.434069734631457 -1.40579218365978 0.171027833042312 0.0683839805223773 -0.47284136335135 -0.126141919174794 -0.988828021360352 -0.0139615132737567 1.87983029953844 -1.51331488522777 -1.89231566980728 -0.129632445604327 1.02666760913122 0.710226503872961 0.367640287484789 0.316471283008034 -2.96780435221944 -2.40227096324936 -1.47560057802416 0.649810376067522 0.0936138407536548 -1.0201081398768 -0.28226385072636 -1.02650959639273 -0.69227844291544 -0.202715205193006 -0.970772101591265 -1.60078887220624 1.20388021529546 0.699728727197747 0.0493943213729892 -0.509131899760147 -0.660529473748518 -0.833693046012775 1.5576866151423 1.60650668742671 1.11360060376303 -0.84785518272309
"54" -2.4316020857043 -0.558650496376786 -0.642778023135357 -0.390897577765552 1.02482580859327 2.22360631938947 -2.48789421292231 0.132472465429937 2.09911888371028 -2.25897118771221 -1.13450977246948 0.220689300864846 1.56455331492626 1.22057211444124 -2.52608272478626 -0.663324597918722 0.100342956709595 1.50996697393966 -0.45698824779827 0.0441292824050319 0.225119966965552 1.47061943846278 -0.805136701946282 0.895480537996236 0.0974830769701675 1.92340717018549 1.65067442252611 0.805329444440372 -0.629921621985942 -0.58219560613348 -1.66079706577333 1.28486221750457 0.0903593144005464 -0.086650600543435 -0.252572251307363 -0.178805503381522 0.501515163995649 -1.18152849468533 -1.20610622663595 3.28899739478489 -0.353024984043486 2.37490164578688 1.5823567908257 1.83351073157007 1.53333259289523 1.26401368439047 1.29896538313316 0.219964034260527 2.00773667277148 -1.65806829999834
"55" 1.37049357025187 0.103552847782553 -1.04789284683343 0.812175673230276 0.736899667323607 -0.993929088197798 -0.786226693064851 -3.35339334617651 -2.62953769749976 0.0746371622790099 0.792027001698713 1.10872871481906 0.528473775248416 0.893467740096712 -0.765728523711908 1.47678300893747 -1.50271635023116 0.551076764367625 1.54438846039248 -0.0367954976400536 -2.06779576490784 2.1803805104925 -1.3620035663173 1.49336995632671 -1.41781356083256 0.535559890357282 1.14003038063109 -0.73270947814862 -1.21066542188188 -0.195028198764543 0.238194563424763 -0.951010561940833 -0.835723341449003 -0.325644113619793 -0.580761130814604 -0.329284294095823 1.36948142712315 1.74281463120869 1.4266077343583 0.363794303890775 0.739262134231866 1.32572932742566 0.102374365742755 -0.35808010119338 2.29952051563639 -0.303575496105149 -0.0106197441626345 0.0334732674578608 -0.165796367546276 -0.328687264365017
"56" 1.69845095353696 -0.736627816831057 3.42952607606341 -1.82942991455399 -2.64166087479612 -3.22203360615537 -0.359660548203005 0.286201934639508 -0.08389493477863 0.336158536362113 0.616584627211888 0.129228728859947 -0.828293652698827 -2.57502824216581 2.5204971055622 -1.23110313951776 0.554841147906135 -0.539130405726305 -0.370148462982533 1.81424005070394 -1.13895870785306 0.507035850660316 -0.943761350404223 0.42335336483145 -0.944357969093639 1.22428630592954 -0.965626273138286 1.02423918781525 -0.140767899755688 -0.124926515408798 1.2874531399295 -1.27325224133528 1.13688053432107 -1.41513818777242 0.461640851611881 -0.307817355736037 -0.860782137231957 1.42777912060707 2.03825124043749 0.0779783572834858 0.632739835967805 -0.964403600869318 0.855899916482411 0.205510634614684 -1.34792623922458 -4.28563610181716 -1.86008810143306 2.51341130583167 0.51454631882238 1.85286629243608
"57" 0.674032363339843 0.332926324755083 0.624338627052931 -1.30611172525326 0.727990181934723 -0.236631349302826 1.68338008959364 1.0061672493482 1.24761698669366 -2.46273736052554 1.07155616505241 0.228354784745088 2.0307012127659 3.6361912965721 -2.07294910352985 -0.521081301961404 0.556001509238728 2.2474515025306 3.9180262243302 -0.802745161951424 -0.447984641680264 -0.514553735155111 1.01652685458956 -1.15838042076745 -0.517508502803743 -0.736214398918536 -0.678378460781011 1.61253112710388 -1.02226724599933 0.761559635045219 -0.728801620968186 -0.470442883845917 -2.26172499444406 2.26548957539255 -2.0448886805787 0.707577709768988 0.184906958344814 0.491528941322222 1.94849523203148 1.34306586921483 -0.961898877816787 0.777494181936379 -0.413960372058498 1.48104790677699 -0.630768120748783 1.15919583821617 0.415546009669878 1.42952145670159 0.601555408652047 0.038458037391857
"58" 0.837235462891212 -2.50229149138015 -1.61986895964801 0.500703480688648 0.532496566892297 -0.611075042082192 2.66785133698021 1.47521354139786 0.698533714809349 0.892001972536789 -2.25567601658739 0.429706240622839 -1.12677806711383 -3.53943401404604 1.63682855710299 -1.71727190875319 2.07282228697888 -0.46269814275004 -0.610324489963467 -0.668376050652235 1.90019175230184 -1.73956686627143 0.0822907966513057 -0.116338592297871 2.34973645132366 -0.374914699260669 -0.439557719754515 1.95078247708828 -0.299265256002055 -0.260070311524821 -1.80758566763893 0.798141000497619 1.4790345424268 -3.59438906274102 0.451220793142775 0.407076257817872 1.84953988118935 -0.180226791528069 -1.40917383612061 0.389718043002398 -1.0042567146361 -0.431817634431935 -0.70053782825768 0.708665776404875 -1.56681177252805 -1.43058306481704 -0.532280252616856 0.103985542775875 -1.1753061405752 1.18524291383001
"59" 1.6779185286334 1.28589458132204 1.54086218299958 0.666832397566199 -2.28959970076031 -1.74324957669486 -0.869110221253547 -1.17809365873556 1.34006850119984 -3.18268060249321 0.141973452380991 -0.472933298253619 2.05501391824274 1.4481120070134 -0.837788694160063 2.57893906487734 0.882612206153388 -1.2988833239366 -0.292173248101328 1.52121983374002 -0.638632193777584 0.622557951100594 -0.659541464571703 -1.70345897022675 0.628984931571036 0.402284894270284 0.353922009968293 -0.333337306564886 -0.216772435135785 -0.741786451233016 0.605383204238191 -0.862265642089623 0.154762404964062 -1.04153505167558 0.329508698138202 1.13504357894602 0.119717694256064 0.664200791588174 -1.60923329467168 -0.775146258794454 -2.56226914446875 -2.67088666951322 1.35783837246877 -0.910287891480439 -1.60996020481291 -2.5228324785469 -0.0626056784446897 -1.17701316281447 -1.13937821200133 -0.283450486188907
"60" 0.608121098965886 -1.4086632843435 -1.95151464639932 -1.20208407999712 2.41833761628315 2.96998606717979 -1.83803001788874 0.245898424235072 -0.00189534925929778 0.952342863344705 -0.169170337371179 0.0641759722870328 -0.0992205552335532 0.490838436579747 -0.565919956812532 -0.810674180390796 0.596055594496212 -1.35058527364535 -1.30977148150262 1.15141328799591 -2.37081463378596 0.00210228071939209 0.619855868620892 -0.939936177792922 0.228931948387179 1.23685550666293 0.965342561992322 -0.141964982366307 -1.40227512479753 -0.918653042386129 1.15777407723428 1.33590738913797 4.13949126966805 -2.83395834725383 0.303372524672172 -0.881219190804615 1.21883023993986 3.37420244206793 -0.206666554091922 -3.08270054215941 0.766219868581289 1.10037638982861 -0.164736777021884 0.768501678517872 -0.810221458378763 -1.42611471393566 -0.764295657625007 -0.0532814765379999 1.46152066960421 -0.309859856508177
"61" 1.2685332751415 -1.04786447987574 0.0235747277214376 2.31064297614088 -2.84973769776218 -1.7503539680192 2.13231280662198 1.72944307303047 2.66539165738989 -2.56588233495183 0.286057888717983 -2.03276221142899 0.247741773836583 1.59822958700407 -0.263986017497618 0.210128003832367 -0.0358333115746735 -0.556627716894769 0.301889826864733 -1.520411546625 0.128421254337327 1.11618469924106 -0.619661760612871 -0.98727729640232 0.379759277879311 -0.831723035140394 -0.930563246630028 -1.83996368747629 2.15835651472665 1.28799730545918 -0.409014387525647 -0.104743252538344 -0.558929199995787 -0.0876196872550567 0.478233627930499 -0.193604437902213 1.03596866891468 0.18716681925586 -1.08438221398969 -1.90451984865729 0.957027650785369 -0.844488332889836 -0.289467209429925 0.969843332591137 0.260674873554712 1.12157877349661 -1.33206365643986 -3.8873708914847 -1.6868932212041 -1.26712925790182
"62" 0.486633607546687 -0.325319984164899 -0.64919653430437 0.635672986332856 -0.833346266024714 -0.24471306918098 0.0598870551907823 0.228157965483548 0.0286458872411608 0.42927332653995 0.0103276862019528 -1.21980714968835 0.189319976606543 0.859064861569385 0.0467027007422046 0.614907351561144 -0.249896908715089 0.0312971296685096 0.22477714018721 0.765449375960762 1.45614851361093 -2.83831040430847 2.31245772089245 0.0651964628745134 -0.496010780722239 -1.4455835801408 -2.4385963549687 -0.981964381514834 1.73837549167349 -0.285292829859733 0.399136367627842 -2.04916271989886 -1.01906022200289 1.76351283526737 -1.22995228118793 0.357010239046932 0.117037015497006 -0.274297943147011 -0.90261028899344 -0.357193085376117 -0.569567355183118 -1.28047714897773 -1.44811043882657 -3.01220678079104 0.388938838269363 -0.228909945267536 1.74778435202267 0.154967779197052 -1.70572522530686 -0.209331149432495
"63" -0.102058689427974 1.03318807329982 0.0581997067826966 -0.245161437781729 0.956656984433298 -0.222347462796272 -0.894914812702628 -1.60115108109896 0.614112681686734 -0.223189309265914 1.26135430219002 0.619873925834229 -1.31587180174295 -0.739580303405998 -1.34231443776058 -0.460365863651572 0.90599712331714 1.73684858910162 2.79841742935065 -1.33826837960603 -0.262479065925906 0.658442539558595 -1.93581984262291 0.605067821398337 -0.286492819641505 -0.0847236791587438 -3.3149159539359 0.778260994262271 0.0493654815102645 -0.137084762853385 0.818459762936841 0.865142780836687 -0.99278127562953 1.63475037650526 1.04451022757036 0.00534956187730403 -1.75918896446147 0.673293008502629 0.991824274514919 -0.764915839641288 -0.336143053643001 -0.831282586873831 -0.492752644989014 -0.433776145518466 -0.70862340929929 -0.431990453486961 -1.32566082714635 0.59756686180382 2.55535328693944 -4.10826199024097
"64" 2.34597561479691 0.127886023210068 -0.510389163482944 -0.713976155878955 1.94712876949927 -1.71932805185637 2.44785805464537 1.19005222674674 1.10486441928221 -1.26289143139766 -0.369923164552199 -0.598695990847953 0.130933102802263 1.50972897309517 -2.76555286283744 1.04020608732338 -0.136696329422438 0.93952938638829 0.0094737475852996 0.14912228760547 -1.13541402626494 1.29515496393254 -2.19617859039355 2.54588062501162 -0.959707217183407 1.15775041040684 -0.649791851672802 -0.630996371952065 -0.0785504254952738 0.889608650524952 2.08457023625793 -1.96391144525265 -3.09152843399905 0.506869794270936 0.207649383530759 -0.578283065824693 -0.43055135310982 0.83269734794774 0.0013027804595719 0.050457446980214 -0.494017633707444 -1.05391522180939 2.9300319328205 0.682095396086143 1.7511309744982 0.493304975841605 -2.06517860065231 -2.37940026583063 -1.27367653701106 -1.1682308635437
"65" -1.24761864789479 -0.722759884713559 -0.845160209845294 1.13078145051526 1.70574690407615 4.71553833728458 -2.56604788852354 -0.668700792574829 1.14322568677266 -2.8135706045614 2.03390416618478 0.542133473121623 -1.06868239184166 -1.63750298261547 -0.85327208135211 1.36456418032009 -0.606099856858971 1.07263580301754 1.80679904401809 -0.752175345711045 0.200902880997139 -1.12359615699332 0.390136284200775 -1.18798056852191 0.559222380326099 1.70736882251365 1.98591128955118 -0.425102231761549 -1.85303086413625 -1.73705971624461 0.203371768964929 -3.13086513079823 -1.47950316837837 1.02397009397708 -2.10399128461578 -1.09653850334593 -1.48514024150399 -2.8624746593896 -3.08346325551921 1.61677313241759 -4.74031312172113 -2.30774159333721 -1.04471175306539 -1.06439324791382 1.19674009671212 -1.15096029763334 -1.87786617734228 -1.54331779610156 -1.35449503288239 0.818169701138319
"66" 0.509648569796948 1.42484079102039 2.49438356139665 -1.22646270301746 1.2958918725557 2.62209658175662 -2.8856747154953 -1.59555704880167 -0.517557304806436 -0.987541379715337 -0.44532724569713 -2.68223944426042 -0.988552853129838 -0.845294601344843 0.645293487839192 0.60113607351052 -0.0225517245408978 -1.40534652391136 -1.79895325363873 -0.628831313982084 0.0454451500771493 2.04415022015215 -1.70982638107183 -0.996573108202271 0.837687541490301 0.404346942030261 -0.54780843387194 0.834074472578882 -0.997382843345487 0.643258320964357 1.66186970790029 -0.188848805821502 0.0510187947354454 -0.00903769259658884 0.428028914909273 -1.99719233548978 -1.74585800078868 1.29454584021136 1.0979467652532 0.0856147038965902 -0.885583937255186 -1.22895447318513 0.317311981109696 1.17708415000837 -1.91290043490543 0.224290653659038 0.59473333379749 -0.60304695378455 -0.107462927347767 -1.40115526330809
"67" -0.171989881973402 1.07304264780874 1.60222405833455 -2.69515515660357 0.0420939552951234 -2.15270736481058 1.31685233708185 2.16113209326961 2.6635611987042 -1.49095784846237 0.0461622056823744 0.395644359684405 -0.695164988318249 -0.901003590950538 0.218456118348131 0.299839840528198 -0.938857473857295 -0.711593792492747 -2.54790570968732 1.0302486308306 -0.140880684844493 0.601868453560096 2.26596419944852 -0.405431343202887 -2.2395175665297 1.24615345733648 0.466712973804464 0.679353674107625 -3.44863049841643 -3.00363193275044 -0.930569093608887 0.81939233833118 2.47792682094806 -2.01169659178127 -0.146929897260232 -2.01530205168778 -1.14565276778861 1.19295309179145 2.15096239503345 0.836475108594368 -0.388381118707625 0.0973644742768172 0.981569867568364 0.54140020004014 1.40708541860212 1.24289223287632 -0.295685881076951 1.40137582647551 2.95490021334527 0.164538136873177
"68" -0.524264914548887 0.0296436106841648 -1.13857172763255 0.0333765754381805 1.91659990176529 1.56608551788055 -1.72962714558716 -0.310446267350143 0.189323685933923 0.557638158793738 0.523981737250942 2.53698555806907 3.96340060188391 2.06574998355135 0.163601995995247 0.218234073199417 -1.64536511426384 0.362498576126115 -0.339827288940076 0.191519122436701 -0.244674452441361 0.0099129544533612 0.89467322270829 0.206468651922268 -0.529913953100819 0.446934963837285 1.1150192954 -1.10448463122791 0.474878949589487 1.05466863412641 1.35139070594872 0.362580191844297 0.19592293615305 -3.02656485084197 1.74785021637398 -0.563880363332321 -0.182238917871264 -0.58042861908321 -0.0473171637581791 1.86208460950846 -0.0152107864031751 1.55937799903973 -1.34011774971436 -0.373957659926061 -1.96635195430912 0.846062013903538 1.8640105878104 1.60071106495817 1.30084696867328 1.26186665858554
"69" 0.209815469238421 -0.144444493001877 -0.0657092017844156 -0.389181156029143 -0.106595394089629 -1.11155051528137 -1.1603371276618 -1.35944284809306 -0.541632156549585 -0.451932218094056 1.96994001127698 0.148847549103283 -0.701863601362081 -1.01768103282129 0.0366358998874468 0.552006103867919 -0.0248336797367783 -0.382703653090047 -1.39321959086119 1.04292275000479 -0.39236096049738 0.510321497734309 -2.18662621479348 1.62552286537253 0.744329560810911 -1.75018049177042 -2.96292465492616 2.32017277361542 -0.402235913720849 1.15922048419621 1.30563475187854 -0.968649387187445 -0.837119407519745 -0.504000084740753 -0.454983608980487 -2.27123262653198 -1.18299864014905 -1.41317342738156 0.441956711250401 -0.209129929757742 -0.230964867926326 -2.92248505117419 2.50027544381792 1.52560405485435 -0.94443584744689 1.43401454815303 2.13023759315985 -1.26418790419838 -1.04493378056549 -0.525073052593666
"70" 0.705346537631436 -0.586059784441834 -0.596826810629409 -0.946431495524722 0.515985057289913 0.33984508581435 -0.640308208002586 0.215576086005765 -0.447921898583717 0.53738767028371 0.707286019999084 0.411767730031488 0.219608662918324 1.41318789691287 -1.27361791912408 -0.00503841393578221 0.207118683439766 -2.21142860778779 -2.57470804631582 1.06033277714804 0.816060900275621 -0.544733614354143 0.175847351529565 0.101720069542522 1.30446068964683 -2.40224355357147 -1.01261967247885 -0.699708185190956 0.693967146597734 -0.0648696665183256 -0.563680210935242 -0.615339871958429 -1.62966358959182 -1.28880880488886 2.80327135947243 0.926656723614061 1.27264960452547 -0.148844381959076 -0.868338462390629 0.70386380585266 1.4343991394164 -0.0482425446642471 0.513816033355819 -1.89229008788039 0.291729538980444 -0.628779203212354 0.0799404501421058 0.570237018448671 -0.882445197471938 -4.733134383867
"71" 1.29005574382962 -1.37216495112358 1.21416029237036 -2.90923995958317 0.757779949882965 1.66407021032337 -2.2830192322435 -2.47921611353028 -0.762440038449904 -1.81185643425029 1.6317949877584 1.95497355905489 0.866265786092373 -0.533315489255582 -1.20926730883429 1.07560047952615 1.72502432798111 -2.36053020455674 -0.394814627572407 -1.46299902752291 1.17743108114151 1.83204927871408 -2.48166796558782 -0.263779287992381 -0.653403018712455 -0.141386973673364 -2.25863777331151 2.35248961878348 1.0259247356737 0.947471679685127 -1.01923132220392 -0.187980696410123 0.109951006653956 0.372324767624716 -1.77812629097684 1.69627608690582 3.82483251943438 3.02785920741581 1.59912809656417 1.25377846492055 -0.556729625116204 -0.407924529169209 0.028820782561155 -0.630049565089164 -0.273486041415802 -0.549956446115801 -1.27057974613025 -1.52513397116241 -0.977400686292645 2.05427976452771
"72" -1.25892672339528 1.86670384276738 3.62985133907519 -0.804890485999157 -1.17579435882725 -1.46819508681374 1.04129865964452 -0.939004366418241 -1.08933192476474 0.865082905197597 -0.59086691892482 0.377078705775763 -0.365892569590422 -1.38413755598342 2.7111310838634 -2.89306110876542 1.21136615857281 -1.99753723235603 -1.89672597982813 0.127486853352938 1.04367793383031 -0.905760128258356 -0.518588451925353 -0.981983614547438 2.48923335288758 -1.26725225080118 -0.991940094703188 0.642490845560657 -0.152816141742196 -0.656149053705187 -1.73679052421706 1.55697669360103 -0.472477501740011 1.44930809144906 0.392619199954309 2.25367058938062 2.6914797160279 -0.546673257384428 -0.254820619057932 1.66449483079894 -2.56957401407113 -2.43057435594018 0.307662524675524 1.14740026233477 -0.948118912785109 0.312789726494688 0.398379148462129 1.11975724300919 -0.676330738063473 0.337279524142979
"73" -0.449637576895767 1.58878426484297 -0.302936855359482 -0.0835849979310744 -0.487339218198418 -1.24755309964007 1.94822933897855 2.61173138606271 2.30700883506204 -1.61180225661535 -0.508843515473436 -1.17036160694735 -0.23000822715179 0.37198734354895 1.01142612420864 -0.317290768276901 0.388526552443134 -3.38181466374756 -3.07738832012699 1.28057200329158 -0.134034090457397 -0.916816352718891 -0.473963497966972 0.899822944505033 0.696187950664631 -1.16924525942342 0.210788784862243 -0.332362013265827 -1.71573806621744 -0.442948385479197 -0.45994184632722 0.888966027982628 0.79516186741877 -0.46788729662496 0.868553741969528 0.66163167836134 0.357325156511462 0.996354186536883 0.463138560167266 -0.0171977542572453 2.03049379463808 2.48015075430423 -1.91595280749819 -1.34501544952105 -2.0202979593189 1.02203361183006 3.46210485867696 0.440020680829274 -0.372156762236604 0.192256602842382
"74" 0.338180348033052 -1.45617738270885 0.140067826448449 -0.168687139724476 -1.9061279497001 0.710521733856705 -0.910877743113005 1.07494078908638 -0.825175077595249 1.3102647679202 -1.22595287291987 1.57921285797083 4.29933238891943 1.87680006122423 1.60200030299623 -0.643024973257473 0.334694585548892 -2.25087331418559 -4.37050459700301 3.05060745785742 -1.09172030003242 0.667963190725918 1.79912661173199 -1.6451643978155 1.06909305007661 -0.468474936637186 -0.121272114443468 0.2239130814878 -1.34655852322668 -0.921930397524845 -1.0168846301173 0.188267311545659 -0.46531461446833 -0.439835945599828 -0.133235623650936 -1.60381628829412 -0.854782063550676 -0.348383587895464 0.768103701854678 2.6122148376151 -0.805099954561508 -0.589460587812588 -1.62384205102486 -1.78674397969851 0.208151402343323 -1.35891183746528 -0.53308658288035 -0.396719489498273 -1.35184333253377 1.19529930576694
"75" 0.569882808973118 -1.5752549322961 -3.57052584326458 1.05827092207856 0.305403720702798 -1.23926714820207 1.10391163184359 0.212171170515093 -1.31258271530589 -0.794813242487862 -0.0252749372875425 -0.853724509953308 -0.786680672178377 -0.716421677839812 0.717026568447837 0.110516826986235 0.868615666545907 -2.33884727801896 -1.84947936725531 0.485915969830482 1.01186637821574 -1.24521619756075 -0.399933080147645 0.185670202348742 -1.28261095054338 2.43263110483321 0.724446047279652 0.95534114862102 0.113695808947404 -0.796075200918814 -1.62466979531306 0.11946852110028 -1.3424091555639 -0.0637366983276686 1.70399924437846 2.13765357216813 1.54368029636958 -2.57424407082272 -1.82271832986156 0.586317920101905 -3.894760676759 -2.56226729604913 0.0703411637327594 -0.00280881286060559 1.96843930967759 1.36605387668817 2.04180128157274 1.64677716226409 -0.0770909592688337 -1.75723536455505
"76" 0.536521309816585 0.541157967720497 -0.840778011412248 1.41753347406596 1.12153449777295 1.52552681686623 2.69291736455847 4.16600324066393 0.841906106523688 1.71793801306471 -1.04745117271992 0.185730442955964 -0.364008909769316 -0.501486052577072 -0.508425795939695 -0.405427384775032 1.04551973056295 1.20838053741857 2.22012527992544 -0.840243614497482 -0.0821036169051996 0.7667244721034 -0.521556717517155 0.794558232343268 -0.393262691052999 0.880413701991226 0.497608096556332 -0.321517724500992 0.415846514782965 1.04544140896938 0.0988789109609301 -0.314931824391335 -0.144984584595329 1.83125624147283 -2.021556462958 -0.605733091933848 1.72312940078306 -1.39137117866257 -2.63101354019584 -0.32409089115689 0.135705714947425 0.527104703171358 0.416468905508012 0.245769924778518 0.100977753066431 1.3940758194546 0.743312571062988 0.585307206663463 1.18116202068977 -1.69232079576245
"77" -0.278290351253711 -1.21765781866214 -1.58172585688593 -2.47384436840291 0.377422081849473 -1.91133202016213 -0.564985646527777 -0.830350538218724 0.654498155602375 1.84943088630732 -2.48003905381298 -0.631729204916032 -0.302871601558602 0.309466457889573 -0.678670100150122 -0.808510688518299 2.01950185582034 -2.63464608459295 -3.5537399911579 0.77810069167379 1.71247742622716 -0.52045318044823 1.06096713107983 0.432809788254412 -1.50548002555581 1.52227205964738 1.11301261277095 0.74766162999592 -2.56349274266083 -2.45555841733078 0.887329880169506 -2.05280882760491 -0.232457844718153 -1.00654091209006 0.347675111813995 -0.877841811542028 -0.478831523202575 -0.539311447336172 0.546055232407525 1.29877999438043 -0.928729598957503 -1.45838431078796 1.66916921414242 0.47915962417982 -0.109588409991991 -0.106632184544104 2.85824700678942 2.39287442069491 -1.17414524709705 3.30699453094345
"78" -0.166007466604716 1.54832804272976 1.28515088579211 0.76614409197296 0.673329437942574 0.701455882913201 -1.94869953852108 -0.614586561564607 2.83512782196547 -0.727499971676407 -0.356274714888717 0.651915298524788 -0.618745604181366 -1.38188673554317 -3.05059165116309 3.25913722000593 0.550016028424149 -1.32689149158239 -0.0156584794768428 -2.12501101728556 1.64753149126331 -0.249820874492443 -0.460639334880409 1.73699456089203 -1.37189693511817 -0.783844998311055 -0.410346977122304 -0.175320205439416 -2.89345710013786 -2.26406941211663 1.11166328793796 0.00493858112478828 -0.763595166771019 -0.845888980544035 2.59594188666763 1.07635133890769 -0.390363862279063 -1.1503706949916 -1.4430767383578 -0.348734840911551 -3.32795832622247 -1.7850581319735 -1.19593968503957 0.580064502758204 1.14216163866009 1.20783465138334 0.466198765691993 1.99662670739555 0.685997909111612 0.481747582287445
"79" 1.14520363146041 -0.957241233338795 -3.20228378879581 4.0923955051795 0.0471279924529109 0.202355375283621 1.74990604466856 2.89389429693596 2.03114959775261 -0.30445929434612 -1.65238888798573 -0.861318356981981 -0.00538259624997178 1.26143412609018 -1.55131062556671 -1.11769150680322 2.21929284996407 -0.340480971953091 0.311392257552946 0.0752534616948346 0.874995193230814 -1.40376482348109 0.648105968402587 0.227818167800213 -0.212626665028541 0.18243255613686 0.194376347043941 1.12893029166361 -1.48881568425995 1.3045628884345 -0.186966842019126 2.05685621343682 1.42892583319142 -0.0627612216574162 -1.10937413128263 0.274399280176099 0.806169048611789 -1.22841300840009 2.29573218110987 2.38900083210162 -0.266255564685169 -0.210503218676863 0.779252567222674 2.43125327020098 -0.680971752024187 -1.07762448325157 -2.04316302998427 0.997346947904167 4.00941437320783 -3.76821972675594
"80" -3.38059446333713 1.68447977077811 0.287115540383474 0.0138146461955385 0.165851169045099 0.293785349249399 -1.11854806602629 -1.7892833062566 0.813608353785609 -2.43798014783669 -0.0560182595087755 -0.660811719959962 -0.250189616576202 0.777232337734367 0.233975390810447 -0.340594951623909 -0.114532380378554 0.694339211601403 0.273925706103651 -0.410517938162171 -0.851267949304403 0.193227400317298 0.96630369587184 0.0814181619089917 -0.430202258210965 2.94215121663382 2.71348182546197 0.114502223434556 -0.105716794113668 -1.07887714946898 -0.523131556004034 -0.329186874241793 -1.12558992447925 1.58497888982509 3.75680417723866 2.94066628827752 1.28629549381064 2.00765773142277 2.57834708248148 0.739855263520009 -0.970254634458064 -0.294588754418458 -2.29507539056518 -3.07740843358638 1.40163488435709 0.318174996372225 1.2545701696361 -1.08410903966795 -1.35025593311856 -2.24474024794198
"81" -0.288394742867267 2.78705341430663 1.82065485931669 0.197747524153567 -0.557764016449113 0.327133314474754 -2.24501423480027 -3.28480249797038 0.363613065202975 -1.31011011919481 0.665499212298661 -0.294497928423171 -1.62649822566789 -1.27423065303735 1.52464287741827 -1.53189435239883 0.852940538825897 1.03962409631403 0.993737251312641 1.40667507883132 -2.66012337110916 3.24540261893059 -1.24996922077985 -0.130333246524031 0.454430128212441 -1.16950873024643 0.262780721970456 -0.17388958732764 0.566944747527165 2.33209464339831 -0.412401518356512 0.817659689442985 -1.72262167153715 0.841124563209975 0.426505196779755 0.57232628007766 3.06215344375245 2.80699709967086 -0.424520553343457 0.352914657595635 -2.34433348105678 -4.58644526246577 2.16042084973783 -1.28589234183 2.5223946470285 1.36559603243221 0.222014868439807 2.31885372120198 1.44926600985166 0.753471572414596
"82" -0.940933751158451 0.927533728181887 -0.0743977278040049 2.28556486222661 -1.43088962310661 -2.57734339283658 -0.0258264300705901 -2.95949029539961 -1.82516724047741 -0.111657835746145 -0.722758813317692 -1.27623495849606 -2.07907898908819 -2.0453014810355 1.35935594631184 0.23680633435039 0.777142259260054 -0.904105775214913 0.359606424766333 -2.66607682573868 2.55875201289505 -1.57640619220438 0.0526950723473879 1.2052331892197 0.310759229967188 -0.157126552882168 0.106384516979223 2.12129809408766 -1.25240952075548 -1.59682144506354 0.148318087467252 -1.60958814466617 -0.410355265080545 0.052694802269521 -0.949581767208322 0.562539178784048 0.74488278780925 1.95006189101494 1.47794654875487 2.1501022872737 -0.800403608030169 0.743333892587732 0.87633783866904 -0.462194478454869 1.44629847685756 2.46336028126362 2.38508836083047 1.85429747388899 2.14051077667175 -0.641781785145946
"83" 1.56686979959305 1.14731699683406 1.97857069571755 -0.854329829237212 2.02970516349796 1.7433615150837 -0.657334230366367 -0.0313161392785844 -1.23724910214986 0.672637297274372 0.645424593437319 -0.942521355072452 -0.635512244593231 1.30101299312271 -1.47097220835111 -0.147948941696135 -0.670033853255334 0.657650670824979 -0.557073574783259 0.166247970212368 0.312580377051603 2.42128915463533 -3.88404971653227 2.06840217980311 0.363205176527864 0.0363927901041373 0.674787768755074 -0.738106419586042 0.00745977478091194 -0.780148299411523 0.924969041535179 0.64952508207915 3.01380505421817 -0.435126967540362 -0.850116397834686 -2.22948014775566 -1.39928467539146 0.778401006789562 1.46219363486008 -0.413378490361405 1.47933905833918 -0.0273535412920413 2.07946249113866 1.00250231469726 1.32410286869161 1.09944842486423 -0.0891623475276608 -0.94559083482344 -0.767079917904398 0.176832458808403
"84" -0.970155766244858 -0.375254141074142 -0.728861156480998 -0.0103076767084027 1.57266153482037 3.5808198374133 -2.95787794503857 -0.688970059580855 -1.66330554594905 1.02598802833454 0.141994792217491 0.1207364574059 0.678504798506217 1.126173720379 -1.5133928372683 0.735515016213781 0.320751732893868 -1.40178742113684 -0.575180684237429 1.33305361772149 -2.68035881352857 0.472075225659895 -1.31286135557176 1.11874867260605 0.663529844871512 -1.54006570180045 0.198591204606355 0.604205767513215 0.179358854094822 -2.10087534429564 -1.89941849990222 0.225007538271035 1.64951612716836 0.0605501637959316 -1.13004961508788 0.00510060816342606 -0.13419081944589 1.5483750613058 0.153709659007277 -1.48127807025653 0.0150959687328562 3.36469404858098 -5.1897877698394 -3.41444884652281 -0.576876265034629 -1.12431016708758 1.64111895315675 2.52068911490353 -1.50883885964151 1.86271325191991
"85" 1.457409282409 -0.316915769032632 -0.776518862157378 0.64373900158234 0.234642947360489 1.15708393603702 0.709893994903673 0.368878080423596 -1.71571091521781 -0.318128751564155 0.428785635361594 -0.331195843227008 0.441466983973302 1.43980083990581 0.454401113615959 -2.60734759801184 3.54389759026841 -2.01962266298292 -0.62512774710294 2.51864076264043 0.601737672609536 -0.847646569282743 1.28506880226962 -0.90361691327099 -2.11621274453105 2.57353695219214 -0.137065373558826 0.922353673218513 0.370023248897897 -1.90333349592409 -0.657364578057522 -0.435021040582859 1.1171177306827 -1.79474625852703 1.35928131414586 0.345578240838062 1.1739201678583 1.71222011730856 1.47994071633867 3.4584885031356 -3.12497221840698 -0.278715829354923 -0.712004331798372 0.0949477716823479 -1.56351309545323 -2.24188918319776 -0.130766336797478 -0.860668493610759 -1.36452677685368 0.529573226282961
"86" -0.545238473961306 0.3736205963322 0.452693845470062 0.86530592810767 0.186997748221446 0.587652974935361 2.05029332060641 4.39433778723475 0.235184522545195 -2.40077809166966 2.34477785340222 -0.532863790932493 0.530878621457719 -1.29619167605444 2.90307602031914 -2.76746572343987 1.38924308706983 -1.42482580024061 1.05676216316872 -2.65568386464565 -1.86286479587126 3.4178335992174 -0.598901289737378 -0.552354359104043 0.308765710354045 -0.982558602408652 0.718429143154229 1.77511773302234 -1.14118903678681 0.189590711989099 -1.18200364262788 1.40840674250983 1.54210045859435 0.793696286885369 -0.613766912758309 1.94554715677822 1.48545195872126 0.737343730167596 1.34747474259094 -0.879136483931566 -0.140336012903871 -2.22247485964391 0.123858245680847 0.746717158723521 -1.05911390148714 -1.60270406519364 0.108536050073871 -0.457166703348095 -1.41297545060194 -0.265831985608552
"87" 0.157528145184372 1.88571281898259 0.853767974025144 -0.797127944097811 -1.71989846191933 -1.78622331506437 0.875215212807373 2.44299120039577 1.64855745287533 1.3320232953556 -0.0357087101120435 -0.26763998332141 -1.06246101407686 0.158691997311905 2.45539473294548 -2.22175678400652 2.27747071095735 0.421906356674535 0.871368721341573 -0.644644842133901 -0.551086322142938 -0.863064205374382 0.476622923760569 0.707177079210811 0.24227235704052 -2.34466134976457 -1.90739249568531 2.04881405450821 -1.53949339043293 -1.42009966076646 0.00577825065971991 -1.40439967633095 -1.32768487836347 0.629493201667 -0.747179256480217 -1.21396719522636 0.0795029469758301 -1.16857156786038 -1.55207182991492 0.550715309472029 -3.31451549764966 -2.24704220521924 0.357015208355463 -1.25201993120408 0.755503934820199 -0.761654359434212 -0.0977143406722717 -0.131600626224529 0.53109252953587 0.945833796991165
"88" 0.664896480694543 -0.79184624718417 -1.31828725486122 0.116647521053676 0.625229668424778 -0.936628169016084 0.62250547590038 -1.02254852742649 -2.74817745914968 1.15537232519216 1.6958887830294 0.295755073379481 -1.46055801343 -2.36806388711528 -0.220165028535756 1.20028376390137 1.457396859339 0.43435424869964 -2.06225951251361 3.38394159487832 -0.460118532438936 -1.69627372263942 1.37430149257432 1.45097723800728 -3.02130751668464 0.509927019106748 -1.20414417051909 1.2792348212995 -2.63015132834316 -2.05023641592019 2.27350514712519 -2.35306019226108 -0.859157243510784 0.761944848306757 -0.595412876302117 0.790338135420932 1.24783514595329 1.62626514841868 0.630980008106632 -1.87029668200263 1.82607866168889 0.651251909478407 -1.3037961784446 -0.706083301856172 0.433238991045736 -1.91197424620713 -1.46738840481897 1.07621904502127 -0.378706798912902 0.397731129281413
"89" -2.52041748317932 3.73947259581367 0.731486420094288 -1.85073464077472 1.72199140081133 -1.75821994601197 0.0737827038914955 -2.3139568875046 -0.477585503135971 -1.26642265318473 2.35501992564441 1.66066428597683 1.69095657214455 1.67331255364004 0.65636571880474 -0.516610903280261 0.704406814255156 -1.02849205396356 -1.27139782944623 0.438552137579046 -0.243751973808952 -1.05278623335582 1.55181363163337 -0.427737574904573 -0.331404679416635 -0.567459194987507 -0.645460617673316 -1.32805684700319 1.92651590446042 -0.339573495864254 -2.39575814669443 2.34060286982976 -0.616055376044248 -0.58516805345913 -0.64544268478632 -1.44502362816682 -0.877829920681185 -1.22838846353628 -0.63324244118534 -1.19211727771039 2.19483568324654 2.14127300890407 -0.613227635348244 -0.967984681242406 -0.25775293382163 -0.555282292470965 -0.377504057597367 -0.446134495139826 -0.833923764086956 -0.291314825436799
"90" -1.13801373432721 0.262674219873463 -1.98374278490367 -0.0956215818060297 1.92975827122006 1.19208150829386 -0.537841326190246 0.350317925315922 1.8728668431012 -1.93778816336988 0.892526054538616 2.16491668583034 0.520921554546715 -0.440175972344551 -1.29326481359824 1.1155443766457 0.66068900966702 -2.94987069930854 -3.33996119528066 2.37005300171066 -0.594098803606918 -0.631063175531954 0.57672212752799 -2.9180103882418 2.13606468646337 1.31559975635584 2.06074642936107 -0.250877548436821 -0.449191697655653 -0.566712452022496 0.491755796479991 -0.724408322480126 2.38013470279234 -4.25682578247502 0.258524237887352 -1.22693178871535 -0.0198076167958007 -0.673192426623431 -0.14771688470038 -0.0102164769113498 1.53408825174268 1.3282916181014 -2.64589191353597 -1.71706262250369 0.375902770741708 0.712623095327994 0.480296304929968 -0.258170702293798 -1.17876893324472 2.48114027326494
"91" -0.837128635260156 -0.476628486901338 -0.216495093565099 0.975128360405213 -2.94186486285832 -1.51675342068776 1.46363203756395 1.32241028542392 2.75315621519845 -2.93339855118715 -0.0459133396822021 0.142287233273884 0.153947896821174 -0.246465341251311 2.01755615140275 -0.674640566161254 0.788157422339462 -1.45971071179782 -0.680600353013067 1.35617374038372 -2.06796482779134 2.2797307273744 -0.412705697682347 -0.46708848796878 -0.71530571358279 -1.40677088296953 -1.04337648122895 -0.517500097080442 0.22521863804128 -0.845387755235885 -1.3157998244267 -0.170015019279449 -0.557491235671623 1.95802796381119 -2.75979129429088 -2.36205244601812 -0.750491216104632 0.990768566782798 0.646978157282605 -0.594978277773345 1.284134466967 -1.43083574926098 0.219618175308725 -2.61043480957977 2.38177092580263 1.27790281477591 0.0844883419793487 0.780224276603289 -0.218869026770794 -0.738687853180982
"92" 1.3454002050968 -1.72933462742879 -1.38501376706409 -0.692372086077143 0.0837962534713764 -0.759935697888627 1.12818384193569 0.0883598185385473 -0.155558018650883 1.35607185936648 -0.404723596424801 -1.62519806723965 -2.4010653668085 -0.391505234100515 -0.56597242661083 3.8375409365536 -2.22304098075928 0.120755726583316 0.387683223685702 -0.112712832832127 0.202577382404632 -0.464526923121049 0.16135996840583 0.100496368501589 3.52957315657505 -2.7793034515119 1.23237993668323 0.17960462744797 -2.58336417149316 1.62705445401943 2.83109226990834 -1.38392109363575 -0.910923272152584 -1.5698651453915 1.51807320921328 -0.0124325385690026 0.12267324704406 1.11394649909482 0.983990169207967 0.150794240461321 1.31202446471416 0.891724020540157 1.11696593407913 0.643194513561766 1.08345507817796 1.36919639985409 0.475570283488697 0.787932205467424 1.10945563212241 -1.22320893143828
"93" -1.37831299759867 -0.905349558010563 -2.43242895878669 0.393546804020052 -0.421581885828723 -1.06191146568796 0.864322543856706 -0.400217082269488 -1.3361929944461 0.0524886783718459 -2.04766267561324 -1.65217151894384 0.93629519831401 1.82820292893575 -0.97415447818374 2.26673016000645 -0.531093440288956 -0.805567826373675 0.213954611120662 0.556724866237614 0.00722807436235974 0.374074780646518 0.195939615046254 -2.39817232200981 2.2091384219977 -0.513146807881203 0.0898088892403393 0.738858194552696 -0.650033181438001 1.64000072247449 0.985454824907995 -0.519449224809897 0.527136733450886 -0.865559441089353 0.234665897662359 0.687623246978599 0.907754463759264 0.718880836547088 1.27761146667796 1.3929339574148 0.443945584169416 3.74581620042278 -0.886821253275917 2.74823549049948 -0.214034488227624 0.569987240012462 0.0611714793388194 -0.785284588198822 -1.22371977673257 -0.081745280491876
"94" 0.832644401618922 2.22019356188926 0.486791357627491 1.41036827387511 0.11872026132147 -1.2512510402768 0.857291190625846 -1.07913622808038 -2.07910516056426 0.823427272980771 -0.164298788055329 -0.369702683710706 1.56553409090697 -0.341676203721195 0.981107296252839 1.8998594295198 -3.42668925863919 0.568453853968194 -0.716536460159455 -0.754246184612284 0.728408508470787 -0.407968788577017 -0.920785252958346 0.834303350620267 -1.08069351256798 -0.145638926363364 1.58109617490072 -0.852281177358755 0.432459859487529 -1.1299770815702 -0.664044428683994 -0.796208721979272 1.94969454979445 -2.53233872700707 0.0729414550278863 -2.59316509764759 -2.06575733312222 -1.4483794234182 0.417809405425431 2.30763875977953 0.423028238068119 0.683767156630252 1.48580044769318 1.56560001754281 -0.284026335567239 0.0783834037110349 -1.54165214895106 -2.34027717991464 -0.551466565720471 -2.1947753223099
"95" -0.673157265778287 -1.08526792736491 -2.60511243933865 -0.627979875114238 -1.6752419081465 -2.74370753964267 -0.171575726005531 -2.36494612997569 -1.29560316680845 -0.521228601424288 -1.66923449230033 0.495515909093841 -0.118265357044579 0.483631570568556 -1.08599927197825 -0.46125342179233 -0.593536486690045 1.5010295484496 1.18784140977264 1.20372500412609 -0.752881677472274 0.976056847037697 2.45057514866966 -2.22835386720781 -1.40993293385632 0.75896446503816 -0.577561039443942 -0.259888644787012 0.357557958822808 -0.139771234440741 1.50527186269637 -2.20202268978718 0.522941459520127 -0.791129636744122 0.307975940195765 0.644984632436414 -1.0103064125678 -1.67245117207038 -0.036630473052481 0.68672543622762 0.696968565580734 2.50046555783591 -3.01676611925295 -0.311481522766846 -1.64447288163174 -0.957574346724517 -1.48851258862727 0.154226913074869 0.997163334781927 0.403868696716729
"96" 0.511496780254518 -1.16893490767616 1.80989983839932 -3.82421813238812 1.51082748599513 0.0905451717707195 -0.691352065718601 -2.4261948680607 -1.86800615025148 -0.284031437784518 0.621991645120427 0.202081419768728 1.05278126401202 2.74053087838785 -0.285733461409157 -2.46666284139339 0.530157127247713 -0.323017617980218 0.0169578440858194 1.74303956258603 -2.19950179597857 1.54662832764059 1.22860767158156 -0.900448043842632 -0.217342451308319 0.129256462742235 1.00515312866732 1.97303922548721 -3.7187727417811 -2.3950502995564 0.718051177061974 -2.69605416692086 -3.97266684256222 2.48785561468625 1.62690722855058 0.77425866119511 -0.733487877693348 0.199522963108251 -0.797621762692834 -1.24996897244772 0.144652173977394 -2.21717177787808 1.47313570513095 -1.34343270809393 1.73471225372153 2.51708620272866 2.06651963108326 -1.46370619596934 -1.3722392935679 0.336586717921409
"97" -1.71450527130822 -0.234135881724103 -1.95328220353633 0.552699869370925 1.25866012745965 0.713562381336925 -0.475985577048404 -0.367521265799982 -1.04746603009664 0.652747373932515 0.296002974746738 -1.02947864211587 -1.45819232511857 0.551806602971972 0.655717538779365 -0.476617448360234 -0.419872088289208 -1.72184679323139 -1.01430387980594 1.28797534426206 -1.76427976624642 -0.954312828528996 3.07814019640759 -1.91137345827788 -2.97034218543273 1.73092281674806 -1.64928790898018 1.75424859180877 0.28994592393029 0.248875635279741 -2.14612444567639 1.23071929890038 1.19604215284363 -0.35113193507261 -1.59996704618692 -2.00800312687244 1.64152764251571 1.47839595613133 0.770733698876073 0.957975885361914 -2.43662387814851 -1.76683546391686 -0.533120198204621 1.4381925745802 -1.16377237275005 2.92600947212234 2.78730146395612 1.88646398572615 0.789091020515014 1.59831198891008
"98" -0.458893521442971 0.27149161908095 0.489724331029519 -1.32299821970828 -1.37183287442995 0.989365028409834 -1.79932105958183 0.511213794806419 -2.02340770611752 0.802293512432407 0.387997824942199 0.305744899685547 -0.945303953764593 -0.86021307330749 -1.01838002278197 1.45175782322323 0.205570581920748 -1.26342801480432 -0.632010671913935 -1.94263960783404 2.63354763580809 -2.09342199696461 -0.96319355312368 2.99008511704042 -0.535428453036141 -0.769013564716065 -1.17537452853643 1.02139299315383 0.164559022228471 0.212542473401977 -0.758586904531292 1.92071332271701 3.6331507467587 -1.10777060123037 -1.32434459649702 0.303763605992215 1.43371426983474 1.51082810536617 0.0570414188757482 -2.6513903969804 0.996503767946913 0.762649157260358 -1.87693492766851 -0.105846334803808 0.919361610493179 -0.319882805720151 -1.36107155224528 0.93825520134913 0.223693153497734 0.669076062689689
"99" -0.335267908535178 1.94896789668171 0.0690583578474818 -0.47456884532677 0.388480647023712 -1.44547661583475 0.83824067120385 0.655505076365056 1.10292667822802 -0.718331635811007 -0.766351472768518 1.57960125438692 2.44563160355769 0.560248526684899 0.660954445878449 -2.69542398859294 3.00660375104043 0.357060314112193 2.23256645574275 -0.730778382613806 0.251789775820257 0.131316063865599 0.467627989049951 -1.15403739349912 1.79733366282955 -0.428148834900048 0.769390147338859 -2.0963379314871 0.856936825762156 -0.105885618684146 0.530141956077222 -1.29299151414718 0.0128294254530107 -0.545504218904602 -0.948528018485946 -0.216294054451222 0.145793699260291 -0.0759623544693412 1.1895335728323 1.09821032135688 -0.458370651677799 -0.264883122930379 0.821022105754846 1.91756751669173 0.0894591960295178 2.80964988732605 0.425370853188917 0.581942785566995 2.25252111067345 -1.9239574866783
"100" 0.200838056251215 -2.13714809971901 -2.02367157623085 1.91283762733382 -2.20049694651546 0.638869574954676 -0.664390643867721 -2.51951263496926 -2.76159619643675 0.735271083706354 -0.531767578442661 0.461313519713388 0.280666691171637 -1.23239502150753 0.258844413721759 0.214766744152726 -2.22479008806064 3.7879366376783 0.601122520146075 -1.997706267465 1.47522025427425 1.4043232542996 0.856524541287223 -1.96806667242012 0.124654574522163 -1.1102484369141 0.397940090219456 -1.28643267115763 1.63430628053043 1.94549371350217 0.621377117611145 -0.458020604080091 -0.948216758078488 1.55999684180073 -1.59393738430088 1.82386941318413 1.81622651224274 -0.617263437551759 -0.948404916462952 -1.34970663964667 3.59843451223044 0.751236734410221 1.09230055846741 -0.626338216088434 4.28195876774461 2.85641157723109 1.0799612503553 1.00915295719587 -0.488104660784382 0.633236931910714
"101" -2.34301657778853 3.25268097629835 -0.373423367025722 -1.54280512422539 0.196384820681578 -2.3055708970674 1.91390061499303 1.01795044743624 1.07047271012948 -2.17737492814775 1.28631295482577 1.27593662563944 0.679421405635214 -0.882808768346528 1.25046760918632 -0.359664207747258 1.71600822236459 -2.50359897164874 -2.67289273699951 2.79594609731344 -1.05716986312109 -1.58407750268121 1.21756330099789 0.26111259503795 -0.227611187321131 0.35218651803115 1.3488414019522 1.38741677005869 -3.30744774905394 0.167238979635627 1.32484325923243 0.108197741142479 1.29450004424616 -1.2799407932307 -0.854550288162962 -3.87065762540052 -1.04271648209903 1.13192147154577 -0.2439386640313 1.4332047445395 -0.0980473265058084 0.676229947358476 -0.233108213000587 0.796108925401939 -1.07241222485344 1.02396804136953 1.12947687435606 1.372648441171 1.89610150718961 0.453334227748032
"102" -3.0321375565707 1.96315473774604 2.36070528421511 -2.4403383771495 -0.842845079060113 0.0894583151434917 -1.02436260751649 0.299869449622395 1.62380314015022 -1.57308451094959 -1.21010744938593 -2.33412236220881 1.12150976386166 0.965012686331673 1.80472894831614 0.161146055712491 -0.913216083634665 -1.92382594401151 -1.74766288138738 -0.334067576056808 1.36255442348563 -0.632576815935243 1.07923532925823 -2.00832801182408 3.80792185617275 -2.20426800421233 1.73931564024706 -0.349832072075405 -0.13425097899236 0.0162727980718952 -1.4379424068549 1.6727125877233 -0.402672305073027 0.660532086543534 0.266839918605409 -0.12070464769823 -2.0276291917412 -0.981508942306106 2.29696477388704 0.46806228450185 1.50925089403238 0.469612503278841 0.279635811204549 0.239820874350668 -2.67814752595148 -1.89589280867795 -0.749436669727662 0.345709553619937 1.39145213679888 0.633353053075835
"103" 2.02590479370107 -0.505058043789072 0.00316088322412706 2.72648031259381 -3.33391352327945 0.255226172846069 -1.26370960595902 1.35403423263146 1.21354887796655 0.288273590978231 0.0405750985391956 -0.680777175446297 1.47595087716471 2.76079961504619 -1.24781878909565 -0.389737399866653 -1.69964142419216 1.74118721444632 0.0489526511967237 0.404205553446931 -0.519987119854584 -0.548001537375675 -0.160815576346664 0.0862625554652003 0.153113809561292 0.381591093790869 -0.74416708683967 2.53812380095926 -0.521429710804542 0.0988945517874488 -1.02516247820713 0.087622060862468 0.626328733848072 -1.05252380034518 1.20141525867526 -1.03081912202212 -1.28371045398026 1.36897089685446 1.03783449765808 -0.207510393920174 0.606554206137886 1.00879469063832 0.872803294219819 1.79019051520506 -0.681385648169422 0.528148203510495 0.238067969340248 0.170497040254705 -0.36077021079037 0.426006246020748
"104" -0.3062195067068 0.315713457994795 0.291127621211593 2.02124107101108 -0.46215845573493 0.945328317813673 0.285853179018157 2.34204662624882 3.06432665549955 -2.01432734150517 -0.0766479910061718 0.0359685543139632 -1.50542655883374 0.229724462932144 -1.18782296408286 1.32440670183962 -0.253538515019721 -1.19195153874914 -1.29920123842318 -1.31733075697222 0.619452639856115 -0.90649526468036 0.443504107933702 -0.207107072570055 0.099150355370409 1.36051162588281 0.443738310485134 -1.51796298691829 1.83699205665417 0.13040567605626 -0.969264850749965 0.0911087182327528 -1.10444085479954 1.13414288053745 -1.33924062015326 -0.0726647044660647 0.317518642794698 -0.078755885714027 0.667317588247968 0.2959148768148 2.45735553198315 2.47797034609538 -0.848252467434255 1.63458985296547 -0.814378795894164 0.296003852575431 0.468282959052423 2.3985634758437 -0.989088415133256 2.18202932372779
"105" -1.16132871117774 -0.51772405470921 0.531049541925798 -1.48004994439524 0.725560283891507 -0.860312995112488 0.0937883001927256 -0.0608856729284998 0.00734203443106208 -0.207020548741777 0.420502572741737 -0.942084624108166 -0.244206584548004 0.871325456442916 -2.69832240482296 2.48124136392485 -0.834109379235021 0.9902763638192 -0.435817646580664 2.03397220917584 -1.34359582126009 1.3443390862983 1.59346188187466 -2.93634447776269 0.333146013642359 -0.993315418179503 0.543009283738956 -2.08857456125092 0.0274149537047503 -0.386868835561525 -0.111442545147752 -1.32884375496769 -0.0170700299538765 -1.72843125257919 1.17866797521687 -0.778977881844773 -0.243780574019173 -1.04534279169736 -2.17912210984326 -1.20407947169447 -0.976996620982592 -0.384247901481342 -1.52757403827428 -2.02725657920674 2.70902410898079 1.81120039352429 0.886116693985736 1.5253393730617 0.245885850758782 1.02059243425932
"106" -0.174171311457857 -0.270261383832187 1.01527275460088 -1.75726094295943 1.39743366866616 1.60404067254299 -0.449972261889716 -0.121437788677885 -1.66601729731528 1.89948965668655 -0.565402070368558 -0.619064040467962 -1.24768233874618 -2.03548339911128 -1.34461238850602 0.633137770981664 -0.252889326905546 0.116003073984936 0.221257516089404 0.39799877448636 1.34925375870343 -0.358697238900708 -0.207576069702458 -1.44689646018882 -0.577202391057681 2.23363699185534 3.18239401651369 -2.88087906071296 0.775540489028323 0.401631826693674 0.79107214032031 -0.8893070297473 0.411869546493317 0.156578423746234 0.50910005826825 1.3917722707755 0.322473132249546 2.55774014361535 2.71869192973133 0.975884715639695 1.50300521508933 0.412595754894434 -0.0137389342791277 -0.840739774981724 -0.429484620133893 -1.68886428611496 -0.404239249814472 0.184212255897033 -0.501346210152311 0.0478465669253723
"107" 0.160870183533755 -0.593996387755676 0.423799241095958 -1.78102088019453 -0.129602520391087 -2.41309196293041 0.678400324225222 0.729305242364974 -0.337029160752902 1.87119167729681 -0.557663678782212 1.33663778757615 -1.04807880006288 -0.58469891285892 -0.912652754372225 -1.06876395590303 0.33787000325447 -0.51951292468826 -0.24768190234924 0.638781974775565 0.969410577438854 -1.54109623260545 -2.54911557868468 3.54635008305638 -3.16767185886293 -0.0394894901471467 -2.05711371975706 1.04445825274343 -0.755355146977702 -0.247847515351192 -0.353264840047229 -0.0680098952700695 1.00236601458271 -2.28381821996889 1.47774173173667 0.0551649155232577 -2.11120617377726 -0.309148312284948 1.5680161833522 1.80805434051693 0.799561748032382 0.967826146427762 0.103083664215089 -0.717280727206924 0.413260508715879 2.3471924977 2.27283104538372 1.84258617003635 0.314120552457874 1.14080851819778
"108" 0.0562685922880474 -0.216922186503753 0.554462155459476 -1.3830108091862 2.00038265577768 3.62150094807376 -1.75558289605415 1.65211078900927 2.07695030469289 0.191335945067752 -1.73338574637657 -1.56676055480428 -0.520242614728331 1.31132106837996 -0.40135453778515 -0.654466281197682 1.03492235112005 -0.793331560607882 3.04244693141666 -2.05693999988836 -0.37297727926348 0.757544315472181 0.413531257460221 -1.10730324914358 0.503883818474498 -2.05236575915734 -0.566674809917068 -0.218813745723336 -1.37294716186695 -0.331180927536587 1.12897190955534 -2.05784849108661 -1.93609918284143 2.19854777838713 -3.25854663339079 -0.287678789479 1.30083856856549 0.879710359286695 1.42358610292282 -0.697291962220524 -0.773819734101091 0.441463464174127 0.248076479451709 -0.371778258265766 2.53003677852833 0.648051254675337 2.1110761865354 1.66551071630118 1.41934184184311 -0.858260601031241
"109" -1.20237652427589 1.11857740962551 1.05594455138761 -0.0761737749145651 -0.764531898949035 -1.50746028806085 -0.141240939726884 0.663790359247511 1.20015257807776 -2.31641986759779 3.06574099009137 -0.201553602697805 0.649582865909651 -1.20425818915846 3.04211681326727 -0.448838944981398 -0.546085235120796 -1.3083615430153 -1.27441006869976 -3.02357031238225 0.830607958950115 2.88023508768591 -0.968631875235659 -0.798840652097651 1.4984255187598 0.42577493450214 1.21008032015195 -0.3311670079169 0.827608955374918 0.714048811312516 -1.9781230113626 0.0864187108369485 -0.0782751749839875 -0.127889921077374 -2.45525174416825 -2.16526384739882 0.609776571292805 -1.05201893762625 -0.584593978929541 0.00102028321148068 -0.720497071972427 -0.802124935870289 -1.67212102527498 -3.42392674382571e-05 -0.914493496022272 -0.317315991434861 -1.07899704799808 -1.54562015547047 -0.671008061488294 1.59396849782485
"110" 0.305522665598561 -3.03122042387738 -3.40290949496432 2.42014819571254 -2.43400576933208 0.17880213279239 -0.52340414775385 -1.1373458621901 -0.73684820980296 0.530675530916523 -0.761242114817829 -2.78737214169981 -2.36687391970998 0.468195336609641 0.197268688081503 0.36832471061243 0.586087808334934 0.638238490845839 1.82851660757696 -0.0143827995312139 -1.37838315521258 0.576332740004115 0.804838150312308 -0.930151300281298 -0.0553750063017129 0.428226899558131 0.243762495782776 0.0405135049133595 -2.0424259365897 -2.65231022412383 -1.04052738777762 0.629514323875639 0.959594257123272 0.501915276753365 0.576172314456051 0.897387542239123 1.27612733602272 2.89694458029822 3.09550679665723 2.13419566417895 -0.360176124964412 1.1981544865606 0.913682442782261 0.422337624261013 0.548847013714018 -0.675299973467942 -1.32988372664456 1.30096008353797 3.17255470347879 -0.0995225300933876
"111" -1.14510949465706 2.05395189210565 2.30757735686333 -0.491307135983194 -0.17102944091619 1.90674343730574 -0.619624878312102 2.13346833574031 0.146578654788634 -0.720729386512953 2.2964544237427 -0.206310752553814 -1.81443685607592 0.0416881529051016 0.492198467174913 0.844544986238831 -1.71695509926976 1.89549666853047 0.912291146437395 -1.22115938528248 2.23000694392427 1.32156493006487 -1.94652200899773 -0.648327528913337 -0.679493964902795 -0.086642419781125 -0.634671100044502 1.71430649594283 -3.65490758409438 -0.300951586735498 1.16701314372562 0.842972889971587 1.85707435609564 -1.16300229180609 0.0490814530483172 -0.999531823997341 -1.03850286430907 0.174799743507372 -0.475289816120943 1.19539650658606 -1.9526724243611 -1.75557258643773 -1.39198354606284 -1.76134726538648 0.20209586780659 -1.41792274418928 -1.36366617590122 0.215079493515424 -0.128794949824704 -1.09718879752589
"112" -1.16619054885601 1.02373616625963 0.591775928665064 0.205483757041636 -0.607015183237177 3.20115868183822 -1.46852558853609 -2.17352552110502 -2.35401579149312 0.611352652181873 -1.40085750087038 -2.73280216491528 -1.83414847701749 -1.37642204661959 -1.51369889432943 2.0275429458926 -1.08415731390627 1.49846096912911 -0.787732225912001 0.564367081774508 -0.191978364272058 0.808802250064024 0.966139288344574 -1.6691039267154 2.62317138077555 -0.949693842977678 0.848884662512482 -1.36466207613679 -0.883901706157545 -1.78415981056038 -1.19972486741279 0.309977127835437 -0.288846302904054 -1.13040630769796 -0.424843573362282 -1.31727988635873 0.734972427190726 0.633721580843055 -0.938079156568523 -1.7707804897507 0.370563181120726 0.73429154426877 0.102920054622448 0.725883300666773 0.771716448093677 2.61837020215828 1.90133577156091 -0.836088478940169 -0.979120900530111 0.992643868647031
"113" -1.29233614632158 1.80271937569544 2.75744261222341 0.323723020259382 0.711491581608919 0.313861343787722 -0.00144883505634945 -1.04650993021992 2.65515988338916 -2.1739119675017 0.255250389986019 0.27817044352796 0.395691738469818 -0.694698454788367 2.84877177143993 -2.08812488191508 1.09470559738238 -0.39720862401269 1.28367731746011 -0.220550613840399 0.0756351555126037 -0.257310676740141 0.767958881325244 -0.213065907698691 -1.46076908131728 -0.696740760388716 -1.95811829752899 -0.033057810698906 0.371198286428916 -1.16883307439807 -1.08863481954263 0.216717527953508 -1.3066621007034 1.61277691255931 -0.644856162076826 -0.823224740429508 -2.23258555794015 -1.43453364519432 0.327679471714089 0.0770258028898217 -1.25553209430807 -1.19812812995124 0.168790579313427 1.25620450457392 -1.65906096212086 -1.17033618127647 0.0251418422951472 0.9083374094652 -0.0536955103507736 -1.04859730719576
"114" -0.937835814867446 1.53395502236642 0.00304879805359351 -1.91755319172898 3.85261175312857 0.351424788468335 -1.12947821076889 -0.198491176257476 3.42595990697325 -2.07036074625546 0.0444992732161654 0.689967894093056 -0.178419131457666 -0.327888502335729 -0.146597344439623 -0.819732163385762 0.517006233434846 -2.12076227779866 -1.56613809097565 0.0807897009972064 -0.0602840844423373 -1.25808074481949 1.16947783856926 0.584697142436292 0.856027255018748 0.535911872260689 1.83789274791361 0.372497023565271 0.422559421347194 -0.449249710198556 0.572072988352319 -1.09590823398639 1.63910413719075 -1.08083904481167 0.0673826482531688 -1.44074224723673 -0.0358653557434786 1.71413254482919 0.0132962995298195 -0.69172863072359 -0.287984294046525 1.47138635892125 -3.12711257769719 -2.40140141452067 -0.841676177486478 -1.84228047486971 -2.28446736171197 -0.500467322385979 1.25962612367712 -0.681008998198125
"115" -1.74182945750781 0.065878631274367 0.0187497821013027 -0.998763811960473 -2.93341856891612 -1.43774313695836 -1.55177067394706 1.75682161006747 1.61331833818145 -0.490735597784563 0.850639632317263 -0.68037418550704 0.281520628922179 0.00281507468931792 -0.441053075138629 0.580131352567083 0.523388812052694 -0.27587153425104 -1.31586079779096 -0.146189233889243 0.966750807428621 0.556655946757165 0.73205919309694 -1.70632256633332 0.731513734330956 -0.280139042099543 1.66222967202471 0.0175316703434447 -1.36311661654426 2.02078770925832 1.03074636265939 -0.659443937533633 -1.47986107235474 0.82148605822388 0.1915162628913 1.65056703193792 1.36709326993645 -0.558418192933438 -1.88725145547543 -0.676335752357932 0.513736248251223 0.840762409223472 0.744957659423094 -0.0307204931830435 -0.558023540728667 -0.398223304789131 -1.16995888437366 -2.67504373886059 -0.406607807672799 -0.645133888114894
"116" -0.808022097419463 -0.231704657682146 2.19573839605273 -3.00494419673291 1.37853887591457 1.4654304360658 0.265832819186071 2.27044027905946 1.29034681273035 -1.06177998016188 2.65263295995569 2.64505743652473 0.693891159329372 -1.36594697274699 -0.953849810063009 1.55832557510715 -0.567952589723448 0.682946905693731 0.259526704825792 -0.465040778117165 -0.385041765349413 -0.0282256385565394 0.156468789662008 1.48195087733754 0.987443661142597 -1.73871263369359 -1.53770086423336 1.73723274400995 -0.915465561420419 0.737609188672924 0.865735657211491 0.934746097224543 1.23257026272662 -0.893803374139167 2.39681988440016 0.62873424459373 0.319707493602433 1.91262661489043 0.800960210741384 -0.285258181570398 -1.08502677119844 -0.609504324165382 0.189633915971877 -0.510460884045705 0.0963869225195523 -1.02626400739934 -0.962923849943459 -2.63246113186261 -1.88541790154446 0.971429122131873
"117" -0.438805329510814 -1.51340526889105 -1.72831548429994 -0.528354005807226 1.16801230165082 -0.611580936247077 -0.0724727794697487 2.1107826815491 2.57138971562654 -1.3721086649785 1.61130146897904 2.15195831205678 -1.97347179850504 -2.8351704165876 -0.428347662186208 2.12822701942583 -2.46212735962632 0.714822364170015 -1.45729818410459 0.125536254391838 0.953663805819602 0.151360543727165 -0.809689637818875 -0.157647232355048 0.276511053141667 -1.69142413999334 0.264048111683988 -1.96978982629115 0.627810625696539 -0.398047966920871 -2.04943144273218 2.47826516580643 -1.3879972335451 4.02804828499775 -1.41912883451132 -0.477884006893188 0.32384279880636 0.835756287314305 0.646866395339803 1.08184254901788 0.497698535154253 1.48814142923242 0.415972509197419 1.94896275737882 -1.69780846760076 -0.00626913640970783 0.63608687657589 1.4747965780974 -0.828008784907562 1.10717626386401
"118" 0.861293513603718 -2.97291604682401 -2.87257148076535 1.78075051966329 -1.17927522420066 0.236704721589655 -1.1095103862992 0.693236842308225 1.44337723820299 -2.42864022353085 2.24806316745303 -0.19490266840767 0.177424206612226 0.478045364516674 -0.359549231222517 0.860906880640361 0.11551208440743 -0.92605918804878 -2.16587723833277 1.0729808689731 1.6685065399498 0.190720745587051 -1.97962724892226 0.534147982027037 3.07423867549315 -1.41282091591704 0.553523866468378 -0.0919471018732713 2.8840771364561 1.52267084661442 -0.0687443339983792 0.202097425180252 -0.14511378190813 0.626754242564683 -1.86876610496224 -2.07345608423464 -1.51853990794566 0.535580010005986 3.23883200652695 1.0331005500815 -0.666742309555316 -0.127847792508949 1.17074704888046 1.16016541880261 0.647794509597424 1.0219713456475 -0.951833578794092 -1.40825207186192 -0.0498460584966088 -0.301027103237217
"119" 1.19355026530593 -0.36528452556579 0.137767958278802 -0.508649627096899 -0.347665277781668 0.720628957301375 -2.01102579499028 0.531939217008617 2.78525009343389 -0.439282456289136 -0.615303234003151 0.990271298962143 0.932931978034078 -0.0132061991125239 0.654469465732079 -0.170476004399028 0.0490971034794624 0.071362510331032 1.21809427814795 -2.10752230349816 0.452866122062934 1.874070817013 -0.293591978362822 -1.75936927955504 1.7699941611309 0.567798885543075 2.28867760110782 -2.81745947318053 1.70709569049384 0.646220557104495 -0.597885584467154 0.817428802077886 1.78943031627696 -1.522436345447 0.545940046493261 0.528094900136404 -0.424763640193776 -0.168632944377417 0.379552322863978 -0.0712439592934573 0.214668866889574 1.65669294220325 -1.82291935974295 1.28208744245743 0.377365340535463 0.492217952025804 -2.05016566439584 -0.293811571762969 0.850499725712438 0.946282068629882
"120" 2.51119061634653 -1.35178823685437 0.205844519257768 -0.846432376880826 -0.504254443909994 -2.06584617940325 1.83553375737575 -1.07309658063944 -1.25187763891602 0.513349211838622 0.600443598197257 -0.460636336095989 -0.555416793532966 0.325063586953723 -1.15315506536123 0.487219524132093 -0.190966698711597 -0.145805020305303 3.27710620287924 -4.48519012510418 2.7309783358824 -0.303137867719167 -0.786309812742695 -0.189419511355915 0.669673074855746 0.758193866811282 0.257829299810588 0.752893428705348 0.633046302801233 1.56530877340013 -0.851618781252873 1.68969306676017 2.00727345939886 -1.4456952972051 -2.11751694609501 -2.8222016300802 -2.90800418157131 -1.55940784454907 0.764829930980608 0.983325012407995 0.322858694461231 -0.655684434540112 -0.494051876787567 -1.09171852057234 -1.23795158303408 -2.01561383925327 1.06378108367055 2.51620157884858 0.522231993462612 0.91495424245363
"121" -1.78424569935087 4.02052284658755 -0.6155103578607 2.04480529165714 2.2703310220949 1.3985072035412 -1.20256006959632 -0.986188746107326 -0.617499881076895 0.617564684752071 -0.540364657836112 1.05355770027299 1.22902088868535 0.646015229879147 -0.357524520694439 0.176096201748043 0.00579028718896925 -0.183744435707267 -0.769707683398748 -1.52462249959099 2.38088174445294 -2.2916084983879 1.02068361579181 1.30139057045991 -1.27369372371461 -0.350619047936072 2.05981592629136 -2.38080836169017 -1.83234517605529 -0.796059237678247 1.37264480542867 -0.0797195350529054 -2.23587762222223 3.69645654441437 -1.50515565798374 -0.641475759430404 -0.12103402927747 1.12096610927896 -0.494978798694166 -0.76372812964362 0.246202091240124 -0.0612166479650389 0.271247599377121 -0.597790518634755 -1.20524906091554 -2.25847647726937 -0.736643791153166 -1.14840476800192 -2.10857172730738 -1.26286007729666
"122" 0.964943575789101 0.546729009843132 1.18989073137895 1.34333774899358 -1.03927771605473 0.366739701843336 -1.01414780542596 -0.189636510557159 -0.696488737400691 1.45022463687498 -1.06894513307315 0.22321113878673 -1.02724610918293 -1.19760588003367 0.0815936512579313 -2.36542298320669 1.88953963898748 -1.48675922552748 -2.46344346186052 0.970244956732856 -0.91924508671376 -0.125129322898171 1.90109818177773 -0.433182299338386 1.5158487621153 -0.8856279964833 0.972965487844625 -2.10294801961315 2.05628670223728 -0.952411195953369 1.09247955333108 -3.04862677312315 1.29966798395771 -1.81595879855619 -1.32535942073356 -2.23768662693575 -2.12896556996968 0.0964826241279059 0.614093739366434 1.40000048175288 -2.09657584250601 -2.32102100948496 0.639939784267171 0.0354728610311393 -0.552754176866084 -0.184909494118491 -2.45110917056028 -2.45653941643078 -1.01217726107617 -0.509880095217826
"123" 1.27446633182327 -0.713263786291248 -1.38954416163127 1.35576570028012 -1.56270117843609 -1.57203949508186 1.59324470883378 1.97994189850081 2.95195520172308 -1.8111824519778 -0.435464671830338 -1.16139468840168 0.0605762793000925 2.44909392158931 -0.410721663062607 0.550029086450304 0.168205105246311 -0.0889529273189131 2.68416571501819 -0.739283701828081 -0.581607966261897 1.20377218303235 -1.56608796652447 0.684323450647452 -0.356973224029304 -1.21465857625214 0.0268927331534382 -0.985258213057805 -0.534914728311048 0.130591793866018 -0.158342248045567 0.774721017866894 0.0132699087530658 1.03362960063512 -0.59237508207507 0.541487589910273 0.757149788812768 -0.0630152417707276 -0.0367079282525381 2.50489277181092 -2.28740968683837 1.23595622886877 -0.251055142398715 0.376740532235174 -0.0301747571906715 0.297465903517582 0.418291181327875 0.0736183454656725 1.47913023030825 -1.0777137747312
"124" 0.383545089907687 0.76154685463242 -0.0842437211254325 2.55285729150716 -1.73969508621201 0.428273635557153 -0.62237356741624 1.08403369466077 1.97030065132123 -1.216147740559 0.970308951784461 -0.508328199256381 0.431660380645606 -0.0273429816509331 0.861754663056401 1.4072248888641 -1.80362875189528 0.545963942540184 -1.15137715549213 0.616083396084578 -0.534619817374242 0.276084556378484 1.87388921796765 -0.854485471599415 1.20596873976274 -0.574915698157321 0.193646482730789 -0.703644357037044 2.57179828917985 -0.243892705128818 -4.63484070281792 2.12600411844116 -1.70754315340606 1.54394139376738 -1.80535084333272 -0.785397685123933 -0.454766902411092 0.493536628220471 0.115169525995399 0.24315360030767 -0.116783681453673 -0.0181211293390639 -1.9312365357199 -1.97475085295114 1.74976961605729 -1.48293004249581 -0.619096569910907 2.18559295133211 3.67307240999591 -1.68515566579093
"125" 1.44234831382731 -0.970754704174017 0.283343095465203 2.02823051933622 -1.26737117537998 0.35766789832516 -1.52406197273141 -0.706362870733919 1.83281621647489 0.203467835174027 -2.51212788205913 -1.62393778698395 0.460601362779171 2.89642503587752 -2.12920086101897 1.67148225507209 -1.83499330620384 -0.442625431829575 0.0117534687718637 -1.79772945149665 2.84338672104667 -2.44530297061607 2.4506441824447 -1.4882291999659 1.00997517023052 -1.00700449747398 -0.976144696209561 2.70880233270761 -0.927804898694653 2.09838935339284 -0.201775298839415 0.366611586179674 -0.63952711394153 -0.320477255892353 1.66527811598196 2.4214749388228 0.821934380676082 -0.150922398588433 0.028341923496167 -3.35042650079876 1.77025930627051 -0.378596804161557 -1.18494296114137 -3.09167103307142 2.6949515331535 2.01570693572092 2.43404287830873 0.988575137993766 1.71800875016909 -0.841261768456613
"126" 0.0139038873767571 0.910518656308825 1.36417838226798 -0.664361612771551 0.465260503183752 0.841090297888495 0.697155321867008 1.31510604074762 -0.666423613356357 3.28794658918853 -2.10333699398063 0.195898595702625 -0.136107065953825 -1.45757883693191 0.70454116277866 0.159539730861436 1.11244070340654 -0.511774173824741 -0.646252427640891 2.11477571043747 -1.06061325021194 0.477883679269075 0.34863066268098 -1.06285554498413 -0.144745848529069 0.855842279661458 -0.251353896610143 0.611766190026976 -0.241486330046854 -0.00281787835989518 -2.38520343814576 1.50562065244125 -0.731525939276732 -2.14826501677815 4.78615281514419 1.56367206097148 0.458105284917347 -0.575919863921166 0.64842835795623 0.737486161012327 -0.391228207209558 -1.31579228557693 2.12322405812258 -0.584792829577538 3.13385570237712 0.903471362278095 1.01280499232967 1.92461093025916 1.39135803285224 -0.695947978034501
"127" -0.620265297431302 -0.504401429274852 0.191849485824447 0.104627287670714 0.361248553271288 1.2996654796511 -3.40825953021628 -1.68259696193744 0.271973664199326 -0.775955220298 3.05394237118284 1.44858008919226 -0.481081229126725 1.8766060450739 -1.12056522788315 -1.50383231157877 1.18663915795362 2.27388250054596 1.08856123853632 -0.089346621370908 0.187938346081844 1.3751748295758 -0.0683560128367253 0.703381381539738 -0.811838142186296 -0.256293153426075 -0.418318519944816 2.34724755850083 0.178494179283777 2.02786324194848 0.365403230857186 -1.3906083441059 -1.98583714444294 1.24232751799366 -1.44909416655301 -1.87164465815416 -0.334424528097371 0.458125565270146 0.150333929634054 -1.78593525965305 0.925144118491974 -1.04009803586656 -0.454522848686097 -0.146209575868839 0.833208488134196 0.560958184822938 -0.583155724596931 0.044446433296588 0.261268853385587 0.645322190564452
"128" -0.115926356009032 1.33641790190596 0.121791992449613 0.821986818767956 1.35235549942409 1.44517147786169 0.940618126925195 -0.842932431557089 0.195710255621219 -2.61381920682847 3.11653273091809 0.444521818598357 -2.2247645097982 -3.12908418857302 -0.288376062005946 0.375158170439961 0.408034727563026 0.051139255901524 -0.203876387428404 -0.959046303619895 -0.504599105779805 0.291796244981671 1.47213006303044 0.0809567984951369 0.407908047145322 -1.22305204654142 0.536237179327691 -0.782991729359124 1.25239883240449 -0.743647762994404 -0.524703158724664 2.41911293811619 3.10257148205419 -0.855065138490046 -2.04333514196273 -1.86961323191498 1.33822359091455 1.4163811602956 1.76305214992652 -0.0703308000788138 -0.256898293525264 -1.4285313498577 0.240109939911568 -0.616991033051871 0.7824038747675 1.53911186052984 0.502241236513359 -0.584776293529378 0.707618914728547 0.795621600647171
"129" 2.91742595131046 -2.57378350386526 0.481501941603467 -0.860367268612599 -0.21321649975622 0.788693332023659 -2.3704398510827 -2.6799975219546 -2.64420771116525 0.910711157481664 0.199885792562622 2.23892725683943 0.830658137274878 0.562442323082527 -2.22404014598637 0.848282258967092 0.0900770465527684 0.297923849932788 -0.806519272582719 2.01020362656668 -0.823743111354024 -0.827467831188922 1.93815667634975 -0.40959343048618 -1.78069223534662 -0.14906155958727 -1.52700726581647 0.806975966232462 -1.46233897242684 0.313566667749189 1.73195497739855 0.383346730338791 -0.942016336271547 -0.864117238426437 1.34242870933125 0.843640080829517 -1.36406843065369 -1.69511300161007 -2.61987623260118 -3.2203732564892 0.348966168295309 -1.50916685915734 0.199220409995331 -0.94149846733693 -1.58668971777453 -0.363402949651705 0.377170886501955 -1.18865960952278 -2.10644360784758 0.985568979946967
"130" 1.53154054783591 -1.24651082016663 0.166408678048048 -0.309406523139007 -1.94656288973783 -1.22329047729033 0.642467907723681 0.628687860389636 0.577695220841109 -0.352883754115507 -0.269884125074575 0.182350249934124 -0.242226467229466 -1.12076497120564 1.63019656375624 -1.85713659343448 0.157911464052712 0.502196966665792 -0.606232943017455 1.49653219402925 -0.384190190125473 -0.238010176843638 -1.57001212984888 1.00634692553802 -0.0771490481378689 -1.77262851092796 0.000710532363321049 0.102897953077549 -0.405578820353036 1.50376355629434 1.31466033189455 -4.63385775620738 -2.53938713541547 -0.819125470667105 2.04154239386249 2.56419104508059 0.459860347234322 -2.72913665204111 -2.77716975994533 0.339835755235938 -0.764957638128343 2.0095243217011 -0.764460818787758 -0.111818229216746 1.08617990824522 0.290370860540711 -1.19737398615516 -2.91421324822778 -1.20659066227912 1.54957170696499
"131" -2.48294869523122 0.458336502924744 -1.84940997458021 -0.228573570549898 1.73118993712764 1.53724410314955 0.36745938339454 -0.243874076214386 0.0243010183835579 0.727809852491909 -2.80160092824855 -1.79544607825832 -1.57254846893591 -0.538864511385131 0.306756826995194 -1.20931392376371 0.405696568983842 0.607895255825062 1.10422201538708 0.619920977654585 -0.105802051248049 2.02706006929977 -0.484469004660524 -1.64566054914299 0.968404126438218 -0.27005503764335 -1.08259297109611 0.409907616735687 1.99923073130362 1.73616402079221 -3.30734667658991 5.35401548670893 -0.480817700945441 1.17829991254963 -0.156367428377236 -0.43472269230786 0.611616471659569 0.154564788515562 -0.301070464340521 0.486065686374554 -1.25285773609947 0.630989464044092 -2.90532830608733 -0.340084691478047 -1.27440411088433 -1.32955643321941 0.859776766287664 -0.413965091001041 -0.946038060138399 0.997058793065804
"132" 0.712487352294699 1.81070096042534 2.5502275850162 -1.26157122793392 0.278654087275375 0.771335302947465 -1.12427796781289 -0.370784471635039 -1.09828018257313 1.85806852961793 0.0906378917298751 1.55375708537159 -0.291641256191568 -0.678920854900981 -0.763628988262833 0.796283993861716 -0.696769533223341 2.51617544807661 0.561651298001234 0.810371539546124 -1.68457806884871 0.526029685270502 1.16258807427838 -1.59203421125093 1.5012643919561 -0.27760225464302 2.39428863460508 -1.48450904535124 0.0203946121450581 -0.286692035313524 -2.85238492966834 2.17802936547956 -1.50752888165209 1.82527834966708 -1.79800370304063 -1.9554754855577 -1.1892443965219 -0.891740208245438 1.56460223962016 0.398576383037129 0.0618372629884826 0.820854201932507 -0.633959730394217 0.740506722184939 0.00193803796466754 -0.4142106756109 -0.354112905863999 1.96974509321222 0.635795657815405 0.448573038473772
"133" 0.289784087014011 0.170771418584879 -0.886801855197674 -0.507107166343453 -0.0801007218254305 0.111429539082323 2.31267515820145 1.85957037645836 -0.817263842129305 -0.187989296470911 0.960027309587827 -0.901806580677093 -0.817847047210139 1.57397491157343 0.510450671604781 -1.84488075053582 0.627678518328008 0.400970991926252 0.552197996458311 -0.304319156815182 0.8085370539713 -0.698012139222398 0.644444467094495 -1.80758518727234 0.787235378712238 -0.382953226588363 -0.0225731852915335 0.275219772563067 0.562030290728123 -0.263874935755451 -0.330858773778451 -0.0492789786630611 1.41845339758013 -1.14294752494406 -0.202573738279754 -1.82077173594794 -0.00499805349751105 1.36702849138279 0.143478978765366 -2.55384691862767 2.82709944413799 -2.00522868433712 3.11941739507282 0.267447755107116 0.174807135235288 0.323182508976543 0.399910236977408 0.0993573571113231 0.0244079337992781 -1.0064992362405
"134" -0.501041403319963 1.28005818267373 -0.0525834004886593 1.29529674646641 -1.19449912883078 -3.4492272276886 1.18903463513167 -1.11619225606813 1.83319278048582 -1.28993152561425 -0.531717616034715 -1.12736434337549 -1.47151963931989 -1.79970093075987 3.16066871313413 -0.281817699770886 -3.06247104142669 1.2640995366112 -2.69358460715955 3.66979999544082 -1.4383505654689 -1.31076558038703 0.947110418718307 -2.02022623561302 1.04877571295598 -0.830644900121494 0.824359562560114 -1.51603910910399 -1.07550446842646 1.2269045004465 3.05203549398394 -0.869655047251382 0.0116765149328287 1.03986959434602 0.34033212763849 -0.498595042176757 0.135376284323276 0.23443294825583 -1.04564523438315 -0.242115007441799 0.809725285960934 2.15791515950779 -1.72495989634276 -2.338960703614 0.971266784730851 -1.8712909198633 -0.935573723027867 3.12117876789009 1.61007644521534 0.815439979454241
"135" -1.3925236197677 -1.03122060246888 -1.86900842862383 1.14375643677721 -1.4943057708757 -0.380317314413846 -1.54131929018555 -1.46781067061531 0.240969450991879 0.563828529719123 0.517953530541527 1.1494787384356 0.470885785631683 0.222083552200662 1.10673709859024 -1.02911292445996 1.74348646147931 0.170462245719008 1.30271388316113 0.18974678288928 -0.944781045485201 1.93159250640473 0.130153104003048 0.358962689067994 -0.477879128287199 0.534020167387486 0.650446358931358 0.241626324219877 -0.388417639566721 -0.0204870550135347 -0.761112876253289 -0.843718182888576 0.372051485489953 -1.91613724410606 0.313443629052275 -1.42692574379986 -0.46686653663381 0.507292461807065 -0.988554531475635 -0.518035697544751 -1.77910187456454 -2.12511224961618 0.212128431661224 -0.763347760048409 1.22293964312143 0.764995160549461 0.480739942697163 1.2536555812157 1.38699587558816 0.356392140836854
"136" 2.70718839514239 -1.56876844794139 -1.31913870479137 3.16238143845643 -4.21431721107126 -2.27330459698771 2.31178887581431 0.873704379947491 0.526388769230609 -1.22266549817501 -0.205295043591015 -1.81007925914092 -0.801242132752348 2.30657962286606 -4.03778024983098 0.500667379969985 1.77629323039512 -0.116046500725242 -0.825402199155814 -0.821005128579258 1.46633781860023 -1.15396283438271 1.18764249858386 -1.76745475964053 1.00425530011138 -3.18453794439254 -3.48214815231464 0.352409595820679 -0.507997673694495 -2.66207104356936 -1.63439683473256 -0.6225042259162 -0.632008922101646 1.46878500941562 -0.873507183629059 -1.29304269471217 -0.596854176238655 -2.71669557270531 -1.565581946011 0.640932839375656 -0.53168271552958 1.69252682303676 -1.31337494247808 -1.1815890821286 1.60018652981778 -0.810399555623068 -0.115046520690823 2.28445920792502 1.73057712159062 -0.689541873045651
"137" 1.91247580216128 -1.80055102786256 -0.835431090748533 0.250071246027812 -0.195718901730356 -2.98723145041219 3.53759219826167 2.41867289330016 1.2721474156757 -1.03979869232268 1.13740929133794 -0.950882692426807 -1.80252384568993 -0.91584674618239 0.227500267414224 -0.527078228321213 -0.644391925084685 0.996945095865449 0.00651941550763722 -0.955036920793314 0.706974055372738 0.326682882111259 -0.103753110416887 0.19349667293573 0.264628540592939 0.85954183054113 -0.76311282135702 2.52069540961754 -1.86820496824234 1.12056058518283 1.0834833978769 -0.907188494569679 0.0034921760176094 -0.187919336859958 -0.992162187326921 -0.845673669264675 0.998709301210104 2.76246589518085 0.58091726819732 -1.10582026956685 2.53506372945261 1.7977003633792 0.416653243323152 -1.50289531750774 1.71333072427387 -0.260712803289799 -1.15418931178822 0.791921575038327 3.05108156274713 -0.136820409337522
"138" -1.78452298408438 1.24502622240135 0.555977333509377 -0.345774653415995 2.54325200216543 1.4966663612529 -1.75249676521884 -2.86553436038728 0.24832662436831 0.391761902878498 -1.56756316647373 -1.37027360745925 -1.04586078056954 -2.72689950467818 1.91766902669379 -0.016698206175788 1.90901161554366 -1.79207449804343 -1.70436646387641 1.31257120361271 1.05327348139345 -1.07723509850453 2.17474291998165 -2.8023483081213 1.8632559430201 1.35196169058396 2.01213094942108 0.129109380131345 0.939635887366034 0.599652929401206 -1.37048606771428 -0.513802984588513 0.438653084389035 -2.6930201306006 0.577562187034771 -1.0003797999588 -0.198518837632654 0.404050365088726 0.255171941277527 -0.419570306210624 -2.36262775355457 -1.37296283609571 -0.696364668381893 -2.44770026190204 2.7558908606649 2.37295553884811 1.80019958579053 -0.262232166876063 0.63320936556058 -0.363732632679619
"139" -1.11968013183255 2.30153696989385 0.992068954399462 0.617852998386621 -2.06466322379271 -0.56332388752799 -0.581589136450376 0.589873658314735 -2.53035945268991 3.6647782644553 -2.12464176853645 -0.337527208072806 2.3512558761235 -0.0357730808483995 1.45985794906436 0.69598358627984 -0.717583281232302 -1.85047927450544 0.297525764793737 -0.164365360481253 1.43342796224949 -1.17196786653063 -0.504543061820999 0.608249534036625 -0.19568102870636 -1.44697233805639 0.449773961061885 -2.26681719662461 1.49395073110868 -0.869352379720432 -1.67386551696382 -1.0669350302563 -1.08728657506783 -0.738745354572025 0.537078120835118 -0.784013686089811 0.492669221242157 -0.230443638700885 -3.46749954422175 -3.58633510799073 -0.930554840103113 -4.26303465880056 0.681112170533481 -0.764918424253126 -0.983516662760628 -0.347268054076555 2.16444503914951 0.107405850609517 -1.93328362454926 0.834312132762504
"140" -0.806350880576216 1.71820615693624 -0.316322360174792 0.863525621976281 -0.755113881391652 0.0612775324794787 0.632656977812789 0.268092162339385 -0.345537899837188 -2.84700029809084 2.57587996034872 0.791824267887887 -0.134848434705127 0.195280081147499 1.86471003551008 -1.86688644243982 0.654992549719166 -1.6503172521702 -0.812979137283132 -0.165984792342252 -1.48734351837761 1.16932326994877 0.337384659983992 -2.38755322879267 1.89896744593486 0.439425666263724 3.51539563423096 -3.10998386954965 -0.487603078035486 -1.06887511285246 -0.891642374700087 0.684281015406261 -0.567483161917212 1.08552660725342 -0.850852675060763 -0.0663741326132365 0.606523025413533 0.641207052461116 -2.22881981752837 -1.43917171872717 -1.5013104343855 -0.381347177162174 2.2273166783259 3.20487015735166 -0.617248501426184 -1.04416835504024 -1.34078514463435 0.264701889062268 -0.469739740560528 0.776101366911601
"141" -3.19422660489602 2.53351177365974 -0.779058705977888 -0.697083950786099 0.829433079650972 -1.15572782967943 -0.0259706832102093 -0.35587678778609 -1.50244487950458 -0.341501214034351 0.76528426680238 1.60307933938081 1.27470562264392 -1.82191614414081 2.3927819337807 -1.62123863401441 0.850182941622089 -0.0712579131592545 1.63966513000866 -0.224992474195422 -0.431554751549747 -1.91167834742045 -0.252706569591599 2.04030946342553 -0.625953257833833 -0.78011312151011 -1.09392215355089 0.00216043648638984 -0.2920034659818 -0.562399075836914 -0.957551207729742 -0.419904420013519 0.606580542523396 -0.843081171134177 -0.0284449182241957 1.34296730340439 2.75621281628146 0.105881272788044 -0.382085886789072 -0.220933160915388 1.19341728968829 0.36509600199169 1.40710399870942 2.66501784205752 -0.641671423693037 -1.35008353012912 -0.708797944904308 1.06309872788592 1.68335506072759 -0.946670469719132
"142" 0.279192037631363 -0.673102090220389 -2.509172198572 3.79303533152989 -1.45644690069159 -3.43789279079932 4.61783714131226 1.06327113905353 -1.31132955067692 1.18457628787331 0.21472774260947 1.88289844774542 0.92582555211411 0.616369476821839 -0.297130456295045 0.616084584269509 -0.756792099432538 -0.137949269441799 1.19805632457686 -1.8026826519606 -1.18981624475832 0.866973252725601 -0.578622378874776 1.18344972878588 -0.173528779798151 -1.55032912049261 -1.1143149180878 0.219098171498376 -1.18636627460322 0.516351945450187 1.67761109861669 -1.95808199430747 1.47211313305398 -0.97221258191334 -0.858385554143058 0.0103838818562139 1.71389455971496 0.996872945540648 -0.311924499463818 -0.445443177549104 3.10866807036674 3.12235949995992 0.776179352926175 2.59540585548597 -1.13280142283754 0.80875848415686 1.8807626645909 1.29076879096246 0.658488264140377 -0.053107440075589
"143" -0.144843337173293 0.330188638158002 0.421080469108256 0.853546404951333 -0.00959818767723089 1.86986191703306 -3.40656266894087 -3.07300969554337 0.0459817919310987 -1.19146578699319 2.25386418776139 1.96258215990458 1.75547429228447 0.267498995984709 0.736915768534132 -0.612212016097792 1.42834366369988 -1.86486916761627 -1.73956505561422 1.79602077653194 -0.117855279226248 -0.322370940320055 -0.160734260908511 1.05035672738346 -1.79367106581166 -2.37784400225402 -1.63374491480122 0.861799016117084 -1.05917090832908 0.887081618279299 0.0442629870575772 1.63728927858779 1.9077719214697 -0.0547422674996674 -1.42285623043635 -0.952451043038025 -0.817901038305397 -0.789072867987671 -0.675499324231631 -0.980672374204827 1.60309112043875 3.63401681932722 -4.2452470463117 -0.272630155872216 -1.00530921552087 -0.65550503950565 -1.23163653103998 -0.93946735732778 -1.65638294985174 3.42493354543514
"144" 2.31469705341135 -1.28189732911443 0.89962324154734 1.07060406712109 -0.159728217320163 -1.49438705801778 -0.202175741120321 -0.599783437551401 -0.0407545933991717 1.03761471229961 -0.748482586386015 -0.420316212982913 -0.0504956258513404 0.052430032109847 -0.333262365574686 1.2698732660749 0.563998108892772 -1.19114030483751 0.603502073620528 1.15670236331129 0.798953374915952 -3.41254262726644 0.653972833559733 0.617694686234052 1.25595336721 -0.345358679129888 3.39449977866746 -3.18538966388566 1.3162797291585 -1.5200768682931 -3.02043137851767 3.124558617291 1.33543037839075 0.855412829377257 1.36897483791921 1.47889058991349 0.30692469415995 0.244892161107034 -0.811140225888596 -0.830420782195286 1.72573415755047 3.02864230317352 -0.984862383126113 0.0223375430062068 -0.630407021840523 -2.97051802820235 -0.95596886501096 1.04796415821622 -0.176764342775625 0.128705110518531
"145" 0.873321359090331 -1.6583123496016 -1.90928293383365 -0.211103464278883 0.171235491005689 0.500997902349826 -0.0918907939422178 0.155790177016047 0.0713603506300552 -0.580474355236791 1.06620534147027 -0.818686739977757 -0.933042173506913 0.396481230083713 -1.03191117386804 -0.264417080244168 2.40409822927567 -3.25441439094956 -2.44910642777582 0.0709349250527853 1.73556741980129 0.263388748714059 -1.79990372770644 1.87452668100283 -0.529834648836109 -1.46584930723447 -1.53001496329712 0.708921236807692 -0.652882179855577 -0.83388610500926 0.330004571348895 -1.81334156292414 0.593404743903233 -1.64205537562947 0.899945626539701 -2.64518374783485 -3.78386643447544 -0.288884175101447 -0.175779316883025 0.222560840825369 -0.747240719768992 0.00821690367435163 -0.744197543638812 -1.00649514953528 -0.284268222953107 -2.52699478017884 -1.76717915356947 0.34348359134128 0.0549530938986418 1.85553949918806
"146" 2.38088033521158 -1.3569777817421 0.066876202905795 1.78917344432813 -1.793017084378 -1.22386708491856 1.83345189334893 1.98745386409081 0.769829443477791 -0.108265296159968 -0.726826116105957 -2.4215483025714 0.460664227518044 1.58506636935046 -0.677660944121408 1.33870884932864 -0.347651133783144 -0.132790421670751 0.605810128848099 0.59116533630124 -1.98875148553108 -0.509526558613458 2.19911824713406 -0.206948683980877 -0.672233791624372 -0.699358133105004 -1.56644302600197 2.37949803454482 -2.49228926283691 -0.298373147000974 0.0572177703106728 0.572089333563514 0.192789091368506 -0.069262070914901 -2.41172644298912 -3.6188487722096 -0.723611069551823 2.44017630099116 0.403197746207496 -1.75453494614857 -1.80176740199946 -1.12525872503059 0.283132612721591 0.85570437668489 1.18942194782497 1.16909872392534 0.0545727825553927 1.560706341356 1.64668002725901 -0.462490602023372
"147" -1.065374636104 0.334104620555268 0.67212675049877 -1.01704803959884 -1.40178572829418 -0.698117748764875 -0.717507937455981 1.19660587053599 1.709603773745 0.300752394398255 -1.4309201224885 -0.939072345441626 0.210010010771537 -0.636833303414017 -1.32180781075332 1.13455259345145 1.37214447473089 -0.768045138816808 -1.04938068648936 1.67134686741976 -1.90745807086294 2.9751045357172 -2.90772757536849 1.45543606721628 0.052871083197908 0.0282646807721212 0.614160851468896 -0.58048598246893 -0.905264823593507 -0.206672514059733 1.15666792836499 0.262901759502071 -0.217720044698385 2.49370601103323 -2.00686776413619 -0.389071695534325 -1.44586427269905 0.176771631489357 0.57124678671376 -0.873132508756708 0.424721606387872 0.897583102830811 -1.7196529677888 0.609042983463249 -3.70380650602433 -1.35553642877525 -0.568647482884779 -1.51656888521412 0.865229853003421 -1.11550606211627
"148" -0.528272625809962 0.979342242547497 -0.35852754167761 -1.41883548186022 0.145939622219271 -1.95323240794119 -0.993142772653118 -2.49521160117138 -3.2007461985856 0.214127554256614 4.39006063773797 1.62782201929283 1.01093389447306 2.01967050981392 0.771519012832254 -2.60572671470044 -0.279849856481985 2.82988079511203 2.41525235206437 -1.347425144079 1.48742111892268 -2.26107497895801 3.21143112303824 -2.20500788492843 -0.350694393339275 2.05829378050057 -0.557219133155898 2.01162441288047 0.585258776955477 -1.26464814682016 -2.65772686142795 2.00730498788598 0.735984418312511 1.06700095132071 -1.60952959564538 -1.40521651099064 -0.377813410180736 -0.468849167498398 0.82660247497928 1.64825445653271 0.46848189655771 1.05510116068777 -1.60870774325043 -0.93834013408642 0.795340747051366 1.46912440493868 0.315583728690023 1.40910928490586 0.94271128853369 0.586187330820494
"149" 0.353651658840336 -0.96206224719769 -2.74930329361633 2.21866850397261 1.2973925888234 4.60303025575956 -3.93023883129621 -1.67564224172129 -0.420326557260873 0.214689493732504 1.00556681926154 -0.358491565991969 -0.069953914348861 0.203701808384263 0.190084953205947 -0.0736010605832751 0.376610225624944 0.0596272849339499 0.232363362408353 -1.10062601746856 0.893310004956523 1.48588842919998 -1.61634106994983 -0.124346356073679 -0.382247143672595 0.84801097608715 0.521362915242388 0.812169632853418 -1.24779623980115 1.02843734482835 1.35181704071928 -1.59465139180773 -3.94226268075118 1.73134830956832 -1.34205819216797 -2.12460373931175 -4.42783909549297 -3.11667216837589 1.36432276013406 1.26052366782302 -0.88793963859373 0.650591181494191 -2.4277377087813 -1.09418290756655 -0.608280909790375 -0.402320781694615 0.220822033898201 -0.531839024730589 -0.268123519128022 -0.620502680404182
"150" -1.7449951128994 1.04374079089726 1.17255538651489 -1.01991827987846 -0.847325675527778 -0.076944791158447 -0.998503524347351 0.11358117145495 -0.00716739013507151 0.450369194263503 -0.542059943060618 -0.547095675295198 0.547218455704139 -0.372264607941913 1.18725213447423 -0.865378377055644 2.69882469958486 -1.7644553836514 1.85798587157785 -1.91811758367614 0.950575157588997 -1.33202173771601 -0.594249905084351 0.376975045128872 0.982643122707889 1.19129079502837 -0.845106430064818 1.29702247986891 0.197118927604093 0.899106992091697 0.360842987279011 -1.04681961816867 0.0534775950933895 1.0080552742258 -2.43372042673626 -1.58024810504902 -0.662696104537157 0.513328709131631 1.16044982811749 0.971965287874244 0.979447232165404 1.77260709311895 -1.71777054356496 -1.42116368247118 0.596458676803666 0.234392960545984 -0.120261365107798 0.328603300532653 0.707834407732453 0.91002059996351
"151" -0.581132001412342 0.79419095836478 1.22695371100737 0.026863645513136 -0.857665000957565 -1.24588971221902 1.25747933801532 -1.40738558033856 -2.38262220540152 1.75157029413907 -0.240774542982941 0.779981317914501 -0.440726638709587 -1.77603007402128 0.223335770327967 0.0162495224879786 -0.498398839870321 -0.248211708546878 -0.11116650001441 0.177175022870556 1.64466964833124 -1.70753939199423 1.80751071614908 -1.56519832899954 -1.68434694261415 0.964561815794251 -0.435232233070455 0.11665495175819 -0.986325646298053 -1.53605475187242 -2.14785980927197 2.32446880967149 3.68488539187196 -2.9178619457591 1.05266134163895 -1.42216251487911 -0.182196747269778 1.50689640852592 2.43767676168135 -0.768179081393741 1.46583250076134 -0.576758014309966 -0.939711507744246 -1.55635368858066 -2.2759445977143 -0.639708930732672 1.62507626903861 -0.525366165430508 -2.19517835749648 0.297774627319402
"152" 0.0106512196412896 0.283454556963625 -0.291973188823779 2.38469433258609 -2.27451688786417 -1.8822936192124 1.93771306059403 -1.50212819177574 -2.50240788670864 -1.22628113100789 0.576186771587425 0.204551191658944 -1.78437521070682 -1.16160743409623 -0.688342843527561 0.319342598915198 -0.769765596209785 0.803607463082742 -0.521416071028975 -0.612444491338879 0.514614245525175 0.852293128712032 0.95484891506314 -1.33382847712441 1.49323331909535 -2.305910346713 0.443916882210828 -2.36835122315004 0.850604214450151 -1.14124942702231 -1.45237430150449 -0.705400610413927 -4.00785839859335 3.55958101684123 -2.40297634587433 -0.69433818036053 0.550957913924493 -0.472003520717701 -1.32674593085754 -1.65825798980958 2.108561829387 -1.06643180956607 2.46946173269526 0.528712178742525 1.26023935217499 1.77799448235128 1.78698460971171 0.945578652519398 0.428659838432429 0.750999378983289
"153" 0.59225012558607 -1.19740740393166 -0.455565132769693 0.974764394880859 -0.566979621988061 -0.17817008083286 1.3418673998013 0.975770018436228 0.171645858317859 -1.5166660993362 0.252186918072307 0.237292599089458 2.57783951795821 2.90161204032409 -0.503781041374555 0.0444057312978238 -1.07485163826914 2.30079869177074 2.21799634699415 -0.0759876381834397 -0.31704389783631 1.34245747045754 -2.15226092136055 1.37899340391638 0.458746488044198 -2.60879109154147 -1.99695525926681 0.236922294685359 -0.55995400105421 -0.567528347598588 -0.322452759814014 2.00429665837 0.533085591728717 0.381956591319326 0.356712343524887 -2.13353462530998 -0.420434193521187 1.15511378962152 -3.91813618845577 -2.75952584185048 -1.0899263797044 0.366188851886124 -0.330243709320274 1.2577264582383 -3.36635599218639 -1.84820666779364 1.46422597718938 -0.95557548389838 -1.80189818998748 1.6988529792168
"154" 0.589612329111575 -1.13830487442552 -2.72047585678482 2.56152343062669 -1.47554728594184 -0.45042030826795 -0.491241836281758 0.708635415824258 2.63053369117313 -0.541341351039577 -0.840586705598744 0.952242940500773 1.3939374420198 0.868936443774739 -0.798122648884735 -0.484036644321848 -0.161550302003664 0.0898082882977211 -0.243441604323218 -0.22948636980685 -0.392813772727595 1.39461041614649 -0.640354487973986 -0.45168517976825 0.184729387430923 1.64822939111783 2.89313004487558 -0.815955150490099 -0.584010316575498 -1.22737273118995 -0.493151954320614 -0.656457052106353 -1.12507351203693 1.45766183318415 0.309306589673894 0.402214515665557 -0.965415372630034 0.132129661027327 1.59863877313481 -0.308638620389476 0.0321190942705904 -1.13200241123179 0.574783862769084 -1.64928158679626 0.16273841475667 -1.90240582907605 1.38984711998076 1.56451296666109 0.524690594807644 -1.15610820294842
"155" -0.501079774556277 -0.892098502030385 -0.0790792790998625 -1.98354309484529 1.062618629405 0.121523829521645 -0.056102826047277 0.379751755894072 -0.724110839084277 0.875751392577089 -0.296430770745952 -0.801216455350593 -2.71915759409506 -3.06652527436414 2.05983216857204 -0.62924207191234 -1.84330717066763 3.35326376385724 3.67679340614031 -0.467131429135853 0.0278103371763191 -2.46608628500181 -0.241766472924306 1.78740603459558 -1.93692788749176 0.245386813586658 -2.00395791105106 3.00686658271288 -0.477437862762713 0.45676897717016 -1.97363302235386 0.34989728200204 -1.0535796403926 -0.59473687871595 -0.0198913932814273 0.147133927118154 -0.422265477467205 -2.21329315592211 -1.70302177882165 -1.2323832851494 2.0645338133907 -0.221811313843587 -0.474232940482648 -2.4977120713948 1.7441830445556 1.59450388939596 -0.326141809995257 0.389845001127131 2.22178971858793 -2.18631564606015
"156" -0.357466206481743 -0.159776458985303 -1.71996473743035 2.1101158545638 -1.41962465859724 0.452663099100438 -2.05558220734709 0.105988682029368 1.75035563372811 -0.699491032648217 0.333060802020098 0.482996681894913 -0.81997100457888 -2.28507363392265 1.04775268183099 0.03770743328917 0.0372287603196962 -0.0366871404189597 -0.759518835688663 -1.3371139836859 0.419911854734819 0.882911290623522 -1.51152368391795 0.594235223693342 -0.341157481930705 -1.09530630565097 -0.251515736650265 -3.92435173926931 2.99015319601582 1.1054639221072 -1.53977160812997 1.45685280583215 1.24726937989418 -2.71809187120037 -0.092288478326423 -0.617903567302628 1.52695093824713 1.14126898509342 -0.112457460301387 1.10698165096396 -0.341136621811565 -2.80604410950468 3.55596492447018 -0.54969331217949 0.828096593888819 -4.13579154596427 -3.00212548558012 1.10130542106944 2.34659803121279 -1.83333359934892
"157" 1.5744295790692 -3.23744314236694 -0.194011501776949 1.27970696140317 -1.35270123870312 -0.650110479517164 0.61814333378352 1.29870141120357 0.916309408475527 -0.22378801856226 1.5336725013969 1.39495470836111 0.700563168799412 0.0352293042200766 1.87489673909277 -1.93370582493019 0.979506319498739 -0.175672627826096 0.100326396058987 0.396979623756459 0.962402219591057 -0.224327757815789 -1.8358191060249 0.728929501378645 -0.833722848494541 1.71657850752046 -1.28056886472261 0.620866033716874 -1.87180363275013 -1.05730971198115 -1.01428189107256 2.98649238818681 0.81081754116606 1.03909621177392 0.425016457996827 0.469037977204708 -1.22827365980134 0.820710819516528 1.72665960892858 0.346082302608837 -1.2864050569828 -2.91697467962479 1.06813398037193 -0.824841503391611 0.815070339046482 0.328606774808648 -0.545631961203388 -2.58240132492232 -0.950831125575443 0.501394719591603
"158" 2.53382745561111 -0.666156412503168 -3.43048207952199 1.49688905510034 1.65118159600194 2.4055559432812 -1.83662174334628 -0.104009839786901 -0.343598688863806 0.230735278532343 -1.13334399220842 -0.405277928474214 0.466999501786355 0.575661417686101 0.0967148860436728 1.08653536849173 -0.278663048771424 -2.10753620635119 -2.36258175328232 1.46878418126161 -0.361960402142787 0.20190192600033 -1.41892920245737 -1.31307271194022 2.0462054729331 0.248239429892443 1.13831382288113 -0.444815730089111 -0.969826962452484 -0.946374204381259 1.04970522449853 -1.06252362214629 1.10414297329909 -1.29884206719026 0.517009805918734 0.205572857031351 0.22969868671197 1.12834041569872 1.418270327208 1.28187694828091 -1.5516710984601 -1.43723146469625 -1.00627095960114 -2.9559553446372 2.72988215762232 0.615739405922115 -2.41986690510165 -0.420986077798488 2.71178574433216 -0.535091302966415
"159" 1.21787345365867 -0.336988931124697 -0.887466379460874 -0.174994106820073 0.00811905577604958 -1.47815994304089 1.93546956619795 1.76293727144599 -0.919131714496986 -0.612762975149003 1.99291436112421 -0.796094521224743 0.284535918505886 1.19844761375496 -0.482900769333476 0.0123341662502279 -0.663154095647477 1.90546509908055 0.51211438829844 0.765107135958461 0.502194713586582 1.79800216093501 -1.74627735854122 1.61318326480884 -1.29728761280352 -1.01632077766491 -2.93632454976718 2.23013783632064 -3.2296699476923 -1.47216657042651 0.555162824733438 -0.122636085736294 1.56998119033335 -0.982673805357475 -1.21583665679156 -1.08375119897153 0.0540340079209752 -1.599610725626 -2.05766688098341 -1.28935420792009 3.56662618840013 2.23473526583341 -1.4055056168534 -0.335036390261865 -0.134469823902337 1.16213828984217 -0.754771404799143 0.193035268652208 -0.635428303481158 1.82537294849065
"160" 2.45396185721646 -1.28177917086642 1.16007402542331 -0.116379425831185 0.369970718008074 1.36954000517272 -0.444911649796777 0.955197850794469 0.224520568913821 0.688703071956044 0.0874909808559018 0.549423325506083 0.0735267037130864 -1.06885281358819 -0.434143074066604 0.716684092919387 -0.380840860870394 3.16642116390316 3.4174526138702 -0.527740772501919 -0.0846117375839931 2.06874925735125 -2.86368540555118 1.55080397731827 -1.27260965275201 -0.353749869509087 -0.530904131351558 -0.38153700039871 -0.0807096264730822 0.916792048564408 1.19963276167002 0.82430059425105 1.26555640891955 -2.60812450282156 1.60403913408065 -1.41233003425631 0.973568869836308 0.849111213778021 0.362609751035508 0.232320479994224 1.22732655848172 -0.370676679354891 -0.44196112723947 -0.235393693068429 -0.350318227433569 -1.48832076842836 0.0576784614141091 -0.309505571296969 -2.85671214794327 -0.939616351914481
"161" -0.194816101307336 2.03948806747398 1.89701600471048 -0.647125153077523 -0.249950953464339 1.36347838915257 -1.06132279744389 -0.668310456733676 -1.26213898332803 2.94619596732516 -2.95777619466117 -0.167920309497264 -0.119238200751682 1.19120944402566 -3.69397952005871 2.17415993800858 0.911947343488843 -2.32010441254521 -1.21024597359466 -1.56425044573977 1.78662935689874 -1.36443448828977 0.637480489235471 -0.709472786339482 0.701997722559427 1.22981511961111 1.13312666180068 2.07613466041867 -3.7223142612646 -0.617184564672388 0.238586491990191 -0.182132571810116 1.09691540143966 -0.84279794547438 -0.208127398051509 0.157821202764378 -0.956669946718555 -0.904794457972021 -0.244088142762445 -1.81839426744927 0.452007115637637 0.0791739993409833 -0.389932102087711 0.168718914083795 0.360410853813775 -0.842097218873812 -1.04327707334454 -1.20776765441149 -2.71256437814074 3.05270310073829
"162" -0.64181129377085 1.79684697798602 2.50247629759511 -2.81649215394632 1.47217055542745 1.82088191090219 -0.815008644016363 0.0234188709116929 1.34277464260653 -2.94465050976877 2.61658117840172 1.3302392322574 0.1487587072879 1.68537240801414 -1.09361488700725 -1.09435429682449 0.675059187051207 -0.230203684623278 0.60306055263936 1.10083204267952 -0.956883914406693 0.5575237642381 -1.8037310861644 -0.985652642436823 2.64493655591245 -0.89822752731961 1.27375816700207 -0.28111449473829 0.271432084125159 1.78358764947809 -1.38273736340508 1.82098108967568 1.07389720462497 -0.0449854705898643 0.18830748572787 -0.590345082806229 -1.53381551867892 2.15073235682792 -0.0217921029009038 -0.878776720204509 -1.0951314274458 -0.216068601903465 1.19920637272918 -0.0766402916674138 1.65860529442328 1.88638312285643 0.758898229220065 0.148327154928387 -0.28985017311632 1.75890293412918
"163" -0.647224627006268 0.369982616393798 0.71624297089824 -0.987943940178846 1.9278710232505 0.765473052852983 -1.48958882895383 -1.23132351885665 0.44983980471426 -0.241976251817905 -1.23301370853286 -2.32513849940347 -1.69829578551122 -0.840774714638923 -0.476820510172998 0.239763577285545 -1.449966220851 2.42771418582162 -0.182391503422478 0.160570344614779 0.234714594614585 0.528896017396369 -0.556213316871233 1.18101951559714 -1.08633534243623 0.330912924625814 0.77101502763 -1.59911473781517 -0.928977143417917 1.07894386318786 0.883179769727635 -0.454421751214235 -0.450497535771066 0.793572668636724 0.239958647982831 0.820004787580917 -0.068646094775145 0.935158435923719 2.24282636767032 4.2592858011592 -0.985337070688424 1.69843023262263 -2.10940901829931 -1.94528578551291 -1.12615892309447 -0.463390768500954 0.811165705754629 -1.61543435784188 -0.0452616469933216 -0.800372392973417
"164" -0.807663538485476 -0.984914801016411 -1.64281593343988 1.65405403112656 -0.998753424954549 -0.756516916540925 -0.0771446148191932 1.35185339485453 2.55267585254508 -0.813521015850638 -0.304853996833185 0.151392032078935 0.631798012467224 -0.95268490240917 -1.10282274033249 3.99448273551673 0.321074482905717 -2.66327957323477 -0.0091609097444898 -0.917720751424313 1.57937454079139 -1.03918617451622 0.974181315737489 1.16092344970668 1.1345519513897 -2.51086649736978 -1.92307049869937 0.642936766487642 -0.106820795605709 0.267453921515792 0.205547697848233 0.0388630153461231 -0.0277431608001904 0.867799876388845 0.0439702952412157 0.746929081819065 -2.54660978132885 -2.28517605377918 -0.955693513088073 1.54881193062533 -0.821605092153957 -0.667040197310062 0.599279994939566 -1.03323206662694 1.30760207912122 -0.262581967150687 -0.774017877269687 -2.38716469161083 0.198574066370061 -2.68411203837103
"165" -2.33518068649734 -0.239746643169205 1.21290727595742 -1.07573869037018 -0.935853853628983 -4.03738735910339 4.5841109434716 1.43068424407027 -1.64072851035479 0.146991123640508 0.400920550606345 -1.06114043129151 -4.00426312820891 -2.54862348351396 -0.380079344207804 1.55797675537806 -2.1179300065395 1.49924483565184 -0.569787191850376 0.0489495062957793 -1.18539134078297 2.24564716495283 0.0461372238947007 -1.93256146187302 2.55302401690522 -0.798369261411245 -0.221226120732812 -1.48704361105256 1.9182671511217 -2.19492454706687 -2.37760732409457 -0.660166082294553 -1.09471260164588 0.801313155554793 1.28092495815135 0.593595888121722 -0.104992121388461 0.326097268677465 -0.942792879949385 -0.128271867936844 -1.14181814879256 -0.468704197200899 1.35174619039892 0.315091877186803 1.70422637189043 0.0541680145868169 -0.614697210248624 1.01143058106762 -1.07682789536956 4.0317010276716
"166" 0.537372807693988 -1.12985002965834 -2.21572511253208 -0.317210518959233 0.892073600870619 0.911083450307527 -0.652035602731834 -1.45395434227487 1.67962303656563 -2.99871424470207 -0.935199322703967 -0.529225355052418 1.27328842880701 -0.656953120845535 0.449360790765096 1.29519116262525 0.536623074434133 -1.04627084759009 -0.754562230000985 1.15811102014382 -1.09721030035535 0.131759194338514 0.406204822192615 0.67214670256597 -1.95585473673876 -0.00664169776078354 -1.00604339401812 0.771286381518459 -1.3402916218765 -0.63243321196627 -0.0294749976110498 0.844656411218225 -1.04842252671341 -0.0330927640385279 0.862249947843328 1.44872869503036 0.404671138272457 -0.212551434524869 -0.438698609020051 -2.29527613536854 1.72460715563596 0.24211380963029 0.0205674371695274 1.33969702660923 -1.71668809240877 -2.44748970182942 -1.5452747511693 -1.35710683447926 -1.37665106312169 2.14913429299793
"167" -1.28130099415373 -1.05023715236707 -2.01320673122139 2.52443998547099 -1.65951528397763 1.24464157238088 0.000153523233102971 2.41947961451701 1.73688841074573 -0.00227871047528722 -0.793216857574931 -0.181334928643305 -0.220720710293535 -0.297480676340283 -0.130508759111511 0.222744018960504 -0.172668731684099 -1.8074168321134 -2.1355355473821 3.51651104446777 -1.56455919710489 -0.384630244975238 -1.14104502542616 1.12148882479143 -2.11296410129772 2.20707122876555 1.40823255298876 -2.34018611684381 1.3270997084127 -1.0754677579606 0.473582598371457 -0.542960158040865 0.603110644465016 -1.15097253713811 1.19139599501984 1.63261743402215 0.442582096650242 0.295073688333265 1.58270529690249 1.34593121445324 -1.27967388767571 -2.81238925626792 1.49473278399501 1.50656548919157 -2.28527898691888 -1.72013935581951 -1.80937102070187 0.870844196449873 -0.291665412316307 -0.17578852425135
"168" 0.0423285783048149 0.857147497249739 1.43190501232182 0.930693369974185 -2.31922506966147 -1.03413194599559 1.09723187160935 -0.60624312314231 1.55508816920195 -2.82158100957209 1.22454770395997 0.533935272258358 0.877610309759874 2.89596770923584 -2.39020405589193 0.508753477780535 0.517058425018962 0.116067276480311 -0.0647571811726109 0.860014296906537 0.0938820042564914 0.192037957628517 0.21375463051397 -1.23075927848191 1.78226907497559 -0.614034772220286 1.69011968921581 -1.16117389352499 -1.71247528758798 -0.22411130014957 0.0335833150236593 1.2279985213742 2.44534950955823 -3.26708027182729 1.68750986148385 1.5888683889664 1.29382144668779 1.00956691104374 -0.0491137741945884 -0.783136560005197 -2.90631709448067 -2.71878811266961 -0.458440316903973 -1.23977274002024 1.03081683001189 -0.316232066126822 -0.842297845603874 -0.969011446947332 -1.11738123012789 0.580506691487605
"169" 2.70294534870616 -1.22581078301337 -0.723047290275831 0.538481080260672 -0.52896881371194 -2.85416057237089 2.60198045069134 -0.870196815610644 -1.20244227459627 -1.09277505493784 1.19183577147606 0.723434024766473 -1.31278835476019 -0.807554198462127 -1.47556106225069 -1.87582518286588 4.25885573662103 -4.78347913873858 -0.71790586402666 -3.13561088080445 2.33774719814699 -1.86120756330978 1.46230530763489 0.360959825082761 0.924705384927599 0.131018637657129 1.47609735347121 -2.19488934118078 -0.340393134723631 -0.639383969750317 -0.641901367068062 0.893154571613728 -1.77009564100043 3.15153739246723 -2.04499640077602 -3.02640813772341 -1.70834986224368 0.190758550941697 1.47017139701202 2.84387768572121 -1.33658447985359 -1.19621883536807 -0.71993289539386 -1.94793477819276 -1.18669191523187 0.411191749079774 0.291937964979617 -2.95859132297777 0.296273117398221 -0.945245789757483
"170" -0.806813582147912 2.2550743880976 1.23966176527356 0.859244065305275 -0.120019297646225 -1.21820272209832 1.45951772181476 -2.33133934782654 -3.03787280458334 0.594069012588673 -0.424177641792391 -0.983736678506368 -0.263126439834813 -0.645561734267927 1.38902095335871 0.524621205752524 -0.0163791615598045 -1.68956459376593 -1.60055836758525 0.295706629448205 -0.958902014006416 2.32581637758303 -0.526420532704148 -2.21638661639745 2.70887477642712 0.795569438050882 1.45696292335606 -0.29661139431236 3.04869767487762 2.83813645064882 0.979615151619796 -1.25813671859219 -1.40141618610208 1.02590959989527 -0.625266498755823 0.476890713244974 0.203960210899909 -0.82171131932546 0.241112718139558 1.29900502873513 -1.90681839549683 -1.67010783229771 1.48735481674732 -0.0372630571470281 0.702982119688631 0.728999781574039 -0.281857365681354 -0.246171920980568 1.21582702835215 -0.910885323543783
"171" -0.822797106648683 0.444254893702572 -0.389232396758651 0.014560813471908 0.435908838588173 0.345703403770412 -0.157071078838694 0.173293136069403 2.67687352777379 -2.31455313362459 -0.361803426975859 1.04526392558427 2.65224926362988 0.952500099180377 0.157296733312603 0.0101838532133847 2.18134312093136 -2.13638546890244 -0.942454327497876 2.07057485937872 -1.54445937197654 1.00996830810184 0.0102822661452858 0.106987762226793 0.71423129690773 -1.4283045424077 -1.6080793304651 1.67941874156172 -0.0343245774556149 -0.0850321573221716 0.513955459072279 -1.88199917080912 -1.04290704663281 1.04643956810928 -0.38298307242444 1.07558048556031 -0.372495443674204 -1.24459145739065 -1.03478957332947 -1.54196597463104 0.759501234546533 1.32055883630941 -1.41635581028208 -2.26751082684315 0.897192435111608 1.97722219317196 2.9462095991562 -1.08618994073669 -2.15069631315768 0.0680880337233394
"172" -0.903334009441969 0.384402786644806 -1.57840552513799 -0.457678181697681 1.43907571483223 0.308802017453386 -0.505170943378102 0.62050622181841 1.30924650164214 -1.92807758786613 2.10363930190731 1.27833312776317 0.479569896045284 0.570865677215337 -0.525479632403609 0.705564548430745 -0.310965303661604 0.230331431098922 0.661111134948121 -0.600741639156495 -0.890212647834637 -1.4111535899208 1.51171613099024 0.967384213806623 -0.0246062602793784 -0.674909923447451 -0.442221384620259 0.895237310323034 -1.71832069812022 -0.439597011648184 -2.45126279195495 2.5714608696763 -1.42920195534016 2.37019297042019 -0.490714001450181 2.38369042994058 1.28497982519687 0.702803356583259 3.59126378564635 0.986824222080611 2.60705859461215 1.47782986211614 -0.517894363073952 0.411526347577427 0.144897887346889 1.21578187881148 1.9401391049386 -2.29474777919715 -1.05897037141695 0.133707525434011
"173" 0.824849569591567 1.13272181249858 0.389810481393691 -0.425273137418032 -0.931623713423582 -3.22837617984058 3.42277080425454 0.93703458192023 0.930012001022834 1.82704411191862 -2.97248150500169 -0.634153104740898 -3.10852808301086 -1.87609846908189 -1.33747086135747 1.95754756302692 0.955445680572246 -1.30606435269453 -1.0942280420973 2.23380680519724 0.0921208325489386 -0.990584166049154 -0.284979093054978 -0.322007703786293 -0.262921316599718 0.428578225301388 0.550657245879005 -1.0774358966958 0.16624953924304 -1.09247875692159 1.05363408514779 -1.72520964190967 -3.18945539089181 1.84431072968304 -0.970393697736925 -1.57613686175 0.0366900976620666 0.210704660616134 0.0373221548545598 1.03578194689039 -1.14805382901141 -1.66656678211328 -0.550597537468488 -2.19793015666088 -0.649716295111195 -0.786055547744514 0.112718683976423 1.05276417114624 2.34180207358384 -0.813081019099221
"174" -1.00713638302653 1.10416252132522 0.591261662932684 -0.321224938098416 -0.0172461578503381 0.279677600133814 -1.26310386733671 -0.369879964214665 0.0746142090115366 -0.629621164753613 -0.15323471110461 -0.975940487135277 -2.17822474020683 -1.67612720083983 -0.5420972950462 -2.1503155436541 1.55918539494128 -1.58822634198961 -2.74191014578932 1.74514626130096 -1.016410094896 -1.37412099790736 1.05710948632897 -1.12518221478435 0.890629492088687 -0.735139730780389 2.13621283883051 -0.659399504999902 -0.79333451728745 0.293302356987352 1.41384877883625 0.843609019732881 0.715583476384465 1.05346365603045 -0.728688438407718 -0.00538951166355125 -1.85807016873981 -2.21074397387617 -1.57300755600076 -0.192769400722735 0.4296233439991 2.13080771249877 -3.06980083293933 -0.381063619678022 -1.49645754578355 -1.56228602993152 -2.13686238747867 -1.96236307309322 -1.71164410000753 0.214833461074883
"175" 0.141726354188491 -1.48831252778836 -2.99010319292514 2.74256958050479 -1.63610762804325 0.5186069217309 -2.05883069247024 -1.09980698478526 -0.422977947406507 -0.339296187272121 1.91492436108035 0.490024271757252 -0.276157094935765 -1.50194709847558 1.03013388619735 0.405648011160351 2.77331265289172 -2.21076901063812 0.55489993997348 -0.926054745207738 -0.0553923286073817 1.62953305072707 -3.18453349438775 1.64215096154089 0.0210115614788372 -2.12405871096789 -2.25801546114128 1.19096628706653 -0.0594158759289 0.654842171813536 0.823061975540902 0.835738960563771 1.35681580088177 0.85833431571536 -0.76218821332161 -0.348108612823122 -0.445019524363064 0.626511404850631 0.182547222248344 1.08657393218783 1.30588167918439 1.34024337683376 0.866489037946717 1.23250489995093 -2.52920445179245 -1.44042102358182 -1.17276030832463 -2.23584328730152 -0.898536954898132 -0.425162057825352
"176" 0.535049602312567 -0.355401340625323 -0.607404072661689 0.66094818646374 -1.46806646098593 -1.81226770208471 1.29013851909291 1.13128182401998 1.91709035590982 -1.49259349482595 -0.843800518952442 -2.05789097467229 -0.165540023842504 1.01419040937921 -2.26817533086927 -0.959695226594712 -1.11372562742807 1.05128607377329 -0.40095792167622 1.26618479365489 -1.15240655999784 2.09567366640339 -1.19497969793755 0.0655795898136984 1.40096210563472 -2.26100316326262 -1.14724924138505 0.694559775833307 1.27401623583882 1.31673894776689 1.27895463013823 0.313207127179353 -1.34724495773259 3.17340518293364 0.0888388500101209 1.12296391704846 0.10975896206446 -0.867632354860269 -0.63308922211016 -0.212173937964278 1.02829300797929 -0.830520428215836 2.16036524202131 1.55437342051713 -0.678463396618436 -0.351232889772835 -0.989314023042592 -0.448636440646201 1.43262122352162 -2.95602237376627
"177" -0.706019398732887 -0.11475706039992 0.893752505593213 -0.61855523489367 0.846736077941955 2.42786209282642 -0.245041703658507 0.516511773408019 0.176847853490867 -2.02027514520376 3.76901148911745 3.68093268354874 1.78992236460956 -0.11971575085386 -0.217353943861403 -0.109549964367264 -0.854310912823237 0.00925877682833246 -0.172560166834149 -2.4577994396198 1.36072555998401 0.0229030655917139 0.300269455869583 1.59780152754655 -0.652474780195537 0.443402193294103 -0.432755117938337 -0.167879993435897 0.931714384204413 0.208409823701471 3.0733324339353 -1.74737084496134 0.541931387202383 -0.853769264654068 0.691057254921022 -0.661103012035958 0.313945178725547 -0.79441210374954 -1.51144041719867 -2.25067365194306 0.0515162517642375 -1.17394938973276 1.02801126266311 0.715124750146646 0.947308466236396 2.33785344360173 1.75695138469828 -1.215865908007 -0.354094205717364 -1.15795000729758
"178" 1.82888353829394 -1.44122337108718 -1.56646655476548 1.9591133712013 0.166301215629378 -0.482652298466089 1.3805641187803 1.23914669991615 0.541238154403428 -0.0663582891507288 -0.700613689610232 0.179190351500322 -0.482061111927488 0.848413813488669 -0.874693049685324 -1.03215093030527 2.38302886162015 -2.38637903226596 -0.464102469474784 1.14059595277795 -1.09422899058482 -0.0378348457148976 0.658740867784292 -1.1681133673101 -0.481645649996665 0.453753266235454 -0.267963761538415 0.543999144850817 -2.52693224731468 -0.454891510933725 -0.337936847995595 -0.466954607636991 -1.62290763689332 1.45217927547566 -0.736681942602807 -1.26497358740397 -0.322867567556967 -1.16958107026494 0.29378405271288 4.44028916680565 -0.0739495187249285 1.37950579505282 -0.996141002499129 -1.80067672453264 -0.810361038061584 0.194317111352463 0.19601189327877 -0.949790359520964 0.430297123239901 0.646865816419165
"179" -0.982845499466052 -0.539505501941615 -0.877392241864404 3.52504497609964 -3.67529021071301 0.0545546403173718 0.212654037222993 0.69741583740897 0.997688930141258 1.03622910368935 -0.8464629740333 1.22449566662571 1.22670341552427 0.251899906439279 2.39150251625713 -1.39488350129021 -1.42463151542323 3.32311981025285 0.837690007878038 1.36715378056208 -1.94205558899001 1.37892335340228 -3.2724044078221 3.64216844882075 -0.65626459316886 -1.06435193476499 0.586902655765424 -0.0518435405701803 1.28437461045861 1.04258949987122 -1.44617888474561 0.184726684655662 -0.494602419051577 -1.70338613826226 3.77090985500092 -0.042687465919624 -0.944791786112999 0.233024065764763 -1.27104689123831 -2.13840350118293 3.2522360785036 2.10422091558686 1.8056734145261 2.41770209975109 0.133431384621673 0.13300005571445 -0.728957887863065 -0.753821199365546 -0.775080894686236 1.03970138064277
"180" 0.144112075218888 -0.497919540174784 -0.511288811685501 0.981458765372857 1.69279952300707 0.617660505280568 -0.851877074107818 -0.584573130303138 0.694880609640811 0.698992866688537 0.890911271555247 1.23407955808268 3.11151119107112 2.58621468277258 0.251518186114195 -0.210372823340884 -1.44565737739379 0.54563018370127 -1.25042224873555 -0.287983352546485 1.40465775501077 -0.43636423372927 -1.01980035568215 1.13490545014522 -0.0578218476606086 -1.38034054468914 0.791709417230066 -2.35762877957552 1.11488092644928 1.72267920675573 -0.714909220926847 -1.05012598371217 -1.99501186597828 0.328315177780248 0.173869611357754 0.55092278215832 -1.07355606373094 0.121488296082727 0.120566779988013 -1.67305861126873 -0.60368870105826 -0.120308266441454 0.0691093582068091 0.677915645200716 -0.96474118688619 -0.243763936593795 -0.29159350239808 -0.653348362701224 -0.942525211136218 0.65708008205803
"181" 3.04589695669355 0.687977396147536 1.21182834420481 2.09141516599079 -1.46576204640825 2.12094907793131 -0.962621712524305 0.507139889949422 2.15067086022835 -2.51587309420917 2.90921366489671 -1.15927144326181 -3.84873434694612 -2.16750158139777 -0.274264085008438 -0.215535010929675 -0.528168605988414 0.672338571725966 0.914474987743311 -2.1674321085275 -0.276515463653144 -0.854637232099914 2.88870344709531 -0.329549482700652 -0.180170014469631 -1.86903076068957 -1.66398934018757 -0.415726155921998 0.642459323806799 0.48249464379073 2.09049317510393 -2.14535163318998 0.394221567188445 -0.36153939354809 2.38849528070666 1.77551249766359 0.510533868955107 2.1861858670207 2.06856720411358 1.347847783284 -0.331028794483806 0.507772419772876 0.821407730094015 1.29219428739587 -1.70310842240283 -1.28339801672563 -0.389359505632894 0.355124300102485 0.84010675226689 -2.62905709542242
"182" -1.1574658921901 0.499581443658485 0.449820483087887 0.461882595436225 -0.670965998239239 -0.67461732448945 -0.192071355756517 0.0752081057237675 -0.859000272085362 0.132864621791882 -0.200240461545139 -0.653503710944632 0.584581739888302 0.140049069697599 0.890676295578662 -2.99923368352187 0.477374144323311 2.52199497059723 1.74402230499871 -1.24750519752126 -0.231495493001911 -0.398181978873037 2.59059325128179 -3.30220082619251 2.26170648460683 0.277322203684151 0.605384583265229 0.710975292612452 -1.97853878111609 -0.923484028386002 -0.726045282866181 0.0211090016252729 -1.92662583075916 -0.164195923624148 -0.27582584055295 -0.1184854304318 0.381065615802155 -0.504565498394654 -2.01340839273402 -0.274130443327263 -0.588953196953573 -1.27344556089273 -0.585872892705808 0.290065527932421 -1.24502550450645 -0.493306380169596 -1.48428335603192 -1.65956709536046 -1.18401037780269 -0.0526394584040038
"183" 0.876044692575053 -0.427641972061906 -0.101816735375995 1.94581930431338 -0.593146706940961 0.736661921703746 -0.332581915712305 -1.86814908337144 -1.30579695680939 1.38393037844043 -1.21439935161568 0.0523128881368433 -0.513669882722545 -0.859145636354268 -1.49885029968293 -0.938407424895879 1.05848562739406 0.455197155221322 -0.20297313797107 1.51053744334445 -1.8666277934518 2.25166738767099 -1.83445227796381 0.401971042399096 0.504000779038606 -0.156267426304446 0.629674315270345 0.672242122356347 -1.70533222544645 -1.48368636273185 0.26777638867845 -2.07066564142075 -1.5522124736752 1.47842828711317 -0.656824864749494 0.39540569343492 0.571115266249032 -0.686057776138499 0.150867140886636 1.99862456596704 0.189694441793386 1.77366196704962 -2.23608631421018 -2.32281688144761 2.06221979332522 2.42345038757906 0.92191980569346 -1.59573487472153 -2.39360105966636 2.31712498928989
"184" 1.12296619864029 0.0353927316089427 -1.30948149000524 0.673474459702321 0.528504486252534 -1.64998047977052 0.866904247968414 -1.7097600273022 -0.911887392360972 -1.6774799699364 -0.11203894095032 -3.0221739023794 -2.84875069101403 -0.740908526474431 0.306465081726316 -1.20894222924998 1.64280525256377 -2.34270608644674 -1.40498363856809 0.453755741093774 -3.05124410718525 2.38196289402537 -0.509841221573597 -1.3687386375524 2.7628410202426 1.37908826103457 2.73596010177512 -0.719926778550628 -0.591510578538162 0.0252548067611195 2.13895293502899 -1.03951534613873 0.221566800161033 -1.03143231657807 0.670134851697336 0.668274125488889 -0.215491166211914 -0.324368893517582 0.0115911617932508 -2.26548388622236 1.83959679491212 -0.492780064935062 1.08463272642062 0.538168718321091 -1.11526749823558 -1.32150040363246 0.0759302932463485 1.35416178559536 -1.38368446846874 2.41959983562065
"185" 1.43402190583518 -0.88619092035134 -0.768830000254917 1.5315303071817 0.394295675849501 0.7507842490329 -0.432485322310023 -0.131105161761925 -1.57988398711658 1.32826636046184 -1.30014993478064 -2.08015428778225 0.22917807589691 2.9837769093964 -0.344396728012289 -1.96458407824695 1.14867600168818 -0.456351025363338 -0.869688746111561 -1.87173245151238 1.632901685823 0.719379076690553 -1.49393567269492 -0.372847052939734 -1.03491435190554 1.04303399331399 1.28495841014099 -1.6906771943586 0.459588466379185 0.75512900204401 0.376329284077299 -2.50287153219034 -0.144378047181346 -2.90467518845359 1.10286121565008 -0.28874687417745 -1.73475392498323 -0.705005179857342 -0.0828821919756047 -1.10531478563294 0.832152261862675 -0.598576719681184 0.450999294657215 1.38087669229337 -2.24791385442138 -1.72429422533092 -1.13491345342164 -1.22682909142589 -0.0662917645241009 -0.759152144122739
"186" -0.401648632805075 0.903119040123434 -1.24185676219413 2.12539556999676 -1.94582093602292 -1.9591820145309 2.6163704647018 1.11146594007491 0.0490396802559348 0.611800083566008 0.00795174524486378 0.500182557269679 -0.195627232945804 0.696971780877539 0.285887587640511 -0.987771355236676 0.301999722497232 1.32845592118859 1.31773389682482 -0.838426799430582 4.62333148066412 -4.00426921820804 -1.35478691249191 2.51147370696304 -1.94139093800477 -1.28113699481048 -1.8948884742387 1.09000889741441 -2.11345421439391 -1.44935520344503 1.31216385575403 -0.778837934577874 -0.112621099081799 -0.474182241994294 -0.52064775879411 -0.0823881043685605 -0.127012693524837 -0.164477921099602 -0.587464413049094 2.01080316039313 0.310783435969316 1.63025242335419 0.148964634634081 -1.10224083773413 0.946811284498427 -2.12534681268737 -2.32476877643416 -0.18890993990025 -1.01969061005846 0.750535494079944
"187" -0.184294053833313 -1.78989743634396 -1.18295228904047 0.362934014639381 -1.58646491411471 -2.2109253215626 2.2477617599482 2.13368469075143 -0.186244119113502 1.25525828708809 0.34658764059512 0.456448658372423 -0.913857734134995 -1.9460092136092 0.495837661192168 1.98294312350756 -1.01876719580974 0.521523250666276 0.871882964581385 -0.859644979305775 -1.33717690390401 0.815117554174128 -1.88649492930943 1.14863913144043 -1.60350595654709 1.86208323204746 -1.3167112692809 1.79656811254314 0.0436696760978991 -1.3745097987754 -2.23527859459091 0.834154280290944 0.183685107452653 -1.2460452480021 1.56808365337229 2.11772492131102 2.60697447437785 0.283578228886963 -0.704553330787999 2.03291325941042 1.01531111552687 -0.0964310874550544 1.55318887459085 -0.430322900691543 1.87883258202629 1.96246496888729 -0.10551075071837 -0.118246254000667 0.436969665115571 0.0167250710328675
"188" -0.596157191442359 -0.273853021740392 1.18802278960665 0.368530510321487 -1.2093491425771 0.700593534437723 -0.238330828437335 0.803429958392745 -0.748303662641495 -0.989229335709723 1.77143128891436 0.991034664970514 0.922142564556483 -0.940139429726373 -0.50987322553714 -0.250023813774644 1.82467447065303 -0.312506248076668 -2.83458989416165 2.69817353658024 -1.70204209271451 3.5686722713205 -4.27028585603568 2.37943796867528 -1.3110415198433 0.940446838910029 1.28587126219876 -0.127974945873811 -1.84668258726733 -1.62151434726962 0.0299132983289104 -1.5359115459224 -1.12040425928864 -0.494046107514685 0.612696420908112 0.903095069193605 1.9566074628614 -0.117028965235332 -2.22932610594481 -1.24159697788636 -0.0201353699778106 -1.60152605101485 0.071350918673567 -1.10927516537884 1.88693904574512 2.38687331973081 1.16169376110411 0.0380122325902392 0.484845301274663 0.317542797863725
"189" -0.412576684596824 1.1259714544868 0.0558498859277499 -0.0571612235399115 1.14525750278004 0.716886711189226 -0.314280099216215 -1.6290713014818 1.23097898899766 -2.32577315395646 -0.510392602120755 0.381747216807256 0.768149650429223 -0.574083913364282 1.58221744897825 -1.21710658321877 1.21823398515256 0.466215998964057 2.22670744021868 -0.24285334254834 -0.808206664376268 0.66552600912051 0.860033509070523 -2.75592504176914 2.00772434313259 1.89576922450393 1.37112294880327 -0.432460927474997 0.842671734427885 -0.674525937519252 0.0926617137232903 0.601974110895251 0.0508415568539745 1.66599662264173 -0.971440106804839 0.362705914401146 -0.609662346829406 -1.79200659817277 -0.901805673896054 0.393813410973588 -1.13263806246639 -1.73399296878345 -1.12300528475351 -1.59334706873209 -0.630501075347718 -0.0803115085451863 -0.76657579171837 0.654361182716804 1.11628526999099 0.954733638895757
"190" 0.168199672758409 -2.55383397125004 -2.4789695763767 2.37297998660224 -3.42987947323911 -2.05912314571715 0.488680309390141 0.246141734013247 1.35751537888924 -0.590809876199092 -2.98175578845202 -2.53069714536872 -0.794201072037427 -0.192253573554577 -1.58310869223376 1.10911123603205 0.46836602956157 0.930967128893112 1.13946968890849 0.191469316135891 -0.0352421423376429 1.44540132343028 -1.90688132114418 -0.335970430751647 0.435149413265713 0.235801988091863 -0.0273072398640073 0.58226132854373 -0.46789763951893 0.10128328963556 -1.33072189228553 -1.09095470841261 -1.24935358693087 0.331221284971846 0.90173763828533 -0.436753458524363 -2.75601279470154 -0.568146223283392 1.17657825497669 1.20773544902608 -2.70156817219428 -1.10454198570022 -0.307485570383723 -1.19314026750878 2.30874229404418 1.04788976487061 2.07239265275641 0.816424525952981 -1.89685538423295 -0.60859719524506
"191" -1.65816655561711 1.13199064219145 0.615399117437182 -2.01931026906805 2.04890219506867 -0.493969788923296 2.42809449476879 2.05292659851031 1.76190163434451 -2.3759507293373 0.874377664662393 0.214942676770547 -0.794776944306422 -0.521217986872874 0.592310776712029 -1.4395432883607 -0.951448301213615 2.83873156475928 1.17594692775013 -1.28045134715683 3.00536704491132 -2.4996993433278 0.108169640157552 1.39624396192579 0.184507973301166 1.0370578337097 1.191190290557 -1.20600942467795 1.25545221898919 -0.487770288935182 -0.543188692802206 0.535632343316658 0.295639347215727 -0.460035961124591 0.386658498904887 -1.39159736714477 -3.88058749054372 -1.09053096948591 2.83358150897466 0.543671693103794 0.173878227559955 0.632570210459126 0.944222796800809 3.28374816798841 -1.09883696035909 0.0860156994676392 -1.38213885399429 -0.247834639557562 0.739899757670054 0.33095972362901
"192" -1.02437092885258 -0.57783194184526 -2.2185297426449 0.439798952753598 -0.706933794184442 -1.3197017516798 0.0208022548745622 -0.752781573781256 -1.39976719402502 0.937952766685604 -0.0226893926869131 0.551257460080392 2.21425656705452 2.37834431751554 -2.39599881177939 3.38563981354335 -0.0127701755035237 -1.33110025476265 0.979166272872848 0.613319766054738 -1.67838246450909 1.86489813952979 -2.02838007865387 1.720104443462 -0.0539808838399373 -0.749324593867275 1.21832136538861 -3.58231169246573 1.53789969517339 -0.879996183791041 -0.702307546497227 0.491540092238671 0.363325560559085 0.25014226853741 -1.864045518174 -1.14744659049348 -1.24914150202262 -0.686293771788964 2.01431984813773 1.2851030577307 -0.488667202379922 -0.59445154465231 -0.223808457450955 -0.71754175127371 -0.750622563183426 -2.95518155375777 -1.20803052486332 0.0806828648585381 1.19597821487957 -0.864278339496421
"193" -1.66156772600601 0.604147203442975 0.805727527496967 -0.676714284385678 -0.615969325746486 2.14068181388478 -2.40017698857035 -0.842001120542339 -0.221022382904726 -1.27783880094799 0.0185528200716239 -0.610672490759373 -0.031776377061557 0.670802104244357 -2.06921275120249 0.779607030076988 -0.492319627022545 -0.353472677922021 -1.95798930713327 0.845049211478986 -0.461527115898162 1.48451438624343 -3.09086514840449 2.88069828600666 -1.68435961990042 0.990470222787284 0.344852282828046 0.651493026073667 -0.0421953496108157 1.25724542496436 0.989586658355447 -1.49651761266416 -0.522040838593833 -1.54920036805193 0.529854998746154 -0.676209284388828 -1.11762809675023 -2.2744780570689 -3.19850276156434 -1.54296173479348 0.00660011427736941 0.402078878825084 -0.561099424313406 -1.12120255077568 2.00370394377093 -0.784576323894778 -0.79862303342691 2.14931298289888 0.94574669231612 -1.26826029977231
"194" -0.760808693890646 1.52925815167662 -0.384123641802655 2.17340328094193 -2.6868458988277 -0.988200555353465 0.184081089961324 1.20405056453851 2.28733815701742 0.353304862809346 0.128519573681895 1.64227488647574 0.773317677369592 1.52867815635953 -1.3711280350595 0.850793803058049 -1.93151199632905 0.756310557220878 -0.35466545210275 0.183155138544694 0.954784517076652 -0.73988753870086 0.139678773705545 0.990036603725822 -0.918286912453521 -0.0508392375740466 -0.303461782823352 -0.529430279632423 0.396970011427873 0.984190535092427 0.677436324068026 -0.468544537727092 -0.786780158136238 2.88819653717801 -0.0179136899724586 1.70978028392584 -0.956322154395633 -2.22802213672714 -3.00097828029318 -1.01775366606924 -1.88478771934431 -1.28042520344405 -2.1591966992983 0.663832732297952 -1.70296701840326 0.808808077102581 2.34323883162845 -0.0742474424820495 -0.365631272248653 1.83294184664167
"195" 3.16980806132437 -0.556334479055699 3.27835308425339 -0.537112683291674 -0.784291011883426 -0.291050974852913 1.05603828174938 1.22284726384065 -1.08542920700511 0.0435142994933255 0.658914957834865 -0.743314087542189 -0.391064171589246 -0.40339678992676 -0.0328757580273727 1.34340247916571 1.29104551410394 -0.0790229700226491 0.000231706700367387 1.10612362307592 -1.1855320852555 -0.585995407704659 1.29041629251163 0.488688872818447 -2.65020006944107 0.649346715079124 1.32939758558386 -2.0487467767758 0.750474639428916 0.556138317549001 1.65984017517749 -1.99870301350743 -1.39893334883639 2.1907859225019 -1.63014579860756 -1.42665216058563 -0.102852813571374 -1.8064901288113 -1.49196610786364 -0.183365992278225 -0.973495917289584 -0.937790836331971 1.28698043995499 0.850031852877362 0.20426753907641 0.108473032992942 -1.44595950089662 -0.0847180528619001 1.51799393457302 -0.521803012325548
"196" -1.61759587622607 1.14422477365651 1.17447001840331 0.0671289413571126 -1.07540235667607 -0.476006806070352 0.472835854565683 0.0871595271905741 -1.55588365141659 0.430154189430087 -1.92180584063716 -4.16343827106743 -2.79525781488134 -2.54963495243007 1.36295329097769 0.626575656276332 -2.03400017692069 1.37658352307228 1.18072487133417 -1.89130194851602 0.553208151203839 0.387989037560385 1.60698515521534 -0.750049672232072 -0.199574414382102 0.0131229044696059 -0.890743391662828 0.283458311802675 -0.868352733229791 -0.0681137721719348 -0.503374970217419 -0.789399442412054 -0.761321920371566 0.33751946111063 -1.69578369535533 -1.74250834469352 -1.42916001099423 -1.40943700818559 -0.688671055176506 0.80968342265531 1.75320326924264 0.961626571992319 0.927124402371462 1.00205665676891 -2.44651961873469 0.459588203157953 1.94060836401411 -0.711002067882683 1.27713650751238 -3.86450259292498
"197" -1.00763010630935 2.77191881200042 0.0769164596360999 0.958540806846424 1.19972275866386 1.49187653505274 -0.47822587196646 -0.329030426489345 -0.634775883548537 -0.0448355148651438 -3.04728825853779 -3.35035783343912 -4.13129893978803 -4.74687629316062 0.534831636034988 0.0395433313752762 2.47126196528816 -1.71619289072586 -1.14553573820811 1.37427293443188 0.134029575376876 0.508575996706969 -2.31534653562351 2.26565711057185 1.2583952362283 -3.29016728031294 -3.82545356673896 0.672034882044866 1.07544122248838 1.13462657937847 0.784032257347248 0.669892799757983 0.867251596230777 1.15167346045683 -0.322559892950701 1.98647676223524 2.15143324226806 2.03004078295841 -0.00779259627691544 -1.5434983307441 1.37375354328431 0.886800898948045 -1.4863471851033 -1.21569109184245 -1.80922046686749 -1.01749187097091 -0.194432664117877 -0.370072608819064 -0.504640578385789 1.16705078523466
"198" 1.37760894595363 0.670709077094581 0.866372866552758 0.147548979420898 2.02129913247479 1.39603907506788 0.0613533519807145 2.03015679485532 1.44666016827718 -1.935736550835 0.24039618345743 -1.34052085994121 0.234065121447814 -0.0497020113308273 0.170996369485962 1.68139907771043 -3.34548178023884 2.7221199893974 -0.609013994279538 0.745668831173817 -2.04521259248829 1.99666458842854 -1.01117341922757 -0.147748799540271 1.48285626229649 0.735385346261674 -0.0949143003625066 4.3427356204355 -3.3448834647758 -1.45683281814485 -0.0497854638146257 -2.07823930300411 -3.52598617789179 1.63297455457877 -0.748697160727478 -1.28400496231944 -1.29667144036063 1.07145902718196 1.70708044284618 -1.70728742537798 2.53660097288112 1.76387044256041 0.163748740039583 0.673204755348545 0.117318533674733 -1.22568843884465 -1.90407424549346 -1.13996699492078 -0.150062336474792 -1.45569805277802
"199" 2.20777794405737 -0.748450799036595 0.488001202911088 -1.594653764048 1.05655204970658 0.174937467136325 0.753388683387837 -1.13788836884283 -1.18343998322756 -0.0187800193480702 0.599772691420769 0.0786824996769956 -1.03479703970148 0.656471791617168 -0.928146951107073 0.403907286041734 0.440058391505727 -2.26076443423651 -2.96771557766012 1.153616766951 -0.631205784616401 1.43775697612885 -0.357155368504211 1.47747649388085 -1.44038906209873 -1.57183061319441 -1.28526877647861 0.610627376853877 0.0782030635015072 0.187184485638382 -0.558987517131732 -0.684023367334639 -0.889953808904516 1.07320504108455 -1.1030453382064 0.069444429491614 0.110623017412383 0.923018126288604 0.78340255022432 0.315868029703875 0.592178742908892 1.09936095378757 0.122417275266138 -0.232099190062245 1.22892408404125 2.66991814484893 -0.0441747493505349 -0.560656105543326 3.69685810169685 -3.62581080508439
"200" 2.74071882440748 -0.889926496733851 -0.344523871121227 1.56438730699871 -0.981035840612388 1.5538024827115 -1.23109177031271 -1.913063904233 -2.4282402105539 0.430571818356222 -0.364185331440187 0.508881871824571 -0.0752827358142302 -0.441398687855316 -0.660186717472317 1.17858179965135 0.192206157161347 -0.54254444518568 -0.224705415975026 1.75587013641388 -1.3484362865534 -0.649510092627374 0.0741555740007551 2.19483250048002 -1.65539831097488 0.666797701409984 0.825017473518704 1.22998461315378 -1.41732514212365 0.557727986316656 -0.0123458673366214 2.07240170567677 1.67417239843264 -2.35265215357993 0.337038552487482 -2.30715886176751 1.02426520261192 2.43125800651674 2.8565664548986 1.24579009887588 0.759729631320917 -2.40089099901066 2.02611995348896 -0.0560799406179809 -0.869334653307192 -1.58288816165499 -1.70236109247844 1.2246815622253 1.31564833361949 0.178683202734636
"201" 0.267022694124271 -0.14629965963172 -1.4551426475294 0.906986129108412 -0.605381089153183 0.0515484915814686 0.11842164675396 3.55583675234675 2.97446253800212 -0.253706507589702 -1.32729170700852 -1.21269126670149 1.02409719854425 2.43558551079155 -0.609173630450525 -0.52240392845104 1.18378032566441 -1.57680603254636 0.210745319451789 -1.28781653398358 2.32905293371398 -2.05035083479214 2.53437352924809 -0.444727155944658 -0.667841019736203 0.11117821110322 1.52679746062923 -1.87045547591201 2.79077529015597 0.299571319834351 0.67868440077911 -3.18850275883747 -0.795389836436427 -0.809437449289032 -0.747638455639678 1.47775543965182 2.01449708831348 -0.479969201520038 -3.30989058733684 -3.46606764095888 -0.416581485719327 -1.1674737387446 1.65096043117863 -0.53679430176649 3.96585614415124 3.14412412198137 0.969865471128346 0.185339885119767 1.91310659024638 -2.48589400762617
"202" -0.830153788256652 1.99949859784331 1.45202111726223 -1.72412707515882 0.388332943755662 0.463183942075064 -1.81698693016586 -0.806440094439089 0.633144888760666 -0.367163959271645 -1.55268716616147 -1.51139923957201 -0.796099164088774 -1.54472705514455 1.79835120282156 -2.20437053972593 1.99117079227705 1.25465748136629 2.67383379028015 1.43730678424849 -2.67960433453965 0.220646079777183 -0.0625033658187819 2.57601152983212 -0.685989614002114 -1.0250152211199 -1.32268874689057 0.350645392745518 -1.40243211325759 -0.510155769920221 0.438462523307415 -0.30979824263607 0.0398500724540806 1.00783004996341 0.355898222265262 -0.324966341196441 -3.47556537278145 -2.32967306622929 1.19337483038355 1.89902243053093 -0.612890538362908 -0.878422701518762 1.43949640742615 2.58732551974413 0.710486206348784 2.51034211630276 0.114443211030171 -0.334458004516773 -1.59466062364531 1.94226336679909
"203" 0.0500515800663753 -0.0776447645455485 -1.4439388740634 1.19475645010655 0.385193822631411 1.91059835711712 -0.455766376193525 2.35039765553806 2.39454523307258 0.0907941843557102 -1.17302865569378 0.309807009838254 2.80555506917108 2.01572587905206 -1.29646894479583 1.35146403521103 -1.74595919436498 1.75191631316063 0.203430816849729 0.555522113773515 -1.04538995220589 -0.305596360368162 0.572818235647341 2.18615527185269 -3.76991001245242 0.794079200923439 0.406101736983087 -1.43711370385793 1.10170131975622 0.75348678068294 -1.19390148580017 2.47878897758614 1.83498496074639 -0.242001210014569 -0.942908003268491 0.030667787643174 -1.16411400003507 -1.54436938332399 -0.848749485994606 -0.243912093440772 -1.66945673698686 -0.0211649392727811 -2.22885857473459 -9.7182284934387e-05 0.359237430917707 -0.694731405196255 0.179775911132391 2.59618849204774 0.395113943879464 0.455159629371281
"204" -0.0138273274632347 -0.589694686370634 1.10755748818248 -1.72678641865364 1.53458581044882 0.785618666301158 0.769063190436057 0.31280282769554 -0.832786781376729 0.897255312668975 2.87740456189971 1.86095781147181 0.49609054736966 0.731220376794346 -0.644324704880674 -0.887631464585613 1.52154698812886 -0.884040377342067 -1.97457825844563 3.40123806217385 -1.1156278638625 -0.10584870980695 -1.66044587085369 0.319341605235732 1.40721248115605 0.553800629364647 -0.833292765412354 -1.28471214026819 0.68699896235646 0.0618632118407031 2.68329210132883 -3.60618727386814 -2.09382437622172 -1.25773885197827 1.27772265072734 0.957988395992416 -1.37327320018525 -1.25416361574792 -0.711217095303633 -0.882652812213956 0.681101182357217 -1.6469193013413 3.65612926739801 0.757136302578372 0.976344649462174 1.23127754515977 -0.384047141892284 -2.88128083656219 -0.274516736889329 -1.62263306509973
"205" 0.712526845987142 1.22843521216544 0.220026776091391 0.52130223955654 -1.3836510950605 0.389032237112574 -1.2531842722176 -0.368876149724279 -0.313936708161841 0.536313894956537 0.382951549785087 -0.651978375627551 -0.193400014942706 0.651722421803753 -0.541092465185925 0.585026943516333 0.284619285970214 -0.32669146584268 1.03839070864565 -1.2880953730282 1.1679046521721 -1.01437179198997 -1.49589116139175 0.454561232595764 1.92206657499858 -1.1858909155658 0.76632972457785 -1.66469126327961 1.23481514586815 -0.901111484991077 -1.87113037605625 1.27007372507758 0.099165096401129 -0.647600679124079 -0.195570964274251 -0.552032382519973 0.874815816341399 1.75624004746918 -0.105267055528709 -0.838895367495845 -1.08379469241664 -1.93392974821663 2.53356141937338 -0.149164149712136 0.448353462517716 0.376272769478741 1.19289942363287 -1.8012358303704 -1.39564132352922 -1.60441903167729
"206" 0.918184837889549 -1.90351990143257 -0.577618098813091 2.09567372456413 -1.9985786615208 0.345043491403324 -0.294225276787337 0.3068633234249 0.779838063273093 -0.723368157051206 0.688051067046951 1.15846078333319 0.150442071956013 -0.563680874090137 0.456113674988164 0.440415494795398 -0.539998310131283 0.0854207957378953 2.08604164281602 -2.71813217131622 0.349361844863611 -0.49837335066259 -1.7034850988303 0.497322858936079 0.564461758383488 1.11830856766845 0.674364920625836 -1.50547408807021 1.52509769949386 0.5333787368003 -0.530184942655601 1.29677484959073 -0.0502975905486264 1.0301669698272 1.48606359679539 3.47403516591674 1.29054125521604 -1.24542926426849 0.764934500695023 1.69039913293331 0.548508975253587 0.823152529629765 -0.58142561514085 -1.90634312200191 1.33208771844772 1.0719982795424 3.33264392700908 2.15021998490893 -0.240624820966437 -0.0880739577494205
"207" -1.31616377208123 1.43474016458434 0.0296561422058451 0.191747431447284 -1.05236620777979 -0.473922230090115 0.229850780173564 0.803861334580853 -1.46719019619384 2.58182117467985 -1.01534928533788 0.442664664334541 -0.585241795517151 -1.56096203123241 -0.435543184569321 2.60906272895648 -1.23517818829857 -1.94136061604773 -2.84431071876135 -0.36601674645811 -1.3024614743556 2.0098326050457 -0.857148744090404 0.677457980750914 -1.60692276848114 1.50122911186612 -0.90123991157233 2.24531334751364 0.706476713086906 0.395060385337867 0.740576439553433 0.882087676495244 -0.0977068153861693 1.62280158463939 -1.00994583137131 -0.295875837898127 -0.161948218449297 -0.308355785396941 -1.24587003873801 -1.23597213969395 1.20149991597763 1.08692263215833 -0.677608970517442 -0.0928775676673254 -1.0772351482204 -0.509889189551383 -0.382080047897262 -0.286218931186737 -0.840183622671014 1.74691406554062
"208" 0.524001588265558 -0.946671529353668 1.20993089746026 0.321240103981064 -1.11105170115484 0.370615221285207 2.06030749162129 2.28625071573605 -0.493136907195753 2.91147100141028 0.672722713583848 0.941289753367562 -0.268590592675253 1.80731896068216 -2.47115552671128 -0.26789343424536 0.967002387242774 0.126959826841952 0.241393053530835 -0.79326482455042 0.835337858605534 0.851261718420172 0.570583104416531 -0.997219168066197 -1.39085988080817 2.41992620931927 -0.071216574553254 -0.0717910136576098 0.458448296990697 -2.15180828505193 -2.22589601335956 -1.11137164010042 0.918946481155016 -1.34637345870585 0.353637745251771 1.33674290542036 0.358313648878842 -0.331116508367558 -0.228664582239027 1.59867983436229 -1.99847232067912 -0.734862957654101 0.827210825182503 -1.75384015965104 4.96742720152257 2.34662538350309 -0.232513281465141 1.79883438011788 0.844766516210903 1.13025618120245
"209" -0.0750365719830167 0.24180807084953 0.627429810721294 -0.000647248636754956 -1.2954767305706 -0.578567490171457 -0.693335012190066 2.18394985931043 2.86786854357411 -0.680049334069445 1.64906913130554 2.62545951750547 2.81908117840171 0.727140771109135 0.154793633940469 -2.31034079375058 2.23083537056566 -1.44355476688658 -0.255104146915611 0.154420954161363 0.0780531281756797 -0.650328272233667 0.945126715422783 -1.51094704492325 0.352314006506475 -0.0117146746092589 0.0243851420269425 -2.69549801685201 2.72025605890205 2.19023901853269 0.871730383999724 0.906286083138591 -0.664063042491669 1.97067887946127 -0.467149128185989 1.16783743676817 0.0292447878846115 0.944149305432735 -0.413948121130273 0.608585324735907 -0.323422407721105 0.726199095122068 -0.893283101117522 -1.77150027092038 1.2667958600612 -0.703654083001307 -2.1122985294249 -1.32790388788602 -2.54561559787848 1.79604949570091
"210" 0.914460008091373 0.120506081257463 1.35805871219737 -0.306455462877916 -0.00245112153838557 -0.135087936008952 -1.35939901061433 -1.29615152683802 -1.61934020888589 1.06181471067515 0.609475342928461 0.872682924015365 1.78739010666786 1.44654331554429 1.17103445799185 -2.40772366232748 1.74743894231859 0.0278232240696323 1.43513423338458 -0.537209446928725 1.8367815296603 -1.75846174478821 0.284582526870637 -1.14187358238156 0.815688894550464 1.09594690278892 -1.24782441791455 0.873866425380998 1.9305249901434 -0.438229440877662 -1.36264074929578 -2.13194836827854 -1.97394913717389 0.750747403735972 -0.577560525210231 -0.206239629884314 1.48772551316603 1.81541977179453 -1.22925626417111 -1.16376729884485 -0.829490472833963 -0.295045744668871 -0.890872126548674 -0.157003215733873 -0.436131354401098 -1.19167235354432 -1.10286465090917 -0.18046091345535 0.0322816376935039 -0.819469207529475
"211" -0.669573973103816 0.663267459164335 -1.5869542497131 2.05326970231922 -1.45381205435411 0.848959811767456 -2.08590845658075 -0.774346627562218 -1.46904004427069 0.523304739855121 0.881375234905513 -1.84854273042785 -0.151472261867261 1.75491212817477 -2.38845451471076 1.93111504437381 -0.372410899587956 -0.320297619611395 -0.488827977629751 -1.69910739618352 2.48798016596251 -0.669269242200465 -0.371122628561811 0.304063341761696 0.294862855311954 -0.218947421648871 0.289356935973116 -2.3832471348266 1.38483838484839 1.47159185988513 -1.26782321116316 3.18788828172736 -0.397360152100933 1.0853181773559 0.441217622017945 -0.172109759009607 0.550137436751425 -0.263407682523614 -1.4809999958878 -0.147105391519974 1.82130287657293 4.05216478128463 -1.28599845844594 2.05392561469779 0.813674704091281 -1.32274762520796 -4.30443436702129 -0.739776459032303 -0.314535953792521 0.985187678343581
"212" 0.192701497669807 -1.15863619741776 -2.93554848716839 0.705419625165053 0.402375890288961 -0.368190359101978 -0.483825700423838 0.747744487861774 -0.0411406948220456 0.404184916230745 1.78154060225767 1.84175315890719 1.12151325721724 -1.25517787476141 1.20456897523572 -0.48865837068878 2.1136924969606 -0.532576202827514 -0.134206021453771 -1.12865706806647 1.43958135322258 -0.893351463580483 2.5856524530947 -2.12863021136226 1.9124758826897 -1.68403402132447 -0.685706301157426 -0.157288172104378 0.445444847332116 0.151456458189662 -0.534199056826164 1.04989196940271 1.61028062442272 -1.20549134548878 2.8700163680613 1.25449559421131 -1.83953034946114 -1.62067106107636 -1.34295161965165 0.25466341057168 -2.23151538341726 -3.10179026565464 -0.350547816330473 -0.584524262244527 -2.13059085662182 1.62723686844733 2.44967433900819 0.303300111803058 1.51750011571815 -1.75051193520048
"213" -0.0643857353252973 1.37568131277815 0.174056188534627 1.36706468651706 -0.421904393577872 0.116026733683072 2.66528120257903 1.15610636507772 -1.6755134596294 0.747170043407651 -0.298579151362956 1.0519926548578 1.95835267909036 1.07979529880146 -1.84475407525942 0.344739354026657 1.51943446003822 -0.503136854938882 1.29630550519349 0.143957446007054 -1.59552357737567 0.262683954184883 1.21243466445827 -0.77525078272068 -0.615388586191089 2.39280656961473 1.23410298441974 0.579325015991306 0.928819321394714 0.371972497553754 1.17748021448508 -1.61419992582914 -1.63984803437905 2.19208187896893 -0.87652155344309 0.213351385124421 0.293871296395508 -2.1296499695716 -5.05476188285099 -2.21383436143789 -1.26030319873752 -2.02917757838892 0.477957259411067 0.524961998089737 -1.60929321643943 -1.93212802626044 -1.36522005819337 0.617943722337421 0.323282589674525 -0.25893618903064
"214" -0.186436874901197 0.159456185282865 1.57402247389929 1.21263697720487 -2.44562719371251 -2.47639207373514 2.05894559071603 1.05185140211724 1.26595460316601 -1.1746074621887 0.0769309363676012 1.71155583697473 2.96588937715324 1.9179151735173 0.0066522285157402 0.0220332398977225 -1.42166557893289 0.618794760256841 0.581829940073501 -0.471456925399123 -0.553011418246227 -1.05271473019008 0.426106578086768 1.51523831843536 -1.36968262960304 0.923520721033009 -0.545021001828896 -1.52026473054244 0.981011958982613 -0.807606376078577 -1.53690458696843 0.632779192563661 -1.09296202900855 2.42600265587681 -2.51220240980424 0.344792550843469 0.878837033160966 -2.11346584700401 -0.236394830370621 1.05524747320335 1.69799538572384 0.60579055946496 0.604236821423369 -0.966788922114264 0.456503254253617 0.579816895622916 1.18027284701227 0.846750132828746 -1.24303567233733 0.559108137804837
"215" 1.07104934282189 -1.82482090690391 -1.65119279318712 3.3702134458931 -3.27002617354467 -0.954836060618517 -0.315702905813414 0.800426134366572 1.37455838044196 -1.07817773680586 0.31161891240998 -3.75252027838238 -0.909142297691541 0.412146497392793 0.306159115499053 -1.97076394891326 2.69787688240376 -1.52096672890767 -0.557529264896456 -0.367133919188213 0.940926888051951 -1.56175844959022 0.356743029637938 -0.935414128190068 1.00566308369613 -1.10807038483191 -0.14850932287978 2.0843214414613 -1.11132126891844 1.89235676123474 1.1628972114179 -0.706859616200512 -0.143440006411532 0.329137983762609 0.360573085061985 1.63398697260048 1.10625955241338 -1.9472933402432 -1.739609966398 -0.936866607899176 -0.0498389699654752 1.54047766231909 0.342999320111422 2.34640210882542 -1.3185646797724 0.0232149089099409 0.0712451368054713 0.484076673878657 -0.386408864829279 0.203545472027011
"216" -1.1893972568564 1.63034955521576 1.01491138092592 -1.52912435347911 -0.732292583473292 0.1731867377622 -0.387730715693531 1.6232005667488 0.987275425997903 -0.433134411354799 0.800709539011046 0.884324845915346 -0.588382408855243 0.308130543383623 -1.07323086981448 -0.929854906235778 0.760306641586856 -0.556342674271496 -1.16910849355865 -1.05320724471587 3.00290112915238 -1.63986249083725 -0.0920707941451741 1.14628712211343 -2.16280838303571 1.9501551031699 -1.05549149654715 1.80633473680796 0.460751752501855 0.377356610824647 0.74456378551712 -1.10312750147069 -0.420875811188852 0.902822614869919 -2.22919188012079 -2.22889854243783 -1.43693701406102 -0.480802344425669 -0.852070075024146 -0.778420423312703 -2.06081005670454 -2.65064732563486 1.45048581372619 -0.393168474204928 0.509774936958925 0.462538840522208 -0.330605932355251 -2.45182957676881 0.122877595126348 -0.793362212070166
"217" 1.55238544747491 -0.73644423780654 1.82019352212473 -1.02124202520119 -2.13354696379907 -3.47056344168364 1.43938146473197 -0.635251921226493 0.209886102623131 -2.04772766926789 2.28818475087778 2.42230858286003 1.36499407587363 -0.0676209822455015 -0.28331611807323 -2.2258335508879 2.85071935006869 2.49058938503711 4.09591729644621 0.00339891177435042 0.830345902518861 -1.02774380327363 1.01981078103845 -1.79654077545919 -1.79596424525504 0.357411567061196 -1.35229134603404 1.21616136237467 -0.148187521656519 0.961497951197494 3.31530583029897 -1.05971571712856 0.0908546403278297 -1.23172911747588 0.116316057919819 -0.246082700116852 1.65186195329544 0.46083010692175 0.0122497528348664 0.333543513409427 0.173184321906726 -0.546767963856422 0.952615772000212 -0.134795939284648 0.251582095399692 0.392521668743796 -0.944338972282923 -0.521057286477533 1.10577047161503 -0.453055934110185
"218" 0.678065415264152 -0.0112305031421914 0.0988751768180534 -1.12667062047514 -0.117371159299663 -1.71548548110863 0.268456221930176 0.250416068853388 1.41978857173928 -0.0588466291884219 -0.603768795080121 0.825238247665945 2.23195375219828 1.08818266866966 3.23103923664608 -2.99951850744769 0.342461102105456 -0.327050136972619 1.52120777372572 -2.02736790680821 2.42492811114851 -1.64745666284416 1.63632935145377 -2.32875401611476 2.56925421027785 -2.26813688292268 -0.975560712226396 -0.471473364443147 -0.191283593923867 0.229642587969559 0.704549182074383 -0.461415594512564 -0.527655949084969 0.914826275371293 0.327322284428001 -0.920073147053598 -1.89955588276062 -0.876955258452736 -0.734230042868829 3.96192466489332 -6.57369694468554 -4.08161986905651 0.473845330214702 -0.677648687778892 1.39822576694611 1.87764965448938 1.83087007942335 -0.34249687796579 -1.14458363358834 -0.351816677584133
"219" -0.687747904616116 1.48299481426718 -0.8480002257748 -0.737279430885472 2.99505224924749 1.09524490883564 -1.18757724630878 -1.62805947505139 -1.34712661863113 -0.286261897358077 0.177144432078359 -0.920759588739884 -0.317671287024927 0.293058640520172 -0.542526946424762 0.156078580833504 0.127007500922315 0.934436023027981 3.06821102903705 -3.54982849064629 0.800013327116238 -0.207848366407997 0.352606331197182 3.63976234024789 -1.59978147919184 -0.528787365652264 -0.349075993567815 -0.272253457019893 1.68774142419296 0.894142477453367 1.21550554899583 1.60454282399766 3.31140786747194 -0.474811510456212 -1.64698666373452 -0.569409382510361 0.50308669427533 0.0490035861311446 1.44012421572638 2.1617648782866 1.06703908788084 2.34323809326353 -0.964358954826491 1.00728863895209 -0.0142516695690483 -0.517288678392564 -0.2875788660782 -0.568992262878124 0.100785088543437 -2.27290748275312
"220" 0.86766112643335 -0.19990069340852 0.448233080653198 0.641345964055124 -1.80008100203893 0.0812377411411472 -1.89296859427448 -0.201455700641609 1.14862470042077 -0.935445674784287 0.570686459995348 -0.0116266487968195 0.912500440431294 1.64800319378544 1.23066549247639 -1.83719310650246 1.06082933554766 0.282758824295571 0.364689947670746 0.879587061931468 -0.233404429881218 -0.849539049682916 -1.15391946496074 0.291317938133192 -0.346466920933278 1.24635337194212 -1.65138950699806 2.55841831785797 -0.149440361592913 0.854829986328303 -0.312817225798798 1.31296201138155 1.40497981349281 -0.317022004125829 1.05781840813026 0.635999397692694 -0.0569313147219994 0.504695726160942 1.34992289306993 0.612902577797265 1.9335862955164 2.64761360387893 -0.637350102733938 2.87042648813603 -1.60658852396949 -0.0743006244940897 0.169629613934423 -0.0271278287097733 -1.85727678910258 0.332812608752147
"221" -1.33401734577206 -0.520818610513206 -2.26734864481285 1.20650972193653 1.01608715492568 0.00575261477316314 0.501829580614891 -0.266095962787488 -0.0596278920124244 -0.206683294140627 -0.521716321903194 0.0452849821939882 -1.5899540895665 -0.0624473412210489 -1.05662208968165 -0.504349247048122 -0.0615724949050694 0.466362028795421 -1.3463377388865 0.0197957515094818 0.341307932067679 0.297743862005976 -0.266791070404295 -0.96107980371542 1.31426344738492 -0.13770798764573 -1.32005241037637 0.0273659326575986 0.898453527481008 0.899070692899061 3.46536329586276 -2.49352553137424 0.745923419088941 -1.24231600628337 0.988867777259787 1.84330661981776 0.758456970898115 -0.247502092912643 -1.22725684273313 -1.07426684082776 0.0513940569121992 1.12336925364152 -2.80589241466657 -2.04137207162318 -0.600979476106722 -0.4346653725772 1.45056148849665 1.51485995659285 -1.29739040349485 0.689997679098239
"222" 0.131033045783557 0.883071582914135 1.71252901877251 -2.1749951828622 1.0059257515847 -0.554300784211759 -1.46926530161607 -1.72269814888962 0.0952937315238785 0.990719668404478 -0.811526496051604 0.026002834757671 -0.203398993760123 -0.209303836318656 1.17087059459611 1.36807269431362 -0.548633605767489 -2.52692822528674 -2.41243525124387 1.39511582940707 0.534005791249647 -0.124240223771397 1.05961647926222 -1.31283973588059 0.219988677821851 -1.11385813274874 -1.22939582728568 2.56598739126194 -2.570680477999 -0.914301574473083 0.304508892105745 -0.951097857648931 0.134907430396483 -0.307704318649579 -1.77428393458864 -2.67522934246166 -0.445532988072906 1.08979855123097 -0.186255804531385 -2.04986748015832 3.14957957075221 0.19228591868943 1.30184882859797 1.06628415935567 0.986907316156756 -0.507705295769193 -2.22980090580567 -1.89514612098165 -2.53789992308938 4.48442864663153
"223" 0.325152236124225 0.40544809445288 1.45154495407179 -0.324419584216015 -1.10010697318302 -0.551644667360622 1.25273013045246 3.21332272012014 1.9005534107849 0.909116246633888 -1.49717539147026 -0.711460491315681 1.53046675933361 1.14483304723044 -0.442039586480462 0.586329444253581 1.6142567318682 -1.05431003764151 -1.83935208202543 1.34509554798859 0.511321902765398 -1.10925759507921 -0.991384867044165 1.30383738252045 0.355066368928196 -1.14701280731412 -1.13795737407968 0.474848048686301 -0.668718239748904 -1.32795262875001 0.0721687004750473 -0.178423566042675 -0.372899457082673 -0.412762660901729 -1.29311043596051 -1.91372925243383 0.791857504489435 0.0967048360017544 -2.17374494184155 -0.887544049449089 -0.853029117391952 -0.933735380049958 0.223169592222253 -0.404679926820859 0.116563502991614 0.258153146286129 0.267797579656708 -0.129708768128714 0.0990919511823349 0.536014250786454
"224" 1.24501203344595 0.459619797003311 0.445485617108486 -0.613254854205744 -0.0797657131861848 0.223994045432089 -0.300799834186613 -0.386051608254944 -1.56867185736162 2.35269078636157 -1.41072732553959 0.00570861138306317 1.24748808698638 0.31931138784391 -0.75843657096317 2.74364925884975 -1.46061321919656 -0.918789404000449 -1.67587273394052 2.37263590685858 0.284007172561009 -2.08562709962517 0.0700814908441152 -2.35310327014816 3.05408743803298 -0.998492457594447 -2.78173023106978 1.28653207583501 2.72954231188325 1.77810637564501 1.65650709896376 -0.663163812748361 2.61313099843089 -2.93415739565383 0.840251972031203 -0.450997244881313 -2.31877838579779 -2.14174071097168 -0.225943853454683 0.483934890749345 -1.6470636853829 -1.57483404042377 2.06986296599044 0.807349870915709 1.62855535739897 1.50349867440247 -0.294807427835578 0.719181022963041 2.84913321293805 -1.19432936040051
"225" -0.957216490773771 0.743090042638049 -0.537477405315097 -0.788033403631746 0.355954577837434 -0.290148677746309 -0.202914819642114 -1.30916911629654 -0.327574305697018 -1.36130352046315 0.886560962987468 -0.616995605239622 -0.275612918817215 -0.489886712739168 1.22010324491052 -1.84492199743799 1.93695188008168 2.81630100101687 2.92503462739722 0.713893079735428 -0.360289426403 0.985262617140004 -1.60448180018301 0.246292484456623 -0.222398785729381 -1.3523402739028 -0.84825598158275 0.818685693828314 -2.27139218144147 -1.01871470538754 -0.786052201131887 0.412089088553104 -0.997955649655751 1.05928899179192 0.421333148177683 -0.670566422237545 -2.67397304596375 -1.16418050348061 -0.514012579516675 -0.388001445949285 -0.0355491385311104 0.68716560695279 -2.14567895405607 -1.68956311814447 0.599971201506596 1.96289071101312 1.34713295449683 1.38744663908505 -0.419253177346905 1.589864460599
"226" 1.05990503966691 -1.45208468750246 -0.0284927772332828 -0.0192208017541007 0.55565213952366 0.215695924763155 2.02599637236037 1.13105829543456 -0.225289077019067 -0.189672807221441 -2.35243563062416 -2.46491222879523 0.484305062297497 1.64267323622585 2.02017632321313 -2.68206865587943 0.607807551150695 -0.442562608924115 1.89694603739565 -0.658499265088209 0.915053872160982 -1.32475256997606 0.170613218586667 1.12268525932638 -0.397450899634768 0.341750792014452 3.58170383913588 -2.30664213312587 -0.801260618349006 -2.72049876013081 -0.305866580094211 1.59358651670506 2.1194721434242 -1.11568380196351 3.23234116354703 -0.571288734613685 -2.67389697373573 -1.1315846879863 -0.751282154974731 -2.6813080366823 0.465582551306795 -1.04805029654413 -0.0601710423799799 -0.359509789892507 0.607179350485495 1.22112215465936 2.50858018179452 2.09913151423725 1.08082893160746 0.803296134962014
"227" -0.383156689023315 0.0619840356791084 0.0138413848433455 -1.73064429354735 0.633300985932125 0.487117386847125 -0.490256802614022 1.80534368965388 1.61022070231963 0.43179388642821 -1.64495151313747 -0.60727040489229 0.00969542814731894 -0.342627673905953 -1.43545751810587 -0.308197092849505 0.403802497269677 1.05137224190162 0.136072483473688 -0.566379149891458 1.24625261044583 -3.40193654195486 1.69405992516598 1.63475573898077 -1.24519402268298 -0.559115575538095 0.880550570980538 -0.721946325054977 -1.32259004889471 -2.38082244161171 0.96985044860323 -2.99761385902525 -1.06276013188554 0.272388897579975 -1.29563281452169 -0.960001649828725 -2.39659076175193 -1.43741825958234 -0.605285595207422 -0.734480057086628 -1.22751716813301 -2.27546996363934 1.71284481347807 -1.03559606762296 1.99271086993982 -0.202565232507174 -2.12646907704405 -1.50524110437799 -2.35751386953728 -0.355222477477302
"228" 0.248116568321075 -0.671605244631496 -1.6242119812718 2.23158343353678 -2.00952930882049 -1.19362667806665 -0.0829145333370896 0.247901919397386 0.208002454475208 1.1649175841031 0.0656587402535517 1.22389413305037 0.281559777614917 -0.688826277608774 0.758347905071233 0.115155528605736 -0.809567861869097 -0.746900373718531 0.664879657036163 -2.60610510956374 0.690804078572465 2.47897740794114 -0.13511512935144 -1.04644887283344 -2.45599420722155 2.97876258712455 1.10148188061552 0.536244107246939 0.204416945342583 -0.587152985905825 -2.1827288672291 1.08992181452115 0.750105231878114 -2.88980671383046 1.09513836802396 0.120837042266613 -2.05689298433369 0.123445832665894 1.29587111637687 1.51378457206396 -0.183848893952091 -0.0714883012852149 -0.8359293622087 0.126210282066175 0.492518289926136 -0.987891133828676 -1.52303754896199 0.166996001764732 2.08337112628459 -1.30761965280181
"229" -0.784568108848459 1.0482899259013 1.62966001960266 0.920923355181768 -1.1228601995511 0.352002012296815 1.93752775904436 0.356948837549242 -0.588284181802964 0.115984759016685 -1.23470004547752 0.821539988452357 2.53052839428387 2.77756201213091 -0.105686298357667 -1.56410697462406 1.07880313382828 -0.375968498713748 -0.0659044286476315 -1.09630619676511 2.21056374328328 -0.52382513491954 -0.252576000462229 -0.246970630327542 2.83664765732889 -2.00077018632088 0.0332911607942891 -2.19321922263226 2.62082214537135 -0.838024390770192 -1.11206233395609 1.05509303675817 2.58623638975141 -2.25906932931783 -0.0820412720117404 -1.59627239888209 -0.652304467159125 -0.818158899293482 1.78533489319284 0.730381437460861 2.61198637876615 2.02807028969012 0.658920616071527 1.08636443062673 0.0474629596514706 -1.63870912419555 -2.68401359166262 -2.91440619488482 -1.49308166550073 -0.147939699666525
"230" 0.0429481965425835 0.0931378017251361 1.2635675490513 0.766258952807143 -0.465747192029169 0.564181609257869 -0.696111312926136 -0.72025305546478 0.344638818274577 -0.741296717342416 1.0425652895228 -0.0221980773717973 -1.39159580585374 -1.26298094817845 -0.740121002242483 0.951668183578614 0.77274060482369 -0.867972591164776 -0.131801920121376 -0.58539292260693 0.440906649774791 -1.17723508990014 -0.35703030209223 1.12787577667806 -0.126489350306695 0.196578045060157 0.85564461638189 0.289987264178128 -0.499942188056182 1.64139420569543 -1.30943061635023 2.52098305771052 0.0950112174028375 0.33889933937393 0.0780921251549614 0.323107381761622 0.422027483541443 1.48539963495363 0.175948557413506 -2.22401380391267 2.1246289566544 1.2982488333478 -0.490818848950648 -1.18554691847243 -0.809924541772816 0.229729949737396 0.430728225907446 -1.39227188974105 0.833396145846318 -1.0346658848479
"231" -0.660890035340191 -0.662317740964049 -0.343013657373074 -1.81921237511779 0.684989208451965 0.18205486905929 -2.27352508987126 -2.62226956615244 -1.0643268966133 -1.12336968650918 3.21029888696158 1.96284134583522 -0.330306498774171 0.9562534746339 -1.71822962510521 -0.238196324920066 2.33904879346413 -2.13580630685741 -0.864992645849004 -0.858413547602957 1.88526635074525 -2.17918358794299 1.58593545341491 0.375512005339712 -0.0403414296990957 -1.49047154245074 0.869883226079442 -1.1528024863715 0.636526758090016 -0.405557358268227 -0.127872581153503 -2.09295583714951 -1.41594244501408 1.37475968025215 -0.474004969364934 -0.528570858169738 -1.46613737285144 -2.91931678839585 -2.72169272071088 -1.02971644941759 3.44830764659198 3.79902644941952 -1.32582131458127 1.97668279360123 -1.98580756810094 1.24053196102906 0.46467348018335 0.0856729077513193 0.688134484086439 -1.3695037739422
"232" 0.964829457876736 2.63094827143918 2.32654073009046 1.77608745338725 -0.733966943107279 -0.928290993624486 -0.0179327368558851 -0.296237766332818 0.0778678421723435 -0.983492019975291 -0.0332901384867816 -2.09111844710672 0.382863167230089 1.10072736372875 0.201796093274128 -0.537223112675572 0.996055304415604 -1.68441704892797 -0.582831847002315 -0.15131688755203 -0.530470371291376 1.379892207296 0.50986682625263 -4.59705508812994 2.49266689080822 0.652709378856394 1.40430330792169 -2.9238561149767 0.609154024398443 0.0924392748151443 0.22894299041204 -1.67726685682899 -0.408011658993052 -0.0537661514739776 -1.59576009153325 -0.674518246695965 1.13284811672125 3.30610975545623 3.41464587640962 -2.43686524781888 4.97373279166175 0.117339048824864 2.51598427591553 1.33406257078521 -1.99805830485192 -1.0269955826721 0.242788670932856 1.50093521765312 1.56193506173423 -1.11956047604027
"233" 0.680112028498456 -1.10649458409458 0.276980086824113 -2.00319021640889 1.12552374415197 0.180831769687843 0.984339505982976 1.08435672268714 -0.717234389493474 1.68547076283877 0.145346843185228 2.60593895753401 0.758534418695031 0.495767023598392 -0.614140172074467 -1.06019737892921 0.923595618989374 0.475390402747325 -0.14325238621349 0.331121245441702 1.19989201822715 -1.70373819073315 0.486981256814849 -0.52698998673807 2.69280863740556 -0.879210781398254 -0.17686638611873 1.65081468058005 0.955302784476477 1.902942715159 -0.675498520310593 1.55058463716711 0.110505661546134 0.609420989733318 -1.16296938096343 -1.74793663385271 0.538545076339807 2.0401825755641 -0.157565379916717 0.968455828247869 -2.25178478370762 -0.47624241088502 -0.685376983073625 -1.41549016067126 -0.0628925179852218 -2.98478612614185 -2.20595059553281 -0.451727052129219 -0.468179074385982 0.309329134113995
"234" 0.00608976995711101 1.5781567827572 1.02446948885803 0.571719186098246 -0.92994890010597 -0.490031707983193 0.584691235822415 0.895248898354394 0.36927642433632 2.0295760983254 -5.49414281343101 -1.9987615178438 4.60372239974766 3.82890065130355 0.845394217945678 0.0891233394580036 0.453211413537101 -0.39223401454699 1.95163439427335 -0.13182454647583 -0.61769296303223 -1.6671782236226 0.408381705379705 0.762401536728043 -1.15137278333203 1.61413134221902 0.157678546207201 -2.18439383103054 1.15300401102516 -1.38265485527556 0.160205299643982 0.4141738484546 0.535423174801653 0.873121579758637 -0.436654077623628 0.842074289523185 -1.51072604533795 -1.47600726240227 -1.13919408839672 1.11219287336259 -3.11359690636822 0.981426500314713 -0.394074607296848 1.18940584091632 1.72305971159293 0.613688323579101 -2.46879219078032 -2.81115372082813 -2.22728671719968 -0.785220356645849
"235" -0.206272338324824 0.00507259698861565 0.860339917952886 -2.33957483199672 -0.17601719392523 0.476614918277249 -1.11760900065991 0.734126476530165 1.46652024432295 -1.03122786254619 -2.44761390296614 -4.40167577165424 -0.74721364480127 0.74683851575961 -0.575026702763582 2.84881999596121 -3.33454548145688 -0.427793830899211 -3.68667869676599 1.48057394270376 -2.66725536486055 0.997525670616967 -0.618885546287007 1.63920099677728 -4.67378245996628 3.92316068351932 1.63044528181588 -3.50711926954415 1.98951349380235 0.134124928434012 0.485960507070943 1.23926043307307 2.09054147223673 0.871360062644147 -2.00124064883334 -0.418789528799211 -0.139706917261303 0.753241082256565 1.73048079433704 -0.272144404277852 -0.922548748184025 0.239543653912242 -0.981754735378909 0.707550751826192 0.226085805620064 2.31955123004848 0.620367559509878 -2.32057025429432 -2.78499726206758 2.84321141448178
"236" 1.00869468666808 -0.208418413444165 2.30911783006154 -1.17689244036723 -0.722688811767551 -1.77377500974089 1.28356360290402 0.693105454564352 -1.06437723321114 1.69346763874664 -1.91688915311539 -0.0999572917570248 -1.0425324118662 -0.695643456243762 -1.18104650320738 -0.0350895253352846 1.56700762932337 0.0855126533734848 1.72102523798624 0.183080456320358 -1.24355877846382 1.51320013105251 -0.36875855878482 0.721374108371806 -0.866292484196457 1.45138658320409 2.74371598482107 -1.16593854653173 -0.200149363411857 -0.973273306098636 -1.23379917948892 -1.90388676855592 -2.43650562329494 2.29140693483122 -3.07126049085357 0.582836100793137 2.27870219117338 -0.388250799087592 0.629846675919914 2.26878788302766 0.548375807837837 0.212361378284204 0.540718090470328 -2.11528476095464 1.74585117144305 0.191199978281881 1.59367886943157 0.247983677551313 -1.58342666595934 1.43363352738109
"237" -0.555571956198535 0.838619328055791 0.959866282680321 -1.15407002341542 1.05740092231025 -0.272289638875575 -0.290448346658797 -1.39987709478612 -1.74088732517745 2.26084029928285 -0.35233262916774 0.203291847667398 -0.214092551265337 1.15122311330512 0.693678602150205 -1.42422259116589 0.155982459901536 -0.399488437775322 1.54450653374052 -3.14463856155722 1.77796873156268 -1.26743746240783 0.100184713176181 0.320236815010842 -0.482869199559096 -1.52550302786686 -2.00769222861927 -0.780820549723911 -0.899175504241498 -0.521419622398804 2.68724994984974 -4.10970107248248 -2.18887240341791 1.61126656855955 -0.499423531647665 -0.697875302180118 1.5756371724774 1.64174663495328 -2.57729785208277 0.541123673342066 -2.00389979200103 0.324914949467746 0.535015009985013 0.4284870129872 -1.07027275681167 -0.855919705084033 0.3183148843626 -2.59998621040322 -1.46464778614209 0.783903895507527
"238" 1.45759418248365 -2.34301183398812 0.287897585787953 0.132804936685846 -2.08846127646284 0.908379216031021 -0.852124364452366 0.603202362613875 -0.213356350601524 0.474306893235636 -0.156255598996778 1.48129270424577 0.137005389066015 0.0440227748105436 -1.14958739443116 0.119277328506342 0.219769390096923 0.767607645137509 -0.337780235493923 -0.451731287899925 0.320169217995547 0.503434207214622 0.952687158532121 0.00574663948709413 -0.969110046158854 0.319007078023992 -3.5423314253625 2.34314290961661 -1.41675305624867 -2.34323444725075 -0.256358688527556 1.27449504593563 0.911684920347907 1.64342912993064 -1.9434111308761 -1.7756889882984 -0.590284184352915 2.16207305417927 1.38112482629458 -0.284301919238292 0.629012767005668 -0.29825154725052 0.750387947459093 -0.278038883444996 1.17714639090229 0.142765664057944 0.162345943408219 -0.765737702022889 -0.333325576526744 0.182878055176227
"239" 1.91551874128554 -1.92049076761128 0.0694343237725888 -0.750194582850551 0.370810839392567 -1.74459701735336 1.55989409716929 2.00166975353824 -0.783379210540101 1.63513830709925 -0.655420097234536 -0.254107716927381 -1.20712320742927 -0.304822343238279 -0.0890704005015787 -0.610438907099624 -0.250678303124569 -0.250666213185973 0.418472704469048 -0.855127436797643 2.01502045588967 -3.27903474757129 0.369938612510485 2.74896403629512 -2.04358861561087 0.633740332236808 0.824332328259354 -1.2481779095115 -0.607843257110404 1.13558802828326 0.160966357525343 0.543305488880194 -0.300098637271199 1.23023584020193 -2.13425123741887 -1.18623672223128 -1.88041175077709 -1.16155032117775 0.558414495156019 -0.378969630056209 0.349807350945441 0.222060029564397 -1.64618657230258 -1.90451294613365 2.42389973700696 0.823312716464744 -1.5951514929953 0.0920864114019376 2.16354384042122 -0.46439770907997
"240" 0.677231287941096 -0.51208232144559 2.01920392213779 -1.97792046965003 0.303674395740568 -2.06239836966663 -0.450724509459144 -2.02252697012751 0.563181884676259 1.08182426493178 0.202689221633989 3.12187944944964 0.309164328064406 -1.83312413411181 0.398909170093938 -0.5054773220069 0.306597555987958 0.62329517999595 0.957348889494618 0.0125099876091044 -0.877746448324377 0.743240903725264 0.787837903322216 -1.35603247856323 0.404517456971372 0.907449550962845 0.763744261735177 1.62616525617646 -0.0664841588314696 -0.330629378293038 0.575109627516566 -1.03516695825833 0.23859749924285 -1.14901415489174 0.723661003481511 0.0155274618484071 1.15741260476685 1.84749393444555 -1.16693198721572 -0.885576160423383 1.20124518025153 0.869222598151996 0.473644050153342 -2.1615056466687 0.603525655295854 1.14863961133775 2.50707493771712 2.35573537198979 0.216224568144953 0.680415461132128
"241" -2.43107282400683 -0.301636153725536 -2.86580282553118 1.66776558840292 -0.442272617275461 -1.08373517447907 1.34895163522492 0.650224330376133 0.177027365568035 0.718675873187831 -1.12641494056271 -0.667436193109577 -1.19251407459196 0.274641542098727 0.064463000921397 -2.1515837449433 0.998517722513874 1.71569394044452 1.77056493453865 -1.38854935775302 0.0983073770137322 -0.387582423455952 -0.920299167898857 1.36880914588339 -0.929495737098188 1.33224421531336 0.131366140933462 -1.35372180524473 0.758306251970599 -0.480018292081436 -0.403618158470245 -1.03435578553236 -0.466451640230858 0.89280279174629 -2.53495330368176 -2.33504824837654 0.380142153146855 1.85855102257365 -0.820537240064242 -1.27659757679358 1.20202267498128 2.20149813123656 -0.907533524920876 0.073170263778529 0.116319774003755 -1.38856656561256 -2.34192298535083 -2.20842342923819 -1.2632727202211 0.78957294211325
"242" -0.224080835658512 1.29985938922771 1.30943144778262 -2.92482598992397 2.94584775253021 0.884621139067959 -0.834171144959053 -0.8212753281177 1.43926458066924 0.12857018645468 -1.53846912187446 -2.00023186627872 -2.5576533612792 1.57995734617762 -1.93423027658744 -0.425076348831604 -1.31605445412722 1.21725132153332 0.0771167363094132 0.129699193836705 -0.758074773907238 0.727297730829218 -1.3697150606414 -0.82380610874798 3.04443890895864 -3.23159513758812 -1.60282551921304 -0.0890500304438007 0.50181375914279 0.869854906252268 -0.386209054930879 0.954995910150202 0.447918505482212 -2.60455967564488 2.85421222242509 -0.575957744199654 -2.41656666113217 -2.87891287521808 -2.5657153302987 -0.581876223914822 0.059678553272207 0.11154894331004 -0.443641400452064 -0.709126274437745 -3.64386367554258 -2.54290029315626 0.66218273754409 -1.00529390736861 -2.56288337591569 2.11064163594917
"243" -0.00311006604997956 -0.423594053514749 -0.328291497270274 -0.161280546819445 1.20615157194863 1.43962267859229 -1.75622575037267 0.949731771134606 -0.601455442105002 1.53611418393296 1.49467954136337 -0.628137625101642 1.04041535352316 1.33664858544475 -0.331765529358417 1.7019692134713 -0.73403906957137 -2.31531725536891 -4.49229748796115 2.02863442039544 0.0521271406362647 0.668094415168067 0.686047681005994 -0.162109275219467 -1.82091000108779 0.873464339909225 -0.318501025284171 -1.4759664801325 0.899209258297207 -0.352407774589132 -1.70451948261834 0.544990341204337 1.60360979446217 -0.523996200757192 -0.205670058646109 0.829327759845328 0.947069757080446 0.229949566085521 -0.99012963402837 -0.655920859001458 1.99394184339849 1.68622003834019 -0.463992741917006 -2.45773571952781 0.425040177963105 -2.80139847745336 -2.03452833827521 0.859357493210034 0.168688728239015 0.255259537697532
"244" 0.00746200318759743 -0.156918081356832 0.0001271011137048 -0.533721055089612 0.602946613845911 1.07949754760813 -2.54109076407615 -0.672968653469773 -0.729054945078789 -0.233534610366033 1.33517980666457 1.67032557821977 2.29947978377417 0.929967714938225 0.159606917784911 -0.417862769773882 0.432100965377812 -2.36663218290521 -2.95798025738654 1.99659203694614 1.45891976471337 -2.25243412404432 -0.995234197034834 1.3764684306178 -2.89570509603255 3.71184756690466 2.18235769572895 -3.20990556028826 3.21865498325055 -0.131721023466011 -2.28866322877206 0.976461282306378 0.707290348044426 -2.3711190639114 1.23060658846871 0.956844295775741 1.84775052160222 4.34491072139626 2.36734063841861 -0.35546090049716 0.0302960732321215 0.278689363677966 0.129229382926306 -0.978661060617108 0.933448260029226 -0.461732259219836 -2.48203686841552 -3.4516954476765 -0.564223577369569 0.109522027759344
"245" 1.97107427259701 -2.77393363055018 -1.45993535564404 0.492906119400868 -0.219068722225599 -0.615159098580504 0.17044498842099 -0.692447854787555 -0.245770541526922 -0.638014012240132 1.4440075878674 0.659671538402348 -1.75815118126158 -0.864077038690769 1.22203313689862 -2.12206038993876 3.53515860454411 -0.652901563714606 2.05469162589845 1.33186516215122 -1.73384034514136 2.4623211394282 0.23861939870486 -1.49359168248633 0.0806363790808391 0.569622558084302 -0.63862582419957 1.22438687093467 -1.22102525943638 -1.16995424139122 -0.369015010047094 -0.323612359987034 1.68617214374852 -1.08693691310968 -2.40956637076647 -1.91053444507034 -0.596075362456543 0.589136437809661 1.70300706283849 1.26099363822678 0.204961965329336 1.2022453130775 0.557905004758743 -1.65826343245218 1.17817404024506 -0.634020433625543 1.04080776085817 -0.334449270990022 -2.13659783674916 -1.0542012077845
"246" 0.332534293632463 0.617846446512478 -0.871644593158998 2.72627304586394 -2.57566908918538 -1.84318755659524 -0.650414375336581 -1.01667282949631 0.849996666168 -2.06374770536602 2.86114471590709 1.27411736099003 -0.441344813217854 -1.5822324267935 1.3149691258651 1.2181402687513 -1.7903441690938 -0.637739913487413 0.800351343351684 -0.609423652106199 0.205983366044756 0.128639374230979 -0.988727098673298 0.950680663466606 -0.140827317420391 0.645389615816787 1.85211304744156 -1.27020000118833 1.35997294108987 0.934173113901636 -1.35139406298432 3.63401787361712 3.83253282017867 -1.57310575448407 -0.931565357861204 -1.82977561734387 1.13138545502008 1.13871796828546 0.37878691046404 0.464097099713855 -1.76108265277717 -0.358263641742217 -1.75529973284014 1.17383570289358 -1.77216969828809 0.518644443814615 1.69476074096846 0.487224191275045 0.71249432595306 -1.10936147112529
"247" 2.59458838385358 1.01810645170571 1.27357024563291 0.717281590583777 -0.0998404816772781 2.58163636554129 -0.714287581954196 -0.0755562110979256 -1.14784755037127 0.647753292113457 -2.47587638477254 -1.55024263273624 -0.65143454478879 -2.02744763013279 2.15996332315841 -0.862352025063346 -0.747989589271137 1.57268764197729 0.814132599914512 -2.30811016482146 2.22101829540112 0.533467209662103 1.74885046421653 -1.12274891019571 0.0755842226825138 0.237572454438515 0.729428215379594 0.863039410356621 -0.435266555376287 1.95457389787043 0.133807643792351 1.85764649910798 -0.55746227980329 4.01001590676496 -3.47259744597172 -0.234947867274754 1.99647905873781 0.683169941056498 0.0515920324979858 0.0415882155340824 -0.343539830149807 -0.429381151095585 -0.138144350514673 -1.00510650462769 -0.481409753814982 -2.26348613946884 -0.686763387133956 1.43201405343393 -1.95797595840106 0.920752427134871
"248" -1.7665898715425 0.527299462939657 0.882536500242509 -1.25527226172064 1.51752358770603 -0.149351044122264 1.35019499905676 -0.270692811739719 -0.846160157574098 -1.81750296896167 2.35137995576245 1.82448371509578 1.18522748722943 0.50675078940157 -0.222580142440487 1.03981328673747 0.235451337793555 -1.05960814735314 -1.66640144906413 1.26106933546712 -1.15500269799088 -1.40527718190454 1.05187120917318 1.26332385038259 0.752008007822294 -3.20310690339457 -1.29882143628068 3.17402954509468 -1.73194150238679 0.845202312349653 0.721657748890513 -1.75018524373836 -0.823242884066052 2.13778278686206 -1.48342233559789 1.80347819207654 1.92969094547748 0.531575499630122 1.23620213815127 0.985483065940285 0.442746130406064 -1.97895188288359 3.2918899957256 0.0513375729610786 -0.257779660617176 -2.0592892573355 -0.616947021485977 -0.0951098028199166 -1.95940229502929 2.1131728835903
"249" -0.661884066934778 -0.0180878649141893 -1.9363799078847 1.89668696647295 -0.735553239506016 0.223830491259949 -0.605259970991815 1.24199976352462 0.500450631308035 -0.328234463728903 -0.534430313589504 0.600167514734086 -1.18709594115579 -1.39901987427919 -0.933788515517204 -1.02776939364428 -0.157597477519046 0.800991954067066 -1.04482574227253 1.2575929984277 0.552269101804431 0.523039281563688 -0.183844008954833 0.220008527252414 1.1478355017168 -1.90080749920419 1.94543800706286 -1.10785431601736 -0.746106686290222 -0.747789913093262 -0.479613706353022 -0.972075741510499 -1.59470765239665 0.843268575604156 -1.26366330688645 -1.91290395843676 -0.9426594483078 0.219930258614963 1.00033104815596 3.66229780788906 -2.42094953660125 -0.576345361724563 0.504018063604486 0.448800885537735 -0.557271705469844 -2.27657858009125 -3.69576402618983 -2.39410352841601 0.357920101322892 0.492838115493364
"250" 0.0194980820346234 1.40452360578056 -0.320309615274143 0.698888487650702 1.00079938842493 1.37852914798621 -2.1326920249506 -1.05970064925132 1.32943363358655 0.0558886877957652 0.178670554438503 0.0328521619027014 0.601868248101631 2.68789825675967 -1.20645285632977 -1.97639212813178 3.92915213780215 -1.71596503541727 -1.91577185492394 0.533550203322144 0.633506456386409 -1.52331541513288 2.06789609505428 -0.859269067271903 -2.32907717088332 0.485692342369852 -0.309596557449049 -0.631811638999439 -0.342509377424963 0.635001505607502 0.961447304463804 1.95698331507628 1.8581374726463 -2.99738700510326 3.44916857115156 1.64699163101222 0.785484571861497 0.394590506218003 0.971650421707493 0.913945258888264 -0.633109047174962 -0.985668062773482 0.283984944569194 1.53858430728946 -0.116319853455568 1.08427321636398 1.0965659211727 1.46278365787699 1.90247492706385 0.58295942250789
"251" -0.896940294695113 0.567162415694859 -0.0544722667813672 1.12964005586041 -1.5601466287501 -0.251721372437971 -1.48546030451653 -0.59079717464261 2.1602601518703 -0.53976042911525 -0.873183023473669 0.680064956129174 1.14301568012051 1.12723365357886 -0.148612000941211 0.447784171794923 -0.445498067938664 0.808387727947917 0.401880610553637 0.844295481146354 1.76429044325669 -0.470328963986539 -1.53225273383263 -0.487736471667353 2.94144059300815 -0.402979981393978 1.41991057945098 1.09577779605049 0.0770059893349186 1.37736973713315 -1.45330031616577 0.931696871213712 -0.0838047239220532 -0.789388747862665 -1.66892611728464 -1.36230947454072 -1.3150585713655 -2.73306957956886 -1.21129547465916 -1.13385852844801 2.58891856077434 2.28010785714166 -1.38307913450198 -2.79090043309424 -0.116218687205756 -2.312344870797 -0.866073349720642 -0.0622388780643683 1.45759250578665 -1.9787803008887
"252" 1.14837426374111 -1.23395394962044 -2.20823885477609 4.57571697377252 -4.3834334959177 -2.15581878597668 2.0965076890383 1.83845409236895 1.48490402478217 0.475027038966183 -0.885008326070635 0.43915109287916 0.470646217821514 1.0781343003292 0.0887883609608025 -0.923349415462357 1.10585985848225 -1.16207229858394 0.861319430176288 -1.90936045899939 0.461437924674927 0.362880882186616 -0.870670990912281 -0.0462378728479541 0.0883864375762844 1.47463036157545 -0.538405292769771 1.53308131152657 1.34374344098763 3.65430644446956 -1.87745969372696 0.131337769054103 -3.03196138673666 3.34179800946208 -2.3658692148023 -2.05163829033527 -1.9760606062136 -0.389631088421725 -0.145381591965373 -1.46446062183951 2.09324045155768 1.37547304193282 -0.752975681648187 -1.2844679425814 -0.0454435836499835 -1.30409313846556 -0.13208338684733 -0.781033782611582 -0.316469620385653 -0.0827242847965943
"253" -0.871359824811743 0.209013697307213 0.170848388896275 -1.62559431014828 -1.38386240378877 -1.13189724340627 1.03498941458772 1.10135949649265 0.0628727658466288 -0.876644715442842 0.919762104794578 1.55215091841694 0.0867978401809737 -0.0701766280444363 0.889358523456213 -1.1932128811029 1.25124185774645 -2.6682448111515 -0.906863334309743 0.294426447096643 0.954629413771081 -1.02003204127631 0.124220777563551 -0.305376587769865 -0.0269506818776804 2.65197944634906 2.96073343094427 -0.353979006904236 -3.49398297134982 -2.23691899697995 2.70620707526401 -0.951496815323339 -1.84889084374656 1.445378301082 0.158514979455024 -0.0972371435911325 -0.440074064968404 0.159124372631051 2.21664708463172 0.817258109738811 0.407747017959767 0.320171634573489 -0.398133871460028 -0.575535163262424 -1.39301614486416 -2.41837505452663 -2.38481675616554 -2.06226514050408 0.407042025247533 -2.42082159239354
"254" 0.292859418500484 -1.9771237375503 -0.806571960867915 -0.792299718342024 -0.831937754154066 -0.892051246014571 -0.144362481660254 0.0236868755047858 -0.427784926377905 0.540607708486278 2.02986751464476 1.36059197482539 -1.8947727258496 -3.45556342426018 1.97187367018736 1.21111971158346 -1.9207688870177 -0.269732484773845 -0.993489343059839 -0.0592701034355755 0.490534624514113 1.17169326091331 -2.26095864476933 -0.216291332526442 2.31587952565803 -1.29414411528128 -1.02682551738872 1.6890275811704 0.674715315596121 1.5934536056867 0.400437620191093 0.187813696638158 -0.163122439096287 2.17930642716291 0.534237760334479 2.83189097303398 0.291362190582878 -0.57141079562473 1.80497418394334 -1.63295102426493 4.21779077909853 1.18913375331185 1.52865850292772 -1.83446121629702 3.6615524069662 0.777951470455374 0.824112292798094 -0.791334517309293 0.194563851293254 -0.411649912594569
"255" -1.20983858399852 0.718175280402774 -0.766226897489442 2.11558606146679 -1.52327639960083 0.27942500046593 0.255727649114964 1.16999274839421 0.625398715033825 0.649701012276884 0.28333559887283 0.353428894343036 -0.0573122449034725 0.855994607050909 -0.752210828587675 -1.51214321484353 1.33432543727337 0.149337311415995 -2.2243689021595 0.808215563055916 -1.08877680578571 1.75394201276654 -0.468435907744738 0.722114996906572 0.790020499538927 2.75016907054344 4.11151953929084 -0.371061019923414 -0.47099690829547 0.981118398785048 0.273964820988869 0.456341357557887 -0.39458666292386 -2.57426276119535 1.61416349369925 0.194150684607179 0.685781919068757 0.379534738910813 1.41384469609978 0.297945041059104 1.96435414110454 1.41991473507478 -0.608210292832781 1.51789975413517 -3.2846266956955 -0.846588920643144 1.50503647708453 2.17052474271055 2.10398183003969 -1.64227655178529
"256" -2.74413524719865 0.10672220460221 -1.21904155655888 0.811251900217165 -0.119305364114722 -0.797638083322548 -1.20258661620156 -1.19235426114221 0.245731703834194 -0.918257714132212 0.576527440422627 0.0989474315605266 2.1805122266222 1.02929917944106 0.395458923882465 0.470354717851303 -1.16969280811149 1.88761896525347 -0.135967803692265 1.2429170865984 -0.96343481030294 1.02837055628393 -0.385773191442721 0.0646202397510211 -0.270347397563816 -0.910827068230016 -1.86310418494436 1.07327833420402 -0.862618228877088 0.305807309975164 -0.119546809280672 -0.0446705394336923 0.686437813689451 -1.13917315622539 -3.02023946808528 -3.9703293531081 -0.609459361500525 1.10820993826851 -0.729917142472739 -0.506769719298343 0.0894676516880091 0.484870378970859 -1.41252543442364 0.249258316738025 -0.93479389217845 0.56695346515512 -0.731773275570587 0.779750142062413 1.99269095972246 -0.265808914313101
"257" -1.39322861853043 2.92477969660657 0.317505147422876 -0.428099444154922 -0.343625798003939 -1.48718319856529 1.36093274324858 -0.341695390411668 -1.25337394045991 0.338062466441318 1.09614246699097 3.6154156633727 1.80775342058517 -1.7509055874761 2.98388382937031 -2.66001373282664 1.91968088199721 0.330211146938266 1.00423471253988 1.39734111168087 -2.12792743494895 0.0676751004245335 0.395003324391312 0.391444544935667 2.92193891775002 -2.39136863811645 -2.11435058788116 1.98754693261706 -0.391163412210454 0.649147345755461 -0.163664042004764 -0.977656415039391 0.0356350063045607 -0.78631459210084 -0.454143434700093 0.341379338888177 -0.709117706770493 -0.646993926902211 -0.853699373414052 -0.217315927747971 1.37004663918494 0.431267327208004 2.27843655985434 1.01740655896935 -0.397729123387456 -2.3708396498653 -2.1170857235732 -2.48088517859541 0.369347986759917 -0.85775571687448
"258" -0.94011567747126 0.999034962680205 0.601120453270321 1.45247319723729 -0.505494191068103 1.20361375244367 0.602276235317437 0.353563855653642 -0.268024622234894 -1.63606448843113 2.51166695414786 0.572009798305965 -0.268212238184479 -1.2875687784281 1.69595172555281 -0.694166454144332 1.03681226239033 0.366593531052856 2.75900473489944 -0.922956101346838 -0.0489125368423771 -0.96178510144243 0.315640556189086 0.0709116822536056 -0.359642787029987 -1.15215686787611 -1.2995462683573 -0.348473091516184 2.44668888817954 1.62691986648682 -0.490008769171828 0.142832576787277 -1.91675615224533 3.12144445449025 -0.461803791109184 1.68137693658291 -2.10199265116328 -1.647068575318 0.888043756708877 0.920298552384948 -0.258823066283523 1.01422785228211 -0.226131325266399 0.185656668392843 -0.248852258525267 -1.56577113039682 -1.54471648631694 0.231533553142988 -0.16095787351737 0.349251373906363
"259" -1.95392845846271 2.69101122258074 0.352265530383812 0.781932321407113 1.1291795144513 1.90316757179693 -0.461883230633924 -2.58741295917191 -1.83845922248759 0.401311799155382 0.807387198552686 1.65689995056513 2.09703029388707 4.00533612046513 -3.03222635883466 2.18316096015332 -1.28276955057492 1.14065311053521 3.52068648340301 -2.43728903768651 0.785117164566483 -0.112567874041629 -0.689188048958969 0.035157664324017 -0.295090945418171 1.55593228500033 1.74704366746582 -1.12461976509284 0.0128745147872647 1.54481832058191 2.13716894229179 0.251841639944536 2.14894050691863 -1.34047699382668 1.48953603589606 1.0383519208151 2.09640479167264 -0.163282458170515 0.17939140625212 0.685074116949575 2.14750866196004 1.43293364043908 0.676380765674148 0.58854300518018 0.87179717530168 2.13186784908626 2.54726130849478 1.35183084309614 -0.238697269923117 1.33330248805021
"260" -1.15081691429367 -1.4124145693229 -2.81819100369096 1.83529306951039 -0.445126059865706 0.775975380752713 0.932661820708841 -0.106888520675847 -0.5043272659423 1.46877901118117 -1.57971939133362 0.724334322648073 2.17968049931456 1.80349701134008 1.09962709242378 -0.0537245329033148 0.748585762565066 0.701103364511262 1.71417085107616 -1.36537141143654 0.18010239169303 0.298986862027582 0.459580905611776 0.667463647050429 -2.55867458042805 1.80632917796872 0.370315661694498 2.04019827216862 -3.78892004448894 -1.01762451777041 -0.759819623015681 0.509531558213001 -0.724901732396303 -1.57736026862055 3.17342671016539 1.33795249806159 -0.419717561917991 -1.45817536983205 -3.10342108228326 -2.37806142276686 0.431774669995564 -1.11690266333626 -0.943676793269721 -0.384205625144346 -0.219550359556119 1.14369961828756 -0.217717814909235 -1.92588143409554 -2.6108489316645 1.41484316311362
"261" 1.47828357329176 -0.767863125403848 -1.27145520103135 1.12382978008784 -0.684381518051988 -0.522353868137476 -0.22276689424671 -0.984973686637526 -1.39466201610692 0.569409821041296 -1.20757086106771 -0.650542414704982 1.03826878739573 0.84344762701604 -0.306620416874748 -0.54382437319844 0.769435706648074 -0.968726679810107 1.28305244240282 -2.35700879758873 2.22027896646717 -1.31340012152357 1.39776131417736 -0.475632665229746 -1.14645621897165 -1.28158581115658 0.611805151208496 -1.53904922208175 -0.938143396276448 -4.19925392168544 -2.68403156092418 -1.07491366127565 0.428253686374244 0.504776721734255 -4.04460341005359 -2.67443618789436 0.146106841057338 -0.723386086914193 -0.120933068772635 -0.850582955572063 2.64814919294579 0.788182134029948 1.37080572584078 1.88297049585849 -0.774551642229693 -0.5638654185693 -0.523425451601973 -2.65387484611054 -2.78648573129359 0.550616576335335
"262" 0.166930144178643 -1.08391125162507 -0.661283461280627 1.93423508500392 -1.86070588444795 0.233835818904951 1.16875603005937 1.09495435430923 -1.70772670868581 -0.707696219318676 -0.650924385441782 -0.0582861681915202 0.770723618777288 -0.335453411082743 -0.595191839751014 0.829586179558294 -0.083086315541935 1.17016798128793 0.582925069388098 -2.11651041126323 2.99707811337595 -0.529636150787355 -0.447527897508433 -1.74559994541217 1.38859381560097 0.338274648117909 1.12581987174707 -0.550170856911996 0.606009905824733 1.63728138881256 3.0289516839926 -1.65221227184969 0.0041162787157534 -1.26719118232941 0.325188955740257 -2.67696425045189 -2.97337139959974 0.730727379376583 1.46531211650819 0.458313115482056 1.75346091317232 0.215661902535699 0.864952129952423 0.717440473250147 0.031208110830197 2.06689257186749 1.85962204213057 -1.88032460770013 -3.6448133474829 1.3529509579597
"263" -0.37581094906353 1.17779055722291 1.23551750887837 -0.311441823714518 0.693193868737888 2.50860334074576 -2.3355625427287 -1.19823593045738 -0.210843542010321 0.540520457287974 -1.16204471095339 0.819257223680494 2.3016964786137 1.6288716380447 -0.0739223270721935 -1.28747076871307 1.08418708702025 1.68647199043531 1.86837678645715 0.87645856947074 -3.8606270210607 2.27014031497213 0.56297759407839 1.46681149304735 -1.06062778163075 -1.60939150631673 0.463851781613239 -0.686179876145729 -0.146340784335711 -1.6382402912779 -0.688303370635195 -2.36359726512124 -0.659493368098603 -0.378935122806324 1.60240565359677 -0.497530230578625 -0.821277768155594 3.71681088705313 2.67508042093831 0.853859900248072 -1.41647046029884 -2.40138127547325 0.0617127938424547 -0.1341605557214 0.982164983847832 2.32872934903958 0.892898341647381 0.0141507624312199 1.36628087488701 -2.03031492424522
"264" -0.287134064098077 -1.80334052274969 0.217645328971377 -0.89776093030989 -1.3205697818962 -1.47026102928203 1.44762138088074 0.411554176415606 0.58252149612864 -1.30696434488232 1.74436428484836 0.913866828410605 -0.866919045261605 0.926155559217603 -1.58012052772709 0.054916189466574 0.308830953913207 -0.938728831053447 -1.15288175098853 0.26527910844526 -0.945827862211388 1.81327560158558 0.294383392103435 -0.539252057305482 1.87795927968133 -0.686587405960115 -0.58572261491523 1.91017552384601 -1.62798268888448 -1.86961963422063 -1.45705140454547 -0.0639130603239614 -0.358468906066317 0.713177912284459 0.223502586205173 -0.302198220217772 0.373722041975776 -0.560399989453609 0.44146681452639 2.31757193500951 -0.493896547512057 0.33202771405426 0.188911054032002 -1.0994340028336 0.693033557351205 -1.07203770412985 0.829565372185415 1.43980945097731 1.05757427400706 -2.28663926885353
"265" 0.557717554451517 -0.818521277660665 -0.269496834930426 0.058292738884524 -0.326003689678335 -0.681332423608005 1.49569803318468 1.83267086022663 3.40793361947194 -1.68401187344206 0.337248755249673 2.73470045310458 0.915496129708278 -0.684689677105374 -1.6800898880792 0.0176988562181876 0.0781590670680814 0.644704341193154 0.36558551113125 0.0786633875615756 -0.0736770553631699 -2.25595786811572 1.72472129773025 0.555431190045825 -1.57690292878679 2.85482689878553 1.41419659114431 0.980745767480191 -0.760835527438754 1.18131539711637 1.87314054718449 -1.79566254947695 -2.30635131608529 0.168085953060136 0.271505226564651 -0.263957127124034 2.17115721740295 2.27162477260216 1.60182531310468 1.86507058653658 -0.170143291417581 0.458866845614156 0.118355683256361 -1.37792232625007 -0.0962004308770023 -2.49780557868149 -2.11760172430828 0.946587262311668 2.66252314717135 -2.22496721690349
"266" 0.479845928685848 -2.17102536769672 -0.567900048091371 -0.982306784525395 0.191242305011928 -0.623846781524209 1.16107752803316 1.30491490763841 -0.10497317312969 1.30957785289442 0.0234435856407146 1.16569762969887 -1.35291464108138 -3.69501114789078 1.46596930317433 0.27312258576318 0.180421804749322 1.01467400017104 0.662590133975332 -1.65477288106463 2.46089632275371 -1.45849353760508 0.104551543992891 0.130052342832838 0.661621040973149 0.213115285279528 1.83604897710645 -1.71991686540052 1.38077587470338 0.499435938453253 -0.776276321638415 1.39484571897332 1.59631083320192 -2.32059868261838 0.672110632256521 -2.31278847924245 -0.77987251543622 0.784137276898355 2.39048698014046 1.65840106758064 -0.655163061442984 -1.58823147709302 2.28758952410243 1.58534186614826 -0.22737180225198 2.62672299861596 1.40368040403667 -1.74068564672945 -0.849405448658992 2.06506166409225
"267" -0.700989828245968 0.949905162802204 0.364873486997219 1.36016722261799 -1.17422026417435 -3.10592039435809 1.32926409311648 -1.97604465679868 0.323778795402897 -0.847333188334726 1.31353568431736 0.964212443589612 0.577090175478744 -0.948689361628601 1.17949029359518 -0.10169684799283 0.271975505322125 3.4362154536574 1.86405710266674 -0.0810041576241673 0.693341962447575 0.510753186542772 0.325641909561247 0.0725917820267869 0.171040679434714 -0.525941003496318 -0.627625619919457 2.38353589548879 -1.06674930381738 1.88157877234354 -0.236909194667915 -0.379784976732017 -1.45797164605939 0.442039601865256 -1.41989524155205 -1.97893929681337 0.953461287091965 2.34107537099185 -0.613875014009109 -0.389706891140189 -0.606853916512452 -2.00334380264012 2.0895044436217 0.315803504841963 -0.806879047529347 -2.84084290697233 -1.34727081970871 -1.99947615323861 -0.915914324257884 -0.223624041052351
"268" 1.80020665596188 -3.17884251938805 0.712119888478532 -1.58324638577368 1.56495645603524 3.4368785631258 0.695299670250407 1.71402248958013 -0.550470286366228 -0.545032766374603 1.56538190987935 -0.0931008106502222 -0.835610487338666 -0.366396231118451 -1.20136406804586 3.01548828271069 -0.31937810421227 -1.91129908840831 -0.669647517644241 -0.632028967328166 1.57461653255885 -1.04486864304539 1.16797114635179 0.409244050801977 -0.76129521640077 0.175127841297689 1.06838318788269 -1.1522668747513 -0.434498118687366 -3.10066533907868 -2.29297134410612 -0.112929432187492 -1.20091055788957 -0.461867014901548 1.22312203102699 2.370478166063 1.12459550014118 -3.32950709247465 -0.840646328585969 -1.17764454014747 2.64978586624905 -0.29747485498726 -0.145561218711226 0.198992503932096 2.65116299881717 3.12778255195313 -1.35659323956438 -1.06336534249727 -0.260632746993444 -0.063281169953883
"269" 1.51153755804596 -0.439624556639299 -0.759298985963735 1.29824696210702 0.510972735881779 1.43111645298453 -0.523320295173095 -0.12257632741067 1.65724456196738 -1.46869469181714 -1.77721309359449 -1.62388921478978 0.411007169576082 1.858383641384 -0.473673665792034 -0.734913685760738 1.12294013693668 -0.604763173653618 -1.03271260649845 1.92009288106502 -0.132739303453318 -0.743865447817517 1.13467906787752 -0.24274177210506 -0.374274319870726 -1.23612372553244 0.291513001379138 -1.43088250184145 0.754222694849181 -0.683530886835532 2.21592749962781 -0.545936293109779 1.20767529020606 0.0010810175012598 -1.59565389008691 -0.246958321259819 0.30328032592267 -1.56930538066841 -3.43374401480427 -1.3363966056692 -1.26295010225675 1.66665304916279 -2.82423575089641 -0.0307528460840675 2.06803544817998 2.48869309643994 1.51393575399514 0.812513720315592 0.534849212674084 -1.2039995133911
"270" 1.98265227957921 -0.77624435974461 1.39662772507125 0.269366004100542 -2.22445143611595 -1.72835867432347 0.68850432498525 -0.370326853577771 0.25720933199558 -0.782672582450724 -1.01735118863357 0.106779755630887 0.0140191958515343 0.035949786266251 -1.09126811358933 0.538550382734052 0.418983554253252 -1.48577135088531 -2.13820482661398 1.70077931908248 -0.806275337049087 0.929476922305087 -2.7188189524979 -0.552328391027366 2.88138771732972 -1.65090251841015 -0.100278561244818 0.924706120764335 -1.45447088886907 -0.603587043660819 -1.08063986191558 0.632256249368696 -1.65657461267123 -0.102745527982687 0.810080755813233 -0.76571142249403 -0.515503704158155 -1.24214838297512 -2.09996717645183 -2.03650028201426 -0.35369659564491 -0.173788207248374 -0.0605324290407877 0.519696415309239 -0.398029181913249 0.547228334870584 0.0677296966726401 1.1959477526108 1.47391664846094 0.144499299559281
"271" 0.262372854405184 -0.0389338317395535 -0.0726543249681654 -1.09777468278385 -0.850271849306915 0.877996041311362 -2.26705305021093 -2.52239757952967 -1.54453126589264 -0.289483513262003 1.47796791089612 1.53168216187846 1.93967891291641 1.65117379065504 0.457143398729489 -1.53346614103281 1.70258736588668 0.157811376743179 0.657419987649752 0.684630615232819 -0.565026627579412 0.275676124836734 0.0601112082189515 1.28406019227403 -0.849998078562803 -1.57073500825332 -2.14215301295299 1.82198689460111 -0.900107206644698 1.12293515143039 -1.22809205943898 -0.327099194231134 -3.45414494143535 2.66336451655304 0.40451402118874 2.64091512034248 1.23502137286482 -0.716080100103095 -2.35320500082368 -0.956886882129083 -1.88063940265241 -1.42248975357709 1.97380107057338 3.56258324839616 -3.35486840178699 -0.951658159857544 0.0449212676582059 1.3184358793169 -0.770886332131399 2.63535134397026
"272" 1.69397846074114 -0.889429551107815 0.153493054747646 0.299656924694288 -1.00100364437682 -0.574532319623556 1.25331915404712 1.75649616237096 1.30915097024644 -0.311889931856345 -0.56785276035157 0.379377830954375 0.63450025258006 -0.316689399774795 0.819497180767534 -0.729286304513266 2.13258884016886 -2.74287341265694 0.271841250688252 -0.494602230524718 0.705799592769492 -0.263783162012695 1.28648785005084 -1.4939256257079 -0.0605002509922841 -0.174444299461403 0.26959097674077 0.443316916083805 -0.432415577597379 0.933526447597299 -0.669635990207885 2.01128343736138 0.444383656991498 0.015525258199423 0.956678622594441 -0.423790205182075 -0.858502013362178 0.097132246618811 1.69104691481907 1.70316079814796 0.22475608890719 0.237905361469588 -0.648388291767733 -0.26029669035288 -0.0760348110661391 -0.0841449331215165 -0.308054897214298 -0.32702459215408 -0.52430271337197 -2.09158128088364
"273" -1.30364097145954 1.1149956118074 -0.917555661145315 2.2806103009799 -1.41232576079253 -1.88213713929771 0.656784844443882 -0.76369730755387 1.45216245730444 -1.39546429987414 -0.046476519039434 -2.08857112848918 -1.91560258871112 -2.60558430732824 0.815261709913818 -0.130633203891875 0.584654930949758 2.63104021630551 2.31779289054806 0.937257304000827 -1.32274692329995 1.39314795486159 -1.04419050744703 -0.651547454523005 0.164132214174302 1.568754814127 0.765436252765606 -0.608031667693622 0.717566327943392 -0.539687159099166 -0.223190777076107 -2.64048848254663 -3.58844935677084 2.4983119488471 -1.6263747766322 -0.697556355105292 0.315354141902201 -1.37473485466595 -2.32112006629003 -2.49100452695129 1.75855945095596 -0.139437628843576 -0.777876012548199 -0.377395410885824 2.75289171985442 1.66263979063541 -1.6763180760213 0.0784936228579528 2.94462285559485 -2.5024420016308
"274" -1.46381337100975 2.30904466466672 0.388871057836249 1.35651309193028 -1.2852592690813 0.280555840033717 0.0568791749172511 1.44602978993951 1.8316551112062 -0.726854876595584 0.438389235075682 1.02334170814086 0.864837112663575 0.487280063124147 2.09779024830261 -1.81070679894252 -1.65022938481952 0.75099748753072 0.796584034584389 0.157480804581878 -1.50175318630081 1.5840965615018 -2.04308639678799 -0.542710458777614 4.38025376928016 -1.8143586351199 -0.0322198318394988 1.10547779819316 -0.0451778975541211 -1.85129646998543 -1.56376636873937 1.1925146328515 1.25378369860167 -0.473786621136093 3.44021743834471 2.77850395760145 -1.77964093233643 -0.445164144188643 0.222099420606481 -2.10013367765887 0.83098051068042 0.818458887733813 -3.09796506790409 -0.462578520810257 -1.17107295606102 0.496104521907225 -0.623173637289193 -0.988441996586765 -0.110142683439378 -2.09073042633635
"275" 1.17131310804617 -1.22515069788754 -0.542125989023764 -1.16926727996368 -0.12511057368152 -2.74793418806806 3.90245335991265 1.67299152371434 -1.91288858786575 3.97778543610161 -2.21030790269589 -0.272086270458113 1.08201391648846 -1.70908993548694 2.94087067052658 -0.278552464972429 -1.55314184679265 1.54829527685255 0.498719296163464 -0.66865804042132 0.576247633554772 1.49097151601387 -0.746604430612873 1.09907043310895 -0.87681705267241 0.287571047101801 2.01455780850082 -1.42367077943482 -0.364116750156017 -0.837540502946224 -2.67655559019878 2.17088568340992 1.1315777343637 0.052632403404484 -0.811207822905216 -0.18334907430594 0.199827643195706 1.59650731633415 0.845441853822572 0.103287682166153 -1.26260638052366 -2.5629412921321 0.169807299163331 -1.44453898019774 -0.677060962657361 -3.10960006939113 -0.513699540755207 0.413118326932616 -0.279567690188204 0.726724167558569
"276" 1.06303171679493 1.05930693796111 0.823022184761409 1.42971733720072 -1.53969370488893 -0.749376849040662 1.33407725607109 0.495276223053418 1.3011139935443 -2.30044784126462 -0.0562028636281302 -1.89888969319399 0.81931078453444 2.15698324868623 -2.86154290688062 0.744966829276664 0.0140755796628193 1.39032279473755 0.305424200760577 -1.35844819758145 1.19834306612548 1.00989652428848 0.476147596668902 -1.04687990245846 0.301771479642225 2.07965217703782 1.21028024134946 1.99855134064946 -0.119925393469348 -1.50708860036541 -2.7969341425274 1.21678292952128 2.25695482316843 -2.37357321407808 1.66498493498652 0.225017659548577 -0.140147298478274 1.07877802880007 0.885000116564227 1.87563999974327 -2.26672162536905 -0.0705260653936417 -0.522809668448615 -0.370301473605278 0.625966986810198 -3.77487518342549 -2.89381656158499 0.00535585598199817 0.218432097665479 0.709571404319259
"277" -0.561749920154418 -0.129483942089351 -1.99799359641355 0.535759097301509 2.85750131869375 -0.107138699476448 -0.349542703375986 0.754068613973369 3.11560573796729 -1.16031087087694 1.57809178306158 2.123794971697 1.41624276222891 -0.988111550509027 0.627574324053884 2.16673183691976 -1.7378852643669 0.334486452344418 0.61795851953222 0.575031390092927 -0.655416343447099 -1.32861649450104 -0.58618275142334 -0.195309773434572 2.55001287386605 -2.34370113489316 0.349884276185425 -0.727673849982786 -1.0610370727723 -0.994484005251886 -0.320757522658474 2.08307830975092 2.21639252995839 -0.0436050024877776 2.37434966397846 1.92876819646748 -0.449585035501358 -0.381954331108126 -0.489314997523546 0.218356219472729 -0.0911075701246895 1.60764699109835 -1.27657214228086 0.948338029059521 0.0969977684235983 0.239479712674018 -0.751238026913227 -2.70434028521514 -2.02271489101965 -0.227908193788655
"278" -0.680327999805281 2.31732891739553 1.66163207506971 -0.505332953564916 -0.441120669450774 -3.02078914794607 4.53737112969632 3.99416345405848 1.47906297052428 0.244270733451142 -0.786968660209793 -0.433940670702926 -0.637707829369751 -0.51815189117083 0.381040886552827 -0.0236638945014509 1.10235163526924 -2.8556531702218 -0.933441296609482 -2.24904862236916 3.14127469006054 -1.76744419181655 1.6720447145793 0.662192674496123 -1.66696583337803 1.29172597027223 0.370863471478935 1.70258684613399 -1.39958410273452 0.594578915574155 -0.158368953079886 -1.78664951312243 -1.36590403512454 0.210064138908956 0.687222804203304 -0.126898334101823 -0.0403129971916973 0.55817351030237 -1.22771208674171 -1.09365886392279 -0.815957565556632 -1.07292071291246 -1.21117189052054 -0.623444898979131 -0.0905309957402326 0.981870430877303 1.91627145259678 2.22229736986553 0.344879511063462 0.898287744331139
"279" -0.972772980468095 0.735138283631907 1.99633715761505 1.0146305560315 -1.77934010678775 0.80423001799338 -0.871212722657356 1.67148302675543 1.78302955159748 -1.75727295866693 0.696383498294346 -0.172693660223628 -1.1151134129377 -1.9028407193199 1.28752889862574 0.683839296658601 -0.48418578853327 -1.21134565843976 -1.34948818970233 2.104710917803 -1.58284223616023 1.36362210693296 0.688896981584982 -0.953897393732754 -0.753722839780013 -0.442368528736077 -1.06144672789275 -1.8822516640187 0.58734422313583 -1.68858748926448 -2.37194837511425 2.34825274394039 1.5610568680587 -1.15194665577319 1.46251352484467 2.44993510922408 1.31465864530869 0.221924724939395 2.00162678216849 0.209541802094002 -0.815259927322599 -0.375292506754682 -1.60227990920544 -1.51337499696438 1.67283005759884 -0.405314795277276 0.311549319756272 0.754439661529787 -0.820626325979159 0.0398921142659062
"280" 0.0487656698268077 0.697212736504792 -0.13510325905731 -2.10785657287808 3.50377108063329 1.71063397239837 -0.0789236582447646 -0.151486734855368 -0.373238416951536 0.389313935776668 -1.92277056951498 0.42461451123855 0.25231444331457 -1.25808943810324 0.678242927210105 -0.795076329450216 0.88423671646994 -1.83411149622907 0.730875293512502 -0.271326767103435 -0.799912915043747 -0.699262337778333 -0.54106163120196 -0.506514513178138 -0.0570202394418175 -0.554812470296599 -0.126537603943545 -0.150801132546793 0.702720967122997 1.14877037302299 0.584615789578855 1.5428218057349 1.1382719324446 -1.68564001870443 1.82553204837403 0.439284258582544 0.032740052884697 -0.711413196951563 -0.110883435466467 1.52384395700433 -2.53766424929151 -2.2692920928792 2.37316030607367 0.982961895606678 3.2795977964898 2.72254846574067 -2.17457594225039 -1.48665272886744 -0.379673956483821 -0.394381787767111
"281" 0.823950450129347 -0.0183545297716676 -0.992304568672497 0.459130705392017 -1.42040551268154 -3.07072317649416 1.83009365437407 0.169086948776636 -0.141146287471214 -0.0908336915881996 1.24064343518381 1.66156646173814 -0.877300087635958 -0.988391917900762 -1.13516045888926 2.12451230761605 2.53243278738776 -4.57926486589756 -0.504735583222696 0.688208488869526 -1.27674719280931 0.427952189386123 0.967859729374438 -1.14531606604775 0.869558164686315 -0.629184411747751 1.02922242596775 1.02759696457917 -0.589699233951657 1.24984008095842 2.0191103859694 -1.12965114126273 -1.05244927895616 0.652927113821295 -0.691034650195296 0.733841891200815 0.407029301875443 -0.4695390048164 -0.666279313136323 0.0849850948820643 0.0338818580260688 -2.15826913718908 2.63447230623112 -0.688023345165745 1.01870978388589 0.725752593816692 0.439489025758276 0.147866905455748 -0.0406070791046719 0.745608034906381
"282" 0.86917541140878 0.559568760084417 -0.0234618897959465 4.34780428988547 -1.25511165347163 1.17779325267141 -0.253570313324124 0.332126538936756 -0.0376373326547831 1.14901598256071 -0.509868884297823 2.46915034892365 1.02687848274257 -0.284110422977316 -0.756289935819156 -0.201369321622941 2.20736309391624 -2.73819594233523 -3.08583786871625 1.67421469291847 -0.0151595643633654 -0.0508955543397193 1.57531338348922 -0.598059578365853 -0.716724381164398 1.55829523177626 2.79530436031211 -1.34138302683487 -0.364228051379515 0.453825796932659 2.85637570532775 1.86270446212749 2.45978211812447 -0.14533207615156 2.08442500960201 1.08129050763061 -0.518645599345336 0.815782909333586 1.1559958621339 1.44400100485431 -1.17683117670392 -0.428333805728023 -1.6184645785088 -2.19643654432504 -1.03657060988938 -0.0480119615690774 1.19086679698805 1.17827453185348 1.00603367066308 -1.223841175111
"283" 0.975836536084641 -0.455832089964119 -0.79562687254547 1.71990304072219 -0.130233767501672 2.34682233266612 -0.650827644922229 1.30322662948042 0.876116680186357 -0.578790230565948 0.491969080139439 0.00653778740425661 0.370571263442761 1.9204683735647 -1.97466808126812 2.36658163865007 0.421477060482432 0.478093199704365 -0.824214324666006 1.20117160102162 -1.46018985255023 3.02025776241841 -1.87759733404985 -1.27352606490815 0.486017986854196 -0.0769141497529348 -0.651177557008367 -0.862778694445437 0.371497389511348 -1.21306053654779 -0.572450270780869 -1.42357249682798 -2.45995137037429 1.33870529294144 -0.482771496585525 0.173399403384761 0.0260709547965408 -1.21385479729743 0.471236149000029 0.380648377753936 3.15286714881809 1.82197604288447 -1.66475854671057 -1.13752490100459 0.370901407610778 -0.34905796890127 -1.02023004074499 -1.17403315956263 -1.27983137788014 0.240634332389315
"284" -0.670428883252895 1.52252222461252 0.688436415888489 0.596856956356296 0.270641303403634 0.921241083764627 -0.806492473047557 0.201702767305413 1.36189602808965 -0.229255001141896 0.28107826556316 1.69200606038446 0.765482429993653 1.26057598761995 -2.66116407483701 -1.15299640668043 3.07559599675227 0.227494947374827 -0.229982121254786 -0.0298244526878928 0.820737258838997 0.570091435207011 -0.316496747178905 0.679136590760659 -0.851730701564684 0.640371235369493 -0.964451444326455 1.34829532312797 -0.0477249963438413 -0.558258752276585 0.229671843135808 -0.798080369243877 0.327729420834959 -1.30313477484252 -0.501979328501779 -2.08317822881448 -1.11850529215662 -0.97215508893078 0.117848170994727 -0.263799072657446 0.848320935937568 -0.862467410130348 0.326632919852119 1.84861547315523 -1.4346510854091 1.17822085698321 0.439343733699421 0.576901107038261 2.51003341722039 -2.03881935341036
"285" 0.939218724597728 -2.11676924167852 -0.529241276263435 0.2731870661058 -0.792117472523826 -0.463982656450303 0.290203832714838 0.338457649695194 1.43468533870943 -2.01739813312436 1.35711707465984 1.29826184549606 3.38210119209369 0.279356305688352 2.43199022478437 -0.0172909860317745 -2.31743660186557 0.585429731558381 -1.62410979578289 0.0762669002838234 0.186038583378454 0.992988501589987 -0.598780373019916 1.42441403971591 -0.509465533719001 1.10378182645085 2.71579888361794 0.911307165082649 -2.67849542944383 -1.19191248571006 0.391750510598344 -0.351688352801823 0.29138243360732 -0.567375539675862 0.729050019860911 2.14511177195461 0.193542895567391 -1.98179933139914 -1.34093917855189 0.723521582781368 -1.33253727430755 1.77539506813346 -0.740297288559484 0.120448562470046 0.283420415002174 -0.234270729344523 -2.53542645124187 -1.48213077218418 1.28939872820323 0.101340440338862
"286" 0.859816425822979 -2.09224203289681 0.738319891066431 -2.45826057740244 -1.26269377283934 -0.798577514595279 -1.68552883808914 -1.75928120878232 -2.00859678950985 0.0862840118631866 1.18806911587744 0.686986977497962 1.78774797287736 3.08342472794046 -3.01209321922412 0.276516054980238 0.642870906316713 -1.36707848859969 -1.40399924940844 0.85213618673126 0.492693077638874 0.16242632148341 -1.4056428559787 1.12434875807616 -1.83600586719266 1.1875133965234 -0.194891454776554 -0.0477075717433399 -0.873851833622415 -2.42841797998158 0.263065219800599 -2.14312817846186 1.42985692706877 -2.30248781895976 0.769804087088057 0.0596719685002521 -0.253983133813789 -1.3881838200897 -1.44104883357766 1.50214806511279 1.01292682244898 2.80079406720006 -2.13657694345693 0.242509351339524 -0.301419857600081 0.592258158990361 0.507059807476191 0.807546627206223 -0.46519897304588 1.52471745356056
"287" -0.070162215814302 -1.10890215699189 -0.519288936062131 -0.309697049943256 -0.178371677304969 -0.0690942282465546 2.3136164900582 0.457813160286785 -2.20391222838289 1.2274878889503 1.19786112881939 0.66905676733613 0.382343013817914 -1.24500857026761 1.79501218569986 1.29621688067789 -0.826989072134622 -0.117422569697857 1.56014301604055 -2.45190679888474 2.07121064094844 -2.2530080524545 -0.270669112087276 2.25827332621791 -1.66580061534399 0.413968615194485 -1.81777609587203 1.66727108396063 -1.65977149760099 -0.522975682175569 1.12607439412005 -1.03548949359785 0.266230179138465 -0.317739649881989 -1.39430475850094 -2.22290601399385 -0.340683597694402 -0.172546848968088 -0.608579051953936 1.64353020611009e-05 1.06243437958198 2.33335806987478 0.3706870123668 1.28873677471304 0.256657730791103 -0.175011581560781 -1.40597152466102 -1.05642703256848 0.619694583427562 1.10413683002897
"288" 1.39745577012759 0.523523570652381 -1.5061467023349 1.1175966808996 0.810933097693846 0.620620979469386 -0.932509367189799 1.0685295125387 1.02351075687638 0.0743830562125011 0.9232987506553 0.993521909735392 -0.432516841536963 -0.556096738454248 -1.38940482983826 1.79348504259847 -1.03056168072416 -0.0204183010916273 -3.48903906518605 1.88166663074128 -0.876612552017936 0.367631570307041 1.69840593305318 -2.10099371859083 1.47817436919875 -0.0261098730661414 0.61785726535638 -2.68007516862888 3.07326471379322 1.4861525483418 0.104500257756059 -1.07485199490534 -2.43709491134646 2.76521569595884 -0.344495229421884 1.012875693397 1.71738452136383 1.94741172994006 1.36978557713477 0.236251206867606 1.65970869873843 1.25803233260578 2.98261085754497 1.71543533201251 0.37096206730605 1.43930327654538 1.1056466257221 -1.47427260379074 -1.02344453037852 -0.418315793393071
"289" 0.186147561147792 -0.500532129462642 -0.987304894980313 0.346061809704919 1.35851998511594 1.45328443455617 0.00965540976373877 -0.651865819129157 -2.20965869563602 0.297063027295432 0.494325990447315 -0.0544751298147721 1.23287561991742 -0.339388383990424 1.71769001866306 -1.16975604858343 0.753546975678277 -0.847967966270751 -1.23800577225365 0.946837078469516 -1.58872039427574 0.732935158172435 0.337405515645989 1.53878160991231 -3.83579075706453 3.07538192463533 0.280478100161437 1.14247368539125 -0.779838492509371 0.637427120476182 -0.212766742201592 0.518624382640933 0.331419431457929 0.380019638505475 -1.39337443563957 -1.69053153814393 0.435918839881862 1.0780965379785 0.566755487273437 -1.06381894265849 0.451741097695423 0.730993831697826 0.480172680625887 2.39036404496376 -1.44878375779074 -1.64598454665111 1.89378680773178 3.18639790557877 -0.829159579201044 -0.175961158875819
"290" -0.689054588051721 0.0506457250337508 2.26018705009449 -0.608947619513502 0.883263884924426 1.92596845430018 -1.1527126939104 -0.701338150758452 0.913904551090543 -0.594007115817542 -1.71377565722792 -0.672413223265189 1.52822977974757 0.410412699416197 1.84895520769992 -1.72425492846615 -0.433044320476969 2.34269624526738 0.704171757872667 -0.0956950469469279 1.42011431124341 -1.17606763145532 0.464987291370508 0.32378346383476 -0.478374542091853 1.4738881683401 1.11993981373066 0.349720666805757 -0.266098960552867 -1.54945063886049 -0.672952176777921 0.417348252699837 -0.672328915445059 2.75749389420219 -1.78328104902258 -0.140354340752055 0.81593264392151 0.239142695164671 0.602889608050591 1.44247852033047 -1.03407450115339 -0.0731301330658394 1.11200633568975 -0.49008950547405 1.60914673067301 2.13206241194276 3.46959607970001 1.52446500594783 -2.34855124131076 2.02898441049404
"291" -0.142361436033981 1.37035638266577 1.82669614488579 -0.244924485828548 -1.40706510671705 -1.39786851290992 1.01498119456021 2.4611991620437 1.52442727323607 0.771437224560348 1.70990096425143 1.49868952651493 0.80416782288291 0.709991738332681 2.12533814839076 -0.799374170208034 0.234091226358842 -0.777898744027571 1.31594762902711 -3.00034079960687 2.53426269893733 -1.46839261198227 0.519327993161848 0.196111935529277 0.367300389300195 -0.20509685998071 -1.46261172781614 0.5441830004835 -0.0710319508072397 -0.128585379051588 0.500295855691242 -0.842135817201233 1.5560754306794 -1.91905869532637 -0.175740213017005 -1.36212901730484 1.55610990817794 1.01552203756656 -0.610885578212361 -0.805549552912906 0.0238711648864925 0.355412894634304 -0.147793985705218 0.206612376088776 -0.266519456469841 0.209536953891377 -0.234213510408358 0.748090692297407 -0.517651463162751 2.52516151345055
"292" 0.189425813065313 1.37641055329362 0.600462553523576 -0.760496794717239 1.07917979291941 0.696909302855318 -1.73220286173499 0.947711419318725 3.66714296236775 -3.04140696695505 3.3552653503235 0.126729930337737 0.161997495436046 2.76330594657 -3.89892638211414 2.10460383914965 0.956328282526046 -0.877308386878323 -0.315370475138878 1.43112246478137 -3.31816857286913 2.56520490226156 1.07066627052163 -1.58516844981603 0.504151763257249 -1.48523903163609 -1.36319893541148 1.03052893144219 -0.839136852784623 -1.01147880024508 -1.02562914237906 0.949186148544766 1.86154023547124 -0.832110816143781 -1.25956750157506 -1.13006005815795 -1.19673507525741 0.671742585244396 -0.0639869851027261 1.57735607128661 -3.55105278083675 -1.18459903312878 -1.14862080379278 1.13558623344454 -1.45575927105572 -1.83714474802063 -0.704659367205171 -0.711789344181069 -0.054171358434427 0.197100239742646
"293" 2.4234067090172 -1.08692764344306 -0.488831367941466 1.20120549208868 -1.66056921341193 -2.04212297868071 2.83180838948614 1.43069795868014 -1.49067993002083 2.10878023343999 2.02007227941404 2.06445661699304 -0.577700843260905 -0.780075522964562 -0.712472174425639 0.104087708761449 0.551125127495377 -1.86346024255118 -1.70272909079638 0.0275262095089269 -1.52133031108795 0.402129835856672 1.52242485814125 -2.45410756007409 0.937484908986331 1.86620220304186 1.32431835726185 -0.623755510361117 1.14736819975724 -1.18292113903814 -1.95645708920597 -0.459042705265805 -0.470742807474733 0.84363883250579 0.197366316053592 0.724755208667346 -0.114259618277718 -0.685740159432428 -1.64380696031105 -1.04561735769568 -0.00983054017810345 -0.0557340889624255 0.322061844374667 -0.321826088296063 0.95244496449576 -1.62802859414044 -2.38304618738847 1.78744035267506 0.563961538458745 0.0879117342389941
"294" 0.00517189843181197 0.53858884437505 1.27081776737921 -1.45017093426236 0.928524472496279 -0.145634005685041 0.450406291576997 1.27310285177137 1.78364987856727 0.139937632534601 -0.491169366580865 -0.253547312073909 -0.311733695617174 0.248127055563211 0.0388048955134333 0.843315165389537 -0.314353873714433 -0.693184803596424 0.74639773240233 -2.34940012266959 1.96014624169338 0.654805718685621 -0.0828171627431978 0.69495505822531 -1.15068433085684 1.3603167249481 0.78697164903172 -0.310559917746763 -0.265158685311989 -1.57032879430773 -0.388139907243443 1.38601174914123 2.45276408824598 -1.96961499680379 1.28255966972176 -1.85781653094897 -2.15894719887052 0.561287030765095 1.67017227880051 0.348823034950901 1.09127472476588 2.27591286709762 -3.67948382098121 -0.186831428142054 -1.28117179799103 -0.369157287735468 -0.0273238104879258 -0.0947684967088606 -0.46394968898322 0.56057640982319
"295" 1.78751533545957 -1.53072208935467 -1.63801799671793 1.96347271161505 -0.691747392967592 0.322797675472815 0.220737689318113 2.19114794566646 -0.363912857061307 2.57838867439269 1.4962479709144 1.60422404225893 0.656341762289778 -1.41158060974704 1.8577904808226 0.275259065870867 -2.90700426013892 3.44537796504585 2.18496671691451 -2.18934566903227 0.824156947940608 -1.33585242455157 -0.449395031093605 0.397062562001054 -0.777590029584844 2.17054963405488 0.897348569423178 2.43626764378376 -1.84850574650074 0.117794361155889 -0.456636766921957 -0.425277841862518 -1.02393452184351 -0.275910940809373 0.630387094741534 -0.896372522579965 1.08081711340034 1.37117838102932 -0.185241553767441 1.43696609404187 -0.286853808709638 -0.964088509078497 1.16563646702773 -1.67962753672392 1.49361713311706 1.62093432619112 1.62806855614959 1.40966252125507 0.64777290114712 -0.749538242355596
"296" -1.79129000109513 0.381915558113401 -0.92962382048045 0.629980529071373 -2.56529490895946 -1.82029819985733 1.13476475844638 0.30580952036756 -0.107787809479978 0.712686579340406 0.947463496085359 -0.519990259182392 -2.15518460146435 0.384216086745298 -1.46690182658126 1.99326620230897 -2.55356520335654 0.510051958296108 0.651983986468603 1.32715133403265 -3.37599281275369 -0.608972868282479 1.7250681260609 -0.873481241116827 0.821816622116732 -0.459190686386243 0.40733360016745 -0.40891251763059 0.413781938429632 0.702058388252796 1.57348050691247 -2.98753156864879 -1.90898356971232 -0.19498649066986 1.38914518226706 0.0452204755076005 -0.446044632418558 -0.735860093171051 -0.794271061925282 0.179516163996294 0.315590559351781 2.19845234024526 -4.06785778804394 -2.35399442400408 0.0862371808730082 -0.775090762373156 1.85252334338695 1.29390140282491 1.40594146513065 -1.10104026177212
"297" -1.03098521832198 1.28199631818928 -1.93438525611054 0.98048398680959 1.07830412771745 2.37225609021714 -0.634088781031018 0.946686088047944 0.145760071409072 0.0091367244660876 0.861703122168956 1.63138200343622 0.0304961458876199 0.402672833250029 -0.345853613114948 -0.889033071835429 0.954471737726974 -0.479937560493027 0.184004064845429 1.70477606348087 -1.25561916289671 0.961216191909893 -0.805088608140732 0.544464310657782 -0.826456303628419 0.644298695320015 -0.926691394879669 -0.18235211555316 0.906004001080135 0.25251823863826 1.5755602907489 -2.23274847484522 -1.077354654882 -0.422781263444887 1.05111767584004 0.275898247767241 -0.445767576291299 0.0856337043185624 0.452945773448726 1.18482218708336 -2.68672421775113 0.621874982890095 -2.93404282722132 -0.268747768062027 0.518741027358589 0.737430269109245 -0.916252878270519 1.65714883300033 2.9432556186821 -2.23662493484633
"298" 0.415580800437277 1.52135664069008 2.95228077481284 -2.49001321845744 1.60668966569296 1.62759675515617 0.84455270152349 3.80132915376424 1.2681414502106 -1.28084233937486 0.674878457643624 0.277191290741051 -0.554504877006036 -1.44194331491709 1.71984397940322 0.752922275760886 0.306651008090379 -0.0610313046983269 -0.298519641806365 1.96355392038358 -1.1671421786201 -1.15956018006447 1.67085678395311 -0.895623466197481 -0.122026647588924 0.294921572466246 -1.70520992185519 1.09164970532018 2.01006099846109 4.00886821383991 3.3886620134564 -0.364118670911576 0.749949360986986 0.973214409295981 -1.3542875940855 -0.448797882492215 -1.35570508500912 -1.25267700225249 -0.1881347616543 0.597810952621515 0.923321523501882 0.313673859909594 1.67312685059251 2.5925491640173 -1.5898206050074 -0.856352039775388 -0.423210696703533 0.793234165860013 -0.814860490388297 2.09821001953597
"299" -0.839350409947025 1.44790362931771 -0.404395990993037 3.31115265604216 -1.16704321508358 1.25992441506003 0.239599956278598 2.17326437336941 2.4751975104306 0.317064032020655 1.28113679187685 1.81910354709912 1.14323120399026 1.81282389001486 -0.537992425029305 -0.0767234627814377 -1.13151287084938 0.872076836824462 1.892894640195 -2.28310333043467 -1.09438736126911 -0.276438916919953 1.42555118730307 0.435115906791531 0.586638051593627 0.00709379114182066 1.86863923035442 -0.743500445914847 0.309642582005189 0.848847193591286 0.799659983055061 1.03035164652342 0.34282543001099 0.704549483733093 1.85967327175022 3.3318579463547 1.01345871597603 -0.335102935641108 0.952270703738369 0.342156791399005 1.64123469976873 1.66720281953935 1.11784167334224 2.97829907038645 -1.82351773037393 0.884449768830232 1.61028677336153 1.47471190458288 -0.0555956091821385 0.305288816492042
"300" -1.0011538581893 1.21246291405618 1.62866798696524 -1.2750349225726 2.09820063920166 1.10605583318116 0.242307725767918 -0.408702719317101 0.801018250296617 0.0592349934128458 -0.693930983785172 0.511497418109044 0.681274823600697 1.91301373176781 -1.19602600707451 1.77330975176152 -3.79035871348303 1.69917024545215 -1.528543858372 -0.19773410450015 0.731502774198816 0.486319007054098 -0.453245247012864 -0.360530212404426 0.66508825775134 -0.0191997568325695 2.33163120149945 -1.04600274121914 -1.51077936627959 -1.54260726730414 0.228969482893948 -1.82877884676217 0.413869043708251 -1.96900670189425 1.77736777262701 1.50477981464994 1.7984516354438 1.12667855663144 0.0483473057659641 -0.409667737389538 1.25564856242042 0.525160459921315 -0.166399745470555 -0.827488080685322 0.846301618186738 1.78208371994096 0.637923234656922 -0.859572876694744 -3.33747542863512 1.55854236033754
"301" -1.67359742200131 0.232196063301411 0.147518970333123 -1.83499536370385 2.0516681616265 2.07667740638095 -3.73427430309944 -1.38411814168911 0.386219924369245 -0.437359018374683 0.511609906824862 1.90066913926824 0.569261620412772 -0.905979584017493 1.45672614645585 -2.40163058247429 1.92504784680013 -0.919752088435268 -0.731772435731105 1.55054270676437 -0.423575668330666 -1.33760068303129 2.42052880258885 -1.01643684593634 -0.209718859205126 2.36537384637229 2.3643183413649 0.590778793647067 1.83860133788491 2.38313125517854 1.39838505335436 0.97966864994877 1.11698308433695 1.66308047539401 -0.274412227950089 2.17918370295368 2.6200800774418 -0.788795832307674 -2.24939223158188 -1.54886984295351 2.46940976345063 0.433874109892491 -1.57851334989445 0.81303897327382 -1.74678816893534 0.132705325345178 -2.42395776509946 -3.31560302436967 0.883777552713034 -1.14526672924138
"302" 0.557377131855564 -1.48757648168193 -1.26635872229155 -1.15472786728198 -0.145328362235944 -1.53523231790067 -0.43754010824669 -0.326858450649736 0.513752310283521 0.75597438257246 -1.45942409732232 -0.833483861877492 -0.912586538311341 -0.191911832248169 0.691686825830906 -2.39124764770978 1.64442725268155 0.518807471776393 0.830570228386365 -0.360329039401424 0.423826992231156 -0.807178847345243 0.0237816702126276 1.25608783999872 0.218548779898566 -0.739615376847449 0.775777786535507 -2.05053296369333 1.39152966024574 1.10412329691467 1.28447672144831 -0.708923822598648 -1.04218262200282 -0.341404976140323 0.977554752022267 0.206667285355422 1.5322465966836 -0.625859749576019 -0.595260184484644 1.07302763645257 1.55766185542553 2.13638604233607 -0.83542674796712 0.0486750355875368 1.3574730301268 -0.449557325618622 0.137833917346657 0.570423982796517 0.2403815569821 0.710615067126908
"303" -1.91958198590038 0.610151897489639 0.491667196635019 0.0837271319842041 -0.744536693288213 0.445563782538745 0.0515404076061807 1.32471813574199 2.32934505593436 -1.96830702923687 1.42660661690639 -1.17286999157155 -4.08169225308243 -3.8493461248832 1.60828839594755 2.0062258946731 -2.27226292808218 -0.700720684427228 -0.616137726727006 -0.543036389982982 -0.626338591713981 1.17722627607145 -0.594182574535222 1.20463162760445 -1.21707921889484 0.452923750857395 -0.540541197647473 2.02506329028911 -0.742327206960717 0.458182354810074 0.877203720221303 -0.830453870256517 1.89947345050628 -1.00812434466536 0.117771349866591 -0.842952205884955 0.260772524269509 1.49776642125546 0.0538040495802642 -0.23404103343232 0.450926435438975 -0.41411509133311 0.898805342728785 1.23453106641179 -0.930068035981764 1.14476768630549 0.418906211286403 -0.0522324427037229 1.56357593516941 -0.715827272734814
"304" -0.944349764535539 -0.36084396643193 -0.043061475284737 -2.59508073643165 3.35499058915008 2.11093514351612 1.460739538963 0.771207650601444 0.180094053965501 -1.18695315073641 1.1330599241576 -0.782572450901281 0.449098972359602 0.625101077496301 0.112325317828765 1.2876541346236 0.0359166058955587 0.97879443927879 3.11827110770235 -2.66794696272275 0.996105723174822 -3.37770395731177 2.23562611742435 -1.35893152025424 0.440180759879616 -1.25723293302236 0.0712158357530752 -1.41902986344511 0.0166319791777516 0.502053794871659 0.137414769259709 0.300781342379323 0.469948203233349 -0.58850794175673 1.73028763237411 0.160091185104714 -1.17459394848006 -1.20966912172035 -1.70060532581433 -1.49744064815621 0.854383591498872 0.16865203746201 -0.943954600724647 -0.550691229174737 1.66900662861627 0.233503560087315 -1.15659403384933 -0.0784793686437194 -0.47753952630389 1.62220082551632
"305" -0.0319428075931884 0.627581238853274 -0.0826485786030392 -2.06594170286042 1.69179492174128 -0.172416551762447 0.764444963713255 -0.270718664638648 0.129150958523007 -0.55612328650559 -0.269639740763912 -0.709677356968003 0.0168204639806451 -1.09658903271035 -1.28134663842138 -0.0183464586497611 0.70681036539499 1.83068168726657 3.40457363662285 0.278999692185852 -3.55219097225275 2.89356267581665 -1.02069101345874 1.13861363392121 0.542775637230505 -2.03426954138169 -2.2071491084077 0.609622227958504 1.0321540929478 -0.69697938697341 -2.65488044191413 1.01763980380385 0.814425954296141 -0.716634241448424 -0.754443749567692 0.141863333741072 0.643228657615939 0.216195847942076 -0.689838763447807 1.42246095000106 -0.444099902192404 1.00312821765191 1.58799249881008 0.674880849523201 0.248860247570644 -0.189254523713098 -0.517081163393043 0.555212034770365 0.872738284855399 -0.381193138508957
"306" 1.25857234556468 -1.36693471144667 -1.08163638420811 -0.257368345608325 2.18901416143139 -0.95634691009462 0.622694889427952 -1.85042389090397 -2.00744631767951 1.04023114466908 -0.504749899906215 -0.295816853217699 0.56894115450222 1.66737263989818 -1.07841686037303 1.38636017768675 -0.568934003569326 -1.50800767525713 0.731843958719373 0.0520509246195567 -0.111620692362975 1.40850352613674 -0.399287393309737 -1.13661308933455 2.08705902800504 0.149912256675426 1.81053051884544 -0.56443250926528 1.70086031195398 -0.0554186263916736 -1.80126618014786 0.744725902896103 1.52740526795616 1.36759125684548 -0.913377071788471 0.582722102555142 -0.46980380234149 -2.98922206771566 -2.37896849899242 0.0423367709657273 -1.03073942975363 -1.20343096478513 0.926728669552235 1.20290127572038 -0.604889675503745 1.4548418388842 1.31616709116259 -1.0293063879499 -0.864785249604566 0.119230524698652
"307" -2.58103448882477 3.29035644643314 -0.232611225799071 1.55018344304617 -1.15360066371944 -0.662996264712774 -0.484357904087207 -0.703423149336972 -0.0767751270403035 0.341877732623579 -2.10506960537147 -2.49257174913911 -2.75380949338377 -1.93895363734555 1.30125891875091 -1.30161059615419 0.601438264811793 -1.22022244470869 -1.07636267481157 -2.603939132025 -1.16232199906654 3.41912047798843 1.18873130168295 -2.80217081132118 2.631471836491 -2.64593192646873 -1.07675655041172 1.77137367969329 -1.24060673969557 1.6278017042128 3.83996611292737 -2.59787295718841 -1.31264525820568 0.769280268615437 -0.208066984097 1.33020323576013 2.90042665116605 -0.347646659834254 -0.988391794867677 0.500263847209263 -1.17091571703735 -1.43425394870565 1.53667319763707 1.88984004173074 -2.04974911760121 0.364297188958404 0.213616157979107 0.201910165399387 0.0873086963591902 -0.77659117192371
"308" -1.31344307703207 -0.38150273433793 -0.699975216213341 -1.15059134139681 1.98903034676915 -0.339741616495373 1.42631685843044 -1.56630660520299 -4.16587907837632 2.10273838310554 -1.63633864014 -1.00186234377296 -0.121286518146974 -1.35224009528317 -0.6149656005481 0.538647979169761 1.92329016708362 -3.7834745662052 -1.02541055239509 -0.918417707285648 0.667137533895678 -0.00244494337261054 -1.65615122524516 2.00569855342621 0.216484082587494 -2.29196752080203 0.000172051773144409 -1.81579529419853 1.47451997661226 -0.74796314785962 -1.94085263181179 0.0951866764679388 -0.799719201258726 -0.786598828219071 1.00647596822209 2.08513901244342 3.492501832185 2.14293854541372 -0.451150151154161 -1.15079157920192 -1.03000564693839 -0.645292970888681 -0.209473923761072 -0.101866331589949 -0.417397116258755 2.15646817525059 1.58284286849615 -0.649334614970915 -0.460849037989952 -1.86913278459338
"309" 1.70963856050673 -1.20345834269721 -1.40617177567805 -0.0921411431563519 0.934953213121909 -0.886708053179378 -0.0672793150423158 -2.76164009883508 -1.65382747983729 0.121962524256496 -2.03131542095181 -0.00801285419644759 1.36928111521312 -0.208318066801978 0.0753429520878976 2.05273009170152 -1.13324706959298 2.01051007543196 2.11991949330646 -0.236418128140444 1.72130723791458 0.0586507020923623 -1.80787241877085 -0.684873355704714 0.0983434950901013 0.704281839169197 2.41643655711124 -2.18496606249074 1.09644622440825 -1.49572832314674 -2.26406574929121 2.87872170849688 1.55130803599805 -0.45707839154079 -1.47676681121632 -2.49882356395039 -1.75633073384347 -0.908416198282588 -0.26491868415382 -2.29640543216453 2.14939641799471 0.316364527827199 1.20236463658924 2.77996295826559 -1.6319744630664 1.20310744763969 -0.270473090728335 -1.82652077580671 0.177256158260199 0.939983029819692
"310" 0.266451831579284 1.14999716358016 0.0454410068807895 1.48114976306431 -0.311035064627719 0.731129984233487 0.39329984091724 1.56578339937599 1.95629956739794 -1.4953759810592 2.43434205152581 2.94837295459893 -0.814111267552213 -1.86145578229004 -1.98986957100099 1.78979874426381 0.748340952364315 -0.364875470716441 -2.55029852117313 2.90984415377727 -0.753721808606947 -0.503969572593978 0.852708859451682 -1.51046331089904 0.487172867640638 0.793916254181892 0.81080612225365 0.674769873228292 -0.564984590819817 0.702958557926187 1.348449296116 0.384906561869555 -1.50998082813194 2.08983533777465 -0.533023758372837 -0.371443446007053 -1.11385923031512 -0.949345245559583 0.727596685342247 1.11145482298012 -0.173203743652624 -0.922033812991896 0.361074221096123 -0.815048219754921 2.56805111371647 0.239602574353588 -0.0696339948681787 0.575464172765825 0.936902972239201 -0.0247569642650351
"311" -0.550365777682236 0.844558128651461 1.98801338495976 -0.516179865913827 -0.190004108875217 2.39435528223545 -1.5786753671715 -0.167817541265126 -0.860866819384159 -0.443930713693085 2.26662901981572 1.93824834890197 -0.994425852745241 0.728760490902488 -3.55998740345793 1.95096461897954 -2.12899612614834 0.0288727948458944 -3.12556952556376 1.3017266975463 1.1001520747345 -0.917461549926811 0.402444012796239 -0.230899491876064 -0.274659502519387 -0.588471834198723 -2.65799330458023 1.22668430118598 0.398417080645339 1.11875398331552 -2.06350584264732 -0.531870024790527 -2.41903094974488 0.190267913605319 0.968859518025735 1.74622192393611 3.03431089355734 1.37493835085549 -0.432966289806755 1.02076718355666 -0.72153170877265 1.10632558706569 -1.13568321581227 -0.667052549261065 -1.28577552257727 -2.32388957209709 0.195061854363471 0.982358855706762 -0.477924598920777 -0.088528171858827
"312" 2.32944122558583 -2.17712558569966 -1.32391660659071 2.99637943294325 -2.77898529001435 0.168951237967925 -0.434119519640638 0.879063600326465 1.06391840276416 -0.812392152731938 1.6135021672455 1.57838852748974 -0.184238719213193 -1.42698428912884 0.0396330253318795 0.354650697782476 -2.12811324995873 1.60211319860012 -0.216466254575787 -1.09427856024644 2.52364008733995 0.0314514080427387 -3.16970698667847 0.453392384726441 1.94154333191272 -0.790106854852058 -0.742801179419022 -0.460489022991136 -1.02173959630675 -1.86216370912053 0.0873892952080783 -0.36887337778488 -0.477212941676835 0.527374008370757 0.416205023011995 0.524338687501187 0.720036142799695 1.13099404075623 0.34985376650027 0.525149214235209 0.468482921034878 0.481395333876359 0.952116060122324 -1.46317935833211 3.3499723147283 1.95719589831854 0.089450057824845 0.206057879686575 -0.193399097480364 -0.689289039856866
"313" 0.17631537289509 -2.76845583308793 -1.94883288541176 1.70356738536273 -2.36217425975275 -0.172425023065164 0.54716136613208 1.17621671413384 0.842380748171419 1.68230196579248 -1.77953285524892 1.22029419571909 1.52491738585368 -0.814019273670966 0.942021972012639 2.85744933668766 -2.27732605279973 2.15403600365271 0.161664314119919 1.91881200392257 -0.350650006247243 1.33346169876912 -3.80785813987546 2.92805593897822 -1.03869895033362 -1.697473417973 -0.932129098253747 -0.479914656545976 0.294217172466825 1.38197002526498 1.8193243883525 -0.64391634058161 -1.0138271562136 1.90032224087017 -1.22711437374933 -1.35476492673495 0.592684729701478 -0.127392903638996 -0.671043178215171 -0.743337184741167 2.01051881331286 1.61916213386903 -0.318960196816098 -0.79772921228433 1.87225219131752 0.0384070864930016 0.227247355901571 -0.423507572222961 -0.927313824465127 1.02136334557644
"314" 1.4829691923021 -0.152340109935279 2.41666409565916 -1.51516818289238 0.047007636050033 -0.417883242866062 -3.44985218027322 -2.53442856544852 -0.0170825149119638 1.64750172170072 -1.25547132881625 -0.108294042226458 -0.0596675382994145 1.45204177642185 -0.448812945236156 -0.343575884431125 -1.66519659223593 0.117547818248713 -0.950929945003337 -1.36737226420112 1.10581719789857 1.03574714704434 -0.731826495115626 -1.70437243126305 2.01535677532743 0.48071967878483 0.578668539445987 -1.48703960952905 1.33974851201997 2.27258578355584 1.37414631379736 0.0962487926069131 -0.334132279691336 2.76821090695694 -4.96442363028113 -2.92258229325693 -0.0587189843201854 0.0950911260080115 0.234151769154862 0.0694804481663061 -0.192997597453928 0.824100294261162 -1.22013207208032 -0.422916266708432 -0.726712385650657 0.165543830492523 0.110687055660347 -2.3429071156827 -1.82707019911009 0.515231348452358
"315" 0.9357374849669 1.04108977284692 -2.24409248494156 3.44349974187957 -1.69765537220751 0.437016844336096 -1.22569029698378 1.20847093963242 1.39793384023434 -0.240674325639524 -1.52466449289628 0.11454052153647 1.41190305018895 -0.0746388918816995 1.56862547509848 -3.20543353973181 -1.56631745331044 0.873547956158911 -0.328017397712993 0.630400931388047 0.283775169764104 -0.550319582940795 2.30570423651862 -1.39611979897074 -0.587117055624244 -0.579525728655915 0.929433623306475 -1.45293896683541 1.84925117667442 1.42798404824864 -0.995063651860933 -0.952228506621952 -3.33892600323637 2.37505292706392 0.883873267988406 0.820986137390424 -0.302142933156851 1.28332386218527 1.38430781774386 0.918197324771186 1.02100829919174 1.05948249337703 -0.6882443041849 -0.717412194650809 -0.598107031490912 -0.208985187812012 0.421888517085567 1.02132434002327 2.44167215748712 -1.81232887925045
"316" -1.5188123153943 1.17427016434784 1.53524336513261 -1.33763141351063 0.172031069472045 1.06528936967434 0.287775099711516 0.057954943470271 -0.162257253596234 0.239418567739609 1.19300143722123 0.312655649148006 -0.437601029619365 -0.0206694511948327 1.37112840180835 -2.72382298184847 2.27702720532437 -1.42951981594239 -1.72044491245814 0.65922566130203 -0.414481821018814 -0.849110350643464 -0.408729619372097 1.31978576852488 -1.61829334865192 0.23905707822206 -1.39015352856009 -0.880587833473585 -0.303643227170599 -0.959341239731354 -0.190048299855844 0.618106531761368 2.27480997708973 -3.37976463376307 2.2402178934899 1.34109255265333 -0.337149405538652 -0.13463347079826 0.990583730455897 1.31301182921634 -1.23209226306777 1.34949641671017 -2.48988030591853 -0.696048608437289 -1.42102198665559 -0.0984260866108687 -0.991966676461173 -0.601656843577102 0.402419669093461 -0.630896205121901
"317" -0.529850796235586 2.04290121672491 1.40300384304008 -2.41301468888741 1.18974245170643 -0.949866610787171 -0.847221791115562 -0.0264484806990961 2.4067835963152 0.345519313673944 0.408540295654652 1.67877545965251 -1.77075200059442 -2.69527621112874 1.34916655610451 -2.51405304211168 2.20517198289335 1.00999258190867 0.29002300243886 -0.651222415498466 1.38120652340339 -0.982828213328268 1.9840460511554 -0.438116970057218 -0.38563941849314 1.58250429941574 1.21162595685667 0.620342005067048 -2.43330105640233 -2.03509571821882 -3.47875515894353 2.9141177971681 -0.0685776591776132 2.00503966084473 0.400272106167839 0.79189877945961 -1.02662423287396 1.04131047516196 1.38196677734171 0.115726791911958 0.60545718296512 0.819673950214633 -0.620634672836058 -1.5333380855167 1.91067586253127 -0.291915860517311 0.615932654339146 -0.467985009538942 -0.347874023260344 -1.46895933806309
"318" 0.876253110858961 -0.821582781492782 -2.36516028993445 3.21338911492874 -1.24050768772683 -1.08010020843621 -0.0444823563332205 -0.470037445039484 -1.41222936727086 -0.831178159987702 -0.906609669764515 0.548705894509344 2.22114417035553 -1.15201561860584 1.40132670053524 -0.499446945256462 0.490163958245854 -0.199971644202376 1.39522905830275 -0.320061317354209 1.35835659431722 -0.872051351068233 -2.44739017585345 0.706749422719987 0.775117800966691 -0.476391885551414 -0.509354363395353 1.49676620562161 -0.770865169890616 1.35772408343055 2.3471378272257 -3.24068558395909 -1.84614609900931 0.497706018735662 0.393823350365651 2.37133325563288 1.61918788981915 0.208566198971164 -1.76419333665583 -2.09599832580486 1.94954901259233 2.52069821468978 -1.77930959248771 -1.66409187890885 1.40546961771383 -0.927951109158698 0.380321800106443 -1.78283196171983 -3.95547830161249 1.06605686357088
"319" -0.10655665461886 -0.981304004808165 -2.14029856593578 1.13441009798588 -0.338221117709382 1.58094597016475 -0.652716201481444 0.0418716485487895 -0.171701659253043 2.24639209605656 -2.45590970004511 0.0151700187435505 0.30037499943555 1.90628971820692 0.44338666233611 -0.937928203741904 0.361005778139821 -0.26158585089216 1.81569454121849 0.498344260534694 -3.55086216788491 0.881191462160102 0.234115825655721 -0.77264733192231 1.20054754718639 0.428433496684018 2.5796788840955 -2.39363645768473 0.906421219287382 0.544891253083591 -1.50628113070701 1.83959610726025 0.471491244339225 1.86732444194028 -2.10636421312961 0.562002431901623 1.5357121842686 0.559170972274227 0.718818904966894 2.64500789688492 -4.17535083224945 -1.71639123147704 -1.66682221430057 0.534155618031167 -0.6781101442434 -0.652068052244278 -0.0645015139586229 -1.61928779975516 -2.15840789585325 -1.94250261459892
"320" -1.55172521178339 1.04978934550795 0.393285691207096 -0.674494209621363 -1.21249836635817 1.28040757579811 -2.78869102527253 -0.792883667244334 0.427652883109038 0.307955307236704 -0.128842944117306 0.457246169973933 0.504985841794753 1.14365701088665 0.513216256279333 -1.68863287697953 1.63051484823035 1.56486625194159 2.44658726247626 -0.161290495173062 1.20000435403595 -3.35068748279632 1.60917806846478 -1.17157113820533 2.83616048977488 -2.98963809505455 -0.830234333110818 0.685540409518007 -0.462258609843519 -0.79147422252554 -0.274673161386325 0.410332622293802 2.3593126152046 -1.65889022707207 0.215542479629857 1.61556822046327 1.57151288710828 -2.25230686593938 -1.55041900982559 -0.865383857576384 -1.90479361682562 -1.07803975850018 -3.72695058068603 -4.57664036286133 1.86762187536951 -0.0183593833322334 0.560698968935615 -0.822095665281812 -1.30857506841303 -1.35023444677225
"321" -0.385225404220979 -1.21212777472261 -2.18189445970961 1.63828729316816 0.379896709987833 1.32070164246187 -1.36577506722339 -1.01020634907632 0.249728835773809 -1.71783079549744 1.17152327400934 -2.30821169925026 -3.23046515988113 -1.82536895677462 -0.71307619853127 0.993853001926136 0.662765417812037 -2.07307159107349 -2.25640494374727 -0.611959236716825 2.33781167438889 -0.0716013309224435 0.85311984793005 -1.99970789796677 -0.19929823540686 1.30680710194446 0.600847561026136 1.48482842765951 -1.75400630004734 -0.976935587719803 -1.82216055575546 1.86909012211499 -1.18125258661345 2.83773450784015 -0.220264490840149 0.680070971778838 1.75746949415784 3.05128499134614 1.51122247639736 -3.27289961024584 2.68617678325621 0.099446705251241 -0.324672953671553 1.7794140473366 -2.74459469495145 0.722721474371476 1.47999860285514 -0.222039375904355 -1.32450900382793 0.803935358121612
"322" -0.131718930953724 -0.871177089941719 0.707711225157091 -1.85580974654832 -1.30522955767678 -0.245703745726914 -1.97109520656846 0.225142826539122 -0.997054353750727 -0.49894163603785 0.174721741720672 -2.2943806546363 -2.46634747272024 -0.872586032886238 -0.701968281538541 0.222306648234441 -0.774607122173154 -1.36326585211956 -1.60356768177989 -0.0577650863024831 -0.373606543588121 -1.04307619690864 1.39143657063816 0.214445322942707 -1.12901824423817 -0.529387617924414 -1.02935510618262 -1.99006068472268 3.21601126671354 1.3467300594528 -2.60929214765897 2.03828866317527 1.30859979301776 -1.37753782765982 0.101837351776225 -1.2792221942088 -1.33222769981341 0.246164753260747 1.25061186328397 0.681320409347125 -0.848407330419813 -1.63055636529192 -0.622113197179154 -2.41341118586295 0.0120292249427107 -3.73242740560226 -3.5424377281818 -1.08239805278112 0.38039495576457 0.0985175122574526
"323" -1.17653445331641 0.382274848678943 -0.0137288401864662 2.2244768288126 -3.08842783939408 -1.24011628735428 0.815927728522778 0.628641212231549 -0.755171966612978 0.778908965452481 1.93751489929207 2.65360588168629 1.27739917541482 -0.663046295281623 0.934169334992911 0.254764286510646 -1.06673207323734 1.95977577580737 0.411917879324039 1.25077261591051 -1.43762249887728 1.86741186316787 1.66981011794594 -4.81799095627114 3.4658392751459 -2.40789746463825 -1.35989279844466 1.22528479822221 -2.38762188683797 -1.10183720227471 -0.639787495108308 0.434763413814504 -2.40375376876488 2.54541283927233 0.446884397359394 0.0964864180020849 0.479305433478204 1.45243611684437 -0.715487835076229 1.98690221769256 -1.72829093991514 0.30833575375913 0.457509714734792 1.71307076380034 0.613301417024746 0.747959019698774 -0.368934141245549 -0.121130731677241 -0.392562258682478 0.0482054627061044
"324" -4.64873282956442 0.352466279421155 -0.222506967851634 0.661121754794574 -2.6325820732528 -4.28246364142934 2.71612574382564 -0.336484427597847 -2.6807210939546 0.609637842193551 0.770597523855236 1.20958847388812 0.495999779075499 -1.78316759442043 -2.29746224777441 1.28857922283592 0.739806239495451 0.676441181341515 -2.12500223254398 3.28379404637443 -1.87812747255206 0.701906280464707 0.893307056748263 -0.622849337048845 0.150686911876036 0.0736911595760395 3.07562868595869 -2.27012664683371 -1.45927519529655 -1.28099110129503 -1.35259345620968 -1.03574416357455 -2.67819788724124 2.16273889504291 -2.65046144958665 -0.235902623144106 1.29059420047135 0.542591677850068 2.96181784210426 2.36325742476711 1.41049464936389 1.9320833010152 1.91517407099624 1.43097946773622 1.02512108480779 3.50473591943036 1.43659498846968 -0.550561256530683 -0.659828720617957 0.444130393247814
"325" -1.03231152502337 -1.27516337359231 -1.78457015269763 0.344484318169227 -0.483083012684804 -0.992901976628389 1.22201927419033 -1.69456518179017 -0.963921505457016 0.392053336451634 0.847639108023415 1.00270625156353 0.393443919586302 -0.899499994984407 0.195231374775752 1.56880677243407 -0.844387581890097 -0.193199881518265 -0.470537088782125 -0.96473463244115 0.205142039630232 0.315781017385081 1.70957858904585 0.371817245099741 0.144108695231894 -1.77653420653085 -0.536544809013348 1.379827773967 -0.315252103383938 -0.661851281194847 -0.0618647021545428 -1.13574463126323 0.947354622484166 -3.84357082534397 2.12265563105289 0.29327344615397 0.916988128103355 1.8090883969484 1.61534134217498 0.553709513187857 -0.800735119396684 -0.0206469660826244 0.216024215345726 -0.597194000163422 2.59002493595504 1.30945530605029 1.57748765748152 1.29642004510231 -0.440973621605599 1.31658332276703
"326" 1.11828450329973 -0.959006915396315 -0.969847125729068 0.209834140689822 -0.284273310431201 1.02480398907312 -0.646658575049002 -0.640253480423334 -0.924588917715492 1.172974144378 -0.767731743771233 -1.4926910516475 -0.57097117507696 2.58129323897513 0.632001535726867 -3.13569926022268 0.974324153642505 0.23199889965161 1.0593596765416 -1.26208752146466 -0.840054921494078 0.961219633854818 1.4038312074874 -1.69200821806417 -0.35244382058612 0.0854900201156736 -2.49680204401193 1.60267588442998 0.902790910908031 1.28041319194407 -1.26547082310543 1.55114269078262 2.10398797758947 -3.54663221025113 -1.41067041712679 -2.96791773914613 -1.20752345967392 0.708977354918397 2.08510597441954 -0.907928206470026 2.42332578358951 0.78763703199483 -0.232128745123434 -2.48901912221376 -0.742181914895519 -1.96091567978303 -1.96212764620905 -3.06229904768326 -1.01924678806736 -0.91984771817351
"327" 1.42954862704492 0.916201121343302 1.61103060226287 -0.554650684067297 0.942250105103293 -0.158062592542328 0.2282374824526 -0.458523877910145 0.508500850764691 1.1522099912904 -0.225272670765679 -0.166975924988981 -0.41246069083617 0.0698315366054301 0.137134308118781 -0.754720650554989 -2.19981437440316 3.11022129455387 -0.500607452615359 0.218890287238116 0.711388103893595 0.958402653187063 -1.47675786968686 0.326529644456904 1.54526994726319 2.66824497930989 2.45852609839342 0.612726658630375 -0.93045789352406 1.08770369436378 0.504437451016197 0.0585636994754696 0.339298274707892 -0.367846922297049 0.563088326485691 2.59799256480802 -0.768056866980934 -1.73555699847872 0.653262150256635 2.09911261679446 -1.08646711698092 -0.893091416125058 0.302297852825287 2.64410793550906 -2.17334303802671 0.325801083625427 -0.0390968935733197 -0.356049620491793 0.541591871301344 -0.736759226872168
"328" -0.622882253355512 0.956569477538081 0.254514633002368 0.647659829510244 0.288366177326606 0.483710529576276 0.664335404342054 0.67535581933218 -0.0178085499326451 2.2963125092035 -0.887835689901839 1.16169787406462 0.663005183820294 0.440718847185584 0.973265465397897 0.250764094029011 -0.567366353670471 0.0631938016067928 -0.979901255667963 1.45910498784663 -0.327627757404766 0.7004503249958 0.940585987283647 -0.839779484499361 1.13048750185463 -0.146252148798813 -0.815952528931226 0.481446138878074 0.662365245538624 0.799117300094431 1.48020850844892 0.76270043412583 -0.388871596875259 1.12037844012411 -0.581608064863239 -1.15058761536695 0.740685639394152 1.60406752241473 1.01269043469749 0.524888020674538 1.14098723795666 1.02034591079257 -0.162373419220946 0.690614923424433 -0.657477651546005 1.17295300211145 0.845998322652252 1.24039174271922 1.67217368589508 -0.61273619475274
"329" 0.040433817125374 -1.53206791482617 -3.58414449011602 -1.0280817838732 1.79936950614193 0.335548536118384 -1.34270611648005 -0.0616386812403595 0.940419707885996 0.0487450268212708 0.205397469556764 0.768238473389829 -1.08624154229151 -0.594349943512932 1.5228293631017 0.492372874943776 -0.618331299120942 -1.68366460371674 0.491237914178882 -1.71794799784056 -0.163007258875333 1.21899749300813 -0.486037283043003 -0.959718305847852 0.0866897022224451 -0.696251186154247 -3.13619358290231 2.91185727968194 -3.12831455151684 -1.28739413375681 -0.223488847506963 -0.92361785017088 1.29475526204962 -1.8241693146163 1.4851529596245 -0.14200257023059 -2.61742042183313 0.565195437210766 2.78748833861854 1.35036064356416 0.330558583102719 -1.10944455385232 -0.0514611306365685 1.47952424742408 -1.88764678454908 0.749164369063561 -0.3813169462025 -1.59593591875935 0.641910449168335 -2.59521476471807
"330" 2.0161632341635 -2.91895703857698 -1.89177603367174 0.597733646369263 0.944599358156746 1.15009421442724 0.858980894049528 1.03581369992552 1.9886740050652 -1.82857052873444 -0.89847502740463 -1.04653311951028 -0.947723398059639 -1.27701551150113 -0.233970868922887 1.53333056399504 -1.21482334194657 -0.318651752445245 -1.21826633524322 0.0753770329307944 0.0317001573445332 0.216951918530288 -0.686365346712787 2.76326377136015 -2.55081933565834 0.693254528361929 -0.167507954437658 0.239423009148484 1.8603217350528 0.940437408813429 0.0877215412557632 -0.814681901558772 1.69866275583948 0.754677570376314 -1.72683805494036 -3.71441932878597 -1.55391118582144 2.37799624064665 -0.729475318153849 -3.32930704333523 1.92972030271415 1.61692315516573 -3.31701168246849 -2.02782952597387 0.321966419146951 0.994776909347982 0.735705135977846 0.429432661372474 -2.02570927969892 1.75761961003282
"331" 1.24506063651887 -0.830293288356878 -0.521161803026715 2.07836259116121 0.185568010283788 -0.337733318704876 -0.217129458855102 -0.208769270043812 1.4988288085251 -1.15916733743284 0.0220055015698129 1.54417948357299 -0.232446355529314 0.032554801085504 -0.128488857590706 1.16972467524032 -1.67883680097521 -0.776836629406847 0.667285083357408 -1.60310971004618 0.827382372036333 0.237034188818773 0.743098324065028 -1.30135762098986 1.3291548203331 -0.809664721096638 -0.648826348417173 1.18408915365357 -2.71201468814898 -1.75021660260986 -1.07584274399041 0.819977717097968 -0.195664966941828 1.00541617183485 0.0357639469984973 -0.847547192675666 0.401857883428434 0.92037943309496 0.420290634440366 0.452298661564302 0.700478534855808 1.11511974032305 0.778525570560896 2.79496995931272 -2.62131779492837 -1.01511188839732 -1.46546798771105 0.345167532622942 -0.133037523649719 0.634115207649635
"332" 1.56508604378861 -1.23351683074935 2.01179530556021 -2.20712890127328 1.4491644036474 0.829002826916501 0.211264269658717 -0.389099549270847 -1.31773205440389 -0.734530255652073 1.61530320273627 1.18515232544612 1.01912828768467 -0.131708722770878 -2.17982185024576 2.06245316490942 -1.295629072999 -0.148648839083337 0.846595877942712 -1.07684954079816 1.34599614692295 -1.9930088300823 -0.252197298495628 -2.23577006393522 3.10388226885005 -0.393955478267021 -0.829841473990847 0.374030533407953 -0.87705262341172 -2.34457403665632 0.753393756912194 -1.10917218314463 1.76382847766736 0.134684953414025 -0.998446041803831 -0.0644345328760476 1.88948183185269 0.210382760339647 -0.949468203279732 0.702726698085488 0.249753705529479 -2.24665766386101 1.80612014260631 1.61513147884857 -3.1686536246875 -1.83724428916573 -1.06587514356987 -0.85184779586106 -0.259905575511958 0.0488730560821876
"333" -0.969392086381202 0.683298302155157 0.0898231120569877 -1.51078759971865 0.18555882044511 1.08327450879062 -2.57608267225267 -2.07301703866512 -2.0365761249482 0.805808671642684 3.06430915684133 5.24525278029261 -0.69682902234899 -3.24664580266781 1.51420179777038 -0.818199828307907 0.879533281582785 -1.16070292784893 1.21572013619516 -2.18718531998862 -0.0113530877070078 1.1646757583172 1.21769263572104 -3.32042893478862 3.14782633710306 -1.280193779977 0.392056652961047 0.252448359968885 0.155339806023719 1.67762907885056 2.85329481710143 -3.9823225207825 -1.86492623776075 -1.31075419234863 2.38226771751713 1.97299075798862 0.242373048771369 -1.38040739851821 -1.21215383981414 1.22323695972434 -0.801101237062771 -0.99727970628988 0.10858883103659 -1.34754896803689 0.818600481961017 -1.01600814286692 -0.832954256738211 0.117077947301085 1.82688158513623 -0.984858453817203
"334" -1.49676810628704 1.29439359838058 -1.16732744147899 0.468733018299617 1.22369137845021 -0.0734933462328374 0.394714267684963 -1.70284273857404 -2.41342952137449 2.1034624658683 -2.70445676331014 0.128690753290684 0.909176876666681 -0.950619402033966 1.37334699364614 -1.500349024384 -0.896013436293152 1.50057963293443 -0.0546614178522378 0.386101167454213 1.89899583138622 -1.20340642398387 -0.455854562225365 2.62649842621616 -2.48685491944033 -0.716716384834628 0.455605728774314 0.153364579010607 0.316231679034331 2.12019172713356 -0.641847472593315 0.955763038323027 -0.791620248519653 -1.71619694664481 0.852576763545993 0.679099146700484 0.297161598499664 -0.500145932845371 0.295757575078106 -0.221910543907995 0.7832640646674 1.27603874315412 -0.507880528008201 -0.451909277729615 2.86779361711473 3.87957087271711 0.795713888026735 -1.06212354647653 -1.12712432154779 1.1952175464184
"335" 1.15819445930423 0.992406778167377 -0.709967164077205 4.49541655521511 -2.13047098402245 -0.0974178226343721 1.21995363866372 -0.274366169043876 -2.87703944814415 2.31811111223351 0.584102365520536 0.828405435605658 1.47752247318073 0.835364334807053 2.68625231165275 -1.33086442510488 0.72222441041801 0.953260950247015 0.693352002418904 -0.0444266890299616 1.52752512739559 -2.82539369053054 1.97780113007411 -1.12165575030119 -1.10149205404173 2.51972884629279 -0.394388656366284 -0.13339186333424 0.983601939434493 1.13440317266236 -0.778075279053905 0.0158705717177095 -2.58784923430994 1.4997333682452 -0.464262536117044 1.30297521884487 -0.549086581791242 -2.48509951628683 2.07367593865234 1.11538903751167 2.85081199940901 1.53499368926322 1.61006472526221 1.06342925636735 1.62353657383477 2.67614400888452 2.49632540263861 0.580461954975356 0.146658029860009 -0.747839519837951
"336" 0.0857214223900829 -1.02535973037436 -1.29398290623437 -1.3861422886368 2.05834934146551 -0.817415460381277 0.845241440052768 -0.0984839300464274 0.606697289449732 -1.32467291946605 1.63978207424883 -0.570625941231038 -0.152552236862285 0.512658171304237 1.83664819629357 -0.677297100834055 0.402524908150991 -2.29762795522833 -1.26284827862121 0.197250434166025 -0.35971786325868 -0.0288362105824037 0.621978171884597 0.814975500464136 0.558946722625359 -0.668630469949189 -0.699405802461659 2.38557607744816 -1.14763458333682 0.507777925407871 0.331563930655739 -0.987719328397694 -1.3979868306593 1.24437253499852 0.597595954496335 -0.499642306328587 -1.79915045318941 -0.513942272807581 2.34492111520504 1.04245855658294 1.38052795574309 0.839411256574491 0.927082102141088 2.17750248251761 -0.496177044148827 4.02769424734531 2.93126334306599 -0.651923721596771 1.12729097472066 -2.15863762361417
"337" -0.160024247767015 -0.718826761597443 -3.79665348297425 1.6378019735063 -0.688857323785682 -0.577944551069575 1.03432597338339 2.17266976138112 0.309806981184985 -3.06723380664177 3.54881988770937 0.370186657413075 -1.31853119455708 -1.58000078541221 0.51018339236478 1.41868038489261 -2.33510693531358 -0.056777147434677 -1.51778157244137 1.0526423131244 -1.45745572082479 1.65887976743166 -1.01911059523682 0.0229549318998774 0.51105302575234 0.376628977312888 -0.616675896291744 2.6781263108283 -1.54778716282552 0.941576627493079 -0.981521996079872 -0.0481897465628327 -0.956495463163734 -1.80830652567101 1.94858050815204 1.38697302052767 -1.5676623954683 -2.0728112241746 -0.598913436392657 0.306547634975766 0.601376733125573 0.608504098752382 -0.185152474127486 0.0496710685598714 -1.32577504100223 -2.45613138481116 -2.63993355092335 -1.1827540615949 1.38713845670119 -2.5094211321214
"338" -1.55181054008979 -1.64834103007895 -5.25190416739156 1.59370390101153 0.557256297100742 0.0872135421095882 1.40692902169046 1.00942443932431 0.577714149854901 0.256710996828773 -0.688551330896789 -1.24106828778815 0.398620975236155 1.71786176445365 -0.974293227030227 0.586486373035866 -0.985751445271773 -0.320109460317321 -1.96654596683452 0.0593622893711517 1.0761056188962 -1.75253613121463 0.249062384731139 1.02641994012036 -0.386362977462014 0.260447213108687 0.832561071997937 0.758472242934886 0.103980277250287 0.834193223551271 0.573345513056971 -0.224797442224702 0.260577710757375 0.231602592636736 -0.466807724965321 0.00858692580657279 0.48645100828493 1.38063134958032 2.20705520538585 0.401216740309546 2.07789135405767 1.6274670095676 -1.43664595827911 -1.08073141022507 -0.10428501655433 0.252613185177893 0.461459280143018 0.732873596226335 0.959800399017366 -0.930767144433849
"339" 0.533859952148921 -0.0707910115763029 -0.223287694015242 0.473809762134107 -1.45495165518372 -2.11947800765766 -0.628486906632413 -1.64176046593125 -0.653191142258153 0.0614881810485959 -1.65926023407541 -1.60878521894974 -0.931741220462852 -1.45642650987248 -0.430311378590966 1.51863039628759 0.0810301857232614 -1.63441433408506 -1.34884864088315 1.41190875221731 0.940834145286468 1.08334268138171 -1.81544354791737 0.836741376456169 -1.58861491975201 -0.298579721316288 -0.964788483973435 -0.18815123565408 -0.127366353627591 -0.520625365345792 1.84256417324508 0.178406709348936 2.77055776184082 -3.62162412927049 0.761680672448752 -1.61395012850314 -0.117750722111953 0.0642180462745384 -1.2995975523312 0.591364988818796 -3.48036763084404 -0.485753164075616 -1.35627757728377 0.656769057228198 -0.229924745388396 2.32018461097575 0.779552790118049 0.878473833744755 -0.580689183661256 1.87500343766421
"340" 1.56651516818083 -1.75203651958074 -1.51742416215456 0.3163132398161 0.285631479200882 0.707903546931331 -0.985177705843875 0.0747005995200192 0.295933061164408 -1.24984356666024 0.433337942955736 -0.49907154283136 -1.13474550326541 -0.616138632499945 -0.638951431977052 0.242935349232873 2.01674832161138 -0.142024488286043 0.203166116791307 1.94987729227835 -0.886053662575831 -1.42554135379883 1.69032385762602 -1.12394314400079 -0.985742026868465 1.64906440788892 0.682779532337308 -0.707047673677339 1.05488345404309 -0.442478532736841 -0.591309292951353 0.057747609498052 0.47167730866847 1.43850407920217 -0.969709702271955 0.625182770153528 1.01787053098661 1.8237451285044 2.43241143139634 0.465930878119264 0.964505781221875 0.51183829142141 1.15847446040318 -1.30867624759101 2.37112277508297 -1.5371779985951 0.0493682522033629 0.618922656396128 -0.199442891263845 -0.265942789473703
"341" -0.401536674615814 -1.0659190215521 0.371912771249598 -0.140417354441287 0.00808281271748057 -0.205155040625945 -0.306158076943809 -0.189701357859963 -0.186756077864834 -0.148420887376401 -0.420432244886905 -0.801339118343591 1.92580267439671 -1.06303659344426 1.52472348124589 2.16477798060035 -1.32721750111246 0.161678152182441 -0.625368083945176 -0.659017690807697 -1.84675498099742 3.38963866191885 -1.88402148673138 0.504653064683188 1.21468997075113 -0.958544887423475 0.372509261755727 -2.43466275723012 3.4253185251703 2.38126974171628 0.564777919011633 -0.497431272022203 -0.635964676154435 -0.740059929971178 -0.511487569958559 -0.193918396088792 -0.0164178904298114 -0.575528889611503 -0.932032022415853 -2.28248432390515 1.52550071207228 1.13138767857585 0.284007673609156 2.74376161727589 -2.43517090378049 -2.63141468179162 -0.38344913143111 3.03701372948035 1.48517785999199 -0.57175021822279
"342" 0.769532134820544 -1.83392223287979 -1.93030329550989 2.1979264867801 -1.61707655315554 -2.55009337402217 2.08109812591517 0.0110424947738939 -1.80371037900592 1.55010186951218 -1.09633370250822 -2.30447087202226 -2.32448015949298 0.0278958633725751 0.0973227968135762 -0.840737223278676 -0.244561289154421 0.289229552403011 -1.16633989786328 -0.838410320576051 1.49769935563659 -0.96942355079064 0.935402212519751 -1.29833627999786 -0.60074247963122 2.07169407759028 0.704505736199912 1.1969414169145 -0.98455880902917 -0.466269198798437 -1.52935203866243 0.638175945650675 -1.5406593131172 3.03453273082955 -0.451620715520958 3.60776359577938 2.77729603695262 1.07536184009652 0.781912058072213 1.45849897374286 -2.34881032912036 -1.83481044476517 -0.566709984943623 -1.61393636750532 -0.27696505638442 -0.956951449390752 -0.429524841024512 0.207610915755892 2.20828368520304 -1.29436412355506
"343" 1.00600856553222 -1.20066647381379 0.624196008502448 -0.20395649433567 -0.277566586656579 0.24013734836996 -0.449210941129574 -1.92571542332555 -0.514214242712528 -1.66755770644027 -0.458099785544953 -1.7321007310426 -1.11001177929562 -1.33835076756583 1.08322951384043 -2.30838733964395 0.381583641408649 1.44601369790265 2.77954631401884 -1.25955623579442 -0.183667461888705 1.13927709663359 1.43053710073385 -3.90042108302254 1.04167963734017 1.21136998970488 0.876979546068963 -0.273761049882735 -1.77868169314125 0.380263982954775 0.503343745982145 0.889947767728621 -0.277844202389065 0.242966172662403 -1.93741345849092 0.0212328116110207 1.60208041024812 0.26709761657314 -0.744945900331895 0.135130303365048 -1.07639465233482 -0.467901808348073 0.720857440909912 2.73236357799543 -2.14928980998319 -2.63409448294958 -0.468948212622616 2.29315715304949 0.571415308801316 -0.0953567567400728
"344" 2.1029493712173 -0.926098049592296 0.153998758331067 0.0849961346444973 1.98503812940596 1.84580060208176 -0.499622020307104 0.232615506906618 -1.54612898476113 -0.185605584331334 0.882861478974219 1.39261095743679 1.14403722915131 -1.8021574407011 3.51719520413931 0.139808474458197 -2.1182518870746 0.290255900035088 -1.90326173298159 1.73670037466265 -0.109568727298268 1.92511588676759 -0.63290993335357 -1.67767686309209 0.195159561930348 1.07218301721528 -0.362399548443809 0.910413777049866 1.57156184143393 2.00125484853527 -1.67780308132408 1.72542424354806 -0.0463873942767644 -0.655174043719677 1.09436212336662 -1.11405273494963 -3.04095369160784 -2.0899796299972 -0.74933946922964 0.349301908296217 -0.792931044123444 -0.904821627224164 -0.809579089518184 0.62521735182741 -1.44697138435417 0.194827193058086 1.83960876567384 -0.232399606178386 -2.4578621531825 3.46869408977726
"345" -0.584581199504952 -1.57211610780526 -1.86249855254648 1.21453902697302 1.47001133459052 2.41722952513659 -0.835068814305755 1.2281153564309 1.23933038645406 1.64925203234653 -1.92335174215511 -2.0684622168109 -2.60477848207522 0.420538930758935 -0.935734118232102 -0.67533140487433 -0.552336532995858 2.67759438823019 3.18487768103655 -1.83536636528331 1.86432294390731 -1.66812379514704 0.723960934672806 -2.55206505036717 1.73220108172821 1.28877009778496 -0.792828482494714 2.53300512162418 -2.91962558055817 -0.512626921957934 -1.0787424207092 0.768232805536326 0.187233185083823 -1.3148455204761 -1.11626477348039 -0.465598287639639 2.94315789054138 2.2462074582544 1.33834927854413 0.771500344719884 0.948719582538316 2.13535734539678 -1.79088073265259 0.450158897774015 0.941361278798808 0.792655305296948 -0.499254653836911 -1.80056991622561 -0.831204748171162 -0.732784347244978
"346" 0.862969574370001 2.13806881758464 0.956742928215039 -1.65352625617463 2.44400153755275 0.98944244620815 -1.7604604038711 -0.845385710640929 -0.229013832349826 0.356267713075359 2.29185016524226 0.104349907837406 -0.523899182088072 2.0578923586448 -1.11335894399522 0.398462708748969 0.286531618262162 1.91698596281116 1.07319641326545 0.362526845978926 -0.473401629186894 -1.16464477618356 -0.653471760398353 0.0436347429316089 1.3531765545327 -0.631466729784779 0.0915870184502891 0.312704875100537 -1.82075860565368 0.728376356751651 1.8101048323127 0.250410780661057 1.98660823405344 -0.0589476352930188 -3.54764775970279 -1.33620783687615 2.16948479039121 1.25501399835972 -0.0476323959869379 -0.990413739526802 -1.47533126746066 0.179601115421044 -2.49527722125138 -1.6082526930104 1.27931710567577 0.490254677679847 -0.108383785351796 -1.1066335441058 0.318577424148146 -0.690127688084839
"347" 1.79517651347702 -0.549833569545576 0.646370102442098 -1.02049992710865 1.17330236538943 -0.19080366729995 0.995389802758077 1.26563188582264 -0.766253204299068 0.396691801863516 0.688803515033696 -0.416931297963479 0.727517663021891 1.87632048735269 0.695512307724312 -3.44836250065361 3.55454897997811 -2.34572881125009 0.270095740293309 0.511075125030241 0.0173500468548293 0.32992251048892 -0.208653325319256 -1.73540354140042 2.20813211198887 -0.136656221489498 0.20700087890903 -0.117776730725757 -0.0382702923918477 -0.50011646526105 0.544037168967893 0.149386545536845 0.932602852097423 -0.873325806726259 2.29772159052398 1.60747146615473 -0.191534264509045 0.108777923060566 1.68337967837491 1.32790529442705 -1.20765400862014 -0.423286064961225 -1.91447437283243 0.254492068502904 0.100263966565146 2.3707910036142 1.58137286682978 1.81052185998656 1.87363059299319 -0.693916094556885
"348" 0.0038340297365541 -0.224175248338954 -0.512379759479057 -0.817422522137213 1.91559719192549 0.353609956888567 0.620498167552616 1.73297893683967 0.67061935282846 2.47503130418799 0.211967562235788 0.737979025468552 0.983452029857508 -0.431697136028522 -0.909921568186919 0.82853930096575 0.132649002238176 -0.19692366145439 -0.382322585873578 -0.0705788483603494 -1.55719291795054 0.87193889995991 1.46102021756563 -1.85573247739749 0.839526667135934 -1.12921327347202 -1.22299782889245 0.0454770866856575 -1.16540917374423 -1.93893056393939 -1.737372314524 1.80776962578382 0.246771280125342 0.439850899005457 1.92509222402844 0.569826514339245 -1.64055533854017 -0.353964384706889 0.524558127473471 0.447190459568731 -0.898857257127246 -1.61721279615721 -0.555906307901169 -0.736578390818065 0.062600267850398 0.345625976010229 -2.95232658444434 -1.41316404822542 0.119105540001403 -0.887633665106014
"349" 1.41783437381731 -1.0636986829653 0.577682456394858 -2.74368088501031 1.30282013287816 -1.00018476902786 3.28343089425518 1.88822208323434 -1.25940930349118 1.7986779787477 -1.22417998827 -0.492442687702653 0.46697085908936 0.340128374397265 0.315905102635604 0.550723252165407 1.25456923616454 -2.04078774800747 -0.253703227745732 -0.542945707658568 -1.54195539657155 2.25004390733783 -1.48091716409497 -0.13896381849026 0.7622175359036 -0.121628293613729 1.82801871534841 -3.01005766228059 2.78239225909459 0.446475590674408 -1.87814753206909 -0.1170722528327 -0.617056424824809 -1.20862045427865 0.273494728829675 1.67069758605922 0.111844445449858 -0.348828438850862 3.22479541087811 3.32257280622123 -2.15130198925258 -3.86079282613577 3.44863318671775 1.36689037143534 -0.153879217437037 0.984664045467701 1.36071764435951 0.525416422554218 0.45308035811332 -1.20293352369895
"350" 0.456032537655143 -0.965755538748282 -0.565791221163948 2.0522609345244 -0.340495863524924 1.51771580277161 0.586849571247852 2.26683869620417 -1.93082566995827 0.958770938228452 0.756187194434113 -0.441077329695314 -0.46647059398848 0.338884835441753 0.581937498707067 0.752234623801807 -0.521785252792984 -1.00291633292931 0.472679181625385 -1.20110743511709 -1.49462114984035 1.20370692862437 -0.830258894751337 1.75792986282825 0.934842684232807 -1.26583609881731 0.839762280002489 -1.70292663253028 -0.568639402768262 -1.35469344103716 1.3334604158435 -0.749350049986528 1.38061165749595 -2.52110988421018 1.83166389583952 -1.0862961813244 -1.27183377135919 -0.429374548663591 0.791458108426189 1.06828429148597 -2.16542055575217 -3.71710228957376 1.39360737379383 -1.39798565189096 0.313321681910734 1.42991806259095 0.643769376643572 -1.87872815699229 -1.62370687555521 0.774902784518853
"351" -1.54949738026548 0.0371534358512506 -1.77195220902956 -1.30498993354073 0.574383385254991 -1.89863975971651 1.59427818334185 0.247021034950343 -1.05253986490395 2.74885410289551 -2.2381529966664 -0.0122420429367374 1.15106852510638 0.298241961373812 3.55955456067129 -1.70652840956772 0.655906744869545 -1.73684199753547 -2.70555183197207 0.358959524737444 -1.66043485230319 2.55667482570265 0.502337855759753 -0.408254571892895 0.655035778412345 -1.28302268317563 -1.17733832226131 0.239876434017707 1.0231355641294 0.0960925503633673 -0.999427120996958 -0.353136991474511 -1.519309411069 2.39618240692168 -2.43964596168186 -1.00227380795436 0.912164760047535 1.57552659023522 0.200442091698884 0.448044576007139 0.847710105174338 1.65376283645574 -0.758060594766453 0.110339521404581 -0.109695207199908 0.18872028712186 -0.674387627626096 1.70780419001516 1.61349711446225 -0.215569272320671
"352" 2.11872659519516 0.0295532039458806 2.78794679214724 -1.62152306170892 0.747118045412588 1.47660950097786 -0.141497196975715 1.78751999770837 0.876064563655247 0.720754377774752 -0.643283167348796 -1.37695583601631 -1.42741269144367 -0.837006665666792 1.45647488565574 -0.573155659545666 -0.682338551577373 0.343274490631654 0.138392977261773 0.230230561287701 -1.2981852438746 0.592195842204096 -0.816019880310687 0.963221145211057 -0.156725275928085 -1.9038635153998 -1.75863724920446 -1.27200680982304 1.16194420516558 1.31913657528296 1.47052103628401 0.0856821235557718 -2.35888348331068 0.613194506823156 1.96852666102283 0.81665845391256 -0.901016513528085 -1.50259224326152 0.141129255821757 -0.556107825959973 0.46583851925023 -0.0842660737643581 -1.59701646896308 -1.36647016406186 0.517469563649659 1.01224764839276 -0.493011028323183 -0.559842616598364 2.15571673635515 -1.77725559711869
"353" -0.206273185239267 0.151363856168662 -0.40370249965778 0.12264459642641 0.461592770845173 1.12305768373475 0.45991973507621 0.975619728078464 1.65242134953594 0.0255675383011892 -1.88937018450255 0.667591014152165 1.80113504441429 0.569471971246511 1.18873618986493 -1.59230668645311 0.579272053864462 0.315949479290855 0.334599610083631 -0.343933338386108 -1.19546097500691 1.42939628247212 -0.342669984285154 0.464874650961203 -0.813869129584738 0.573525650131525 0.376774757935807 -0.120261945685516 0.604696612531124 1.77542896233408 2.98620033805113 -1.18032365144508 0.830925756247867 0.85149960250375 -0.762994968633442 -1.14793376798117 -2.96891933370952 -0.721057388630562 2.98844824576009 1.06003155155457 1.47791692426382 0.924643610915689 0.37206072889036 1.4129496109283 -0.916898941964271 -0.597154102848763 -0.225546465849194 -0.748844899743972 0.397085895981248 -0.0752242877788313
"354" -3.25640047534501 0.624661023679666 0.160289983396302 -0.908211171843764 -0.0162231256041832 -0.741819909792983 2.56613474848913 2.01107279974672 0.703363493458919 -2.10790890957239 -0.178774400045834 -1.77401526949244 -0.78940929255842 0.748203220294082 -0.651786922140987 0.713547470874785 -1.79526066314 2.02639564647648 2.46790869802493 -2.02521501804347 1.71838055962057 -0.588777850476833 -0.510488247772526 -0.969337730700532 1.61640767705336 1.28446343599743 0.294996828905754 1.52723164640454 -2.35131772245673 -2.63367792414263 -1.20144233584231 -0.44326571234699 0.747346122237771 -1.37642994133667 0.071546370749447 -2.18852748184044 2.32928566043801 3.41062398482883 -1.57227114203671 -2.9029337275404 1.92391140739708 0.17052990802833 0.168044284941154 0.540361880576459 -1.05326479915214 0.42012130343893 -2.07744195015584 -0.788087885065498 -1.17053001410235 1.1522902186443
"355" 0.819183555422306 -3.40468147130892 -2.07472103968704 -1.30569022989981 -0.0581555437687813 -2.53484109444393 2.23542091963429 2.19507017977932 -0.96556102090628 0.887672563934936 -1.08639935128788 -2.10118494304 1.43759275435957 2.79935979553112 -0.627385830928124 -2.85093820948368 4.00458921674365 -1.74686363212747 -1.32909051131883 0.511273712869933 -1.24859067674847 1.42153643208186 -0.151908192489641 -0.213369795718633 0.595112574495281 -1.57718891594227 -0.604916194961593 1.94287195227423 1.04517608426597 2.21557998061709 -1.79015273587914 2.75795865629815 2.49257865116815 -1.59250313153079 2.54313927509479 3.28958868169097 2.14641112649791 0.468316984353984 -0.540208175713433 -1.20440572075839 0.332426764652629 0.39293987416052 0.654733545460333 2.77279515383772 -0.88758525844622 1.63221702205967 1.6669590576861 1.13300160705136 0.434061053206248 2.49205758607072
"356" -1.84699359259179 -0.149219699383142 -0.954086235249791 2.1490381007667 -1.84945443680131 0.333877952948489 -1.22799585352092 -2.17901102212527 -2.37598090921067 0.270532819650475 0.594852366100781 1.45748817800763 0.880102608748295 0.041319025745246 -1.6204256261854 0.430950432789138 0.589104399627338 1.35278169713886 0.60730534850078 0.561816218320646 -1.261743138151 2.67454804456914 0.863358616564582 -3.93164906341864 -0.299731366879415 2.99888782645399 0.635531270272659 0.361580261945855 0.247247036500932 -2.67067512508451 -2.24781024838125 -1.16535352672802 -1.07343679858017 0.869217500572934 -0.378773564661014 -0.418605599579196 -0.744295872138589 -0.669764530976433 0.331745080818642 1.29991776074734 -0.354363873047339 -0.853352067559964 0.35831408313707 -0.195501951753645 -1.49069714966074 1.01825346576099 0.548132851655774 -0.748784035529216 0.825502355425673 0.623155226613242
"357" 0.394053996444185 -0.0382799624819863 0.451976104578363 1.05052515903052 0.915099358699091 0.581309804426806 0.860191917352495 0.073556822698035 -0.00430358287115348 2.14440792101778 -0.283604852813031 2.06376493546231 0.695410382289372 1.24796896266541 -2.17357144067771 1.74029399424962 0.00694732211775458 -1.28170724314726 -1.51724878082599 1.30235467780481 -0.630571257091352 0.531935749179361 0.397392035731513 -0.0807016391426014 -0.157835654074633 -0.203724098939398 -0.236747059582698 1.14345390829705 0.0431880335982753 2.63963883488952 3.52580521008235 -0.741832590415498 0.532469584187531 -1.31540617102794 0.453091348718777 -0.27274451249413 0.635697525314594 3.01847984904857 2.61957697673063 0.481551588146779 0.802438905058009 0.387065617713487 -0.134579057211438 1.5739520793704 -0.278600767501593 0.0951215768989244 0.23419977121351 0.0419669328462852 0.354150464733329 0.721822716541053
"358" 0.86237832837323 -1.69526153766743 -0.917998600102316 -0.627043360905882 0.78523878594261 0.677631760369613 -0.80393397174094 -0.926907964206835 -1.05304939916374 0.724632729324173 -2.44749244473819 -1.14556541373608 -1.13579279869351 -2.64120390927759 0.780254928080883 -1.48024457816109 1.27174667257792 -1.50314875921012 -0.905875078753906 0.942040741784131 -0.708664975886737 -1.48125995262695 1.55995804403096 1.78833754937681 -4.03276707501725 1.3546846391287 -0.28827352783855 1.03074302377709 -0.273564926350487 -0.156600518293125 0.27472469889607 -1.08290056772084 -0.881147227260618 -1.02498525136717 -0.271022561172713 -1.3856229192061 -1.35565231088439 -0.332285521410793 -1.17651415601776 -1.61978642852714 -0.280293528869507 0.0304859855862778 -2.30753396263469 -1.61273653227953 0.356039607914389 -0.0719360421729681 1.82213234680586 2.51358440845397 1.30594884410366 -1.79026837551425
"359" -1.34788526974201 -0.161730806112383 -2.00256654283404 0.133702008152112 0.483198107748914 -1.09363175027983 1.76269115770754 1.17702799000481 1.52961397005094 0.554622112695326 -2.07517411236799 -0.247932781944529 1.61198516876328 -0.357983250074688 0.690665983346214 0.0451535684313076 -1.21985107493236 0.32831967304328 -0.812714008065039 -1.23481903395429 1.25687713572529 -2.25021389452886 3.87797388081969 -1.51795831462382 -0.253017896049729 -1.41555511479274 -1.40709924660407 3.79442769147845 -1.24356943937405 2.77814123384791 2.05595267397797 0.080585943006992 1.56553783976517 -2.17655608253733 1.7555395473361 2.39183222315568 0.125368782875748 -0.740111074573496 2.38119143539718 -0.31138537697454 0.758054243147054 1.53943452162814 -2.56924775783867 0.171182050103096 -0.322845233570757 -0.0821963186320318 -0.103245245821405 0.793289534000542 -2.44604408156736 2.93738936365146
"360" -0.109024363535985 0.82907357798565 1.85944046765041 -0.944615142418561 -0.938950052875738 -0.324000071168192 -1.71942461026965 -1.14279100279504 0.100311842715986 -0.486114485772055 0.77529490422612 1.17801872025814 0.618676159187688 3.03329241003178 -1.56108801412285 1.50098384070387 -1.57578932613146 0.728953906302235 0.530386348530248 -1.20936723777069 3.50067407250153 -1.3896906507248 -1.42229019518318 1.25768484493173 -2.38701552971565 1.65261320856222 -0.099985732411229 0.278769366692525 2.16849406824086 0.844531631654543 -0.963461635404653 0.808521678712342 -0.367313733258072 -1.12184375196077 3.77064485750295 3.06113179605438 0.996960547849262 -1.08742117747612 -1.29438911844232 -0.0463312880919963 -0.630510602529208 -0.887742980116451 1.84332178324349 0.104027181218259 -0.528385593829094 0.139119068398786 0.216379822789421 -0.170713245352106 0.552412715353405 0.0581409985215142
"361" -0.935213736456634 -0.071537990165436 0.112463038582483 -1.95392506728914 2.35508870899755 1.07798105951624 0.221923885132925 0.603167089889833 0.0370173055408714 1.23319276704465 -1.43407529422373 -0.47026251015408 -0.899835551082332 -3.12921433896612 0.635244069231168 2.41163136066933 -0.422063423540387 0.658176266884555 0.841712627313137 1.5979153497445 -3.92362704096591 0.314585923113669 2.74646814409466 -1.67324832698109 0.269564052830294 -1.23790825856233 -0.878937437014914 0.379344864302809 -1.19551378795216 -1.41155001959592 -2.03468832979307 0.285668009942286 1.70004980306992 -0.642946192842549 -2.25565106457328 -0.537085386516395 1.14325750328405 -1.6860062780974 -0.391332035607253 1.33168743710974 -0.176542544689841 1.22738902672606 -2.81481858044613 -1.18116012956627 -0.361838215326516 0.519665519529068 -0.339496682464038 0.554489841614214 -0.470846481822488 2.55436029715479
"362" 0.0261794867766808 0.477226101705489 -0.352840914278655 2.44729231231688 -1.31343438407908 1.06021111736767 -0.61982020305571 0.93943619304996 0.874153707126223 -0.849504744458703 0.321735222843531 0.262132171299553 1.70565474922896 1.12536912243878 0.583490836858349 -0.0390074012636186 -0.0927112215119842 -1.02796841072973 -0.657425712707653 -1.42231556690049 0.863152545844606 -0.443076638688658 0.986720429109782 1.59935917548411 -0.121045699560513 -1.40252821459786 0.668576445843955 0.547554436281642 -1.41251587002578 -0.577800773212978 0.78910081658488 -0.598344409795469 -2.22306049962153 2.71977432134252 -2.57961307486428 0.248895242414522 1.30188020777362 -1.41511790123737 -4.0414370948306 -3.05227510718613 -1.01630822864548 -2.53701464064625 2.9823746378913 3.42727172607691 -2.69087820182727 -1.90588141161467 -0.305387609928402 0.341056503043243 0.373178619523828 -1.58237707246495
"363" 1.97727879559374 -2.47611305430762 -0.939261213703394 -0.810147972084621 1.16431976450573 0.5975425062456 -2.1150233206592 -2.83271750045408 -1.05512653715411 1.40166058373096 0.315362310310871 1.77009595402171 0.909628434095335 -0.918380316317398 2.66112650766336 -1.19908392913537 -0.576470797077798 -0.426836676445902 2.91027229012696 -3.93306220594727 0.780478089522658 0.69757633208999 0.470150377509447 0.905600885948087 -0.925924421998613 1.40917927528448 -0.36903244276158 1.16386058021529 -1.15952102397529 -2.39747845956497 1.13487924948441 -1.61045790877735 -0.435646298704584 -0.679868591258571 2.95291512560397 1.47159849960812 -0.555596163502726 -0.323307945563685 2.02581005080213 2.35049481588046 -0.660419677809523 -0.250524090659006 -1.07255231962353 -0.484795933465705 0.214676125900052 1.25660273033544 0.407602214343882 -0.261793134214568 -0.323684236468899 2.47981383884807
"364" 1.18041154273663 1.26682701309799 1.88364356859458 -0.793629319581128 -0.283384300723309 -0.0828175955825011 1.76065251641713 2.56347547670714 0.770403831966878 0.239298956954972 1.53165326197572 1.51338313911299 0.405494526762652 2.63009428724589 -2.89177704490941 0.88438673277107 -0.843606685332032 0.775958527181504 -2.02554830577869 1.44983717832996 0.559706198299812 1.36510446111403 0.524842068996123 -0.410628643239765 -0.642694662625658 1.02665327055625 1.60471921621891 -1.04656500172568 -1.84131451817448 -3.42683969294128 -1.48448061561537 1.34780952760252 -0.333795480790595 0.630087156068136 1.98911644001402 -0.441060613906228 -2.32843286742161 0.270742611185311 1.72011185127124 -0.400729990642738 -0.765799240831894 -1.62664678654466 0.179697069827613 -0.444593802195885 1.0212637973841 0.770849765279832 1.49580095422534 0.165842920977786 -0.821700908088008 -0.790571271538025
"365" -0.17367854736916 -2.67875275265795 -1.61124916638435 -0.372085940638904 -0.869394002209049 -1.12837647290477 0.715929153457869 -1.21733577669148 -2.2320231955357 1.64134071907476 -0.894522450318158 -0.330170084946483 -0.698936752276347 -0.165429893481543 -0.290120725820636 -1.24067480413953 2.85584642453837 -1.65459012871859 0.725413814604117 -1.58168634746708 -0.670778241213416 0.34885182184449 -0.696287351677724 1.23195155368537 -1.08205084638054 1.44123999953814 -0.885244898975641 2.13489936417582 -0.583526034329157 -0.492594766641615 -0.656410705221215 0.817637393538987 1.88524317588948 -2.11221616799066 1.13100340827769 1.32058487592926 0.749540536191052 -1.44822019703142 -1.73435119875716 -1.23109653225404 -0.307991622758669 -0.827348067840305 0.434775069013307 1.26237546290413 -0.0355358185071437 0.34712743562528 0.744103279300527 1.28866088991867 0.543508706195493 1.13266174120115
"366" -0.827858338646764 -1.46764422719027 -1.63162831194841 1.47331584969627 -1.07554273424028 -0.902209829401396 1.89551875374566 3.40364095157112 0.304990507914957 2.16937885453931 -0.0473011732147343 -0.939194321375109 -1.12063781732384 2.10028399334784 -0.446271800699322 -0.546983222200517 1.43567280936187 -3.10588356451194 -0.165091782066442 -1.25481145017669 0.961464593566099 -1.22737675604669 -0.554273742048653 0.514017121352668 -0.730714281759031 1.03865155623196 0.729207419299308 0.265729675352788 -1.53607228388376 1.91033397627511 4.16179930344543 0.337097901192389 2.06468883966699 -1.10263485887701 0.108183554433127 0.256776044455789 0.717725731503039 -0.0436256826409666 0.347045608950254 1.96435168899901 -3.82510935193339 -0.880934365975896 -1.69375492770742 0.463639509191964 -0.761059841123428 -3.16931960506562 -1.46414762826984 -0.633068755958733 -2.68805827718895 0.801287967014196
"367" 0.869494481570706 -3.96639123990563 -2.3279426396261 -1.9502969606129 1.24722187317767 0.766479770039212 -1.10519089573317 0.307665849792479 0.357774011032828 1.24579075505735 0.173120242382629 1.97734706700493 2.03417651204167 0.972102473163073 -0.568168667887794 0.570910819336727 -0.653078501795681 0.351760466888641 -0.800904881390582 -0.401954038753844 1.24444993470636 2.19739490802083 -0.953928359693697 -1.03236996465164 1.50804718034279 -1.27427089670033 -0.776311757891534 -1.69753827850985 0.716470380276362 0.285339741482928 0.0907205992209809 -0.759673419735757 -1.8158276443849 -1.09025894768636 4.11231021504416 2.55605338015802 0.593422003676507 1.00675085336429 0.202087116444137 0.124640836292329 0.838129473849287 2.88892219061608 -1.83628367113179 2.35394849558168 -1.5418042464102 0.482201883494869 0.709981484535497 2.40724592674416 1.44543403622159 1.51964086602898
"368" -0.695039620409681 1.04642481951418 0.635509364894698 -1.83650738698483 1.46176757190653 -0.4010871511395 2.04982391959123 2.04306213215659 2.68085559412687 -3.2669497460583 2.20484225903916 -1.80317247682611 -2.0844671152285 0.818927745144334 -2.82219419515012 2.05949310965754 1.9218083488039 -1.28638988907443 0.166811708589566 -0.887337942386718 1.51106887517876 -0.484084915595768 -0.680824846107737 -0.709235901189309 -0.541947545274079 1.61342943422684 4.48544077516793 -3.04833018586483 -1.33956436862868 -2.12287746244768 -0.523420087809754 2.44410266961597 1.75084375259483 0.279729913401226 2.07394930582051 2.1425884032391 1.63860119405121 -0.872448655288179 -1.27802835191717 -1.80277910805694 1.2058672568685 2.04122701186685 -2.13918745405068 -0.148058467312242 0.923610000242839 1.74969451837025 2.2954490151587 1.36024990571516 -0.278754994760324 1.44483217212977
"369" 0.247881050025041 0.415240005114812 2.32305558199192 0.868007996309779 -1.66178220283141 -1.76409507553887 1.79871383686954 0.248945315923826 0.0383266024510343 -0.220629171564661 -2.11997560840556 -0.801309878740417 -1.16022254932007 -2.65287859416924 0.391092735600199 1.24891647193117 -0.20825177641086 -1.57232940355506 0.568547325847055 0.0153379853632605 -0.292039962230947 -1.06808419334775 -1.06100703645701 3.89236994483988 -3.18960224342715 1.41546369729413 -0.248109043250416 0.706939932326992 -1.05923457611333 0.61405147809353 0.290230931156514 1.02200219477793 -0.620436663693812 -1.26913664571959 1.57527699253518 0.741449882052047 -1.34188851051072 -2.96319357033454 -0.37379962617886 0.163098458753699 1.85283751710842 2.16385306711279 0.37236085580817 -0.110541601712536 2.21152999851095 1.20453626197289 -1.04662364041896 -1.1255982220698 -0.893327784401021 1.30061117318892
"370" -1.1379252604654 -0.29780983656226 -0.12552625106716 1.33080014933564 -1.7380483476055 -0.785200834637849 1.75844181345352 1.52330106476228 -1.79523177593888 3.35415778759765 -0.705558833089475 -0.921049909460351 -1.06215920939501 -1.59209007844903 0.741172238711568 1.20409676129963 -1.40919834381255 0.225079809387029 -1.53468748408504 -0.227816987686613 1.11415302519073 -0.300214634929112 0.5074174009571 -1.17944922724511 0.457511274586785 1.799062356126 1.75671678670117 -0.49760573057428 -0.880535021294373 0.710394052223994 1.38771160660971 -1.56286056658328 -1.59200698708641 1.46667399579833 -1.83197786625999 -0.154051877119233 0.740203651031921 0.227627117337026 0.560573028200445 -0.214179121592798 0.547499388448024 -0.825629885792631 -0.362834187477216 -0.607631944015189 -0.0718692178368506 1.67154383453149 -0.101260777562731 0.21771345065485 -0.218309759390076 0.928145268070834
"371" 0.741635044600979 -0.108436172648483 -1.70835570368259 3.12040460675357 -0.216903010980846 1.68717957929968 -0.755237871824961 0.327509018422265 -1.07396305416947 1.64296707668397 -1.73530520239442 0.704843177119521 1.65131120526047 1.293831070087 -1.2837502730269 1.97022882319381 -1.31449685180958 -0.54527901606714 -1.24515934492293 1.03458116157718 1.03239307132815 -1.78121810048638 0.290014692261017 -0.953428261238841 -1.13181790066199 2.19874708384654 2.06875837346906 -1.53898542937629 0.0346753386688222 -0.297722736503179 -0.42785601250885 0.112732143596823 0.215137402678283 0.576617483693452 -0.490837240315451 -0.659522325758826 -0.448922820355211 -0.293169562095471 -1.7724222159297 -2.57505540077677 1.74160646629422 -1.20891465005704 1.15709234572738 -1.27913178936789 0.166230402591867 0.342285129228306 1.00585522840637 -0.679146764994079 -0.63311272968293 -1.01780656385329
"372" 1.51755652706349 0.0700246988835131 0.00828015233806177 3.16876164166914 -2.85669266635593 -1.62598813777897 0.228349298276277 -0.401362289792431 0.599028558319521 -1.44831914922431 0.264114949060817 0.829972561914862 1.80976466794848 -0.229724765735249 0.656354716636822 -0.262781596362883 -0.167728329231947 -0.740867519584745 -1.1283632022928 0.0184473148798917 -0.319426893105745 0.799887761982156 -1.10838315052522 0.686503477092389 0.812652547337928 -2.55909327803 -0.626668320262406 -1.78302142343574 0.456701552260629 -0.490376120284405 -0.0141852751979843 1.88149956578552 2.53062536541437 -0.75688233721824 -0.606762212198037 -0.195394246562125 -0.571849191662156 -0.101755966516182 0.703996171132879 -0.0221237364562164 1.01165980676761 0.701385472067836 0.513733401970729 2.54305144828062 -4.46245558424058 -3.06755792804126 -2.04153568484814 0.694212859393515 0.539499026651741 0.395328703225054
"373" -2.54956193958524 0.0632208955148578 0.618634318438223 -0.320113487827904 1.42229387159409 2.11440959413779 -0.697942339921718 -0.00480013450449658 -1.3982326094506 1.66905719892467 -1.5825284383984 0.405962635285508 0.775399095963541 0.209597416409469 -0.315166190337505 0.740184731214302 1.32690636787859 -0.163612244585905 0.833095017646747 1.64279566411044 -2.10878608214658 0.439492242900194 -0.876743575016723 2.21054924067231 -1.95036317755299 -1.0009447422602 -2.24982015345716 -0.342190500563936 0.0940885221367171 0.526602145529717 0.900548251064961 0.155648465072164 -0.613325556664574 -1.31838855157128 2.68445174304412 1.38617859980144 0.54302252753224 -0.522191971218198 -0.141793804367136 1.67897419789049 -1.41141148226778 1.98772823893282 0.960865044625411 2.44889040384228 -0.456601847676637 -0.163388477546363 -1.20283880849156 -1.76652276627209 -0.368532473271853 0.623685472681718
"374" -0.775814357425341 1.78462935827688 -1.24666754485221 -1.6808374519685 1.79273307173154 0.898953793119469 -1.35950090362622 0.174583236686642 0.286316021126436 0.318754136958575 -0.961460451729641 -1.1094296451195 -1.23352220343035 0.126546539171204 1.53940276793643 -2.20051692592075 0.492398860318314 0.531110968668967 0.174016601109389 -0.196927551801478 0.000152075623232514 -0.879058109068848 -0.952013136626229 -0.0307442018472297 -1.30402221466356 3.96664273160353 2.23423653351825 -0.676163488200626 1.31322190386529 -0.142096307047227 -1.46494731108555 1.68014432104498 1.65000906448999 -0.936262581291515 -0.845092637862549 -1.41128418988127 0.00172245138847981 1.74242318325466 0.35321568813844 -1.18787700434806 0.201846848442574 1.02703859934069 -1.63994374420614 1.98039586256814 -0.509059209387369 2.47943331425117 1.35651961691091 0.822010236111087 1.35381636176339 -0.387582003201731
"375" 0.149259416542575 0.486573239505861 -2.17704126026086 1.48945678462038 0.854408893725315 0.990308193295049 -0.45010198407194 0.769334006225492 -1.05774794290544 -0.0542568352777753 1.68232884085291 1.33675400401089 0.739683766523171 1.19445343029204 -0.906958147900901 -1.09323254282431 1.60924381206372 0.385892238303715 0.71406739090311 0.208050728184203 0.393151095488206 -0.994357201444788 -1.39032941733616 1.70414551426351 0.108772312389593 0.242058825727955 -0.625147371552471 -0.315807477256016 -0.264530694431646 -1.76178688371827 -0.203155998808251 -0.236809979646671 -1.15026772558985 0.246747324258082 0.77574446091711 -1.76160296369012 -2.02714225463673 1.04192087366984 1.4364414279895 0.393126515173503 -0.733320069301991 -1.83317586125105 1.9133458206183 0.0084751939808553 -0.297235350119731 -2.25160886818801 1.10856395083852 0.875115995228665 -0.0153143142025347 0.0244953081162116
"376" -2.79458912659396 2.83415390271942 1.42517626626753 1.82880072847457 -2.83070949232224 -2.50943991357438 0.413240224967818 1.80472443958528 3.72663633807957 -2.47095040261595 0.334045426891827 0.0334130937854255 -0.854876953707313 -1.33835616376405 -0.458337266882166 1.46376498769353 -0.0474431278134969 0.194297548048543 1.67247343358472 -2.4229738334817 0.433253278172792 -0.701213551147965 0.620557558493478 -0.605461581108809 0.884371532512615 -1.37592009901501 0.507592486917094 -3.5880367032672 1.49014161143217 1.46022212829795 2.24199798638463 -0.564597759216185 0.354596116249682 0.266970910321625 0.140810015510558 0.297050331224914 -2.23252354508297 -0.856380049423841 1.47987085754027 -0.055034149775071 -1.18695329160525 -1.04175480221005 -0.973935579117651 -0.969506513764034 -0.449635981167211 0.365620427299703 -0.0611009606276451 -1.05457287966958 -1.60589180544277 0.963689358009154
"377" -0.995807142812115 1.29932754804938 1.20393269189547 -0.850892929730679 0.550991444415392 -0.661106402940066 -0.949159167344001 -0.78629148692764 -0.764678513804413 0.732312294329312 0.315523420969085 -0.536708583980907 -1.16585788973612 -3.37862744973886 2.70206421921327 0.46500971190153 -1.01227862676161 1.31216710884634 0.944129523621397 1.8312235780712 -3.18292370731498 1.99722199325247 -0.338093705940845 -0.391742438714535 1.05393105983558 -0.213453114788952 0.0567378711496738 -0.261461139593395 0.896799446949913 1.61688498814349 0.776635986702867 0.746061468261371 1.16283342925371 -2.43148643828909 1.08271940074765 0.0211840249864051 1.56169802246694 1.0589580381937 -0.39276225188667 -2.09361128427955 1.90985441671159 0.635947578963012 -0.974799264971688 1.55630583459818 -1.17930777194654 0.496447956239371 -1.16750946174568 1.51655125975333 1.91221498891834 0.953450380282505
"378" 0.735044987474532 -1.45733048471624 1.07389103626425 -1.22768235380101 1.03700058296857 -0.36127209754032 1.61409808201375 -0.901511417975539 -1.03292184106499 0.0882874927702674 1.55443352081248 0.900264492219158 1.1296665322332 0.277208091533341 1.56650933748438 -1.33191120004894 0.5170133544669 0.69728296350853 0.440805251640232 -1.37203961282912 3.08297392657111 -1.07969667667632 -1.22616267870692 0.161652736702806 2.86525128551499 -1.48435936168165 -0.82539784400982 0.262404532760627 2.00652293058388 -0.315274696695471 -1.25292239167751 -0.997338427316529 0.745171421330059 -1.96418295997099 2.83225290999618 2.47966253701031 1.65605124469898 0.338249630338719 -0.30602742706443 0.994421513910436 0.351228406440541 -0.620765866876835 -0.000869701997199288 -0.680861032319094 0.578284397915655 -0.437277538491733 -0.372149556141673 -1.96830901952435 -1.72156906329414 -0.504324551645087
"379" -0.295971142352577 -0.551041119374123 0.301245267293283 -1.75776157933641 0.734391068910319 0.337198372934696 0.555557265089738 0.873327717444501 0.882610645421923 1.41022418607165 -0.592620301866146 0.180911511885304 -0.761268995741756 -0.808039106539163 1.19251626434256 -0.112464485832701 0.0481981776135908 -0.67923544868791 -0.544489659275293 -0.727711807086881 0.911437992421862 0.485901617545368 1.78976920774751 -3.91324282343045 2.09367727175026 -1.35236227284348 -0.824506848922042 0.618015160235463 -1.37308270369758 -0.243923390023497 1.602873269358 -1.97982824750119 1.06411483733881 1.29144434722217 -2.13797477987519 0.209632812555108 0.348592179447674 -0.29637465487116 0.252686884253269 0.604305701210663 -0.0244175809360283 1.69205502757999 -0.357509198214282 1.12527007969977 -0.0746715327004954 1.40510347171876 1.59796628993594 -1.94808904728016 -1.17912895305714 -2.37620862997142
"380" 3.43290689189742 0.754809683201513 3.98534478267833 -0.987770462612154 -0.449892033169717 -0.908419161009456 0.320868263948218 -1.3504455008306 -2.10619543297271 1.98466486293445 -0.775799889568673 -0.551064114639021 -0.47629721935465 -0.388260316031438 0.170148068714142 -0.233242018586268 1.51683737152789 -2.47900656952516 -1.19338877195469 -1.50730433310241 0.365807949791768 0.70414861158819 0.00378009483819485 1.08227232108618 0.180512607165228 0.694479455165699 0.659999710172422 -1.64366194380224 0.35791094336858 1.11782761922105 2.73855704199179 -0.427876026965379 2.0700802541841 -1.33514248511004 -1.94026474233098 -2.25938693038609 -0.546272819845152 0.126308019012824 2.24152396242414 2.56396723438297 -0.70852749747673 -0.17873612689851 2.19954989857341 0.514355828992743 1.17733092652934 0.982520945747932 0.301182076395592 0.92703546050609 1.5697382971728 0.28458564684448
"381" -0.637081647437688 -0.697937223478285 -0.450770261963213 -0.592364299348892 0.760551964370191 1.42523202847412 -0.944138786600103 0.590922429867526 1.50625562198151 -0.125814880994328 1.03955223204912 -1.29460804958372 -1.02598612657877 0.723376924597602 -0.232409684620224 -0.386297389129814 -0.545085734866303 0.68754501640378 -1.644797549388 1.67981998682548 0.697081989423625 -1.58527580139727 -1.36664028129842 2.15040147583667 0.755517131202532 0.322761156419228 1.7352517320512 -2.69637037529568 1.68564075223582 -0.441867251286787 -0.0189783190670841 -0.789302374551208 0.0447208920152465 0.333017322137697 0.190749894771513 1.07456472869651 3.00611555384717 4.09680922586707 1.70724613425451 0.12285042012264 -1.35381290721507 -0.934576457757646 -0.281032060594076 0.148640089187764 -1.22646804058892 -0.429151094806096 0.359822801795051 1.63053100269687 1.75769864903162 -1.33666353238645
"382" -0.00177291947591137 -2.17262311702182 0.108729618312688 -1.10237835824875 0.0223245235285341 0.239910170532803 0.999037947797468 2.47634265950473 -0.126804482962542 2.34569041074913 0.676069893994573 3.72749608082731 3.97910435285558 1.24062910535896 0.124177107692653 0.178573952799383 1.86655988584427 -2.34100564595958 -0.344519346167305 1.04207165816116 -2.5704997141546 0.756597414319015 0.0509515480913413 0.514999589953233 -1.09533657772759 2.44933918321706 2.18791410476077 -2.30863340782696 0.223328845923027 -2.52152172112867 -0.229992346606247 -1.50293832508052 1.65881417732912 -2.7928959507061 1.09163436008328 0.975426516238078 0.883247823836752 0.188287605780354 -1.28275430181371 -0.429533495214939 0.780859076988388 -0.120817734204379 -0.617399162000888 -0.762211833222321 1.95668806899412 0.572777080321098 -0.241266601890244 -0.327853876759 0.388516814509989 -0.711117111831552
"383" -1.27507262579338 0.591359481065936 0.472655912919615 -0.100293739046572 -0.603911077161444 -1.18402518383363 1.25478452769165 0.0975658462480768 -1.03514569714486 1.30275501685036 -0.682627358340342 0.525699704047317 0.0680450022807108 2.41062518846736 -2.2422640690177 -0.842329575982016 2.83553987030174 -0.699703503114106 1.63504274120714 0.108941009957877 -0.30513336388543 0.659991952544658 -0.782268161258017 2.47961635687202 -1.7666042547263 -1.31147937282217 0.997169403643626 -2.73553651753177 2.20532082412576 -0.339155941392494 -1.14475389562676 -0.752256229061256 -2.76765914554514 2.65323793779483 0.23078009532073 0.348268854382761 -0.195380226835215 -1.0852766963594 -0.821253367003542 0.0681469874198286 0.517690060779808 -0.213987198106436 1.62191572779339 0.643450648755027 0.525420810490009 0.0828022050197105 -0.665767504598837 0.994985139695376 -0.530703544110294 1.83790105208685
"384" -1.60919641792594 0.969998327403515 0.285694470010681 1.76936003546812 0.713245811988369 0.942545329213814 -1.70356030424274 -1.45311669291953 1.21320169863488 -1.0932833521892 -2.1074773346666 -2.04131216236305 -0.0920947260459496 0.353108010869122 -0.0265464495129923 -0.340208327919585 1.01331236386764 0.631830857441658 1.2766588867396 -0.567272217456257 -0.115733193948577 0.870495325698021 -0.165414523269137 -1.51465037157062 1.80634564456365 -1.18132603065768 -1.6261521979057 0.547503451727352 1.31503482082872 0.45562635487864 -4.11478809550162 2.79759871365466 0.543079138859514 -0.647708297993184 -0.888688350846846 -1.01424781618243 -0.990697203858242 -1.57072162125238 -0.34845605638209 1.80435448170133 -2.10486986914933 -0.391408065443502 0.196366882131032 -0.452261797844503 -0.35715737077943 -1.36324116130139 -2.34686038243456 -1.66170367171575 1.37144406861971 -0.517176095939895
"385" 0.865794885203382 1.97949199367334 -1.11406285277152 1.65929428794606 -0.0539750015446285 3.09703822315742 -2.83225656630221 -1.33631260487823 -1.02638583159174 1.51556344017866 -0.556195232604784 0.948268422617023 0.67199192881937 -0.524271399120223 1.41221214547665 -1.06955149836283 1.20053285639853 -1.41907378192666 -1.32688424281598 1.69238946053633 0.0431730676704111 0.688364303508889 -0.774742116629325 -1.98309526912441 2.05369055325074 -0.568801188080826 -0.322301488056227 1.83714278882739 0.403109328095056 1.45529851643553 -0.419760920612037 1.52099937309252 1.59330063733411 -1.14003295739055 2.45368263916796 0.591668352694398 -0.915098359299171 -0.903284917676183 -1.96577593787028 0.642371288647919 -1.18161677638236 1.1058974460815 -0.594491141042062 1.90617827737693 -4.20934625004935 0.714121887333637 2.27967904864199 2.02516555360758 0.740016218103225 0.844070945408784
"386" -1.26708076399074 -1.44624891961896 -0.553267832458365 1.08075860836985 0.848465440937985 1.01313145356673 -0.599497588997793 -0.356049837694451 -2.14050269880726 1.16369134885425 -1.77582108899531 -1.98206670566627 1.60123301257013 2.66066924476481 -0.729696438141568 1.41732636309493 -0.50587410683608 1.37126350722674 1.16280766626559 -0.609379364954315 -0.448507741390005 1.66497760450867 -2.39846136197212 1.98320004487907 -2.72475015560159 1.98618697235548 -0.516370929972211 2.49640257985194 -2.72474200678892 -2.14115697719697 0.362913686281383 -1.3656646476223 -1.35393807251302 1.2540868159535 1.31471650574923 -0.559359431617021 -0.00258158423374782 2.2233681004013 0.330615420677855 -0.387474504125113 -2.14358826730162 0.00727402375547881 -0.0559592230430243 0.482998687065 1.33534921692781 0.943529726917103 -0.481605967021663 -2.14683909898068 -1.17733275901228 0.872551846454284
"387" 0.735114995766446 -1.21835533050249 -1.33253626618152 2.58667216228147 -1.39546878646659 2.26889673981344 -0.387642614784062 2.53895879071542 0.763424831095964 2.26250771043089 -2.16791170926786 0.537598068665073 3.02797656903474 2.82972314461992 0.578931135181197 1.0039067980757 -1.04814222098735 -0.519332750992285 1.7688386657189 -1.59995357434089 -0.911820694488398 1.36319026761383 -0.907603943297735 1.39063485577979 -0.434330678022673 -0.0646058875958218 -0.731701653043316 0.695857066946668 1.23023502348688 0.576433056682572 0.211114621447211 -0.862976484116357 -0.434490215316318 0.472038903924399 0.270673173026139 1.51040399527096 2.13038637698272 3.38286088597688 -0.768717885222649 -2.09738965859508 1.16292148078718 -1.34462043923935 2.77094922708037 0.744614385740368 -0.673749442241692 -0.628179517779198 -1.37566855359789 -2.81326354771924 -1.11815113291627 0.698399289260701
"388" -2.47854324218812 1.49549710391372 -0.857948999370594 -0.597926457242127 2.05355974615666 -0.760381777508286 0.374739274225358 1.12232943373851 0.433819233862371 -0.470073418431356 1.26490343434223 0.496470427377835 -1.10880856174539 -0.67547432667607 0.0478750885415138 -0.246480863531706 1.19747135792382 -2.41914012259358 -0.211379903160273 -1.83481743707009 1.44911736962659 0.0534741458868614 1.78599150313088 -0.840427950953817 -0.331599755506447 -1.46506551662688 -0.919792901638599 -0.651576813599653 0.320825858050591 -0.292925885839961 -1.33182007052784 1.56649039701775 1.05394640170221 -0.384924493962683 -2.45190699024564 -1.74296957609186 -0.402240154897797 1.584496418428 0.96145876392008 -1.03737520402737 0.500474498223047 -0.626264055570149 3.16036677729128 3.93761675161399 -0.193416644326573 0.226345621887156 -1.7001022033986 -0.604894741674786 -1.19675684846557 0.542991321392134
"389" -0.764908519708522 1.17696875684209 0.715277416837318 -0.627851332884077 -2.33897596893152 -1.18042246664559 -0.734979193574555 1.36306497523088 1.53595608655195 0.178680733539639 -1.33202801374741 -1.30183037374313 0.14915333106619 1.73882087956042 -0.102431134653914 -0.937757986555712 -0.913140039709257 0.455563378439509 1.09509050337384 -1.76745696490092 -2.17110817044537 2.5408206154995 -0.800996736521869 -0.103289496682002 -1.42131920323518 2.59752386911079 1.28417105221914 0.534758597760588 -2.0742622918171 -1.81170043908207 -1.91480478056087 0.383621585762297 -0.0805884093771171 0.577254070797947 -0.321324658427662 -0.767602204564858 -0.571300627068526 -0.092241704335868 1.73995104532466 0.412951076604844 1.37673342876743 0.774370395665064 -1.6780302259759 -1.0918028417761 -1.37178694450709 0.276518553193241 0.65271090831585 -2.1992210155826 -3.20165998095817 4.20371645203707
"390" 2.59992871117251 -2.91320782499848 -1.63568739172029 2.27592358929841 -0.415811370553326 -1.46133841922333 2.94373757233734 0.217598110016396 -0.593716963326194 -3.634235356833 2.63111745488187 -1.52016691283897 0.452786050161131 1.20699016319473 0.0118897376295575 -0.472092944823265 1.54224790741396 -0.891133635547252 -0.725858634923042 -0.534765051441234 2.64087445583364 -3.76926542038975 -0.764765362317052 2.63628471649919 0.130823647949022 -0.275076151187199 0.0741354777754498 0.398112314235509 -1.69130250347164 -2.05291040991284 -0.73680660246768 1.56986801065707 0.525523538293673 0.930554773542784 0.144512503329941 -1.28926168584748 -1.35728584083868 0.174856866628808 -1.9171385613563 -1.07202139433574 -1.94841738997631 -1.43953403621939 -0.673904622168881 -0.677061186128613 1.2053191576589 -0.235415556241727 -1.20631523026706 -0.191316923750501 0.0776901795109668 0.802961990979802
"391" 1.6191852741538 -0.738050032444048 -0.809925336935721 0.491319191702082 -2.10044718373993 0.0322328238424075 -1.14682591016068 0.340237759215402 -1.38001060741776 0.968155339641795 0.00684025776191007 -0.0418472757504078 2.61023712953702 3.76418582417773 -2.32939799978038 3.1675427491228 -1.9258671755483 0.422164973063197 -0.367113625806591 -0.468936598617502 1.21198009197675 -0.602749795211933 0.539735879845987 0.174729173569445 -1.66999137301307 0.848425162480343 -0.141503468312764 -0.769520608200556 1.12559409854659 2.31411710943078 3.21775096208987 0.11631047216203 -0.744147385912794 1.18339027935582 1.08144905941202 0.845199045044973 1.55802178909257 1.14993421460352 -1.12503254344731 0.595974833075853 -0.55762978199668 1.09626766837841 0.515429275150974 3.02910494990641 -1.35948427794379 0.801235432902574 0.733613730587425 0.735901615600176 0.633408597858301 1.11597623027499
"392" 1.65648969842461 -1.98423956890399 -3.13743286936842 0.489569297650047 1.88254611380774 -0.0527147696092491 2.13326503505413 -0.499857820313085 -0.364580406704397 0.0494120458486263 -0.72087650926763 0.300087041347434 -0.00282667702681066 -1.09005237719163 -0.221149114408823 1.05570757855385 -0.974476573396894 0.351507125853616 -0.470279292923344 -1.03117961978224 2.03986033842039 1.0574557907497 -0.0652621865123473 -0.429323077018282 -0.417145487792701 1.49867535348684 2.8580153947653 -0.63450280719589 -0.576187051107311 1.05164983820736 0.987725704192477 -0.034793384492614 0.0866915570102531 -0.565719138948815 0.839211856215247 -0.700496727061904 -0.81872576195883 -0.0864450871086118 -1.17388111438878 -0.278436006892439 0.154190071861937 0.725515413086159 1.39242730468639 3.84533019437697 0.179005587438817 1.2273710685907 0.603741553949609 2.4629481363307 0.674896152902486 0.144831478181455
"393" -2.02746578399028 2.55540915468279 -0.226871198807546 -0.525653869232959 1.05711412627315 -0.513719196681199 0.15962449351435 -0.584885213318246 0.320816950603683 0.701807206256661 -0.316274647422858 -0.320074662062749 1.86586683506232 3.42772167733631 -2.92698722411166 0.768819479329327 0.58769588747685 0.0214091675868744 1.52481695880946 0.827641722115772 -2.86354954003056 0.0990068262088641 2.43898406105555 -2.49617042579407 2.07621446615401 -0.712176917061091 -0.391434414849418 -0.569950357809866 0.558271358719477 2.2006826894755 2.02317768390286 0.366899750020962 1.08126834316962 2.08379211389372 -2.93149238877809 -2.23130597703521 -1.94323008201869 -2.39038679257985 -2.22035587850728 0.447710754747171 -2.2767579069662 -2.75967665365809 2.147939067761 -1.33577347036694 2.82939027366122 -0.28919522341971 -1.56959662006254 -1.04632315454642 -2.28362326942943 0.0161678607194196
"394" -1.85935168047011 1.70045016112484 2.2445289637208 -0.968701179076644 -0.336049111145653 -0.0792744919336049 -1.01129565790989 -2.534510555369 -0.912009897929341 -1.79790358112419 0.694374914066834 -2.96655985069543 -0.889851813132187 1.3987271282448 0.0312257480103177 -1.71799268300811 1.8171949323419 0.301933973637469 0.26652130924948 0.607008793457533 2.03990264370351 -0.0451178108471279 -2.99960061581693 1.1458176911657 -0.0285075424681912 -0.297254089701514 -0.212267184029411 -2.8225726043351 2.27383793928912 -1.26509990412906 -2.37772191428092 2.37591091761842 1.35991611177536 -0.224311069582634 1.39745645251134 -1.66554260246026 -3.01743000305678 -2.26154491752002 -1.27084222449194 0.0202346551923157 -0.221254056205189 2.4513027591427 -0.105486349568821 2.58592392607954 -1.11922779766141 -0.267826917713433 0.890868993894689 -0.0765057784125234 0.121015180402562 0.416295741411774
"395" 1.22709590728664 1.12047051224436 0.44896498266558 -0.991303769272361 -0.0962196926099632 -0.737315531164943 0.628348352075883 -0.276944614336608 -2.39552600209321 1.49761347759854 0.0294132632126517 0.130025052216409 -1.1479425044327 -1.36891993774628 -0.472465157925868 0.860184611289892 0.314123802140966 -0.887975264555328 -0.127370131328014 -0.0993684513332156 -0.267542440500996 -1.26547859507287 2.04026863398607 0.0545348764955437 -0.624549786908025 -1.14736109403538 -3.80820561395912 0.331455268229744 2.67550684504634 -0.114715702279216 0.798208757909619 0.360581799354208 0.168409960631568 2.22711680032137 1.24708269141837 2.36217940324558 -0.667669462959335 -1.55536306602449 -2.45965331044234 -1.29088361869044 1.44339245891369 0.615420859544304 1.77622429789288 2.61263623513343 -0.745538268695472 0.0763289200770009 1.05103036740724 1.4462510874276 -1.14442522742312 0.95191815671622
"396" 1.84335524698304 -1.18330552488865 -2.13629283200649 1.92011934158777 1.28791784227327 -0.86686882391296 1.05206272525551 -0.67041815245296 2.08935523404451 -2.25717888503629 0.200480229981833 -2.16448715927264 -2.20061103772327 -1.93795147869058 1.63155377092007 -0.0207988160523723 0.622208394855586 -0.516819664036294 -1.55864794127099 -0.154171796287062 2.22734856155143 -2.87525971869151 5.85165344709583 -3.08873641995896 -0.827894690510299 -0.760769888685718 0.174675703189783 -1.48001590176708 0.876516889204433 0.174644275660303 -0.952395752182577 -1.55068415156625 -1.34019088088051 1.46204065438207 -1.19484402742031 2.23681942510967 2.0822032308953 0.499771482202943 0.903028969176555 1.48130082173741 -2.67712366591289 -1.71206043343813 1.28389225744788 2.53136330311646 -0.708715528370741 0.29278884076859 0.41316661287514 1.60567777954145 0.634901227341994 0.817515896495176
"397" -1.90374175134991 -0.564092365983487 -0.24483224250035 0.832004405420718 -1.78462238058009 -1.5732312389128 0.398873527051059 -0.359377972149063 0.188394451144694 1.08140650572301 -1.27305753066746 1.21949407488097 0.323703919932654 -0.326932294723958 -0.241374983322172 -0.933455608603117 2.67468498092099 -2.89083933521356 -2.94731261121838 1.53898927659761 -2.28328915273356 1.1982323515909 0.663535492518281 -2.42576331720081 0.771150341644657 2.8183386358439 -0.573905166618315 0.876904474578477 -1.13139006445249 -0.433368521729545 2.29279320175393 -1.26153681620791 1.12145532878653 -2.02065770013249 0.980781855817423 0.681615064230392 -0.23722816532236 0.23948796019837 0.605335412089561 1.0264415978369 -0.856136000013354 0.235401183667333 -0.752486865801349 1.00897551047724 -2.718935641966 -0.94819131987259 -0.30310947300662 -0.620585387008661 -1.02360256108357 1.81830300486341
"398" 0.717065743947958 -0.970818193115463 0.402908488880222 0.503969385201603 -1.43978633429189 2.25900104331418 -1.95438313686437 -2.17996113873547 -2.74722816260253 1.22172798574887 -1.07681303022887 -1.82212026253074 0.375123184884923 0.787910470099995 0.179940659750951 -1.20868256340326 1.51371870957792 1.24746143043521 2.66939797288102 -1.07764325962944 -0.940922746032332 1.49071813990568 -1.11149515706347 1.95530713471956 -1.53055723389769 2.2685034312986 -0.0251396462234803 -0.0976236412611615 3.0002347702475 2.59926227139372 2.08005927243971 -2.79280528122993 -0.501577062812731 1.54928069953224 -2.41171456500874 -0.199247874059772 -0.194396626063036 1.94647887331154 -0.0658459209573426 -0.933221045064089 -1.80206988440476 -0.645036068071984 1.22936308331059 3.8716186555735 -0.581381923527918 2.72873956037422 1.62256195641524 0.799017930529414 -0.0041719296894211 -0.546078810400628
"399" 1.19772773582379 -0.809421674425076 0.106826936256215 -0.62189515028829 1.68834309462027 1.86313619518991 -1.48589476262345 -0.907152758763959 -2.32777735982352 0.543360339089975 2.05374721186259 0.541247386836829 0.602996915324688 1.41057515870512 -0.200969526286174 -3.24183256600028 1.11890409729062 1.56875156187251 0.224857254273024 2.35973376135121 -0.97766515665901 -0.149739747640918 -1.89397961806343 1.54288096963458 1.72688913939094 -0.811896371979149 -0.674864661746681 -0.869973639039149 2.78197054656808 1.25158202336238 -0.598126154463386 -0.0810398750306629 -0.749474677008237 -0.088398958060232 -0.592049016792622 -1.18156037683632 -1.70721740701922 -1.51881398475189 -0.16687756494103 0.824406067356154 0.298568054609968 2.65046697006234 -2.68224782576383 -1.22948370832825 -0.267956840084678 -1.92416409484793 -3.98153274689944 -0.724536743961646 0.907948663268111 -1.31249548140431
"400" 0.0108068824050057 0.383058298077381 -0.101142086620484 1.11281391954618 0.343640871723973 0.725953021319993 -0.15568695401336 -1.10367500103625 -1.97806708338046 1.23967259588998 -0.696084478444053 0.847757197255375 0.906357347558524 -0.710213085429258 1.0054661499049 -0.140618745960416 1.62306523123831 -1.46657561609295 -2.06736653662742 2.06533616455282 -2.15165435024709 1.28076623690055 -0.816086687701528 1.01825607456611 -0.162197102031186 0.0260914938358364 -0.722050899901948 -0.709250153069767 2.57746746973853 0.188031499718393 -1.35678434787246 0.438970583367967 -1.39497923505877 2.5588000337163 0.0756002715368176 -1.66472294399613 -0.660964496606238 1.15298769950491 1.51062032034687 0.689179541638486 -1.03100819664415 -1.30388459159878 2.55566507683571 1.1948282799447 0.427825983676113 1.02353777494613 3.1713945988577 -0.32053582950604 -3.08104806556969 4.06898489309462
"401" 1.42602723491555 -0.101503300094057 1.05713319610709 -0.34362240262676 2.09924479991792 1.50162417055393 -1.49763768223384 -1.60530219144934 0.883451410805595 0.423908654987129 1.55574543784943 2.41153430182555 2.74266054548696 2.18867759330877 0.744392748279741 -0.960389933862035 -0.591780780252702 0.645303706044136 -0.787240296257836 1.62919724100571 1.3888724080769 -2.94399581206156 2.53096349467011 -2.33886646577822 1.25499286378449 -0.812474909099452 -0.254838817188042 -2.94241794835426 3.08204822825861 0.171659868677964 0.963523006408865 0.192943883509803 0.979251086186072 -0.508388231135805 2.23678539830586 0.426287095658437 -1.39307265404616 0.112415225670481 0.998333834192725 -0.4582957291871 0.950928413444311 1.35506640248844 -0.285230373037721 -0.946067138484832 0.921046243702029 -0.179044997742602 1.02559854635568 0.540713464454836 -0.728368829542786 0.125254387271002
"402" -1.96889533016275 -0.17340861561542 -1.13732912073228 1.05382477796298 -1.8480899414606 -0.164410150835897 -2.15587918734138 -0.212655845175377 0.383776629772021 0.618959007532911 -0.68491141115183 -0.698912853185638 -1.2465747668119 -0.810200124525496 -1.12892749065908 0.650511598400321 -0.47909818706098 0.917039746393936 -1.12808204588325 -0.489947319144439 1.57149632125947 1.91341842650793 -4.49945708192106 3.35063343975584 0.395294239284825 -1.32898668806067 0.405036395656353 0.656155646846755 -0.362024155897751 0.62459255611764 1.194084634182 -2.27384232589526 1.57376644428497 -1.76327433723767 -0.0835253371466065 1.74149351008887 1.05549526305237 -0.632490067838976 0.662684590106227 -1.33202242603799 2.32943832871502 -0.647232325469685 1.73608178306078 0.292497167435876 1.63732421886919 0.543817950763851 0.402974193521005 0.34046106773889 -0.578567510106801 -0.734926288048484
"403" -2.4487602507475 1.53551447520624 0.348122222913912 2.67035912401446 -2.88124550009531 0.821190193488867 -3.17797250473217 -2.22356664899737 0.000875134248904783 0.373323929265387 -0.799620252292129 -0.637640211542465 0.606177742534265 0.588150625733109 0.464758131005805 -0.285941334564362 -1.01923099843579 0.217253132642317 1.35729353463822 -0.681831577330642 0.692586169589488 0.559022639436909 0.254726102559584 0.483750164665407 -0.543360682066383 -2.86420067861969 -1.37804235514279 -0.304465322979916 -0.0515642222031454 -0.185432687918523 -0.0608018453027141 -1.32772584510474 0.573691211509656 -0.345740137314059 0.859131036188929 1.53299081338298 0.730997828836053 0.877581344875445 0.853727069724032 -0.839255240181413 -0.135025871013748 0.271312737194618 -0.501372528991509 3.31869374826776 -1.2421982472093 3.40777265812357 2.27635809680916 0.685667268185291 0.87585071423193 -1.04925953820229
"404" -0.861615171281013 0.817935698005177 -1.54447894399992 0.679688794136093 1.54270313151105 0.459506846931562 -1.88950450163521 -2.14648364338188 -1.63133122182039 1.24911825090095 -3.02734576815267e-05 0.775200916868394 -0.600179904949161 -1.05523048482381 -1.15919777543003 2.15020786478368 -0.974220101736962 -0.196906590162568 0.621526521695725 -0.60047749186686 0.794691533829479 -0.760416879370158 -0.970357722800965 -0.494492675357206 0.640387349730623 0.546177729008847 0.954619839674457 -0.89992532698604 1.17904813987626 1.81434779063183 1.32539658746656 -2.50998936228329 -1.12000232717858 -0.0948255678087592 -1.50252497096602 -1.84660703861604 -0.495275884608505 0.819284102255606 2.25242062028179 1.6932297012157 -0.15223862964466 0.652164318937845 0.113710481930455 -0.503011912644087 1.00332066238507 0.20930169458384 1.3598805171387 0.70580853488667 -0.449113584230919 1.74010746368784
"405" 0.879536459546656 -0.776077167308556 0.201599911754968 -0.773490696118542 1.27276860317772 0.154802274592382 1.86809541062103 1.69763518435484 -0.425472463386531 0.967951143575407 -1.32356267775237 -1.17617133004353 -2.47079725031848 -2.83359996222173 -0.505769851075361 3.23268304507051 -1.3701520567979 0.437541793928473 2.23971469627079 -1.53943739244853 1.02343590572558 0.118336550848386 -3.20280969223896 1.75856056355336 -0.364828410786808 0.592270432256339 1.2491488174715 -1.6840885296965 -0.622545581284541 0.896941445256494 0.00744491909288618 -1.22050776174696 -2.47191730373206 0.948157785710002 -0.0908214602662715 0.834153539265543 1.82713393716412 2.84817622558072 1.66335242593767 -0.589602974210464 -0.352777972088023 -0.450333467658954 0.679447462560517 1.22746486257962 -1.02090038921112 -0.880488870626018 -0.235675603949189 1.83272575793201 2.07208635654801 -1.54496009937354
"406" -0.935979328097676 0.645383750108802 -0.210188951020559 -1.20928023533017 0.67284631905167 -1.65188073061142 2.5269914898466 0.222971529279092 -1.61789955259557 1.27664094946444 -0.986992115155996 -0.970531614453964 -0.95824708394147 -1.0962028883205 -0.531370547288031 -0.660704183477448 0.575402264489131 2.76245157544935 3.25519963999386 -2.01433819990286 0.673717893201911 -0.335855053391079 0.557049203914536 -1.23251781965457 -1.47970310181975 1.22403750057004 1.80796339628623 -2.30293788963041 0.546456973975869 -0.475078501251012 -0.0810335417819355 -0.432120867202006 1.41207867016313 -1.37049167808203 1.37808793003421 1.78723573746028 -0.203130981123431 -1.12716258878706 -1.71375760733627 -1.79574062668581 1.83868676462129 1.97841294030107 -0.677856226722721 -0.824605148694382 -1.62037722794099 -0.28395583488584 -0.556644588403072 -1.94169776924889 -1.60131147241561 1.37917730611708
"407" 1.45693325110974 -1.11241831539043 -2.29342272418869 0.531641938385039 0.195106326907898 0.939724354929737 -2.5059825545119 -0.913015358410857 1.20582674549619 -2.99523621174868 0.25209385836318 -2.0903630258735 -2.15624595969583 -0.0124691119231662 -0.61813243790659 -2.30025209596083 2.42762821948131 0.359604395998133 0.995811821969479 -2.61999894725808 1.71713873747023 -0.46991177103775 2.68710971818769 -2.02630877882495 0.268438402691079 -0.424916962655509 0.0563971878853632 -0.0635350586406261 -1.3797783586454 -1.68546692742278 -0.450050116688056 0.978142723433138 0.272736422100778 -0.0700782025150772 0.194920391715944 -0.0538271915637328 -1.15601570827968 -2.11282345134029 -0.59956984321897 -1.25437124422584 3.01605880184547 1.07928355395078 2.4992956122942 3.90219087695692 -0.892778060354162 2.41430225158427 1.55592700183388 1.41629122737527 2.77891713030733 -0.7621861726067
"408" -1.73396280080705 0.283031177424955 1.02800183792858 -0.693839124136152 2.04659652738869 3.11031353229908 -0.0828802212598926 0.429632915170335 0.480380839001842 -0.0290230102678872 1.25231355526707 3.97807334845318 3.84516370734389 0.470129652932572 2.12948983432218 -0.332024125100452 -1.55294417470665 0.0565645214649153 -1.15198201756826 1.14206694042881 0.777287249787642 -0.752216572538961 -1.88048247744842 2.32001848359703 -1.41685192627874 0.0321820650153303 -1.85075061636531 2.9650713056113 0.431174152920159 2.02160435358365 0.683662395654643 -2.65746471641149 -2.62868420998135 1.07531823541191 -0.767857272665751 -1.47981537783966 0.411342872562129 1.78581423954806 1.84334560369011 -1.14318050295993 2.7183149436637 -0.834826240598021 -0.236594186143424 -2.77009764644928 1.2285937723645 -1.07148543344506 -1.75689741309385 0.951668826758443 1.39261752429219 -0.570075540108532
"409" -0.0958794801575914 1.88964765995238 2.51244006986411 -2.75590992313521 0.213018454565423 -2.36835987245961 0.134708996916133 -2.67201759750699 0.356239967463008 -2.25981192510448 0.829758106571602 -0.373211229605271 0.681369004579085 -1.0564029918415 2.77870477881691 -2.16519718727358 0.028113170132059 1.7004247841119 0.709773555444823 0.280144874094232 -0.106131474289437 -1.04886478904781 -1.63201860393631 4.19477356605169 -3.60626853078655 0.954722610859316 0.242274331078491 -1.78514901255738 2.0978801395078 1.36342016296575 2.19285405097876 -2.91425145948976 -0.187776360150656 -0.743690863215375 -0.682896837525037 0.118646795737658 1.27347693539923 -0.730600314735247 -0.207591284657128 -0.463405749854824 1.12672088234316 1.97288786961678 -2.36158827475493 -0.509681258178142 3.09515640155398 2.34494129202052 -0.73999229354911 -0.846102182658777 -0.0933648396340617 0.110344608222279
"410" -2.7327432873301 3.34622867373938 -0.540425829620929 2.08819023208441 -1.03972598582107 -0.514231577960179 1.33784939279512 1.1914675398414 0.0346831095205607 -0.926623143273634 0.149194116701685 0.171148255238423 2.03624476998868 0.360530555716175 1.07227841131104 -0.6293088379639 1.7214019669486 -0.802643215227319 1.93497520473101 -0.822244757752871 -0.492322982335943 0.832072436643807 0.648966051384157 -1.65686368850105 1.96748636141862 -1.10869714254777 -0.181206602028084 0.63868730318296 -1.83754455075859 -0.451099020106414 -1.47313497119833 0.516836063648631 -0.102114407919075 -2.41030827603371 1.33675316171263 1.39533356334569 0.578039164361904 0.352883612809561 -0.194783397182418 -0.726362427643083 1.01852215802366 -0.508640272182422 1.93857504283386 0.56383294560891 1.68479741031686 2.2802037440004 0.275592975668501 -0.706875218745401 -0.816544807401924 0.0796930638446857
"411" 0.822715294035492 -2.21085120683048 1.58559197069129 -1.41825602075272 1.15816073993195 0.273807165569785 0.455254352046133 -0.903326471779292 0.373591336671581 0.664674744345367 -1.4560688009764 0.139863505774843 -0.0225062577548782 0.0246611712815689 1.00257661821276 -0.574753596772664 -1.02448179366114 0.401210729924169 -0.866816448065598 -0.472537636788229 3.32840567744885 -3.57211953666138 1.05472953962382 -1.09935298092553 2.10807498793698 -1.17072548568602 0.29423277780862 0.360495810445548 -0.0069460108188138 0.167807072291006 0.813139472351646 -1.38117064321948 -1.32421733348459 0.848478191295801 -1.84358099696409 0.0610399264411277 3.21702463457804 0.723144837506551 -1.61680636042963 1.19663734001162 -1.01364411703998 1.87410092244392 -2.54666262605663 0.230991783364845 0.489747612402343 0.432284118863957 -0.868543025080575 -0.666327298321288 -0.414855957540055 -0.086244759689472
"412" -0.219535898181305 -2.58359266649324 -1.45769066140705 -1.4288672153126 -3.04448493267898 -2.65150688735936 0.151742243929059 -1.60926559859142 -2.17475028270512 2.11117959494306 -1.22232357383805 -0.310887270279512 -0.923444465989744 0.291315593850422 -1.02528307443647 0.123562987758075 0.820622856679694 -0.236163806600588 3.45755795188771 -4.5392384729182 0.496103214623954 2.36381869003901 -1.5927131787683 1.67395533517757 0.372284989371781 0.507939732554685 2.75515662294446 0.534730636702608 0.926824902946301 -0.182724640139673 0.779305653761824 -1.70825545863415 -1.73532328897154 2.07262829900483 -1.84787509667351 -0.562734776619729 0.249871653995621 1.46294127398054 0.584956563420949 -0.0440305845989269 -1.50981768686878 -2.22616780556229 0.273106594150456 0.409964909013774 0.696822277588055 1.32638153203305 1.49807332720088 -1.51806172383362 -1.15752644338326 -1.75475320164228
"413" 0.796005893246598 0.0795587488745736 0.295069508320551 -0.503649564538279 -0.420572431928484 -0.441215173733694 -0.132090475432415 0.683085763038073 0.896575584903973 1.05560956504619 1.02672734535441 1.14038431997523 -0.404422272831473 -1.15123002932494 -0.0771514941635539 0.580845360730829 0.280858043116354 1.36860024539595 0.508790377114392 -0.665511225742128 2.60024546804835 -0.506775284348867 -0.662821832251856 -0.556199478873138 0.706155011809821 1.01916357965014 -1.08679420081758 -0.659922602036177 2.51038720770963 1.16816519413479 1.96725585199685 -1.24144601480471 2.22982660165297 -1.09361745811186 -1.48501868012392 -1.63578816582328 -0.864371004981351 3.44706196023017 1.79716445491344 -1.04630670910806 -0.313524877467411 -1.50993920956872 0.384483016650316 -0.57144239364485 -0.26596728713355 -1.49199986618677 -2.72239873505168 -1.59995739441075 -1.61414888502016 1.29330570144995
"414" 0.489624666911032 -1.64008120391337 -2.31189898340316 -1.29770498861585 2.96763899440753 1.70141500357866 -0.293842137139981 1.01270233097079 2.12820240722077 -3.39956152516612 1.9917306700644 0.259616014598016 1.25065462731236 3.01158703687471 -1.1287905924828 -0.698091782453144 -2.16762777964292 2.44218887946352 -0.456327310607018 1.5348422884454 0.737727188568685 -1.06299481547816 0.177998536951051 -1.11125156878456 1.6507247204489 0.37211206656538 0.268737426074328 -0.645404826448756 -0.317650633574274 -1.91089741442454 -0.902487685510757 -0.419974653176656 -2.26953391657021 1.80516422933169 -1.56954603252542 -1.59708507152626 -2.24861520004144 -0.427448981435481 2.34261278364709 0.465529872633969 -0.135954815158163 -0.307867558852419 0.70904590470363 0.364225133675916 -0.292077059128582 -1.00706815960904 0.323229905429468 1.18920398385954 0.74993538400858 1.01916626992442
"415" 0.741414013182553 2.59925547495406 1.88099865253368 -0.842577336830955 -1.49991153198389 -1.17923840194358 1.70756253496942 0.88907916344568 -0.49972083058783 1.39082747595124 -2.30281467342011 -1.83084335429307 -0.873823776874427 -0.413687633460835 0.684320887669842 1.05442323204888 -0.959565635804069 -0.649058782582878 -1.35268149924729 1.39213939551593 -1.7125124668332 0.170480184961425 -1.28933366609026 0.953671728529196 -0.787268001962382 0.484425482346011 -1.27814885835061 0.60696870834644 0.428274455049599 -0.0924848874710767 -1.6323579838905 1.77183431327671 2.66411016448438 0.784174433044109 -3.87055272459005 -2.35656499783642 -2.15190471291375 -1.22920645509199 0.474864034730574 -1.12808671731025 1.87422323107134 -0.0326743773119139 0.184445943431284 -0.465418363213044 2.20817913637074 1.52152890023893 -0.89744168157566 -2.24504113210053 -1.00417219130112 -0.61567246890805
"416" -0.680083273658645 0.0990019565254978 0.805751324050963 -1.84102657248296 0.935786983317341 0.973313563212264 -0.481156661791011 -0.765760571960484 0.194509697732924 -0.706233808998167 0.810781700184365 -0.875707654750991 -2.51123924974928 0.397546771751272 -2.64204038752149 -0.562955504447482 2.23453026332796 -0.458142063484739 -0.581072467513126 1.41131969927633 -1.18492912424749 0.589866264789198 -0.379551467328517 -1.25809005944431 1.04825107351467 -1.08382134386958 0.192532193191384 -1.53482132065756 1.19759265873623 -0.607218383348164 0.136176279440051 1.60987215311375 2.1136758871065 2.42905850117585 -0.76297585314564 1.61572616029427 -1.09786106165625 -2.75631620500239 -1.28546269410153 -1.73917866772593 1.84625579040031 -0.486374748611808 2.95417380759747 0.692985818492956 -2.29422359717862 -2.62665186136659 0.758428912827458 0.53260212418862 0.301580251284918 0.147406597812643
"417" 0.276374436411077 1.63105612167734 0.562290799510098 -1.14182779961569 1.36315559007031 0.360781062291768 0.938227404551278 0.483322940692177 -0.365946245030445 0.7651044351374 0.345425290244746 -0.724016520467747 -0.161779014490919 0.229205624645093 0.920612237705761 -1.93286255114595 1.64058270920842 -1.06584967565643 -1.41132795895701 1.11179752171342 -0.185602406261238 -0.65505223694955 0.0391702516533768 1.53772671576352 -2.54089733549527 0.507980784344548 -3.17810845285808 2.34501707797936 -0.788406673866171 1.03153439757655 -0.645775519948962 -0.396048542717607 -0.751467104500402 -0.109293538459041 1.21388349539368 -0.507084265814725 -0.601532219447179 1.29255570934682 0.742448256809261 0.922713500562965 0.103549700327887 0.295368321625446 0.126150735668912 0.11274853210648 -0.694874506823288 -0.0472423851578475 1.79799363851868 0.0192124247527669 0.636864008812285 -1.81430994934482
"418" 0.684959311480403 -0.98847754761542 0.846236362159706 1.52102452013824 -2.88905806089456 0.359309623063157 0.606862178817151 0.826077078303689 -0.408974019077919 2.2154068164722 -1.81867302093302 -0.255558404062505 -0.704381460633634 1.02592462260845 -0.618727866536274 -1.08460807122408 0.391768643108857 -0.356489649343728 -1.85303038550957 0.771954703286977 -0.702773626508425 1.99688756501294 -0.66889242523938 -2.31864174156359 1.15960478937028 0.417124199134887 0.865506850957828 -1.90125973363953 1.11477810052332 0.195066948661879 -0.434277956008171 -1.24575457429231 -1.26186748781105 1.06479244591363 -1.39969010408584 -0.659162959577647 1.252415922936 4.1193441171695 2.37366873990437 -0.562505048958344 1.77799386316527 0.518502739626842 0.889310537380954 0.196360268556984 -0.18207162147236 -0.838878709692624 0.822575293499823 1.06408242000963 1.06349094952078 -0.39030347237112
"419" -0.000502314970610742 -0.0605378089358768 -0.408276320443004 0.993241362600768 -0.072432844215987 1.09422526466238 0.820479878541821 2.22955731451097 1.12861521512062 -0.188933862488859 0.996273110135647 0.215052364030359 -1.70393464353591 -2.05521038095281 2.85615162921728 -2.80385696637222 3.0282042678447 -0.601768742423124 1.50692185358697 0.927028095243117 0.301953069872496 -2.41300210287797 2.0301104285123 -1.30395600759661 1.01794920486392 0.124986007387586 1.87494641507462 -0.267578590252598 0.317440494731695 3.5298319622017 1.20676395686707 1.23916153788178 1.20815915330224 -0.967322645979103 -0.409742817608212 -3.11802493030851 -2.72236073837447 -2.15673851632356 -0.782890922994454 2.82371689477782 0.533719892082126 2.39109953745136 0.184520039825327 0.105641350792247 -0.26108815538719 -1.61318547381082 -2.06756220635964 0.734188524567638 0.73057321869635 1.66971268648584
"420" 1.91859703060931 -0.53327529893198 -1.41749126705652 1.43923723602967 -0.00390600829033451 -0.0609342249600444 -1.07877349428425 -0.0580334651640381 -0.669855540314833 0.917302765119932 -0.981019771436318 0.308166759287811 0.397423374199888 0.456341581131135 0.779436660497777 0.179884200108211 -1.50545270431348 1.30888326770077 0.91221324562762 0.0668415242844912 0.365934936701578 -1.04104793248728 -0.044379890131749 0.935745641718329 -3.48617073238464 0.259147644254989 -1.97824692186904 1.79314909091688 -2.3258819830536 -1.43506604600192 -1.2581316666721 2.71016714211208 3.09580160058461 -2.47020261938189 0.967954938491705 -0.836314336671174 -1.28792753007623 -0.0571422720986123 2.35211649646033 0.674757754615566 0.136718986006252 1.33456999717486 -0.62696915506467 0.00556572671602829 -0.487801119111469 -0.410840012475146 -0.110214567488442 -1.34397177319569 0.414732230970727 -0.554327888681224
"421" -0.815768416473051 -1.76217483396819 -2.86260909661037 -0.636290327973219 -0.535288949608398 -3.48174515665384 2.39136165506765 1.12403532613748 1.02845237824269 0.69731662746196 -2.87308780305003 -1.75316891904717 -2.2410011772082 -0.710819763068202 0.21247008508616 -0.203322580308779 -0.874910651077398 1.56436316399019 -0.263657095170004 0.175097754436102 2.77802594696619 -1.99602137194327 -0.112919487372687 1.31556474228015 -0.62054776570568 0.556720047242656 3.33293328964172 -1.241016294127 0.544781964274148 1.87534923583847 -0.279564170765593 0.476341076027547 -1.18410501858708 1.75772356383267 0.325272596290481 1.77862279797136 1.85131905860859 0.552382483107773 0.352910669658645 0.427907221271104 1.69244416637043 2.12516470711019 -2.78482799983788 -1.3726233685019 -0.248794101790515 -0.386806596880882 -2.15055405651471 -1.32943998638849 -0.431976013051187 0.370985802834288
"422" -2.58673950081571 -1.12235778219011 -0.8795787947932 1.01611043456675 -0.620064188885188 1.18928182573964 -0.486891370298333 -0.428653467670121 -1.24894491768869 1.46153056705398 1.38227236002386 1.14149599611438 -2.02479901990748 -2.35351981280305 0.941250560267173 0.291068300591139 1.4131199002142 -1.88885612208142 -0.267121722362928 1.3746189274873 -1.5725519163088 -1.35030833234997 2.30756419940431 0.371400958150099 -2.36849583683072 1.50017095074415 0.607584674075457 -1.55923682982184 0.170468583561631 -1.28844512857795 -2.22402418989933 2.14038795165537 -1.20737125804532 2.07894565280124 -0.0844942682217999 3.722848950099 2.69814951131879 -0.078519773210698 2.73818003444579 0.525474899846066 2.05514008426861 0.32944499410739 0.424449877164281 -1.38530516947049 1.40382130371436 -1.0679488359765 0.302969355795108 0.211201973510852 0.51779731798438 -1.28311330658061
"423" -0.314255619813682 1.85461436658414 1.20556970460073 0.158349874217073 -0.466316090126192 -1.55749458687111 1.93794956109091 0.579965682329401 -1.07683425119858 0.429431549186623 0.949611559920955 -0.118664594698086 -0.729381400714112 1.93089985677571 -0.963807949437106 -2.57456712503661 0.644653516426903 2.0690948371241 -1.85537883075858 3.11492277128564 0.0999406100466593 1.30183071184389 -1.57483489511855 -0.207300523188201 -2.33770505469826 3.93210477864529 1.15550684038449 0.93892118047753 -0.0139611394427455 -0.484787505087559 -1.16173353847957 -1.74374401012294 0.293543247332704 -2.36087308911628 -0.572388280503938 0.44545554220773 1.74904588429234 1.65209120572528 0.867713855897979 2.14328632758999 -1.85295619287423 -1.19392018077164 0.741295951392987 -1.67781308465627 -1.40602402603139 -1.91311868420367 2.61360916394968 1.00593549590419 -0.659426141751795 2.11223556710391
"424" -1.78339795797632 1.30376520916949 0.7683267352901 1.17036489605218 -1.24075291085145 3.3788721537202 -0.21640494926012 1.61718609088054 0.769580555470676 -0.034656667087905 -0.980129337629159 -1.30463718363735 -0.47484333299738 0.245467301417471 -0.669304919397679 2.31602240649072 -3.91654004631203 2.45687365620742 0.451692053494121 0.731498895722346 -1.86574991858265 1.68052876055062 -0.749786264496499 -1.22459991146369 0.412295796802648 -1.11400330645887 -1.08190696141296 0.817655776068535 -1.36295195969771 -1.5722315514119 0.0548648950617109 -0.897625310434859 -1.76616596532477 0.682924738288324 1.47566766112907 2.30472568770713 -0.181685300861074 -1.53782846402382 -0.498885404713374 -1.61039136277525 1.96584111673829 -0.549559864338752 -1.16910443087626 -1.55193936747355 2.95788370023559 1.98509217190848 1.40702062416309 1.487139259712 2.31986856256695 -1.82010849066956
"425" -0.704269351579125 0.032411058190497 0.779007593830525 -1.52494262969114 0.2684457071841 -0.308997326696211 1.16139976767257 0.132663317886125 -0.301952407261502 -0.50735910213117 0.890726111616581 1.41955892891824 0.932786903222937 0.770885787315995 -3.46144026422993 0.614594809974394 1.91446806548838 -1.45744488398083 -2.45464057710439 0.763327184325648 -1.72324256751497 1.09034245860899 -0.7368540592915 0.846248600894259 -0.745765251989041 -0.51694967487515 -0.139150230502059 -1.42212635417815 1.41018495260203 0.617735710692571 1.57607334685438 -1.03064537424999 0.445676864195118 0.16958583731129 -0.264161760036222 0.0770410417987067 1.31920709973183 0.837910470678498 0.541201908644598 -0.704090625686526 1.12821889733417 -0.335359233692319 -0.634359352384031 -0.980338462723016 -0.864428876585713 -2.17533879326837 -1.88383227640829 -2.29989729467236 -1.11518976673238 1.36613182952749
"426" -1.00460412902083 0.578943174058214 0.0569167093903795 -0.734534800712235 1.94822051776542 1.22016559607453 0.254222884602137 -0.133370507994705 1.13789169136117 -1.76447620277524 1.588540048299 0.351089496581007 -1.01950888695274 -0.110456415251634 0.74395520459572 1.46795204229667 0.00804261727878319 -0.193758219635935 1.90567005522121 -0.262083911775601 0.121276977626377 0.677887973032482 -0.61008154481951 -1.10771608009889 -0.532804143861151 2.56376374525991 3.97305940388617 -1.83299030503076 -2.28455735604516 -1.88177298587712 0.18829233849291 -0.665822224502059 0.561041610416199 -0.352999568465267 -0.299791895985257 -0.284893720791428 -0.171041040535029 2.06919206815912 1.20966487876239 -1.10473917625444 0.315960545973888 0.981852529700676 -2.70735777664579 -2.48129051442998 -1.22498970984511 -1.61553424243336 -0.0578327750456767 2.03644819006809 2.13811304192027 -1.90039663958628
"427" 0.341983607478644 -1.59509170901286 0.326746187553586 -0.814630026862376 0.828236934062125 1.48421626634745 -0.735538492645053 2.22267582868083 -1.1172541144953 2.1137168251528 -0.793401272459482 0.650135081622312 0.915202178659609 0.234943765316581 0.548663325703986 -0.897538911107179 -1.88961130513823 2.76840711477012 -1.56302092415931 0.231496260803119 0.737783475218836 0.184049056634756 1.95416669388588 -1.99360811794489 0.544500736107566 1.34032314934932 1.53581684392987 -1.38242521023475 1.28409833728358 0.265497108187275 -0.235897396114364 -1.55450665852196 -1.52762455235427 1.87840510166316 -0.733696773172516 1.56683184969126 0.136268781686016 -1.72698678197969 -2.08729232158573 -0.253074270507837 -1.44786167092221 0.230360730789834 -1.77710628549957 -0.0486332609039975 -0.703204954814007 -0.513670916378077 0.871909948331269 0.417381112014609 -0.469653706101184 0.868918966365897
"428" -0.595538462532145 1.98970976049058 1.88388239514462 -0.278262830892422 -0.374236959223448 0.149355983756403 -0.50459293646526 -2.12269194976921 -1.35520203210342 -0.530945649755805 1.18386154535724 2.10473100102352 0.383379851320246 0.773280793798399 -1.49146398554263 -0.763371051478523 1.28955341308942 1.88206741087264 2.95281771425165 -3.27229755745319 2.39333757361743 1.10604395305474 -0.501737932714185 -0.858860474977554 -0.383953169906847 -1.71000149328257 -4.24433882682888 2.22695314702603 -1.52239074843008 -1.1740298321341 -0.214406206691682 0.1644992449059 0.0137581285950662 -0.124384965514342 -1.02582049865555 -0.7220586369841 1.12256696920842 -0.214380839203819 -1.10076962002852 0.142538738012351 -0.941478624515903 0.67504999563312 0.672785229195154 1.57719069812315 -0.731464175099795 -1.07008716558606 -0.477749584502737 1.45473671514687 0.818906957940157 -0.343462529302612
"429" 0.155912310667755 0.0602594986812088 0.666409972094525 0.611594111959443 -0.682962851815257 -0.530869412935435 0.733126390219566 1.15822618949268 1.90081519802387 0.426513087559865 -0.554602234597657 1.43272255995494 1.02548211720679 0.736103747021426 0.230327976995447 -1.42146511461415 1.83324030170562 -0.231974183473168 0.430682265732717 -1.88543069221114 1.00573224061359 1.02194193092354 0.292913526542906 -1.60230109441969 0.3858608504453 0.44527112895734 1.34575098992382 -0.920715891780855 0.835566176065888 0.804182722771715 0.630838894876827 -2.13939806233265 -2.904223340295 0.562306651578669 1.19200572518139 0.468373302580253 -2.14124920873342 -2.09086815718605 -1.14248637640525 0.921026484154619 -0.662790215648818 2.01061922803143 -2.17930819468011 -3.32631916749854 0.729478993573068 -0.768122003431038 -0.398730857938449 1.13773914528019 0.710796373989466 0.47974323048799
"430" -0.684020609666673 0.903893903719489 0.923277538664745 -0.982794881330111 1.44657709935229 0.06198056833108 0.406506688462044 -0.891324189321891 -0.187309238338788 -0.0677346045435296 -0.202792048671412 -1.02853874718724 -1.52466849622055 0.512575352919087 -3.53001446171815 1.64454668213336 2.01525696800058 -1.51630203096818 0.0146660378754698 -0.695718705762078 2.1676967583435 -0.631217509874527 -0.588025811825044 -1.32263420426057 2.49846362006888 -1.24347226585233 1.66788288407666 -2.15493245847144 0.491150768755223 0.375971713354785 -0.527313729298009 1.92369774185174 2.52890732618882 -4.77304736335005 0.736937766765533 -1.27421130601741 -0.0439379713350896 1.12563091867883 -0.171893849192467 0.266308085703325 0.453390124394821 2.62026321266377 -0.660073724631047 0.597971072042286 0.196653486630926 -0.200733130208446 0.931848058708724 0.860344192930509 0.607698718361683 0.25413052179901
"431" -1.86119465835329 0.184149779544281 -0.559714647627662 -0.188275672540353 0.421319601480998 0.602714021605473 -1.46828252298086 -0.105927943953867 0.987867916178699 -0.903948257962105 0.509643219259893 0.0611744689311288 -1.35004984152841 -0.748555365932921 -0.0321318376960792 -0.391362704768824 -1.16619183276181 1.13969837089732 -2.31973676317988 1.88693063311424 0.64986897727445 -0.747150014461383 0.856659013921536 -1.27216688775884 -0.578663026236264 0.832108842019777 0.0908819989515153 0.0942602767741744 1.08459398496216 -0.707191147566587 -1.14713677404709 0.32070868861367 0.322900243350413 -1.12520373250047 -0.876985393771069 -1.87110441828326 0.888425766547437 0.581328435059528 -0.412585989433075 0.534091835330893 0.21652328211187 -0.0219627896236866 -0.125263675506688 -2.40232864258786 2.00916493174827 -1.00286822386749 -0.240397819088393 2.81746272026618 1.66631788196897 0.55208781440791
"432" -3.59187830995695 0.616508325893155 -2.54316812657652 1.10528573539673 1.79345164848251 0.0853844906600354 0.50422876044873 -0.631101554427898 0.49659939177349 0.234662038410714 -1.30099092355678 -1.19254747694012 0.38607977966494 -2.11361757036785 3.4053792556093 0.269545557384746 -0.451322462561831 -0.227423431687285 -0.949903500261562 0.939164086431614 1.16807788098305 0.0392767105465729 -1.95503064229337 0.280535440186788 -0.177486475322226 0.283571654842628 -2.12833474819566 0.999314258264316 0.0552296867775627 0.110344209677427 0.825680295729251 -2.60932598804702 0.216937344631241 -2.87950353495807 2.8790064591517 0.654939662448974 -1.44519861505713 -0.363229991115094 -2.11756350248537 -0.202632230589508 -0.999103115737379 -1.346015070448 -0.620861261525493 -1.81536681832615 0.744066312580592 -1.57782207955452 -0.310616255242004 2.21447354261029 2.01481613362443 -2.85062327074572
"433" -0.712638897697754 -0.512933265394734 -0.94989822731228 -1.74868894017165 3.90126192884201 0.469704633349281 0.355329515153498 1.96191335863179 2.01113203648822 1.45422087563007 -1.12453408307818 2.74325722521571 1.48100693894417 -0.953021181018182 -0.305703592987152 0.0291634508234369 -0.82186469980202 0.767098731808331 -0.507454949837432 1.92731813111326 0.882240848930693 -0.367956310632981 -0.497927538413442 -1.0485082041576 1.23945550306614 0.97656252666857 1.72038068671645 -1.98489734520543 2.33509065692296 0.654851114636956 -1.8869012999425 2.61226950120143 1.68502252041272 -0.66884491304674 -0.0156673591489079 0.0234486312671312 -0.161335371708878 0.43668632543536 0.0971387366337819 -1.00407461840704 1.7381808899878 -0.0690444112499232 -0.818349125401019 -0.426722914957141 -1.61276523895849 0.478770017166858 -0.433428184635995 -0.650172114324759 0.488377338541608 -0.661984003854078
"434" -0.860637037728979 0.741444891849826 0.551653604904989 -1.18276665129055 1.26984040213892 1.63461277090155 -1.06261170983409 0.0451621299854371 0.772695266645517 -0.968135628130674 -1.14904832681933 -3.93460180398553 -2.40103751643319 -1.04344111732607 -0.94697354875982 1.86922823278464 1.73124617930147 -3.1783980450078 -4.12373292778561 0.250866731461631 1.75351808627752 -0.152740935552412 -1.28659664775561 3.6648019663593 -0.954354808312157 -2.09835616422215 -0.821726459309445 -1.15645933979954 2.62509853194334 -0.0279305013168205 -2.00355104256404 -0.53600993326051 -0.115825756387254 -1.64203417707409 -0.417858767799246 -2.40577550515693 -0.393196044519599 0.696297604453923 -0.0335505213281029 0.686203766097121 1.32060342607321 0.633169429135378 0.94456012805067 0.653780633868068 -0.382284499369976 -1.61177125550849 -1.23681647030777 -0.750288990053563 -1.17454902677309 -1.08073372959329
"435" 0.669607101091485 1.32606113906446 1.37718898031743 0.297540998428651 1.65461280131016 1.45003731352497 -1.71593071067515 -2.00472839626147 -0.899325687568545 2.79787319925347 -3.33305919081015 -0.285671805945683 1.13846789840974 0.536692228884994 -2.26062002138615 1.96748536872089 -0.180807528379892 -0.298944414755063 -0.281687477098519 0.788220163408757 -2.00408251886022 0.129094297598355 2.3857852534076 -2.81603649814702 1.44052580694824 -2.88688458032582 -3.4242476940256 0.146730966238779 0.879194485216635 1.13432200644644 2.48730164422699 -1.04531577150501 -0.143292885637198 1.56760198740364 -1.61231870650292 1.47674030348686 -0.329330576614701 -0.236899305777445 1.54287393155255 0.354689618562359 -0.591533611966295 -0.412053444865696 0.146019311688915 0.692138296960488 0.668329460858479 1.4971387910171 0.375197659181283 0.283044811847228 -0.920595678426679 0.296674477683444
"436" -1.41743675736594 0.148190465106828 -0.304943870982696 2.18851860125536 -1.95664861163252 -0.755224727126143 0.913574477518032 -1.02123968069218 -1.75859183939873 1.59795849290117 -0.293315521542939 2.04046591584987 1.52810311544318 -0.966395919556471 0.20169645319711 0.550225382110759 0.075188981968431 -3.12704937821347 -1.98298781241527 0.247877059334825 0.0770246554537847 -0.75282840742135 1.41338024114993 -1.59960604079576 0.993731045142096 -0.173263038344815 -1.56028665137306 1.03995331800388 -0.247469259343724 -0.0510081751693831 -0.663639732234105 -0.495106661693906 -0.866792706141822 0.397593117463633 0.490037134248392 -0.789554098389055 -0.0920926866737071 1.52969069656669 1.41537255650221 0.0628214734819123 -0.24493240455588 -1.44453356317652 0.59722213213371 1.54092708693263 -0.673726983161072 -0.699834988579941 -0.152260793945136 -0.402912554507632 -0.627076136508703 -0.670634961493001
"437" 0.336996795916629 1.34646614665201 0.227966522046258 -1.20930195605266 0.75808587010932 -0.518430862936675 1.21830141485594 0.754355977320482 -0.995171431168221 -0.12224701107314 -0.589806162291773 -0.953744127295442 1.50822673685822 2.09611639233626 -1.54734401769841 -0.14664655332792 -1.3223354710826 1.28797793184863 -0.487551427388479 -0.00713566035691 -0.485619610963984 1.90779538028606 -1.20053201484141 0.923049041709509 -0.868169555045357 -1.14303429925126 0.61407433939409 -1.56793382823249 0.927275231044002 0.706511639584627 -0.720352317815523 0.77874424306321 1.74713242843964 -1.7818008902153 -0.691386038616982 -0.0901881561666802 0.0164013351913902 -0.63899751096141 -0.462311751583224 -2.72571751622172 2.57756835844152 0.747640993262636 -0.727577364552817 -2.37774775940324 1.12251072933136 0.367704252529501 -0.594806248676205 -1.538540795438 -0.553567598877644 -1.69621951482458
"438" -0.761446105680228 0.0449576665219243 -0.362456504542378 -0.579596326219847 -0.0563115404302822 0.163765170751376 -1.08086894907639 -2.60198142019229 -5.73347663555654 2.22727511994797 0.875998592919578 -0.507778342586479 -0.631620768482082 -0.00152939568385047 0.96754150024797 0.750893068408039 -2.26607329233104 0.0683399970218255 1.96199585129642 -1.62256845064089 -1.92334014973365 2.45440796331057 -1.65033424867967 2.44382032246408 -1.39134534846886 1.17811414375566 0.239041770402841 -1.20655378361887 0.096532949159599 -0.457691828403261 -0.0829887990312853 -0.691472382593033 0.0296529650810145 -0.48876231544387 -0.216513096436858 -0.754357682509687 0.493271586799582 0.407421892424617 -1.98524286116344 -0.99971185872604 1.2028852240278 0.815425637227135 -0.121976500852138 -1.44614487954535 1.8039190310386 2.25908556980657 1.63691112060891 2.22149771667778 3.25895406238874 0.0501325126805614
"439" -0.847486006401997 2.53250080349037 1.39453208018989 0.786652574306135 -1.20484453187648 -0.852146553852844 -0.636214132519602 1.62596755086545 3.33525787516967 -0.984321687890483 0.689445412179915 0.83951184699261 1.29324718887671 0.797152121854539 -1.38954793784603 2.5657093006842 -0.984271279097558 -0.233607052333204 -1.02919079333589 -0.752034647319628 0.175084083016761 2.69126769462062 -2.48501373101222 -1.35862845005851 1.87989888201238 -1.81186018725431 -1.34014355118795 -0.564789009135689 -0.829452975448711 -0.60110768778415 1.84566241782746 -1.61743471277169 -2.22530002473765 1.5559295129407 -0.823762210052632 -0.727423570419247 2.54870218361156 1.72562133691679 -1.17562235014979 -0.495057734868032 -0.143852310859653 -0.43167596099762 1.44621126194306 0.617834337835316 0.134535693698299 0.264245353727086 -0.291656411438798 -3.3250159946476 -1.17500433113733 -0.26063713246824
"440" -2.63883690271812 1.99676953986897 -0.66312265605521 1.49902164015401 0.531380369147913 2.29828031539341 -1.53917208926993 -0.429042809996585 1.76690720587974 -3.03831067917638 1.3107135027332 -0.0698892488134869 1.25837594417223 2.40445956559996 1.48438098545714 -1.70774266407922 -0.23927926007538 1.02109545091848 0.365814850586647 0.336765629937435 1.38972403452727 -0.794695256429957 -1.60715464174793 1.0287334439048 -0.11156956735185 -0.828442008208784 0.330680512936804 -0.505609714996934 -1.38071517038568 -1.30905481362599 -0.970616856730552 0.458355009163568 -1.30197375768814 2.65905112648678 -4.24284624833215 -3.18150875434771 -2.47581344513906 -3.30849461403339 0.73686195953472 1.34931292039597 1.00200268862907 -0.372326464930157 -0.221429685616971 -0.865472897079985 -1.14781500348126 0.984552593357282 1.21283545026104 0.427721823328104 0.748455224168418 -0.76847303948199
"441" 0.700298401641669 -1.76010434542727 -0.972197728821973 0.948937258143322 -0.684539229472104 -1.45271056500346 1.43944953064755 -0.966196309073143 -1.24436906359192 1.92142749608409 -3.62926284721815 0.859279988040546 1.91459430123063 0.555622404689086 0.942100936921192 0.122405008803621 -0.00983941839081546 -0.548190115992063 0.150348915254212 -0.487205898700045 1.19699058864574 0.200489990830268 0.903158990875335 -0.957433556324181 0.746733288425621 1.25525632422888 -1.3255569584452 2.57226898109151 -2.24016027807388 -2.79839371677524 -0.649752740819379 -0.959597398287318 -0.0511664387589938 -0.70703937354867 -0.489066364677597 -3.46511891459296 -3.60668717004637 -3.21489417382955 -2.61358231254197 -0.419942563714897 -0.204589163725818 0.421453082568629 -0.136826080445824 -1.16370324906817 0.0886119516307669 -0.706533305692073 -0.400172367088661 0.831706045016668 1.65535493658467 -2.82926352978544
"442" -0.0806872463340512 -1.21015964998897 -0.614582656360057 0.347702398857268 -1.68953787372386 0.00450065312659972 0.527542010607621 0.804090703514113 -0.693539069245946 -0.0384690768414745 -0.852776680453034 -1.25149133714028 0.706774031999234 1.51844436303824 -0.333566860599083 -0.935852674570874 -0.218663757170027 0.436764529815347 0.823097703512861 -0.962340427375169 -0.0225382828803157 0.828146812462199 -0.871380085578567 -1.34350303047219 0.91410260431109 0.522244797242336 0.928968429298897 -1.03173870710263 1.59653762970749 2.43789350800011 2.13101467355337 -0.0306376951446011 1.26698609130847 -3.85428404369086 3.83866122630829 -0.97387282579389 -2.01708887364341 -0.131584688297657 1.90643107323496 0.545976210576961 0.876852188989894 1.32113840196811 -1.14111201152996 -1.77686277921312 1.08296996888575 0.115839500199354 0.127593773357063 0.722568898538603 1.77548953825044 -0.292931299941299
"443" -0.269039516534462 -0.0453555204347761 0.87406390288992 0.681301620783468 0.187314649279498 1.04462732420877 1.85852500015312 0.98149223963153 1.49479534169324 -2.60434304641257 -0.710444083387711 1.37784054979054 2.06393321909275 -0.336248775382643 1.17906663356282 0.265170184616699 -2.45331329782022 2.73888600104197 0.70946098284505 -0.124894698004068 0.343097716031436 1.8228862380203 -1.977322147819 3.07711301427959 -2.22425985890139 0.778211032138518 1.05380558835865 -0.863379988086611 -0.38681275204099 2.52985408730387 1.98341802035963 1.24945540294756 0.429308177893348 0.282795869253643 0.0202939827543336 0.141860199157203 -1.28201423205744 -3.66788004134027 -0.949260995142135 0.625220101403997 1.03685945244727 -0.527515315134576 1.85213107524998 1.78418894133424 -1.92970053537792 -1.20553162227571 -1.25195752188033 -0.89946583325372 0.59480416071791 0.25856686383409
"444" -0.898409244741574 0.0314045340041823 2.28183068157818 -2.75358053051452 3.05818192635835 1.71053427547072 0.384100918921084 0.46610592414875 0.045657793830831 0.392101126619856 -0.663262665911568 0.920863889668988 0.427160365205536 -0.920321836215645 1.40656805104466 0.341315707922655 0.95143491895387 -1.43021099929808 1.24702312360894 0.633639346049598 -0.0914051988428801 -0.464067731185991 0.271214638070213 -0.465273804076095 0.232075041565335 -1.83945242984589 -3.42275532226347 0.227854525161814 -0.236069809989231 -2.56834618869397 -0.77795440046067 1.34317110269486 -0.628065005067931 1.11240127105119 0.488072901864848 -1.6332430375408 -2.37943622269141 0.456545964928434 0.766599958378129 -1.37550607201654 1.60227354087376 1.27038583512469 -0.907336582181536 1.99097398254164 -1.20179555425798 0.343632101102706 -0.438655184786116 1.44083282456281 3.25006970618537 -1.11239841661403
"445" -2.19969496811359 0.0236233167125504 1.81501793891831 -0.149630383327451 -2.21287886279977 -0.265279718798164 0.582969767990854 0.852501097997453 -0.397777483477896 2.0101021249066 -0.0213871621595584 1.2616541707705 -0.0565312985973611 -0.963769085384049 0.353617395322958 0.856523778756396 -2.22956898468756 0.599278022613884 -0.761095435355458 -0.733696010784644 -1.13783226393334 0.335637758203613 1.09725659270807 -0.661868733649493 2.43393150125889 0.515303143945707 3.88533579013988 -0.426090199216369 0.00798129664205197 -1.73332851815071 -3.5066303476281 0.23356564825837 -1.31836759654284 0.568174974573038 -1.30856504263081 -1.98617792000893 0.204803234711996 0.344946193275476 -0.872558260194356 1.74853628293575 -0.287702408634734 1.02467354352792 0.128218774802926 0.883738706831703 -0.0821832049095206 -1.92208212216592 -1.37317484540743 -1.21434854995226 -1.05717187699058 -1.58740183813384
"446" -5.10752810049183 -0.890127708914652 -0.913865348533797 0.492471726418901 -0.103013644073433 1.48352887411589 -2.23956255255373 -1.96073456019839 0.611296970273959 -1.10399457869707 0.248083879471378 0.582604914873458 0.171494517972472 -0.885213773555982 0.693140156951938 -1.03856204648413 -0.679870791012712 2.56429822834647 0.914387672220402 0.225513951953672 0.363800931241836 1.53183064774769 -0.251459537529466 -0.689387661116119 -0.298525929801366 0.485715854067772 0.509886580877706 -2.3512851112154 -1.18692026009532 -3.08260011325043 -0.442742478775247 -0.692348589632897 -0.707390793481148 -1.52242543020117 1.80212413663466 1.13034848944356 0.889318654168673 -0.907050528161656 -0.282819117423739 -0.26478985275883 0.64994461887891 -0.262075144833353 1.01359783855768 0.184876942921766 0.500546051380294 0.644857470693533 0.272104558488259 0.82992004511245 0.0468626464173105 -0.51893572985345
"447" -1.02327349622991 -2.77168855060353 -1.60650280183108 -1.06883738182018 0.464274025991808 -0.343980183898381 -0.563127047776436 0.336424031284142 1.90912657986239 0.800603215552184 -3.72981338670349 -0.00786741844939588 3.00060812621714 -0.121524429207948 -0.423431088404688 1.65526251140519 0.858803095519961 -1.98041184738554 -1.2134038557553 1.49358669701212 -1.72114071805322 2.79900848427802 -1.18756647070346 -0.00694998852374554 1.88214878177008 -2.71270646055876 -1.65922574194168 0.506523015701313 -1.21418530723099 0.417676422824522 -0.506813838574389 1.34875522337394 2.06520839700953 -2.49428476962595 0.45179123394955 1.25689246636818 0.223174062105107 -2.70289213956492 -1.81727410302113 -1.38683257963269 1.0677445030415 0.548731341877754 -1.15068806495651 -0.73009659618261 -0.271784637261746 1.36155138573351 -0.639181040757421 0.520274671795062 0.522437532847288 2.7896276011915
"448" 1.0938026797455 0.585366316906148 2.74551544901024 -2.59813147421807 1.85764644748773 1.34093864017477 -0.121626886455906 -0.845874176418329 -1.44291607643087 -1.59075989906482 1.61352927435266 -0.560411830323413 -1.78076995754108 -1.62276037580301 -1.41243023164097 0.66589205869141 1.23515916748608 -0.968561224117485 0.241817778984368 -2.23239121663408 2.75669716798887 -1.47617242885341 1.15996850266623 0.56692486745096 -1.58970853483995 -1.39434967800707 -0.244958171164404 -1.06791565879143 1.04729037687417 -0.844210777310015 -0.709330850045882 -2.73913683768246 -1.60997771768582 0.161436754434795 0.161159176685589 -0.466372503797256 -0.972246874368587 0.61934733628817 1.88645426003464 0.713618468813744 0.46814269606478 0.332910727969195 0.291219988202397 -0.0683047372875087 0.560140989743283 0.429897278885463 2.13044329096415 2.88260608616788 -0.840702773925347 3.71884071002637
"449" 1.51574785296506 -1.57619037821206 -1.53239750135463 1.54394368605848 -1.15261700548289 -1.04240529322403 0.10210325334053 2.05281097229158 1.77939319371058 0.0323910006112285 1.47370013392795 1.59993322219749 -1.93299895962406 -1.19743416707653 -0.390820643111298 0.588210541117284 -1.85044414963719 1.4040192786327 0.297671899716076 0.119146492336481 -0.21647138807419 1.07956829500642 0.349661652780974 -2.00327638955385 1.69006678064364 -0.0333694845390122 -0.216755023208339 1.78264436920025 -3.30784453304178 -1.33805882668887 0.773566929640516 -1.29869015981609 1.03264509861226 -0.834737473313437 0.636845900316625 2.53031638531151 0.859964523890383 1.40921132441726 2.55912333383362 -1.06008192973708 2.12781861742858 1.5510895193136 -0.53935355992671 -0.289627782860767 0.12915748070279 -1.44384983449717 -1.38206060925038 -1.25252075515238 -3.05408320303967 1.10472658568899
"450" 0.116853491347237 -1.01238960328607 -2.58681186725763 0.673402159797203 1.53212550503052 0.729858908661429 -0.550121583347355 -1.87835336699182 -1.00229077483951 -1.30470033694389 -0.845879406592826 -1.64739481386616 2.15092701187011 0.741046402625455 -0.745040038716275 1.49773584094851 -1.43034673016211 1.45127956300478 -0.853953456103598 2.52658193931193 0.328801298784507 0.0806756233898377 -3.14901995292545 1.32444255679292 -0.927778184964597 0.0503853515294166 1.71455132644259 -1.28174844046296 -1.66122952869694 -3.54045035420697 -1.4944148250123 -2.18203261570228 -1.02933173121408 -0.73013417972736 0.637524836469695 -2.44040142709337 -2.46030237422963 1.63325719036016 3.47580800745486 -0.464483160753496 4.64795068147895 1.4127116703076 0.178080193302233 -0.31354045686792 1.21575749134478 1.70526209256641 0.542159798859204 0.114719736452256 -0.348599037654582 0.282323029126982
"451" 1.76295608118455 0.381731457018248 1.56486563456248 -0.697470769173344 0.156240904129982 0.0127993484749013 0.992122709239242 -1.71471671717211 -0.739805064818081 -1.56272236066146 -0.632015212717818 -0.5266610789102 3.23736334292935 1.62687840031282 -0.950795716693014 0.714468612247403 1.05516106652332 -0.0534902869402382 -0.480280570885408 0.124085113414298 1.17236581441273 -0.892157232332546 1.84813300423156 -3.27867908138157 -0.549939506135415 1.88763048092796 -1.92880328914864 -0.154698953373579 2.23500511032967 2.35457084867013 0.301873466563931 0.30110238864794 0.159711094928755 -2.81904633932427 1.42456628854749 -2.18333616968275 -2.05748638656327 -1.98477137090346 -2.38200614011507 -0.124487802124586 -0.025802984580245 1.51558899954426 -0.835914814676975 0.753322593524259 -0.970991111724493 0.191422767683329 0.0301918508924645 0.51458943216331 0.934690523573839 1.01442933027717
"452" 1.48399979184644 -0.432757500638791 0.551789623767604 -1.21235477842799 1.04504498766822 0.0510718873658861 -1.98887640766468 -2.02186285667836 -0.537571484722549 1.59912633017214 0.244938127113968 0.484528887457835 1.04054364575343 2.81841738877422 -0.791362025594707 -0.236092275298837 -2.0506500670777 1.25467733407221 -1.44252206303987 -0.37241533873191 2.53120936636192 0.768796300861899 -2.49857208235592 0.00371022633695946 0.384947429545029 0.907018667678634 -1.03337641319743 2.01396561539755 -0.725733684338269 -0.371749624232164 -1.69364992801075 -0.282840639671876 -1.05865834266293 1.13049589769114 -1.54289667122032 2.29386709420528 2.82710373436212 -0.182417898790924 -0.423553345037257 -1.5856931466016 2.14109424018817 1.0134651958955 -1.31694083679651 -2.44668050337464 -0.311287040488608 -1.02928129486513 1.14928716951982 0.69271220602447 2.19572007604274 -2.3319217229598
"453" 1.92137623300518 0.608767050406321 0.705232425078311 0.50502660336514 2.22603818405197 2.96877072381683 -0.738058571943729 -1.89113786311337 0.0873842386931174 -2.0450164623158 0.000839275118297139 -0.00686203658398815 0.560576177038678 0.594714120335363 0.677193982447462 -0.599250384736096 0.755655194001117 -0.655521103093876 -0.936783486914952 -0.213645914381171 0.913908730334352 1.27087175564115 -1.85012264031082 1.37697565725458 -0.719969705287525 -0.526632651335799 -1.29701609974097 1.30086902015873 -0.232135259606019 -0.272408269232804 1.10379445222681 -1.12553372030045 0.881183907550448 -2.94289185697821 1.22747404058382 1.05774726650722 0.428194884521852 -0.388143851208796 -0.759619888012155 -1.03449748469574 1.86331753430174 -1.53955522610266 2.47078602686621 -0.672756364964475 1.70820887841167 1.53717513600656 1.60363333305887 1.18817609414278 0.616081889643922 0.421984326664362
"454" 1.08561197157048 -1.06252658048693 -0.229770866746485 -1.2973507601343 3.82296371664215 1.75206443440952 0.00218966801811786 0.681620061419706 1.24380017884867 0.94615370756796 -1.67389306123152 -0.681115769068764 0.669669200409831 -0.625277507995502 2.358556140729 0.190202390109883 -0.353293634705258 -1.15565166168189 -1.02038007789374 2.76112758231152 -1.69921340974851 -2.34403598032068 1.31732132658053 -1.17786422778003 2.6839322436464 0.786006018632518 0.641227442129138 0.97739722615234 -0.802093430638514 0.169844452228498 0.377097704075964 -0.482375952697098 -0.23505519141617 -1.85056056940493 1.96226093411435 1.66670677062375 -0.0645922013624184 -0.967782681792088 0.313212341185697 -0.0963448418743058 -0.538151182051901 0.509348398804009 -0.453144199347132 0.51947713675546 -0.0172357791322861 0.36552044716281 -0.173484770107934 2.14407186959665 1.85620886912442 -2.09612109111564
"455" -2.42252821579889 2.35479625585449 2.37687383467388 -1.53601744799059 0.508897685870257 1.1324037099959 -1.9523060879847 -0.598108364567871 -0.371530277414391 -0.013364222133815 0.50621364100209 -0.537477376579112 0.628638599422044 -0.804238890810304 1.29121781477687 0.116903696007057 -0.441670348383121 1.9160129342062 -0.115692100287268 2.24020580392348 -1.23899148142608 -0.357973601231533 1.67290657155682 0.288907469189411 -0.999491482636736 -1.22622033979289 -0.290770311873785 1.08325609215201 -1.21527491631648 -1.08902212960543 -0.623342054676488 -2.500922931848 -1.54594110552631 -1.022272470522 -0.102188544067998 -1.7420009039644 -1.50051786260651 -2.38090224877357 0.436513291221288 1.21571090693762 1.14467757409316 -0.327831733458097 -0.0703702624599574 -0.892297821470632 -0.350866745797219 -1.76560675330812 -0.691207817638628 0.421013029327228 -2.52254250698914 0.636286145165499
"456" 2.38250379848618 -1.36279911039824 -1.74951648912138 0.389077892054832 1.04136958141969 1.02165174038751 1.36025952025051 2.15983193602456 1.80047568839514 -0.314899473462252 0.710887404140235 0.300373825950865 1.34565553688467 1.92287005044095 -0.668010160466051 -0.915219472817127 3.39257600706212 -3.41224245198888 -1.66016587234929 0.954492523986502 -0.195773130837122 0.0882578749290331 -1.999222406499 1.05239386994879 0.948989989030464 -1.34934408737592 0.350595976013722 -1.81849165236987 0.828390096436489 -2.44061649246907 -0.638801732702194 0.914796876714331 0.216593446208468 0.346605395018595 0.0665691724230654 0.469074290358551 0.714417333909841 0.950270825959659 -0.744738041001182 0.146091700964161 -3.45919263461519 -2.10732669431955 -1.47339328125281 -1.4853513971898 0.195270031370882 0.538150776392408 -0.268249155625796 1.87265930215831 0.645037309974819 -0.997217849954958
"457" -0.433513485199955 -0.0351354600322198 1.56509718214935 0.937544106418195 -0.435392888766436 1.46828651186523 0.113799672549645 2.47541638101302 4.41490796643796 -2.48526017974824 -2.49146399890982 -2.61427082835859 -0.484966307625145 -0.278892951692488 0.300447620587647 0.785100001066457 -0.850275986142352 1.48568972980725 -0.573483663554655 1.46985104462016 1.12546405094128 0.528263149455709 -1.59511222537146 1.10968988592562 -0.579949070395483 1.17242961303726 0.194078492925561 0.57958784053826 0.301840505406586 -0.941359829092805 -0.175678713978059 -0.498260655048154 0.797566624921942 -2.00825773472734 1.83045437101918 2.02314716665098 0.434938607265161 -0.258038105515062 0.465208787842089 0.215481990761865 2.8018210687359 1.52028204676787 -0.691429334983238 -2.82790165637152 2.46796607754885 2.30487529514117 0.846949055250336 -2.05615327289641 -2.28151969979047 1.26731569269244
"458" -2.11480444403215 1.33091270707542 1.03309185523809 0.117178938123657 -1.1475907501811 0.46199865715468 1.20479001263403 1.98954945686585 2.08988911868373 -1.54239992262639 1.01605972020997 1.33910314929316 0.407598509944914 -1.26484888419445 -0.673433327166087 1.27892186504816 -0.342359003048447 -0.719522545877265 0.558771294465014 -2.19844092580208 1.47559529734479 -1.89166123222093 1.21548556473036 0.545094778383571 -0.1120722478387 -0.0838361624742116 0.552388971818607 -3.52118294080469 3.26929681473416 1.12042025270468 0.458871946613744 -0.262222987001664 1.4464862357095 -2.31488198081525 -0.140473880859145 0.0137501027075325 -0.441694120923151 -1.13078450382162 2.66240405584713 1.0782372882664 0.825076076892901 -1.57942845895125 1.90190139585574 0.35526287431764 -0.0873195122448601 -0.728937671336295 -1.4960770190015 -1.95592640262837 0.729653204757963 -1.88703275785319
"459" 1.61154707055264 0.22502503140117 -0.207691046287859 1.49479585813072 -1.68940114081524 -1.14553614563306 -1.03562610699183 -1.5474667616139 -2.02625878159723 -0.749704016497451 2.46390013991386 -0.312366089910698 -0.112008986157029 0.285112494656477 -0.0432133092127681 0.48046126275454 1.01652176771534 0.234034813403468 1.85832682336387 -0.567886890537964 2.74637133523984 -0.621395674109561 -1.87393553106594 -0.705673649742634 -1.18244675823174 2.95585499777069 0.482124529336091 0.327644246467187 -0.978422072811485 0.959645923483646 0.345412701145979 0.0376569744696278 -0.377042355686357 1.38315020763988 -1.96427591161988 -0.644043545449515 0.204357418075637 -1.02086399156989 -1.78922090851471 -0.664121938005828 -0.0666785715696994 -2.2074431135267 1.28047087115401 0.248243779245587 -0.0162368946314409 -0.592939199620718 0.545230603024777 1.89478240467286 -1.9994747500089 3.05767570744327
"460" -3.43790610719674 1.07669666574238 -0.0782668437238609 -1.92707788658685 2.51066469613736 1.17614770454578 -1.03567146708712 -1.16616683262644 0.0357036011025615 -2.8273831661775 -0.0983842654455672 -1.664462031226 -1.12662879813405 -0.985038342452108 1.31559254945184 -1.62004653658753 -1.09264714330373 2.36653872483662 0.98335639378617 1.49186871576421 -0.339384658663938 -1.96986858450137 1.19108112705611 1.3812177168565 -2.36116538555187 -0.0612680645763051 0.347435796693449 -0.514721803559767 0.986405362480826 -0.0455679691924028 -1.49173098890015 -1.19135568433299 -1.38779579942107 -1.16916629894461 1.81244224485086 2.34185345363364 1.04449715040891 1.07553368175255 0.793343238437613 -0.860099835248373 0.474523367009238 0.457450711296557 0.0109287873216188 2.03503394900222 -0.0051148176396141 0.478959531772322 -1.00908845564451 1.52962014251885 1.33465670346015 0.196206977871541
"461" 0.0643313739369126 -1.60436068706229 0.814891965784218 0.244839401649668 -0.0429415379686095 1.48604252104488 0.72856547654291 1.27214022971399 -0.462844025881112 0.0268622126535779 0.169166272913217 -0.0502557848969118 -0.698315066773619 -0.256227245883248 2.10077251948827 -2.00022789333292 -0.882659569209292 -0.101764885476567 -2.59256334450826 2.05364567463723 -1.00094916972536 1.5528824101625 -1.04589346827561 0.335921447495884 -0.894937777458543 0.801348872076026 -0.490217368869473 1.51049450033612 -1.87201368757822 -0.520980710742507 1.42350508224758 -2.70490575410811 0.167828006003136 -1.08634785638367 1.56970678473315 -0.117498461543201 -1.74460155682774 -0.880593567334082 -0.712112234401889 -0.419705336441874 2.49197911447319 2.23680857311315 -1.35715273859133 0.056962728726265 -0.56918245599643 0.734834463329321 2.94525735782037 2.1506327779481 0.719055051618703 0.115324414087899
"462" -1.13211144788725 2.17625662989922 3.84575209344321 -2.27637041657601 -1.32859877830103 -1.99819137524803 1.20867892477414 0.878183065655443 1.03979630704802 0.281132801865866 -0.228691663845475 2.55350619323282 3.30561171550051 -0.429472526479178 2.30627621878495 0.884670541585314 -1.69101409303369 3.09054599572657 1.66316257672627 -0.982767566829191 1.49687347028294 1.26375710743831 -0.581680038177033 -0.0841521378950986 -0.118187124856388 -2.06585392977422 -2.67063292860134 0.958880575241733 1.08802872947061 -0.685145780027079 -1.98003735926154 0.598008280612506 -0.695979267651442 1.8902566992158 -4.18649969902707 -2.62483444625675 0.72660935221706 2.42248693280645 1.53476551469657 0.144401730931763 0.224653436875489 -0.0819429631676924 -0.149381086186473 -1.1547806803762 0.789750323001501 -0.622248383688388 -2.95553392850118 -1.1209134966214 0.283862609076869 1.9832537572592
"463" -0.428594916666164 0.635226961455235 0.979627225357399 0.916150526456051 -1.73929281580908 -1.68586979954451 1.82541631777152 1.28516993988772 2.97801719753176 -1.39940762014801 -0.242274288346484 -2.00522723965938 -1.85990632180163 -0.723330383817344 -0.507193657423225 0.688019816803948 1.15715807738306 -0.682831588573393 1.3814227206141 -0.49290410576669 0.894962122552538 0.438688692600418 -0.0192923577831486 -1.34141678086216 0.902552215917126 -0.1901065776111 1.22168996985247 0.158488647440633 -1.5447636987178 -1.08339450909152 0.219848660313791 -1.87417377719327 -0.464740567774378 -0.996596449634538 -0.946565500695834 -1.44476635948926 0.415727528905461 0.785851754070915 0.478088326968466 1.01834440573475 0.930583253971241 0.367540311457071 0.263411051632008 -1.7282725768823 1.31444209931149 -1.03849314473986 0.28940364136016 1.02443858055805 -0.91614316045602 -1.12591986531512
"464" 0.151119552183536 0.593018033771458 1.33840674034585 -1.5766965274165 0.698880456789302 0.380069666524452 -0.939296191686385 0.0368923964210313 1.44210891762622 -0.570033063784418 1.09421848163176 1.34077581250222 1.78100674712261 0.0589634589914463 2.83929565302862 -0.00190673964558898 1.13118315164882 -3.74673583619912 0.29982209410086 0.736709149523726 -1.55851845332328 -0.634832557125909 1.12847744672826 -0.902933034548675 -0.968206695219127 0.389876797301582 -1.66571297887286 0.929900491997692 -0.0397964095414877 0.321467718037605 -1.38228500208497 1.9978166636389 0.499201877217373 -0.505809493502703 -1.16913148715121 -0.112286009905535 -0.639029264223541 -0.908753777412773 -0.420246687279434 -0.115945249170433 -1.22371898551225 -0.695729485743703 -0.22733051465572 -1.83920719817683 0.794487268891093 -0.465502941116849 -0.922311748554496 -3.01953575961179 -3.58087297911858 1.79476269672877
"465" 0.382901298907773 1.56409354398498 1.36052505197537 -3.04663707147378 3.97832443212037 2.5117599971959 0.458347046903852 1.07730350955398 -0.923919148386741 0.639671629028232 -1.9474465035965 -1.85221412370426 -0.137850207339563 1.13342435192119 0.304463347400709 2.15271777155369 -2.39922295008027 -0.0642044606654761 0.596549044984287 1.12350562950759 -0.519771261024807 2.03591128298658 -1.51482570787393 1.12486057331983 -2.08702371157671 -1.06391160802195 1.29170842778705 -1.10877738172735 0.193742391169646 0.689738336862607 0.585535889447852 -0.886099097454256 -1.52557373969881 0.75883699565199 2.64673743106025 3.00365681261103 1.26887057956187 -1.41180966099438 -0.484324110627298 0.440068920513191 0.525555526714823 1.32074259059883 -2.10343097423242 0.28064522769719 0.41351331042421 1.58255687390686 0.813035169172536 2.04265598851103 2.29729015263461 0.149388466316905
"466" 0.150593245084874 1.16270548751898 0.421224200755768 0.387520875270643 -1.87936329982126 0.818647441850127 -3.94563412244788 -1.02617181381892 0.66673005562198 -0.146951459943981 -1.67390411191096 -3.08705753294207 -1.77446223613437 0.261076090105494 0.649386335889956 -0.0515710188003202 0.226520126277456 0.235611571950496 1.73069731808632 0.206028008012495 -1.57218828070516 2.86368568700063 -1.00373991342101 -1.04582445595124 1.27586758334972 -0.651719035601182 -1.53874884230704 1.9514233583316 0.374066968935043 0.406522184479879 0.379658332394682 -1.5262144243965 -0.266133469497341 -1.41475324944123 -0.952255126783583 -1.51864312754277 -0.0474713702440553 -0.671327948997975 0.503497644469215 0.996170672733842 -0.174252820884775 -1.33133327072226 1.05240491456938 -0.239597266896201 1.41274382761021 1.57313051855621 1.0836739104457 1.42841070339795 1.80815951465053 -0.24919125737946
"467" -1.2625364430748 -1.24709948014542 1.11368668518596 -1.61196169324225 -0.37188541040603 -0.0306977862894582 -2.24305607823867 -1.34111789411924 0.414491805619804 -0.0330842768859604 0.129224672666281 1.23286592261854 0.833810599614547 0.375437963706116 -1.79214997310714 1.61910835194282 -0.299465272054711 -0.975479109790775 -0.774649153193498 -1.35774664153373 0.622217906359263 0.463624787892358 0.258800370672634 -0.657343818951972 -0.732958971484242 -0.69332435878031 0.942484749467525 -2.07930140678011 -0.289554180078515 0.451086693771462 2.10246187542112 -0.97095016807511 0.579483566506093 0.660613721507746 -0.928265473584946 1.01300676603017 2.37373667534879 2.06306288106435 1.33598151132987 1.78104753114133 0.301800449020995 1.64223683482419 -1.15931999694555 -0.578618424487937 0.590119017162865 0.802036318125172 0.684112799265084 2.11106950967421 2.47612448345452 1.1242140134331
"468" 0.342265289545433 0.0839825760315487 0.84303545475852 -0.0718563455185682 0.92886808892779 1.61141359775822 -0.404261276834132 -0.915079498278614 -3.35498422138947 3.09871253594165 0.580852607736836 1.36886771439278 1.80262434906041 0.475989218055777 1.14493917630797 -2.36478757186793 1.96261039554914 -1.26892272164751 1.2653046918833 -1.18257658674222 -1.1477786787943 2.52318867763987 -1.07316982625819 0.653643586355873 -1.7957848644683 -0.71968885297293 -0.287787360427283 0.342231857996829 -0.469220506124509 -0.76763345155806 -1.63427689290782 -0.85525677627586 -2.00991085635098 -0.712254957428864 1.08999176632016 0.318519570780573 -1.54273218217878 -1.21257088791758 1.83415912401273 1.86430758050154 -0.22987896545098 -0.27563351060333 -0.619392493283978 -1.88386515624042 -0.106688678544747 -3.68141423128917 -3.79605830928088 -2.17342725977504 -0.854022717261071 0.238556145597357
"469" -0.228283598134026 1.09415625606493 1.06612503266535 1.52741076183716 0.33530247141081 0.403807397954087 0.789893003460877 -0.219887332868145 0.98871688406483 -2.51515204827636 0.556574064178282 -1.30368789240836 -0.421528208047801 0.292474230967183 1.24995074250688 -1.10292658035304 1.43251215796728 1.31725284069147 1.06137903916533 -0.123038333126797 -1.46964347452193 0.623573011510487 -1.81378362000088 1.35228592194267 -0.528749981725568 -1.60995600932004 -2.52314218066537 0.268372426531861 0.927094425241724 0.336762483110386 2.63861100112069 -1.10626439756005 -0.58369211381603 2.4732858302344 -0.268470809578413 2.26522683099287 1.08323890136266 -0.044830500276911 -0.538377947824163 0.415990476540224 1.168415717348 1.36276877064949 0.854473775815878 1.19775212921596 1.65408118405427 1.59335313611973 0.818528606239133 -1.61544507273514 -2.00371957590859 -0.242387051126579
"470" 0.657958646090564 -1.06875487946512 -2.00400018051219 -0.272901154644843 1.7794018915895 0.060635347970594 0.356934516353863 0.515842866346942 -1.03517546390754 1.46560376401985 1.79300083092222 0.475517337055216 -0.716617778645008 -1.0305602932169 0.72283890772133 -0.150758772289441 2.01440479571445 -2.59856538534391 -0.0830015507494004 -2.03377302771034 2.2728729955626 0.0892418396074825 -0.170442810603377 -0.672735016172282 -0.32938114907961 1.39882007437757 0.825816080173203 0.662567707654869 -1.95633964181171 0.0573296658198169 1.84750333454631 0.866718203998943 -0.455618038314075 1.6579872089871 -0.333527059987496 0.713333398981436 0.565640718534315 0.340154970721505 0.0849333269644624 1.13490295435847 -1.20123867752801 -0.181635528293816 -0.360312420156039 -0.000112636871722193 -1.00420777435009 -0.254770195655429 -0.164302822532841 2.66747934692592 2.72285610108604 1.58486553784333
"471" 0.394891130620344 -1.4297337414233 -1.167577284179 0.633994755829025 0.0571223037040793 0.344963251554929 1.04641643279661 0.407080586721315 -0.706230629629756 -1.55039370792467 -1.48768875973246 -3.66983899346711 -1.24221876920224 -1.03996886044254 1.65414523039886 0.0301434307857255 -1.39800853730312 0.658082420488991 -1.2354057137666 1.72218450318165 -2.68319842016903 3.55780120174042 -0.921704994339308 -1.43569045179495 1.45116764453684 0.0804674927806073 0.635101216211934 0.107769691624317 -1.04878097265814 0.696894418803843 -0.00817660396490495 1.75530148987115 0.219273979328499 -0.0218716566341286 0.425655431743923 0.930243946088269 -0.362769013910702 -1.2259607944885 -1.17965296732292 -2.81151318154749 0.380957341098379 -0.0804458417616445 -2.97046364225952 -2.49387533142975 0.18619184309123 0.4829696509511 0.0655563630867953 -2.26997609315037 -0.62232228321993 -1.41212634172607
"472" -0.38389650953826 0.167339879332783 0.747479299073347 0.833810593201169 -0.574420429931288 1.97176947179143 -2.35573230501293 0.242252850096801 0.0830369237102588 3.02999959740165 -1.67928762237579 -1.22151971680006 -1.79004403289504 -0.293326648574982 -2.2674792000195 3.21879664276524 0.228228045551361 -2.63230660522839 -1.99626313744461 0.484425436759017 0.404028647300875 -0.322016873339068 -0.26396573346649 -0.156133604155747 0.617059439349496 -1.38219700830629 -2.53919593185338 2.60458858041195 -1.20411092802517 -0.227773825507122 0.921621597096479 0.12528911095457 -1.25091727244986 1.02382166382815 -0.337130507087058 -0.603922393891607 -0.201306082561473 -0.131901896834848 -1.29304577980357 -3.15760053062186 0.500741647768802 -3.69937380078879 2.09534286338692 -2.35479437990431 -0.772871628312953 -2.32796300034056 -0.815718246723633 -1.70160610046242 -0.808122926386824 -0.416878244672916
"473" 0.68324549762442 -0.648635087967274 1.92057898857016 -1.35077091017833 0.749057357878571 -1.39265240459249 3.80007225273022 2.09514479773362 0.506942389393368 -0.031493722627997 0.966801935706746 0.515508476544601 0.0611419903549676 -1.20363533967206 0.0919133458281215 1.02836379034905 -2.48729091283143 1.09017267975055 -1.29717612129697 0.492453582317468 0.42954004164651 0.0971371387291801 -1.37316024561293 0.0127248192444776 0.992825581121732 0.260037259463531 0.0164251507605469 1.54424421200439 -0.392532125530981 -0.0407184606906528 -2.44371067339533 1.94665218871157 0.725882147096424 0.56112508590195 1.07286818252807 0.186630078266594 -2.58140288228709 -0.42857220976116 -0.0241471344837319 -1.17839909794972 2.75884236113152 0.688182224605874 1.33544301921089 0.463900948226428 -0.203256272748323 -1.27598380303546 -1.82313884898923 -1.04521697136411 -0.72055362980934 0.286195450093577
"474" -1.19556466519777 2.15977250923254 0.636593139782511 0.77007354752326 0.48461404190947 -0.0191323604202152 0.646386688255077 2.4106081873028 1.39926660168008 0.0682467842878895 -1.00689318408987 0.530403840686796 1.38206884380115 -1.31129510378271 -0.394183533791511 0.281818468497419 0.352444892721918 0.453496685773491 1.37612914777315 -1.57912062789749 1.62283647689818 -1.78360824299249 0.271849048333747 0.635320246024374 -1.38572015241512 0.405118353836073 1.06471189468163 0.413141587352119 0.114976970324108 0.820001103243757 0.851427598089868 -0.671377675637131 0.335817032883943 -0.729610338911805 -0.352790052591241 -1.3028164771382 -1.19163757224985 -1.02300886787268 -1.12592494674328 -0.0418062831739701 -0.441558327572181 -1.07804732815418 0.601182091552002 -0.478700721799526 2.28382362735415 -0.115973170399568 -0.992103717466113 -0.776887403459059 -1.93535887259849 -1.60856913806048
"475" 1.2710784578993 -1.65780898424302 -1.53068465084367 -0.835279984729373 0.436724778512126 -0.87916645203214 -1.22721948139034 -2.03214418582367 0.0196233457037185 -2.097828792082 -0.140692597797085 -1.07215889998629 1.97111087843407 1.04388072459995 0.181301115327157 -0.724377056811647 1.69459059132205 1.2378879842254 1.4771327319309 -1.14856504792758 1.28941029626771 0.164065435010865 -0.868632197956961 2.97741246880842 -2.91160888676633 1.58878437076579 0.11969999525262 -0.860729465291015 2.78228665493593 0.243465411322033 -1.25666135225254 0.120095931733382 -0.384708111764517 -2.56604833536995 1.35894705983389 -0.611167699060722 2.78411229162545 2.64079738162912 1.22123898315772 0.674534299344996 -1.78438172296686 -0.806705757105367 -1.24081824955311 -3.03211757994777 1.19364002981548 -0.0972644793669993 0.89903375971305 2.3251968061184 2.65747889497936 0.358881593464274
"476" 2.25635855272104 -1.07554037413161 0.546250275195667 -0.25500390147711 -0.399513045164111 -1.43169298328541 1.52856482677774 0.427348614263561 1.37340056150987 -2.3445166258375 2.15127850567785 2.01329917069598 3.1921847598186 1.21056486116053 2.48927310254403 -0.919872852935498 1.79012506529925 -1.34821851334071 0.283061044231103 -1.23797359679777 0.08424234863231 -1.06511356819451 1.09365368012876 0.987337457561594 -0.337564962960808 -0.112159392471383 -0.498982114376385 1.33704952743825 -1.44413859098269 1.09511088298591 2.42205481334173 -0.923191419823273 -0.196938970693641 1.2323753696704 -0.160151214853984 1.05656133518579 0.169295007292358 -1.09228621559748 -1.76382553905243 -1.8115370791987 -0.607455717409477 -0.964481809868041 -2.30374334959799 -0.598600435163519 -1.43922643410004 -0.137921728030567 1.17783425266511 -1.24187950436412 -1.91863888799245 1.24070577457765
"477" -1.48900118194006 2.85033801734532 -0.529677989393895 2.65724177900484 -0.195482367825968 1.99721930842799 -0.119607837090987 0.155744870068775 1.94160285525529 -1.4236056160246 -2.33401660947384 -0.787577399135395 1.9331677364619 2.13701182218194 -0.429644546944933 0.344248442870323 0.766661720000209 -2.97380577568721 -3.96133849353532 0.566479161118294 1.16834024189929 -2.06933798931664 2.49105078731617 -2.23018867884268 2.10947287313033 -1.22793362877232 -1.52374786720953 -0.331447355530465 2.62842515682768 -0.411079558246418 -1.57161819025257 -0.329814450441008 1.20010364400548 -1.08719418803429 -1.90370954816127 -2.22276542701625 1.11485026183501 -2.23420691228722 -5.04173797354852 -2.3149435942147 0.948888151210377 0.627711842116279 0.835853149240296 -0.0701719645578896 -1.16941466606767 -1.10239708416944 0.302319945373886 1.89928206550036 2.12716054364805 -1.57806305844857
"478" -1.8690778594278 0.146192993808386 0.279126529069252 0.0284991015671978 0.475609123173357 0.0413781127660853 0.190958640822251 0.0284908045617957 2.06841016349203 -2.34531482047241 1.67479991855386 0.524698774362384 1.12157545920338 -0.497051570673238 -0.524450752574444 -0.365807007388881 0.00632518027457791 0.311135065932223 -1.60879960860753 0.670687034967939 -0.156621209956942 2.14806411866321 -1.85033835460613 1.7435742727639 -1.17515480318049 0.903959499532662 0.791509008620142 2.08954889195506 -1.23473995827692 -2.34434226001387 -4.28222936109758 3.04076513050586 0.749810797193144 0.721427305737393 1.05492592684029 1.86221227846025 0.654913048730615 0.0259579787185906 0.0827784732629291 -0.431445331318486 1.37131505648604 -0.470916505163115 0.642201025669926 -0.509597026268907 0.0393686154675217 0.84299430198689 3.75335222435991 2.41406358933126 0.229648563261209 1.99557841364311
"479" -2.11641296282494 -0.140231080983462 0.900063348485898 -0.614271937622262 -0.954390544628277 0.951339545794402 0.753642286253027 0.180475465783413 -0.604527110695501 -1.25790485421192 1.45298010660646 -0.649561845088608 0.0920078713995284 1.38820034319029 -1.8941079443035 1.45237497739382 -0.814562932220713 -1.81288750355732 -2.22016567466829 1.24269772744194 0.246696112940473 -2.31704324703857 1.51600019216802 -0.9068736337196 0.0376355428574439 -0.892572624340421 -2.17516106462086 2.35467480241721 -0.811219988401116 0.663466727620553 0.467300123600556 -1.81317034712441 -1.04020451329956 -0.0892290336932013 4.97111076849521 4.74300168288815 -0.884073248588939 -1.69343396668496 1.08325980447734 1.43815213468359 -0.307135720685875 -0.556933562989252 1.22374622228815 1.30161504123699 -0.651986551860812 -1.13265138783872 -0.224696493653542 0.880395154071095 1.51671732309585 -0.484450822045358
"480" 1.35094506933749 -0.264472630208139 1.6792289646571 -0.836572472986089 -0.566573765707397 -0.439520056367918 -0.235401102327426 -0.0716020209925936 0.299500958731022 -0.696483916690706 0.906199657704463 -1.90812288927935 -1.35791709596142 1.02619489808224 -0.56996123715743 0.789575559592453 -0.296793519435473 0.294649044220959 1.65089773929162 -1.31323488294576 1.49399084708981 -0.43300173059153 -1.02899349057994 1.68348274046021 -2.2472904865272 1.13880122317254 -0.0448954075769296 1.17451286991372 -0.47539137271353 0.921468241601017 0.894537502377382 -0.808796515485664 -1.16809197942153 2.9999960784427 -2.41714750136219 0.888217748980441 -0.535347733126087 -1.61588983057443 0.308263338903519 1.02107473271437 -1.34466019254975 -0.591555895343612 2.30831846486595 1.76006574317694 0.738721502909906 1.63729963776984 0.989887778662224 1.33441174556569 2.06127493782782 -2.17142095667496
"481" 1.86208350307162 -2.45757212712957 -1.21390393058557 0.983369025202648 -1.84175144949276 -0.655832999441011 0.635556708442233 0.774639092353772 0.438295017592441 -0.0726080960803179 -0.0475336654008876 0.691150608983835 -1.32670639547575 -1.38598969274035 1.11670342451018 -0.880349361763544 0.13931014119107 0.21315832449515 -1.57947671979539 1.88058917200034 -0.362471453469745 -0.480993851105636 -0.338199346888173 -0.0931122267929333 1.11516104933598 -0.75172407449855 -0.577550526127815 -0.11461561811419 -0.476869272304627 -0.938646104305956 1.50182948558161 -0.744057258521718 -0.588141460355011 -1.15712789364874 2.01160464359695 0.664896015601607 -1.3414515637158 -1.1263906077233 -0.237732554025718 0.50348426472025 -0.469672093860207 -0.498733963557896 1.24889791270163 -1.58194824273511 1.51085576268161 0.68611512660788 0.643928673135529 -1.69451718863567 0.669981090838778 0.33486206666723
"482" -0.34563023287927 0.690528677123712 -1.77872022751033 1.23185087674494 -0.696421997967874 -1.95083017610425 2.60335773402013 1.38110134566574 1.72394883630811 0.434994373007951 -3.40482142695801 -2.80106323050603 -0.263713755056467 -1.07796190152328 1.74098687177406 1.0027424090591 -2.186768389891 0.108099854035208 -1.78742749979228 0.049402285792315 1.02212390943292 0.498721596433455 -0.224064057281317 1.24141881754972 1.65352460858967 -1.89079273151033 0.135746141799852 -0.446354687084941 1.40898457556412 1.09499990280255 2.09108274595421 -2.74298718030315 -1.52363544079341 1.09815932009603 -0.727639200695458 -1.78227887519173 -3.16225937036262 0.657739093982028 1.15227138033719 -0.513062948455336 1.30421446645605 2.35148389691597 0.358633186090474 2.0931511256743 -1.77107067429381 -0.646618765092789 -0.387923769649729 -0.49064588550004 2.14303194823116 -2.41959721649793
"483" -3.395949385663 2.87411506385083 1.9392054188687 -2.3750740933595 2.43992068701806 -0.0295272528808925 -0.934525146531123 0.110967936218514 -0.256855389201539 -0.0758439111888991 1.06560640465295 -0.692104210196314 -1.68188038675613 0.966974891801583 -0.824856993756544 -0.341131420132215 -1.81921889420082 1.5364928689562 2.44552532919039 -1.70478311051763 0.934706804343244 -2.40392172445894 1.29101814974222 0.0904961467618833 -1.31361641599698 -1.35082779657855 -0.626722075531693 0.251124166070764 -2.28881687394988 -1.89593752472407 -2.49730423798871 3.93810783608756 0.710501515966569 0.906037687149694 1.29563961880122 1.02800363322688 -1.11258497844406 0.714528443756667 2.05782804171703 2.23652850233138 -0.514701094960988 1.26434690052308 -0.454971385990269 -1.69220395383604 0.611877599480958 0.445413430633741 1.22867083162902 0.522451035563458 0.713707435696175 -0.525636697372534
"484" 1.04994104945901 -0.979691992389887 0.283207544572447 1.49473302693046 -1.77496062440413 1.02589357214797 -0.0892624460606859 0.670410275923 -2.01896406265501 2.82781290510533 -0.759802752020731 1.46695157787011 1.70578479932927 0.838063890431633 0.770211247435425 -0.434434886818593 -0.763216700863533 0.132080163312466 -0.478255838631766 1.04867991124415 -0.331952829092111 -2.1154130586959 -0.739861616320017 0.997183533397225 0.930801834370755 0.355261721564339 -0.0481867585390858 0.145193411560339 -0.250648556298895 -0.507600939679122 1.58187673614949 -0.4223541942362 0.111393011465313 1.72075027062199 0.777481099390253 0.0904397204781303 -1.0111739671629 -0.422982509979973 0.829183018066445 1.13588190493444 -1.59345273332907 0.195983664448837 -0.7428449388953 -0.0286715421139072 0.40478670322517 0.0492765688686693 0.587611562860012 0.899083498445557 -0.702289368736185 0.152740161949857
"485" -0.257787243985812 -0.0028686777979469 0.186864030072615 -1.04594597283835 -1.45756690404302 -2.88915472546605 3.03767015553516 2.56176598137048 0.712403603516325 1.74310926276046 -2.30387377161432 0.494899023249469 2.62158000946729 -1.04941683449665 3.49759742748661 -2.36264002665741 1.08811738908127 -0.223313485434501 -0.152857733662872 -0.321351040603282 -1.33707719636695 0.440251270768224 -0.324981085604888 -0.907674648686688 0.975858334058684 0.0239828396179094 0.428934874351926 0.883632973585409 -1.4244276740907 -1.19544242067327 -0.909137397540042 1.47418991951657 2.16140207289362 -0.000899930735346277 -0.0492087334778238 0.365705012332925 0.167091839357215 1.05052810554523 0.285724685030949 -0.256852712817693 1.05752078341259 2.22228201319767 -1.15801015746915 -0.0921534664837763 -0.420357605035906 -0.0482524769987313 2.10540314865126 1.29847581276495 3.51117144591468 -4.93730518736828
"486" 2.73389141384136 -1.19773077352904 0.465809452900392 -2.70283567979506 4.32483922295316 1.30039512335693 -0.0496722363433042 -0.895591509692594 0.915724523578055 1.59867594681578 -0.831221509278893 -0.167189520419482 -0.534944055892486 0.656113866699459 1.46948100082309 0.366093699805738 -1.42319297047152 -2.37639442274438 -0.637458136883224 0.717520963397609 -1.94401340016993 0.272759492478747 0.0930818677469386 1.18029093050384 -0.579629009268504 -1.76410523118711 -0.829906102012399 0.196134364071377 0.153836084220396 -0.414722490805813 -1.93306321404262 1.70030020687542 -2.00328036242756 3.78513031099725 -1.08864282964768 -3.31468678315941 -2.92434192009854 -0.0920951156765498 -1.11180949708641 -1.80430140655573 0.887503550718348 -1.44973917742193 0.0518623464471611 -1.43136919677894 2.53457868991358 2.58748967525373 2.18961243904731 2.13291940575762 0.827365100799433 -0.285081571451813
"487" 2.22233447139702 -1.1965864464709 -1.86939860611673 1.56496795412098 -1.63807769936416 -1.85660495996837 1.1113554584624 -0.323086765953078 -0.329017999495233 0.764908872961316 0.0739316997382749 0.312771037511372 -1.56634269619091 -1.34930913457393 -0.826932811185653 1.33346806116052 -0.0385129025163858 -1.60444949838873 1.12318671963255 -3.25025305859503 0.0925486773940559 2.62349957344992 0.830015916083343 -2.13676066444091 2.05908568984799 -2.10715794578934 1.15747095593926 -1.99953525749079 2.30668664560691 2.4854182923368 -0.32393851757885 2.42157656015859 0.126638349057399 1.03417602814395 -0.050100854035627 1.87471108400024 1.48667056491597 0.339910354615706 0.422295531029691 2.34857109451352 -3.84263972780691 -2.31502860040232 1.8022495588338 -0.470555480035543 1.41220086312509 0.0675950806886044 -2.16196231938318 -1.28846348743198 -0.700311204359228 0.903917362964923
"488" 0.408159011162648 -0.445989215434477 0.664572648891675 0.550727749188904 -3.0380429344858 -1.22363239588337 0.924628350579023 2.87789347823925 1.35942686917919 0.756585287149965 0.0657657607348891 2.31401771813482 2.71307562353453 1.1158119710062 -0.678948206376838 0.424800586070186 1.20415055775414 -0.0132740684101907 2.34450244122498 -1.01858089354781 -0.539310502420438 -2.56088471947266 4.60999763538195 -1.66376351076556 -0.817339582221642 -0.0902702071630014 2.03830837387537 -2.08251967847783 -1.6047389821127 0.577206544908046 1.74777595563177 -1.37851019660019 -0.0576829394496287 -1.59364154999271 1.17482969928926 1.83407146063572 0.872374514286956 0.544398655379602 0.871365653806381 2.19128337913808 -2.13355471117033 1.17595201459596 -1.15634361564251 0.417778995336696 0.92907262898721 1.15395022382952 -0.449245791421388 -0.763136610079715 0.792888150956187 0.385773770589116
"489" 1.20334531916209 -0.00889474676745734 0.853573049579513 -0.5763912560483 -0.520575951176747 0.544981570312889 0.985894948594455 0.514877672561907 0.067156485849177 0.0893087548286457 -0.330633697619265 -1.21048210810372 -0.501405322251832 1.72188596955473 -0.754313018224369 1.13962376898854 1.99231897119342 -4.13754819820636 0.280219153473619 0.0202060020855245 -0.42088248212393 -0.838906440730963 2.08285892236051 1.42665361303219 -3.24865987183344 0.706348174345277 0.314103458262872 -0.84023242864891 0.212138503514838 1.52447671565269 3.018840304015 -1.9045842658971 1.8749000363365 -1.22236709260735 0.932434530703943 1.16004400302486 0.428134053229218 -0.409681161060142 -2.43354776592209 -1.60815433531488 0.435612208804465 0.906839648468405 -1.84633087358921 -1.1472070291887 0.255615903503726 -0.31843789226545 -1.32545482248177 1.94628026722709 0.711072276268382 0.644075719893583
"490" 0.317834087992191 0.0638227290480596 0.868142620455692 -1.08037789973561 2.70372458053608 2.26798922607876 -1.36570713664106 -0.0117944898038224 -0.913990848768938 0.417662196118246 1.39003253808864 -0.86683847762527 -0.259479459613481 -1.70366778313233 1.75674960718225 -1.15068678102266 2.22940169699909 -0.549162378950011 0.855311336394639 -0.507528992438024 -1.95590115457865 1.52444752572078 1.34194744790556 -1.90013841802566 0.807572043164619 -2.20236042024486 -2.59196821437894 0.429512033639886 0.0257409367263493 3.63420467337875 2.2378343408193 0.317100712008334 -0.404555014574934 0.65126613073093 -0.250676098331622 -2.69704768451394 -0.694419201149037 2.59913274868482 1.86691998831196 0.174877302623477 0.178637932468958 0.988435705165398 -0.664998493942907 0.0746336329971437 -3.95558226525175 -5.85508438087425 -3.09709360901431 -1.43707695766623 -1.7036383287338 0.689966215910276
"491" -0.735029054196614 0.551094967873229 -0.840875466243436 -0.172039002323392 0.463141517998256 -0.658573905532243 -0.903367117227366 -1.50846495445826 2.05847930062634 -1.8607145178405 1.70414257817458 0.857596038126699 0.385588994562771 1.11957795279619 0.363960157308396 -0.485680009577838 -0.717970696374006 -1.05017315764562 -2.02598406930188 1.10255600165388 0.0331571208649299 -1.42114759622955 1.73332694045058 -0.359330627056956 0.416072509748812 -1.26676206186176 -0.165844052422826 0.05284660271462 -1.32663902167015 0.255711193892991 1.17328328291274 0.415159408242172 1.56226710395312 -1.41894580520541 0.45144059704852 -0.922252986501352 -1.45704177313154 0.816627946480023 1.56775036889666 0.197583179805571 -0.397184903335508 1.33090186431818 0.59727031145137 0.83017333911894 0.415709146990943 0.287833925093134 1.22553734174298 1.52575658210895 0.762085895785286 -1.98117287403664
"492" 1.56249495142694 -0.753230467010305 -0.721524874901114 1.36419181641947 -1.35331405391441 -0.110771039642336 -0.663115028669351 -0.765048843177637 -1.23338490996057 -0.903475986376075 -2.02608318916119 -3.7577678642673 -2.02441311850414 -2.12066149446295 -0.00814095089231148 1.59325888292113 -1.75939605694687 -0.442091961311337 -2.63044287455304 1.16059548549713 -1.20441699004346 0.303705508452836 -2.19968055274545 3.46249503394775 1.03203266544093 -1.18699777370982 0.691412557474947 0.243239412248626 -0.296633947740037 -0.981233673037403 -2.11988562836686 0.485970351871493 -0.305206745654458 0.664429076875886 -0.0385065843209323 0.0870399191656891 -0.134855101695541 -1.2042928375352 -2.28657362715773 -0.0276004419643078 -0.428486007424388 2.76198062312501 -3.16163931072623 -0.718479571031618 -0.324791613571185 -0.43664928479648 -0.62568737966846 -2.1156012455549 -1.83579274316855 -0.683561834104176
"493" 0.0612164675258778 -1.06281682774885 -2.20955354989708 2.59659703678184 -0.580376424119678 -0.781074851315698 1.49888233450267 -0.159295269150852 0.18089605579081 0.438195989003855 -1.04993588068061 -0.210010675862935 0.323546446646508 0.774178232520443 -0.584355188299462 -0.0281211324465738 -1.78344186747277 1.53965345726663 -0.416914890488211 2.26549310625188 -1.09142654261963 -1.86195736862421 1.35505692555025 0.903133598157114 -1.25674927517064 -1.14943584611291 -2.02231935126255 0.126219785194299 2.21867158181947 2.66996591686422 -0.48988778092269 2.30734468027497 0.0929104871060673 -0.0171002813795837 1.52444576640188 0.491724458339534 0.467501777584324 2.05652814463714 1.9645218906259 -0.255815029772717 -0.805675228886042 -0.179385558584519 0.870059380096894 -0.530351615917178 2.27487414192442 1.87422377095241 2.3659406036003 1.18075387840996 2.25022849500092 -1.80283372284337
"494" 1.59131957510377 -0.687304080677069 -0.977749695761347 2.47950256246605 -1.45383823698978 -2.12467370669503 2.42411501571938 1.72709690903448 0.492356940075254 0.990075130686936 -0.832163441209186 0.290424211576498 2.44589046097652 2.95592486903597 -1.65562350757182 0.582911173292516 0.443963229950844 -1.30351597184857 0.830806888415017 -0.659256184936293 -0.177448830982634 -0.636936985423011 0.687726235130386 -1.92436454543751 1.14731124769809 0.728222310115211 0.0311100266775501 0.013225343684702 -1.44570608871738 -1.07822423705513 -0.571770531778892 0.727914072112233 0.944150564536845 0.872723389835837 -0.0112994872715114 1.17628998653598 -1.37221447314953 0.121359617229201 0.94672528229661 0.28603797055314 0.365366078631512 -0.179234730655837 -1.60383821845802 -1.46952461592145 -0.0230406024416226 -1.50287880183123 -1.56246608668715 -0.401285745328089 -0.742403827432232 2.19160977913507
"495" -1.84429611714811 1.09372493276517 -0.921691772351473 -2.00340756946087 0.630267065846083 -1.93442843268837 -0.119832278561002 0.715357041697907 2.67171760693823 -0.896778257426746 -0.459302422085523 -1.54363174258887 0.228984638935172 1.03175608634374 -0.8923694760791 -0.232445358353852 1.22834237262288 -0.421372204084363 0.893791266529594 -0.863438957688432 -0.153849638291459 -0.837576585971931 2.51069440794649 -3.13734129660204 2.20018485003222 -0.490565617718507 0.621371684303479 0.545120431287283 -1.26263285261869 -0.900362515494532 -0.763631648983186 1.21564207751509 2.88694069648355 0.314522411192076 -2.95414349431617 -0.770333341353669 -0.497148693364877 0.27774057755452 0.584870732589281 -1.10984557417302 3.1214124626878 1.54768177399359 -1.92323943483167 0.108344805091643 -2.55297843532973 -1.17913688380832 0.268003786644925 -0.839009726125405 -1.40124277360989 1.02407993319963
"496" -1.57524129234103 1.15432034438155 0.0668736438713865 0.355968589018986 -1.59143690358249 -3.488251806488 0.703022518360704 0.185311513976203 1.0199404602531 -0.975331828358271 -0.457616577189002 -1.9025613121416 -0.207082950064384 0.0802016451971852 1.14506103290614 -0.686266371854704 -0.488472471246248 0.0416668689885209 -0.51686155429246 1.75141489187585 -1.2338723904655 -2.55056266843415 0.124205670327573 1.0523042800914 1.84098366294861 -0.763844141709668 -0.89911010913579 1.56187499703898 1.72974868378395 2.32033178293847 2.89325165080723 -1.45101605245504 1.26044776193294 1.01992386841491 -2.91239990156882 -0.715821781218104 1.76489108007551 1.55735867744059 -0.557757813348352 -1.75064180957329 0.346830529132596 2.44604029446335 -0.988847700070802 2.74653918625373 -0.308516255098423 0.30171399461762 0.777318159112396 1.89844369573723 0.951872826974137 2.61777091797067
"497" 4.41347015790225 0.489128710226214 2.39468311767428 1.23030410504413 -1.36526472109382 -0.79854606347759 0.830634770101268 -0.510231859326197 0.547627809659574 0.434067012230673 -0.812361635519675 -2.65765012642944 -1.71851822991446 -0.500217569773959 0.340309535925889 -1.00926922317024 0.180813354155754 0.721505131265116 1.70152979706706 -0.340657441668281 -0.360734711203888 -1.43174648819721 2.30277294384302 -3.00341139081658 3.23314548208416 -1.98715304595994 -1.81756607004858 0.320388387996023 1.05253829346945 -0.216396642794191 -0.152496499162679 -0.11452124319034 -0.914405155437268 -0.181010822252396 2.11825789189969 3.32486373613354 1.36337609195925 -2.01289276561014 -0.458096668526847 2.09957833805016 -2.26802075865132 -0.423459188666372 -2.56251049528134 0.355685109262682 -3.27496347972017 -1.03501809527785 0.132292819420199 1.37420007541869 -0.817811381396757 1.15291135193912
"498" 0.376345386569967 1.43969361822625 3.2288257671558 -1.18031257280391 -0.285239040436897 1.13234261786826 -1.05649903509789 -0.301004502173708 -2.1567045747245 2.73539726343463 -1.89008406983689 -0.884653382862941 -0.841243078381562 -1.19277195789068 0.10687503530779 1.18787337835535 -2.11251483510878 -0.635780880590057 -0.0606023925772068 0.513586128738529 -2.23571611830197 0.319956773456766 0.647347653172123 2.44451950690279 -2.3019189039183 -0.806867730947372 0.763132315679024 -0.951742638199536 -0.447133593540608 -1.93507291748861 -1.56100458306991 0.912707599078965 -0.123387117680417 -1.64660166912895 -0.0323472507632689 -2.08989574217765 -0.132881810985116 0.187093746133116 0.490604916610825 0.163960650980686 1.31654061645008 0.211747118333785 1.22330753901637 -0.116668516162288 0.131144028708103 0.101902052546317 -1.17222891928139 -1.55100816882993 -0.460330966377375 -0.969773897255761
"499" 1.39533699820237 -3.07679767271666 -0.866733849656707 0.603539425823358 -2.25013641703263 0.540027502055748 -1.50473691358639 -0.823329849254163 -0.312317965808153 -3.03193433142676 0.882687506580021 1.40924778332317 0.00680910144747996 -3.36677364875732 3.0753992852318 -2.02658048680002 -0.37542471576461 -0.959532718009202 -0.872052342054 0.272202508088817 -0.649633678860254 -0.293541594430321 -1.25829202363316 1.14870059605959 1.69341259917744 -0.56012550371388 -0.671174210702548 2.45756850112862 -0.337606945032264 1.92126871893843 2.79967215856351 -1.72500849509091 -0.61951546900865 0.86259984934169 -2.09657761174571 -1.86971013482601 -2.05186608477411 -3.10009728382306 0.01675421476609 3.02717495671388 -1.40606229720739 1.17047034322939 2.58693618098679 3.10964132887006 -0.844870883021578 -1.18638056445242 -1.24532906967286 -1.09894331712521 0.122352739119527 1.35676266823724
"500" -1.95761605072382 -0.0658878398438218 -0.767135186149377 0.195333185036003 -0.378432493473018 -0.403365031413919 0.72336249946313 0.0783313912414785 0.160485261698397 1.45819791729837 -1.62951462998484 0.675204890543999 0.0490434409879298 -0.142545132312853 -0.264113076635474 -1.70967355375914 2.65833175182105 -1.86968958626915 -0.00467165886944645 -1.29243235164634 1.97007739426242 -2.42757786177074 0.711919835751318 -0.261356173441541 0.0256341844735692 0.396975408100157 -0.334666062841844 1.70988325112923 -0.260394656678222 -0.160195866785956 -1.20556329351787 0.273991571936077 -0.191266628781863 1.491836988912 -2.65770538398367 -0.723664218274798 0.744634586194124 0.438300453471197 0.820872911844832 1.5581798414521 -1.85623106431172 -1.11030996072193 0.509908941108096 -0.48558429452753 1.16106675536975 0.845228518033474 0.760577023993916 1.1103176630416 0.526208229654317 1.57081668984784
"501" 0.476354413358531 0.880349526818333 0.0240702100237098 3.06285733517002 -2.98761475394885 -1.12124658346545 -0.0253997027440029 0.17635127182812 -0.384242568746725 -0.270983341034316 -0.151003771752798 0.732940177098205 0.592224187043663 0.1932651730734 -0.480284798223911 0.814381373697628 0.584326064303963 -0.102404299660448 -0.346684223703346 0.711714364095809 1.04705738011162 -1.10434532126574 -1.07119353860695 2.31775014438071 -1.60931030696226 -0.130193433525756 -1.8569005285966 0.598416732305071 -0.522426109308817 -1.13707602381045 -0.816105657808022 -1.34231177801309 -1.57872190150562 1.52322750100098 2.22223775785086 3.96324071410099 1.1426698992485 -0.436874092087904 2.23223604206884 0.802584361347681 2.33728401899022 1.64593101699273 0.215010725506101 1.29034209061 -1.45162562730279 -1.7781137974691 -1.70338461433891 -1.40837397267624 2.68654450722275 -1.97706424837835
"502" -0.899974519011276 1.9518362633405 -1.74775846257322 3.41857797575697 0.0324684071778362 -0.375083540034285 1.5745021819828 -0.49226154211933 -0.376966495332782 -0.492302507899502 1.92615271914576 -0.80814592123776 -0.56584656019163 -0.551207305780977 -0.617068026444138 -0.793183658558955 1.64334923132819 -1.58626705159549 -0.0721407964654921 0.206580115041546 -0.590467941485668 0.968965908887509 1.01932959376709 -0.865887488717172 -1.4202042294706 -0.077386254827857 0.176992890291289 -0.203624668219948 -1.00948550738765 -1.88967290757263 -1.6572395108095 1.24488202292212 1.09969512626918 -1.65456139586577 -2.30216619022289 -1.82304946025549 -0.22530462701578 0.559691711756756 3.18024117460387 1.04728582616165 1.54316169625113 0.153873158612712 0.00587430112761602 -0.719029586320188 -0.532908894384442 -1.35066318786257 -0.103182661165757 -0.266474569586729 1.06739413736306 -2.14280824681388
"503" -0.42886966047093 1.92397048165819 1.69083398556368 -1.69527938911279 1.83574333539608 -0.131119987405879 2.23202018637087 -0.0929715692983894 -1.83994573293134 0.804435461485789 -0.255806362960713 -0.802007625838967 0.99184359293572 1.48986020938803 -0.400564162532806 -0.146626923724721 -1.7068995088555 -0.437628335172479 -0.279313368760297 -1.55164359071403 1.35468850386267 -0.32783360910102 0.966226162124853 -0.879975484459854 -0.526161906455087 0.761226794384662 -1.53411387696485 0.296839850428247 1.07160870089432 0.709751389355807 1.43938024516338 -2.33535629890464 0.283395080059633 -0.659363674559778 -0.674990481787058 0.622129434012144 0.565571931435173 -0.615308325731302 -2.37753079112808 -1.20906730859035 0.00982284754932557 -1.1886960532545 -0.226646849508692 -0.65603163246959 -0.404086423189499 0.537322826837213 -2.02793733401547 -1.85423979824781 -0.108047584824967 1.0740040029567
"504" 1.27374298896563 -1.26512277601723 -0.655549851177627 0.524476393422948 -0.0658498807306403 -1.17285683312301 1.24732241300575 -0.126985223647544 -1.55148859630658 2.75731320765055 -1.59421913146523 1.31380803052656 1.38249511169157 -0.122298595762214 -0.411643941689795 1.58762430849681 0.97488441707847 1.09975289385625 3.72811365601181 -1.96873783389787 0.877407020441006 -0.381047846242996 -1.30363215112417 3.40416994655245 -0.963617688727776 -0.223140909045065 0.126751394594844 1.14796906265203 0.694552276332635 1.0785880279114 -0.401378283990597 -0.129980406285982 1.243604013875 -0.639528136477351 -1.1552513033811 -0.217807991841221 0.432165718590061 0.583198397950949 1.2484995934992 1.28961376978426 0.131537736608944 2.33772132898012 -0.98885377930856 0.020085780890579 1.21909949679308 0.680945756829475 0.379030833167624 3.45994826087099 2.34718543047609 -0.556526325658315
"505" 0.0680236931853059 -1.53225796262126 -1.07943787052502 -0.528831732341572 0.659819628396381 0.348950852391071 -1.53618254847543 -1.04350716216092 -2.20367804684395 0.568405554645988 2.38013655336391 2.03231970227949 1.07872678749807 0.309755480000373 -0.283781731411804 3.26588496034857 -3.10905219119799 0.155734636216388 1.46657927305244 -1.57974688957769 1.84740425749421 -2.18059545685339 0.384294032289775 1.10869825410758 0.799375014601527 -0.367055316062991 0.443980654024768 -2.96004005640098 0.000719765736172249 -0.791242320162219 0.163650134017015 0.63139528850583 0.967671336236255 -1.18144183787796 1.14787225701985 0.645066292573862 -0.0939359719861225 0.775962228053542 2.00490022601057 2.26299971247406 0.266436710753736 0.473929755930303 1.023492100624 -0.611353469079825 -0.429547812031205 -2.60210713422758 -1.19707962952562 -0.624390548720029 0.321068669712115 -1.22516899232613
"506" 0.00194490343833534 0.58220444042737 -0.939997558966308 1.40822466489913 -0.855455845557845 1.81149793123973 -2.25298181711344 0.389632607606875 0.438754858286985 -1.1400469769711 -0.925305567596683 1.58742123485948 1.81382125970635 0.37581966386643 -0.707074484479013 -0.162471284956694 0.982012915957098 2.00106962119073 1.13883973282372 0.755051366725277 0.363402256365969 0.550583642671318 0.472368311741997 -2.14975790677612 0.529654621274212 -1.32596728014512 0.157913456607737 -2.48908974170926 0.383702737604996 -2.03388987948258 0.174480918013289 -2.59681562896005 -0.645284759746623 -0.730219856496788 0.511591385148846 1.43606718497539 -0.0521607817460008 -0.448776933646012 -0.497399766354585 -1.1520805054596 0.925998748526006 2.16660581109724 -1.44432505945479 -0.955636280656264 0.180635608239548 0.23913856730017 -0.749337522321731 -0.254707494406079 -0.366104679547202 -0.747716158259707
"507" -0.860714273386072 -0.247595013521021 -0.925301983432071 -0.398604147010568 -0.018538986917696 0.289130935484806 -0.523479787818305 -1.40875983516311 0.0878510871046388 0.223946952480885 -2.6138603814299 -0.010663895896241 1.84019932909619 3.0224275086035 -1.12637494920214 -1.33358211950145 -1.35363699329729 1.67433622590576 -1.74319099903698 1.318060714779 1.57950397008042 -0.662424970790485 -1.59817916895439 1.25411418269296 1.11004413843484 -0.318734924349517 0.108034653252759 -0.640880864363105 1.99294454667721 -0.191529665754883 -1.3557551508709 -0.105910994799306 -0.350135421861662 1.51556854971415 -0.947287231484439 0.325525252373125 -0.124299029584463 -1.01868330947663 1.25598998818767 0.124875680850669 1.03794003450167 1.23137157638754 -1.69821280834244 -0.279570499442704 -0.0995514073164638 -1.00148314969436 -0.670717400845113 0.37988807939175 -0.220025865985548 0.681351279863937
"508" 2.8319525621532 -2.29178455909261 -1.07164439653818 1.54691739211835 -0.867705050599764 0.0306938832786364 -1.43083256325381 -0.641252665571466 -0.214532273196292 -0.0660264137400223 1.15133878618422 1.79013415010397 2.03265932987126 1.37976317432921 -1.90875279221847 1.23747627924207 -0.567117513577463 -0.701095304220072 0.0702162099970739 0.357021112826273 -0.132505658040046 -0.163206283426878 -0.841016164517528 1.23112596866031 -1.03629564758118 -1.04189684898881 -2.34448438760152 -0.244667531539465 0.476740328638821 -1.4834987192269 -1.00997976622677 -0.466699925311386 -1.45264090655032 -0.642508922508584 1.79059251692923 0.818767909387293 -0.735470435413623 -1.57797332241272 -1.41938404543175 -1.62492688407464 1.16918003838369 1.64286305192333 0.02334398097497 -2.10608116925303 -0.000323994119067352 -2.81719570745046 0.460603123202579 0.187330768551559 -1.18496152700185 0.98081440546704
"509" -3.40210005130976 1.80934176246868 -1.71068735585091 4.08190730582493 -1.92280381946303 1.81917512290366 -4.2388746249512 -1.63752531404137 0.781559650126436 -1.32421350643371 1.57311314425577 0.784305890128511 1.60634757835864 -1.5192674804725 3.31252757656324 -0.0798888230552751 -1.87367170849605 1.49771398306242 0.0976029508445759 1.32121224415531 -0.516090637475355 0.395339793698306 -2.35208408855494 2.34921571526807 0.75856463187216 -0.253829304160847 1.25552942801137 -0.921238397594532 -1.86075158863422 -2.30424122368076 -1.46602684809127 0.0133264209479213 1.14354770709924 -0.428304493022973 -1.30191822734877 -0.69720746795071 -1.72387916799818 -3.12763398976889 -0.101251395356062 0.833342443344806 0.416635182155553 -0.582546752555474 1.01434014738304 2.13023848508454 -0.757743927299488 -1.50973097498284 -3.06328633451818 -0.882303333393714 0.103131662147511 0.433749697842571
"510" 1.08870236533391 -1.15266758536171 -0.566194441009686 0.229526185351703 1.09962853364813 -0.187789221047485 1.8118585856263 0.541836652362917 1.14677592994651 -0.498262003926355 -0.208925164730271 0.0824438200079767 1.34823637404898 0.928889621187854 -0.0776221414108339 -0.0581760805465743 -0.209062829521551 -1.1562557719384 -0.641587168918618 -1.84029639544729 -1.2169831269895 1.42600548616216 -1.81235520068183 3.71431364616954 -0.211256845731152 -1.17648979509896 -1.08543181923727 -0.879802784503273 1.18920938158784 0.44560562751106 -0.503066512633915 1.71030759632844 0.182354022956984 0.677201133202409 0.482673108640979 0.316874768238994 -1.87388734802737 -1.58233588046006 -1.47884664946417 -0.470346688352708 -0.993755061737275 0.164154739766651 0.864120569816867 1.09025138910022 -0.569092470602916 -0.446228856269179 -1.38500593747572 -2.02671029371201 -3.20881545922338 3.08974613262404
"511" -1.45335853333384 0.36314627627319 0.883442765967464 -0.840735377088405 0.960398117333405 -0.0926993647584214 -0.194470971969807 -1.91457299895558 -1.06740954884749 -0.465281375616581 1.4316531728286 1.27710614745516 -0.407907014255667 -1.11965831684408 0.427248721559217 -2.126886754953 0.530268565941206 -1.25674196562902 -2.29893404279105 0.636426723309626 0.835260280655386 -0.32207228859753 0.752497810069074 -0.543839509038191 2.34451930739766 -3.01328450031065 -1.58308789600884 0.382130062748487 -0.175447533468883 -0.691727031774872 0.038723716831798 -0.0701259590621628 0.666842685542539 -0.644712396597402 0.655338444424715 -0.519453070316423 -0.58789789618159 -0.106467526126541 -1.48763744733488 -0.759786450625493 -0.142094348992806 0.0424775272333505 -0.688227861855632 -2.02542223533461 2.20280470954066 0.277337028396865 2.47490488210729 2.68083998045586 1.79444783573266 -3.02887904070092
"512" -0.229927035724879 -0.148827334403176 0.762235700185444 1.21643354419059 0.37452536492451 2.17229039913553 1.46916248328638 1.96109351552405 1.57244621077193 -0.98265200193819 -1.05660662815369 -0.788007145011344 0.545712746087888 0.444324334335375 -0.279158920130179 -2.09079951124427 0.190194302442029 1.83666378849282 0.271636632845545 1.79714878683143 -0.818608974813867 -0.784263649556675 -1.36414791908371 0.0567466562701376 -0.163479445715849 1.21909463153302 0.287171713972271 -0.116056979203999 -0.925563506610859 -0.832083062934974 -0.999986649780302 0.588317331015966 -1.23869896362904 2.64900137689585 -1.24163598737574 -0.0427080738705785 0.440720115609033 0.614212924342119 1.3016985648506 0.350163173564653 -0.677732310788296 1.11339819241168 -2.41594584419875 -2.1855666308921 0.742072332936153 -2.41452139728728 -3.29833354378341 -0.45180258002577 0.0392931587481161 0.686081938159785
"513" 0.293124484855483 -2.32764166479612 0.0253716328222643 -0.639342285288619 1.11780200122773 2.27646194618412 -1.52527720021423 -0.328879078804125 2.01395280586089 -0.621985627977056 -2.55408862384876 -2.6176281949945 -1.3065254824013 -2.00338093481155 2.03946525255939 -0.529268911405369 0.996812107767983 1.7114743536758 2.78439282846274 -3.26277841543324 2.15284150212143 0.0955596157548405 -1.04033256049267 -0.956454132391615 0.567038013440372 0.649918615338719 -2.38799831915046 0.587381016469915 -0.288513987067927 -0.13371826883317 1.48677633535997 0.838334715066503 0.515914642927936 2.55754667594977 -1.96333951863987 0.809491027695069 1.44186515113842 2.28194642338605 3.13797300484725 1.03680812653974 -0.954237629351616 -1.65371241988356 -0.475717532736857 0.576175777240809 -3.32391805672015 -1.72382382795812 0.270052548609155 -0.236783464290795 1.73031592446109 -0.625315965002809
"514" -0.500665517676349 0.160805160045188 1.46120298123077 -1.14444692853612 -0.628468002309089 0.266530807977321 -0.120722494482693 0.999112588499525 -0.219626377774415 2.23001995665714 -0.888870129112925 0.716252889606123 3.10454343836166 2.51112628069347 -2.06195165812195 1.03988226667448 1.05462985041814 -1.00175411210271 -1.23353989383112 0.717542471990534 0.455128760758261 -0.788174696812303 2.08656330131456 -0.916726600407045 0.194531244926154 -0.55462716466593 1.64952376238539 -2.6357967222946 0.82810311977416 0.473939180327325 0.978267404773408 0.344617782919643 3.07108503222455 -0.538018713387103 1.1394544452881 2.21066730511159 -0.153311265972543 -0.596780933689071 -0.00690012978989219 -0.422710707970434 0.948507764366201 0.774007926045505 -2.82103885495339 -3.34004423257303 0.130479552323783 -0.452565015807617 0.564689096612589 -2.52224483004745 -0.347129007902345 -1.44474581326137
"515" 0.464748974017471 -1.22329161682794 0.227357970117274 0.629757265673172 -0.974885413306587 -0.544660163913191 1.91645534982066 3.05222133963281 1.03716652264163 0.49077466279764 -0.11540358648846 -1.54198240135149 -0.870860606374848 -1.4023928002752 -0.173100536810298 1.37840867051129 -0.731728382931524 1.85933614083217 -1.62794094901181 0.650662710812592 1.11094010861201 1.67327022121461 -0.376744630612862 -2.07952452387145 -0.955638726681317 2.32798223784216 1.39055045027928 0.632837545348867 0.185303564142127 2.27838691719578 1.84786930396699 -0.00991100042277934 0.257267293269748 1.34858341632912 -1.44641906694836 -0.727733749298681 0.405788550027919 0.762235241496326 -0.192839218312873 0.587233809783742 -1.75072018998973 -1.16032259790657 -1.58639499354386 -0.407220943947189 -1.03202704727114 0.710464286993422 -0.261391151466256 -1.64603003316036 -0.269800002469631 -1.79633652535975
"516" -1.41593791986967 -0.609135421693678 -3.52046835294856 3.67027601233081 -0.985411240484844 -0.332332790211331 -0.682425345567501 0.291468740023114 -1.71565170859513 2.88358447386199 0.636672175839516 1.56942639540338 0.615411134143427 1.01977124097478 0.273017490426219 -2.01651373848556 1.32139880849549 -1.23662459135263 -0.809830713179225 0.147555492984029 -1.28162288020289 -0.109386344395391 1.96793951143898 -0.61184973770054 0.134382110374693 -2.394494119592 -0.917350574397366 -0.385547120537197 0.289637116151878 1.63451296944769 0.843839581411591 0.661528898719032 1.14045556743664 -0.230424344153956 1.54797646495286 1.41753330461119 1.15531947507781 -1.6699923844833 -2.34460432786338 -0.2664713978049 -0.219393808827326 -1.51959769983281 1.3468062185784 2.90009294552406 -2.24660436045404 0.939359726515799 0.713648247441743 1.11552402393223 0.328999072156332 0.228263512068453
"517" -1.37086542451946 1.28559741126833 0.0627698736608903 -1.40175701632422 -0.23063562134082 -1.43883376021823 1.20839288938287 -0.771761843210207 -3.21880240504584 2.01203698195341 -0.635327259460132 -0.890786604636379 0.385269532180681 0.464500242646225 -0.316102489259093 0.378041840709245 -0.870757302360102 0.622681735260125 -0.959939695710633 -0.594481881826713 2.24651254653604 -2.84622805646887 0.962843975198622 0.164632545290757 0.853929342090724 -2.11048317000778 -0.980496916182063 0.239748485555435 1.7165299605489 0.191979121749949 0.760146593925315 -1.84169373735478 -0.10481054376848 0.894630077828453 -0.396201602557104 0.984154088218483 -1.47313255800758 -4.94826520582153 -6.09872186807235 -1.69485558352852 0.0971214571632427 -0.82109449593229 0.167543841412204 -1.31721970674524 0.227508789828591 -1.44309019094014 -0.502933594456604 -0.599468358714502 -1.44591575013634 -0.0996305217569978
"518" -0.471761015054213 1.27192888760408 2.98241721697273 -0.406306369149741 -0.81271031037098 -1.74351506016771 0.571242004369355 -0.818823903944735 -0.929993255499151 -0.820952009287119 0.6295233461413 -2.08887152063969 -0.52825643911041 2.14820832465156 -1.16124363177331 0.889677235301778 -2.79845813018635 1.94979078507399 -1.95766110379057 3.07459331483741 -0.862808199599973 -0.359519130019338 0.0735421124576707 -0.14157026176866 -0.297206753740598 0.981269031589934 0.110463420562664 4.38312753033454 -4.24128582349765 1.33293763221744 2.19569569495355 1.04196634799674 2.29515051082162 0.466409134277849 -1.2393425362435 0.766865633890533 0.830226422218368 0.214987838671577 -0.185164862885908 -0.413385623789045 0.593243127611188 -0.573314494815121 -0.17392932041045 -0.187850304640418 -0.157210769035898 1.66653754257086 -1.05413201764065 -0.372628897111738 0.279688115174725 1.51327863053197
"519" 1.15036614261942 0.180811929500221 1.35121033483677 0.820492557155393 -0.18372069548339 -0.232245091042014 0.814262504873876 0.734812813702781 1.89054642935796 -1.36044624101373 1.65613212575044 -1.20311457042592 -2.76906149394168 -0.701150945807454 0.814088421956927 2.06744777825874 -2.85944163327652 0.315321516404364 -1.57645825723263 0.0799497896924238 0.106953146131725 0.109992995030446 -0.719040394896661 1.76126184823315 -1.74596288141618 2.03605047227152 -0.353143972770122 1.59368497037495 0.0903417279925408 0.851494615454823 2.73575585755715 -1.05775888238469 1.47124259551668 0.616387836786983 -0.757099950649686 -0.333300703671503 -1.96097914182458 0.423926489691483 -0.184863238744269 -0.87711435904256 1.18824987378775 2.17468749282358 -0.300836884661561 2.68033785797029 -1.99281815874794 -1.32970684400316 -0.0627391528001176 2.53702566519955 -0.488685446236669 0.44425200147909
"520" -0.299261050623528 0.374940556088654 0.767531843878874 -0.223987468542088 -1.12300823601671 1.00262244770679 1.6071279344288 0.536484544315651 0.749508482543943 -2.70479927822172 -0.160285443370502 -1.05273269228705 -0.738062465258712 -0.635183612145571 -0.836650925706811 2.75282627036457 -0.788626655661784 -0.102282761471501 1.63755952077596 -1.40975790824787 -0.677493870900237 1.13326705901776 -2.93733562495446 1.32161898020619 -0.0943503227908124 -0.656546164543033 0.258010101027589 -0.294803969252148 2.04072098001751 2.30251025356065 0.266854875411402 -0.0968930874921024 1.17110488522277 -0.71932928730159 -1.14886738209153 -1.15523877019832 -1.31332069086955 0.463907308272869 1.30308624890554 0.767863949861649 -0.239942452492591 1.57864512077115 -2.16866796101218 -0.758934065272978 -0.217921030136884 -0.83370308541515 -0.490356570743174 0.205531412203539 0.335018735783843 -1.31669791506574
"521" -0.444952489716807 0.698870453150499 -1.4560808332248 1.1064316533045 1.63775951315468 1.60815908468791 -0.059952590177692 -0.571720852439377 -1.98379659408999 2.02536896479568 -2.4119194419047 -3.22882441352841 -4.37446041176813 -3.47495866338526 0.491991798888401 1.87512568805955 -0.894578313525467 0.571536502459055 1.8442439217818 -1.67312091548005 -0.127447730810588 0.468724605314737 0.116023556694183 -2.2167754844136 1.12657881718751 1.73392544662675 1.17364629879363 -1.28596246551902 -0.284423451995286 -0.31484655495646 -0.0865997093091885 -0.376807492736848 -0.285578495334514 0.389413110713281 0.990935272554359 0.767967410870056 -0.416032418653504 -0.0386081445054674 -1.98247234295419 -2.65376303823359 0.294639338119852 -1.39461879382032 0.213391734614334 -0.186622958780184 -1.34974829742402 -0.142174009532124 -0.195641880237768 0.535501943873346 2.6036189123243 0.384029653579393
"522" -1.40187137857017 2.12644976841428 2.78317596362007 -2.31479041311264 -0.0626987410835396 -0.344131679337506 0.358664437193048 0.128254013115802 -0.822217342052134 -0.37792011282886 0.0257152489349404 -1.08081871143736 -0.896684010781165 0.317822353012434 0.316288135984185 -0.916163802807697 -1.32902290452033 1.15557169140859 -1.34579592024298 0.689675956187251 0.984684702193498 -1.79320285719368 1.06363338833458 0.435015801577089 -1.59448782933334 1.42323738302775 -0.69532280595783 2.54884398567631 -0.93567329773902 1.45773510791665 0.410587719589174 0.328994493751831 -0.36803459592958 -0.1876571979173 -0.510847786459026 0.162172377263201 -1.02929008899563 -0.135947229482574 1.70857191442168 0.327226710510687 0.564643254591217 2.40285234921517 -2.66168884319049 0.848093475195007 -0.438273526349763 -1.89687238662751 -1.69004085222875 -1.85991144350153 -1.85833229094635 0.970563303124762
"523" 0.316323041523023 -0.920045756850804 -0.56776592395988 -1.29796267422026 0.86859092432742 -0.52967363579069 -2.2501308587245 -0.763010313114156 -0.795324964620649 0.39184290569898 1.83831912933612 0.826836735173985 0.886669722374356 2.28757486495537 -2.001107923178 -0.93464315844839 -1.80928726615263 3.03492222462508 -0.224608461927144 -0.0474924561158996 1.39570177462232 -0.117207206808146 0.117561762814848 -0.932466734104016 0.822042343436947 1.03550100807546 1.18300751877735 0.218608312744299 -1.73766536636836 0.547556471525022 1.76086928956753 -1.76568861601856 -1.70588368518831 0.536826826054805 -1.78241314851412 -1.63841867074152 -1.89308313957219 -0.218096587245403 0.408049034222909 2.04363665187076 -3.43493986448763 -2.22537649939679 -0.404162874221576 0.612860642210154 1.34332197005491 1.20391173476606 -1.01639021609676 -0.670188121742565 -2.23870253351328 1.12371596556928
"524" 0.395448922581598 1.2919829588616 1.05109482701254 -2.58399234625017 1.5138396495458 -1.99156575051186 1.73458793106198 -0.944133625467232 -3.79097971521869 2.3721590336328 0.670592239557272 2.35026854965343 1.97597791709779 -1.26122525746877 0.770085324616218 0.727522782667424 -1.57732363273961 1.78965232158691 -1.02877050549635 0.66657914801435 0.276355746992691 -1.31609088293104 -0.326043137252496 1.21876094834632 -0.104958367010288 -1.5710599614928 -2.61087343429757 -0.45918789957254 2.26248636577334 1.09999559508771 -2.44259312189698 1.02016032227162 -1.54476629485752 -0.492808979193398 -0.112044002730817 -1.57829816171082 0.269290573109527 1.34913292690891 -2.48188414654652 -1.73349322262034 0.910676845379704 0.983774589465032 -0.370372068376782 -1.24800870025443 0.755096108151362 1.95167055738521 0.808081727661379 0.87970106395516 1.81303433896217 -0.717825310283649
"525" -0.121025233650965 -1.29904662775157 0.225446326658347 -0.556046470533944 -1.5493984903338 -2.69460557438303 0.965136503274685 -2.21435213599106 -1.53942577537811 -1.32732255064037 1.08757851956915 0.802755812955631 0.554717063051373 -1.69231511737143 -0.306077830430845 1.10071564908396 -0.414529888652592 1.33352404644523 -0.981665209912509 1.98391224790446 -0.0928583470641475 -0.405216131399892 0.0286694036758803 -0.829126014919096 0.387452407623065 0.192453565860258 -1.56429307348307 1.26730925727444 2.58565566634892 3.12920961093668 0.718364578262986 -1.30410935828429 1.06089153244265 -0.711434944117422 0.464459633693139 0.269160472524495 -0.297212624893682 0.376591635689674 -1.36135934381542 -1.0856151169139 -0.487994419645111 -1.31119462959734 1.41831473106408 -0.917421968744273 1.47778256282138 1.58944267191174 0.414405667590988 -0.508863676324432 1.90004124354114 -3.94412329484748
"526" -0.995253796680838 1.06126495359018 -0.228708802748438 1.00841645287779 -0.37331668659884 -0.278198818258673 -0.136814508929569 -1.24245890277663 -0.936265370574434 -0.329107276226158 -0.055108652618738 -1.96983948999675 -3.59215794932672 1.90540119889067 -1.69560645684074 0.259472104943769 -0.966295950059529 -0.629714473458095 -1.27549975195609 0.710061041006706 -1.31373421024549 2.86538630128433 -1.23171054681162 2.22326556759141 -2.43561541721356 -0.116644025576919 -2.83676080859241 -0.299373409302194 2.6780459791596 2.61988291448212 2.28535705521601 1.48017482087297 2.66949114905567 -1.62313868431933 1.1325669177908 -0.52032101988816 -0.0325402600087051 2.68657248211671 2.5954141197629 1.50235291706017 -1.66733329273999 -2.42250907680652 0.612258200890511 0.0256486315396955 -0.618168500491469 -0.160764786981671 1.63543702621237 -2.04939044739345 -2.60832619090242 0.861983704818107
"527" -0.103633077310664 0.908524907324669 -0.275370962093346 1.67797481531057 -1.51070009257301 -1.74024774915229 0.466445094034312 0.633755885753326 2.85188376455398 -1.31038308348594 0.764984084626202 -0.255023803735751 1.72732379915153 0.376708433783675 -0.821135603772604 3.00350066225772 -0.106003626763223 1.30554330391082 4.37509128802103 -2.16029641919862 -0.176575454727619 -0.364145567042277 0.111957637787452 -1.52737651527113 3.10928563390221 -0.127695481853128 1.58146880625305 -0.722707197648337 1.35795831492007 0.543960995096831 -0.0159509940338846 -0.192537998104753 1.20898232894792 -3.8506476614976 2.69446820361937 0.346731577949472 -2.21034602770997 -1.54014864126481 1.05221733932642 0.625868937022504 -0.527571479573303 1.64561902731252 -1.77243512679073 -0.56613240870995 -0.182511552590768 -0.250901204169124 2.16099638579265 3.82188444351549 1.84187956462366 -0.99652839554889
"528" -0.834944619184294 0.460439182203372 2.17384975305872 -1.00451114799444 -0.64500411295293 -1.28639932706804 1.33481932004757 -0.561829225248642 -0.912057474737897 -0.0372785150385977 1.50686508527979 1.49958965346092 -0.466377895109043 -0.239516270744643 -1.52535335757636 1.51346980219278 -0.108581713024292 -0.375656802294978 -2.09218287056044 2.60873672247164 -1.514186681512 1.28279702957164 -2.25793201452914 0.302302813748875 -0.119934319862643 1.97442667854146 1.98770289810575 -1.4806110569327 2.0251189444994 0.288566554541835 -0.938696696098225 1.29298121208956 0.494634025890172 -1.07554633776271 1.18755442842561 -1.1781921921446 -0.834731473459205 -0.309971504452506 -1.18643002833569 -0.670342193019188 0.178114578546207 -0.344864904860577 -0.165261152153194 0.023858801130295 0.600335404436467 0.272183567680071 -3.32311623157224 -2.36026495166646 0.400753997210674 1.70563464329647
"529" 3.6501067313535 -2.94496326887723 -0.248432235444535 0.273046524971926 -1.37603045195354 -1.74799906336856 1.07864009577213 0.652071027055339 0.0929521600768184 0.591367673511303 -1.38980496202442 -2.28902226610494 0.148041572980476 1.37597038825632 -2.68435026460561 3.81885846891783 0.174795900759079 -1.81797463077308 -1.51120969740634 -0.156824955789458 -0.25783567154112 1.26389173130669 0.540526338144254 -0.546499090750093 1.10643598196282 -1.46269427413695 0.289768899077399 -0.245696153269773 0.869574009244396 -1.01347891436036 -2.83533814386138 0.986136597970169 -0.579133452223245 0.197420094500143 -0.667199814219876 -0.132158237122302 1.61079133305665 0.374395852631617 -0.0274119193077583 -0.95540495636481 1.9896963073385 0.802178898924819 1.50608988735542 0.298488332812932 1.89362590220971 1.00176045228609 -1.4412155592105 -0.110329858846574 2.0265224453228 -0.802335366281071
"530" -0.0652623206336058 0.827140871431788 1.08244785649437 1.5405227166951 -2.67880001689834 -1.95244889486689 0.94226442400304 -0.393316419777325 0.229277206440019 -1.48903047717389 0.910973381354147 -0.713369891575017 0.142238672260815 -0.61879327981895 -0.700020230005571 1.26655530856344 -0.234541107878563 0.859372085643897 1.84385174667253 -1.26537367159257 3.46783183182038 -1.99623934650389 -1.86130386405047 3.06170156311325 -0.464811887739531 0.37607542673725 0.932984928053802 -0.766140211758217 1.22986597162714 -0.678111077959175 -1.55338843775037 -0.268744762404254 -3.29854501722794 2.04336700893411 0.30776606752894 3.41659685853014 2.32806953945312 -0.00975874782410809 2.90034065619597 2.81186319155747 0.310753064292708 -0.990412115677213 0.6707540789475 -1.33158493641194 0.165387414414379 -1.11251923070213 -0.154406407699349 0.669804238425006 1.42915231295478 0.56986330240112
"531" 0.658273834679394 -0.424153694464023 -2.10179153555664 1.71124649255906 -0.926756916734876 -1.37421356716714 1.7571084304186 1.80664944276601 0.519053470071668 0.115707056002922 2.29949828704505 0.679514566302627 -1.59489964340767 -0.768886116733702 1.677081281584 0.464610200339422 -2.47568649970974 0.317643319439483 -1.7032283052944 3.58124597469813 -0.679011531889229 -0.0525100919826732 -0.415891486108795 -0.161106471740506 2.91052130291024 -3.65885103635267 -1.35109479774421 1.56843519037132 -0.0398951653089957 0.315124265606908 -0.373434412288436 0.431733506224997 -0.695108398235108 2.3449237206641 -0.437748622951327 0.538679408861692 -0.0871159802770791 0.234681172339708 -0.718515345530554 -1.60133186769351 -0.456704599593806 -0.0060659257736344 -2.56888895954543 -3.25322920833966 2.33963974319499 0.917395226701324 -0.678077232053303 0.235176757063584 0.628371970852421 -0.537180716875122
"532" -0.945288546910367 0.0958317836007908 -0.293358194885888 1.02155114433311 -2.23786409516367 -1.25307415339815 -0.327346847611871 0.413597506251698 3.35179674898644 -2.2836053516652 -1.2914434465159 -1.91079293231161 -1.44263764158107 0.506854923189603 -0.698446550579375 -1.04363762858437 1.55470056022109 -0.665176709028615 -0.54217732963187 0.674847050839364 0.963515150018636 -1.75510776348812 1.28364568977475 0.508740505703688 -1.21877642538036 2.5650408147571 -0.587621408575833 1.75370375474323 -0.864889408993123 0.981248106498297 -0.750932747085915 0.0020336699088605 -2.937885669393 0.817317371033708 0.654850941784611 0.846037551709101 -0.546660332952696 0.417993462491688 0.670649841268735 -0.365890990541642 1.2391230986032 0.775897744882331 0.338999641309864 1.75579075667791 0.3413783451362 2.70682719376387 1.54634983209601 -1.0218404314611 0.474512589604072 -2.82094248955527
"533" -2.2429835393962 1.2178070745837 -1.77998180092906 1.51993135422737 0.274116679927618 0.940806124827697 -0.242224220956974 -0.0444123517295324 1.04798858678725 -1.31890923541872 1.31433692117583 -0.907245079576123 -2.5200621213533 -0.460477321459545 0.584158737314497 -0.991136353152687 1.64483725801309 -1.64889633793483 -0.577052146389516 0.654157657082624 -0.958230287512527 1.24158862353004 -0.592010799629038 0.302517779126922 2.87353694620896 -2.85662817188379 -1.85673349805672 2.20781500688557 -0.0724698894985518 1.10875330144418 -1.26373136375044 0.300078841533103 -2.75044313480674 -0.729697117756942 -0.877867362224183 -1.36985188698451 -0.5259176432341 -0.853297778778664 -0.442411742301276 1.49717194195616 -2.22989052448278 0.286986438173318 -1.51540154227353 0.219575877725718 -3.4774945869139 -2.01011628534913 0.716190520553955 0.947250627193756 -1.25430317098097 0.101025075697423
"534" 1.2091355992605 0.605827754242611 0.171692425132964 2.4544486010392 -0.218630652848582 -1.20250330626741 0.34722528945634 -0.443436846494991 0.883305729828492 -0.80567508323805 -1.69411088014925 -2.26935425577918 0.65980141666243 -0.190664921630422 -0.234300813862294 1.76006973352417 -0.288452271522108 -3.01336081959894 -1.76332231707671 0.509157708606534 -0.489751057554307 1.14347134802414 -1.5849261116004 1.13793471564838 -1.42562309045199 1.13067529689643 -2.12963951660367 1.80249911223716 0.867284052521696 1.00827249886648 1.31801324220029 -1.88548034574755 0.355626187407983 2.14868107245221 -2.05857859151535 0.646734189899771 2.54012503661468 0.552512092342366 -1.12371567179347 1.34458404057066 0.286181867530263 0.0232476406109383 0.807615322803285 0.273348440222729 0.860866323444178 -0.680999313939111 -1.73787383452248 0.336522809916857 1.83749834455069 -1.90722009150385
"535" -0.561533414662212 -0.393779621795618 -0.690982749246573 1.3229390516607 -2.56782666619729 -3.21756264868224 1.86186779050712 -0.90123188558535 -2.92121337246928 1.81804038464226 0.124021602212267 -0.562370143778157 -0.146398854599318 1.67624682826012 -1.89959597927321 0.404253033209583 1.35522637824355 0.706227869363045 0.531403128385815 1.23393144995881 -1.18902757159935 0.133453080558345 -1.17690388435955 0.575618305860033 0.99649282426539 0.853025342809514 0.205082138988661 -3.06866637946479 1.47109412410611 0.351944201126766 0.0240309938104083 2.11058975364291 -0.878530630943042 -0.365294553320749 -0.59179262780008 -2.8849695508396 -1.29237662024388 0.805496053210421 0.471991923703214 0.75009517029687 1.3534993201744 2.93199732542033 -2.83397468499622 -2.77507191556216 0.809926419737832 2.41309683556678 2.50853776517955 0.0397164634524884 1.78258862183467 -3.6095206855515
"536" 0.68871183596814 0.247900443881267 1.60312253388239 -1.77272966254464 1.61056521497294 -0.898069193502517 0.489290811962392 -0.421150796114435 -0.0815731694811973 -0.277403439438439 -1.36766225500161 -1.11190576029092 3.12049721087236 2.97715103211445 -0.0264292973259351 -0.262392406185651 0.847183456376432 -0.125961180907933 0.191897675771067 -1.49734818667919 0.824383093365919 0.17789195043345 1.45108492703471 -1.91756223452135 1.66966049769559 0.0788367805675087 1.32565883559572 -0.539168266167418 0.283186840147402 -0.567636811707328 0.329103602067432 -0.834875663815528 -0.494267630474702 -1.60972034149643 2.53434715534303 0.27664650338655 -1.4912713358902 -2.10056170238052 -2.06460764192484 -0.671377006024352 -0.591266472298 -1.12292562737276 0.609849197089024 0.9716799751947 -1.19182436533395 0.166626112086559 -0.28047386480917 -0.559635640502333 -0.856737154079379 2.32743053917525
"537" -0.0404836030540349 2.92127272858873 -0.357371035916992 1.76350869604449 -2.00820211793271 0.538691836582748 0.772910445721726 1.98832874397698 -2.2158294275142 -0.282228127436316 -0.451845948927219 -1.32877527259747 0.5456505547623 -0.513296690024463 1.89545489281181 -1.68984872150516 -1.03435107437542 0.127177128305149 -0.240985493118367 -1.10113756409542 -0.530356569381416 2.45427635623663 -0.896765506723712 -1.43031770713956 2.06899577528435 0.0710392182778605 2.79343268503793 -1.84410106455931 0.696185240547098 1.10835043676588 -1.55139101508093 1.73419905377387 -1.06365946357229 0.415247904471383 0.609856443094524 -1.38886303000741 -0.858836915736338 1.96133933080858 0.76875164601689 -0.736129743640715 0.0304677738040947 -0.0389559341131188 0.631177061357168 1.12283154239975 -0.917381626207355 -1.13041470241792 -1.00145805500803 -0.0516746751624216 1.28061420363778 -2.23264213290951
"538" 1.01698295854885 1.52578949051159 1.98851477223276 -0.739464591268063 -0.49238660561827 -2.03609164820627 -0.068173260773805 0.692420669731724 1.4079233182374 -0.565358207296708 -1.94201309941381 -3.83763952084733 -1.29739817918661 0.942836626422786 -1.0988559133599 0.0772081001551397 -0.144010068939238 0.148251210027276 -0.382887344569104 -0.338519070185848 -0.455387574011095 0.725585071612318 0.44176853332572 0.29908910717872 -0.394002930745842 0.45135417344147 0.00790141934161849 1.97712886201656 -3.20170015810831 -0.926236189061429 -0.343704271263942 0.904062925383156 -0.284462258545398 -0.137062661452388 -0.812569040870319 0.308819540300145 2.56446887192096 -0.689123490737197 -1.66779852250567 1.69074812804485 -1.98632351700516 0.926585354943394 0.0465563783977133 2.37529222738805 -0.734821086196897 2.30282322246092 2.28240339210899 2.99925094594423 2.10638270132722 0.21338729295993
"539" -1.32795765173903 -0.27183998916271 0.625501102013865 -2.95725226273101 0.396996921833292 0.797851432986374 -2.35074701670646 -1.58433132287477 0.492702478333722 0.0368170922314603 -1.05092785007301 -0.102413781819767 -0.0135637503304277 0.0590617509370133 0.127276113995585 2.52260151013833 -4.54687614195535 0.970097703792136 -0.241244643329965 -1.81257617587384 -0.0927493223475235 2.13838599960885 -1.12299800365696 0.525173963779967 -0.395717393513109 -0.182250428221243 -0.655541738299125 0.0339245999242385 0.478118832020872 -1.43792517493158 -1.64981767818301 -0.0234412090668472 0.396643944989036 -1.45892795926952 0.39141929983163 -0.220051908871822 2.64153926665168 2.1916494726883 -1.08800525882731 0.33346010407409 -0.116751699501674 -0.952423405546566 0.59661567822143 0.0624534926159006 1.72391718303897 1.18395538682022 0.253883464648202 0.162752992997634 -2.06199783897043 1.22776590540979
"540" -0.343542024192765 0.346674402296421 -0.368365624208729 -0.446015442009038 1.42094365369993 2.24109109777075 -0.674005401865906 0.474614454446339 1.26891742354101 -0.722396593015554 -1.03105242458822 -0.4168752769926 1.58738014568025 0.228583258610793 0.492783465190262 -0.130604870352787 -0.601951802544701 0.677166922491302 0.470160847396856 -0.539064276134323 -0.239962304977892 0.354585944506907 -0.0712210880741036 -0.174767160107662 -0.879978696377105 -1.5635943667265 -3.30170243802506 1.59167291716359 -0.208417659783454 -1.78117734657472 -0.624271428710218 0.867836219015089 2.68421226625476 -1.01887689600554 1.33825725358639 1.73817241478316 0.260608747264792 0.280122965102519 -1.09184065602779 -1.88870014215583 0.593117895255457 0.131795997703781 0.0766097336948493 0.337634002191176 -0.526594557204568 0.34733091966422 -0.744852622241863 -0.57354096533543 -0.469142189797182 0.295342343508227
"541" -2.26831770480065 0.359622740344134 -1.33355622359281 2.73802671158792 -2.04678385968347 -0.76672938803085 -0.0748913089815146 0.681205074803099 0.0765614719903264 1.48156844573341 -1.38701996477126 0.0189867214303074 -1.90037357013687 -1.08515116340077 -0.550542101706346 3.47023546820964 -2.0529861154595 1.22927400999345 1.08775829813793 -2.29675479290687 2.35639778083343 -2.4393940149577 0.0652492492321089 2.05306334686966 -2.555728452672 1.63332760228253 3.14646060267305 -3.64815681405836 1.21349590232033 1.48906248196309 0.0516583602818188 0.490863086516518 0.255191143614113 -0.110719711801116 0.827011285068341 0.734054305427038 -2.07223630614772 -4.06306357004375 -2.12129095823364 -0.473434211293444 0.0311580741124589 -0.905937618104035 0.388504311383659 -1.50491424620107 -0.530905599096144 -1.73139069277995 0.59113774866034 0.752764636441015 -2.39843867765258 1.81357498304688
"542" -0.653102766713006 0.348094394245338 -0.527668293970272 -0.221739714659974 -2.40840325832352 -0.993579283347413 0.853497110031618 2.94987921758012 2.19771153574808 -1.12516529909343 1.30481411015048 1.32992363670157 -0.435104091090404 -1.66208674214817 -0.0115292994208194 3.64368881703139 -2.37442245685625 -0.494556335952801 -2.32817039222372 1.0947116680677 0.0188330248555562 0.308387273025727 0.661045110082054 -0.987462883966468 -0.841302340786667 0.29758888620169 -0.498290607184661 -0.342551716770393 1.93136702296696 0.964365377002066 1.06448776878503 -2.58716714305059 -2.62646210085854 3.82027299580271 -1.39957552359706 -2.33979957805131 -3.39141357856214 -0.826542945860289 -0.798206744550241 1.07148143534296 -0.421470448617075 -0.357914853038995 0.570501954523843 -1.22450173181361 2.10748165687365 1.83374433672994 1.56590949114073 2.0382082401855 0.679321867010829 -1.08795107414773
"543" -1.46080561217978 -1.09113390387917 -2.32762568828675 1.43621685958911 -0.437340552169701 -0.217208342407095 0.585040492783053 1.17766467204599 2.31537298277831 -3.41690413084912 2.52003295111427 0.974557805376493 -0.626068769253201 -1.87686081865112 -0.357024148670623 0.628714455720266 0.0134194339615498 -0.321966164823965 -2.53103700816347 1.69062494385728 -1.727788342065 0.274163537479741 3.03852099836854 -1.68527782710701 0.272496823388918 1.49224693222472 3.13242755091137 -1.44022199300365 -0.585074197878732 -1.49912219696697 -1.0563582139186 1.03852029005956 1.11040437663034 1.2106838879472 -0.180360814613426 0.952803651005793 -1.06360613759488 -1.67986512659326 -0.286126373733264 0.521539788505922 0.338803899433091 -1.87770451809246 1.66633208173264 0.212231246012966 0.662164769083 0.370089243418965 1.16931268467306 1.94112361336122 -0.777077134130595 0.0484362798681115
"544" -1.55050546396203 -0.349725360193701 1.80979325115471 0.287311606673283 -2.92897582741397 2.18491142316284 -2.97784449582937 0.675184884708746 0.982348103630463 -0.436898587446761 -0.853427486996213 0.123886304603335 1.05939443241479 -0.243893013214959 0.0711387812330117 2.49088143499024 -2.43881568968252 -1.42351394376392 -0.29708480546349 -1.46971822247543 1.64559893727565 -1.25573813265266 -1.16537783364425 1.46087468696156 -0.772878937819046 1.49949060764133 2.61841490265375 -4.21400798757189 -0.306034300453054 -3.1606106856789 -1.30306042907993 -0.174733034579599 0.688859626015044 -0.544387312502904 -0.091106977475606 1.73634718891632 -0.154148915559657 -0.209264004938492 -0.490855416891408 1.06044540665926 -1.29358680973279 1.01309688751524 -2.09591383548412 -1.61734990569422 -0.718775954894092 -1.60901642715541 0.750821625989068 2.49666710701552 1.73036418352074 -0.356679080420106
"545" 0.367019455350974 -2.60650822295313 -1.58055905216976 -0.262676631990126 -0.890981986438054 0.0216448698800132 1.26275012056054 0.654551931236782 -1.28157395290895 0.392765893395465 0.512810829308772 0.245670287525399 0.593809946792466 -0.361726742053806 2.20269011864272 -2.59700420867054 2.15829644040821 -1.43189598030195 -2.50387782152419 2.39282010652693 0.95244935886378 -0.939468152673463 -0.944767010698271 0.184260210769515 0.816452197120412 0.0349065465728811 -1.48029921995536 1.08390721353566 0.61915905013799 0.269275564699594 -2.10108647244113 1.77281089389194 -1.01337335362192 3.24808522936492 -0.475359700732654 2.6533767237142 3.55917973941101 1.8493444360411 -0.569448157392592 -1.5749997358025 1.15428987611803 -0.827596196719061 -0.162491681146546 0.59487160743778 0.54816838357857 1.31526539005292 0.156948921923161 1.01188385262776 1.45222150267857 2.33617820890557
"546" 0.491926951550248 -1.01284017077853 0.572818202532204 0.476733168841838 -1.69748745599405 -0.646040716375127 1.56525179915985 1.94095130202926 1.6697644437433 -0.377853694847448 -0.421324475007689 -0.953751913579127 -0.203194710629568 -0.376385863539576 2.13469989669108 -2.01117406688238 0.381571762096053 -0.253136243783285 -0.830443119052787 0.414516528537866 -1.63293301120828 2.24255008518049 0.309912061830873 -0.179172602543615 1.31804381176842 0.561028122642818 4.289256268334 -0.776972954604272 -0.132808257404085 -0.786383457479188 -2.17404668603591 0.937367355375528 -3.78263810579083 2.96203693368701 -1.2542357335077 -0.171080908813087 -0.237584627701674 -2.42807797498431 -0.698377138343671 2.27528337349606 -3.72674326699169 -3.84429448229281 1.47198476095172 -0.858708356577351 1.80453436386869 1.25985400106477 -0.327398745746569 -1.53613651657388 -1.96568727468894 -0.693037678135291
"547" -0.224433358950722 1.74811981064719 0.743760626352371 1.15236129753705 -1.02707588407766 -1.54284304719108 0.973811791351482 0.529617129392955 2.77676790363372 -1.93279067087673 1.52904376107836 1.28235392450782 -0.0593157820654967 -1.40795187496494 0.643401350598522 0.237207389682751 -0.0908819067546313 -0.59973271394115 0.590290334517806 -0.545973228615266 -1.99708313776279 2.24098361363775 -3.10586044146236 3.17495604941788 0.527408298745886 -1.07870835167506 0.161792183271883 0.568157900094266 -1.17390958159549 -0.0454704785421458 1.45081898364007 -0.343170595276869 1.57558288446178 -0.325122099361368 -0.894911532694686 -0.885482417485567 -1.32411609023828 -2.24243198311721 -0.635085228406678 0.991781125770568 -2.86186340168324 -0.990782673217392 -1.9559837961645 -0.6700395107487 0.118961076913774 0.66557937451873 2.50354253139237 -0.06216299704017 0.309860677744136 -0.717420996486015
"548" -0.800472370349181 -0.0598520096781616 -0.703758515109887 0.674363372039115 -0.664751521285209 -0.0366502011519897 -0.308115310342697 0.190775491526759 0.863493887339484 -0.588639428839839 2.85782704982605 1.52224041189445 -0.0623400142787546 -2.10064395107795 1.8859489318052 1.6552328003985 -1.94407083423087 2.31059230518615 0.796990433123258 -1.97259050773067 3.42643128694834 0.394768672630231 -3.09934644900482 1.09548073908734 -0.0192046441045789 0.378131088670467 -0.284443031793782 -0.879035063252275 1.1456452999071 0.25875942449839 -0.848927054170279 0.0443409390853414 -0.771686832193575 1.19004209714857 -1.8272891582593 -1.33480750798816 0.0263185121425793 0.619196847358935 -1.01802529471403 -1.02748425191826 0.29146777757119 2.33561639402431 -1.70988944077354 1.00085614556322 -0.697625859372207 0.90393891643185 2.34934278824408 0.416129032945713 -0.646060667273719 0.416934018899927
"549" -1.01094112342849 -1.32622396260282 0.711157905561416 -0.842395949057318 -0.0500799037452344 1.76837090982941 -0.517059711800604 -1.20467990270005 -0.972049894165386 -0.477398227024402 -0.849101906947571 -0.77875237034222 -0.580931709792328 0.0312932680877553 1.21649455000954 -2.68332042548971 1.49636863591754 0.0383463632387833 0.0997943277209017 -1.64860771920172 0.959585317820225 -0.029641829662866 0.413491325249828 1.0909032065967 -1.10502463914415 0.470482556831745 0.0309677976946239 1.05477953744502 -0.971516608577891 2.45624047531066 2.88000425036313 -1.29819612197508 -0.19436699702859 0.789920863490537 -1.92099232480592 -0.448373811325756 0.685895938233624 -0.308614740475878 -0.737487003941465 0.662568036751947 -0.82687855812691 -0.0272954228501135 -0.523672806419235 -0.179547559071837 -1.67683752493176 -1.82199877421357 -1.35001114951695 -0.174127332955858 0.0169953473491162 -1.45009148000473
"550" 2.635534032703 -0.945439367658756 1.74567048510142 -2.74928339337095 0.559426037106716 -1.38940214962183 2.37843678104514 1.90503528666032 0.997740016767901 -1.07747129741836 0.269096856654998 0.767350383156559 1.29565624819302 -0.936324963492466 1.20364706488664 0.758660953844818 -1.98916154336583 0.111159028694533 -3.33627525058596 3.2808331524307 -2.31587408982956 0.47275824871608 1.00739286606382 -0.32965991689525 0.806567673451186 0.0761396872126041 0.3182913399661 -0.108737076692744 -0.813751519287365 -1.88777104923151 -1.54382867896787 -0.227447405175634 -0.00645695961095892 0.892745893067517 -2.03033448600205 -1.05177547547587 -0.548178293925547 0.231900452434383 2.11670490794083 2.26703354431683 -1.3373324583942 -0.869299181979533 -0.891394376952096 -1.0132832234245 -0.257349398319608 0.350558204328872 1.44339588355856 1.12332122051625 -1.25075466597756 2.66894156644388
"551" -0.61022086914937 -1.72009023337373 -1.96285749899358 -0.527517165806251 2.18975857151714 3.03986072248773 -0.67583661391127 -1.55883714617105 -0.579943455719611 0.62688599936857 -2.77854729046638 -2.20334174325561 0.731392643770426 1.42444595591173 -1.57285536042694 0.67594770663565 0.304577231369425 -0.467526412889285 -0.704002057619307 0.583140750534917 0.317894218637302 -1.44522198298481 2.46802329069292 -2.04654181907576 1.97558515303567 -0.574055723281948 0.300020263463802 -0.3808356787011 -0.584604677767345 -2.2175166566835 -2.33716393060488 1.37170285284411 -0.224652476039641 -0.32644492214543 2.80378244488833 1.55168762771567 0.974822105507127 3.90417018446496 3.14017756619417 0.719936255042453 -0.388379758643736 -1.76184035612377 1.16944647419553 0.127252537936561 -0.988205352230154 -2.01859264426595 -1.29267146622638 0.183332698369077 -0.105768506692023 0.65630058175479
"552" 0.39501175056055 -1.410713427533 0.264658323730062 -0.651638475194721 0.530462525435297 2.19439372517972 -0.760253847706646 1.68612984495995 -0.438240329559836 1.79726657698365 1.38482931233099 0.821887260141456 1.81291947343753 2.53567380575101 -1.87322779039938 0.917920645587494 -0.0410881110424223 -0.0413288273234444 -0.321143730754031 -1.10006726843267 1.28381202496314 2.75603383706617 -2.62243047747144 1.30672806451946 -2.17394035781022 0.595406232165548 0.918580427261253 -0.489849018635633 -1.05339157517241 -0.111686644562795 -0.660204251277121 0.35994802206865 -0.251509065813059 0.0740544520647351 1.03448528819445 1.53178044693075 -2.26951668525591 -1.68436141349086 -1.21044197899151 -0.973207192367115 1.65134802976215 -0.234570491357014 3.94322827836356 1.64953489833772 1.81477565992918 1.38761465234375 -0.236910811702424 1.31865614669488 1.71202327158203 -0.283501006332738
"553" -0.65959644727642 1.01433846830984 1.91107420482064 -1.51764683314491 2.2012578110517 0.166474566983222 1.80327136145127 0.412860717724218 0.40001383368358 -2.93998954345328 0.178235391676497 -1.71729434861885 -0.30892952340999 0.608082939287793 0.255551751526974 0.617435600364663 -1.72661754921434 0.289202455940951 -1.00445180584389 -0.323653893129108 -1.1037958088715 0.791317598091732 0.466240581050589 -1.22027919038968 -0.854356798756149 1.97112574965305 -0.63200708813466 2.4933020579218 -2.6890239309577 -1.73966622070384 0.991056714944727 -1.9575791983219 -1.30156248639219 -2.05734204226569 2.3406778870961 -1.38759131290564 -2.14386896971695 0.3447506435932 1.75187819313742 0.212342728464207 1.70540831047902 -0.902355624206556 1.35697221920151 -0.456965787806344 -1.07697769227029 -1.5564286705711 -1.04933115653639 -0.644443241363562 -0.882003705746544 -0.076096767415232
"554" 1.00524129169144 -1.90456607072867 -1.58892374866122 0.0913289132064414 -0.811816633427845 -0.786692303640543 -0.147079780461299 0.945556097089867 1.08406856679848 0.0532583347964925 0.453492426327353 0.685554475589092 -0.132975231943494 0.819422770866374 0.200910895258045 -1.2263896099232 -1.66838536651239 2.54764570592887 -0.409441299693851 1.26448174207925 -0.817630849099428 2.56748171352011 -1.35229381779913 -0.151372569581353 0.28640879774534 -0.445652770618594 1.54996435831818 -0.0944595343115251 -1.62718207349353 -1.75406796309786 -2.93520386911625 1.97536990867397 -0.441655648091887 0.699526832245757 -0.541497836759624 0.214243506883139 0.166545491372702 -1.38829023364416 -0.896849850846572 1.97398210786691 0.197276821196265 2.48427435133895 -1.56865876587092 -0.124537940425688 0.29925245614631 1.05450074063739 -0.455784072510686 -1.30378617300058 -0.275449457135594 0.264232829724887
"555" -0.394929737046615 -0.432797234764823 -1.09169846319494 0.429444688518162 0.697169973764886 0.295883122721613 1.5009159779734 0.54558842239009 0.59958587942016 -1.3732867990607 2.01403456917204 -0.50767981790172 -1.11060805156103 -1.11427351817389 1.41153447080388 1.06350694732385 0.654513320536988 -1.59914112707287 -2.61009885973378 2.50503265800091 -1.57774013791724 0.130688253709627 0.97722933917926 -0.884884112705523 1.05457657013186 -1.04156930735259 1.79582801551085 -2.38086651224608 0.985783313470981 1.81207066648347 -1.55787998147787 1.03993754338478 -1.31325696545153 1.21327663664628 0.141860356498767 2.07069159879639 2.35864378876723 0.0720160697458249 -1.45959220234415 1.29808234504868 -0.329971330984373 1.31014410489185 -0.444450762601019 -1.25229765055113 2.25633759385096 3.02656569799856 0.742461456740964 -2.84311386203841 -1.80834727956094 0.372686733777526
"556" 1.35703489721107 -0.432459077888102 -0.490298093080594 1.83157965827815 -1.68705490328685 0.196319027554683 -1.46882109288405 0.00637256194228051 0.136813759182724 0.383351271694382 -0.29223601941299 -3.585128410476 -3.29127569133766 -2.20213979326214 -0.738234047396908 2.30785133716706 0.767737153825609 -0.0652578919050879 1.77123886942049 -0.832513962633018 1.03002187309394 -0.0489387285825525 0.212028589587798 -1.09978149703629 -0.117325064218481 0.909292831209372 0.661960889393292 0.421894271363476 0.871482114664196 0.439884202796575 -1.12381430503885 -0.838252301725192 -0.235252609312577 -0.93915361688287 -0.136296379722983 -0.468178937582405 0.358162686880148 2.13611560029394 0.696692135209334 0.00413191731863758 -0.741551185588526 1.07439931580541 -1.34071188519063 -1.4425428783951 1.50726616126011 -0.714687103196652 -1.56244861007014 -0.450911089033956 -1.66711629620096 2.11217646778269
"557" 0.692699645340847 -2.71486015458018 0.275843766512784 -2.72653404765667 -0.453051221723415 -0.100308502822306 -0.327909110047685 1.74352073213087 1.29252098914632 1.04870796780065 -0.699193071843405 1.92196187050871 0.997903538643558 0.0683505603725449 -1.36048251384007 -1.79411784555684 2.35859762380628 -0.658467662381045 -0.244359231702365 -0.563894438943789 -0.632677235050175 0.876209331798633 0.439536713503472 0.493188693910659 -0.0555693550085851 -1.3580207900272 -2.02990575497243 1.36070565524315 -1.02936249719097 -1.02630569543457 -1.32535780372494 1.42584321466455 1.04303916571314 -0.899100348367124 -1.13672718622853 -2.65864247111171 -2.18708240765462 -2.83557132365387 -1.36176197342898 -1.41880153395099 -0.0835907318752385 -1.47677014067065 0.738110528953677 0.371349775893613 -1.05309967410268 -0.910150261791519 -0.260323125155259 -0.589727296665142 -2.37614965253356 1.64191692120835
"558" -1.54178725315598 2.39523507902858 -0.252264106719264 0.881575670213318 -1.18701551996339 -0.375515916464193 -1.91789338867466 -0.026560910087925 1.72025506672279 1.50873078734823 -1.95840549596784 -1.1005524390882 1.48851688249775 1.93751284309179 -1.11931154726392 -0.251599546416449 0.423351263194537 2.23577510593989 2.19813943384401 -0.736266403995464 -0.414616621653449 -0.0451464572709196 0.268647110055033 -1.29665492844175 0.046805222138414 -0.865769241291754 -0.060043173851065 -0.908985673569766 1.25470911037085 2.23776757553745 1.94550098308151 1.7239454017624 2.10652397081375 0.566998214732584 0.147413419468837 -0.79728885569502 -0.474832461868608 2.66895834594098 2.34677592652848 1.85544645094834 0.862663246298272 2.31950388380194 -1.02083386419905 -0.620129273227781 1.33260753256966 -0.653722609384853 -3.87255388252528 -0.712664636949912 -0.482222086368427 2.81657367813096
"559" 0.0056254843157343 -0.44111453021782 -2.15575343566645 1.62708470271591 1.48981642189068 0.583913767501134 -0.86352197957352 -0.050104955686912 0.293488478393365 -1.92058381344311 0.546007880743194 -0.51758884024849 -1.44208896682301 -1.9190728924844 1.97097360853595 -0.14598982623738 1.96835877830295 -2.66587069344533 -1.08708457475845 -0.21603840007174 2.28697438171514 -1.63492268092222 1.97646584916972 -0.499453372963173 0.0293285018398956 0.170192790532942 -0.986117739736953 0.876224548695198 -1.05763485215584 -0.887186874953892 -0.677233175779592 1.98183149127284 1.25777710444724 -0.239818506648986 -0.885659499454874 -0.826568641559127 -1.15230104183581 -1.45489402944638 -1.11127540491408 -2.48594240833956 1.14126041030001 0.0779986744784949 -2.09921465274342 -1.51423260584703 1.44741284804023 1.18512419039381 -1.80897061639949 -3.30188649325719 -1.09430985376074 0.41539927238667
"560" -1.79089287586043 1.50523588280791 -1.05914518195559 0.74799250290053 -2.20017414929737 -1.79181254113672 -0.115911888866972 1.50643281543023 2.39952472593828 -0.730733252031071 1.28577208780707 1.61824671328419 0.886859779175321 0.771094618993219 0.988861864131057 1.43080916867949 0.290976213834371 -0.649026505656023 2.8402950281181 0.0883071830390471 -1.44669642891661 -1.66911963870662 1.67757408556612 0.864531357753116 -1.07443190640033 0.909100072203604 -0.369252206555908 -0.800261493691527 2.07318098711037 0.388782965401967 -0.28808850716065 1.2046600450998 0.271129189860182 1.16922365814149 0.327372873340634 1.13397246943083 0.0113357031219015 -0.535493921740198 -1.1888696645461 -0.265229288622326 1.44458544284763 0.0492246166803374 -0.0883899934234333 -3.2758348743874 2.03308381816571 0.981498861085036 1.75268879364823 1.91184376113461 -0.245580598030071 0.116903542308516
"561" 0.681429281439903 0.121381149413335 1.46405392472806 -1.15726992500545 -1.26822091251468 -0.275814707350644 -0.957732162134253 -1.10704064770789 -0.059643835900416 -1.84186365411387 -0.0464776383764431 0.461192151866774 1.34824470199827 0.950285453281521 0.408830290421798 -1.88990617864756 0.611208850723753 -1.2725307867418 -2.90938425578453 2.6172370250205 0.405509208708606 -2.16713964601343 3.39672208838576 -0.569397930042066 0.591277600276573 -2.38830723764242 -1.11807007246754 -1.0411492823809 1.00362936753888 -0.175972552090057 0.0564513121782639 0.582353265557095 -0.644797911264701 -1.07599224539825 1.13113685779864 -1.06423442450173 -0.768430171630976 -0.192742317662128 -0.712629528445497 -1.47064055875886 0.0310370625532248 -0.884082093886525 -0.0769602444353152 1.49448789067508 -2.91360154305666 -0.00418540448333905 1.64768762298165 0.128831373105234 -0.985615216194472 -0.891637642721378
"562" 0.233488616978759 -0.913957199950133 -1.13621155329843 -1.27615585067335 0.809179943931231 -1.45261205811934 1.1870659634074 -1.10252641735153 -0.297208828053493 -1.19582942686627 0.841397110692786 -0.0484616341546173 -0.150194549165212 0.33344681768129 -0.764635240704588 3.59597944403111 -2.76342630516877 2.03400586579928 0.777536702662797 -0.494561304379689 -0.857723631368622 2.78782528840903 0.441776369973589 -1.98916075703832 1.7499327915201 -1.24122468014167 0.864627648086552 -0.63270515733244 -0.593782616051207 0.372218314266361 -0.448370512702925 0.894180160644215 2.77735236503649 -3.36006340882868 2.05926321280959 -2.46953552593198 -4.27554729999008 -1.10997887556384 -1.46857552117251 -0.613131268595046 -0.974285220338759 -0.860330095220004 -0.538566159971929 1.13523262774938 -2.02166743320542 -1.33716032477639 0.63662080712338 1.81209569629637 1.55217014686884 -0.98367924911026
"563" -0.858898019225967 0.449177619713531 0.310052990778353 0.608263588187295 -0.162162650981561 0.189133952627213 1.35096634294979 1.89912133080339 0.479947582600183 -0.22337955414446 0.156335568131325 -2.62606074886398 -0.307759268304347 0.488011205124169 0.102790935575229 0.657518195236012 2.8447976191705 -2.4544459581373 0.656765848111278 -0.678556511585323 -1.73218657761446 1.84481901179861 -0.529401056905706 -1.61799821886272 1.12758657909313 -0.678283990319232 -1.61482586603499 2.50757186690526 -2.56559400182878 0.619778487434229 1.24458045214616 -0.279290916109745 0.705737601366046 0.167453276480828 0.797477964047322 0.472090846988899 0.482651443045039 1.31483707258489 -0.646818383657626 -1.96819161997529 0.741720087809628 -0.870695829910015 0.697839184873914 0.238649801366586 -2.5193319531555 -1.42779015860194 -0.843735366103658 -0.514297129383809 -1.79571459481777 1.28143097219347
"564" 1.12387479030797 1.63339373484162 0.312432696053985 1.52806461915726 -1.33150183636918 -1.46566375974827 1.78402253325262 0.805625816313859 -0.811776065897243 1.32165177098914 -1.07681170526382 1.09871530558452 3.48203125812127 0.709295682863675 0.837785448225154 1.63767487144222 -2.46429207881334 1.47103021135963 0.760542960288725 0.962027399610988 -0.645405542451445 -0.898668818849169 -0.511902456103376 3.09113784064381 -1.93903779892384 -1.6873006826848 -2.73627008438288 0.50462869316465 0.0527373503239156 -2.08675562485171 -1.26544204827414 -1.3803397994297 -1.93803207379926 0.733471020291808 0.548603366518179 1.22239925419158 -0.130083011932264 -2.08058800332812 -2.46702966575844 -0.940802311234368 -0.644034362256131 -1.50555735608513 2.2543765475507 0.077248685796445 1.02102971386528 1.22498386162448 -0.200506604691342 -0.64105602873132 -0.491097404367028 2.38910329879594
"565" 0.879980772354682 -0.810835691482855 0.51166384865489 0.642521389551396 -0.864651828903394 1.59976963534036 -2.84498469471437 -2.85323626523876 -1.27398810113981 0.411849091204561 -0.888536958360014 -0.504420695454715 0.381327169864932 1.73816957674425 -1.76082564717234 0.465658941109706 -2.74069133556383 2.95389125357065 0.0606300219819044 1.25854218820871 3.17704161411812 -3.55203776910846 1.10081372942708 -2.04161914779573 0.524406233936804 -0.126643578049015 -0.282694790560842 -2.13529901254909 0.0771049547407629 -2.15573698488151 -2.13019502747736 0.704002792804138 -1.59223082813336 -1.06261993394546 0.49411645394986 -1.056232812245 -0.452897644791964 -0.271998580416808 1.43950392079762 1.40010489184636 0.865534821458925 1.71434616941906 -3.22357877763187 -4.10977612736414 -0.668329234455766 -2.10360883706244 0.585396320271678 -0.732831733740965 -1.27511496052558 0.224832429795496
"566" 1.42140784172201 0.877047216357112 -0.482594369571234 0.95256153116284 1.66333352950908 0.762536203241653 1.27014982847305 2.82441853496585 1.23083559274518 -1.08621610816599 -0.933279426093424 -3.10156262652119 -1.13609186465983 0.306520001481072 0.451579042757606 -0.678815532070782 -0.50932100705103 1.28064260088605 -1.21923360025143 2.63485778450914 -0.554932224939563 -1.67602120432198 1.78951214342723 0.971759625924387 -1.51953875486341 1.78037875121377 1.12285068107735 -0.949252681207339 1.02402273041203 -1.23108591019197 -2.2039985267549 0.264651984942937 -0.897011106021749 1.88525898842201 -3.69611843480715 -2.95289562686509 -1.18244134827864 0.460454410216763 -0.0024473425546181 -1.40651346429298 2.56204734398728 0.208172021313364 1.56743878713883 -1.88711083296972 2.22468231244744 0.251811772780797 -0.292987161262679 -3.74108290104847 -3.1195588575775 0.221368446381128
"567" -1.92926222109627 1.12734342894423 0.332034037597412 -1.99778506393295 1.47092054495751 -0.0141686244456629 -0.184245035398616 -1.65565207912597 -1.41578863022974 -0.763770235586386 0.599104607948537 4.20276558356055 2.45606078345103 -0.881201770516789 -0.377916285840148 1.4129827300866 -0.221198100746737 -0.44161598481386 0.683856945950402 -2.30152173818166 3.00119705324034 -1.33913248929626 -0.973148768774622 0.839804399266817 -0.0019585005318171 0.280184404747117 -0.735360869052128 0.996367359099715 -0.692299185472607 -1.11369727896201 -0.201169871619532 0.0821275514370144 1.51692133508338 -0.488629023180599 -0.0661655470414246 2.56169519320741 0.0595913560464667 -0.734655239545793 -1.80094311871895 -1.72128436270099 -0.146812746689862 1.44692888979717 -1.62741097940418 -2.27651222570987 2.24818970436837 0.17731089659391 -0.238489135819957 0.314932613371955 0.645290209734713 1.18336605367993
"568" 0.506228034077945 -0.219588386536992 0.718208841534203 0.112930814355762 0.145005299932009 0.586009113402867 0.577073094056425 0.300953088518456 1.20431591963026 0.484519991435193 0.356963390490629 0.90017998067313 -1.73318435327619 -1.80289105971671 0.720563274482311 0.0456914780318977 0.346969393695354 -0.999683301194268 0.0993965437282072 -0.458080351230719 -1.54436676802977 1.6037546805285 -2.80016001289986 2.49615534348895 1.35653025366846 -0.0269263099565438 1.14652517576066 0.192358854510004 0.077393810174112 -1.90933381255812 -0.144674281145195 -0.488041526338755 -1.77207260123202 1.06052659728839 -0.177928965546703 0.324950997350372 -0.513083395821416 -1.23817522029859 -0.203696450908531 -0.279888607975228 -0.764001697929936 -1.09416537223801 0.647834440559315 0.208247929811958 -2.11414179296058 -3.07120477641438 -1.02889874939894 1.75053090921779 1.58468680671382 -0.0483688635123678
"569" -2.70794583670033 3.02547839994221 -0.113838742923565 1.87780002957671 -1.7256422722531 -0.397502243203606 -1.09956627698915 -1.13260502728271 -1.33296452416361 1.70310083500027 -1.59605087145661 -0.263845519548016 1.2001116922806 0.364261631527946 0.586574659576322 1.17958835419352 -1.92461349886535 1.68455778050461 3.2693997140056 -2.89370023363622 1.14801830635589 1.76371481152002 -1.04281038522913 -2.23393389690787 -0.461307602211753 0.583973605557844 -1.56846730421776 1.09093289546048 -0.210964579907576 0.0640557245018524 0.00479068571527804 -0.474757258676584 0.228544772087981 0.383001282655559 -0.976062810384084 0.254827947358302 -0.196539914435406 -0.389543215426643 -3.75437234082685 -3.52824234450821 1.02217269644357 0.890268888688497 0.207047373952277 0.526424830269489 -0.389524628285112 0.981556251436712 -1.10890121565171 -1.53006576069624 0.251370423196194 -1.33537620462169
"570" -1.14268773475483 0.319258797082835 0.445767615970698 0.444464597399365 -1.75907108907682 -2.31849100326188 0.932034972067711 -0.203812223489989 -2.63997276055771 2.19195511435771 1.37774814837799 2.73671816002322 -1.25483059558724 -0.653961567885094 -1.24055840294571 0.987399985861035 0.759776337427346 -0.750102187420357 0.162386039283289 0.208337970281132 0.467501417962414 -0.544658865711933 -1.3424914341718 0.408278603843779 1.24058454243529 1.28385377019657 -0.183145388657419 1.82917682434737 -0.814985533797358 -0.260930598020713 1.28466084326874 0.938310668674273 3.13565335942238 -0.578496094987184 -0.756434585079061 -0.0448599087323207 -1.00923561714317 0.067020442852378 1.44858161014404 0.3438667349504 -0.990088421961928 -4.1333125591058 1.74381916425407 0.0974486845742459 -0.84211709004027 -0.587189816549033 0.714648215446512 -0.140436622680214 -0.0983249091306413 1.50283470174015
"571" 0.741275380388531 -1.2073683956682 -0.772145406591804 1.50933359462774 -0.0118452680137713 2.28850593360394 -2.3049098835974 0.401043286981655 1.89046618936154 -0.482823651047111 -0.211918895229063 -0.633356771181268 -1.23153905808617 -1.06145751078645 0.572601684151348 -1.46219772456016 -2.40370165937586 2.4175787708001 -0.536891798042975 -1.01890901766007 -1.59630736508735 2.08912087598453 -1.75553891825497 0.374423215651398 1.63749943892257 -1.33432651147443 -2.81307450758069 2.05875830394953 -0.814219353230868 0.321652557288124 -0.103454742611657 -0.639084058258816 0.206316303456428 1.52871571813618 -3.76298098222266 -1.7651409998546 0.643375169860895 -0.262984071769857 0.333531622163935 0.912101868360396 0.883901250932229 1.35258599612456 -1.23816399753654 -0.867018444455864 -0.947464048162721 0.105495825905784 0.361926677855076 -0.979573344218242 0.259227778999287 -1.43177724445854
"572" 2.27602310412131 -3.77109673998557 -1.55228282224057 -0.0606858473937098 -0.0195601569396995 -0.420044012604531 -0.21891866165392 -1.30217048164873 1.21913529684318 -0.855410643018884 0.289262150356989 -0.203800641158599 -0.988359568439345 0.973695188177294 -0.302395569762476 0.262465950312405 -0.974547999609779 0.359056362915387 0.92100215636071 -0.3835404391003 -0.258718017760737 2.51489888543703 -1.29385939820971 -1.7372715201535 1.43215196880191 0.826226000312863 -0.538240762338388 2.42434785746434 -1.22400100358695 -0.214597022085203 0.481636669038888 0.361910474352407 -0.817396036393342 0.612024303372429 0.561068375559311 1.31509900442964 2.53920822719737 1.72100263638945 0.346874305957995 -0.401720934133112 -0.461844698614957 -0.292037601621758 -1.75793944921861 0.374130234322315 -0.451517942385339 0.780909736095768 -0.686575860125258 -3.11609105813814 -4.1392956536748 2.14396844562442
"573" -2.02785506226555 0.153890411667932 0.0489622941637816 -0.419900109253254 0.940201804153401 -0.39009802019075 -0.576852576007612 -0.28140140571696 -0.0738744512855763 0.96490842060497 -0.538573881974463 0.44982077621976 1.02086678480354 -0.0139412937124029 -0.321798223771625 1.02449955585668 0.65409832206241 -2.06808624583292 -0.416524446363764 2.62561338342381 -3.87127649635526 2.29064350956249 0.0298509164800234 0.15361291019758 -0.21478177571233 0.742605682405904 -0.36676666098912 1.13449055394843 1.43111293128473 2.73423823651942 0.905904144298155 1.11412247388149 -0.911334733499034 1.82418387816168 -0.987701484895514 0.506433496666157 1.50069167769196 -0.383786719587402 0.25211715294308 0.108059460309368 0.555373390726773 -1.49648409993398 0.701438392891681 0.351216321607148 -0.64003511309509 -0.93899704223238 -0.951854045049661 -0.285224811045273 1.66848729525099 -0.0499670734700006
"574" -2.56384924615159 -0.132145527211537 -1.47141666323147 -0.92109699060206 1.70034159174713 -0.0978672809399564 1.2960596460101 -0.27763023680723 -0.782087964247698 1.25762639879762 -0.696797806810539 0.0298735803363633 0.369421950731272 0.722660740035502 -0.777930718937292 1.99379106110948 -1.51222275165614 -1.53689302040559 -2.70037328694435 1.16244346725729 -1.81787687001415 1.47973054373474 -1.54315993717256 0.0150498201089992 0.486908285658017 -0.944716621395866 0.453527646630985 0.317684820096258 -0.535243639035052 -0.253924738403731 -0.381053421030258 -1.35630338275826 0.565958923961301 -2.48292549609945 2.3459529583082 3.5186168193165 1.88819479561171 1.19016040416133 2.29936838561663 0.649679078503646 0.187128599626791 1.7323272098574 -1.84554820199989 -1.53696808192701 1.30164586781178 2.11609096802575 2.01125564730597 0.620730843739236 2.65277428894772 -3.02879674978455
"575" -1.75284284124954 1.82218984100587 -0.961282820389604 -1.74672213513078 1.13224793434666 -1.40419526608526 -1.72644120226162 -0.148421504248236 0.478129946453099 3.17188920445595 -1.01348835636074 1.21780459786647 1.75232371157973 1.556559260625 0.227519904278698 0.71232028869655 -1.15587657548378 -1.7285687161958 -0.303059081551456 -1.4220516648911 0.0962539154509581 -0.34475977992128 0.502352599067115 1.84424153661006 -0.265417817042806 -3.20957552908143 -1.24989353357629 1.52945559812119 -1.77709999737642 1.24991583970163 3.25700220502146 -2.50688891408466 0.937947060183327 -3.06125860040498 3.07576940660078 -0.425357311590338 -1.39978720764582 0.806172570342709 1.95308767980691 -0.126775118802942 0.188051770234978 -2.35833793837891 2.73781692168242 0.620504770049116 0.497354664558665 -0.252002038085955 1.48559065378525 1.0714431163244 -1.34106388889603 0.771003746284515
"576" 0.571661755219499 -0.060845018196182 -1.17633366174749 1.38438739752765 -0.599076869023238 -1.82190772185376 0.962905303510874 -0.934809195005378 0.788875771383191 -0.570848035389196 0.738990890584948 1.63964450740486 1.05467532032415 1.49387495284198 -0.57565166521293 0.965697324540903 -1.07028388565336 -0.77607887059475 0.143417000070429 1.06414661243081 -3.6240237415598 2.10653970491679 0.998016600538756 -0.696303395823251 0.215988453145372 0.0626589947735914 0.41855133069927 2.71928571019253 -1.80599976661007 0.3397629424888 -0.983072930279555 1.78857539170196 1.72425401325004 -0.933621187617372 0.231624778807456 -1.03500660004644 -1.93576840342145 -0.729599819228136 -0.467373337397567 -1.82264526828005 0.527205320960013 -0.646682702369644 -0.810073664218672 1.99846839455413 -3.19297909754117 2.07741711779625 1.75295578430576 0.0724292592853102 2.88830724822156 -0.258025556542043
"577" -2.20433717107374 0.933940885376188 -1.12409680837651 0.779910452548315 1.28595587656589 1.33211199182532 -0.673029372595453 -0.0777245468876459 0.774345709881396 0.499308553433589 0.607324514345012 2.98639517636995 0.505280005506035 -2.97301213879197 0.816756685548848 1.97578667604999 -0.633459739728108 -0.136697059303124 -0.577335901201428 0.992972025573653 0.11875645310975 0.698493549406624 -0.915309162261066 -0.314822045426466 2.50911084069086 -2.69861635085764 -0.335638796215385 0.36595862388842 -1.93098455283832 -3.67675211800555 -4.32824335638259 2.25801191713265 1.60962048741778 -2.11486994200656 -0.132486310249863 -1.97120887274221 -1.62072456334704 -0.415629194931222 0.65671476768192 1.06430696066211 -0.578932237689302 -0.886049322117609 0.573466322105071 0.871624291054759 -2.95653518446928 -1.65431787476021 1.08650200499843 0.390841686715619 0.127005027403243 -0.565718407572941
"578" -3.98187373495595 0.629387680416095 -2.0211438747588 3.6872680034326 -1.72067652940491 2.2144690065859 -1.15204748243677 -0.382707058683901 0.596297943141167 -0.0784374995524276 0.184731111388631 0.312629268116735 -0.318493459764823 0.652182700861131 -0.267762113996959 -0.39146896967672 3.15666563664566 -2.17070622345499 -0.647705666984454 -1.61839187837988 1.92605104435589 1.18413290171062 -1.38496464591366 -0.71172046734544 -0.878958853204512 1.04216011517321 0.208527444531203 -0.363882266923628 0.576301008612004 2.06673810841399 -1.22712695097675 1.64067106580125 1.29653092202389 -2.23395331801698 0.259664439294908 -0.911326104981288 -0.171249879856294 -0.603147646967688 -1.24656115638438 0.0250299758876557 -0.463326726344338 -0.985603185581386 -0.563292923010561 -0.577137839189704 -2.43907285489916 -1.01776945610452 1.25208662720641 1.79911574962452 2.10386621003145 -0.978316231003698
"579" 0.909176847356012 -3.88950538923129 -2.45928811340612 0.30160154923784 1.54296543810989 3.70026726816956 -1.41032469675134 2.14521249687045 -0.176643110841504 1.06052736905525 1.46823995149654 1.57294487501493 1.59013363646876 0.957641461556847 1.04574191627297 -0.971183837913646 0.211289901061637 0.67728274509586 0.87155998906084 0.3722626285678 0.491675121888705 -1.62083322408592 2.52886185168271 -0.0928878383784721 0.0427303953380944 -1.59919477493891 0.864359856533135 -0.596727902225233 0.782276660311321 2.66252080295525 1.41176412374662 -1.75239862753909 -1.1870497263467 -2.57169413429974 2.22244828451412 -0.453073250239046 -0.824200000473702 0.534929022462257 0.818062883992222 0.292201715376131 -1.05028237778192 -1.58363448511472 -1.02874826580304 -0.649251490128706 -1.89327579377124 -3.02833029267843 -1.78239412073586 1.28278606772058 1.90851812926539 -0.322717560118666
"580" -1.17920234616098 -1.22903032938269 -0.935839741941489 2.15220348784226 -0.530521095522269 0.346391448956173 -0.0753741832837749 -0.921226308543277 -0.24902147465055 -1.30908851823436 0.00647394097430465 -0.276552270439777 -1.10332495286669 0.589819124596376 -1.45696474312583 -0.849830323782127 1.23340304440328 0.793852498591041 0.926856815217075 -0.380837199394664 0.334037140313981 -1.55752775210153 0.57820824569023 1.03515616960794 0.531257647227133 0.303076663943699 0.335614702229639 0.127677461110934 0.872586706040468 0.341961405431556 -0.611747518112454 -0.156575657246484 -0.12996977965578 -0.635612471807427 1.50082125588795 0.453378301655258 -1.47546003234123 -0.913493347717638 0.813513019564208 0.666185155270217 0.82180634031421 -2.1377903542284 2.52537499729548 -0.48750673707087 0.436811664365272 -1.39636541937272 -0.630499583974862 -0.286524583734655 -1.76758412964887 2.19249673472166
"581" 2.41899586117116 -1.34850698278766 0.0477377140004238 0.288972145788513 -0.690394125363309 0.525259755230732 -1.74369913236061 0.289035205892478 -0.228091032458071 -0.545589051538747 -0.461966146495494 -1.03719190718089 0.431353678829363 0.823935166515398 -0.0596874982183378 0.347903724188465 -0.817230925862602 1.72000461637693 -0.114875050418467 0.647545207154343 -0.0507097882145463 0.164612037108287 1.28603354332793 -2.57291743405928 2.54422866195178 1.40163684584584 0.932247234629001 0.951124833481547 1.49585310434449 1.8817541551541 -1.24067321863201 -0.145918741797742 -2.31124464363426 0.693932034911904 0.0964165618709786 -0.47966408430986 -0.764900487768993 -0.459543893648671 -1.58918776374975 -1.78967785842768 -1.12917989491881 -3.59835526044631 0.632336907797955 -0.470882789624344 -2.10288620104833 -3.85543321323469 -0.825845939609929 1.37226740414995 3.46683588438744 -1.03979648733127
"582" -0.0862563183621632 0.555105873156481 2.628913970691 -1.37518878440855 1.45969110374583 0.228761544076342 1.63667910744614 -0.904101547669234 -1.67232486669543 1.51224524928933 -0.522803531327123 0.274399098429358 -0.0351830283165523 -0.428829342566379 0.759060252259822 -2.37789459438602 2.69109987205537 -1.19722602770114 -0.68976513138538 0.58658590432835 0.87296997982215 -1.20501546184782 0.798011628016809 0.310486051568659 1.5521301934749 -0.721883859057854 0.447388976077398 -0.886358574168472 0.922857594935227 0.590258361162071 0.308805469260657 -0.400062790731895 -0.298784277553875 -1.36790650949828 0.0489818874061365 -0.457097333883149 -0.692299580371264 -1.00184474947845 0.0684007874497416 1.39084508472871 -1.90789402583468 -1.00233354273402 0.538572555204313 -0.0578742752408728 -0.417682490375673 -0.755380163469424 -0.588466373237232 -1.36553220265911 -0.579550164645232 0.867030380769872
"583" 1.35014188924745 -0.137591488652346 2.2084985612869 -0.406502459797403 0.67432754588847 1.89244812560021 2.09776886119342 3.14048372642108 0.891281351246916 -0.761281474201004 -0.101647968363364 -3.52835220144735 -5.21230107739192 -3.00155024171875 -0.938747219290345 1.63979885135363 -1.03250509609309 0.877783699615254 -0.123556558589672 -0.680745965603326 0.954143989878253 0.944071110424107 -0.0603889243292813 0.422896999424566 -0.254585306463689 -0.0399183381995221 -1.47580762139315 0.0504807830710227 1.11094740583889 -0.498030717987178 -0.669173145593311 0.777155562049642 -1.74768971120687 3.02087763252668 -1.74768954209522 -1.27468090417549 1.69443263157399 1.63751752938231 -0.815306470204768 -0.0551649322161784 -1.27448452025537 1.02264775490815 -0.045374103367153 1.32744383039913 1.74246875153934 0.315739136134462 -5.09741782428568 -4.49065959479075 -2.56620026740782 -0.100699775632739
"584" -0.6491249029804 2.54624841854287 1.81039374566765 -0.781387230007718 0.549882504529268 2.06868854580768 -2.20965195074614 -1.32207546189847 -2.19607593524642 1.80772093504904 0.999416004818091 1.53241826808151 -0.853001009873932 -1.57546718422359 -0.26355479475502 1.46050126372631 0.210961245379592 -2.9652240387247 0.228774875364208 -1.60747797766658 0.699814692289968 -0.235082439952203 -0.0590309358283912 -0.252470659463844 0.0365078146057179 -0.420088052859309 -0.436776059627449 2.13316714606442 -1.85156366238961 0.188681217458741 -0.613522926964422 2.08655764840948 2.38052764264349 -1.7557439591943 1.13785531628756 0.636421148252165 -0.367043010624817 0.736296485436424 1.14979639051934 -0.4235598372445 0.848441808918322 0.39233012423637 0.347604672767616 2.77311409415295 -0.798096616452966 -0.165093099235045 -2.7681702565822 -0.950599035651145 -0.849598396111914 0.504786571109349
"585" -0.692733909288564 -0.473034808397979 1.37513627288559 -0.833631642779906 -1.079773606886 -0.345110388979745 -0.702764883845157 -2.5130078455246 -0.73258199653433 1.5744914405555 -1.77450994383633 1.13571379702587 0.795772070573947 -1.02123082795516 0.283973872247715 0.148689658038691 -0.216316885469353 1.40842150392982 -0.618942597844557 0.952988112723871 -1.25092539495879 2.11401590306693 0.0912087550406464 -0.608646335619123 -2.17809684218475 3.56252735963593 1.1143437027575 -0.993090111946181 -0.717113125895332 0.31824344983591 2.55573575537164 -1.91497106334479 -1.26803982890303 0.165302264107843 0.870378971437416 2.56090343395277 1.94354210234056 1.69200622081431 1.63554754085606 -2.81801514990997 2.6054508641138 5.22316990203454e-05 -0.0825017224655446 -0.565974834347308 0.626368371500355 0.0871837958325428 -0.115239309078867 -1.36184770118638 -0.170893194394889 0.217907761470321
"586" 0.577000913578017 -2.65952202692628 -4.31264459298168 1.23463531133678 2.18971996573539 2.21229385412915 -1.36913776104018 -0.487056694469324 0.0866569098269794 -1.86659076129894 2.98998657989034 3.94867028891753 2.15310176248905 2.14756761246171 -3.17680327191538 1.81652733199244 -1.83313531986488 1.88367099269926 1.88940492304358 -2.67415739491159 0.813031372400558 1.16164084981464 0.131128634567348 0.97178624524962 -0.0398642903779778 -1.29353763253689 1.41104243858239 -2.25735898038061 -0.476527332308026 -2.88263378369696 -1.38108152321743 0.600465673378791 1.4894093152684 -0.644933586686992 -2.17396990734614 0.0516629091456393 3.14496451569991 0.596421010400686 -1.98114822823084 -0.721314884647991 2.65627643407471 1.40535669305857 0.625034166427263 0.788451264827177 -2.42798129833369 -1.20187366542298 0.303845471789609 0.683766411088454 2.2912781599322 -2.21336011671762
"587" -0.651871659150394 0.940882422404584 -0.11315730854754 2.12053990613453 0.558200237975686 0.135147164670937 1.56308406866286 0.548861465150668 -0.0967959906955682 0.208010954128438 -0.122861985347311 -2.05945096540473 -1.46344369283684 -0.640973636074278 1.8967029874568 -0.657746575125572 0.390047466014529 -1.25153148038495 0.854022308080224 1.26860382652759 -1.69816913958007 -1.48863557169467 -0.640768885122575 1.36234093213136 -0.901486755763223 -1.10289282122411 -0.826384172471554 -1.47991615457615 0.412858617583439 -0.535298501350104 0.190619220316258 -0.911528782322463 -1.23742721366122 1.4362910983626 -1.21385688210929 -0.751072576937688 -0.238124597840224 1.73546476799904 1.89450360612914 -0.272983898689787 1.19581669359732 2.29257539215009 0.37355509508899 1.88325712940364 0.931482985909482 3.33661408916111 1.02564376798253 -2.17401974249703 -1.28106790639732 -0.85855313885719
"588" 2.11828488960686 -0.813699627567666 -1.3354984382941 -0.421106938332199 0.560164929183418 0.343493276058932 0.27163204939676 -0.855222299496805 -1.04063524061203 0.203906918994871 -0.1679684619222 -1.10131872380885 -1.5220475451022 0.0230934758137036 -1.55692127275944 0.85443987503058 0.0823912609438295 -1.08281262273107 1.21482899699016 0.433068447549708 -1.64887719871065 -0.607804686866812 -1.40610448016121 1.97521685810272 1.10363987460756 -0.7436504404616 -0.98517673552349 0.315477182453242 0.625041618554761 0.31143786616664 -0.785479256785375 1.48553070154397 0.746175059710657 -1.18985627509819 1.55895239627148 1.01937651607536 0.400387021269135 1.44144686699334 2.19278879586645 3.09792287298565 -0.741194426184533 0.915473955200077 1.23625342961365 1.87452607724211 -1.7120324865231 -1.06899674644732 2.71530965016402 4.8287734742713 -1.01493550244571 0.844524372748429
"589" 0.120103761290837 1.62772102307654 1.45058184151507 -1.77232251837702 2.58084274121581 -0.728122237188875 1.88015181612847 0.0726388349464369 -1.52108683591603 0.227401295493985 1.04437383873924 0.989741452426485 2.58339602038461 2.31717193414596 0.207511242767389 0.0263132482081373 0.209337414697726 1.24545022843882 1.42001082142341 -0.551995136740902 -0.371149521178563 -1.42924036888871 1.21339833684269 -0.189548080429858 -0.846975232416107 1.33694209571751 -0.831839786681241 -1.95098508638208 1.47758595128334 0.77562840445555 0.561237351282251 -0.252276003111308 -1.0359205802706 0.576747639437389 0.782073646243158 2.601326856606 2.12894186280879 1.20766301335346 -1.03094899711503 -0.548979089127057 -1.60721678114553 0.0523805504461982 -1.7763207250218 -2.45409008900026 3.87215534416496 2.56653622804889 -0.495464680746795 -0.788377378556315 0.814126072632984 0.481943793505808
"590" -0.668042316767002 0.980439995505858 1.97413872660441 -1.71298284632965 0.857805396477354 -0.631285986199436 1.09178958684713 0.298583559932717 -0.0833358148369902 0.77434936207903 1.24573921784969 0.522362646981288 -0.972403982774407 -0.68202201603588 0.267722040116566 -0.929751160071665 1.86811312571978 -0.740478709853368 -0.0185126947526574 1.44010825396694 0.352895562049692 -1.42273481304418 1.71929811439112 -2.51802357206832 0.563550991213339 -1.29795631944858 -0.962577403023051 -1.25661829989063 1.30965349038914 -1.14882057492906 -2.35184514748883 0.617706114035025 0.0517444549574335 -2.21468673532761 0.895372991597409 -0.625891898724892 -0.00544712760664594 0.000750392182934569 -3.41291536669367 -3.18327177000084 0.724702752507145 -0.358630164650481 1.71551479166061 2.41461871227382 -0.849633464329351 0.0722732952644047 -1.63539947882873 -2.26917603978826 0.0155436115956909 -0.0127630961044998
"591" 0.0961673123006269 -1.64045015928834 -1.93411418378676 -0.219716964239786 1.31699513672236 3.1059281259851 -3.53381068568483 0.156309090793858 -1.72685958163759 4.30507623801308 -2.72806023615953 -1.10524151464108 -1.46975977390906 -1.74971787296653 0.869820689637083 -1.04584503241857 0.807372979551393 0.250175066659049 1.84795586432488 -1.58614717037795 1.70271046468815 -2.52877411800458 0.886598697604611 -0.815559179505584 -0.470515919573488 -0.0430247391230249 -1.58499366466514 -0.565435595280249 -0.428257156780359 -1.44727664601346 -1.28464456953881 0.106942581356059 -0.238661836054563 -1.13730856897099 0.321317137477413 0.690278875268365 -0.838575003700244 -1.24199432519513 -2.81052945469524 -0.873966880765426 -1.34187695533501 -0.833580800268685 -0.0779678467886405 0.480905402335344 -1.35641273309038 -1.90526378146764 0.767046156222082 2.60716354060208 0.782247694339702 1.09760849319037
"592" 3.55618828241709 -1.5722943077551 0.392708623846398 -0.33395813094225 -1.52357186978154 0.303316348036007 -3.18249265130566 -4.01379910529495 -2.54203761398061 -0.549654777929281 -0.266059768468626 -0.369873263601505 1.36501380916319 1.11972201024788 -0.353257280888415 -0.0376332221628752 -0.139285677986563 0.881770367091576 -0.56710321090839 1.41087231629445 1.93280270723575 -2.33280711532834 0.716288487492658 -0.0807230459051247 -1.72901951303929 0.477864502505655 -0.681461960651224 -0.493018111738936 0.35915251985394 0.626286623605792 1.81439361594212 1.14608897541057 1.69969361911365 0.133669887319091 -2.2749656375425 -2.87610461124067 -2.59030137954047 -2.95662065674528 -1.83824773585405 -1.87011798118936 2.55108077461621 -0.0322156292349877 1.87540087457275 -0.693905622780411 1.2457726519749 0.550584103381186 1.2936169202653 -1.26377031083182 0.939421674727963 -0.0863230725827831
"593" 1.0600630208598 -0.467487790737991 -1.52276768372825 -0.888194140818912 0.499055480823464 -1.79694945643577 -0.557081794982016 -0.182275489911881 -1.51711270632911 3.08352704604524 0.953975106102466 1.92899498292084 2.85222018335883 2.74209919331916 0.0477133708173463 1.45927469948599 -1.6640215550115 -1.0063837373246 -1.0986954541517 -1.70120689233827 1.21533953788183 -1.62945587674356 0.348132195707266 0.90527945823565 -0.491882897976195 -0.199796669134951 -0.832580720825048 0.799037233195698 0.473170059528567 -0.99739414690001 -1.08209890960679 0.0369101497622172 -0.259881342829146 -1.03022010740799 0.0612344126117445 -1.89023156329344 -0.00417424258511376 1.47096274184602 0.827583986547754 1.54481008674284 -1.78593305201028 -0.350977701599887 0.311731501070186 1.86030936701192 -1.53455179567721 -2.27471400977879 -0.583645498413901 0.340399153312975 -0.341634088598408 0.175083822572039
"594" -1.19663678466715 1.75679965000058 -1.53604893303604 1.17784487296449 0.113326570589804 -0.44238891075556 -1.14691750784535 -0.0231554253175287 0.731084571436767 0.785451467664622 -0.825223038793955 1.1549953799577 1.99452029302047 0.328698808590771 1.35388998525373 -2.36764055529818 2.89781429290755 -2.36302492175576 -0.666711602362374 0.519166046603233 -0.155742551871762 0.166198924389456 2.55586600535002 -3.52832457291236 2.24837919779248 -2.07960454554114 -2.30762142456481 1.55453605171243 -2.23647560575953 -0.0199858538604458 0.405347355213639 0.943122302872301 0.515459359462358 -0.196626481684365 -1.25980244589024 -0.861748645378609 -3.01871734726121 -2.50835138909394 0.724576914736492 1.25693078697698 -1.43556856863038 -1.10725573925056 2.0333551512489 1.5307806646953 -1.65643369209596 -2.7081731070732 -1.50552985461184 -0.941015849154811 -0.414172576869671 -1.67174058936107
"595" -0.0866439614167637 -0.8798268077953 1.40589861574434 -2.71775453073593 1.74469584513354 -0.0706689724701007 1.98145661458454 0.315036395789704 0.656971553848725 -1.6238319102752 -0.323284640934991 -1.24361375114383 0.0681008605620876 -1.61437683160596 3.35737432384392 0.159389425135313 -1.59011881051159 1.11748321373103 2.09506768657666 -2.28272285365466 0.0994738338435443 -0.659905992727117 1.49000206556161 -1.16968820959746 0.782405009942386 1.09019559976645 0.844040794274211 0.493776024741102 -1.5593770275761 -2.06183168060786 -0.773453455045752 -0.0396962617019659 -1.64329698357722 -0.432599880813443 -0.469642477642561 0.850904547500007 1.94422378426427 0.121415181575456 0.745742297389028 1.49556499273422 -2.24720068761352 -1.59753183681132 -0.499644729655192 -0.7487656277269 1.11856267536689 0.99834325139884 -0.385335515583678 -0.564800665587105 -1.10204888014274 0.360939768653208
"596" 0.313998169706587 -2.59137132188189 -2.19088468029418 -0.238906414797153 -0.703426418047257 0.425826738299119 -1.66026436373106 0.811394345144161 0.0346030212487375 0.103410738027775 2.1097801109967 1.07948408164635 0.43981157504724 1.55345471935845 -0.491695456614201 -2.2877727031687 1.53820257854033 -2.22451902799623 -0.156632678340296 -2.81603406477304 -0.998752335174508 1.85496397811899 1.42846224705537 -2.43446960705471 0.529728160226073 2.8394812764267 1.44906111951946 -0.253823719066599 -0.631463879564014 1.89400486707943 3.15569048868846 0.457403741508736 0.411200327211871 0.77505528969504 2.08571275208687 1.66857506384383 0.53552488077541 1.36866047589958 -0.738878726332762 -1.29379415471193 -0.888570250966175 -1.12858140070238 -1.20936528669095 -1.6884443117022 1.30564485886259 2.0678204436879 2.63685113964772 -2.31951927096816 -2.97467811308395 0.682916465933725
"597" -1.682677153581 1.35989908712775 0.723691870184529 -1.43163012694622 0.336274790621075 1.76428550846107 -1.23074297407861 0.290534318582605 -0.0156676603527059 -0.449496925938409 -0.485141272357808 2.18885211188079 1.24092754654188 1.14778848418524 -2.04792064197261 -0.45520871917459 0.717411900004187 0.288622852163666 0.451621335513786 -1.62755804638034 2.08149587608497 -1.7370188014901 2.46993191489573 -0.459488490982048 0.801395164156673 -0.706350060061745 -0.478655697707073 0.85163403752409 -0.839317166862139 -1.12983675841252 -0.937740374887868 0.423636756881426 1.43255178633008 -2.48624732520713 0.4178778315318 0.583696259200948 4.42485505979693 4.45704902688112 1.52038723488977 -1.62922085630402 2.14566148415226 0.93319385985074 1.81545455217574 1.74435014822032 -1.89557677306383 -2.01094037200939 0.771619175536152 0.99609130561445 -0.246374906885839 0.984250160239867
"598" 0.491821531351906 -0.952623591111751 -3.22511429888904 1.91847892330554 0.211468244451532 -0.793652591408925 -0.272293844494664 -1.79105891029419 -1.0380260463742 1.8252356405658 -1.00330390571288 0.95521236925454 1.78117155730954 0.671183048917343 -0.803958931118837 -0.365694436107388 -0.964332952530128 2.4942347520364 -0.00516877114450166 0.562730039679771 0.574496628738521 -0.834028321505234 1.32707087407888 -1.1661222162639 -1.04326327339515 0.200259085162338 -0.676196006768902 -0.0337851403150542 -1.21456128493326 -1.71091698203073 -1.8745110218621 -0.0695310887867544 -0.162539030853374 -0.637063053811583 1.62987913274432 2.24872841724506 1.32339123678112 2.04012153937096 1.47259242670138 0.880288933143886 1.5800801673518 1.05095861789552 -1.43139177701381 -0.232279864490368 0.0304395109079155 0.239511311951781 1.48981569310197 1.89127507000499 -0.312877925236861 0.766768882151276
"599" -1.37580616157236 -1.6253799107394 1.40067796224666 -4.09007186132518 3.04156953199774 0.842895593274173 -1.63112508543914 0.175511973095443 2.36949604866911 0.240477808856147 -0.756417507515771 1.69239349574024 -1.05320727458741 -4.52494784460117 2.01972472375857 0.594878619501722 -1.31376379107202 1.25384743870252 -1.28797593123722 0.898435683439584 0.849105696862132 -1.90228856305979 0.500104918705656 -1.23134640473499 -0.0241225006941296 0.660494799301058 0.452440066797197 1.12730945075082 -1.49120273985639 1.04386507876428 3.62871171022984 -2.91144631704608 -0.657577922520993 -1.14798400962928 -0.0939020772939098 -0.607056137871193 0.925434015054671 2.34190488411104 2.43589582547835 2.23483949528933 -1.4981150252125 -1.27810361294172 2.22494347456449 1.32127935448906 0.637249100886436 0.990489008743696 0.320088657097365 0.559305653303539 1.21835957087574 0.586341318557108
"600" -0.669063463639084 -2.09436241933528 -3.02201923643602 0.998980427103878 1.78212562468561 -0.387978205545644 1.34241469515268 -0.139432599413834 -0.10490376188414 -0.34454757156702 -0.201558928145008 -1.39370026065663 -0.537231902972753 -1.95691168099175 1.03163708508229 0.197642040644122 2.9153306695531 -2.56132433577756 -2.90382547380721 1.77442313609639 1.97881363759283 0.593720186616922 -1.21293570198748 -1.22456027803801 1.4307578225458 -0.376577967294 0.391285648068055 0.387307131096574 -1.72349919242334 0.35987147992036 1.60456354109925 -2.00422386821221 -0.16494371205693 0.496767769743691 -0.396709332352055 1.40656475716666 1.26550668244133 -0.707305742551033 1.7171024922752 2.75201389074949 -1.28906241587256 -1.94791879105894 1.43688100722753 0.0945731092397654 1.88336119918019 0.360290318054783 -0.865323563637475 0.494910078866995 -1.64208949540742 1.40110215878193
"601" 2.02160041230192 -0.580838235206479 1.98099499890948 -1.39244431256519 1.0211154802813 0.063008147240586 0.970223905067019 1.0296395971773 -1.96276808898108 1.47588610671584 1.43683780084513 1.81248912115861 -1.26953061506138 -0.977775404091288 -3.65011901908188 4.11122839875819 -1.19141186995502 0.0862199277412707 0.477519977844318 -0.502874041675806 -0.525215807703092 2.161270480455 -2.35377240586468 -1.11004718649016 1.03342170708875 -0.42080398824197 -1.17469971951718 3.79736887331709 -3.49305286072598 -1.61707256898163 0.365533418595089 -1.26425470218824 -0.239762110402655 -1.48010835884853 1.74169894535886 0.599898438912532 0.418973586019543 0.273693271955549 0.697715428120847 2.4192066729501 -0.227143096659482 3.31377280170938 -2.9983971297837 -0.460976740020074 -4.18339269541136 -3.57972942651733 -1.60061869658041 -0.979100113840072 1.56816366643136 -0.21265663817844
"602" 1.02046276792332 -0.585835856684797 0.169924372916623 -1.16454576588812 1.89878405259877 0.928969783293672 0.316755430437456 -0.266134864950731 -1.64116704663819 1.41269418168001 1.28683270913234 0.176334315096587 0.989751152158066 0.713770616097138 -0.116419040953417 -0.435361578051135 2.19776054518472 -0.548598039466777 0.0988060439256968 -1.2718288733461 -0.136379301336881 3.15194886553801 -2.68723750061678 -0.495490694889774 1.55595362704743 0.949408727501522 1.20699485219685 -1.5568961352286 2.20443529847996 1.4408461296759 0.484056212215029 -0.740189918975923 0.289764681645649 0.862352442210232 -2.13835048697462 0.838092840923643 -0.131310907792431 -1.16464455213776 0.673740744773398 2.35487895292882 -1.45479271066628 -1.20240460300022 2.4636969114888 0.584889418347359 1.95858167266451 -0.0296777881368527 -3.16460141088153 -1.53474654602102 0.291656494552385 -1.45203426304224
"603" -1.53314233258879 0.888261084804907 0.277352391445087 1.41727298547335 0.630488247749797 2.38402978149789 -1.29512166299276 -0.732726805387034 -0.462318859126778 0.733092648143685 -0.550623367539219 0.202229378365548 -0.27799892913864 -0.0016383764510216 -0.368718105705422 2.4399701406206 -1.96727502331129 -0.262644245779271 0.304587289201329 -0.822719113121449 0.0346161573544284 0.332874369339412 1.3556756408548 1.0112504149781 -2.87327943138359 1.5526179922834 0.96056605512652 -3.87383085672963 0.924453412119018 -1.73711774467087 -2.03947176154 -0.307489535218802 -0.625085217080931 -0.0301823001524787 0.0669613468981375 -1.66196528646915 -2.52316485916701 0.447707903044183 0.335656774771326 -0.235656676283774 -2.0989225958977 -0.236299667006691 -0.8174212849729 -2.03548357083619 0.497373391322776 -1.04788083637457 0.559693752214375 -1.21301234009594 -2.88068157108046 2.21362794760756
"604" 0.106724092809197 -0.785217687696234 -2.9673857349125 2.25637443036622 -1.14494899046501 -0.187682197859647 -1.28286540086695 -1.94199350499573 -1.89563550156348 1.46399020277982 -0.106746977975964 1.36265019062853 2.51462071099947 0.329349367256088 1.65722352909371 -0.484835085837743 0.549483824832717 0.373827548066835 1.97510177965681 -0.176164414532079 -0.924838506828447 -0.0117179838508084 0.746524586474288 -0.471101314558062 0.372268510518838 1.40042476515486 0.377471815253405 1.29039626823957 -0.577525694662426 1.08575259340779 1.02876152253558 -3.00385468535573 -1.42318364817429 0.680475242374254 -1.80818810311557 -0.872101457647038 -0.384404994292232 2.47346248331907 1.35697118525015 -0.287105214096288 0.697241850392788 0.584242125618952 0.08212546894286 0.387307668569102 -1.02935677054087 -0.426164400537136 1.55421844295544 1.73708780134667 -0.253180059505379 0.779541504290565
"605" 1.58119698997835 0.0392594853104887 -2.96098017296868 3.85827899494328 -0.062052344009218 0.24115789375021 0.978162605735495 0.146633743074216 -0.833906189483662 0.265663998584027 0.84081892785822 -0.451630793568121 0.704065427876922 2.20748778337952 -2.07383205948213 1.82400224788433 0.372800129943012 0.454984250196861 2.77350473378316 -1.6870729982708 0.189529154397386 -0.516499714110874 0.740780458978862 -1.96252989447387 2.99627356922201 -0.977036272122785 -0.215837416331895 0.177436297774153 -0.0976148823440844 0.362311503521114 -0.604749420616408 0.0513987132116332 0.682302920063182 1.85153485156782 -1.0449817092009 0.510001563656721 -1.15869877099599 -3.26667931477566 -2.43560789824361 -0.678346266898334 -0.478191801090202 -2.26650873533333 2.04079796823361 -0.242452845950264 -0.631537996096711 -0.660476607577905 -0.33127330701678 -0.0152506694814156 0.876413855808569 0.514785512432035
"606" -0.676200487149347 -0.200220222628448 0.743821199720659 -0.651070775917184 0.345308401234886 1.10934159746611 0.403183657363855 1.32862334196033 -0.559974760306946 1.47618737015934 -1.13072800062481 -0.399738258738023 0.168289502670166 -1.24463910476073 1.61988627853048 2.27483226600763 -0.0607510048184912 -2.69053042159748 -0.776188057402793 0.409327903591967 0.46208024923625 -0.0547749230011945 -1.73954432320486 1.5079309233883 -0.118092197385512 -1.44562840185197 -1.46104809783058 2.67727562343227 -3.168760245633 -2.88531048819312 -1.94211437834565 -0.127350180278218 -0.560153357221739 1.53020109555022 -0.501738516382754 0.67696268111689 0.564570830345339 -0.931969698982585 0.66192787619401 1.3401300046771 -0.310821796892307 1.54745886472608 0.00436557044040787 1.64704518917374 0.0439643228964483 0.617476021214637 -0.0598977719895081 -0.815768414734319 -0.754128329808209 -0.173806883395624
"607" -1.6089825901959 0.733969842972416 0.110083320260156 0.798040424217068 -0.0179233544315853 -0.294821029710711 -1.11146167159357 -2.86115417704655 -0.596041828190878 0.156968561908037 0.0448781619527933 2.01470791455309 1.98774067397236 0.773742069963124 0.390326446636634 -1.26272254133278 2.15401894430981 -0.749229874776527 1.38204419082817 -0.14218970790974 -2.53624177555395 -0.103544092716292 0.84493099631937 1.08713483676664 0.263520382110602 -0.973064550912418 -0.4810788406684 -1.40363134796273 0.678947237888221 0.0167663387702403 0.639194347096623 0.366203344971641 0.456158806590411 0.107497037551621 0.367860025397641 1.06080253976656 2.75102512217766 1.81672448532578 0.16119401807236 -1.15808845504821 0.299271760022003 0.00960586291645762 -1.13929010989344 -1.29130720567292 1.44825861393132 -0.394503091892426 -0.700409391514985 0.543850021186442 0.989511153515441 -0.548953889581476
"608" -1.14412946229637 0.830987467852683 0.92850629197087 -0.886859563917366 0.169074306446967 -0.692869713635882 -0.553331375205083 0.196885728054061 1.03218782304672 -1.74640472567973 3.54413004809292 4.59917384111479 -0.0758454546685297 -1.44411227199674 0.20644718955993 -0.43652537594868 0.628732713760948 -0.78514831181481 -1.4760078256867 3.20875900487215 -1.64059630070814 -0.322339935362409 -0.012262488058992 0.163924542497094 -1.51833450281883 -0.312323776395597 -2.81681609033226 1.53159203840832 0.0172981095408273 -0.175326870847804 -1.16042647762896 0.981780151871744 0.154232592571403 0.104581791700499 1.06894430807229 -1.01876637442813 -0.600310932373099 1.51800465286107 -0.431441863129258 -1.74007942119123 0.210199403656062 -0.741703813493138 -1.57613434717365 -1.93384248639493 1.89221382237074 0.094498680396768 0.134992309724854 0.300346827085102 -1.30319439741332 -0.881860851201337
"609" -1.65032395895365 2.67787483901728 2.45801228312164 0.443671308626112 -0.799501057936509 -2.29867351784019 3.61821131594911 5.20724995399611 2.91985163298081 -1.17295200307288 -0.0302748374094099 -0.772259878917689 -1.16047615717467 1.11222257396333 -1.61180865010633 1.38212361812108 -1.18124238785986 1.18391660856698 1.29804008868448 -1.0515153909237 2.85184193391902 -3.38500170874537 2.08766413163536 1.15188358319309 -1.65841126259824 0.0402496146882755 0.412630500423245 -0.410087729878293 0.83068362846786 -1.24822786557324 -1.60543712716118 -0.67248038609742 -1.90422371296147 1.79833473000733 1.82331922347437 2.88602526771163 -0.140211184154321 1.62266975947344 2.05962380440337 -1.92829858531869 1.3994540005624 -2.32146028376895 1.87072321492164 -0.727640613718961 2.17842616540669 -0.194843324700266 -2.30344274084473 -2.19033766599261 -0.742605257753603 -0.455312724469387
"610" -1.6733604199396 -0.558443051069017 -1.58904020476451 0.449139732404181 -0.845360559110614 -1.21009326086389 -0.23866142446302 0.0262561881862175 0.458171114280267 -0.372718181982526 -0.289267048648761 0.104107130370892 0.87877124139623 2.31856858241303 -2.00558363164541 -0.0665899503292994 -0.957760309570037 1.34165055482848 1.02021868144363 0.82823978200529 -2.40077940261641 0.441552031146578 1.17619158016479 0.501029688276149 -0.671069278736308 1.31291242160713 1.38084692079705 0.11492659704993 -1.57853257530031 -0.576540098118313 0.401534204947835 -0.124411258364672 0.915230992944546 -1.96683648339572 1.09827365418482 0.757122538407963 2.35638893225568 2.99471658982546 0.299542439360517 -0.809888516647616 -1.54408358453943 -0.0324853192658016 -2.29727663789572 -0.606051566523282 -0.862247818688818 0.587228488162414 0.227580960327964 -0.866638270954548 -1.60644304733959 1.20500914742433
"611" -1.34810089683611 1.92568424583685 3.18158044649917 -0.900074769391932 0.96300223817325 2.61309360027443 -1.19283357718029 0.626715631170229 1.05015578733641 -2.21729937259831 1.26223559013849 0.732539683149755 1.64052429675445 1.44807423651191 0.842727168151057 -0.0811174669321479 0.845116089759894 -1.86837051859705 0.932942093353521 -0.413964536242439 -1.31978466334364 1.08928166625397 -1.93283621269325 2.40700029969913 -1.89767468904049 2.60201516433503 0.650128054898147 1.23923561234577 0.51047560039113 1.08884364872453 2.07428636250444 0.344328206025725 0.194924512238961 0.519457331553654 0.331973099747694 0.484068571652368 -1.86784014950829 -1.84172255423519 -0.162288553382779 -1.83058771632882 2.62960935445397 1.56670932859578 2.82034410502586 1.66544771552964 1.14010555564266 -0.254346208039435 -1.09731362038273 -0.378508780895595 0.70161793940506 -0.456577329965204
"612" -1.65184020373659 3.51248335624682 1.51336196035507 -1.46744389411621 -0.305220130333821 -1.63515280883012 1.58951476183946 1.7929038229469 0.829460861340669 1.12843313583017 0.79570797151513 1.5066362428501 -0.265054290854125 -0.41384198746902 0.439885329546349 -0.781162428391738 -0.926337353822613 -0.379219809448965 -2.98903058471591 3.41705314302607 -1.10892655367978 0.112559163269856 1.69749539467764 -4.38988349979735 2.49742815763285 -2.45226908998398 -4.7514498151641 2.74053992555334 0.691491475723206 0.045251081177462 -1.97476485354054 0.138114999403228 0.497473529215165 -1.7569991200839 -0.299817065022587 0.344117829456485 0.944998517119487 -0.706436310795689 0.816846611248999 1.36343012700769 -1.19408714750561 1.34865224346937 -1.75303637512867 -0.129751615518955 0.766214124946638 1.73756625088258 2.15532849864847 0.616466003414361 -1.12224657274226 0.0554655731761555
"613" 2.22736797053785 -0.365591914015544 0.0429211335105763 -0.159890108171635 -0.0960071544103666 -1.84037480809893 2.04418827052335 2.322994240587 2.34463932026014 1.05498509907737 -1.92959061767409 -1.32798573636447 -2.12790994259218 -2.7602406187895 0.303896685942032 -0.637501761513927 0.0767304447219607 0.566902459278882 1.79171683765194 -0.306893966707792 -0.830421226071204 0.937012335464746 -0.131948801695402 -0.0209847500370881 -0.680798935761345 -0.672955280815924 -2.5465236976394 2.49728491565569 -1.35505833356646 0.662625336913452 0.797490384383446 -0.363889486773669 -0.912130281063908 0.499072971737287 -0.98461673073353 1.38540833118317 -0.59822095502316 -2.46633776947425 0.156160465891882 1.6571207973417 -0.341382718862415 3.90782166552739 -2.23197529817088 -0.735407741456238 -1.78501653367605 -1.08175166243806 1.62440590151351 0.825017934733558 -0.0544373427536398 0.0185614140595717
"614" -2.945891588382 1.06366433463893 -0.53722214532867 1.06510294102107 0.485939472241905 0.790764577415538 -0.560437382301795 -2.68001685990554 -0.260186785224667 0.672591179543294 -1.24438010524261 -1.21990736827504 -0.542789886271057 -0.409689442171785 -0.984602667805086 2.26414083968473 -0.2211191310332 -0.957343468296095 -1.33009527836579 -0.846036877186176 2.91484569985343 -1.12126989861404 0.574044173310601 0.259661489791971 -1.98887845381251 2.90159946558196 2.48428795371891 -2.02366611819307 2.18028741158662 1.29224651881352 2.20461367022595 -2.68230630972504 0.590865169432682 0.82930455613079 -1.44067866125741 -0.44197284795406 -0.941117269486228 -1.07596445868626 1.90701124407796 3.49738109828464 0.369823494510897 0.464200679114401 1.42514554310858 3.2331868456454 -0.721162659681488 1.09150450573658 2.31452205011502 1.79453711540261 1.15216757332396 -0.352909712555418
"615" -1.7315351066918 0.375511430234905 -0.708213010700778 1.06363288905236 -1.3022106712876 -0.0865199248914076 -0.568574779574415 -0.970531585340028 -1.27908492165079 0.203847980568851 -0.124553257862904 1.48438339991603 -1.27623273963591 -2.6255032832751 -0.986408874646115 0.61633543775137 0.437004980477961 0.123523785182367 0.834830661409543 -0.0581743756757199 -0.679430008576393 2.22103750706976 -2.38121732436959 -0.0219085073557079 2.82511381449814 -2.10545623716228 0.574593370961174 -1.28245828600086 -0.5524103710659 -0.438612579430988 0.820716214370769 -1.22550545417026 -1.07936913102277 -0.252041804991265 1.92134817006143 1.24729845731687 -1.05027305394507 -1.60404080493894 -0.743941741705524 -1.20992064405479 -0.290020837130421 -0.989651518558265 -0.163187517886746 1.19024258283945 0.211819834959015 3.49061227423663 0.1273129279897 -2.86367736287331 -0.59259830506973 0.730636652094703
"616" -0.00683849399769115 1.82801462036667 1.87793168006569 -0.690423674530581 0.636703258043244 -0.410586048146616 1.53109217543765 1.31623014537067 -1.82476245494012 2.51087486225183 -1.08370504079055 -0.643854180252206 -1.16021179553993 -0.990009999176557 1.36513685217289 -0.743436791334123 -0.779451129660972 -0.104672579284912 1.14788174053031 -1.74208184587241 0.995046453599397 -0.757221356294418 2.61687836676319 -2.23701753142265 -0.936986445833426 0.211330195327553 -0.685516486020497 -0.551777204151297 2.44655640886 0.790595709203703 -0.355844045085461 0.26994428531735 -0.438773419836237 -2.55908349753602 -0.367081215604192 -0.63107008170955 1.10241935757462 1.1945015876783 1.87146946172963 1.79113065790718 -2.64179811340476 -0.448843185963591 -1.44304216480282 0.0752327282033452 -0.125857357610994 0.242337555287677 -0.07962951368536 -0.248831537149918 -0.478926652038783 -1.25220924481303
"617" 1.91547516216329 -3.11475426127689 -0.887579861236527 0.7037877357142 -0.300504500434187 -0.248278216638161 0.713672677612779 -2.50986669901015 -2.59992432766129 0.0941706092837361 1.57406142437035 1.65813450081609 0.564748393351322 -0.372238898069263 0.698138886265844 -1.88730225456414 -1.53198170368159 0.101488653824298 0.708292291168656 -1.11856929933559 0.289602785624239 -2.39995922697691 0.301592620792161 1.6363071058225 -0.668399270731677 1.07013986743205 3.56790145469131 -1.55979787005822 -0.689710422283561 0.0516130256713921 -0.528053853282086 -0.258426405466159 -4.02224636913935 1.92588642444974 0.689154463359208 -1.16819362342458 -0.655551119781306 0.73729851667357 0.429678242160431 -0.297819405864702 1.63418668650244 2.49829564700639 -0.180826846612939 -0.409417865811837 -0.52104059457915 -0.562789659302172 -0.375701755754209 -1.78374675796767 -1.95531539689049 2.1839592251969
"618" -0.0730595963210908 0.220604611841289 0.165920755476687 -1.22774583331167 2.02405146068024 1.18471098033504 -1.62650926660247 -1.79955577108477 0.138305459526731 -0.623299782401778 1.05800940266837 1.06656188550196 4.08816505315117 3.30371720996458 -0.987828427095593 1.97210194712144 -1.96776126955403 0.777141925867079 -1.9874425171734 0.136605798739198 1.15287921754647 0.782060950324698 -2.24626466495279 -0.754513191007994 2.14425511799114 -1.93852665752558 0.807408727940797 -1.00150773136209 -1.38425622800182 -1.67574819641853 -0.568911607077007 -0.107903322919219 0.320718384072153 -0.612986658043601 0.997765791341187 -1.06555655670429 -0.848358055310855 1.15710750004166 -1.18444917660862 -3.06708092519157 0.711637205815311 -0.64298345552332 0.0748974879857068 1.4721165210253 1.45295747160767 1.46052632130691 -1.02003537746713 -1.10536554445299 -0.0526598794963615 0.629624555299307
"619" -1.47583081326247 -0.48204325563773 0.157277493980583 -0.480226800614794 1.75871551035646 1.26297083952618 0.108668485542993 -0.874585413844176 -3.35916786118214 0.940421595013995 -0.464880016169764 -1.84684793622617 0.716253490017661 2.03337939500448 -0.582699062032295 1.97551288199323 -2.14930449885401 -0.0139134107966634 1.38173973719402 -0.127752773683255 0.260939381686208 -0.341439782224509 -1.3348148852279 -0.990310819983766 2.34623104956768 -2.83028495051155 -1.9715058734802 -0.708791284094712 -0.306948418473668 -0.37177625811969 0.338507586556486 1.2446815857613 -0.165329265915478 1.09047812974601 -1.38924175058604 -0.24902793643686 0.0511031497432591 0.323237081510515 -1.30053520953046 -1.68529192118475 2.70261171203552 1.57287016961145 -0.737102313881417 -0.482999864468643 -1.04653967102528 0.733049540692439 0.8047432871506 -0.163173722427942 -1.51983302385981 2.12194318349921
"620" -0.137787985821044 -0.723086209553746 -1.49201670591987 3.08069439343863 -0.32847500410671 1.40703677644299 0.0775838617347734 -0.0157664026331485 -1.60474667741533 1.23359035825826 1.09401519720524 0.799108911529067 -0.469936565721703 -0.682664602255808 0.358596261416641 1.60991000960489 -2.70782236732696 -0.94680879556114 -1.22779619078909 1.87487625012126 -2.52368478882942 -1.05295976675297 0.758564309427184 -0.400623133102631 1.28430552091536 0.363702426733559 0.166868680856233 0.727735980516049 -1.40004657981954 -3.22647900376541 -1.30881083110317 -2.11078210013563 -1.72272707485226 0.664245794069484 0.318952464323628 2.29465058474235 3.05584822693806 -0.051506581888159 -0.972716727257962 0.258440100543378 1.70004658974102 0.00538519055997172 2.46400202658264 2.68492269839706 -0.665300685341363 1.19471145711226 1.32456017001876 0.364461853657923 -0.0732898383345912 -0.660818293900066
"621" 1.34925344395402 0.470785906252602 1.6359109426228 -1.54677770788402 1.48993000255738 -0.271382048348102 -1.09802015673468 -2.3827183522053 -0.634584697662832 -0.396155166627084 0.381507637881322 -0.338220566148854 0.726600250931102 1.18133903188796 2.02488255900184 -2.99085924577129 2.0586782849094 -1.50936122709887 -0.442879512316623 0.495180856602019 1.17451021542506 -2.49415218741554 1.33467655598879 0.738221723035883 0.303213358020916 1.08942640789047 2.5542219061935 -0.351411664761999 -2.17771460205079 -1.71789808452123 -0.843584931899797 0.0747949025057291 0.0889130043146137 0.517368802482261 -1.42102095507516 -1.44051480905375 0.874050281600467 -0.117324221790829 -1.29010457657629 1.19325140282076 -0.995595485506554 -0.635332759112544 -0.757872680461144 -1.47675662872674 0.0905470418040727 -0.166660123318679 -2.14634267329697 -3.32837116190016 0.145607271186459 -1.71402926020518
"622" 2.68760491628195 -2.73466554499087 -1.46727107713294 0.651878222145684 0.189137786550886 -1.03207534524666 3.29503709457869 3.46813610640132 0.156878597433723 0.199018739334875 2.6804076407782 1.74835293966502 -0.788346214464465 0.629283855232262 -0.645853530127996 -1.40408443579574 1.77006080042297 -1.33071042236076 -1.10090636850511 2.0237410078576 -1.02320042950847 -2.2806958291396 2.15616523756545 0.357381737770133 -1.74004853389998 1.81225562858203 -0.263973297729952 0.112981404488023 -0.191080030378934 -1.119545202807 0.107666215999686 -0.689220409725752 -0.561071236388305 -1.84176072178116 4.36564819888339 1.55763709306193 -1.31631688948667 -1.3457613227601 -1.35228103455304 0.00176442671718521 -0.48152951509715 -0.427221993142575 2.02495873786834 1.36284759677336 -1.86815138486255 1.02296644954278 0.401288766761029 -0.824465551308607 -0.671686514003504 1.78224118807806
"623" 0.0712382196744421 -1.16339782553623 0.554283694841318 -0.97311802682961 1.30578615137524 2.31789884492456 -2.46009683579329 -3.21043936268373 -2.34720132787753 0.691698495158987 -1.71545715174761 -2.49646520682278 -0.471018928042608 -0.23059602701543 0.0128988566622233 -0.470751243011566 0.776040915319558 0.846826045656294 1.77810944471596 0.761779334499896 -2.81733763548364 2.19767878528096 -0.364027588159088 -1.4468769313098 -1.18772303089734 2.14389425189832 0.473982578908309 1.16600055724012 -0.704669578170678 1.05901043929888 3.77713597615105 -2.61431206251346 -2.13440502296859 2.23999651249797 -0.146164124541229 0.3946984482185 0.154064115827436 0.284909993948518 -0.60099393786975 -1.05882181860061 0.694999791966405 0.573216943858883 -1.49195963086128 -0.0703163899728669 0.557565350837618 -0.223208044768399 0.956357032662999 2.78824309106796 4.29736687780061 -4.61005859936535
"624" -0.47417325684974 1.13537489057162 -0.878035978970726 1.42476693097675 -1.69207061852334 -0.406865172026361 0.763471277306813 0.993350816346866 -1.00123616254619 -1.05440406416234 3.03946725776717 1.10957761569689 1.85285610550548 0.489391756072682 1.35121098926776 -0.0317290375762367 -0.936023817430027 -0.706656333016 -2.6217067873903 1.39520448089137 -0.905802743176582 0.765921206895137 -0.411877672090289 2.49155898128252 -1.03608354179088 2.64721731879385 3.66604498157986 -1.50742786057431 0.60861444212998 -3.00839197001192 -3.31952405648885 -1.65481218683178 -3.3604410292218 2.00099150204382 -1.45325286835642 -2.94132834018894 -1.87982086797746 -1.78731774566208 -1.72012773396149 -2.52425682314824 -0.875827871704502 -2.63014989581568 0.859751382184128 -0.956377532120994 0.109865093010202 0.683737485669929 -0.126218300510809 0.180058987526911 1.52674630344302 -1.12589659429808
"625" -0.441667531139224 -0.688468788263163 -1.33205680070246 -1.57961483155923 1.37829593692166 -0.65679943672508 -0.493389164441644 -1.01343966385453 -0.441816170251268 -0.809293814772335 0.579591051504978 -0.315825731477888 -1.94531320175169 -1.66607158825509 0.184499032239679 0.481073245915307 0.858832018145196 -0.469218010038242 0.662090501461734 -0.448455321308861 0.701378724117594 0.29221974386801 -1.18732790932653 -0.796398850123442 -0.831791135450362 1.18326236726086 -1.59911515491403 0.739776481312301 -0.824989509707142 -2.37727017428932 -1.42760909965282 -0.0463920231812849 -0.624559171526238 -1.33910709346742 0.890972805186941 0.43321624459054 0.115244869422815 1.23567207826717 0.621023976233067 0.479435672513269 -0.587117849842662 -1.72112381053848 0.120972444133163 -0.535568924997261 -0.376814595232342 -1.66514480040358 0.396957481988841 0.542925977367827 0.406529432357555 -3.14861423630457
"626" -3.14626913370249 2.05086423908398 4.063133547667 -1.27546741175502 0.161405273499527 0.6204989262324 0.813204275472509 1.57199825334486 -1.71508451901369 3.27797188690964 0.496963804451507 0.0696461772024802 -1.90084315819369 -1.75726571907892 -0.0987677654461625 -0.189462895953644 0.264396618295778 0.527140298876116 0.298226432621297 -2.06535620445825 1.49879672973782 1.57439746473976 -2.01564852176107 1.73175070821815 0.403260839033084 -0.38365539431554 -0.600704432113725 -0.0795826951832513 0.52109366467923 2.22398607763419 2.78428444830733 0.114171783001512 1.66827182306275 0.358816923823176 -1.13256304876885 0.336767503855041 1.027110118574 0.703618352439594 -0.986569541615527 -0.640225956470888 -1.8528302632738 -1.02783231849398 1.11751774615988 2.37139949711902 -1.43916266885243 -0.0115194169870734 -0.133933368015254 0.342930720887585 -0.232879274618099 -0.299447367354135
"627" 3.1338388761492 1.31706544220294 1.44565571085049 -1.8554714489461 1.08549059572325 -0.688907184264406 0.335929988006947 0.953022445654443 2.27550924901496 -1.03494792559221 -0.353328521866819 -2.31593118451203 -2.88804134439899 -1.05373066945442 -1.22937237067441 -0.640155171107201 2.83443608750472 -1.02643484342141 0.832732933546243 -0.910296505569766 -0.126177203339242 1.23910453367557 1.64750269430249 -3.05045880186819 0.683402538957274 0.469727921529219 -1.20554380617882 1.63648881834965 1.24739138295973 1.67726335922427 0.207484262993724 1.1612955278854 0.545656712008491 -0.623157180173198 0.0783558016648961 0.310934465120716 3.39559206629127 2.53586252134828 -0.386682070814436 -0.113448692933207 -2.56898342789829 -1.61261181903232 0.874139028126428 1.61956719944661 0.505747638661421 0.93029206306044 -0.404937091509211 2.45842074205123 1.97029431096733 -1.71413645051498
"628" 1.88735903902302 -0.323679783599187 -0.622241264205084 -0.0882825413493999 -1.12374641211267 -1.48769647526377 0.294390791130663 1.65045239983103 -0.364391419228935 -0.0164356834039005 0.11382852620331 0.137071710657544 0.642902900331343 0.338458286165796 -2.34974135720803 3.51585749802812 -0.307536569880747 -0.558366829406581 3.21177448836951 -1.01503854441968 -1.27529545254334 1.49848269646309 -0.909154892357628 0.923517706501358 0.493031758389829 0.47790894891654 0.31918758657827 1.03470919360091 -0.28881142143569 -0.388224407422645 -0.240320352699466 -0.108093972134197 2.0109940598853 -2.17913291416218 -1.00299260879703 -1.9973784658103 -2.80771735910294 -2.54421239672078 0.51338011287002 0.714908724665725 2.09295500825426 0.771708581809935 -0.130615778447686 0.796898792637789 -0.181476501941379 2.19410538893513 0.600343497497379 -2.10028725592348 -3.26324369716847 3.19458862015788
"629" -0.626790706896859 -1.99287069484278 -0.353163169178335 -0.80109958389554 0.712948648905293 1.15986898127576 -2.23607079056541 -1.28205448302765 2.32769118375145 -2.17452550080374 0.962543340537537 0.869335504857936 -0.958955743935128 -1.01585492655915 0.49986725649801 -0.425804646873909 -1.66948974981492 1.18480062309706 0.913716591801949 -0.732203408315901 0.200338197656441 -2.87212038536677 3.63542192731067 0.613815428881813 -1.55350667610933 -0.535811095396428 0.260254528853889 -0.464794729097296 -0.706976472762959 0.026613255263683 -2.54661121588887 1.79563741379179 -0.591186391660639 1.54502786496637 -2.42411124567646 -0.127289699990676 -0.361049620541202 0.190182768399899 -0.353348307069799 -1.03426491075174 1.06283166768828 1.19697930801689 -3.11356085233247 0.78366892065966 -3.44801098375033 -1.20723809157133 -2.04477340339635 -3.44491102882758 -1.26911400993887 1.54034541061107
"630" 1.74536478898143 -0.71007936221799 8.59781227321352e-05 1.54356721185268 -2.67066517262273 -1.86512094055798 0.238344145217997 -0.717781245691677 -0.12370117456108 -1.05048738676503 -0.394474970652458 -0.851645916568785 1.22934458469794 1.04360820734551 -1.99753060653657 2.58085392813296 -0.929380573426875 -0.450103572441234 1.18573503805271 1.99991801394323 -2.61033311085108 -0.13956757086779 0.67111465293797 -2.32443259306159 1.33744230200905 2.03379771209651 1.4102488984017 -1.18000210980598 -0.804808886740655 -1.93989843578837 -1.24152953918317 1.01976224378087 1.38406380068637 -1.67355194491682 -0.381500612252582 -0.384549318338129 -1.27416349103034 -0.914632908704078 2.15893145436033 2.0357220779585 0.878833628936901 0.78844667916058 -0.642536201499126 -1.08576432882606 -0.24604700152257 0.881281686718995 0.724052312539258 0.91719085335701 2.31984970230893 -2.08006250860985
"631" 0.784285243983463 -2.48667673633739 -0.459421049315935 -2.07074139355162 1.64419002820184 1.37152038564152 -2.12503273893149 -0.108953280186186 1.69341900819573 0.996724794495643 -0.48669076465612 2.23114169468965 -0.954489586045137 -2.36108060994596 -1.01963757380919 1.41811623100594 -1.95434794929495 0.115296830098926 -3.49625582697382 0.427530243708568 0.618056134728223 3.99866346555438 -1.74170246833252 -1.95483406527341 1.47302088234158 -0.971259219657064 -1.84259171171314 1.83323152007692 1.06059650402547 2.81958073522159 2.86818068523989 -1.67718825436576 -0.903525367988202 0.335770509328203 -0.71711672419495 -1.55592525735293 -0.52367266190492 -0.775998926836399 0.692904056863334 -0.257536575668283 -0.906272310586394 -0.546670017317938 -0.148900125427487 0.0769067227548207 1.22683438750253 2.26738035604008 0.159987112587785 -1.219985810605 -1.90467800889204 0.626306206768798
"632" -0.61510641245846 0.639117772124239 -0.890638775333036 0.478848054422969 -0.127771650366553 -0.57596139281574 0.679019187951167 0.876997999104618 1.80096273139046 0.535650205327818 -1.67189925471948 0.299984177266281 1.23720535699755 0.712090402719969 -1.59675293118158 0.479013707917643 -0.244486859890871 1.27528018629737 2.09772181438371 -1.34460982912328 -1.05175802420266 1.88924290458665 -1.17202543915442 1.22352733194161 -0.372597468506459 -0.691050541175281 0.396846515421195 -1.30340453428157 0.101840030034534 -0.0201369815147265 0.0716083127796182 -0.882185226428754 -2.56755826990557 -0.799632222772511 2.29546810473913 -1.79029469529698 -3.74526472237972 -0.982665463208423 0.000994864481501706 -1.62828569188935 2.13208705140335 0.776910974226915 0.0209763547540367 -0.0659977838934492 0.21760668173268 1.44042052135762 1.37904736674383 0.623169176714967 3.05925166345636 -2.77480716617891
"633" -1.00225224115521 1.06178460828435 -0.448390762624154 1.79977720238804 -0.0680553325328026 1.83460142230947 -0.0822339348598071 0.527542081106971 0.462534279551448 -0.330651537390706 1.3604860877468 2.32955790879325 -0.599768070735813 -1.51901583536161 -1.5096529790655 0.309153344636018 0.849544260376246 -0.951284765651339 -0.608790751549195 -0.0531494058471236 0.870164843785516 -2.68166656087154 1.57865823583563 0.375849101365914 1.00756036098381 -0.0278599772580972 -0.624396451581934 2.01511174371394 -3.42804755518708 -3.25091800910641 -3.27328324431735 1.65832720557424 0.219823761562435 -0.324469089443684 -0.365277890255442 -0.84105825455917 -1.52359627882533 -0.619028911345204 -0.448129909045581 -1.81828801603716 -0.0156099642220633 -0.838509508838508 -0.316727284243148 -0.595288913826224 0.571153075041835 0.311762342198892 -0.0473431809993668 -0.40652299013822 0.530290605965926 1.73163523788375
"634" 0.699681538538237 0.0632710171371419 1.21755786140118 -2.37376650965667 -0.0060929403337118 -2.27440103267215 0.875191597046991 -0.444639545384247 1.10157955483278 0.770220423042945 -1.57020668990871 -1.21928948259922 -1.41758453998029 0.342390355110938 -1.80659131317682 1.23064766721756 -0.47772869867339 -1.66982136791552 -1.40331505035302 -0.517662983424895 0.840590295390238 -1.79338995627247 2.41736278992854 -2.02244373016666 1.75180141146481 0.153593101743156 0.728899267811993 1.87307547834429 -1.93302715053942 0.500560968573282 1.87299025135557 0.621504445524895 -0.0324691270260616 2.11757495501343 0.114468817618305 0.966442556769276 0.175158315614391 -0.414708357967635 -0.149780844686117 0.78740114807986 -0.5973180548222 1.01775694834493 -0.594697406049386 -1.51378206063098 -0.270860181189239 -2.37276359083763 0.394903554923816 2.89444706428444 1.14474838039113 2.20625760765182
"635" 0.911068132794033 1.26699024990153 1.45920641625929 -0.0800048984956286 -0.340481568674207 -0.767149695349291 0.687285533337261 -0.733391820356621 -0.846653290386822 -1.3402815143816 1.37789340294627 1.47260563924645 -0.50882327791276 0.416690449497809 -1.79045788222922 0.935847617296921 0.63608498626694 -0.863835201441504 -0.434188171916103 1.20668446552087 -0.173352815821042 -1.28434301680151 1.0156754570914 -0.864483545034182 1.82738460675302 -0.221060568551885 1.15892176410105 -1.81822080188375 2.75708004956547 1.20319098135274 0.110675202308237 -0.0993798849231434 -0.670727073833566 1.78495728066786 -0.218770622783937 1.10766490289947 -0.745564471120054 -2.30037403192206 -0.711001043801578 -0.659705890981894 1.44622425839943 0.381316234520825 0.860525340977021 2.06316642479527 -1.67026820370535 -2.04678753916818 -1.43890888972449 1.11933075066295 1.06540793002723 0.948455035558748
"636" 1.64312603324434 -1.89628706184517 -0.97565096658766 1.00938785847568 -2.00640726292418 -1.6999461800057 1.76849887134227 1.62111334782283 0.281433899343631 0.0754401097570986 0.327319609931135 -0.134267163776322 0.587780815187849 -0.237876167251096 -1.54950424041114 2.19139350722429 0.697486209345168 -0.010334288690967 1.21900254831541 0.830425333223714 -4.66866358270575 4.11269566423342 -2.89016035063668 1.41366243857509 -0.386656739971009 -0.721002440117305 -1.63566160018746 0.959946942576759 1.00734379268657 -0.67879198932479 -1.4368066628331 -0.925643268832921 0.0520378998864232 0.10113164816682 0.789757521131073 -0.761518872738969 -0.87678756178048 2.29410997567706 2.93667585296841 0.118200336329004 0.142048070311133 -2.04706162262159 1.69447599990228 0.142399576587144 4.06912446488777 4.4683139015698 2.01028318865649 0.315075868987998 -0.383816350986019 1.27529626498775
"637" -3.07543024446194 1.88247087006571 0.44867017742482 -0.849957858102092 -2.36183783784738 -3.32776778764346 0.242169656745259 0.0121482731738196 -1.7639017835487 0.870392089548195 -1.51253652958823 -3.32982090972171 -1.15909674750081 0.334535248534867 -0.65570519108284 0.648287014882898 0.505076363719442 1.61192957204014 0.221166371363658 2.27294037881782 -1.10912607618707 -0.151088713642673 0.609348361389235 0.384399086973853 -0.793998607960101 -1.87592683779255 -1.81334121766525 -0.606518590402817 -0.707009318526786 -2.86559672215553 -3.89763593763954 2.45609384693727 -0.047463578205861 1.62215794227216 -0.114737206205917 -1.14857871726619 0.476013511407618 1.34465119689576 -2.04134941414109 -1.2523615453964 0.119266085090215 0.917425078670947 1.4201025760781 0.0138685402786601 -1.0844587591536 -3.39765734146167 -1.58712395169268 -0.924886399444752 -1.19483750155579 1.38244090124082
"638" 0.413456236953036 -0.465417510479911 -0.738212103127459 0.523204608034329 -0.0206540036961083 0.0441667686344677 -0.495337558212771 -2.69513544786124 -0.669175246785236 -1.75760820207117 1.09590985133793 -0.60203519370688 -0.90522901664195 -0.187101450285195 0.794984204708501 -0.175954326976645 0.0144493929118812 -0.498874301829171 1.20309296946908 -3.32150679087286 2.34691206750834 -0.725354122170599 0.236487358601237 -2.3155887479802 1.80298032133725 -0.0431649870282112 -2.07826385800512 0.634603842325791 -1.08317666247681 -1.5282986260306 -0.769837350296546 -0.914953082207281 -0.857092230136908 -0.0250642398321301 1.02410734915654 -0.934898494949674 -2.05322670734954 -2.13461008828931 -0.516490656181956 -0.247864584548297 1.05267170772025 0.605421797574167 -0.480064434296558 -0.679796298186653 -0.535738914819558 -0.256172415156864 0.239079696077903 -0.842697943476993 0.518784426389468 0.693035633783414
"639" 1.77148869656407 -1.66013895709202 -1.93104682600576 0.235795307769917 -1.23859511138516 -2.2010612444014 2.65047584177017 0.680258321611969 0.207054195854098 -0.917164363232931 -1.48817419817216 0.450331281976667 1.35605212068194 -0.125961964901296 -0.757116781730834 0.385450148754914 1.28428763350794 -1.1972198435948 1.00075523145394 -0.8487415871548 0.57043658074853 0.705645951572924 -0.414874994719966 3.00002067375133 -2.67724863687913 1.23879143086623 0.692752426379113 -0.427187013907958 0.301888182934113 -1.39583895083353 -1.76903040344108 3.11094262721913 1.37304557658106 0.465565381156494 1.48850611189347 1.3941933349997 0.497036442146768 -0.156567490883956 -0.150286756626419 -1.9537000878909 0.742323792639343 -0.863664721270741 -0.215754017493741 0.501094105085003 -0.519314750258155 -0.852732003983391 -0.914178990866036 0.0339065558161073 -2.19375547789433 1.67504663046749
"640" -2.83949643333339 1.97742103984954 0.991622592301111 -1.23397740733915 1.82650347214634 3.60526757631999 -3.28969964066246 -1.87043314412812 0.63933811918791 -0.17237429368007 2.10036567666254 0.955029206073003 -1.67371939824615 -0.501280329744784 0.900222976719988 -1.28824043637585 -0.59151428701828 -0.467420014796089 -0.363817461087261 -2.74745383692972 0.171811414921446 2.75306641426135 -1.68228773201069 0.883733173200118 -0.884896125028152 -0.489860213457172 -0.514071691342748 0.897008960058554 -0.764951394630342 -0.249364563138917 1.21329430273043 -1.66563602975263 -2.06281206371326 0.397410288553473 1.11534952524492 -0.787858333051596 -0.750296751293362 0.453338082930435 0.36315271379264 1.69880946940319 -2.86867262873605 -0.0834617191420364 -2.59593210900104 -0.74665730254479 -1.23920220246783 -0.561001760810165 0.64519679464954 3.10539260680857 2.4823593243716 0.34281216105663
"641" -1.2239306614097 -2.33760977262239 -2.47991630640487 -0.640457455783678 2.58433660244589 0.34596986515781 1.41199092932821 0.70135637474855 -0.516009130708851 -1.24772113385119 -0.449170001892289 -2.05789075158254 0.569178171757473 -1.25480676281751 0.10498406158895 1.27954782289901 1.02231883324865 0.160701618555148 -0.30153765108546 1.83137452688386 -1.37330710862237 0.922489493653498 -0.410286373366695 -1.36267546652963 1.38896341874028 -0.750279059314174 -0.670464291484989 0.540937545539412 -0.0191038153058766 0.731874086006136 -0.454323674184936 -0.443057668291811 -0.50577277930988 -0.809928547011288 -0.132687868076452 1.63084534887964 2.39930145253004 1.99394280012532 1.24239411445089 -0.161673778096261 0.207621416447799 0.083402287325642 0.2773088940929 1.61234959233215 -1.09211962905529 -0.963368583913988 -2.93260210633628 -2.31025060480218 0.446154572804111 -0.0168653376119533
"642" 0.882522868859437 -0.857602647912791 -0.0546948147640215 -1.12864273607149 -0.624622462560261 0.895617526781166 -0.0105411004597349 0.65922414014566 3.05721454561773 -2.97227968896628 0.890061990123239 0.740393474370754 1.50888621224741 1.48765049593589 -0.806328591117554 0.161828327734918 -0.247080962153664 -0.0637094656534896 0.617493823599557 -0.992483091336372 -1.22443014765775 -1.24773669139346 2.17382885139346 -1.5325248996851 0.442268043107092 0.411159559814538 0.146965693772848 1.20608077350265 -2.06938616230381 -1.21781954280954 -1.46069467998318 1.46664327033907 -1.04928330715416 1.77674760380872 0.53685694175373 3.1365700259502 3.25124337597203 0.761274901550432 -2.20276630313249 -2.44074216204344 0.256990106066956 0.930263260465998 -2.17250794915668 0.263922180565523 -1.58045662784428 -1.17123859088029 -1.87230157926852 0.249134132088184 -1.05325898634915 1.70246660366857
"643" -1.50686507795723 -1.02400295511337 -0.483884565769494 -0.104540465846472 -1.09208289473401 -2.03744635518944 0.540524071000923 -0.341700976602474 -1.01998930129617 1.67066036613266 1.00052256273187 2.92057214558456 2.15372068600552 0.291962680353583 0.708712091187147 0.189409335653259 -1.70385400310296 -0.24628724681788 -1.22803002748462 -0.803083200717661 -0.514780537983328 0.780687348185344 0.620354644168065 -0.288144510953746 0.239673253099972 -1.33301825986136 -2.06612179074726 2.0452248775339 -1.61117714880603 -0.393960064959556 -0.782767979397448 0.862035562541269 -0.847976769056028 -0.289377600904663 2.46325455934154 -0.74385306222711 -2.47277336630117 1.17933104458577 0.136915104088449 -0.449927055249354 -1.95626450388738 -2.38228365683258 1.24585912012943 0.0593811299937037 0.240214463756547 -1.17498953297827 -1.25166693658075 0.217134785552141 0.663506821519025 0.130382643343698
"644" -1.11912472512343 1.62504899452476 0.576601951027374 2.12268756454109 -1.73378837984326 -0.36723586763267 -0.797504084988016 0.180496647903444 -0.485956859027079 0.134969677386097 1.91793699553381 0.849146615875659 -0.3351888968134 1.07783397299888 -0.90339748856497 0.500870164333496 -0.641524946717849 1.08619274316914 0.938111248191548 0.317345554221415 -0.427746037749766 -1.87037906497603 3.3911110786079 -1.99285503431824 -1.20165690424354 0.823543354825382 -1.49418051641978 0.818110451896205 1.29305404674748 -0.801924780470317 -0.77216726805885 0.888882233612111 1.5288828129759 -0.155503338690287 0.623658851606321 0.262910084263739 1.19534343963629 2.6523381609314 -1.90663934405602 -1.05306233887026 -2.41224335771064 -3.62268496840973 1.57308202493046 -0.737803297097279 1.65249238808557 -0.467938560320642 -0.844805638159565 -1.15989342510486 -0.53341051516139 0.195075776024828
"645" 1.99554003957645 -4.90154351261173 -3.42755798992162 1.24930994319308 0.700961919998333 0.904709783226552 -0.105035528473937 -1.11451901088123 -1.78058440512915 -0.643545088909683 -1.54092650873365 -1.33821624873396 1.40813776022021 0.772576019331729 0.12046233250283 -0.446837400767231 -1.00700363666392 0.270848356560973 -1.87431792366064 1.5617742954612 1.41240651200821 -1.17458665929174 -1.17091062314043 0.469124263712426 0.0254815930281505 -0.504879238323204 -1.77980296904452 -0.649345180486245 3.28236632213826 3.46196957154518 2.10700839455234 -0.14888475010419 0.243953621843223 1.28864050359849 0.342373880684609 0.326468895343866 -0.192639160340961 0.853470302751896 1.02446295732182 2.36406581226191 -1.09623359442511 2.33052873616879 -2.27461545249114 -0.211892870662868 0.709493168065004 -0.804511974178205 -2.26396158657843 -0.670120715445494 -1.1129894186481 2.4632541425141
"646" -0.229489167675818 1.03396604997966 0.37738927962542 -0.0602802494728108 0.243744516081361 -0.321155211939121 1.96537241652331 2.86324449345489 -0.949376958049374 2.111211012806 -2.80233572082545 -0.365265109416207 0.985107368612312 1.29894261845873 -1.5678856877547 -1.01174503891639 0.505800500461177 0.356849742710694 -1.28724910068696 0.646195326189042 -1.48214765407158 2.69450276850905 -2.57657477336855 2.53543548194526 -2.57358575589868 2.52096806745294 2.03466663624111 -0.842475252774185 1.09677612070147 1.49022040441687 -0.209444438850951 -0.81702685771973 -0.145824249641014 0.74536537452384 -1.75025551428335 -0.427722321128952 -0.618560231429448 1.77895950940647 0.741664741195874 -1.80209122972996 1.24657308381672 -0.385308267739721 2.06727164221293 3.0492239829722 0.519675434596355 2.73778548266597 0.360436089234242 2.49899665512178 1.58376817922287 -0.0131966738690717
"647" -1.83605703515079 1.58927618918629 0.626778381409661 -1.49810769780503 0.712043918025171 -0.714732564144177 -1.55583149462999 -2.70170860891782 -0.60301680083044 0.00261347395527287 -2.74093666822956 -3.46232406938843 -0.650605673104614 1.01681627295561 0.997689390008685 -1.42134348166402 0.719523726773245 -0.59682050020857 1.41983952130074 -2.40044038008956 0.955154928837301 0.522052457703615 -0.964039225571111 0.339679634458328 0.886799138126069 -1.47992587147177 0.529170642121222 -1.03068103284758 0.999366751901126 0.740226750581167 -1.08729948179538 1.26806458668875 0.121709141448016 1.15039523011899 -2.66792581813309 -1.36115856718405 -0.480097489934793 0.223723430846361 0.176061448078644 0.99476406161188 -0.914442355616528 0.378418550841864 0.390494667375306 1.65222884020539 0.536687413442022 0.290620756051932 -0.752370322707904 -0.519020497885653 0.565760930942568 -0.74554515130831
"648" 0.898716321030519 -2.09466452765404 -0.317183412136338 -1.79921538509655 1.57715818091842 0.222279642983643 1.50586640971386 2.15375588089772 1.51200934902285 -0.762960410924352 0.155816025059876 1.65459723765991 0.686284557935854 0.234319704822345 0.718678969817891 -1.92748208196242 0.541124859529676 -1.98935477754406 -2.52653552398807 0.657308192523513 1.80889791738144 -3.04079881578075 2.24361285752229 -3.05323507122014 3.32987955084702 -0.492158270424982 1.24238115209449 0.907366994242993 0.0397661261489966 1.82778704256823 -1.23763647322857 2.68963773806637 -0.417613772928451 -0.434538793516392 2.0469292574676 0.820070612442623 -1.0879392424735 -0.258362339089095 -0.620219015930281 -2.36312007429728 2.30551440627372 0.100202416920779 -1.60528787430953 -1.73509454209347 -1.91104347789841 -0.700705594208667 -0.279214040007424 -1.5260934546382 -1.65742341008323 0.0262244080017407
"649" -3.42896574278301 1.59610820126453 1.2436772247019 -1.02534135666454 1.42830857056647 2.99004862252127 -1.12815166158453 0.313335630976804 -0.332046747029264 0.792744203402075 -0.149553780289007 -1.22231489282892 -2.17141324357976 -2.3923599046836 0.0508529478679673 -0.136769949448405 1.60382889470474 0.251283313588256 -0.602276613325384 -0.722723700802025 2.79624133257537 -0.888876681155627 -1.53976236572719 0.826694424424988 1.87185198328898 -1.42216627183676 -0.366065066202605 0.888627770127363 1.48281847337309 1.53755453860854 -0.773535770114775 0.10182585851689 -0.619175238310202 0.147943728799234 -0.819882481222406 -1.77037445106025 -1.33729712529749 0.843783290831973 2.09572787664252 2.60865824523552 -1.56175010802544 1.0712071422179 -0.0447807367141938 -0.503532493825543 3.27775810786223 4.66937638896424 2.51252903412377 0.466199616749585 -0.289093256780871 2.17498181011371
"650" -0.394719881533537 -0.320568869410708 -1.55249390588362 0.744574357464405 -1.87561303621281 -3.67321944337603 1.82541803329595 -0.374737856112256 0.131981038443341 1.01031563069821 0.647851601749212 -0.27007471124328 -1.09355108340361 2.0013600768598 -3.02137750877827 2.36771465558662 0.999300535502732 -1.1804521040233 -0.123140641516808 -0.263080702297051 -0.719160006671895 0.240424584953917 1.47345240649146 -1.02816072483348 0.669575343466596 -0.684724885109415 -3.13392180188678 -0.860289441150128 4.33903428443012 0.620413746419763 -1.19096373326575 1.07189400241796 1.62891325264675 -0.0419144012494605 0.408453497372914 1.68704504426264 0.658812108034676 0.9127999489183 1.12289771680428 0.928217471430303 -1.18650436202542 -1.62683771214517 -0.755467142467621 -1.59504234637825 1.23776963871168 1.38949991236339 0.129882534520616 -0.0635479004838766 -0.123027722981063 -0.505828157330079
"651" 0.601542984003347 -1.77939916671206 -3.52466903727469 1.29122526355816 0.132065702465298 0.773227173897069 -1.03710971633964 -0.959418057768871 0.111561335134162 -0.842692521351997 0.351936279172438 0.497407416110982 0.830440853562606 1.13407940129138 -1.37452840055757 -1.08380282860677 1.78892910020743 -1.80918473089387 -1.73371995879787 0.987119312478149 0.916872470296334 -3.0932563046087 2.19107733034367 -0.802853706184315 1.63862396770097 -1.64617011048832 -0.321807438513775 -0.00104610397563528 -1.7713817943452 1.33173102688933 1.80253652830729 0.867297581291419 -0.121837084808494 0.419631029410253 0.0789010954290194 0.277547103205441 -0.30335884831339 0.269645996155925 0.94840469645796 0.575254624611869 0.474947911887682 0.249925120006475 -1.4780380857114 1.284947722999 -0.985550204096673 -0.0374295647560169 -0.356805246572556 2.02205279809819 0.630622619699548 -0.232963449058994
"652" 1.36748126543818 -2.12682137705378 -1.4393234506074 -0.343600098699329 1.19464320241279 1.24690371179868 -1.2655452883027 -2.28058731484922 -2.21699355123496 2.98041695442712 -2.32676782116474 -0.952719158244776 -0.195823779684127 1.82983868845669 -2.13603563475919 -0.0475157623413812 1.79932688177641 0.157439049984029 -0.210585755855691 0.146810123505267 -0.872885429596538 0.239473347451941 1.90530840769851 0.299774005506899 -1.23630345111985 -0.193128114777672 -0.266314387167893 0.316689826509526 -1.37284237868319 -0.275595410047356 1.65931259917667 0.765383128592931 0.843303201156932 -0.665217939301027 1.00537465044066 0.50354063383944 -0.875785429059488 -1.67402494203261 -2.43398181789838 -2.93379623998796 1.33494090499234 -0.288579113905779 0.0649349193619702 1.28226636789202 0.0752778709794054 1.07667176495107 -0.426651383584663 -0.0734389391009901 -2.00282348233067 -0.320669936626108
"653" -1.43677165018742 0.669955940701062 1.54324861013494 -0.666304294608438 -1.46451486294699 -0.884640639520969 2.16019290084928 1.58190769672618 1.09905713639897 -2.35317994009948 0.576656543104007 -2.44204650022326 -1.68396186126707 0.312748154458045 0.0422879273331293 0.577062662002058 1.33955062657856 -2.77712779805489 -1.01627265522005 1.13369853615864 -0.867221489193459 -1.57760184172876 -0.399364176608167 0.5167316027059 1.12164249642639 0.341928711998761 3.68696975977907 -3.50898057879993 0.981582729490339 0.311055066893425 0.0545379087564259 -0.1524757665589 -0.121795106532794 -0.514456237214029 0.652715955348705 -0.53925725704581 -1.05712328450589 0.527849950897388 2.68998193206706 0.769050156975925 -0.741297702170329 -1.93804463035361 0.583427249562726 -3.0967299329683 3.67247935991649 1.68013876102749 0.783670616375657 -1.29470058468489 -1.536592861256 0.31367019681117
"654" -2.1002527500231 2.792542916297 -0.178343290479766 2.2471064519292 -0.861550827971207 0.581886477946268 -0.449044905830271 2.19399916055412 3.91205139855752 -3.31430599369727 0.603459857908203 -1.44679270368143 -1.0184136804078 -1.20217193525601 2.32701298211802 -1.29581044377865 1.20331681814045 -0.988212974314593 1.8082545573669 0.425732851346016 -1.22984236024559 -0.310658695889777 1.61600958028674 0.00379606317484806 -0.0583933710458117 1.70763841674704 1.21447618074726 -0.982051479927926 3.73116198766282 1.71349231613464 0.871726465455287 2.33265094885807 2.70228193218668 0.610370162229493 0.00253097060804341 -1.98028136392475 -1.73323402233723 0.96977162090252 -0.715024241455879 -0.534777743596836 -1.4664283778882 -0.657461409706671 -0.268323514756147 1.94793282012158 -2.60203277394418 -1.23216146852749 -0.910776918178724 1.51186027358208 1.65427749769783 0.0681917355969588
"655" -1.53914720348208 1.02017558699962 2.83674337690333 -2.84895928195409 -1.86772924842329 1.04497570391598 -2.32781477859611 -0.889800292419562 -2.7688587050683 2.48797841722838 0.459814224889528 -0.0278874024125169 -0.977759256945737 -0.836767195027311 -0.378724413571776 2.14619837030822 -0.423346393059708 -1.13331872675688 0.504116950843478 1.0417077400689 -0.265096441786607 -1.41801202441708 1.19250702279204 -0.735942671550424 -0.543188555466836 1.44203397067531 0.0364502484611436 0.825518418910971 -1.15738159633081 -0.235350110687458 0.737946811448754 0.42715654867204 0.762290638739712 -0.650906031490663 0.449238158354063 -0.932384321733612 -0.304389437186857 0.67032961790544 -0.033028993496603 0.107197513722413 0.378706860624716 1.72422521764083 -1.5524286832326 -2.43171627098171 2.15714941708054 -0.0330058662840838 -1.85420658295566 -1.01114912156334 -1.7428244547412 2.14754717360467
"656" 0.993488308419996 -1.37677006465865 1.20491821681152 -1.15409200763045 -0.452663245354804 -2.09629856229863 1.7070973696403 -0.604251392251883 -0.455647823115321 0.986365985315233 -0.34861732022952 2.32140850045307 0.51128806080393 -1.34809519128914 2.06263496739384 -1.01806132309408 -1.16315943625709 -0.341560405238294 -1.4739209472544 1.41761554013819 -1.6242877625197 1.89652160270919 -0.71273012128791 -1.17640030275937 0.0522234899289871 -1.00528724134717 -0.575372940835754 -1.56416051573584 -0.160858047545916 0.742457114580752 2.84609996247207 -0.239671871826337 -0.860657800458967 0.131686564224804 2.05265897641021 -1.15339436046324 -1.11605603101285 -1.96108738843732 -0.992496035800458 -1.47887792046838 1.78053647745846 1.55348385593448 -1.82754542240726 0.88350380555465 -1.72020981568338 -1.37259831837282 -2.2834314936034 -0.688273924178186 0.785380085340408 1.15094592515445
"657" 0.607586794401843 1.42283589285987 1.24569556308026 0.113240937124377 0.332463238446523 -1.05212951448418 0.958115221781616 1.29934410396164 1.37522626934098 -3.55579550816523 1.74834487503083 -1.56100671134731 -2.53337356953617 -0.343104314245475 -0.445115449154214 1.13503219233357 -2.43273493265139 1.23661521494859 -0.077472943588759 -0.551952796977677 -0.233440965065361 2.27696273987475 -2.2248829514656 -0.284133590842718 0.91916117230776 -0.601002284754724 0.27325161438205 0.966961297544869 0.615231790845966 0.584674284531131 -1.47052655438539 0.511473253742993 1.94049777171821 -0.903736154209991 -0.920735156797919 -0.387518424237368 -1.96872086951063 -1.47646337411506 0.615982470336811 1.309319133041 -0.207939877061545 1.25115246085099 1.01576838295706 1.41679210787801 1.10373049181315 2.01135297260908 1.37642049814093 0.874226775898219 1.19861865537026 -0.945720961929455
"658" -1.87627968875412 -0.874784510280918 -2.17143973707374 -0.357889662926508 0.233083831143217 0.992568397350574 -1.50335541833413 1.39673629319461 1.76992005527898 -0.222792156622357 0.120776510687519 0.591041353329384 -0.109430217202351 -0.340614861975075 -2.0326744554517 2.07477582549471 0.928420423116199 -0.862926036939846 0.314960228616846 -1.96263513989453 2.19441781294277 0.821007211221211 -1.47150726325898 -1.09902536027514 0.669658152948506 -0.37827111102051 -1.05309406359985 0.163769138271733 0.71544992728395 -1.93402968119746 1.16268836034237 -2.67891052185339 1.18550757731796 -0.730693174043405 0.132271243945893 0.360787372539163 -1.15071275182141 0.537140066664782 -0.405825167555872 -2.69961420852352 3.01357914209017 1.89094699210236 0.395310080235666 0.189423235302157 -0.229344132728809 1.62601851847962 2.23076867222104 -0.181902681169439 -0.466631753161905 0.14585840639277
"659" 2.31532906629055 -0.831408643810117 -0.792500686903436 -0.00392841329545672 -0.125373251350816 0.499989456176546 -0.815387594385603 1.47044931661995 1.21733484555337 2.16491304493254 -4.02560900231022 -2.44351053223967 1.05420744709 1.76825990894794 -1.78184497159079 1.30394672388205 0.311825788329385 -0.468532828912283 0.362149334165112 0.298069079386196 -1.20251929383316 1.08850525877495 -0.671811684583984 0.606877491066029 -0.297726645371844 -0.929806150575912 0.419936660998124 -1.40463503703609 0.239813434744754 0.247186031489539 -1.13781830575483 1.01097721177781 1.5503106460995 -2.28209421197 1.60451854195975 0.340634745751428 -0.0556042659213124 0.471032507072602 -1.03256504496873 -1.57136177379746 0.267718213542187 -1.22373233382848 1.41003465807979 1.86354230608488 1.00788039965972 1.4950364748974 0.496819108081285 -0.384582106417469 -2.46528021793003 3.03359955900344
"660" 3.07197952329108 -0.224832798226896 2.03097762956504 -2.83421088428162 1.38305168801418 -0.880326164493313 0.08305125431125 -0.410898908936398 1.11962392672579 0.351230431894508 -1.25686341701757 1.75310844286808 3.97867163929013 0.255359508984809 2.18499079778075 -0.590265569261996 -1.09259534122107 0.973135613818609 -0.210166849282446 0.464194926736342 -0.936959297590943 1.37519279945334 -0.840832251684086 0.282837732019821 0.722219669396615 -0.307342669011384 -1.27434333561631 1.01810507800073 1.41791170894756 2.35590061750936 -0.00201471418422907 1.43442312070944 -0.192097209106615 1.60688508986053 -0.901354961233808 -1.29842845535039 -1.97123133344094 -1.35806027020326 -0.580965729463722 1.11788593686488 -0.77590130151884 1.47743640132069 -2.21611692275679 -2.10140151968052 0.456968387422401 -1.84146323962712 -0.918868640578223 0.932259475146168 0.820194022482591 1.73310957259231
"661" -0.355595598010458 -1.71345926464028 -1.12057872574611 -1.48348304412074 1.66314776286999 1.28928314723711 0.135042880316224 1.59659626090943 -0.892358850606669 0.238657060147748 -0.45493712370916 -2.01613281432952 -1.46975555870947 -1.21470859240591 0.0113798737505078 -1.54992046797415 2.7476582489996 -1.19261781317276 -0.223655541727845 -0.55649799622573 -0.213401606626876 0.477454874220327 0.991395676563232 -2.07681580631815 1.48393451280642 -0.530921920627504 -0.20460968365459 -0.531894774931242 1.42601522726464 1.08005044578708 1.3554408961253 -1.84500180460183 -2.24513595953634 1.16269834496708 -1.75208477582712 -2.66746335623307 -0.207130702230546 -1.97605690525381 -2.57475415507929 -1.07091702056719 0.539821255150054 2.48636631979871 -1.48158091913204 -1.74363887506176 1.06445958174989 0.261614855943939 -0.0510350754204344 0.654615588793482 0.0346612045691989 0.757402077992095
"662" -1.05474827133175 2.89404314083363 0.000458801595283775 0.212405457421563 0.412332317630548 -1.04636692533273 1.72947485061226 -0.0419534759930259 -1.49677699192472 -0.345570474358852 0.376266061044932 -0.184101571045971 1.16319566642271 1.34269241962652 -0.0705893915579227 1.19799833091666 -0.40029190200812 0.587802415750851 1.7077280251284 -0.435258943306475 -1.2492424204357 0.218700076524263 -0.890914531711594 1.45902727020331 -2.48194683586353 2.98904573018263 -1.4789517333904 0.976614097274912 0.102636878946348 -2.36695907978252 -1.81144662387352 0.923952690203546 0.326708333097937 -0.519796629356409 1.31149785961099 -0.336996844790112 -2.81469098106434 -0.76066562567751 1.37990426017551 0.453553653792264 0.562548958941429 -0.520500422906789 -1.75376520872744 -2.54099827410861 1.50622048787286 -0.155906633247829 -2.63255560485744 -2.48160228410983 -1.63730226769314 0.471893980408668
"663" -0.0204968864189465 -2.44405690763997 0.105635001156498 -0.534605604144904 -0.380176388293032 0.891654376345995 1.05785449353436 3.26879732509746 1.58266558515568 1.85762753890967 -1.99815817262171 0.47496434777905 2.89937227557676 2.78924303916992 -2.15821573342586 0.944615362479454 -0.725831401490578 -0.378869000470147 0.200359523943896 -0.746125423401165 1.22524934266196 -0.955907333032833 0.419273703454153 -0.00738278677192436 0.635075008180483 -1.50237544585248 -1.82377285909078 0.713187479305021 -1.84934340407327 -2.2391833278214 -1.56642565974233 0.515239863080153 1.47372986200139 -2.76990244312639 1.30925881668568 0.49492888485644 1.61873451746497 0.262229592196808 0.500495752066308 0.222567070633724 -0.0727743299011348 -1.09973803243515 1.17555763059105 0.680108824187831 -0.162961694683173 -0.481578734537685 -0.629717554281629 -0.982085267440015 -3.37326048939082 1.21399182941929
"664" -0.0924229402684641 -2.86574482950509 -1.30456849600537 -0.120444608877394 -1.34902093092749 0.0930351070761112 -2.35931117192859 -1.74037308356909 -1.43112634488438 -0.0550871227370982 0.220980128735984 -0.486292536871772 -1.80340402318113 -0.746358805222894 -1.93234531175171 2.55347766467912 -1.52502509165074 1.95749407258851 0.629033870628951 0.995331497777729 -0.359665930976239 1.15987977927818 -1.32842157542271 1.58414332428518 -0.455590258322845 -0.243660683912373 -1.24919481159531 2.84608844992642 -1.23057341807378 1.38420339881602 0.735928317918953 -0.220513261613962 0.554802435328492 -1.36724849244047 -0.920032459146867 -0.857524253855208 -1.78796487957354 0.267612460924667 1.21402917594672 -0.899694311349452 -0.622132359726771 0.119927886135007 -2.29531392985046 -0.386946969108756 0.575999486498847 -0.462696698421538 -1.11527533741649 -0.790730860375512 -0.466403856112579 1.64767586748939
"665" 1.3137595016875 -2.91321378654961 -2.59003204874036 0.961503955543528 -2.23392225210866 -2.46685511914611 2.22998073178066 -0.125139360642634 -1.50107921363541 2.97807214589885 -2.74747081874797 -0.0126072962412512 1.84665605761611 1.02898697048156 -1.06107519352254 1.66927661471087 -0.00679168488911112 -0.392664324887543 -1.5447821463952 -0.509830222552092 4.1844806630814 -2.63712496606958 0.797740638723356 0.0989366898316615 -0.541730446677624 0.278250187908943 2.31026408830562 -1.67596529695547 1.75191163087068 1.28708281637884 -1.25047939050784 -0.837286933301455 -1.94027413562943 -0.156737187388792 0.951401205084873 1.49011533431698 2.41666218489271 1.03990989147551 1.13869945404166 -1.46734905879414 -0.312377400284928 -1.23804825603684 -1.20574562741168 1.20747963705486 0.78927367405633 3.6487904448712 1.59414118853221 0.516483281298778 -1.45181740334048 0.392969542988232
"666" -2.58124263914068 2.40012625334727 0.877843201474968 0.462820236470159 -0.036750142371769 1.63021750700221 -0.810656272159923 -2.16180126660248 -0.948928811756028 -1.08667748722851 -1.44716028039781 -0.398232500863126 0.0737133446474317 0.169043373696575 0.86937105083096 0.564885373661693 -1.99836008258847 -0.467146218644907 -1.82150669605703 1.67652692557841 -1.24453953752576 2.70187552894967 -2.27490069517139 1.04408998730133 -1.11690941405271 0.502404419808757 1.29414122475988 -0.81554430533553 -0.704357539912245 1.68710141258923 2.90263241834098 -1.53035212066795 -0.0260133662449561 1.11533864046503 -0.895392580376242 0.6379418283316 0.0299582454672467 1.30552966913593 -0.687866156292717 -2.18541486066926 2.46006071950274 3.92502337540285 -0.829599116441272 1.29910169297676 0.246834689853115 1.73649366194584 3.58762814380724 -0.0366473049494958 -0.738050393304234 0.251560517580597
"667" 1.88848042685766 1.13590891536478 1.8822843209433 -2.99673025956078 2.37064005455495 0.234851015813402 0.813707491175187 -0.16510164333861 -0.513508809584621 1.42761302417299 -1.29590895099385 -0.14800967252635 -0.701258168866055 0.431979452182316 0.358519276961229 -1.23574985916965 1.1903493677148 -3.26762046715767 -1.96725664308513 -0.731243774683505 1.1278717859469 -1.25606332910984 2.10657926329646 -0.413468535544367 -0.65901534175589 1.01587230211702 -0.0526446546209835 -0.0242837636380354 -1.92083918561936 -1.82238773805077 -0.808621185882249 -0.101754460676267 -0.873815764116972 -1.47631664841684 1.46196932508501 0.245750458581735 1.75345857492444 0.554622132421238 -1.5249142795186 -0.184994721882693 -0.650786813544763 1.43772642148365 -0.75328652270988 1.82191713874144 -2.2624753130776 -0.66773769340051 0.828721549840133 -1.08965540485625 -0.59375998972985 -3.64848061219762
"668" 3.12549087975826 -0.159906213746246 0.447509238194047 -0.756761815714312 1.84370985169693 0.0743255732269531 0.852039029876832 -0.322986817699219 0.173137909433618 0.90124619171112 -0.745714924970318 1.22672081239527 0.094698626771936 -1.93170602739298 0.621016813471525 0.720421617540637 -0.620375289434705 -0.300531808296984 0.280021975896295 -2.09626889697768 1.09982839121013 0.760337267808302 -2.8958327664181 2.85490131764542 0.765077399490393 -0.469519409002527 1.76114989342935 -2.07874899137738 4.73623683185858 2.50677105667426 0.082374657789197 -0.311538614010518 -0.648646438311128 1.20992913475847 -2.39178472398105 -2.03630864895573 -0.63752044644548 0.367544706475869 1.1576633149979 0.924769396669911 -1.05964605308348 -0.815318190107653 0.315608503073676 -0.0571046001027224 -0.168455425586285 0.473461010049504 2.71100995708498 1.17475196026954 -1.42161451545688 -1.33637416709491
"669" -0.0527720406554981 -0.848049523121908 -1.15645457612056 1.77065519152147 0.661492336058863 2.07666866584821 -3.60069421000348 -2.20281625802156 -0.286717285096254 0.166359353686766 -0.881841517106252 -1.0902969857132 0.315935034492963 0.594334326099938 0.33595487095081 1.11789731830274 0.612503794786114 -1.8114736955897 -1.0544705705727 -0.06436948079209 0.690787487192526 -2.73753021090208 2.21077050783158 -0.511743737677108 0.995016449228192 -3.66310271255535 -2.68612773937785 -1.35564917224952 2.18041516706907 0.12349141721229 0.124322275338919 -2.47534774486854 -2.8769922744361 0.418255305752384 -0.104000285845655 1.22002933984365 -0.112063082437411 -1.93146025543201 2.03015389714876 1.97401667849639 1.30406760473177 0.561917939131004 1.57999950393178 2.97630351999035 -3.71254411661449 -1.0666254760001 1.27552924614251 0.841232450609134 -0.198412449421439 2.4634960469383
"670" 0.0791607196850072 0.821120509924209 0.640266324232125 -0.0532772265505161 0.757247209012347 0.528033574307815 -0.996577833728182 -0.704943255424653 1.64185159264354 -1.53354762420898 -0.141305900051338 -0.651878192173545 -1.49894156543592 -0.728998536545485 -2.34849529547057 2.8043515700294 -0.822176012368794 1.94387394382022 3.01923997152053 -1.67355489429429 0.628853390696377 0.993465908976867 -0.327145381767503 -0.742320757623684 -1.83658215163481 2.16870393683358 -1.16852095249091 1.10313788267957 -0.190264306671522 2.00259815643867 1.98205742824547 -0.329560831554307 0.486272844836516 0.461541382623068 -0.771011048517667 -0.309786639912181 -0.0739145793624904 -0.134883028412741 -0.0430027489857892 -1.33208094001707 2.72920873257128 -0.0785813339844213 -0.0656305530213023 -0.864301103966768 2.10332225808677 1.41366271714265 0.654908537796373 0.323965803491498 0.966068418728383 -1.49247406917803
"671" -2.40132857958979 1.7879989998703 -0.602732173434314 -0.273538069799343 1.62307833781312 1.33780389680465 1.36767037252066 2.09457452982504 2.44456814013709 -1.41189577161565 -1.74561905383472 -1.41661530964929 -2.74920443121152 -1.59035760390018 -1.1945922393304 -1.13148493617962 0.217514928499298 -0.413963064254266 -1.07507438300546 -0.973828577485027 0.494418767037118 -0.32812421724635 -0.221125649075052 0.714222377445681 0.0608914461156955 -0.87981201117884 -0.430719782873349 0.491654270110844 -1.16512464109051 0.454562102995038 -0.267578343009525 1.34149360769911 -0.887273125670855 1.65348560225783 -0.439141899999972 -0.283255037310575 -0.350626714249879 -0.919374576585009 1.80782299020895 4.30130208207931 -1.78205867728511 -1.18886417892193 1.25385220614119 0.592522665997658 -0.361784761189858 1.10031853104809 0.879479613730309 -0.944924498697804 -1.4830692168445 0.435166133447401
"672" -0.360436070095401 0.0623688142710141 0.617588388336255 -1.50298823700727 0.791969301930886 0.0927129851384999 -0.00894971095595438 -0.335881261742078 0.11544270694408 -1.18355018992923 -0.36043816221122 -1.63928628550743 -2.62389980288911 -2.63950777282436 1.59862682856494 -1.5824702814614 -0.729554056774346 1.10182246606451 -0.830996855976456 -1.28916494218852 2.2659015659563 0.0657156664940865 0.91289802282675 -2.72024065768458 0.372857938062938 2.94782909236799 2.03451423822903 0.0513999742609058 0.619105912781188 0.186838716617831 -0.289070284261684 3.12898492310021 2.16699163247144 0.93761195399697 -0.49824239207023 0.945866776644052 -0.451791235174114 -0.0545735296137399 1.68292288763382 -0.735148649451149 1.21749456353135 1.36123318510276 -3.19681616673767 -1.08277444705025 -0.26149283843681 2.84513398603987 4.05808126063489 0.254206639856396 -0.744423300504014 0.0214598170143271
"673" -0.231938219715418 0.104628913162656 0.65895195173506 -1.79554653169287 2.0874036720503 2.26414463960536 -1.00405367245213 0.22607460863933 -2.43153969701186 -0.0334467921070656 1.20878213691602 -1.02104848872491 -1.29801057930972 -1.71847404278107 -1.40250673930892 0.968847508305073 -0.501842485308 0.354933692061382 2.56890664661181 -0.920279599447428 0.224436129574848 -3.5311007194364 1.48449618407521 1.80184504847301 -2.71692014205639 1.11180410769575 -1.03671657875355 1.47091615186728 -1.7137919065884 -2.98533108748688 -1.86249920490129 0.604674526517398 -0.0370972141633362 -0.273952545315651 -0.77582782334901 0.751820064037807 1.9494499097063 1.04608214919405 1.20830682317089 1.71237409310405 -0.33829880490486 -1.02914343442028 0.955547758781399 -0.744992445239139 1.49594578099227 2.37351073189193 2.51388260226021 2.49443289321359 1.51754490133211 -0.549613418898889
"674" -0.753006137861438 0.998372297610595 2.0507224004805 -1.54006178141893 -0.411279289534734 -0.870295382599349 0.0715027026142875 0.839362209068951 1.33870423469823 0.272026811996571 -1.18389889804481 -0.154263301015507 -2.63010376252011 -1.97967195593355 0.306931642254291 0.388381100370944 0.759527138340746 -1.0585642574478 -2.18936514683342 -0.14314676145886 -0.176433694709913 -0.108573893919193 2.24639668598409 -0.188170204986862 -1.64265426018721 -0.974964383667001 -2.31023001892586 0.105924198221906 1.1041246163257 1.41965474060214 -0.392402865597131 -0.546111385965791 -2.41816773865183 0.306504326905933 -1.56167298125183 -0.060277993322402 2.43983815517939 -0.161371722271478 0.0572529482023711 -1.6631146106571 1.14211235210967 -0.141752515800535 -0.86861232677825 1.04008108465159 -1.02284928178581 -2.68911919165954 -3.53828535394718 -1.46776966231313 -0.805182865235762 -3.08279432088416
"675" 0.573669859474741 -1.46735066388125 -2.22081065310072 2.66408400688094 -3.33038148733622 -1.88396587545301 2.06283403215993 1.26236490427669 -0.899978177463094 -0.647599374403518 3.09951164413049 4.12191285937145 1.90516047166665 1.02841094140224 -0.0988764710832807 -1.21807186261332 0.874741364974654 0.637482728814566 2.92467104824499 -3.1245818188887 -0.453599765922348 0.436679529967274 0.337381472432147 -0.379570025017526 2.74349744311882 -1.2864764996436 0.368228512620532 1.231705133872 -1.70474914400221 0.489314496444106 2.15024212781701 -0.193475652766336 0.025411369218123 0.311844515334877 -0.14294511729936 1.38627011520105 0.763263731619915 -1.48163495877405 -3.39177636273564 -1.3693964212198 -1.26325878738242 -0.53834940051859 -2.4112878286892 0.305593359572818 -0.840494347116744 0.338455804528005 0.293184293600533 0.242570791326295 2.22270819698285 -1.08462947134624
"676" -0.740073816959772 -0.426055266251163 -0.9701926687549 1.62526023831505 0.0152251581016962 -1.27113692154219 2.11088547955784 -0.241867761560342 -0.305236502124399 0.949951278503907 -1.28534856367348 -0.219857713498166 0.187876341630579 -0.744885454899057 0.0335500519391574 2.40972399228432 -0.614593717636 0.232950049496999 -0.589883761607925 2.91566365869168 -1.09676245943439 -0.43069103056818 0.83929123085695 -2.30722944077764 2.34074476544865 -1.00561373481969 -1.98457730996087 -0.583717360179582 2.22747389450626 -2.08624751395696 -0.500076614471365 -1.40374786731709 -2.14734421162938 1.05231460859116 0.891606930734925 2.32043733900799 1.02830926244144 0.131866708536452 0.0738032890016052 -1.20407358037864 0.488817855340205 -2.12325509494813 1.92275862386979 0.0487559643293132 -0.93809648872076 -2.34342146393799 -1.63025314831845 -1.91232319602258 -1.23403387423616 -1.20888552210576
"677" 2.09593365488456 -2.37623194573453 -1.29004457800392 0.812118771662638 2.12208714650186 0.515816282888218 1.54839283972201 -0.911193263092637 -1.44945916931552 0.747269252924728 -0.253931490079536 2.4951747406471 0.913202788489851 -0.293264953452192 -0.601098908849746 -2.41652938147505 3.69468618033029 -0.525950660537955 1.56877746323716 -1.02382870723668 0.186357801032913 0.761968320633691 -0.0662150602703506 -1.07084386920382 1.70841591811864 -1.32944949551449 1.19635766059698 -0.703754960060909 -1.1322714065051 -0.441023288897005 -3.20960255069569 1.70013510758246 -0.39041713650482 -2.08790061677342 4.14098577664401 2.39586742665554 1.02720884012874 0.803435619145212 -0.707734030666319 -2.16763844787865 1.24736325750632 2.4840422642331 -0.201995426690665 -1.23677204021635 0.317495954598239 0.0532000681279906 -0.265640539784763 -0.742205657523271 1.21126934327277 0.033681355227072
"678" -1.27195331400651 0.374637775824558 0.483935814385735 -1.58074021657024 1.54320262328204 -1.15706629523945 -0.862648757928847 -1.49512068286284 -0.814807267439867 0.289249619780842 1.28610367748627 1.07621204883649 -0.907872019697045 -1.19418137237902 -1.37305268230114 0.476578270362493 -0.256051219721743 0.500470901163242 -3.68267064975754 2.30237127169615 -1.65359809570472 3.02554917322017 -0.210620077757792 -1.08519328084375 1.2218350759821 0.474269851434077 -0.468239633787453 1.22445538489924 -0.524611136460789 0.382643959081771 0.778761031823978 -0.549854658053384 0.895353345338731 -0.412394218345118 0.331379436586877 1.50471692924594 -1.30629119324862 -2.92406599363671 -1.29917554771929 -0.198583880467368 -1.16761439102812 0.314067953805981 -0.29252894012892 -1.73283722621472 1.64127110108698 -1.4753583947267 0.630676429386481 -0.883785998440058 -1.2883653655339 1.73364685331353
"679" -2.49952657819112 1.3355739772235 -1.24576714814131 2.99035580726376 -4.25214506892786 -0.986980697481043 0.716019321979183 1.93953247800936 1.5977889085874 -0.260387440528834 0.0845082095296587 0.907847220069031 0.774737655012203 1.25651128983494 -1.20452753456241 1.12949607689852 -0.360023045650142 -1.24157337171087 2.10480287054777 -1.00332644534191 -1.96088606095053 1.45294452680483 -0.531166362361042 -0.319811791361859 -1.84281822116637 -0.0639735140520523 -1.97839178906248 -1.32235673745778 1.85654786356859 -0.657247420665165 -1.58080892041007 0.754406918661641 0.187893531578752 0.547892338879037 0.583332367403132 0.508609016548504 -0.111422974247656 0.119236059203888 2.98656942318598 1.91653462178984 1.00770190205514 0.999561817084325 -0.744715280829504 -0.187825062340312 -0.850739078664356 -0.850074165316976 -0.518775683644917 -0.68131653814025 -0.00238335073042259 -1.01469561134803
"680" 0.991750730140997 0.473049481358103 0.379603806531675 -0.4398324960026 1.26525495929844 0.221306453268739 1.23838518413882 -0.169883806188818 0.983727596188981 0.572145160174574 -3.87904474866174 -0.378659158681911 3.42528851026527 3.13947509104761 -0.628188873963956 -1.17890220342835 1.69049088705345 -0.148268056254485 2.64875776246307 -4.25123526295085 3.89787640469332 0.666930116141719 -5.36094206710033 1.76401437998617 0.505435850084772 -0.362464253571815 -1.73740278023184 1.41694036690939 0.020977098603437 -0.883180568504342 0.205543095064041 -1.98694318120303 0.00257818574001529 -2.61910089862673 2.97747579876071 1.95941913098856 -0.0040691696532276 1.48458316042843 1.5318694946307 -2.43049191253256 0.502453105868947 -1.7865642244003 -0.865155840957498 -2.00873442065605 3.18330375035249 0.493647273858845 -1.52857980681195 -2.22164132168629 -1.95641427692173 -0.393931751147521
"681" 1.70342259017828 -0.867437806876038 -0.980847734627891 1.98630920389808 0.514107429502966 1.73527651643704 0.722756938329368 2.1905747137923 -0.14803858118371 -1.4628919912029 0.165393000261741 -1.5788817203975 1.25156948078021 2.52739357936372 -1.13278102595089 -0.445438710506236 0.460750833849317 0.110243230536944 0.14772016380619 -1.22873772156001 -1.50529284831231 1.53482379362302 0.261169027825967 -0.709019338090641 1.02316031461444 -1.53519304908545 -2.40501151728849 1.15695329871801 -2.81824401404013 -2.02310601594591 0.151625451884445 1.64586710421787 0.964087982814166 0.560869055525092 0.391653268124348 -1.06607217064243 -0.942759150158239 -0.279440055306368 -0.841177024794473 -1.49077570748764 1.07560663342639 0.706266481219112 -1.09796209456201 -0.176831740356518 1.34512580946321 2.24647064719549 1.35546560475479 1.20821474049499 -1.01073824370287 0.927374330069276
"682" 1.17268036031692 0.763531392672513 0.451214044535194 -0.439115824984514 0.964635612728842 0.983205317765091 -1.90679343902031 -1.58274323600743 -0.0301499278786909 -2.47777221015567 2.85981787924005 0.835133063128209 -1.45104721674147 -1.55225184969347 0.623468417717056 -1.20055927356874 1.23709716568146 0.303833924581457 2.71640105544166 -2.25029765586634 1.84868643977536 -1.72132511386721 0.817990033200373 -1.0711780217584 -0.312705830197081 2.15161384206052 1.4653504442979 1.21573630198518 1.29173543483308 1.7909460105632 -0.70741462327556 0.533809266310524 0.21680417162807 -1.2040573799081 -1.79367644087484 -1.86561204037059 -3.41653944799763 -2.14436686572705 -0.254754320622911 -0.807383704806203 -1.82708387614525 0.133200921352716 -2.74885471616862 -1.38367494043187 0.613184001704769 0.459546322869802 -0.247073477759911 -0.967436511838439 -1.17872306359346 1.67592671435965
"683" 0.0267760216060962 -1.87339040602276 -0.638963317232697 0.288882651929452 1.22885285005636 2.59806153971626 -1.60806355997493 -1.18742504708697 0.412268558893396 1.11513239288116 1.75712656935117 1.76137742761557 -0.820032039070612 0.617374128280529 0.344949408962261 -1.21968969139513 0.983926869191806 -1.23191871554333 1.59602683222823 -1.2872035715739 -1.71891636588739 2.49831965821436 -1.85695834475851 -0.321137485807848 0.760653651293167 0.227951691879 -0.283911336077246 0.208096277269708 -0.688952535436303 0.64355031272601 0.697019459489358 0.576671270908986 1.65061930163236 -1.87703181691802 0.261156168299173 0.0810292454214422 -0.699756644874123 -1.68625794637167 -1.36156592299597 0.673986924052827 -2.40024597459038 -1.78335589558444 -0.654459684777671 -1.39884397245426 -0.713831956735421 -2.74656731077687 -2.79336315638147 -0.086717975721393 0.273980330629612 0.335684839775746
"684" -1.19161251639644 -0.18404580734574 1.07325757276361 0.256269934154402 0.312889766426515 2.51195760790666 -0.624968838533258 -0.960870623034203 -0.960578081206514 -2.15080299552951 2.60388787239405 -0.118471915146307 -1.74511800027259 0.0577863561483168 -0.286310586273896 -0.127316313326842 0.123433972279506 -1.17576889831038 -1.40255802765878 1.64800106804177 -0.284139792628166 1.24044330113904 -3.49881751229867 4.16067018014007 -3.14937950709345 -1.69509204922051 -1.58785383949804 -2.42366490401901 2.42455403599106 -0.848174663652863 -1.6955768800674 1.70935232703398 -1.61154446970119 4.12358852131947 -3.59493962411256 -1.81544644216013 1.39300975473441 0.781429528106708 -1.45130452811197 -2.06571421418227 0.124444071453597 -1.46131234243526 -0.153941051102872 -0.28874292367188 -2.29842379855504 -3.74302834263802 -1.70889712308279 1.0812019624711 2.00715054526628 -2.109849588217
"685" 1.67994552965364 -1.37086812869725 -0.753683650405954 1.31653991300235 -1.73004543683177 -0.921465829575219 1.15147600582067 -0.371397731163671 -0.244152752217866 2.08926209503932 -2.38063401131026 -0.14649264655963 0.327502247633716 0.899030426925693 0.547911277194623 -1.6311388996991 1.763929987107 -2.25297401257136 -3.07116516024186 0.10533893313932 0.921291068927798 0.812482784995375 -1.76661609732498 1.7194954469653 -0.161192178286667 0.312222386983391 0.727997329144025 -0.165821355456322 0.96747532987048 0.823126161094205 0.346975226929292 0.128373847212057 1.08469862516213 0.524497831391425 0.800247612900437 1.7585009518481 0.273815555275291 0.0134685623475826 0.699623358415772 -0.13465556599911 2.54609364209598 1.71730474901496 1.01835890974697 1.1696195039961 -0.826779570235399 -1.35781656044697 -1.0851855413741 -1.60747493959474 0.71045963661317 -1.65828226708902
"686" 1.15135922037224 -2.77730203021326 -2.9033260279932 1.74027636792632 -0.159924104902928 0.703592253907622 -2.08349305265774 -1.57516583248071 -1.58365032322403 2.0968707776251 0.0151724705494522 1.18390390645298 0.667538226908138 -0.45452961053459 0.508320876851574 0.988011674579027 -1.85365428226275 1.76216575281244 -0.153897801897621 0.724370043012426 -1.88337209970692 -0.0814504151691263 2.41098371578021 1.23239225622717 -2.56542270513855 -0.756978155290088 -0.340895562528983 1.52445098957125 -2.44228223602236 -1.1392254988445 0.0922608064758352 -0.0548694129582983 1.22054788636011 -1.73028762776669 2.40800193601224 1.03785841586302 -0.766336185203288 -1.35517749153087 -0.774670357772829 1.13433473087543 0.625734412159095 2.15755075531463 0.0296605542262695 1.85490454316652 -0.328659292351876 0.294048093684035 0.453438126096303 0.199890073738113 -0.77305568410371 0.342432265229876
"687" 3.04869290993273 1.1490579475125 0.711634105730588 1.36461208619581 -2.47419358319713 -3.67930336041674 -0.240133154644507 0.704393461581324 0.112456981346455 0.904152090547162 1.77785593304005 1.07463299738208 -0.254377177229714 0.00454438871632779 -0.0797825567053839 1.66934955622009 -0.26605257028919 -0.0503378699509424 0.402648571982733 -0.168427376660653 1.09778500471759 -0.707874910470656 0.234170418141141 1.42295921006389 -0.854941273446247 0.187489816865347 0.340706082310051 -0.52317274205617 1.78867310204288 -0.113212043884487 -1.83690797990732 1.58260372537588 0.786730313269787 -0.5828065837473 0.974175349668384 -0.38801881358784 -0.65641628681667 0.718016806516202 -0.821206358753498 -0.284172488874385 -3.44828021025697 -4.59314814364593 2.94903193783038 -0.275206090669717 -0.0021975883448725 0.371028257918548 -0.274969828521527 -1.17317494595868 0.503484992103251 0.815542140405948
"688" -1.80234649615761 0.136422128899651 -0.0351646527564931 -0.00533234814430328 -0.0439203264400831 -1.84987695344952 0.238436941446548 -1.37661336084132 0.936336311526301 -2.17874219839239 0.493666295164829 -0.954455238391233 -0.443859479253404 0.440619373513302 0.329106615374852 0.0970012205057436 0.187975194997619 1.48399210874537 0.973741128842297 1.76513561018462 0.97163696985663 -0.853779217802353 -1.60668562391536 -0.825137290623518 0.174584154524568 0.922354923314275 -0.210263735555131 -0.900830312014178 1.02648511177277 1.33583734928068 1.0064940405783 1.11940286827634 2.13993498019131 -2.16414092125223 1.1762232461667 1.98315135621338 1.77911636805681 -0.987479443500354 0.469293009792089 1.69894190162752 -0.15039232781777 1.20902956289748 -1.26049683491802 -0.974179226282893 -1.13776691730199 -1.56966859151789 -2.10021196793875 -0.197621784848134 -1.47795578930355 -0.386662089110101
"689" -2.72763317830506 -0.738753928198907 -0.22455747682076 -1.00039633785227 1.85587781589364 1.30348640244838 0.946676532798235 -1.95627758677623 -2.78566290189239 1.17972315355948 1.00956142480247 0.252247511519715 1.04008434677953 1.09869843664024 -1.59502677975163 1.46979749508334 -1.85023609568176 0.755425425231517 0.289747009939857 0.686201664545255 -1.25996407234451 -1.10705554659487 0.638811192141629 2.8077553632499 -3.85682387719808 1.35262094427098 0.545844968489493 -0.682557896361737 -0.0942945971533954 0.392705028041766 2.07001788098025 -1.83013006410958 0.511508265517519 -0.0881588760110875 -0.758200662514073 -0.62124550978201 0.495750294912488 0.809740755724817 -0.459985282920418 0.260558417250678 -1.44671974241869 -0.229304813825867 1.05910740385551 0.606432421186456 -1.68406383499312 -3.06935320428832 -2.0279279812768 -0.83252470503609 0.581432919966533 1.09417164989508
"690" 1.03126082990674 -2.3901809472463 -1.55386322872732 1.4264721920784 -1.15549799827059 0.639324018101158 -0.149646443014828 -0.716470387510166 -2.55709791419296 -0.535164641723661 0.871357699505882 -0.897125941825212 2.27695618213051 2.04373168523769 -0.303540435873218 -1.61712536774131 -1.00163988714838 1.24331401717741 0.679263188404693 1.5918336789547 -2.65045364135501 -0.58347441213011 3.69220473098536 -1.79089923145634 0.528360554760524 -1.46262132061001 -0.015489213835241 -1.46537065953825 0.266357300633412 0.155075006413859 -0.181016073033497 0.921405742608114 0.524102426051345 0.272728470519765 0.0386800197088079 -1.02170440780413 -1.49441993089894 0.448702509250183 1.9227434777159 2.44089122714706 -2.49757878226231 0.238086045388904 -0.136415705412717 0.398602959516632 -0.565199382813448 -0.977304112437428 0.546094968957124 2.48833506760304 1.14013455654608 0.971680330098654
"691" -1.48689360558991 0.819137862282308 -1.10103557244984 0.10945570166472 2.62279352921213 2.07203777315119 -0.104642725882187 1.91353110882004 -0.697970789161491 0.663595858473754 2.19399061145774 1.06670742240313 -0.673102808022954 -1.08048704529401 1.23020808260636 -0.499791068434646 1.20746616649969 -1.20796114522405 -1.38938059094813 2.03073302865293 0.0949338444981474 -0.795637349644151 -1.29229435686212 2.21922113418689 0.651691195186988 0.678351312173293 2.69845643796502 -0.761801603648316 1.07742803802967 3.2195323595294 1.69725474764496 -0.081944669271601 -1.85320142946659 0.113996336211776 0.10989572658506 -1.87533831411073 -1.44019226061252 -0.830204484763172 0.181977781531487 0.105040587296454 0.104876458199948 0.888058132114733 -1.23690140671526 -0.537051053673638 -0.0983389491334649 -1.45243136433253 0.0978927109501733 2.75930575229752 0.222005840914724 0.503863983855407
"692" -0.841673052093537 -0.265333219950162 0.487904798883434 -2.8629677936243 1.95930123981471 -0.699412711174054 0.322464320374053 0.16621106139201 1.44338578179366 -1.20621548636628 -0.280660357047842 -2.47445038609165 -1.40708591850558 0.61622537539221 -0.0110168430114054 -1.07823380503634 0.592498657943549 0.888602020110176 2.5995759314864 -1.63046530591318 1.33512348562911 -0.72685047691427 1.5034127002294 -2.17671938393099 0.726747380348799 -0.505624007539152 -1.64991777029432 1.48937686010294 -0.119696323709571 -0.770646358573411 0.0386280540192591 -0.225108631520992 -0.655506188900066 -1.2030903610837 0.482375436293522 -0.398885380111989 0.942946247962771 2.35857689482759 0.725580804817157 0.344631655807381 -3.9511186690195 -3.31687159976495 2.57654084013973 1.69193777967423 1.24514139950015 0.0240077767062943 -3.34815797403394 0.201357811917737 1.71226206233398 -1.57549185716947
"693" -1.51357291811673 1.17289231527886 0.098705402160569 -0.353447872312291 0.268960276637065 -0.344782635562426 -1.724673538281 -1.09128996903829 -0.425388800684245 0.823540739730005 1.11519319300051 0.634598423019614 -0.890429299804964 0.625845441616683 0.252265264630535 -2.88792038642365 2.77683767702205 -0.590116409690925 1.15084212063803 -0.996584019888567 0.371101779533418 -1.85792625066143 -0.0456266783095576 0.243566122831907 0.736697366329925 -0.163676428743225 0.126509444602213 -0.83807057475105 -1.30131622193657 0.49711244549973 -0.856792413507467 0.37549758150358 0.928526016544231 -2.96604778050822 0.641168183695821 -0.792481972700936 -0.367117752380019 0.19187288547877 -1.3905986610861 -2.47180312668667 0.299185704099315 1.3909309743238 -3.1975772533592 -0.484789454420779 -2.53623714154865 -1.33631808019521 0.617944818111327 2.83297362727073 1.05011274497259 2.12925778779112
"694" 1.17080655368426 0.712378691087664 0.276285052319304 3.59538490256573 -2.93482886564197 0.0716378420241933 0.78262887316646 0.337079658671838 0.876212982316682 -2.31329301895756 1.64245866817236 -1.67483645173525 -0.912724002974948 2.07904750818369 -2.77154612763034 0.0278459088341759 0.819107752539548 1.58305373245364 0.132781071683509 0.0361176403129743 0.517016392318778 0.0321849291934156 -0.624305840167031 0.807985155482989 0.599559852156647 -1.08374330175857 0.276410093005016 -0.0757515450373456 -1.20038266362975 0.102799879894623 0.599302976659966 -0.51214688088014 0.264672887722569 -0.0450580189334803 -0.441210008429467 -0.0835523349577302 -0.57420825634364 -0.0140762869823879 -0.504086662728803 -0.212778491878031 0.947175028188625 -0.249931428198378 1.55469691683589 0.640843370337066 -1.78896849937935 0.232354015670297 0.68473927109953 -1.58800587219931 -0.621300712872739 1.75755353500379
"695" -0.334700839412991 0.0733866252832546 0.0673672674819911 1.8233880840704 0.553113334053315 0.671106098053999 1.59374759081937 0.327657735309745 0.13308340055907 -1.25572685550971 1.91284423135617 1.5088179780412 -0.0027266096021221 -0.901199931597421 2.03638386277809 -0.698249217248083 0.0919069637509343 1.35171793624247 1.69818645216323 0.586966957697781 -1.32242443821941 1.4945388594724 0.689744152056392 -1.17333749706039 -1.47312578156685 -0.251641950260964 -1.90992404417317 0.515989000215847 -0.828701154293864 0.192445314399044 0.829338238289812 -0.808233794362418 -2.64805383036243 -0.085121831232414 0.850717831823189 1.03185846697873 3.24221077343844 1.38728042952612 0.629443983803773 0.584863432912206 2.09256012531209 -1.1749766772737 6.12202980649126 2.12498557407986 -1.87649454482116 0.0374557896758935 0.153188780732433 1.09634719927857 4.48910977945469 -2.31685945297822
"696" -0.00613440768378539 -2.85454174733529 -1.04251267692238 1.11734742860019 -5.01517325919383 -1.91751561758693 1.31813954088363 2.0009043929417 -1.02132007209464 -0.352636231184897 0.683931367154515 0.0936743716915031 1.90032065283741 1.34836528090514 0.917119577735747 -1.95524776499941 2.54318118768768 -0.066548539362059 -0.030837112180681 0.215385401082345 1.14053277218657 -0.46912556197613 1.52915333809774 -1.09826723486701 -0.588050030432031 -1.61495321423408 -2.24729013711341 0.622677758120958 -1.00801965192215 -1.70929964761512 0.0207562377890564 0.457396637398789 1.82952905385921 -1.15718869503609 -1.99156815103024 -1.81377851893274 -1.47398450452633 -0.867504449092517 1.00180982645301 0.463056851419821 2.17602086271673 -0.730784125287767 3.5390717139447 0.33204591238043 1.4524407953738 -1.89324788086119 -2.30751377915404 -0.595401395579417 -1.34606873955424 -1.35092901750133
"697" 2.05821316409689 -0.419441914309182 -2.00209384945553 3.16031617144775 -2.32376013972106 -2.30335170930786 1.94592763764777 0.63169055915745 -0.201680291782358 0.0330366581803244 -0.132615890329665 0.535844218809605 1.01912963345313 1.22744902089706 -0.826548627039946 2.79254504131537 -0.915971212864875 -1.16776455266705 0.256799932943087 1.28918164630865 -3.1244263174001 3.26989416190859 -2.27979749640159 -0.133124442162856 -0.157775246496366 1.8763746142564 -0.647970607214248 3.68111316849537 -2.3512848056013 0.112255302731394 -1.10611023623681 0.552883848715816 -1.87894678149938 0.0141641994802283 1.1823002037201 -1.66343373350974 -1.90049116854617 -0.92666848663243 -2.58630771930292 -0.874779066424944 -0.235149853888687 1.69849765934547 -0.689858338762295 4.02760027874676 -4.81124359482713 -1.61737650761336 0.357687139788813 0.916902824640189 1.42094122142636 2.55094917125588
"698" 0.498342782163204 -0.92673441708719 -2.32307414076528 0.309352691566621 -0.194280944478476 -0.324935920754034 -0.27871572642695 -0.0591640197635854 -0.485067299647404 -0.431733624989213 -0.963070638825933 0.188267283506599 -0.774364520340415 -2.48732548129386 1.36362702578887 -2.63258102299 1.52521292092109 -0.183057573419833 1.00942759162252 -1.8583975849436 -0.62688200166663 -1.30414377643197 0.423147401351502 -0.546461578440656 1.78931869879364 -0.26551286505818 -1.65383416301243 0.300959768704461 -0.404716623669793 0.713499568762245 4.62867573457935 -2.30498608942142 -1.12045618905948 1.72239230687078 -0.583031948589983 0.728181576044585 0.440484873490178 -1.24415424020844 0.0529565934518806 -0.117263680595479 0.557241539922103 -1.22193112183969 1.45379776012391 -0.00340164772657636 -0.961388315548732 -1.20553348106587 0.475334422611495 -1.15557405727169 -2.89427952258071 0.616282693066962
"699" 3.5857924732711 -2.19192054189843 -0.782951381106159 1.34249949994424 -1.72333811609761 -1.57914069083475 1.61835783610429 0.604518058676219 0.994427928903421 -0.91416677349818 -1.04232515783153 0.930055297896836 2.5792372435751 1.05207154993114 -1.10163066216349 1.43597436106958 2.65809854514659 -1.8624318372612 1.293548064796 -0.314814651903591 0.236050528593984 -0.640988450490282 0.173629380989352 2.8071592539917 -5.4317455389006 1.78836274528268 -0.521665215482285 -0.693814765188198 -0.285474939719795 0.621840538119429 0.761620702572003 1.78854975139806 1.62473192982418 -2.30312275290943 2.05024467559232 1.42983037099088 -0.340223021154167 -0.518156136869208 1.68875086665399 -2.32371770473227 2.90391719512796 -0.803370996877478 -1.73956025217229 -4.70837923042802 2.17574189472784 0.217345576384856 -1.25066607705392 -0.141857056954314 1.97220488853048 -0.47313824624603
"700" -1.6543697054845 0.593973932287504 -1.32361415438681 -0.620250564457812 1.83447559884653 -0.562146995675701 1.37179952170666 2.53704132311182 1.60875639472981 1.31837135427915 -1.17371846739662 0.922234933874106 1.64166590083922 -0.165839891067878 0.976612364107581 0.00595558705920791 -1.08099165185799 1.84380057325682 1.56484357511197 -1.16206065942876 -0.261776511246432 1.98790825841372 2.47004155024997 -2.57543967322138 -1.13512973767645 2.77864923083337 1.83875551528922 0.5654727049184 -0.917884251517543 0.678499137276134 2.00117852218056 -0.679294438918375 -0.24946901663625 1.19953587026165 -0.310158306544784 -0.278070502782857 -0.922754576967396 0.324361475030929 -0.390044788467866 0.6373637660862 1.01832069428261 1.77037041300529 -1.24007370063409 0.54217046424517 -2.63342356089304 -0.218468408016933 0.000298519309408737 -0.283567538637143 0.483945107174263 2.40630938504014
"701" 0.6587887362598 -1.70046766947063 -0.799200016931025 2.225741279644 -2.2374978945642 -1.07349234859163 -1.77589377993937 0.273148394383886 1.19578274628468 -0.31406362367917 -0.0975623547245258 1.81591068631917 1.96268012728349 0.469118198587226 -2.15769121813024 4.08083360858899 -3.29978223990884 1.87066236453855 1.24001861099424 -1.64997631796536 0.658628829900216 1.55549029794089 -1.36393240470246 -1.13667651792926 0.136128754041907 1.28812252855423 -0.71080847477048 0.136663564337351 -0.348112560755338 -3.89386242242056 -2.73723191014448 -0.618450773451057 -1.32042512424252 0.0405863729290752 -0.722443120907187 -1.29658778840806 1.27121448571527 -0.371016382996206 -1.5196124920737 -0.683687019687052 -0.642263746893462 -1.85297754955879 1.34255383876901 -0.661774309766813 -0.686978064892236 -0.749043141780947 -0.545377338455027 0.79538642215886 1.48947913418498 -0.0287726913839875
"702" -1.93426433174037 1.63619569369275 1.14462045156968 -1.21839895532013 0.728158078235625 1.21277916100086 -0.0915716330321761 -0.690541693094514 -0.665106086508778 -2.87547453059632 2.010600484175 -0.721119448601658 0.622438066557239 3.03031794950735 -2.99772782837357 0.702796953484057 0.143549193010154 -0.044288739657982 -3.4483227617835 -0.434694821455671 2.82726410995716 0.384995850673257 -0.306071784189955 0.43276027699532 -2.02979759529246 3.76656338581808 1.29820860258299 1.58622551768337 -0.237921535128152 0.415562291709113 -1.73429687169066 -0.991266915301997 -2.65013477332632 -0.331365193843708 1.7228118002732 -0.838261398766704 -2.14394487277861 -0.88477825953265 -0.818905272861737 -2.35144856947644 1.33007268867367 -1.81362651113346 3.9018374026614 1.02009935047816 0.763381410936989 -0.488858930690623 0.912196144383629 -0.868180297986199 -0.363656704690695 -1.10057787406725
"703" 0.547301246674016 -2.44186756221603 0.694617313531678 -1.53747439319474 -1.3147219076392 -1.12756127301678 -1.18329366187807 -2.49042770416209 -1.17571942994466 0.579778188012381 1.48706404490844 2.23416735038283 -0.0342148529002261 0.924248681121316 -2.39460166876555 1.00781538953375 -0.0556610710466562 0.129403465568598 -0.0583636508411376 0.245329507597113 -1.62823585658675 0.418624759197885 0.492605132967357 -0.69396482784945 0.843525684108102 1.31256751731118 2.57587236967984 -1.12698368580935 0.304809877124316 -0.659132047216978 1.74989124967959 -2.81651870108181 -1.4115649555283 -0.252401300193585 0.487084656388341 -1.07710943922813 0.0335564002158991 0.602101019682368 0.748208916609732 2.30666138584838 -1.20730243639417 0.864128237452395 -1.21333354281614 -1.09952281201593 0.505909688567359 -0.430797339882074 1.50885829438754 1.85320443680812 -0.0255390426557735 -1.03537985243849
"704" -1.31964173379283 1.65190649594976 -0.129533608002122 2.05636528545125 -1.45028001879921 -1.67273288780285 0.800542575033726 0.0739323805865926 0.364118840572002 0.563748319030388 1.26012395176616 1.92110808755357 1.90842043344193 -0.794538624879197 2.70723152564056 1.11654817799167 -2.51992065888244 -0.0770190508233774 -0.636452668968049 1.01583936652649 -0.15561132897395 -0.985657001126193 -0.79673331958486 2.16256321962771 -1.12300046786639 0.863799883626074 0.625711057877648 -1.76754807893721 0.913479501299088 0.234287606316587 1.55765674046763 -2.07639152077354 -0.312442044262987 -0.256146957817099 -0.940328242802063 -0.101998851744249 -0.955844280650747 -4.69158939204647 -5.15126415174127 -1.76435777033023 -0.854612771631765 -0.751153725285234 2.77234399965774 2.40333545491059 -0.152027846214509 0.550097785613802 -2.4248406117986 -1.17889364600714 0.476807053929269 -1.30742779432079
"705" 0.537645632544997 1.54611501373307 1.44004890204281 -0.579448597543786 -0.914119934713978 -0.833238726480912 -0.779415856980701 -0.110179015856405 0.48598765535827 -1.35194509905299 1.73046777448944 0.573429000918353 -0.761780092477493 -0.759849121574995 1.19434733898072 -1.3339362330597 -0.174156743664404 0.636055750406157 -0.279612643368081 2.39578565133325 -1.26488671689414 0.226264172378158 -0.258620686233908 0.0172872345765326 -0.27025869634701 0.220437578541531 1.18135081041388 -1.01638428316272 -0.617367960835442 2.09596176632872 1.43374222909673 -0.761321970428417 0.241329441163885 -2.70604198043238 2.30907225417315 1.34235223719357 1.42584778552699 0.57913559325573 -1.36056695606832 -1.50198717908038 0.411973260297721 -0.988074048516207 -0.37639147285461 -0.903479198150505 0.944207413730993 0.802751887206508 1.23138278557184 2.03892875517225 2.4359638412031 -0.521907909685364
"706" 1.11258218064031 1.08790806101966 -1.85600705630253 3.0735299667209 -2.55612067878728 -1.83208138191912 1.38340682158567 -0.158332724508215 -1.66293364370856 0.762054020833518 -1.00639837284657 -0.281068188761071 0.376608668620917 1.05599409153675 -0.751447780129036 0.343003252387568 2.01512516464119 -1.433501113518 1.23308406198119 -0.899980823076699 2.63189316895261 -1.98164469918585 2.70751898149709 -0.956482922874831 0.128823876569177 -0.724649234874891 -0.366459059927829 1.14691877000455 2.17754146222674 3.53464930796517 -1.82134264440631 3.53814891424429 1.48575913490811 1.10968288419348 -3.98777291163883 -3.5756525283672 -2.65323038367159 -1.426288976164 0.384487879906065 0.560668375602877 -0.939309994554408 -0.119509292362882 -0.995802243818193 -1.27100431754107 1.26563092776168 -0.222749847185491 -1.40853898705106 -1.40305939558236 -0.910026196333811 -0.80740627089257
"707" 0.569500616942935 -0.992704160191615 -0.912996352780577 -0.885758598174851 -0.960665390097269 -3.42730202381394 2.34145852357965 0.29348222419833 -0.591102388151774 0.4380180543729 1.308871916894 0.577229815429347 -2.53997858252426 -0.151086411401519 -0.442876341367444 -0.96584993492104 0.147142421867226 1.84803303144872 -0.0654121008499815 1.44246313266649 -1.99187440235582 3.95897028974244 -0.509565643426832 -0.0703208285318938 -1.78284290654493 -0.163715339221206 -0.8827077017017 1.34334346725912 -0.0795573382511341 0.0683295545892129 0.800688117889637 0.451995374207731 3.67241989530694 -3.63673832936816 -0.0566575197325438 2.87322986343972 4.97383058142271 0.680996611911627 -1.97269380883231 -1.10753574425088 -0.578461170681598 -1.20905357986467 0.589374526514166 1.42847678879589 -1.4266107467216 1.94684663362038 0.906418263529332 -1.1472701535332 -1.51300257283944 1.99283416825825
"708" 0.80272524826068 -0.324264026679872 0.281578303652767 -0.264484826426637 -0.270759443525413 -2.63551491596085 1.51164416751882 -0.929699984285434 0.574331861754373 1.61679609812647 -2.54282850449297 -0.392141756287682 0.795286662147056 -0.152913498870193 1.06021122185965 0.559959482750573 -3.42527793929503 3.96093851538486 0.728126125569827 1.5862034748587 0.0370339508605541 0.0359165256974007 -1.78675653034167 0.200978774526551 0.168491178867039 -0.202543555961284 -0.852683861365841 0.419786661106429 -0.281302634579006 -0.416787663795066 0.156305279571659 0.183787822286711 -0.754156652322284 0.679775091318737 -0.324552160301477 -0.845694842485587 0.538697126683487 1.04787278387216 1.04160403266704 1.16855686662083 1.6726158725524 0.844377935145502 1.48806490799025 2.40090981275873 -2.67793671738434 -1.48748556406288 -0.247554048862122 -1.18377913675995 -1.54153900457768 1.17901441777892
"709" 0.609896006740109 0.466112698387779 0.515979841548837 0.510445127082423 0.507611831687043 1.00645808239385 -1.7652631062226 0.390847418881119 -2.282989112463 2.13692738412733 0.255384353341636 -0.950397849366802 0.119216501166404 0.0100475276220297 0.926717405234881 -1.04346679607905 1.79438627261219 -2.38515122076409 -3.17007955677019 2.53387407557374 -1.88754122560039 1.16185520505963 1.44173711616314 -0.259273660016675 -1.61042527260376 1.31509813472516 2.27189660678761 -1.67625065076558 1.13160789405693 0.903179441199942 0.190561835638717 -0.281558396537194 -2.0206618425506 2.46629335670475 -0.56930397339576 0.853782006003515 2.98760019269183 3.98141575952531 1.40562567830155 -0.224857872236476 -1.38668560659724 -2.09128693661491 -0.477832039442423 0.349255872325496 0.952056073127066 3.0576725830983 0.276349351300172 -2.13034269720923 0.954535859145325 -0.749924881656615
"710" -3.08223683643573 2.18212848579196 1.2186956989455 0.961525474905078 -1.46432917109354 0.795371748792446 -1.88497848758018 -0.304943739630054 0.55133540049518 0.903862131273023 -0.514467501672435 0.378409115224891 -0.117133141171037 -0.818964932567002 -0.344868580037121 1.73472054896953 -2.02802032361353 0.507224949008315 -0.404678427453592 -1.11912430179594 1.23288203415894 0.477599011107343 -1.10905008773397 0.620016934757472 -0.880466982894697 0.42580847226984 0.594399441929901 -1.0207459340322 -0.0730952166975641 0.672442820667917 0.699474066487094 1.03161991823403 1.4373790101519 -0.0392303112986277 -1.40979077200093 1.07507409952403 1.66033792341506 1.14397698078427 4.01897969240526 1.01235035269489 2.7361591138336 3.63788543869007 -2.33688221444233 -0.321351039430168 0.731135210849986 0.154434155373395 0.687202527210985 1.90480396908162 2.34180303628372 0.0587390317757595
"711" 2.76276678360518 -2.78927631969544 -0.868757821429828 -1.24658419018199 2.88870869200431 2.72069880156965 -2.03400187765363 -1.11072173748974 1.18348620585431 -1.14568429449862 0.664795370992773 1.86139261128412 1.59263978468941 1.44555228071514 1.2219421611753 -2.25433756551683 -0.169609127106007 1.42917514223122 1.25855879968117 -0.0527026406605789 0.877685330791964 -2.43378324515014 0.206763131301776 1.51071633320995 -0.62341513887818 -1.48693401093338 -2.84220981072401 1.6433869741187 1.90106759100464 2.33646859306848 -1.22804815571188 1.00064213170474 -0.279777540531501 0.305971110053871 0.0143639930618297 0.791879935271739 2.04610477855143 1.14744447846834 -0.147078605822403 0.594833855120908 -0.466274925194461 1.40588978378922 -0.511475285638663 0.115365172905569 -1.426645854804 -2.32610286363142 -0.24476320913384 0.151628596679944 1.28552090295685 -1.10808322019548
"712" -0.619556218121652 0.322116324906692 -0.536069576143127 1.99389201888655 0.67247203080801 2.2775449637539 1.0599741691021 0.944867308840086 -1.00345757952877 1.82800589730869 -0.804694419183606 0.241872408638515 -2.30669269700823 -1.31273426768539 -0.105773758719964 -1.16684737202529 -0.723411739097947 2.25750542190354 2.58708738709058 -1.54408325827958 1.67099209004608 -2.10320965549158 2.65126227535917 -0.541412535818072 -0.882117425193568 2.05967893001447 0.409719631393217 0.491310495416303 0.874769666910679 1.39761660467045 1.75043924361091 0.349500897494011 0.305794324092335 -1.47079132485471 1.27442717583487 -0.336894298334577 -0.424904640269426 1.35936444219742 1.49988165185647 0.65243921268894 -0.972623268272257 -2.24468023564853 4.13156312656326 3.39385957559795 -1.11705282187831 -1.94722563682394 -2.46925805096473 -1.35838681748693 -0.191518286675465 -1.69312457296521
"713" -1.59608155151158 0.87307371811894 -0.130082423742867 -0.949288700775249 -0.640096211849632 0.334229924486225 -1.37749469597768 -1.09314553245926 -0.934262986382118 -0.184718601493853 -1.18529779011466 -2.11820937906457 -0.78609489936977 -0.949180451039875 0.0739355152372259 1.63082368397912 -0.175676723441551 -0.414661563327389 -0.210190173560172 -0.33223139320742 -0.486133934842898 -0.126713350920329 0.228914241468876 0.443460178865923 -1.00212640078259 2.14297472910187 0.364366457507069 2.69354999966577 -2.4724699983776 -2.21099434858686 -0.993969519338632 -0.337085112400165 -2.05115253272586 2.99527874185803 -2.31876564851349 -0.318807167342937 0.375707142525523 -0.044012913984847 2.82591561507697 2.77713984235174 0.0944832825373743 -1.4133235506185 3.21246517476856 -0.652570898865713 2.56857530965785 0.538376198272378 1.50047809890443 2.39849582486319 1.84904796363481 -0.940882792973031
"714" 1.20365066928997 0.799156879802773 0.889906329148771 -0.381260814793001 -0.574839144335067 -1.69222132857474 -1.92523490561896 -2.64136558373821 0.289453149380701 -0.565070845345716 1.40529455342037 0.0352267914139838 -0.631434197079427 2.79516054621778 -0.971546774484203 -1.8178236584168 -0.779564338628374 0.417415788420176 -1.42055372953916 0.267141907181909 1.06761962109535 -0.391067730327201 -1.35081969667297 2.72319586361993 -1.38367469296617 0.462767279790074 -1.57259320499449 2.23890840982255 -1.24806488151606 1.71540880483381 0.634206860079616 1.4082308171494 0.610942185808036 2.23246557874102 -3.17759167683446 0.162188416642302 0.0420104909890005 -0.413525053149503 -1.31849777138106 -2.75545579993046 0.0622814337330587 -1.22509261857078 1.11255993407348 2.9666078996719 -1.1827704425278 2.7108002474868 1.25576890130726 -1.65057460304446 -1.04176744916749 -0.237552316625043
"715" 2.48682880365543 -0.695760400091591 0.866478520501744 -1.74051678472465 0.362189021852149 2.7245719041207 -1.20456920950354 -0.595783053029315 1.19860873569728 -1.47407716254815 0.842307067604049 3.00113049987446 0.408746156924433 -0.777438458988666 0.39143935452118 -0.952678694723119 1.03997473982514 -0.142976705745042 0.962189767605196 -0.889641136385861 1.94739252264223 -1.20414875051247 -1.92033459273434 0.687895348775872 -0.514165259460822 0.732755663077032 0.982049218318001 0.0268686357921126 -0.857526132092909 0.23936064900009 -0.266607237801977 -0.355967088268543 -0.436873930007366 -0.246858653876669 1.98640784047489 0.742886300103443 2.35700898595177 2.7672539828892 1.15491927274068 -0.53863136632745 2.04123425331356 -0.274217743313404 1.20237006207258 1.50516182256032 -2.02234157672633 -2.07996030793068 -2.28117902264004 -0.464481647952241 0.75590461763679 -0.580116815170182
"716" -0.573642715912091 -0.7346484203557 -2.2004890096286 2.55773621964232 -0.649405717310977 1.20263567886601 0.361795487661684 1.7895037848425 -0.0456090543781866 -0.728091731294263 0.566966030543453 -0.695737577463406 0.153803975757539 0.0318831535955768 0.47917736410259 0.475027477649308 1.42185421996927 -0.381779677463036 1.92535402114261 -1.87821850441818 1.90430078773139 0.432267416684774 -0.442663377925161 0.166546297534031 -0.842653175294977 -0.786600931365505 0.41348318041093 -0.921939291012575 -1.4390940720216 -1.84326631720398 -1.97841478364591 1.37055218519661 -0.178055674538166 -0.466690049323308 0.6670765080061 -1.20355129041917 -0.952993592242863 0.566417630706242 1.68778671480827 1.28970129978881 -1.94974812790475 -2.53444516394732 0.301315303037102 -1.15329086892663 1.79528145719985 2.67016119697801 1.22045574427948 -2.09447409142196 -1.45252209882715 0.410669408031053
"717" -0.0775286669574861 -1.22944819205699 -1.30400101412921 3.11661906461455 -0.641619252071535 1.46172470423535 -0.251232322584602 1.10507395867151 1.68897770304655 0.21011998762603 1.29362441967163 0.584080294969203 -2.53110684585357 -1.14304047277717 1.14542344734836 -2.21473128080219 0.462567338222935 4.17843077178958 4.40646816486992 -0.7379578780028 -0.455038921770203 -0.728732538144811 0.594091823771586 0.0208630008035834 -1.21509365570566 1.01563481425181 -0.340908649578764 -0.63044586081853 3.14208104832651 0.192921572309943 -1.75016300469619 -1.08482497445396 -1.62631185381942 3.00638560078485 -2.24147120287492 -1.94717769879392 -1.48936724923607 -1.56893559130112 1.7984644262186 1.48096494307256 1.742768463418 2.10026702084728 0.605938953835464 1.58989171160338 0.505472154096167 1.26311648951529 -0.489261193066519 1.37545388700268 1.5349386986328 -0.215478837307288
"718" 0.537066996707758 0.160554627663621 0.907365888875973 0.873625454967525 0.398010529667684 0.920886883482122 -0.538314264229983 -0.827326284011308 -1.85879018703758 0.642595232369307 0.243153315906602 -1.03829501888977 0.21108340735539 -1.06059516738697 1.18626045240045 -0.840590552881704 1.54197268315324 0.900855943019533 3.10851798960747 -0.0177544779817202 0.229661768262343 -0.531794112056813 -1.25565421243378 -0.0115737104985401 -0.67279838949718 1.75665312625275 2.46416956151041 -0.931819297873507 2.43777334044689 1.06512109378677 0.452756418203724 -2.07303072911079 -0.230580763921585 -2.79510760799625 1.18040345197413 -2.27530060776713 -1.91497422164577 -1.43144734332113 -1.53977363760422 0.571494797661337 -0.0631733544602652 1.03550681842334 -1.88158058408592 0.536043690001055 -1.46136490341382 0.402572280349316 0.598951491921547 -0.856565878409238 -0.901314890829373 -0.366667638259705
"719" -0.210803286978962 1.03485529238867 0.606891461153573 -0.694236816293938 1.77425087922792 1.61258388378366 -1.86534647015979 -2.03611376375282 -0.778911071925815 0.278986738503681 -1.01712070315258 0.232172187435041 0.0848161748917804 -0.369285066646635 -0.449321372238283 -1.24929400083 0.840618850821872 0.613738192595923 0.639920635854195 -2.5742402837909 2.11174964451619 0.801240667454746 -2.5903967124594 3.53729788024541 -1.71102660524122 -0.0264798140823573 1.15432847995224 -1.62665793810798 -0.551624809420203 -0.63067002735667 2.38965083013047 -3.43753092769711 0.612483806700886 -1.99543629933747 1.09044435536929 -0.543726669607865 -0.813276316190128 -0.797411940705641 -2.16454612182658 -0.176766552268746 -1.48634478420582 -2.23407644920383 0.501053995176448 -3.18284927802271 0.43925292238072 -0.640057854787408 1.19280516974177 -0.409738403020427 -1.47790548948872 0.53352545257409
"720" 1.35261081612596 -0.13457862113124 -1.34603613939733 -0.571442989152162 0.206629907394189 -0.328993884582198 1.1279605631148 1.52448704233129 0.846670772153431 -0.545062522675909 -1.04529661563906 -2.06550869288029 0.245487384888517 2.15117681650386 0.622299165860062 0.146979866703845 -1.95768388136764 -0.433697469403467 -2.57851545398611 2.62852518679296 -0.332741339752311 -0.940873686458314 1.98879542471305 0.185359865547593 -2.15743295234637 1.40932698545893 0.516720301499683 0.501647575370192 0.375773811048152 1.89935563975099 3.38303736476866 -2.60785506292835 -1.8499225673575 -0.639255766226619 2.08096796863827 0.150857797953462 -1.54719794835189 1.10464036725547 0.917384706758102 0.0468477008110676 -2.62523740770572 -3.4277831572186 1.74768490699063 -1.11784118774812 0.65480346750541 0.425470631603404 1.03806249680326 -0.487525689701644 0.708531118613912 -0.800304670080244
"721" 0.145092713443396 -0.95815892030189 0.893947743553535 -1.12557845975052 -0.22311779731334 -0.422593938770455 -0.805062686724793 -1.15916347654564 0.14854427823474 0.181607143272907 0.619830392046016 -0.769112237217456 -1.03071146177416 1.01695591607447 -2.40353433960396 -0.0628157868506106 1.55255988284718 -2.37101907313479 -0.223996873433669 -0.996507399135104 0.217283177034314 -0.7322965006011 0.534512017700941 -1.757989930327 2.16456359240952 0.0562923988205603 0.665813023951509 0.017406442397335 -1.53847312858503 -3.43179097315489 -3.00540282428249 0.801034927299922 0.716140070407132 -0.700603064042079 -0.343114362654554 -0.593819401559119 -0.394848771976038 -0.437005613111778 -0.462177071422781 0.419090441085496 -2.44472828359834 -2.3970898514998 0.81269896868376 0.974145338007719 1.6194695772962 1.89525221763289 -0.350144460181564 -0.249107119216282 0.847726396122218 -0.180570081041533
"722" 1.25063909394888 -0.970168799277484 2.01766528331706 -2.34574025262372 0.365157836104052 0.461254202999958 -0.310982901997864 -0.809378047948644 0.316478067800492 -1.06498502955295 0.369810660957353 -0.49481053409463 -0.929842440440998 -0.524816179551351 0.497167109116058 -1.5733329499761 -0.125267160701738 -0.806730408469019 -2.41631948612481 2.31214306519458 -1.42015103395851 0.587710448360704 -0.677793482192435 2.30924390184902 -2.16975013077692 -0.104893740475343 -0.527514017063011 1.92409001381949 -2.90726905714901 -0.884341659612243 0.91720016108713 0.566034923409644 1.46763399916901 0.182140557004308 -2.54785650879913 -2.20614723176119 -1.18859552319967 -0.579084823506574 1.13352127293118 -0.499706151455915 -1.44597598048142 -2.15089348603546 -0.136982956146918 1.1689381470166 -2.19376274118376 -0.888019390026446 -0.299709702363883 -3.20015157865008 -3.23323175675026 0.932665573249861
"723" 2.43662893645571 -1.81832336126665 -0.946900111232647 0.201854659712452 0.0756269277601289 0.823691735301558 -0.771013267111808 1.10770307157998 -1.58072882775243 2.62232178459872 -0.723657912460765 -0.515919295595885 0.0843608098312149 0.375770195923394 0.617280050644609 0.459174088636177 -0.697150840806695 -1.23322438935374 -1.45545955126643 0.675873143484976 -1.19000543772115 0.73595534660874 1.00722928070379 0.734928925132567 -1.43002519770483 0.0768258206134559 -1.06008997164626 0.813891177830362 1.35580359441519 0.173715931389282 -0.542915206642775 -0.16239353436705 -0.709330964298656 0.505726561640352 -0.00602760561762353 -0.363830534943499 -1.1907855256267 -2.05449225792803 -2.3661687192571 0.399231670739835 -1.75852485134856 0.217495457491352 -0.539499688263359 -1.94539396747608 1.15806299951546 -0.797452398212663 1.37776214541904 -0.0840661896800027 -0.0521266359323705 -1.33652205981214
"724" 1.13596665747644 2.32765369011286 3.2637845490718 -2.8152507947199 2.32055677547491 -0.371674935667831 1.92562566776265 1.90619672524916 0.537838929200035 0.10235146652848 -1.76274621809155 -1.32076497820264 0.0248457022999675 1.24971035199382 -0.858228452385586 -1.63248900829382 1.099105096384 -0.429399427893024 -2.50729923974188 2.22779491184571 -1.04503459808455 0.359384648222347 1.12103482978886 -0.184906361185792 -0.177197329306604 -2.07261768959435 -1.84534301564116 0.48148294357277 -0.955538838849318 -3.27900211233288 -2.41796388278299 0.284698727961763 1.08685423964484 0.73873734004958 0.18307443684356 0.840663940137515 -0.285096236315858 -2.77041258824564 -1.74982236425673 -0.430488757093599 -0.209912181804385 0.390055100899381 -1.16357561204572 -0.128188093880839 -2.02786803666263 -0.806462889726332 -0.498294242358692 -0.792263030274535 -1.29382519534081 -0.700597661114733
"725" 1.14083631909948 0.339174604558424 1.63612225586175 -0.485270087664752 0.724969025829471 2.32863384851606 0.880061051938389 1.77505818411296 -0.541487314549705 -0.123563911096612 3.61098384998641 3.72756968881865 1.26951473773098 -0.903131426990057 0.475216719047206 -0.118199604550119 -1.295195911704 2.49395718386058 1.92615818066209 0.179847053732927 0.0820430198279232 0.556906778817701 -0.191359777997176 -0.390675033911336 -0.827016089553491 1.78299892835108 1.26586348916465 1.27334057528716 0.665189683418754 1.31213790142261 1.31962555839828 -2.51574690666943 -3.13356610892846 1.59388918835502 1.00798623742867 -1.34525280000055 -0.705214129600856 0.960156670624635 2.23158358356184 1.68814323486309 1.21842167211214 0.862266921079236 0.392165221384594 -0.0481000406987119 0.297728206082489 -0.835648472357138 -0.105227291004513 0.635474462789625 -0.466316447422143 -0.199107159183104
"726" -2.60019569523184 1.84787976390904 1.15823666790689 0.828172170516622 -0.583608577545579 -0.794182809999053 2.56634022767316 0.373988057261248 0.366312405503217 0.128481607328947 0.372604727390596 0.258291551319335 -1.5692541348203 -2.55641447958984 3.32974376531847 -2.1587077096399 -0.0186857990630071 -2.26002059240535 -2.53686161507551 -1.88452695443247 1.27287853914725 0.587594796383583 -0.475112854246067 2.69322024722045 0.48442981530185 -2.05347981000495 -0.491617389628524 -1.36094929939959 3.65748209195201 1.87718826304214 -0.434284018890295 1.43819519089844 -0.336964473410306 0.389259086459989 0.225584028734019 1.7546900343235 0.205387573409231 0.259329055843093 -0.666861553580319 -2.10331514645625 0.202041285446563 -0.736340101230586 -0.168535198948013 0.973327651099374 -1.18478130897801 -0.0104622216214614 1.27115729441176 1.89154052442465 -0.357571258885867 1.72113318310302
"727" 2.00940416560867 -0.958299595186184 0.392348208807703 -2.92698403662335 2.8439147345233 0.556009080921692 -0.159296828294589 -1.71077050208848 -1.29304973183481 0.270712395129677 0.997683638267825 0.356281114896977 1.0194983250501 3.09502097246149 -2.90714365279374 2.08893962848611 -2.17438568721576 0.717563439152789 1.24100678157647 -1.26832157403877 0.553387436117627 -0.696655006891214 -0.133815158154287 0.17498751614163 -0.920256261443057 0.0876160908952843 0.469303561564747 -0.884791463507471 1.98265640783686 1.8400376131419 -0.136596470469155 0.125958929142211 -0.593191390489464 -0.433679849305135 1.26835053528753 -1.60549875907159 -1.65572235850145 0.663942160582272 1.07555816120818 -1.36112268416157 1.69925874799647 -0.457631971806718 2.31683235247013 -0.105031099689055 -0.357976774388846 -1.92764078163423 -0.960990795443372 -1.03964242209105 0.327406417141164 -0.805549530518749
"728" -0.794827911495932 0.790384502647774 -0.559684184088831 2.09416315418043 -0.77942445732316 1.59295421894324 -0.743122817767448 1.05179743884943 1.61537156280128 -0.705650548155097 -0.438993057967623 -1.70361986000792 -2.10271217379391 -1.4181661420426 0.660676533047837 -0.547532276053176 2.6273014273893 -2.98181486337676 -1.01951623722136 0.646754799570994 0.243636620383449 -0.085232878246191 1.43587766994328 -2.2587253258669 1.49766556071408 -1.24597826288327 -1.22335733640335 1.67293602362306 -2.84524038121926 -0.0392062086625241 0.801126766260109 0.895632909078098 -0.396418814706826 2.70099939714339 -2.27999917656115 0.859893112695993 -0.513945232112781 -1.3521354065464 -1.06533371935803 0.643539669489524 -2.34449624398485 -0.189034447024531 -0.60704982185113 2.62559745480465 -1.91162321450282 1.85034212396182 0.091009291050335 -1.05197100813692 0.951321056753524 -2.0925379977131
"729" -0.0295534733088308 0.935199165686459 -0.243514733805244 0.243639214014615 0.626727132032876 0.187367170632693 1.84245658600103 1.23705058735072 0.773181970849872 0.520680498551951 -0.365713522855855 0.51651707484636 0.589440187915421 0.189218821078385 2.56439394843709 0.0992288219658425 -2.47402446742954 -0.647150029039424 -0.159109459212831 0.451111199287138 -1.10511091223758 1.1799750587631 -0.781555585472525 0.804677227565932 -1.29314961299854 -0.896386916966365 -2.10671649569011 2.79332377367819 -1.75695798130957 0.150497315206951 -1.55899509593932 1.48329717227153 -0.636681015839247 -0.226612679877392 0.166143728912487 -0.488290775808708 0.37176560931133 -0.0815503993080001 -1.17821047238628 1.1353907358355 -0.573036048909108 1.23071611974895 -1.09624576772766 -1.81467193630133 -0.0161422705395138 0.084203155020086 -0.160317254665086 -0.320134840866555 -0.680331193328434 1.25295215461602
"730" 1.71426251116718 -0.526349501628616 -0.986539157987691 0.130133745792494 2.78590429593629 -0.122318026222144 -0.606300912503157 -3.46991344074966 -2.16671224036512 2.95153772787056 -3.53494552263428 -1.46163686724981 1.05657668101285 1.99305737174614 -1.25506219629853 -0.600890025408293 -0.102003254000335 1.36109494294084 1.00856008809531 0.495420684963951 0.342851834596338 -2.06935801221178 0.865774873819376 -0.786708309371108 0.69393190608525 1.90540610078431 1.60200539402778 1.75348331128392 -2.6282465046545 -1.45787476035608 -0.571977259991121 1.49712339893597 0.738275903896532 -0.186036194079586 0.738860767982285 0.957804791859379 1.31897812172517 1.06714453397423 0.104250847598655 -1.32215352478839 1.03319895637384 0.932692897024133 -0.984620629131509 2.65529315644547 -1.60164948032476 -0.338975731024122 -0.167204140980177 0.426226973769875 -1.44896557102861 0.443732753350416
"731" 0.242266840098033 -4.17425970412419 -1.62315497109495 0.347762902502314 1.22135949494317 2.00093921437514 0.482636910470761 1.04427382238726 1.52928279841925 -2.28446103809037 -0.949209867442136 -1.83005207065363 -0.410232738416715 -0.367183895235601 0.829470321888893 0.454958529184739 -0.642815965080567 -0.856522727265425 -0.812429868544533 -1.79138206911526 0.872222233568853 -0.206215123424119 1.29232703610666 -1.67531595900387 1.59470987911354 -1.0483182052824 -0.385170126551696 1.28157944184884 -1.41380344410176 -1.37102524324767 -0.961816472053739 -0.0924622089887767 0.608504033903341 -1.7217105386709 1.44341163309602 -0.623373405997705 -1.80724307834229 -0.0766797718931585 1.06611677035303 1.84595121510721 -1.78119601461861 -2.35160859912473 1.20050659589752 2.75270197514555 -1.34587919792466 -0.820619750976956 0.145717323879758 1.53750516623112 2.05309270350439 -0.517740433657732
"732" 2.62307602273452 -2.98567578550352 -2.14610241322029 1.72967669041411 -0.968494678439371 2.29895815695464 -2.37047214024404 -1.66734904597482 -2.07464249271925 2.58988641539933 -1.31765881474473 -0.724211079249943 1.42124303927181 1.43382884503545 0.411476138710495 1.91329641469 -1.60637481770777 1.3341522665551 0.299168878019777 -0.222006851386668 -0.14457889747374 0.175211516327285 -0.187584946196472 -1.18524188928251 0.274130071103614 2.04549520006416 1.58265767538027 -0.656336292363342 -1.06067453662199 -1.42978903393538 -0.199921041020463 1.00065693151493 0.840839599632685 -1.36781514049764 0.455571934221419 -1.42860691620975 1.16031865344597 1.01846099214427 -1.47808847978676 -2.47218247499423 4.09234116477126 1.31545712698631 2.08808884106119 0.310163678465069 -1.53180615906491 -1.41333140281494 -0.198738095212546 -1.03485202430852 -0.95841445469531 -0.718212626570777
"733" -0.296467854188114 -0.0866678762092186 -0.982881838609184 0.904222367951015 0.325981129570007 2.04875893023239 -1.29389708600285 0.782450187752234 0.0170827338460161 0.807719815621902 0.985708926493958 1.25340248768608 0.937439886472149 2.04905177749689 -1.87907556385571 0.63885403492471 0.379746598732034 -2.13149473123765 -0.373505633888509 -0.76342860052944 2.08809406613277 0.42238873535196 -3.8233133243561 0.961162623228742 1.8178821003565 -0.377909469424115 0.0992976143577302 0.0513974622611382 0.438205449331595 -0.347217804830372 -0.223291653423467 0.8474740041337 0.0238965730621148 1.58382689791976 -1.74462246014279 0.26320540863967 -0.450755139681087 -2.75140478202517 -2.17527515224542 -1.57705851677684 0.137406339450568 -1.44279963805743 1.43223935465685 0.13367126321648 0.929549920946823 0.167227002025751 0.546538754495932 0.395484358138388 -0.51092464680961 0.196147307845807
"734" -0.0624739299852218 -1.772355943048 -1.94893136322869 2.13492872785189 -1.94629414751567 -1.61474106041812 1.4382615524827 2.00466775613365 0.919645306776572 -0.927584299825465 0.61779823963182 -2.20465453529998 -1.93368355463058 -0.236620526233788 0.826591516958377 0.480335739668333 -2.77283905034656 0.798932640879106 -0.775530795951865 0.525684293615504 -1.35524663531051 -0.902809660195771 0.543709011648141 -0.79786742035753 3.09422143025713 -1.3281004395321 0.0126107525916216 -1.39959738463465 1.29875059042412 1.26337221081675 1.12372065483988 0.544952375570049 -0.633450286356861 -0.010778217786442 0.187017660100235 -2.3899035972555 -2.16064720137033 -0.712209392484708 0.344802888016982 -0.574492420225711 1.09092111872647 1.36716157467644 -1.40497601759107 -0.444332900024335 -0.43911638916067 -0.128533703295288 -2.72179009554992 -2.33647562023359 1.01886419352403 0.0736036063902678
"735" -2.40028032915568 -1.16422985751076 -0.605463154018559 0.178638320211474 0.115767547116427 1.63339575539758 1.07249514701895 0.83030908295959 0.0397346079650643 -0.232493214899049 -0.343824207951557 -0.0328283201861453 1.04142947304391 1.76595669083432 1.28791944280383 -2.48316863386391 1.98324661322609 0.33229203555671 1.12806927546793 0.539963771075065 -1.61434707803787 -0.792786686209296 -0.375255052695854 0.113636704199776 2.37491817948432 -0.118449457277653 -0.132488285469906 0.61442592566764 -0.648823376879153 -0.940598116244586 -1.65274753309728 3.83044322157599 2.86233496537654 -1.22788208344519 1.23177235370601 1.21136368605994 -0.345944550719644 -0.557511648726438 0.961874051286375 -0.74051159485611 -0.089038299580895 -3.49759219795506 1.7008718849145 0.997653882044937 -0.152809187047012 0.438424251594841 -1.58944914157035 -0.611352040995169 1.12694281306074 -0.220913180054651
"736" 0.658692388982333 -1.53360851624887 -2.26985819454001 0.329044558527528 2.02308772060977 -0.558954337960897 1.43007827651733 -0.230213664650299 -0.0420166031664743 -0.0830812887671962 -1.93112859027365 -0.893387037760069 -0.290818761755298 0.856741715594857 -1.36029102562287 -0.0386682228360827 -0.576977194637744 0.0798202640082866 1.37572015186749 -1.96133869235553 1.50117677630846 -0.437918311571718 -0.0823233891228593 -0.500971281860246 0.655029288825047 -1.9723908186472 0.138105299313583 0.516168120954897 -1.3748424549255 -0.71403773560921 0.0840782283774704 -0.563369506510283 0.769787106277426 -1.71365862255787 0.0871687965935852 -1.44928639965452 -1.69521727020659 0.879819794084815 3.94399638654023 3.20164225942451 -1.65125245447294 1.40229959541739 0.413767458904569 0.662099514531318 1.05080199426476 0.0197005942931155 -2.24283719995816 -0.662461453825521 0.158658663901152 -0.0730925557525345
"737" 0.088007726593839 1.35682826577077 0.75492692624301 2.02402045228042 -2.42835391073213 -1.52305848889587 -0.413118226558412 -1.01505238524371 1.48171137944121 -1.29142133020777 -0.347580335763875 -0.753183706405156 -1.25838941509524 -0.981182290352641 2.25499608526518 -2.67034667036483 0.808710621491452 -1.04146970236665 -2.32786924964284 1.60078879372692 -0.039440599668633 -1.06910442955248 1.5828030945895 -0.921484862714648 1.75602243062598 -1.40430253590595 0.434291303224403 -0.133267298492051 -0.66174344531471 -2.23009486574115 -0.92325669484452 -1.11967301372722 -0.404144973652637 -2.9861724299536 2.65798025152426 -0.104865125822342 -2.65894102046877 0.77013775945984 0.184244958839654 -2.00792623496982 -0.247343713702861 -0.464830427343157 -0.806415251434186 -0.486752602523373 0.327124703237579 1.39535485558367 0.388659618128067 -0.524956973111162 -0.568214898716312 0.668756257056665
"738" 1.62039899454178 -0.839395287680952 -1.92313194838992 0.713547951968519 1.02695395354571 0.639154530108494 -1.12426987854657 0.992168742205888 0.721302896685949 -1.98710226751494 0.887229777759033 -2.11261539741985 0.290872242545553 1.02392916557529 -0.16398041942444 -2.59514737090782 3.95535690202997 -0.681546913033602 0.836184244639374 -3.34967288898213 1.15071746647543 1.46248259757675 -2.32534685525823 1.06759981168499 0.695017189535364 -1.40210618409582 -1.47844403841294 1.52509047819023 -0.254105570211681 -1.41713374151474 -1.11842859199446 0.663707480152953 0.736365123313738 0.18105197328314 0.591940037566285 1.0428137042844 -0.429861954996614 -1.7306744602067 -1.21402640049506 0.377033539193167 -0.497538228594843 0.927686200195954 1.46515789634675 0.861301547535816 0.024449050362627 -2.60487394750243 0.26953094393768 1.07614193230287 -1.69131818083007 0.239058249128824
"739" -0.289637497040118 1.1498428684133 -0.276765123794223 1.12209180767826 0.304226939651743 0.265531421470988 0.30958380584845 -1.11095558288365 -2.50850239042477 0.502635069938956 1.16731786930383 0.729890819310862 0.476309586620169 0.76281584468964 0.738178439712493 0.840690666067236 0.817278561132895 -1.31697474647993 0.0811845976080699 0.728377651100698 -0.304585806848963 1.15758889673168 -1.48436940338515 1.60394278311298 -0.741945405391923 -0.907232795032295 -2.63951670576908 -2.19313455951075 2.44882185319383 1.75588175816112 2.27148733141452 1.46887379978581 2.17346618896331 -1.38010935027272 0.273099499837413 -2.53421857107229 -1.46241208226084 -0.767233873402173 0.648719769279742 1.2985702520466 -1.79649235153839 -1.37658875469068 -1.67949122336992 -2.6269522257181 1.38105593107712 0.0260821938162183 -0.401356351853202 -0.268016309336468 -2.46474275965544 1.03779357099231
"740" -0.447499552434921 0.162683714290108 -2.35237010659159 0.341291791853645 -0.924741165060211 0.422375872628688 -2.37863190676956 0.424047310605644 -0.131279587632643 1.57315833987725 -0.02875219004399 0.763656322274127 0.927783892941899 0.167195580789348 -0.848298939140368 1.45499326844754 -0.116212271121465 -1.82893786011053 -1.00156309184244 0.118083880357735 -2.68058655270405 2.06659791964324 1.41232277540049 -0.819462392292034 1.56338706375906 -1.41355441552767 -0.113778994416514 -2.76350358297469 2.32908657291018 0.763251055886916 1.12328758661359 -0.204183950454393 -0.42886596973799 -0.626180743244046 1.59764531407754 -0.649447916104832 -1.22610779028447 -0.698530444662107 -0.917353405293248 0.622662822484121 -1.63421133092914 -0.266406441683948 0.644574446702453 0.853136612091361 1.20763962768689 0.0787516544127545 0.060196687258719 -0.691310855399487 -0.262318886341099 -0.479690024823493
"741" 0.837482024234489 -0.121129406717454 0.147760786228419 -1.49558060864546 1.23820393953999 -1.40528576622978 3.02236116132495 1.10850464603715 0.615639514048888 0.110273926118194 -1.7421514714271 0.0578492323986259 2.56299427692002 -1.16691388519173 1.21829734713505 0.526076458131486 0.341981720053497 1.00526078511114 0.392794916351324 -0.292204789466159 -0.349921955134445 2.39398625672311 -3.70455681497277 0.64899959663895 -0.784244183848337 1.45432818405565 2.87799202360968 -0.991557121338021 -1.00819962071714 1.53868363411301 1.19406601062267 -0.487590197478141 0.261372475058413 1.30979468524106 -2.12726519766029 -0.433318940276695 0.831984301621739 1.41309128567382 -0.0690676210365599 -1.3846959702138 -0.427772163537518 -0.574336106253639 -0.440986744056553 0.917772599013858 -1.07458574140738 -0.195914124683491 -1.41635813708775 -1.54275433689428 -1.3975170244801 -0.548949122274226
"742" 0.850658377949993 -2.06839963399192 -2.92587094899068 2.09215461684365 -0.245677743412362 0.366374732163233 -0.635665933618217 -1.06276761538589 -2.11837758002393 0.51886353973711 -0.0379695382852319 2.32322523297469 1.02762535234014 -1.58503491183847 -0.263609578875835 0.909177716696502 0.277577893254631 0.882843275610995 0.0651858099915644 0.374948735398572 2.95277343155279 -3.41205396120283 0.188738685187413 -0.970382233841626 0.562671199817894 0.197667193886291 1.77369567281019 -3.61002058361732 2.39919496999694 0.350694400436124 -0.119511756559657 -0.244012457588062 0.593036469688705 -0.238783312404369 -0.715330760470234 1.096939759282 -0.271232707958009 -0.697320967593107 -0.0624952514520091 0.566652648465895 -1.67871735279305 -0.141593732191234 -0.0911927206253537 2.48162905210618 -1.73631072736086 0.389618992073153 0.0411340065323193 0.849943503122084 0.365240871826693 -0.914547026775878
"743" 0.0208279487238049 1.26496144236406 1.50308283974495 -1.09390691014622 -0.121804625309717 0.946752507024719 -0.483658317021142 -0.355788317351983 -0.0109936016001382 1.29556232018682 -0.341172348104666 2.6320198762457 0.813331275585432 -0.4956226696554 -2.16692402733893 1.2256155422936 1.10299929974109 0.555925961236779 1.32151239744061 -0.0907701669441321 1.02601875253968 -0.04022487659726 0.208882800265839 -0.276798688786335 -0.923016424806351 -2.0662063457159 -1.23317992639916 -0.325584080358677 -0.104906939613523 -2.08138626615311 -2.05456526244071 0.585167038660407 -0.452953495676219 -0.160501683581781 2.62975649558487 0.289050147924498 -2.65340845404581 -0.826487332751718 0.318080547707482 -0.423303655782191 -1.29459827305987 -2.13767953626014 0.731287185500336 -1.59797091275191 -1.44551840323057 -0.929412572179197 0.525541765110235 -0.976863987244296 0.0297142401514116 -1.05297506849132
"744" 1.55332152201805 -2.30042202650457 0.0849346167074687 -1.06155245123129 -0.373738811077465 -0.26427770058854 1.07119192451651 0.618191201428532 0.478078119649679 -1.47234979049586 1.70359749796127 -0.602953025455379 -2.77701452488572 -1.06919445827322 -0.513246019586195 -0.591251984235919 -0.10956417844284 0.446043809234587 1.26765048367474 -3.06806593967671 1.19521602194726 0.754905292265216 -1.39302983618578 0.0348938416453837 -0.682527366787107 0.255869042315323 -0.741990576106854 0.8749124154229 -1.97605839696746 0.731039532284766 0.476400125857857 0.059293092425441 0.309457485577933 -0.0490585245151193 -1.85748675101213 -1.56303538654522 0.0216925207051228 -1.06214609470913 -0.798433699436299 -0.293566800273962 0.52888626763892 -0.691602050098652 0.179729149639283 -2.76415135342606 0.212691044014748 -1.82548252148638 -1.28324428102394 1.10166898298463 1.37949783563203 0.152751096516254
"745" 0.134843138539474 0.862816316950648 -0.578523858097876 2.56651581168077 -0.618749500855516 -0.0910203137025073 1.05308820705123 -0.774033510624088 0.526852565646375 -2.01623381721019 1.72804844090034 2.72955104857319 2.20951665279467 2.06677936026815 -2.19156430106997 -0.239551297602718 0.146703592928706 -1.35607580552642 -1.88386508571675 0.448510855753551 0.379060796014586 -1.16291323649639 0.204525420430209 -1.33051050842853 0.816598413324808 1.05943386157067 0.198468360137081 0.464169589438651 0.670832048662225 -1.27283177801206 -2.49265024571052 1.73505336386407 2.42337105140951 -2.01389272146326 -0.511895407414316 -1.47011001030444 -0.62179681165907 -1.68278088667371 -0.757182137185644 -0.780962699532437 1.3200230945727 1.14033650978955 -2.18790240951702 0.182641328137654 -0.670505168416465 1.78049771710744 0.168903230040267 -2.33366578238744 -2.41065302016627 -1.15823252169977
"746" -1.8700517211618 -0.0904377307025711 -3.53571444621161 3.31669517499388 -0.643143873441382 0.222634948081574 -1.22817805543426 -1.16565582275507 0.562650452694632 0.837968361361959 -1.78370794623028 -0.272234502917096 0.557967515760501 -0.799979036393625 2.36857148174279 0.860145027788935 -0.481049128546973 -2.89044975394736 -2.45116451718741 1.92790215690255 -0.346469128939016 -0.153596633223207 -0.0577060819152435 0.16256482624819 -0.220284912241842 0.479155518404345 -0.491131761812573 1.82786984708867 1.27228840938379 2.24692652047382 1.09005456485093 -0.10544177166029 0.311545448464936 0.74737051719909 0.324386621624725 -0.356581689100314 -1.91991223772861 -1.95193733810327 0.0114131813934451 1.07317597209944 -0.231563913419032 -1.12031822757313 1.33630258631094 -0.411325568809643 -0.819507431855737 -2.87101621743012 -1.03701611726677 1.50398221362084 0.654872835552349 2.83825904779346
"747" -1.39620952447177 1.2977076432365 -2.47106002110801 1.96740914411799 -0.4494186065997 -0.838264718000573 2.37362034529146 0.65020043993896 1.51566483964089 -2.41303611794982 1.26516804983054 0.494826943997255 -4.06569421326105 -3.05462248629502 -0.550844649292351 0.516426607121371 0.864897178393102 -1.11564540683859 1.50012573675411 -0.409772026412426 0.511080226523893 -3.75439223189111 2.61022523320364 0.613421503917723 -0.645808232959691 -0.236331244099768 0.547456315658004 0.925787498380806 -0.632299888974971 3.52047824604396 3.64653167938998 0.0418574530190539 1.35731107623641 0.675165721813694 -0.483571459386113 1.35027082223385 0.611974404219839 -2.1843807619234 -1.27965096523595 1.46603412749473 -1.75973556520917 0.228130451837 -0.213330148236852 0.796117137893466 -1.03338092202308 -0.563034405816212 -0.812535647610196 -0.629306592072216 -0.0656156484222944 2.42125725019723
"748" 3.46166613943519 -0.673949528568079 -0.973663277703336 1.3021031806552 0.72617921396741 -0.645424664678611 0.432854468601523 -0.629152322862152 -2.25573622792194 1.93765604243604 -0.504874712558676 0.327424986125028 -1.77288644399222 -0.214546322035605 -2.09441462534641 -0.0519249804771442 0.807415327506246 -0.703477118542563 0.416522307459981 -3.46315548281097 2.0473428845075 -0.0223171500342973 1.12968318323366 -1.73734831126388 1.1084315149824 -2.62933219999795 -2.51111064385241 -0.348665205831624 2.62659557093735 2.53498406886419 0.316340374300516 0.291995477439502 -2.35173489474022 2.04991227531721 0.100216104762595 -1.87146307193917 -0.436551270442867 0.649085245106882 0.620501512894266 -0.74254482105579 1.63278570768199 2.21409228744068 -3.45112797971138 0.963066429872166 -3.77710973068965 -1.25078586587309 -1.72259626876679 -1.39229518561861 0.20991464098353 -1.57049172815893
"749" -1.52756007049147 -0.618048333506695 -1.57079338148842 -0.509321560498071 1.05175035314953 -1.1441514814833 1.29931258223679 0.226635583735203 1.35587659871737 -0.100110555932636 -3.34544964300323 -2.57155280233942 0.504500498360814 1.63912286168667 -1.06589329566023 0.650566165725542 0.738679905862148 -1.43048098336083 -0.723124924110923 0.803219871451367 0.2381328904883 -1.45952083011883 1.16482063365897 -0.313690575256701 0.81788577264854 -2.20468072556637 -0.943234425917512 0.421340099932635 -1.27367947187026 -0.750298346497898 -0.567733347890159 0.930347045106006 -0.635034168836118 2.73152251391219 -0.399998517001606 -1.96713153724545 -2.66641983915567 -0.374673245747834 0.946969298113129 2.08647276235339 -2.92487868043284 -1.9140573211264 -0.146810911892514 1.81259983399692 -1.21076759415913 0.628969896243718 0.350892566963064 -1.29344596653459 -0.62597703211535 0.93396308586565
"750" -2.54682304893298 2.74777821301119 0.501345646926536 -1.12443730794989 -1.83084045723968 -3.41417435243294 -0.0320367895034541 0.485688309057067 -0.281028667471783 1.56721026645485 -0.911583134042881 0.944658618316326 0.736239631889108 0.487259264970786 -1.53438629453368 0.418212143030795 1.48174179152156 -0.20435314419757 0.627622400630265 -1.29431042877966 1.24392520326206 0.401433213034908 -1.29222497008228 0.338183612201359 0.55164315688303 0.987012217165916 1.19333160578068 0.569500934067884 0.53113079277892 -0.619479337316246 -0.660483249329254 -1.2546917754567 -0.669594491564395 1.493444265828 -2.79381149027434 -0.0309509648078389 1.07789142892636 1.53957605388721 2.28910318942162 1.21935830788948 -1.01516972434801 0.67284856796157 -1.70605416929504 -2.79502973328519 2.04327103722817 0.686963104035398 1.26200399587053 1.20783094058865 1.63517340494083 1.13243979682997
"751" 0.260471759824228 0.814868408706374 0.30041104460767 -0.393221647804076 0.0330882685516821 1.29282767622554 -3.74489050958951 -1.53515191868358 -0.536221901741499 0.293650923763544 2.19711003741856 0.999682540691071 -0.495181569186302 -0.078913330116866 0.554023510479492 -0.0658676485132138 -1.35163032673465 -1.39723160010073 -1.28090809640883 0.110481200125073 0.382242816597569 -0.393933537791136 -1.00407839473874 0.127988909013291 0.793961570440323 -1.97220131483457 -1.84287557529504 1.39638288427145 0.12230158497679 0.0438328713463313 -1.19215469287346 -0.847291786084973 -0.0318658813340487 0.293083631034662 -0.41452588540176 1.12382419904484 0.540907013507752 -1.1328674775645 -1.29404000064766 0.956649661279891 -0.540390883777423 -0.433337559035549 0.594476918305797 1.65146138849553 1.32084996109454 2.5125007491214 2.71619676507864 0.654903300184816 -1.25887594942464 -1.16589340771823
"752" 1.20219525921799 -0.342824810252045 -1.57575420864434 2.07328141382319 -1.77824631678095 -0.252072875833284 -3.07296801431326 -1.45763830527455 1.92080823164095 -1.55346461601168 0.961859047781781 -0.862107176978798 -0.00245457088642469 1.22252501599632 -1.345755601542 2.15905001503023 -0.471192051261839 1.58527229762136 -0.30509683337527 2.00290771647235 0.977411505603256 0.0191968071777606 0.0631266501232023 1.44937942930935 -1.83727351112714 1.0680701522286 0.108117953427445 0.965727704171716 -0.148928242236913 1.97446881273653 1.47749932528188 -0.946118158629037 0.377590537767989 -1.20788613563152 -0.848944437844156 -0.61364389196749 0.414819601423713 0.303423470217666 1.16410624379307 0.635996396463988 0.174726487579043 -0.641215795690995 1.25406060088519 2.14246723017755 0.0883312896968955 -0.717546387729898 -1.62231238794288 -1.13470396270122 0.490269169040163 -0.26188448484548
"753" 0.956950428843166 -0.958439316699473 -0.561463693214299 -0.986011324901457 1.21433906580665 -2.44507681818768 3.32379971707896 1.56829260959285 2.83083738055244 -1.72160153331874 -2.22241959101701 0.0217481400996073 2.04485715646478 1.90301636923758 0.313470605368711 -1.60122504391409 -0.930995126184807 1.55197833223623 -1.33148320632655 1.42387736943934 -0.940641147434341 0.685093006792566 -0.40901925473839 1.52928300705681 -1.86528531414557 -0.322617528181801 -1.26110210561787 0.928694646740259 -0.636372584962384 -1.50166047913306 -1.53339818238294 1.31600410482709 2.96053570941488 -2.5497308024157 1.99327280929736 2.4168168611095 1.28646601059937 0.667797854025488 -0.141044103945096 0.169758914110732 -0.500601564241725 -0.966297893388724 -0.0901241700743922 -0.139976157401769 -0.624212165026534 -1.08331593287852 -1.34347761455248 -1.32061844067079 0.202273428492669 -0.235949571173914
"754" 2.61517370422464 -2.35459421887696 -1.01523298522148 0.135036606900781 0.395599312976754 0.225352625152115 0.044038681131112 -0.733564695739836 -0.372689686207747 3.06157286809565 -0.611926715120816 0.457823854718878 -1.00610519545733 -0.805472767922758 1.45474618145785 -0.819842489548201 0.612516845766519 -1.36752850712304 1.92620761358616 -2.0405972570573 -2.31208737453551 2.03991050827522 1.76364457148763 -1.14384432317847 1.04460411588956 -0.772357845488113 1.68036198827548 0.0117111772966301 -1.97910758975544 -2.94128717223219 -3.21306069751175 2.72649617896693 2.0814707643521 0.522214932833811 -1.62445027545491 0.183858922983598 1.17965103525202 -0.303683782009835 0.61590281390235 0.180283493195122 1.73469305289233 1.31492617357658 2.02798116869378 2.59835922570279 -1.76597668768024 0.0533115766665048 1.61046356170801 0.46167255094228 -1.71349530310325 1.36639550171339
"755" -0.82798695042056 -1.13795005264298 -2.31678850396496 1.54703228591716 -1.22375810614052 -2.22735192452156 1.76614590996351 1.55371239258107 -0.0344008277798916 1.38690676341324 -0.0264905131388201 -1.46387862088174 -2.24429104655474 -0.44744992097529 -1.13656293138402 -0.756690952184968 -1.3156580711077 1.0195955481841 -1.32271121132431 0.392001465360661 -1.05148301703816 0.911503327206165 0.358469346740027 -0.764765049350625 -0.132145270756295 0.332459196798311 0.814828794768932 -1.03790967174356 -1.1364109304913 -0.491308048027541 1.30943117942968 -1.57894203275732 -0.179198575593277 -1.47664978925569 -1.36317679773298 -1.43626030954431 -0.394161563404103 -2.85646267436247 -2.22559165455595 -0.909780533609475 -0.855052453197233 -0.92590708297631 1.7203677146211 3.02497328538718 0.161327915766038 2.11809222616036 0.212735141610794 -0.757574964275514 1.34387337723792 -1.82751048054013
"756" 0.372252856853996 -1.3395597619403 -0.240367687489003 -1.28991309413718 -0.892205125799966 1.45467635731878 -1.98681705288999 -2.66031171239724 -2.83667768987271 1.30819943791023 -1.13552059369195 0.316997444784841 -1.06010462003 -1.70408004954099 1.12859492365664 0.147617696742947 1.35597898377581 -0.860213784233091 -0.0951641666553361 -0.733707612701247 0.546394526950175 0.204197840829199 -0.566161336879264 0.0600530242527522 -0.146690027842047 -0.00523489706540388 1.02700654884362 -1.65083806677428 0.265373476542856 0.660306696731579 1.27704613595328 -0.0162687880083892 1.21621696014296 0.458008461622337 -2.86992778499332 -1.0817973162836 -0.499311757106621 0.605874880977162 1.41779957777043 1.05190805766195 -0.547876198774905 0.550084430674874 -2.13956340314303 0.808049608961158 0.455691370847135 0.104323747767518 -2.45867830794135 -2.57715127139865 -0.811488834163002 -0.308429306533959
"757" -0.948414345761586 -1.1353113110395 -1.36503669660668 0.00261350990845438 -1.22668991693042 0.785272974769655 0.438856746875541 2.59562216252228 1.73611798127552 -2.89723940613677 0.0603921700574084 -1.60691576867051 -1.788512934431 1.81977894254029 -0.757955398760322 -1.58302210408012 2.00033327213282 -0.918437977835219 1.11361675548677 -1.69721413817494 1.16673803028097 -0.856732649289706 0.698863616203839 -0.484173477258736 -0.0651718803827185 0.407719296584595 1.24462588151222 -0.203671286461535 0.993669827632313 2.03680685466479 -0.232104647422949 1.95363459640215 0.98134934861372 -1.12449461190265 1.33638685236768 -1.71039522746583 -1.27639331524992 1.06403026012973 0.152108592532045 -1.46746567924373 1.44856009101196 0.124888690205777 1.62516718468288 1.12282967572881 -2.05758228971522 -0.700003111293732 -0.747475762716557 0.680788396045099 3.24456210787974 -1.13351384117764
"758" 2.78353245827001 -2.68104939778247 -1.242698828134 1.34687831349216 -3.93313614904085 -3.60690410982821 0.35418749339257 0.701182549919989 2.05461063647245 -2.1517742596769 1.3747549059858 -0.185361521888554 0.923999343970969 1.32157599532395 0.922716611717518 0.720152370139713 -1.8832788389296 3.37028842984742 0.863232920454853 0.363145360222471 1.27608643032608 0.498127708294111 -0.613692316774357 -0.806811639671238 0.300163553729254 1.13692395477379 1.33966572381341 0.728294040935223 0.606738565275525 0.914579134935631 -0.994198526547121 0.634479817843559 1.6160921351915 -0.111755346614251 0.552380075906562 -0.0237881261942715 -1.98614153768496 -0.372058846960912 2.13445314109886 3.42668572073566 -2.71441701897028 -1.25953734483525 1.39246824886802 1.19960852837239 0.0321200917189698 2.22495239617826 1.51425271392866 0.207591726523934 0.546789893015758 1.12419241605183
"759" -2.70522141298039 2.08339858544332 1.04823451994028 -0.514810265870534 -1.19165528097589 0.427265760008099 -0.490694325575474 1.79148611759365 2.7494662694167 -2.10369106703077 -1.36640542352456 -0.864463692167578 -0.368710913701942 -2.20669239937601 0.0816838817937839 -0.102164038276089 -0.158798283878269 1.57358428312616 0.619957331490331 -0.637208620743639 0.525414508045736 -0.254575847626902 0.331548338481888 0.344188787642002 -0.721654911720786 -0.303073588327873 -1.34790978655704 1.7285984428425 -1.49134947472605 0.433525904831305 0.360671976128646 0.929803671640441 -0.855148842298755 0.986066978094498 -0.25134233390136 -0.0264168058720704 0.931685784874192 0.909070095953248 -0.69332397503858 -1.08165060811087 0.580311161351111 -0.761252711675747 1.06612566397905 -0.00537175241689883 1.01054037531687 0.560919112236895 1.13364167915988 1.98640091891002 2.42626232542224 -2.21854379334181
"760" -0.11729717496254 0.644011524609728 0.890731090253716 0.611087967870488 0.117703979979433 2.26570666463627 -2.37122579107589 0.73803931088741 0.429643084082807 -0.793496995472958 1.07835811548562 -0.435315788781613 -0.36321612396151 2.70842353665824 0.33594929761818 -1.95622070234694 -0.136675734156467 0.851979207001295 0.452583325433007 -1.35182393443824 1.46722753199 -0.668860068578776 0.241577790534521 1.09173071143393 0.967321998583656 -0.611862430529274 1.55376004750577 1.60554571787144 -2.32811307951188 1.03632346697481 -0.330263177619393 0.471056219928681 -0.735292042886767 1.21715399528121 -1.6427731364737 -1.72636102433983 -0.951118688200655 2.19315109697006 2.80375162989927 0.894118806208571 -0.795408828171218 -0.26256340732131 -0.0520979042626524 -1.47517487936128 0.516081265763761 -1.81937287100586 -0.9926561638323 0.144859053690856 0.376944934231412 2.19754054987454
"761" -1.05292428772333 3.11416728795794 1.66577724794208 -0.796287822868187 2.50496008709789 1.52088538537073 -0.422313097763639 -1.96999860442446 -0.257449291548191 -0.031394178865388 -1.24297781441352 -0.645146866473905 -0.229723222372834 -0.535771534656788 -0.472098930025546 1.12243329548169 -3.37190914841075 1.80064597488921 -0.812692458001384 -0.755498868219368 1.24627640366679 -0.037596825106338 -1.97598607969826 3.38881469740498 -0.528250297305312 -0.161027857454373 0.870414011589262 -0.32162158648654 -1.63573201268739 0.825830268011161 0.0983354570913454 0.68782168117402 -0.947208426708709 1.79191423758769 0.254882105308822 1.70467798645726 -0.597860105206028 -1.54510205340915 -0.783094667724267 -1.18822230392089 0.622697941066243 0.19846142792227 -1.58630566492758 -0.190419089187517 0.581136220140611 2.13120265082134 -1.00962433631178 0.740210380137871 1.10381566507059 -1.18261800155295
"762" 1.09057661321583 0.403160189455532 1.15294583682682 -1.10523022729684 1.95257162212149 2.37922644542694 -1.2081241723225 0.217929277486316 -1.31170182327931 0.123544820195365 0.0363101540302409 0.226715410151551 0.904691522483892 1.66667001473102 -0.33778566475488 -2.27761712148418 2.0453316297077 -0.211122482776565 -0.552075400655182 -1.09951082163239 1.34920477406799 0.408049015674831 -1.74590765226829 1.91179255581419 0.242118279567372 -1.06653611406002 -0.808913739295993 -0.769815666191566 0.856243230985275 -0.840720491914048 -0.246901049495668 1.37129661226634 -0.0673787152823172 1.61810114112985 -0.946705246257968 0.456579784149235 1.46599677499225 0.481922281462478 -0.106017318178538 0.72871781853098 0.710220849824569 2.23991325132427 -0.548022366032713 0.741138689835055 -1.15133032211303 -2.21714029318683 -2.34983236561462 -0.361475487396181 2.0754238604002 -0.467807890867236
"763" -0.767635984562622 -0.527553146788067 -1.03367353718571 2.99768585322249 -1.18296336204799 -1.26060160006733 0.512796159782336 -0.183973028384398 -1.31742899214818 -1.13034365438773 0.510622677430239 -1.04037793808388 0.447422403286363 -0.901344080436257 1.33483795914177 -1.49739953159092 0.600117848118572 1.90940145872884 1.42418494601913 -0.35876104021337 1.59872428722635 -2.84182781496827 2.71054353464961 -0.275547156823933 -1.71561084835442 0.576328435078666 -1.08934813062907 -0.648696941735706 0.386594647282228 -0.713302815932802 0.507995479983902 0.0793634937356634 -0.861926315066925 1.52414349406722 -2.30134765060134 -0.513945469016229 -0.337819763983056 -2.32645456686439 -0.601643038309252 -1.31498324973885 1.97790854521311 2.87857495655765 -0.456529430348228 0.683047800314245 -1.33799592737816 -0.427414455829379 -0.885202820011842 -1.23058993769883 1.10076741917042 -2.31186560498358
"764" -0.00202236129804217 -0.537672812505015 -0.156842882351274 0.288444007826001 0.18795299709848 1.03135807002314 -0.951046763494148 0.604860198562911 -1.35376391097906 -0.360828761863884 3.33546166097806 3.79919859474818 3.70424547807118 3.21914599495252 0.25636533434459 -3.20583189067442 2.47194933582327 -0.539444405575604 -0.72598552351859 -1.86703803065232 1.64932104927127 -0.302635613104705 0.454302420511337 -0.244847201175854 0.959027947415224 -1.06164162331394 -0.202387486115011 -1.23812863506102 1.63054152701461 2.13805959272661 0.529915158724102 1.45391850209223 0.0691517942762116 0.87368480581277 -0.756925951623265 -0.470989336138826 0.51296820599915 3.04625937306746 1.35404627611168 -1.0330579367294 -2.34463907596234 0.623621568580142 -1.54106806553993 -0.0721175587645267 -1.82989566904129 -3.62723249427927 -0.440795937298329 -1.85391673669263 -0.466227770853631 -2.07354904270673
"765" 0.340769900522603 -1.01879519565753 -2.26431471434666 0.784993824151971 -0.306046496943171 -1.34614356052531 0.72510996551444 0.564679210857707 0.628974108709104 0.605837391743872 -0.454789160978434 0.214661954275344 0.786840549191255 1.49240314282077 0.718365291134635 -1.28710827528879 -1.35972672272798 -0.164667230642564 0.152583847752291 -0.466426055097753 -1.95768110294614 0.957215445305397 0.906366783331819 -0.703428773145358 1.21122891377185 -1.63753911378516 0.283392133544352 1.49587418006285 -1.59575400145248 1.07519047121654 0.756345964897369 1.13544655522448 -1.78088672667141 3.71358337870356 -0.607242684517282 1.225729295171 1.29824391608125 -0.644204163096432 -0.732196785421851 1.43046455066007 0.396872133891836 1.83519322433677 -1.22219746889021 0.345828263251843 0.834337508848008 -1.12051903955287 0.879059287819939 2.37630189000387 -0.766303583043473 3.43138591109748
"766" 1.14833768771604 -2.94828373287242 -2.02992289739287 2.00649326884741 -0.62381598740234 -0.233250533486989 -0.203467180354721 -0.357107484641697 1.96468515410263 -2.25347623336575 1.14235012682657 0.797885161453294 2.33051225102858 2.26327961693132 -0.824380311243748 0.431445002455919 -1.38253160300472 -0.667217968843026 -1.49283640557734 0.727493751857349 0.466167828378052 -3.52633774699393 3.15698342077576 -0.603869785155072 -0.440824648910941 -0.159638237338354 -1.28643273182576 -0.46831024464943 1.25472043840522 0.588166998135029 -1.46148690387961 1.94549304365088 -0.0265644695782442 0.444978751257166 1.20236087745662 3.77151789634517 0.641898411381717 -2.63074161368552 -0.602559430963199 1.64414917967995 -0.641851886576815 -0.335791300841651 2.18432246503871 -0.460037737888456 1.33945589552015 0.826451272161978 -0.318322385170974 -1.47764513739367 -0.233138521451748 0.442872316911881
"767" 0.179063242345015 0.260741173837631 0.737618475548858 0.163446624791152 0.210469300720141 1.82400803415239 0.982081638369478 0.449280857983783 0.275350476375436 -0.503175362630627 -0.59222132695611 0.494253979678717 -0.475852834033292 -1.71652063778093 -1.1142142245707 0.186630810770614 1.83241739889424 0.326654973664137 0.0146044569813478 0.873213974065773 -1.65426701160271 1.88615294324408 -0.925614773046957 -0.289060855567026 1.82497576554601 -1.48819101947028 1.39029426811079 -2.28582419993411 1.37043475886574 -0.0325144739103067 0.734343145102301 -1.28747510924792 -0.83966725214993 -0.608121916320153 0.369754332953876 -0.18269603297812 -1.62843844922208 -2.52835012210046 -0.7698630570692 1.44788016470475 0.430426607696935 1.15901338479045 2.10038812563883 2.24627206843504 -1.98862912229084 -2.59785118588999 -0.564773259436806 -0.675275224910218 0.318038433075445 -0.331204075919274
"768" -3.73313695445848 1.86204893096496 1.0884351229928 -0.0885119220355271 -0.819370270983965 2.13476054493304 -1.70061418702989 -0.911743180727012 -2.36125776695092 2.9493961851025 -1.35919858204821 0.558596440485205 0.813008649920461 0.607014770032617 -1.61435960642957 1.80473279013631 0.70252778120139 -0.957217884444225 0.538109001104895 -0.458644121691186 -0.706019985677571 0.68358030032835 0.0438073427747482 2.64096950929063 -3.80221966598223 2.8081102236986 -0.0552327045247861 1.21587419728812 0.477430900146204 -0.731195873074681 -0.876022631279883 -0.688073981203572 -0.247388631751603 0.667747948588396 0.0861429588289989 2.05702383482177 0.950740000566877 0.663571483620412 -0.0467625706304276 -2.62566618369601 0.816744205922082 -1.14551453828371 0.000922852214862606 -1.28387642599036 0.258195161145142 -1.28858694449094 0.0202079716438801 -0.124066474713065 -0.489214267749607 1.41505064307269
"769" -0.366914610231651 0.637952007866257 0.71135170481244 -1.23428157158846 2.10752912846246 1.04848557765618 -0.0305960615488671 0.346529975737099 1.66748930844944 -0.707618882739522 0.891031633970249 1.2482404556308 -0.705881100304866 -2.41117063831896 -0.161875866128208 0.999162701752616 0.0874795834316046 1.41974053525221 2.04859867014609 -1.06694498812315 0.42390100485602 -0.105086448596861 -1.18317295582501 0.0477731963591441 0.732182874105593 1.31406413912384 1.9505283881592 -0.476884438132437 -2.36775908051757 -0.739535587562616 -1.31900281326479 1.35554655445968 0.784840209358989 -1.02214688714475 1.43341193477457 0.602459754382791 -1.31942887675219 -0.00413252501060431 2.35716180632282 -0.0430871158874711 -0.651042282251984 -0.877077965733958 0.232371493980439 0.172409807019068 0.759614652033798 -0.382690943529661 -1.30397781280954 0.413597086028318 0.169932854995789 0.599100471667359
"770" 0.252450128626082 -0.615310083926354 -0.0126223349154337 -0.0545028969175076 1.70698525642771 3.27193870920374 -2.77278638637049 -2.20295265943675 0.38276825530171 -0.643791244127026 -0.235735915057313 -0.230125904167878 -0.577696974182084 0.1954956604078 -1.25190319573316 2.64041944833226 -2.68197823716878 -0.771396455758649 0.146117905365956 -1.10312803211554 -0.698819766534069 -0.0582358865679976 2.36478117473401 -1.45983315661044 -0.720785489058163 1.06713222366009 0.836160706144287 0.808170729442404 1.1932505420385 2.0874766425797 0.178882788291476 1.61354660549651 1.20623961357498 -1.71624174701408 -0.386777847736395 -0.317472156704535 -1.60124703169928 -2.55876999366448 0.170517458977749 2.12295965536122 -2.5684323784168 -1.5075619416783 -0.192022852427943 -1.83290138488295 0.833130032750602 -1.03965363986277 -0.716233967426866 -0.996196194388856 0.783415178845658 -0.311464793727002
"771" -0.619697405424288 -2.95779181899641 -1.07349574339493 -2.12524597284883 1.19526449653061 0.559063603197711 -0.574816666306693 -0.201411468979727 1.83289512503971 -2.10114660222177 -0.165780661164047 0.0819137153034126 1.15474331352743 2.46458156657149 -0.114419417162236 0.578476612161119 -0.592716856995493 -1.19349095248976 -2.41670508196718 1.87415300192468 -0.0761942217803606 -0.0722036521620896 1.1906808354231 -0.908538355726183 1.29469470842624 -0.760223166133999 -1.35696149561349 0.853591343641194 2.81590428383713 2.04363440393952 0.905345662074898 -0.482006410346819 -0.639354071462022 0.691968721019823 1.24028970038144 1.53233735015055 2.49963058269757 3.58463534076565 0.717711390694485 -0.490907319149763 0.93987453670282 1.63339562935591 1.01698012186033 3.46022666024214 -0.523472614758813 2.10471778722498 -0.656112129326212 -3.40147538162417 -2.61883795933582 -0.178401430815477
"772" 0.22782650832261 2.83991774023726 2.84194147928544 -0.937990149278204 0.676176148818516 -1.67917125805668 2.42668950844937 0.245893949432735 -0.0493086062635931 -1.09511599669659 -0.375505360628591 -0.484454737509954 -0.172382913701457 -0.75201923065716 -0.650914749360687 -0.781509854485007 0.483113524300669 -0.301369858110834 -0.786472397161137 -0.458411893994723 -0.313552934238638 1.07536640232917 -0.476061863040492 1.25786123533202 -0.34902594438069 -0.836535959427492 -2.62064338371755 1.16352746220754 -0.420580314774584 -1.08631989798566 0.470246651553699 -0.209323485080153 -1.05206236923778 3.02744903799666 -1.92194018989982 -0.732790810098577 0.396969330961168 0.280741424005367 -1.07821071166188 0.393493680830957 0.0928724098757256 2.70772517268236 -0.900709121028747 2.37816309814721 -1.90608794000596 -1.0896128167247 -1.43770321719732 0.77120777653148 1.48913076126642 -2.69277724499381
"773" 0.542724186326003 -0.852538826993657 -1.36812052170425 -0.652840089539019 0.319180723473278 -3.536196379536 0.838886500105376 -3.70204640551124 -1.4074357993283 -0.486710381352598 0.573828546652106 0.0712126327847147 -2.27243940443314 -3.18942680279311 0.60524143794854 1.24090514638938 0.746442207274864 -2.33109119777732 -1.77247891636439 1.67271788902011 -1.17586420294642 0.266328777067654 -0.700617553346582 1.24032464685217 -0.0352314022422516 -0.669040499519314 0.346287213094056 0.739039465692836 -2.35068879071129 -1.83504136787946 -0.484889068644882 3.49931361942682 2.28873682518838 0.73084761026339 -0.888483311187545 0.890446505409657 0.714579049674706 0.699251250251911 -0.340517645050491 -1.10117516599372 1.6063660141384 -0.634136995860816 2.01763485965795 1.02517818907557 -0.914350088262356 0.764339182812188 1.65321039929531 -0.729920873032378 -0.476793813403091 -2.51708423386558
"774" -2.15637003947563 1.97031413843384 0.9493740530033 2.69728534635648 -3.61574712917282 -2.90904173989195 2.13614455041296 0.538875131861037 -0.611215371382062 0.33819999211187 -0.529179455328251 0.0922010270658417 -0.892554864425882 -2.2418526753044 -0.0682921082355197 1.07529806270571 -0.0255065130534253 -1.5754722292669 -1.85594754090608 -0.959783438703308 1.92898606625745 -1.78148952491172 1.51503848779752 -1.48717614381079 0.99117839075668 2.76338352456709 2.44285500700517 0.552817645203155 -0.177258816310633 -0.945829311912301 -2.02209886118956 -0.0929323883640692 0.530755915877353 0.534175500118553 -0.687315564454059 1.33385425724941 2.23309113677154 0.147086884325459 -1.17402841353414 0.632536366613798 0.296100489697351 0.197369377085817 0.0756587301569503 1.61827634189021 -2.54094857953255 -1.71675773838322 1.72916395130222 2.11196494082593 -0.31058134894053 -1.71136940522029
"775" -1.1215953983173 0.43785017430319 0.813033137997721 -2.02601521805284 1.3127352440786 -0.788969173316683 0.441345386630966 0.65938256086717 1.18159810383642 1.76912301363103 -4.3902196196513 -4.25746791356544 -1.34571608385147 0.862324869614438 -0.0664347809923386 -0.0431677744987765 -1.09567086751753 0.990676383100887 0.850847813961109 0.59995209979354 0.301919646017283 -1.85052959247421 1.36311520577893 0.204729296918742 0.462092690190998 -1.14023122709085 -1.10644954060613 -0.104693425013232 -1.6140077787278 -2.13203344429742 0.392037248371185 -0.762342697128157 -2.1414883363911 -0.91697250200941 2.13909358779767 3.1214731503485 1.44307193820156 -0.128348245161083 -0.811173203702419 -1.2387947954855 -0.676888120370656 -1.69324741233171 0.493483345717354 -1.04577771459952 0.164243258532762 -0.822927205946987 -0.682295912441054 0.0871120811580343 0.798288597081531 1.23747139959891
"776" -0.537240997380704 -2.08777260988764 -1.17256553307434 -2.43557176394444 2.36252290531857 -0.410142084233497 1.46790864896562 -0.630866575725916 -1.67888486976246 1.61390633566385 0.518961433830934 2.10191296115738 1.8965018551642 0.898351479088851 -0.0669746116907217 -0.968392165478776 -0.55681959640366 1.7627839920293 -0.0122873771673419 -1.50712475644666 1.70128124635725 0.198205603314304 -0.719689616911063 -0.706425672401594 0.618708606199644 -0.789422119173719 0.533728344269762 -1.33538324415872 -1.44631030799796 -2.07474246486149 0.829630711926058 -2.43211440604194 -1.21702001328273 -1.79428277729291 2.45074790344116 -0.665474449569404 -2.07564212083729 -1.51087311800591 1.97629027648949 2.02514455156289 0.708887921404588 0.191188022847616 -0.159628686824904 -1.18996943227786 0.147334923523219 -1.43617359744784 -1.08641856402106 -2.43162605597743 -1.2973201277638 -1.02769092016806
"777" 1.64586735648881 -0.784572696684282 0.572650618612509 -0.367045939132792 0.209081826515456 0.64705580270635 -0.300428736468252 1.79230103365739 0.118200741020317 1.04149130348875 0.0693473601283183 -1.54097769290053 -0.952729886455156 1.24927674437703 -1.77554670832311 -0.066249669752372 -1.35438600317984 3.21488201852535 0.267211578841708 1.02269385547866 -1.15380407327474 0.705767925060065 0.494559016727383 -3.05071729199773 2.73150482558203 -1.18043040498967 2.07179603699314 -1.86475767740848 1.25407029387813 2.42224759121828 0.91187951918731 0.294753364066303 0.226620138841515 0.289774978915272 -1.56334863627552 -0.282095511227511 -2.48994792667284 -2.68497966929626 -0.515809022804416 1.75812088166392 -0.910736579259994 1.13131273848523 -0.648052535757603 -0.436834020444268 -1.06108955687521 0.623453076070532 2.85957256467701 1.85813797950162 -2.52306602551219 3.33644552795111
"778" 1.23720385247323 -0.231724421822376 -0.1621576347217 -0.179178262299024 -0.0940971722055557 1.19921960737031 -2.80924807584024 -0.472066872166256 1.03462933511371 0.689650706595581 0.81510150764949 1.35890193442876 -0.738279981867073 0.0200619431785971 2.33445490948686 -0.536504386127153 -2.30485283112686 0.627908266969732 1.54703841985496 -0.615767672961816 -0.662944899722522 0.75825541512932 -2.32368985432334 -0.391885670922969 -0.67030047412004 1.07705377169935 1.67058498111868 -1.28352103705862 -1.47888796589622 -2.36528789895757 -2.30017142852022 1.33434804023125 1.26517731549521 -0.284292391354742 0.0214027006945196 -0.0853733891425863 -0.100374816602631 -0.633716729396321 -0.298001677458841 0.75410407018138 -0.463704575300363 -0.350518110514875 0.369085618259794 -0.576583679889347 0.95513275699324 1.4843518569048 -0.393438569977054 -1.41421990691915 -0.473281653679256 -0.600846155425134
"779" -0.495517738545038 0.320455544117649 1.69373284117247 -1.74192993136772 -0.650184567313149 -0.59449429130689 -0.909577604202091 1.10399918887869 0.339838373081843 -0.705107722696979 0.304750442931422 0.100582513388125 0.204065760131577 0.183822944290228 -0.638515397496178 0.0726044448130503 -0.0876838485632068 -0.822576574505175 -1.0779349613426 0.430645356240444 -0.66306754561275 1.61499265888167 -0.770285775830212 0.287195965159397 -0.940324607983153 -0.316894902610468 -1.19060917373562 0.493182325582977 -1.15084738833935 -2.69565963781505 -1.29172304039896 -2.76750975784716 -0.934075686083186 -0.0154512556854963 0.241593677939047 0.678123767554881 -1.10844270170272 -1.36462789787612 1.01919465441343 1.73538512151059 0.886636082572659 2.09308594462765 -0.390118042538582 -0.783409653473742 1.03549050900084 0.550095925095045 1.14441049223611 -0.0425519269694885 -0.4478291283074 -1.06626200905977
"780" 0.245530899661126 -0.0628307564705905 -1.29547300299661 0.43396489257049 -1.19160478791212 0.0224930379529028 0.636669446034251 0.28862977717899 -0.21591572762351 0.753472625795002 0.976914045140641 1.33848773429798 -2.15114551177108 -0.0659780820117291 -1.3447450067369 -0.861191797049749 1.65689859396729 -1.34511396503695 -1.25986469286411 1.77687600783251 -0.336166834510968 0.0595943512558234 2.11595910157085 -2.49557590418056 0.558073174793331 -0.928489690609661 1.11576323875175 -1.14212192054785 -1.38189537287772 -0.239964638656672 -1.14835637968184 1.92205609152266 1.36715380732149 0.1781844561902 -2.13357449320732 0.962166537253186 3.10934569443398 1.21677532660713 1.29004873821712 1.88801857835502 -2.58060045703071 -1.18083722245958 0.956708171477771 -0.228869794228427 -0.250062529939905 -0.0798099261352975 1.76165254034626 1.32705623717619 -0.161807167390398 -0.920773477695492
"781" -1.53846904759022 1.36733282659033 1.15177541696248 -0.973778628497888 1.08601054900387 -0.942949921393943 1.70130891776586 0.0550891557517691 0.467106560827195 -2.50844528866036 1.26016872653587 0.329338608074905 1.10818674778479 -0.563879763680054 2.2713214643413 -1.41154751464908 0.866194670168183 -1.20563021123478 0.432581713213805 -2.05692434044638 -0.218110319903822 1.6958490085118 -0.882587506778282 -0.99119236532085 2.52541452887156 -0.329226784575981 1.18384296638345 -0.39502029008163 0.260539679973743 2.88369784174934 0.619554163074734 1.36326552523967 0.644457075191418 0.78748236589226 -0.853746941284304 0.0599753542376406 -0.124456427259842 0.516583374659991 2.38090431513535 3.97719798598318 -2.80572400025117 1.22420287203142 -2.64191326993195 -2.0811366740245 -1.08369264051974 -1.70478809747294 -1.29136826773027 -0.981627174549742 0.565740425810518 -0.0352063365411401
"782" -1.08744703559753 0.593465576532341 -2.04569746533207 2.82380919010956 -0.834591587361324 1.21312626863368 0.603855424988705 0.568848573622245 1.36503868341092 0.520797743194242 -0.360106987665728 -0.0297864792560594 -1.12647489178487 -0.436310109779643 0.962753267301957 -0.0825012591652246 0.205334215953521 -1.88164216460501 -1.4286921197119 2.25088672821551 1.45354124348938 -0.264486606784117 -2.66623809603182 1.83236618163609 -0.0209612409393106 0.357078423156232 -0.786122537106538 1.25385299159709 0.178495485852731 1.75870239667591 2.84622002734303 -1.32750777590254 -1.83364242454226 -0.891845830713952 3.00552947083347 2.0486729979449 0.82484770391438 -1.86637831734975 -2.75059596519247 0.160186655409602 0.997400576425918 0.220327626557696 -0.223220058344605 1.1203711559873 -2.36924384868722 0.48851091025242 2.75567362055074 -0.725943574023009 -2.70870589780791 0.580418572215865
"783" 2.11345306447184 -1.81158041682493 -0.45253581122508 -0.885488878503799 2.56732914968593 2.03075285806584 -1.22338962023205 -0.0594564492234937 -0.785706951794877 1.86534034670941 -0.918107862923327 -0.587177368536526 -0.981306952504315 -2.91525970448749 0.958020158886148 2.79120879367711 -2.62736162315241 0.573079405156677 -1.22051404175599 -0.753786366433499 -0.630937363828541 0.840417805143361 0.23762765450408 2.4841420006976 -1.43566450932553 -0.618535796977088 0.588866621232801 0.490704670152449 -3.86063686093735 -3.6861239875161 -2.41973851715878 0.118334024398979 -0.689171697131221 -0.781763703965551 0.496807066584431 1.63883391048583 0.131801396714739 -1.33126012254686 0.400374280158554 -0.109696546076781 2.35713196046414 1.50890950982509 -0.839730104832936 1.20210110754597 -2.49261644615975 1.56515687407291 1.35678853895347 0.612218880084292 0.129094700924919 -0.749250260800505
"784" 1.16103538354654 -2.66469593236448 0.499441786642977 -0.224787006431237 -0.562020858171287 -1.6892013939587 2.31307073434822 -2.4277929645949 -2.43979066385365 1.44999047523552 -0.842947643738778 0.0848108639725103 1.30981874130478 0.866049569040434 -2.0741342660056 0.46647370805227 2.07474952691838 -0.325750366966631 1.02667799155144 0.776323882921301 -0.326147035449609 -2.41574045014843 0.32315878695693 1.29137805874862 -1.03255271208187 0.567922233070993 0.293321096109652 0.856358757084015 -0.672377119791754 2.78444954462376 0.385479849042632 1.500126766537 0.494246502563858 -1.61040060276168 1.40816933163919 0.598490230260924 -1.77290775787239 -2.46659757312366 -0.446546569277898 1.97475598033118 -0.771423147049105 -0.802417135071522 -0.208866977746463 -2.25478984735432 0.622966289033403 0.528181938063589 2.57821410910558 -0.525092806446254 0.606039446256835 -1.99346502815702
"785" 0.33153625803408 -0.977610295591817 1.25253783053115 -0.706534528928699 0.56991366023788 -0.0952077397886784 -1.05868919859732 0.458117440628259 -1.17994829342487 1.69539388006677 1.17343044080145 0.117773434063334 1.65879749086791 0.0102204779716898 1.24376596994757 1.95693620107472 -0.560998237363975 0.298377740040576 -0.0922447684811248 0.969262838787175 2.03391434837595 -2.08337387362326 1.54581296479275 -1.85100131365521 1.62256231209463 -0.756561364405228 0.543342172760041 -0.838970715952705 0.701843876457555 -0.837067159777547 -1.95901770089313 -0.297949831941224 0.171262701589431 -0.91321672544534 1.62409136300858 1.60260016789845 1.54436188578258 0.538753958996173 -0.469621112714084 -1.46283595630107 -0.224780029554357 -2.19540790567101 0.462418343061628 0.706639017406828 0.791194964192718 0.406153823225112 0.53366239339453 0.794129012441585 -1.35321057318241 0.740516208232017
"786" 1.17971589141567 1.36945616278927 1.76420072444245 1.02308503864221 -1.99082543985723 -2.59053443599211 -0.22966586656085 0.559209425785996 2.03308664206905 -0.333756853812678 0.793004372410056 1.250011500545 1.89313474084443 1.47440152805604 -2.02846935444518 0.921408257531572 -0.0873420746579905 0.961629705399505 2.37599289684918 -2.64357525476525 0.952502940860891 -0.378293868496514 1.01794935371348 -1.17950399225966 -0.937180530161757 0.525321233018702 0.0837677151717658 0.202018022460138 0.860407012349534 -0.246596793569357 -2.33709485657215 2.88761817552492 1.76932816490652 -0.521875707705928 1.76933585447654 -0.160858799298095 -1.22935979442037 -1.1159184462697 -1.90739173709021 -1.48829980738373 0.726888420754945 1.89455073714121 -0.829002494722861 0.624265044351561 0.471018726834707 0.538176071742113 0.0436826175940007 -0.406425097756086 0.08192585836558 -0.0815975301512225
"787" -0.497379536629514 -0.19869434029546 0.937136905334487 -0.734114869811268 0.992043764426035 -0.38200114864312 -0.37537127240762 0.214526939672852 3.16124076844173 -2.83277844008302 0.74224044746854 -1.77888762588014 -0.590407849560295 0.569826523280084 -0.676403818430027 -0.367953136324012 0.188268024984699 2.73051013689352 1.32399260192243 -0.260803243536306 -0.0884307076401037 -0.675520297111328 1.75662158242162 -1.71717426620584 0.869101732392385 1.08080116824515 1.85322788996839 0.395347948324862 1.31762060077391 -0.37243351245868 -2.79547663188965 0.792325762364152 -0.698286842119175 2.09933869326157 -0.694645825513155 1.10678237956587 2.16979272986814 0.373443112236291 -1.65130277488401 -1.02523046620915 0.0782426688159041 0.135182038484853 -0.994712417381604 0.256448967897299 -0.752716668688566 0.238910408469791 -0.105701936748773 -0.794988803117544 -1.32956070326586 1.39128865516778
"788" 0.0665866227256835 -0.862826871004466 -0.631506877530419 0.162024717437947 -0.137590948897534 -1.52946781891345 0.721183387395729 -0.510666747261734 -0.936631274121764 -0.141165542743093 2.17916094224847 3.44690115629527 1.82512268065239 -0.288230903311764 1.7741341778553 -0.127222293472466 -0.0805384828389688 0.0165996512917323 0.0608273106830499 -0.140725033249433 1.3558243850159 1.58706171279603 -1.76613842399237 0.40098866007608 -1.60410475502567 0.08181329466911 -1.3673602443126 0.868917124584359 1.08245949310234 0.642864129347964 0.883928185240508 -0.813595128634379 2.34023246585132 -4.75847571674146 1.84777124629934 -1.14961245114096 -1.52381672705297 -0.777966771447666 -1.04484570010875 0.597184446063853 -2.40700073503179 -2.59553097313238 4.43525844430146 1.6740000392234 -1.11699014759256 -0.0285355919555727 1.001227769404 -1.65003713312106 -2.64116307053804 -0.366350681365425
"789" 2.90444120002027 -2.84466235407298 -1.02983736930642 -0.11725409165984 -0.585447432302547 -1.15438406853995 -0.561846236135109 0.384041605441332 -0.0750568804746736 -0.304274711691638 -0.575594057574132 -1.77512966471555 -1.45805974231491 -3.09598786926031 3.5299042070392 -1.35001630488886 3.03436377845915 -2.12919181615364 -0.440927639413808 -0.389687745546234 1.96462383881465 0.880374097527705 -0.288037508752012 -2.48565063130474 2.54262623222849 0.591469409570018 1.03049893680964 -0.331157094752129 -1.14609156839059 -0.79923798529888 1.99195572350779 -1.77303338754419 1.6839624692019 -2.38730412569425 0.59129054505393 0.838945353285631 2.05581358694073 1.69240885133898 -0.598535182428811 -0.73363351911292 0.66393048502438 -0.992592104759257 -0.423837595727173 -0.292224201885281 -0.791083522497944 -0.0701897158290656 1.78233952172961 0.880569279876473 0.395764506272626 1.32255265569793
"790" 2.84634756801439 -2.11948337023165 -0.268858075835545 -1.28886298442551 -1.59271073192701 -1.27015320407123 -2.06387852089887 -0.058901673227227 -1.43233281289098 2.06855697577336 0.651562606000009 -0.566685493186236 -3.10855977611867 -0.93041870974594 -1.04698320472015 0.186102937971543 2.51900005020079 0.0472909925448866 0.92736941127422 -1.64750403910921 1.06071149365335 0.254167943451955 0.368433019931214 -0.619862810209689 0.748284949496741 0.364661503770876 2.17819964631485 -1.73351887331127 0.526171898506365 1.48251106488517 -0.155540592748252 0.418078080642829 0.74956264714871 -0.258439186686219 -0.850250215277185 -1.48654382719635 -1.97748893482635 -0.115541264346125 0.783087102113252 -2.34531552814223 0.305411889330955 -1.12576787945151 -0.500208141707844 -0.426697080715213 -1.6941953875207 -1.20590077041585 1.23514219946335 1.6111458190303 -0.337045921179933 -0.369394315114492
"791" -1.8450407052907 2.09894206809325 0.062766453124619 -0.586830979581982 -0.446601914585969 -0.596358190781557 -0.111325115529952 -1.53606049550522 -0.809201739810355 -0.81904302865421 -0.0646500411525043 -1.86964039522101 -0.637281515952916 1.06304990274852 -0.937085818119441 0.84354346446274 -2.23533293327294 1.51267160022268 0.43275966565334 -0.958779583301956 2.78863764152231 -3.41968102451105 1.66558280675037 0.561007198794019 -0.617166018569754 0.296147462272225 -0.635859153136066 -0.916128577326358 -0.43012583137202 -0.294725388812052 1.78548451864064 0.203722534989399 0.797882093974126 1.54241585213159 -5.64833101577119 -6.06939154277794 -2.74529208619867 -1.39964512256039 1.48509825763084 0.62445065762668 1.40506881927806 -0.0879512624521479 -0.27139364148438 -1.57314712423188 2.74662006268035 -1.06023752096801 -1.72813090499945 1.31807280939124 2.03362664851091 -1.9508305619028
"792" 0.245159125645582 0.356331350426514 2.84626260232459 -2.48394412328879 1.41513622396111 -0.415280837444654 0.764857483706957 -0.570119496669954 -0.203227653214838 0.0340432484244481 1.16363967779724 1.71016493422373 0.443905621264351 0.692033972835462 0.438888972535974 1.26738636678779 -0.148200360442996 -1.57255782335224 -0.239057772657201 -0.59145200629357 0.97028895394352 0.464313303735141 0.455510199300878 -1.23271719051165 1.87394532692623 -0.831687714994711 0.797728675506713 0.0660078055449876 -1.44753031059579 -0.968240957620217 -1.22359416206778 0.718380765805046 1.1729139133141 -1.97013547132309 0.537260822670302 -1.58918287431924 -1.78127319724244 -0.689121934927977 -0.740871141449357 -0.325866548001936 -2.01886925167096 0.285891356097137 -0.435914574746223 1.36081545053706 0.639648722943068 1.96826552310157 2.03756815468218 0.488388860139327 -1.68005880148997 -1.72924305152657
"793" 4.16467637880779 -3.99853825001954 -1.66805194483887 0.300195518503086 -0.379670663135718 -1.72662876460886 0.950340180718114 0.113406715351133 0.356973512208295 1.06988257491518 -1.25758614462577 -1.74212601083975 -1.28905503418402 -0.845663208128216 2.96625648448896 -2.28125351481914 1.26660212418525 1.43426412366714 2.13601861168312 -0.251940333851036 -0.137495636243993 -1.11657229677147 -0.914280747702827 1.19627935418256 -0.857756588405426 0.187565518793527 -0.253993024976921 -0.690562637124839 1.52053014832594 -1.18032714080673 -0.713999544429285 0.428647358592712 -0.0224856975781256 1.57570439878944 -1.37588110850405 -3.33083004921791 -1.91065725613005 0.685095184633394 2.52064642946636 1.66917247011534 -1.88884429600013 -2.53008880336695 1.11223195789632 0.106181815370084 -1.25812995034058 0.336752492774372 0.90682639048283 2.63201922715014 2.58712178588624 -1.69579198589736
"794" -0.190483640764096 1.26587459059004 1.25898917557395 -0.415220614379836 1.14488100239273 0.754830163660511 -0.130229125291259 -0.312612175493373 0.670539211535018 -1.49177322387778 4.6895819167514 2.65929444451634 -0.49786754323279 -1.25275153927215 2.00849784546587 -1.33489355353833 0.430314071830208 0.0818941525440831 1.19265950058853 0.531622308804284 1.11585214502415 1.33982393004815 -2.11223198934424 -0.409340311851825 -0.126582771751239 -1.19986106897882 0.514492614378883 -1.1147446978252 -0.016312406520037 -0.826526883903685 0.637447548623271 -1.71458380003995 -1.42979289350751 0.671447412716615 -1.28931625134159 -2.09337337986066 -0.341523340758162 1.44793458835351 2.26559995609956 2.32195663690204 -1.61233641641699 0.18199603634095 0.0709545400887547 -1.89813202558004 1.18124814788825 1.03245534041931 1.49906763426961 -1.1179330704035 -0.480815553650842 -0.349976267957448
"795" -1.24440737136401 0.887172323393075 -2.36741285917488 0.205074312164594 -0.287063121399985 -0.196059025622729 -1.67884590323827 1.07556490764673 1.73709236011465 -1.86771178403914 2.43704961195744 2.98560499500209 1.50689702927855 1.29503869917734 -1.28283283169366 0.828886546661322 0.734762636246688 -0.541990802892935 1.14647780809534 0.841831113575055 0.591909648809794 -1.81993154325404 1.3139787319233 -1.02143187546404 0.553429998234725 -0.0863748280727723 2.58992828340796 -2.41650146612132 0.0920119941671241 -0.69137768125408 2.64673181479048 -2.30405701292361 -0.629663316982649 -0.535712324186484 2.06666288877997 2.84763079127278 1.65620544000479 0.674753578600817 0.680815134930893 0.236337099706101 0.724429939079496 0.28972206245407 0.391374150900298 -1.38763423602122 0.576898565936193 -2.11747191332879 -2.65227505889586 1.03069044985086 3.09069192547807 -1.42695291189777
"796" 0.0165121548459664 -0.482348548855613 -1.80313246211686 -0.239468491127058 0.870553221939036 0.547725535614002 0.710175965565927 -0.0293381190631673 0.15254592500955 -1.38776351287526 1.08490097763818 0.552838239290991 2.02051769685482 3.17848689629579 -2.65827953666306 -0.405270303918573 3.62203835102414 -1.33668633428205 -0.298967529452881 1.44845330889566 0.0657067175449282 -0.275239565238006 0.580459618684375 1.16246717358318 -1.93305378580453 1.80421152035418 0.0644237844928268 -1.63985433377395 1.46774530086205 0.118029589486774 0.51582249308185 1.70067598942139 2.72132605294394 0.47558342266074 -2.24917157335222 0.0494772664086643 3.68360749159183 3.56355242841624 1.85890439036716 0.184321707616257 0.558851717073326 -1.27217424347523 1.57245128927988 -0.0988877243692406 -0.0618005361942605 -3.01611825650399 -3.32000759480247 -1.05041010674693 0.253875842718372 -0.741849070441588
"797" 0.988650639871248 -0.191835268971194 0.549451221056959 -1.47800579820135 1.14950882048956 1.25028297037056 -1.39091657473879 -0.0951890010081438 1.23576713490115 0.51963634003151 -0.817786159838153 0.145904514580758 -0.406396251722243 1.65600265494042 -0.677659990911268 -0.0131004415359502 -0.51556537147821 0.445422754237176 0.833658533960732 -1.03850262848674 -0.0627245219619957 1.19091259052048 -1.77238108477261 2.09479696181418 0.624113688092642 -1.49993945765418 0.18731599712038 0.975851827287671 -0.757934888613626 -0.817524848109615 1.88951842821975 -3.13402559267431 0.092334689914542 -1.18013272868902 1.60791077385037 2.8486680156593 2.72634168228865 1.36652476200524 -0.254253428451751 0.507500580548194 -0.530668146606056 0.073257588815082 -1.00086068726579 0.457396610514138 0.0313457164883607 -0.339403213715051 -0.231049943147788 -1.95828066777054 -2.26368392934964 1.68069679517212
"798" 0.830718230485017 -3.39123869884525 -1.32706285692697 0.024126391927565 -1.31910920645802 1.2833785136725 -4.2391300033609 -2.65341141232374 0.445890023437876 -1.97374547337005 0.593828998939933 -2.320152322166 -1.13904196909239 0.103949101294977 -0.638044524873226 0.895336568199708 -1.43500136027186 -1.48031314559023 -2.26767716890632 0.0270986394920379 -0.07688524871755 0.527801787478709 0.285616417902221 -0.151873472069549 0.597963057582724 -0.337583072750674 -0.0195240147843975 -0.971847285555278 1.74736141844674 1.81848304672354 1.6706294854452 2.08845167433935 1.79546107362983 -0.137102996186239 -0.0388248892850753 1.00142948102271 1.03557612270861 -0.858769739147157 -2.17238514335548 0.412474027496673 -0.812866063041871 -1.24425133479734 2.39971393630811 1.96401059309481 1.18595779052734 0.617968481404911 -3.14131737085313 -1.11395615213267 -1.26221359865261 2.22058660828429
"799" 0.191281531143359 -0.471882360228739 0.251422479214914 -0.998731411007502 1.87890773815665 1.91458509752895 0.253673212339884 0.691770211943451 1.46842318211656 -1.10745649900192 -0.544100427887373 -1.33018043438298 -2.65259107071787 -0.839255408116803 -0.962081565541396 -1.50899997613073 2.18139750506427 -0.0520228671520447 -1.2844740431968 0.751688783197459 -1.03887866264394 0.888472246515429 -0.10120421054465 2.34036934111427 -1.41741432716303 -1.81370012036334 -0.423386368456844 0.297412726516817 -0.745513584001652 0.648145907706824 0.451345431006423 -0.272118035162371 1.4973596034003 -2.39599314429479 1.6979032408203 -0.772831926636153 -1.04018502289986 0.982071309852168 -1.84583749840022 -1.96088403389209 0.514058190295825 -0.0103127667289566 1.62269112983264 0.472947363971642 -1.26507344580175 -0.691195699741598 -0.492110821599541 -2.14156663208904 0.310797695696351 -1.72366681189171
"800" -1.07355470487358 -1.74530848736586 -3.09923183265097 0.0326345435170707 1.97136968727904 2.48332447285822 -2.09237578271431 0.936216604999052 1.43069397678238 -0.72006021715572 0.813289949574905 0.440328308674909 -1.40874179697194 -1.93079899329559 2.91103804328927 -2.96804453746981 0.913558499280809 0.0570186521007029 -0.0568670589082482 -0.33290734315442 0.579314935218189 -1.67579825021812 -0.467342515987579 0.0697387562377604 -0.0343225653409414 -1.26009600384156 -1.97583822242869 1.8097326597938 -3.44307805651482 -2.88398061902379 2.20346984835262 -4.199218626179 1.99700765027565 -2.4646095517621 0.106329992440657 1.71507710075173 0.656956802448747 -0.751442534368476 -1.97544958073002 0.246560892492337 -2.14992335565352 -0.877084686755208 -0.117061046575497 0.630118229333555 0.728837710719074 -1.77458541823731 -1.62517174358593 -0.641218890962676 -1.21472991992488 1.4514070981743
"801" 0.172522219648592 -0.714048779142713 -0.0768812055203265 -0.748808775766414 -1.2138194835989 -2.23966286662453 -0.657192747287434 -1.77130722122041 -1.82657340623654 1.50109426259561 2.95245820440719 3.67164736116886 1.02731564190046 -0.59305386732158 2.19900538582655 -3.93072120202792 0.334352655659723 3.21960175759731 2.01557599453711 -2.07595224730786 2.52097892478115 -1.04314152750798 1.06876612830171 -3.25340244778852 2.46647647413622 -0.185180587950024 2.831922742749 0.0674677937782527 -1.46296514660984 0.637756773203964 1.20949573638694 0.845410590447918 -0.194646834508097 1.58704573347494 0.275896300091368 -2.3116986855913 -1.5014579308982 0.167564986041432 1.00211851222818 1.89719448768141 -0.865662534083898 -0.454388643875737 -1.83361428248901 -1.36507095085698 -1.16416766009332 -0.777010090846963 1.14898720931054 0.159081143044024 -1.09445225965795 0.262764830755888
"802" 1.56799669458716 0.490168088692034 1.48541293943162 -4.07290803741082 3.98445749704154 1.06937494549879 -0.720676964919642 0.264786166878168 0.90730847941644 -0.00608465780964871 -1.20863118626202 0.786494815319168 1.74792518663383 0.223530303840231 0.192095361387732 0.454573541021204 -1.17828669979623 1.58018073539703 -0.0386238589495824 1.07281487819499 2.31029414880429 -1.88669144427664 -1.61339650049719 0.766323377506117 1.59453828777488 -0.628454952116597 -1.52253943768167 1.37106660028659 -1.44517812504371 -2.73510302331542 -1.93319851286614 0.484273918660911 -0.7652766275706 2.54199569469448 -1.77344850479993 1.24101990390116 1.83964171281949 -0.186365795641722 -0.961635790582236 -0.168018495652763 0.333636621394084 0.704122414394878 -0.942717964938518 -0.0706270351569234 0.14223182494876 -0.00462299219590851 -0.164907066873758 -2.08756152873522 -0.7615446644403 0.426894385140821
"803" -1.87710312610022 3.7129356715737 3.37560646616537 -0.553535373265104 -1.44473350160141 0.386130131094598 -0.78277017406173 1.39951977652012 1.68819606996343 -1.0014696280057 0.216299642350284 0.965870398988064 0.7683927156158 1.64080414834077 -0.899277061011587 -1.63369339393248 1.39975008925504 -0.805825737638038 -1.34339336906976 -1.0970747781415 1.01642762890005 0.204912690181241 -0.707970311281219 -0.956662089886507 -0.201100691542506 1.33951470768577 0.0468639821381732 0.101183924025202 0.121300008528398 -0.488820351662597 -2.64087237249265 0.137537714941109 -2.26253180631687 0.225865694352528 -0.142648012876689 -1.38468286093282 -1.44175008376758 -1.02649764950659 -1.94970395632838 -0.192646288208038 -2.10414572798555 -2.29180209463929 3.03107923768043 0.556797440367692 0.693758572349375 1.65553818722534 -1.16577340936337 -4.71655007660887 -1.85282672404455 1.63886120806868
"804" 1.53696106533455 -0.599268485859455 0.925408900671279 -1.7078247055905 -0.499497540942493 -1.42333748414994 0.719185545251716 -1.89653573921295 -0.643160745633785 0.166531805593223 1.05172046716077 2.37036468956508 -0.549876257080442 -0.447203953811241 -0.644684946940493 0.0547012530039802 -1.19765630867668 1.22050451195482 0.863306127900386 1.86155265810045 -1.83413942820548 -1.44680485966502 1.44058424002048 -0.778092045929305 0.464457753207846 0.416463927833147 -0.89358657129311 -0.396446415786088 0.350373135109646 0.96687640920838 2.46618299458999 -2.21168323765943 -1.99698647491843 0.501953082021004 0.221195519717124 -0.765048292001722 -0.519527260705223 -1.91171999044376 0.258055192006111 1.47411988785537 -2.28460487216608 -1.08171621751646 0.203791708605256 0.0788093376234936 -0.566066583908893 -1.73952958832379 -0.349176206266298 2.0060045634564 4.5039659903598 -2.52622196192358
"805" 1.37354827032661 -2.58468499162409 -1.42898427223551 1.96096979106916 -2.6624043658322 -0.693561126878226 0.142962487231153 -2.08364401864173 -2.9213939788853 1.56482849062738 0.540229321771652 2.41477205756921 1.01986187335218 0.408130757110226 -0.98714186699646 0.104996488606321 1.80758021929159 -1.14847677065848 0.979775287736124 0.559961860214103 0.738674112708911 1.07075001953618 -2.64463861804075 0.795919385432619 0.607403567578695 -0.788654916303432 0.106497251912363 -2.25138355508115 2.37174733136919 3.180600571876 5.26327153119512 -1.61091961053687 2.37068252813389 -1.38310765666983 0.0953398583847915 -1.9396417071181 -0.404491674056058 1.86219263755519 2.56101819849837 0.442360202706153 0.0170800281226416 -0.188462710251 -1.17607651425153 -1.65683996113553 1.30326461634863 0.627831030747215 -1.10676521893035 -1.78118498871683 2.09255729995049 -2.41663352006328
"806" 0.726810168419631 -2.04588533946995 0.112062370863858 0.298956984702415 0.7980071182739 1.26403248891894 0.815921653000808 1.31920685155598 0.777448173618225 -0.0481991126307147 0.684688246802744 0.996804129592424 2.69047649003395 2.64631827807876 -0.652551082129119 -0.48280635953747 0.0884483521582863 0.497214307812644 0.0414008501138994 1.81227128809537 -1.94863673328053 -0.654709437516331 1.30763128338341 2.37033356030041 -2.9951373477312 -0.332452403358239 -0.847473056600856 -0.0432871192530209 -1.08436633306815 -1.95431974265329 -0.21619049803057 1.07308362565485 0.983641717474798 -0.745083064545567 0.138721671466614 0.682531318510027 0.53100586861131 -0.294840163105624 -0.0780412615948972 -0.058487922202486 0.436901219161229 0.583653288568224 -0.339977801988157 -1.06166828878328 1.20210884028009 0.657313690595163 1.31090915936466 0.220869606910262 -2.11886371430349 -0.0516822813253416
"807" -0.519249307417294 0.797517729264848 -3.23708824947237 2.40427676522144 -1.22513250697837 0.592085210697402 -0.257866927505428 0.678096885844212 -0.900972927995274 -0.0806492471339774 4.46987754802882 2.45415524021525 -2.71126704946222 -3.57705898746638 1.36249375236821 0.842443810133387 -1.32375327444234 0.477813198661876 0.74159287434137 -0.880573863291136 -0.246442525527068 0.205807121986984 -1.16713521099133 1.13908658701122 0.316084400729318 -0.702887328077977 0.0383115817958541 -1.882893857091 2.11218474218696 0.979719975286378 1.763299359901 0.659488713997725 1.33718836574616 0.731596512347191 1.01029323431288 0.929913881284046 -0.706692938844109 0.132215092815267 0.710218530528323 -0.958448820630513 -1.92836220448223 -1.24579196534561 -0.425867865102864 1.81345186482745 -1.68005526220652 -1.68448445317754 -1.22031921583031 -1.48136300683073 -0.857298254843118 0.778571112053156
"808" 1.29194149980495 -0.076486483497818 -1.28752234408171 0.795509464502933 -1.39485972442008 -1.68185499531994 -0.406116069399449 0.622887955753974 1.71642516017656 -1.32691426682599 -0.990136057828647 -2.99893582318946 -1.91425887444696 0.665223540763637 -1.23497092453036 0.784896372161055 0.32346750624044 -2.25778400205792 -1.80405646135336 -0.438597598975539 1.17218081968428 0.410158826593042 0.186438000125937 -1.07002345559109 -1.46246179362793 -0.0402026774518359 -1.86987625650925 0.501999046715002 -1.81316561756233 -1.32970651577347 0.421296621136537 -1.9800559680971 -2.15168666008114 0.173654089205009 1.09904637661117 2.78890339454858 5.09937920239271 4.01119686132699 1.6404505314694 -0.817637350279373 0.974099445787909 -0.1787983246226 -0.0285598496338202 -0.0837867057831174 0.352585761857917 -0.261765636553148 0.193558073615983 2.79256322831669 1.10542360200034 1.07689050354398
"809" -0.439168540303568 -0.0830212641404547 -4.26010280847204 3.08502426762518 -3.23842058907345 -3.18246740259623 1.50705428743177 -0.97248421881953 -1.26874723172936 0.887992487504134 -1.60107432214191 0.0109160183480649 1.969378848728 -0.663233205238923 2.24237277588787 -2.1140269566595 4.07083195627017 -1.06113105623595 -0.910894836891 -0.070884881331129 -0.349140134455277 1.02267873277631 -0.296096389107503 0.117898704849046 -0.1465245065681 0.383475379249563 1.73378749539464 -1.50346641975168 0.781692053693646 0.126167779135104 -0.544195392315495 -0.59016139537827 -1.01049335396208 -2.20795962523183 3.56709770709445 1.83049466267505 0.417242886096179 0.791080751250179 -0.26468975135805 -1.16074437783994 -0.61860489437218 -1.31166850496211 -0.74010132878677 -2.0752287413378 0.571441590081685 -2.85896414331389 -2.58034936575305 -0.471623271575506 -1.01587840799483 -0.557255914436367
"810" 0.0172380703482832 0.717311014244378 0.228577763769981 -2.46543479128113 2.00074492114112 1.04915233061403 0.789181906591793 2.45168699534633 1.9831625423274 -0.448645466277249 0.077200144957325 0.622485940871034 -1.31821885045634 -0.217195957193564 -0.663070831636446 -0.834093134127161 0.135412026936428 0.312192641785317 0.201177658609548 -1.55979234346683 1.84501471094698 -2.04508193745398 0.962348120437488 0.952482525763974 1.10185017064966 -1.89964059485364 1.65752017765209 -3.02358761988274 -0.616666898155501 -2.42607414066248 0.757982526034598 -3.85668212986436 -2.15018032700788 -0.123593208709846 0.267693910684155 -1.64420027728326 0.30555616579002 1.67170272550341 -1.47066961419892 -2.28426273566255 0.98396945956397 0.558895806464483 -1.81960183917298 -0.545650495788098 -1.17643592531244 -1.34132861611098 -0.131797605007409 0.848782153111777 0.883915934529926 -0.243209760383386
"811" -1.83457934274564 0.522708862269155 1.39765515129733 -1.12475797751671 0.599198655430203 0.103807324314038 -0.801609266423023 -3.06069811054379 -1.74894830091023 -1.031662299202 1.04624076909448 0.675013618962103 -0.924027091719143 -1.95007816546378 1.17210263094512 -0.577953196231481 -1.03176597065749 0.448184074275686 0.42321922548255 -1.30050094573475 0.810325195540787 -0.19795301721928 -0.554560142371845 -0.503483601997483 0.425237422075526 0.135311271971034 1.85099784416718 -2.9689804017673 3.45498127059464 0.190871572668372 -0.043028224177226 0.652568419153043 5.54327051078563 -3.14908751091375 0.547805579405002 0.134671596719332 0.767267259155348 3.29906222962897 0.357504185340041 -2.04062957351225 1.16379599211024 0.615721338607043 -1.3214684565682 -0.894660388071579 0.360299473622993 0.817651732593854 0.262134090478032 1.51717310985285 1.751724840369 -0.213243672880951
"812" 1.22090695216271 -1.70396492157334 -1.39097485399248 1.36364910257864 -0.649546127585981 -0.0192600117545102 -1.09484445514029 -1.72433898707501 -0.52144194247977 2.17881701483126 -1.22988177980962 2.13098464288593 1.95481039692151 0.382645580346793 -2.8485084203997 0.721844356790685 2.75793938427137 0.443822584781102 1.64611924753324 -0.562248576022536 -0.997169719538475 1.482862057055 -1.32892187615673 0.0460218707609016 0.0935777989847179 -2.23544061097562 -0.702747573343045 -1.70226397077538 0.135633673512039 -1.18983728110102 -0.883939871195737 0.0866732474472901 -0.631312354935885 0.185259733035158 -0.314107635509621 0.348203003071887 0.249338421972658 0.594203330064895 1.40219746385273 0.577215076240823 0.461521302092614 0.557605720040596 -1.61385098967701 -1.07270046074921 1.32337624198632 1.49822789395337 -0.585070018355737 -1.85984591968922 0.222682143361406 -0.957799599056626
"813" -0.644513226802581 0.254762272226334 -0.0726420948999756 -0.93714948468864 0.826523679406771 -1.07157513258752 -0.983055467408232 -0.81527314944827 -0.340334510096581 1.03235342967585 1.86336398788046 0.890631113740755 0.68073193253647 0.282794142352121 -0.366002526596603 -0.132749696875856 0.381157528800139 1.41206859864121 -0.896596807502927 1.01943835611922 -0.90021684985605 1.82424227306616 -0.77302022768406 1.59176992347399 -1.59460039478092 -0.128450602183963 -1.00481857018818 0.197785585690981 1.30065483874786 -0.452309089414102 -0.36156292797991 -1.6095726624579 -4.74808035283223 1.40157976247117 2.80459852299992 -0.759036011408616 -1.75976196322785 0.563217417453051 -0.00684616769004854 -0.993532541038165 1.12048879816122 -2.46014860674739 1.55225967459201 -0.440716194654971 0.475412432852539 1.12011295701929 0.529528293307737 0.139054561299096 0.146581644867659 -0.0888410704156962
"814" -1.59178088634402 -0.412639662960062 -0.984923991414686 0.8848720485334 0.84595736363567 1.55342730224771 0.326126268586874 -0.338222718959808 -0.885969324321443 2.87625695338104 -2.02615976738549 -1.01238900270799 -3.10918750284652 -0.106543178941689 -1.51679713624532 -0.709853162487001 1.36979150739185 -0.569035473639875 -0.780886703348952 -2.90444792257345 3.50091822722716 -1.52382880584068 1.78532345012567 0.928171987472999 0.587428634670721 -3.55896370519837 -0.634832933592105 0.495707099497194 -0.452698260251244 -1.28824207412443 0.12303532128438 2.18616900257126 2.73059262736786 1.20021806245839 -0.541319645051142 1.62808927366163 1.76195261200816 -0.27418652295668 0.382525725543731 1.57075289333279 0.213463339223344 -1.8459554327483 1.55632290987236 -0.698446621351304 0.675951053921237 -2.12968022517542 -1.30022158823824 0.516535574915937 -2.55662685959862 2.07379083990954
"815" -2.29971024551825 0.497926750541785 -0.608924972480126 -1.19596943748831 0.556410240508759 1.42118725238545 0.182042252024539 1.07699170921609 1.0871651012978 -2.66863752267154 0.917942526064826 -0.409677332679452 0.068494880647655 -0.872279888784684 -0.216102044720704 -1.9374128865748 3.57908293470325 -1.29719700969298 -0.42094103932033 -1.20339408695388 3.56793351524022 -0.604742822365656 -2.7915558128546 0.760853359105043 1.54589929848892 -0.535122268082276 0.863947437137664 -0.00731361743642865 0.921482936203351 2.32061018725995 0.90975033804723 0.386826216410918 0.641027905358681 0.107998827105428 0.18995555764099 -0.144797186526979 -0.939517850227593 -1.21141399418716 0.143238206667025 0.202591099798518 -0.143293715627719 0.704834356022901 -0.0348117344974841 0.253703748198114 -0.347247448664959 -1.76336833837873 -1.97232394804441 0.0530912909248523 0.256383230163638 0.579245394750936
"816" -0.0558170777799361 0.432572234640346 -0.00495448668314246 0.325361169133313 -0.1239237240105 -0.55887009020129 2.69038027228725 0.615054746711507 -0.246424406273252 0.609265029809234 -0.58247926360703 -0.742824700083554 -1.82121779826016 -0.635800830049941 -0.187964476171279 -0.330981165463776 -0.403426553347488 0.532609445859673 1.70196133748582 -1.52253427898445 -0.918633642427054 2.63911015636641 -2.14739297453063 2.20173858790725 -1.56382883567523 0.24013065207719 -0.603059539170224 1.33027767926132 -0.272776210854572 0.711022209900343 -0.0710177085143061 -0.59427909126121 -0.429427851118066 0.807494923095796 -1.08942375983208 -0.0488424515274778 -1.14772916896778 -0.853189620153031 -2.03145042355753 -1.3915691194859 1.62261705083494 -0.225786114697812 0.180208198904148 -1.79413246425691 1.10933364621332 -0.0741434700733822 -0.62752656703463 -0.270243842546444 -1.01577657406685 0.020135539572706
"817" 1.99762835007267 0.0959913587450509 -0.54366868151007 2.0873207204769 -2.03673638365735 -0.489727344941809 -1.7240530951642 -0.28917265550849 0.606769376889011 0.459958575498493 -2.21075522837963 0.190598022336535 1.5867349208199 1.78857675103961 -0.787590912252863 -0.337672724379859 -0.292455230654643 -0.238847664389482 -1.31899419087696 1.27613073445049 1.63375789928384 -2.09572524960513 1.07886082866657 -0.822845210146561 0.85053710258548 -0.0960891672145022 -1.41548044307635 1.29505629628885 1.39402913081608 1.58621854698618 1.53842692478953 -4.05163477986888 -1.09098013200745 -2.36232580064905 1.07017547899915 -0.735510631631372 1.10734160743394 2.01920923096653 -0.356713381676121 -0.413979071986415 1.73366868927182 1.34254226609627 -0.0121482027574691 -0.193247276631487 1.7354664003816 -0.904721398672751 0.185497141953003 1.46369928777858 -1.23126779087757 0.27824617319723
"818" 0.685921355678938 -0.891816252495275 1.60186826272082 -1.55554978056526 0.693554094823069 0.258513299588827 -0.619475782078757 -1.17729480219671 -0.534369895628855 0.993657273824802 0.463321333904175 2.02341499431954 -0.426275236867582 -0.574554269602605 0.848697199977967 -0.781044234833169 -1.58109765099002 2.67506539618077 0.273318975219324 0.535880440903049 1.05250594514009 -0.683964976430318 0.653961876770538 0.116387384656881 0.95736839223114 -0.432004032344561 0.528078420531448 -1.11540397670708 1.5156878891385 -1.35489112118988 0.939223393764177 -3.23261848249875 0.0217448667193142 -0.524966396120792 1.67757630204601 2.40321437290485 3.01503873259097 -0.241766606683936 -1.59120681542843 0.535580677640833 -0.298522213799364 0.97952380943873 -1.23500845704771 -0.599342634750854 -1.26130552858295 0.166827386673373 0.24331538943347 0.672528811205288 -0.136207942046071 1.13866494873136
"819" -0.00955615690340361 2.31547597652001 3.87909637219233 -0.666936918221379 -1.54705880289213 -0.41621856089024 0.101416915104804 -0.877603579555123 -0.591818760663085 0.506844357447705 0.0260945785938495 1.73306964434097 3.23311447622284 1.12884941488754 -0.397983751873051 2.70550904658494 -1.6726685640418 0.949991955035188 1.13744753684239 -0.949217627109961 1.20277649460135 -0.201211557057854 -0.998982752204725 0.919330904710024 1.25270714813586 -1.80746407265685 -0.561058734212026 2.20853187866919 -1.3216290013066 -1.66236320693649 -1.08707453432072 -0.562038642098836 -0.466306337919052 0.981226075298256 0.481530637210385 -0.140308563763229 -2.00627632758808 1.80324526284214 1.95609603708608 1.55223855140834 -0.797312929447533 0.207166213776699 -0.239782953563287 -1.72059843862672 0.835710511603092 0.847525043222739 0.443023623404475 0.490978588667234 0.774400348309804 -0.363351729516864
"820" 0.282258821600628 0.324667360508193 -0.899185723562275 -0.0406409869668925 0.251574027622163 -0.900851978541313 -0.294013821166148 -2.03024714117576 -0.721738021687222 -0.96883602058935 0.777188622137383 1.89522710364761 1.74120414374622 -1.19740395032522 1.82068000141831 -0.935648456459014 1.06840851756074 -0.105304518866486 1.77862352564133 2.26444524188494 -3.37701711803735 -0.0588846014012049 1.07261307664448 -1.63021361943722 0.768082887550681 0.435880623125108 -0.590780264138174 0.399498150367948 0.203724057726154 -0.942082525431446 -0.719400593616808 -0.413270485809475 -0.0187990626033111 -1.59759592129175 0.596655241793402 -1.19528825380715 0.563813713936102 1.97341073088976 0.385820979267461 1.34709132939689 -1.82705797520826 1.37409794542279 0.557135031477401 0.454535964135141 2.09004563796593 1.19766344511028 1.51712720308032 0.388486681473507 -0.0142106532529491 -2.21572377669381
"821" -1.7558595266006 1.77052116966962 -1.42809825376102 2.67494979853942 0.904603708871007 0.698927606469836 1.09277864601143 1.52503580755574 1.15078252014477 0.587658018280527 -1.20359000737625 -3.00985109460152 -0.323024944937745 0.4024398689137 3.05985672772533 0.786031016754378 -2.67816097031855 0.724036438661625 0.0391345627559645 -1.02243900882661 -0.699801017381743 1.00426177803939 0.763082340281589 -1.1503059300392 0.783793807665364 -0.446817968013894 -1.66455706397433 1.6156293263363 1.03207746723006 2.37980842064859 1.02652477520075 -1.77770263657269 -1.39197816708823 0.442109779155476 -0.498228141612155 0.0113229697580014 1.13548377688252 -0.200515876893481 -0.0153602480737834 1.52479222116989 -1.22221044403876 -2.0910235261241 1.61218797927076 -0.31290624953069 3.47037659686143 2.4258321066946 -2.05620238753044 -0.953918246047903 2.07976688884246 0.623828539681364
"822" 0.726145329808084 -1.05755902851428 -0.393744547411444 -0.488176696605964 -0.188165169606887 -0.130984870837788 -1.29302628451124 -0.368881464639775 -0.681349765661245 1.92203276947303 -1.58898229911226 -1.16256831171803 -0.285070225703925 -1.05096500568824 1.64297784978083 -0.920540449959492 0.424674016354529 -0.685997165771855 0.11078354841452 -1.16064661132243 -0.0517387912532855 -0.0580595131781529 0.55676515357311 -2.48423201487613 2.45740249325753 -1.68152704374255 0.624976626106466 -1.8720207285845 1.08335537610501 -0.881848138755494 -0.345915522259548 -0.420702502035394 0.183236762355329 -0.373546761706293 -0.0940263553789312 -1.65559212786713 -2.59303873240608 -2.18338538993515 -2.39951457273482 -1.0213575261566 1.56546937146271 1.92703603619461 -0.912887554778447 0.693450350687124 -0.432272705539049 1.50005933135097 2.03607047752374 0.188403709825822 -1.74475524788803 -0.199285016590039
"823" 2.95627000268634 -3.06866155073724 0.957934907147468 -2.08097138279766 2.07701904712925 2.17467008195338 -0.56044071946038 0.955468992725832 -0.325831507137495 2.35388242073776 -4.51324435436171 -2.17477149011001 0.0322611996564526 0.649165068846925 -2.30073941679995 0.629725111870528 0.533071249173491 -0.717193674652163 -0.880604652230811 1.88853829997105 0.121876325549092 -2.21577405826717 2.3798819831782 -0.0624086289434373 1.81301840005676 -3.75508621599589 -2.81507205951372 -0.588144203573399 1.9352343810654 -0.333665018752494 1.64946785132309 -0.585536942046509 1.40891881518314 -0.0694729344881008 0.0937565270285241 -0.485676487011368 0.237441760268273 2.08092385066631 1.75935406690086 -0.103268331795113 0.928682965095662 0.777153209539965 0.042525716431296 -0.978598216264542 2.26242494423352 -0.100857614088358 -0.0151522203564854 0.842275365683481 1.88824384816565 -0.95187484582389
"824" 0.839061666081525 -3.29990420291702 -2.1785389283979 -0.605715815899769 1.36956270845772 0.585393164934955 0.110657332343454 1.41863050827347 0.187250621436976 -2.12369980431975 3.10850096983483 1.15466627396594 -0.00113674669011707 0.390890235643422 -0.118836464613699 0.290474260534351 -0.721230460683266 -0.833391761107276 -1.75127630923497 1.03116612709089 -0.764666683816701 0.934621443651537 -1.36764860036441 0.666125078053836 -1.5694700700415 0.632608115846512 -0.801548443351056 0.931893367992162 0.598681648573848 -0.768022869499266 -3.7194910955596 2.58569742490905 0.949889937062221 -0.486125029938883 -0.917900903385381 -0.809614406797557 0.57226456310286 -0.164119377762378 -2.52145614778328 -2.95364690460671 0.254413325608841 -0.850557232175379 -0.0259760924596085 -0.383487601152562 2.17265084076959 0.79873352214438 -0.488323043946656 1.50868495594317 -0.130112489260386 -0.680956288075542
"825" 1.0215375080762 0.552593835139641 0.86363511249237 -0.157055948240129 -0.396316661171731 -2.7974692606022 4.6281401924563 1.93286909020152 -0.366701215971136 0.651222116403743 -2.72576521516839 -3.71581755064025 -0.558839676102254 0.179177054781082 4.20146626711512 -3.38043154183923 0.526509983495467 -2.17953174924923 -1.49778580859793 -0.468452089703954 1.42311545935998 -2.72239451680845 0.0176584185949915 1.14313228899926 0.105480216229832 -0.41242063019417 -0.532566298239832 0.891530412101797 -0.473672733631661 1.23069322571944 -0.0180753740219489 0.817329692088617 1.25237190529075 -1.14220672576274 -0.819467380351986 1.2078176329814 1.73776635547235 0.625153372949726 0.225347776344862 1.87392316951735 -0.872835684560993 1.5290201945663 -0.954055419707666 0.274406208024398 -0.0525545356180504 0.507938211179549 -0.560796202048042 -3.10189363797381 -3.44575552499419 1.12907059917062
"826" -1.24616955546136 -1.1455759962577 -0.960619314529107 0.768103502071893 -1.26639189051321 -0.5073756316835 -1.8258015936175 -0.0934227825920943 0.612679227760615 -0.236186940701116 -1.47481053571149 -0.994050211539178 -1.26329003164167 -0.734897366462977 -2.01061233849474 2.40399707770444 -1.96541200408049 2.00669577284041 1.66504436093701 -0.710815433915637 1.92295766273858 -1.7179289800285 -1.69937564765275 2.80363538493679 -2.2621799737707 0.491176292228575 0.748308220880305 -1.00466556212554 0.460652700018985 -1.35393221467027 0.456365428194031 -1.51774317318799 -0.211583934977355 1.94410347242659 -1.0395944214068 0.559899721534669 0.655270759514542 0.453143140829679 0.00812212838198273 1.27122905948377 0.415261431042622 1.19054119514584 0.502811454744642 1.74475529998553 -1.15450062784553 1.33099388814397 1.79969599216426 -0.711092416951812 -0.0574378722049831 -1.27651847281337
"827" -0.285669395499498 -0.332283740519575 -0.951017435879971 0.825597920989904 -2.16254193978843 -1.50084511590663 -0.764846483494815 -0.368984351921086 1.09494493580023 -0.863292793232045 2.53833373720775 1.42124839960361 -0.836864494821954 1.04075959112509 -1.60509728624126 2.32144840757446 -0.973352860618288 0.0637621296864565 0.296537420121391 -0.125853065378634 1.57791227869592 -1.96283398957301 0.785185595123179 0.56865155322213 0.528128630828143 0.145285933546403 0.573302968165953 -0.564662071576066 -0.285592326868134 -0.603805034681146 1.63342871388353 0.571259704869295 -0.217888157657892 3.99280244812628 -1.32937231287023 -2.04440345222299 -1.68204628794026 1.44628049251857 -0.365379091176045 -0.235720769242936 -1.40237599615283 0.404052894501717 -0.883358456340901 -0.376012241943042 2.03088440700485 0.710675743295458 -1.08561483763728 -1.71871506888845 -3.0100718938501 1.38500375073336
"828" -1.35491380855471 0.717148586456558 -0.870446510239313 1.17079528181238 1.12872284310757 0.512399551040383 1.32912370668862 0.226027816285739 -2.17388605708908 1.52810691058553 0.545531381928135 2.33720963909962 0.855117568361811 -0.397030319279214 0.626744137983197 0.431973631028113 -0.351219786933766 0.946381554107268 0.970978595322766 0.350832667583787 -1.25989491743853 0.0878454160415977 -0.545563130211517 1.31050247257941 -0.530155679251995 0.575611205415007 0.412806194433802 -0.0741851581029708 -0.11057479543998 -1.27086129334031 -1.60417096130697 -0.770209953720514 -1.78581421106236 0.331705730882796 -1.30002464821285 -0.848334228350771 -0.629073572829637 0.16455857500452 1.30393885026466 0.376893503274799 0.360007936681979 -0.723306041080604 0.583314917094203 -0.486666542939163 -1.51167004826393 -1.42244540813115 -0.93619373217742 0.0110346127830111 -0.0734568439886479 0.637973944318586
"829" 0.882379515264044 1.59657731321666 2.16974637295938 -1.51946022794767 -2.22095048193205 -4.10942650884881 2.62943705660611 1.91154031620503 0.797884857314139 -0.00744178940083403 -1.66970981092967 -1.79220381761614 -0.333935661311861 -0.256477422511542 0.6050474505356 0.307101101027631 0.383790568379207 -0.717057702312523 -0.801427025351182 1.90346867639772 -0.610589318376366 -0.738081158155516 -1.96236808774278 1.52913991815597 1.55924236894065 -0.615850459745328 2.51137022857623 -1.43445838388927 -0.446041875148594 -0.906244627790218 -1.51198436455713 -1.84361974304213 -0.907880433465245 -1.67452050493404 1.34378460295483 0.74673004672117 -0.0577341372061775 -1.30534264966882 -2.21724260840191 2.3723799191851 -2.32460238843711 0.577723098874431 -0.77564284696108 -0.00317161647290559 -1.82459450097526 -2.58488903983414 0.297660194024412 0.877548827982824 -0.965963804400991 0.904802517469564
"830" -0.387620568615311 1.14271033567691 2.37321823870975 -2.76510764265818 1.99226027723102 2.605911205821 0.0809999771738727 0.815763106740558 -0.812445656292868 -0.0164473867161456 0.0197867630024178 0.66481309785793 0.331342110719846 -1.4336928376871 -0.243535736582536 -0.940511391883442 0.375464630161911 -1.09582368393049 0.319392031934725 -1.46832766383306 -1.63361902039802 2.09709240415534 -0.372305953770284 -2.54912206603807 1.01145402517375 1.54206760667447 -0.371720554208606 2.58651199911498 -1.92880993404381 -1.033891039959 -2.24317547010906 -0.0658797490827831 -0.25333582728252 -0.222125818390873 1.87132760695309 2.66754860694756 1.40055723895723 2.48313688135527 -1.91712930625205 -1.08947003872364 -1.01999808636327 0.688631093151447 0.588685428880597 0.861563444595273 0.845198719073091 -0.345742286142738 -1.41747032298366 -2.01595410333669 -1.68151874998113 -0.590426494972255
"831" -0.0400824876405352 -0.29438205697345 2.71240157639509 -4.37291471195188 1.52296245616209 -0.289999575224737 1.28892184846312 2.94896652137383 2.22386400418985 -4.40661897125121 2.33008248875732 -1.83306401359461 -1.04668165417982 1.51245898237579 -1.80958328988972 -0.282089742027557 -0.00847070806931749 0.542675175668869 0.377652453534662 -1.27147142674941 0.502806209370362 0.994987201940078 -1.02868354839758 0.760637304049015 -0.928535759998501 0.530943164799779 -1.41932903368115 -0.405908680279248 1.0897349050982 -1.00328771388367 0.920057571187399 -0.670753214026264 -1.36683372254773 1.704661383195 -1.4323800166016 -0.15761561123906 0.273553523612374 -0.544898101402945 -0.950520842792344 1.60717797941153 -0.910945198438884 2.95422353781288 -0.430616077740774 1.72253418869195 0.178295689418296 -0.37471097120635 1.34994484710345 1.7306675489856 0.68737143300014 0.846733761088732
"832" -0.185903694900574 2.60895695507418 0.556438479260018 2.7813293175636 0.626135679153125 0.5110768571731 1.20572857814079 2.13839462329658 1.0094763403275 0.25223886919961 -1.42315868130194 -2.32773548116213 -1.63682794138728 -1.25203401260986 1.06059893306955 0.718223017352678 -0.25535593928802 -0.716174569612502 -1.24355651631823 1.88420438256348 -1.51700911842669 -0.337840943272671 0.435791831419706 -0.435664454082775 -0.587924613615933 0.59184873923442 -0.760475879500375 0.925679553754898 -0.266231445184738 -0.261816593409907 1.61245600487225 -3.13785594391239 -0.673589682565255 -0.530747912911276 1.44661070258684 0.503932137170136 -0.959862398113007 0.420652868220143 1.30757045819998 0.117198862145106 0.303419920508564 -2.68703220815774 0.776642571058125 -1.80720444338164 3.01497735266055 0.990466975176245 0.471294214589293 2.93595192246392 1.34453779024133 1.33723156836066
"833" 1.38943526101624 0.505530749315899 -0.690532307119962 3.06888319502919 -2.31979904365573 0.220040812140895 -1.2165809522296 -0.656157196412218 -0.291587648567104 -1.98935315576889 1.47417833288431 0.918992122570616 -0.38185814629415 -0.749425397898697 -1.49814899613936 2.42023038542316 -0.611922350325321 0.613562286832229 -0.0224071681809853 1.80215473319659 -2.86318722137906 0.352548300661606 2.05867398458407 -0.424516468888118 -1.03918611591597 -0.360341549050836 1.37064607115921 -3.6786762619763 1.44599562162443 -0.323838512102271 -1.3608827585021 -1.30532143978691 -1.3628475581332 0.703135053736727 -1.65083504253172 0.926590234918884 1.08091481438481 0.398790245136124 -0.638334824737717 -1.86986364127983 -0.378392915822237 -2.71319469967441 -0.679534417334986 -2.93157139988056 1.27286176077776 -1.19086619280216 -1.40544389404824 0.56574211399315 0.104648514895117 -0.846204584327109
"834" 1.67310464681968 -1.26601992825097 -0.330137241085254 1.75091407075101 -0.713229736105279 1.01988473660547 0.128024241896987 0.42875715033728 -2.40131524377728 0.526082494453569 1.36160871300535 2.54741832954395 1.62951183309283 0.552357093376947 0.0344750836320605 1.09050659713318 -2.24300786257392 2.79354405241053 0.249212820830381 1.54673695116059 -1.09798346719472 0.35631659753438 0.0147615718961194 0.308256317113971 0.0359853471376398 0.378541830606039 0.524022405228077 2.18115221808289 -3.05640250738234 -1.88418917626136 -1.33418667764825 0.373637032989025 -0.256680298831534 -1.20315647325193 2.62407404262809 -0.629759421615621 -0.723714973143076 1.0963316284585 -2.10847821162676 -1.96303062469843 1.78076284140179 3.37691728527679 -1.76196522012636 -0.319048034254543 0.676665023130524 -0.242293762938973 -0.346381451381032 -4.10670076592924 -1.84845637353642 -0.478062318631785
"835" 0.368663156920934 -1.30003541078576 -0.90179412056221 0.0207358408056248 -2.51307553804296 -1.03451604762527 -0.859271712307229 -0.484332154135325 0.578903787433926 -1.11660513194747 0.877012271382393 -2.33890944870558 -2.16071579892273 -0.0527804728099721 1.23631474909304 0.308814017328364 0.901187089660114 -2.20838492711526 -0.475063396538452 -0.956926909450986 1.19935978817427 1.10540411602296 -2.70925215269291 2.33204044942084 0.331914493805923 -3.77139089809403 -2.37988414516078 -0.504728058703347 -0.778616550933125 -3.60572602876126 -2.38817721549947 -0.983215240710301 -0.906047743293707 1.57031806836185 0.0688056881825716 -0.685759469258802 -0.546775734457124 1.23525429604099 1.05626887804082 1.64963385366873 -2.10409544376518 -2.42559597214207 5.06749210913068 2.32793959022391 1.17382739356532 0.217032784192342 0.928011016774463 2.58182089906146 -0.38773391992045 2.69525728830904
"836" -1.55788285406428 -0.534433855495642 -1.92056826894045 -0.232166542893321 1.75943659394386 1.40669993804082 -0.912448553408947 0.167202051916265 -0.422133780171638 1.6255621749312 -0.808936111331896 0.862918962983823 1.40851825779248 0.816738326519807 0.191856152740462 -0.649432848091463 -0.141519424416936 0.28232939469589 0.865768222069174 -0.386672600464467 -2.14589928333616 2.16852673542545 -0.265426570159692 1.60508094920594 -2.52192047820067 -0.762117445083759 -1.91963409344135 1.40419044266323 -2.0279114094246 -1.74348989019649 0.241430544939964 -1.89447295203237 -0.504357773863795 0.463778395545316 0.00911058067708311 0.795648456693403 0.965218262876706 0.711347237402782 0.203562985441677 -0.323015920865393 0.939522728836917 0.221460435331709 -0.12890083065704 -0.666468085245041 -1.03674190509906 -3.02653231215791 -0.112206308966457 0.210287099621472 -0.0039641004748858 -0.33256952236168
"837" -1.01904971020761 1.83540371006238 0.545030783634385 -2.17478326443686 1.54139095623056 -2.01859082782924 2.50805208746461 0.246620229245845 -1.46332420853536 0.871213923013326 -0.767673458921611 0.744315732234758 0.467572151719612 0.246113577769877 -1.12804231889879 1.67706124801883 -1.24597116420585 -2.62029766941073 -3.71915656737843 1.731698511981 0.685916636228049 -0.0757038861018254 -2.42397503274519 0.537368665126362 1.33861204886593 -0.602474534400055 -0.0247820432545155 1.98128416799486 -0.210491667844948 2.04662266638054 0.930070632565654 -0.530655378079714 0.869426751482509 0.788518753133815 -2.03871544439287 -0.147220817655962 0.902459734733654 -1.9860545819111 -0.856693171800578 1.23592241973358 -1.74482266510461 -2.91302887225908 -0.454952554667237 -1.42506690469792 1.18047365981761 1.07512768359857 1.58004077992257 0.400299720615445 -0.154640648744273 0.515653306756648
"838" -0.875556317699266 -0.351789985931826 -0.941196878293584 1.9882261716901 -2.35929633325006 -0.651990372641951 -0.751365284867204 0.206163008053329 -1.39958696729949 2.74601769055209 -1.29048126465912 0.112868754481662 0.846403239673239 0.326173997011709 -0.671494338399331 -0.623769156037766 0.231442227391966 0.839849109598685 1.68323038825251 -0.77423466510255 -1.04551723669279 -1.86438370526758 1.16033049589783 -1.07264367487159 0.937550338946387 2.10985045332762 2.18218704543839 0.274696590900021 -0.380804775390105 -0.442811668493666 -1.58694867061671 2.28866129564522 -0.0649173143694971 1.89939283721664 0.292903789533385 1.12396062439467 -0.942602357741169 -1.4745865606806 -1.80882975105364 -0.954250691759908 -0.216948073665318 -2.23886905373726 5.55346000028144 3.74890243084445 -0.0899033158211018 -1.05057471685338 -2.56007148026314 -1.05957170015511 0.810902428306951 0.203133270324716
"839" -0.536077118701412 -1.02492923167347 -1.45822748761682 1.47674155930642 -2.31854112435571 -1.45517331312321 1.23923564656277 -0.0842689499533692 -2.10154898395238 0.352752183313073 3.71772470638525 3.79217852084506 1.51957383457973 0.651849771103628 -0.591849680131865 0.766329027669894 -1.32876820753864 1.43899682035163 1.17579503705029 0.407628702258123 -2.08233675815699 3.04922330384361 -1.31192412683921 0.407533963917304 -0.223794988417317 0.132907974738112 -1.17755215786984 1.32869334144031 0.876205945899523 0.94482444785547 0.926983241442841 -2.11912322381185 -2.84322769777355 2.51493427827675 -2.03918819271123 -1.8391656743805 -1.2478262822281 1.84544883889122 2.695699387859 2.12447663353178 -1.91716048000827 -0.429509217679493 0.326675662743024 0.605258194072372 0.179060733076128 -0.557240846825191 -2.47819070040395 -0.454536355301506 -1.29255105085993 1.31154125943198
"840" 0.708272795348763 1.1212721287882 0.340103702228895 -2.28285515361779 0.0701455605115895 -0.465625035620871 -2.58107825247416 -0.844954095001572 0.923099111157231 -0.588392012876071 0.797227532234169 -0.206830230513894 -1.31790421405986 -0.497294814995056 0.478917345277373 -0.116898482392381 0.497322569854819 -0.0233348183991588 -0.671235797281264 1.90157050686419 0.175754218441924 -0.508846265188932 -1.32297231805663 2.17502551641501 -0.562353616529171 -0.833476809072054 0.230446048437379 -1.68519938437836 -0.408438599120933 0.871943577667233 0.454267434845696 1.14859294613193 1.20363539514066 0.0560055222401285 0.293009172147838 1.40298349691157 1.3927535224174 1.29304497687723 -0.232834620883484 0.169871503551643 -1.11201245859658 0.0920489983950273 -0.441765582775739 -0.241628637999699 -2.11699588345146 -1.7912976574274 0.886587757847128 2.69348584430215 0.0530513126006837 1.71609792769452
"841" -2.20633805781172 -0.814304335301263 -0.337806868448214 0.125732819216821 -1.67823390793222 -0.309275747292274 -2.10900371862849 -0.931066141657334 -0.564482718470199 0.0364737756795639 -2.26691782858913 -2.95311513896793 -0.517763890868719 0.299230092699684 0.260273179974352 1.12111015277848 -1.77833537842754 1.62772264358198 0.558563296986371 -0.41344922274038 -0.727990572201042 0.547045300564638 -1.23969142303346 1.07745394156105 -0.791446804343495 -0.285740275394594 -0.945960924020279 1.15147032913422 -2.11104894724907 0.736635489903983 2.22177206355198 -0.481713167190625 -1.28970360493734 -1.03078666178296 4.00333945300889 1.15658968026159 0.833449991553619 1.12705256273663 1.43928013028865 0.84064038904665 0.962673551417944 1.10730376533362 1.03265314011964 0.077232510561325 -0.337906436670755 -1.10829652957655 -1.3277612517487 -3.27128982185258 -2.7438751380181 0.15475944317742
"842" -3.35167039643264 -1.4300312721912 -1.71091569200302 -0.905449577437545 0.504077279040619 -0.422428304863558 0.172585665447694 -0.704240877304879 -0.885841055165879 -1.08641017424529 1.61136809968774 -0.752893648232658 -0.371840224174034 2.60792240369956 -2.23559367226768 0.76982278423891 -1.36916124450828 0.180531067681971 -2.31940514221642 -0.0660836328127997 -0.291236073905235 0.892782200600434 -1.18566187761474 -1.16325731531986 -0.0900234679505145 -1.76221368291364 -2.94693098815494 1.19452658773209 1.35847816705119 1.97435835818875 1.02096257271733 -1.14672028847918 -1.01928640757425 -0.251427388019885 1.53576058233908 0.693813208403607 0.00237492288537336 0.259363962423629 -1.27128459411172 1.49155041803447 -2.8600689255132 -1.02014773870301 -0.221976196924057 -0.464428675041252 -0.529420356674091 -0.382782298688234 0.988949040922692 1.28071815121397 -0.823924044482184 1.30177912297092
"843" -0.256424890043911 0.0456638910549943 0.698807559248726 -0.842097370201895 -0.071300410837174 -1.06496171290218 1.09944442166566 0.826551921428158 -1.56417138241081 2.10652364052318 -0.195958789758419 -0.75961038456836 -2.63225180729299 -1.84187938883 1.10251296643629 -0.657846399940746 -0.076322488674218 -1.79893621493475 -0.806348081861405 1.66950113262399 -1.53565661409955 -0.506871463052236 0.0376254536042549 -0.221021795947596 1.5845531182292 -2.09495285334013 -0.312350989311263 -2.04017620471403 3.11883454602509 0.573347015995007 0.729803632807958 -0.143965274958932 -0.0042167767063659 1.7085290976857 -0.935359643560265 -0.0174462384293563 -1.91993807844418 -2.64092603430165 -2.90159617679877 -2.82293084924655 0.291897012167341 0.292889306986812 0.333939125644022 1.47958733613755 1.10641047040655 0.292002506771965 -0.335597653092764 -0.00295872467359262 -1.66147874892509 0.630976126226727
"844" -1.97052635386124 3.36444205950234 0.686094184319114 1.052263204331 -0.181692183188903 -0.464172951298091 0.140341990134789 0.556754187978658 1.58842543410242 0.490525136680086 -1.31262829111412 -0.894238862998658 -0.89777030816217 -0.119147353267144 -1.5741133842122 -0.54914749819969 1.00740608769441 0.592586358124835 1.63298570919235 -0.499244580076591 1.40071207820271 -0.880947092097595 0.817589419688387 -1.88571041032787 -0.377547579122098 -1.17076194926633 0.814425456203493 -1.26517666574369 -1.04013786930164 -1.34091552815767 -0.0221788110514126 -1.28172777626075 0.668216314510276 -2.02538657637661 -0.291251176777622 -1.32220650986659 -0.127646486260113 1.66551022214854 0.318750283469137 0.407672742522958 -0.946579642193687 -0.564062290514727 1.38738592971708 0.0337800400676253 -1.11711443639813 0.452832662632106 4.21498504376969 3.32981426828478 1.18355909552444 -1.39649994989016
"845" -0.175224049096797 1.85119698814824 1.52628194473759 0.450782785375494 0.150536141934112 1.02089374909622 0.908193807123128 -1.500613209937 -1.68136265728403 -0.0167800587061191 0.394897366034097 0.152046120045298 -0.653015604744658 -1.79419469891467 0.228679543183292 2.27062197198955 -1.78372046753256 1.75422128650804 0.714614392497541 0.13531326000408 0.5725905583807 1.46385696836799 -3.40470602521928 0.898806300108359 -0.795108456949546 1.48846921690975 0.20512575048582 0.545519929789534 -2.85992584809972 -2.70201533258309 -1.62995969001793 1.49136675654753 -0.500552781773957 0.691152590083081 -0.999058982336252 1.30239635302127 2.26155139758101 0.23300988523428 2.33290057430383 2.93754085142402 -2.20289189417572 -1.02823646411988 -0.285110337095895 0.0635120051397056 -1.61601528989531 -0.537100319132604 -0.0652013554257416 -0.194191169711989 0.703874356867101 -0.761735130481123
"846" -0.863055468129635 -0.0302567021408346 -0.59468938649748 1.14446461474665 1.67018990043013 0.604501094810567 3.55162184977365 5.17284896356014 2.18437199088134 -2.18835644868225 2.65983567601389 0.121540322793749 2.08832088298189 1.44386631847371 -0.424956589029338 0.78834986946285 0.628948203631464 0.695025411639569 0.788708008218187 -1.90947469645025 1.72250371868975 -1.237480482537 0.919995093859057 -1.61160840004419 0.957819912277766 -3.49458541086292 -4.20553790328279 0.774096782989816 0.135314521368391 -0.411989447202222 1.69611583851153 -0.88488176736548 2.08109892854061 -3.22814820176818 -0.762784593486039 -2.75450252292441 -0.0175514284250697 -1.50860690105663 0.344735273402386 0.0981210672000287 0.707158801273544 -0.363249545737735 -0.292301782525025 1.33896015673373 -1.43444593548148 1.70600791797458 -0.0204864058004974 -1.08894984755426 -1.98912167569823 1.74011293299733
"847" -0.319732574357154 0.586935185275991 0.593831943464631 1.10952600024977 -2.06163558446881 -2.01752661731113 1.31376602223385 0.92280925228363 2.81327620256752 -2.75212069871077 0.639953312934702 0.27340229504685 -1.30076563253762 -1.39049427301137 0.75863033618884 0.23892937715117 1.90895075399398 -1.9549503720043 0.306176487125298 1.27351757031538 -1.08633204772188 -0.0495453853598649 -1.54332719357519 -1.07173447722716 2.85662701086652 -1.39915405683923 0.441541558092541 -0.750337217657573 2.32088146038615 0.822914755705196 0.406969994510335 -0.883206271570214 -0.855341857361543 0.197741423322576 2.03666036323679 1.49980648004006 0.578208594762973 2.96537776107865 0.984146122079219 -0.211990964634172 -0.249671521789915 -0.543392336593184 0.560417431016403 -1.62245382556329 0.622757940606461 0.318599977072647 0.937977438036606 0.644631083062048 -0.389058220480328 1.12723002157351
"848" 1.2294281231448 -0.648768732249429 -1.77396595930874 3.24623683625218 -0.511277796836724 1.86266161783832 -0.745925910498021 2.38104592874571 -0.497948146576336 -0.421627927912924 2.98094206599629 0.76895585508134 0.258283243782128 2.13859807281236 -2.05237436636438 1.52662361621533 -1.26086671455837 -0.484023984962321 -0.176903689274153 0.344746740166421 -0.158978716569989 -1.36229198411322 1.54405474318083 -1.883890309661 0.539207928413866 2.3307825648329 1.76160512501875 0.0962652971410464 -0.0747190371124496 0.427855793612409 -0.914994292459117 0.00685610923725484 -0.566849990408258 1.08807562326328 -1.01382669383893 0.546975189130279 1.37617274216384 0.422811811798677 1.70267972764102 2.08112358853083 0.792871694386196 1.2940619219936 -2.79182077476574 -1.97850645591128 -0.908803706020703 0.287042667691273 1.4963037306246 1.22148350650693 -0.831405235997513 1.11954335357043
"849" -1.15418684018745 2.10974814796638 1.41916768926845 2.08339278786887 -0.408969502456909 -0.71105087461296 3.4743770050027 0.465612843775087 -2.26359194391103 2.01832435619543 -1.11095162415693 0.121897571861849 1.05653496757377 -0.205892793841073 0.329125086820362 -0.229728575280502 0.153363882165222 1.16896407594424 0.456489182754834 -0.405455083439581 2.8147618219064 -1.70624130239086 -1.10463029137013 -0.621291500663018 2.46606078168557 -2.50593586092871 -0.540433089141595 0.423275209296942 -2.96436753401302 -2.51973787014635 -1.66477321317217 0.482382885315423 -0.386525635028328 0.466342551254801 -2.03407748445057 -1.35297827741892 -0.848017676884574 -0.522123903013954 -0.94915136637384 1.24067987033431 -1.95063580480437 -2.46452919743353 1.69005037008135 -1.29256241604251 0.331932967334004 0.19027985152484 1.35897397171656 1.21074740143174 1.37676132758716 0.452443135704789
"850" 0.62703125710222 0.559654442164507 3.23269723641156 -2.65490830148908 1.54203469318366 1.25255627008924 0.0898977180930414 -0.754740023668379 -0.939532176110734 0.799688938830588 0.597057543196789 -0.727789887940709 -0.769789489287256 -0.137115448446724 1.06263884996567 -0.392434864191399 0.728832856385069 -1.32608479007736 -0.733592019663002 0.407894456725204 -0.792714881290214 -1.03794136240927 1.62221109420592 -0.057296147024986 1.64125263738772 -1.46175036041052 -0.0579641226083577 -1.25400825683178 -1.75660364480083 -3.14723161174748 -0.990495899819034 -0.528738550543942 -0.378160589475767 -1.53214096077615 3.65092345535745 0.617898207296821 -1.3203030322271 0.208953252713082 0.21411365993913 0.499015337305007 -0.68320111357266 0.172100321336585 -0.0751347486609372 1.81788808921014 -0.598535048963702 0.246492942989419 -1.56385809924633 -0.931354336305974 1.1942131660561 0.203987935717192
"851" 0.611080122136344 1.03818540088519 -1.24944001620186 1.18359948681889 0.583861068155916 1.07829671867896 -1.49039087275655 -0.558809770066684 0.142124334378862 0.987010287010516 0.489048569283396 0.732355022432634 -0.0325762691743613 -0.479450674295208 0.170714502662863 1.87028059995827 -0.493972045821864 1.33199950048323 1.70419139631933 -0.580470931383495 0.314550000944653 -1.99204854197162 1.23383046034193 0.113319068525131 -0.00679439537832627 -0.967902507398046 0.0190686023878856 0.443125759570373 -1.02797457991081 -0.347438563051364 0.406781192154671 -1.15919760784415 -1.68906339255975 1.84696498204823 -0.757573535548633 -0.164534323337301 0.572147945754868 1.89272113432083 1.95844506766232 3.77943564547256 -0.324367594154103 0.868057985203606 1.35521110671082 -0.734963462038848 3.21252334389807 0.580599546391079 -0.17103875533652 2.71202926142071 3.55594894911616 -1.65058523020026
"852" 1.61287904318033 -0.0833998725824935 1.78021421422865 -1.77235673458261 1.07230351266312 -1.24295277530774 -0.343654966752069 -3.95007121089872 -2.697808709099 1.49238977825119 1.08337996597304 0.338663080847758 -1.98481359401392 -1.62164440717926 0.377516003262091 0.717219078110201 -1.3319979898825 1.10546471033502 0.0754723531386161 0.223640762116443 -0.17863827240697 0.0622938541341976 0.774839548601946 1.16745847331896 -0.782983354837244 -0.899559933176787 0.0387248812173653 -0.177160459109349 1.32238337292514 0.750040356945411 0.892645619020294 -2.40461695619677 -1.52778906135239 1.6321905826862 0.376532266150493 1.75342289074048 -0.796650446152076 -2.2256962261727 -1.27206790906896 1.69187386971935 -0.562298213345826 -0.441174336411639 0.716519525301799 0.895610633662771 -1.8183965851548 -1.90944193464604 -0.829365127762121 0.355886861370407 -0.234820798750638 0.395169142262967
"853" -1.14913542915096 3.59887741948708 3.40796352965937 -1.4204355481785 1.10649118680627 -0.587672151796751 -0.108192265212171 0.420094351044596 1.20433059172077 1.83095298447031 -3.59573893979461 0.813716704872434 2.42432354757292 -0.0419968442294274 0.401589015022926 -0.290078389801512 -0.521781619469127 1.15891152606828 -0.309231148144689 0.260390891389424 -0.830331839871955 -2.04491007338565 2.21741521074018 2.24790713770262 -3.25236383829895 1.96541172521673 0.0454245523587332 1.5814829876384 0.662974935921736 -0.840701283706127 -4.06324837015639 1.75375388266962 -2.38808935709775 0.763198944705718 1.37095364164924 -0.339697060346357 -0.849162267291617 0.386933497347076 0.0701063703285031 -0.305594728229652 2.5436984638509 3.65419030772215 -3.28514515480635 -1.8741252612624 -0.798523075566868 -2.10674341646842 -0.415248823416822 2.20163474462151 1.33234895082758 -0.555103313858833
"854" 2.18819493996265 -1.85856864250565 -1.365613500137 0.267144985639094 -1.11060470264714 -0.491989693405042 -0.558691903962621 -0.251937923132628 0.0795285449048176 1.48720839267066 -1.79383728545048 -1.41266995295972 0.0402118596336088 0.943757593963226 -3.1324463778844 1.84623373231596 -0.564494027606041 0.522481418157012 -1.8416096672659 5.34234226951544 -3.90428962837246 0.665510976431118 -1.08794241407363 1.25114348613001 -0.0431485684196831 -0.521156287673083 2.30780325952812 0.635749229774743 -1.56055286493335 -0.965009534291744 -0.27763852953934 -0.680700466638881 1.31864763905334 -1.42790746149372 0.363314882200446 -0.459698986310003 0.114100259543523 0.293353030485474 0.574353592010438 -0.377655688549317 -0.903221569292517 0.0389295766184442 -0.0599038474152231 -0.0355230310806596 1.91829740950309 0.470390305704637 0.783209759312076 1.1764282702938 -2.97072788224494 3.13830225325711
"855" 1.18774002587448 1.70052667327701 1.18878470479372 2.35146237184087 -1.76314961063549 -2.97474318290738 1.75624006973409 -1.21772128302278 -0.507757352917087 0.315214720427232 -0.625351058396991 1.12235955650588 0.779886332508122 -2.91087098493451 1.26830906693223 0.70449768487571 -0.404532305553506 1.59580347256083 2.69131660325658 -0.743582578158633 -1.60819736935036 -0.68291752704596 2.67636879103049 -0.18389432546855 0.948762390984862 -1.73393550970955 0.425195346739221 -0.0287597277739648 -1.49021966744656 -1.62284923221819 -1.19808429552341 -0.142273470786401 1.92190296655286 -3.33494547357432 1.66732697769486 -1.19311277550778 -1.73010949742952 -1.95946251834316 -2.56402049220192 -1.03095619173296 -0.175420074758025 0.902637862150242 -0.941281987752369 -1.26924004801944 3.06095375680186 1.03912589821473 0.167778038415912 1.15583416191297 1.7310477155673 -0.237320672803241
"856" -1.94237830357811 0.971683366912406 0.264975515024586 -0.0677330959121853 0.21755007517621 0.234026270517704 -0.368830225599262 0.397253693988013 0.289108187902541 0.256683702669993 -1.19652777884856 -0.255428132408058 -0.593981628584047 -1.29568283297963 -0.328598948187833 -0.473004370182655 0.914644289695426 -0.270568513238926 -0.352585311138071 2.59045438416241 -3.06255189167967 -1.18059091137025 0.0718706352279093 3.64464444910007 -0.65954131733477 -1.57494760964754 -0.429984695991925 -0.99213921579685 1.43577196620999 0.210236372477242 -1.71684443804903 0.880943971588239 0.898013656007722 -1.67196792136423 -0.397094682737142 -2.03068128840253 -2.55564484562634 -1.36417759240819 -1.30054888639205 -1.68333942464536 0.526060834448175 1.58754655343979 -1.66761524317539 -0.0573147184634509 -0.0412573976017176 0.00744848953029298 -2.54818235575379 -3.62255604204612 -2.49102200864126 0.645363046784277
"857" 1.62486046076856 -0.0750165084982806 -0.126838522353809 0.375285039443662 -0.488020303808755 -0.823056534496077 1.07853611173689 -0.0924930853795348 0.663538335634887 -1.26561175078127 -0.926662557397454 -1.2180216359792 -0.450404962646254 0.49288068959664 -0.360026261470051 2.24587191766385 -2.82678225855601 1.7517814828133 0.413141482424954 -0.457389972251525 0.302997195016636 1.14216271552917 -0.0614180816213148 -0.171980541325474 -0.93560601004284 -0.521269610383947 -1.60293899142185 2.05270738299334 -2.16477880653865 -3.66611637138146 -0.163938585853217 -0.614098587129414 0.106236565384727 -1.49171240971807 1.43736239024695 -1.10368486807063 1.20593689676129 1.4390940757231 0.245057919217018 0.506858375030932 -1.97838678942537 -0.650675497088674 -0.754998455863622 2.38856145661925 -3.0781266218611 0.812393364533204 0.760476478412766 0.0809113124610683 0.383823288835396 2.58637205348457
"858" 0.649261061658612 0.794980710722752 0.366206773588858 1.2333892190299 -0.423973578753931 1.22120122633792 0.19516382698472 0.271232402384615 -1.6420808125897 0.317883071417572 0.669890875822368 0.274244875819519 0.696892649290578 -0.0345891393952471 -0.384517092201481 -0.212102900241813 0.47923843666251 0.934147799080702 0.126034024649198 -0.712525783865462 -0.389434644784766 0.137492627068453 0.260136787651327 1.83027534291479 -1.10783229408007 0.862643255075473 1.92121259943118 0.832696023519467 0.553206955989239 -0.208591975627879 -0.6446299893102 -1.53673233953002 -1.1601641156907 -2.04958866895251 2.38774199558065 0.0920054855414376 -1.15040539979554 -1.25733330938496 0.870091006498855 2.42349247649577 -0.333084685039572 0.869426829097329 -0.247142637776748 -0.553896824856314 0.152229725792464 0.551698414696018 -0.108749917824587 0.0743714758282047 -1.84306676152974 0.608134284146784
"859" -1.57335607325514 1.71854746031441 0.359158116364713 -1.75281213809982 0.277554085413697 0.94911485167068 -0.668435959926154 0.11150177987614 -0.583885814444195 2.33673455538937 -0.798994799207536 0.160427510555268 -0.448987467866072 -0.461072527884758 -1.1259024705112 1.38554071375646 0.289404619734661 0.922949794924295 1.01382740325637 -0.0481449859979474 0.229464078636279 -1.67990059311911 0.491229398038108 -1.36906109671242 2.84137778403939 -0.239514270331061 0.722689670634644 0.227270558263728 -1.38895220212751 -1.30693365677653 -0.663128832924434 0.291166195170683 -0.22711436266734 0.465028894099865 0.0317113400080648 0.255490726319331 -0.117557250360664 -0.586741008741255 0.669327693807691 1.69313224544077 0.240439645861057 -0.422312770234923 0.764876181980516 0.896864936793464 -0.525360003874536 1.65766382519482 -0.0426184860820399 0.274559381184191 1.12659891937696 0.93450704528976
"860" 0.206811060770464 -1.32850779784716 -0.134693601747069 -1.59859364825617 1.09634707176924 0.889106920673947 -0.380024845805867 1.75898188396996 1.47277310687269 -1.32717034736311 -1.37959072514718 -3.78735631003746 -2.4074419515413 1.18129386612282 -3.17796224682151 1.32617658541055 1.81513022429614 -0.296100655989221 1.06458222630157 0.428295228015418 2.13065731441873 -2.72222678473396 -0.504346482404543 0.589274932371496 -0.556476158955995 1.56297909071168 0.32438511286223 0.421929582989987 -0.402685693611908 -3.25713193651704 -1.8538626211941 -0.0271997356109494 -0.965459914789223 1.0171638490541 0.323044439935696 -0.3158215786816 0.229599405997977 0.032129058768053 0.856417810669866 3.45007262141366 -1.59918835058982 -0.072920762402075 0.536226233431479 0.634705445853639 1.36727282144016 1.40117018981662 0.805707919011233 -0.0824256461914165 -1.17466957736147 0.496928949101277
"861" -1.16095085798494 1.24761321235126 -0.548901600627785 1.76838390715742 0.796417006780098 2.04274695087782 -2.50860268645274 -2.51590924847335 -2.1459517914443 0.682444439538532 -0.156616744604657 1.70869206718634 1.95021463282627 -0.965741461001285 1.32952070930526 1.23237241881118 -1.93473538746678 1.37808262847155 0.686680477484884 -1.73361028687426 1.33711127582504 -1.06698689585865 1.5375463689946 -0.719229182082662 -0.147659262384293 -0.556376364160731 -0.102557700062137 0.77623497915289 -0.436894971284077 -0.47655846347409 1.18887668922751 -1.5352610904907 0.20970700875266 -0.0525174364310375 0.0653368228385783 0.056441344569858 -1.75551947011077 -3.9971016479764 -4.6147706197318 -1.70158530301938 -0.360952862248778 -2.29406493645229 1.81437829658993 1.76258753887615 -0.587286657337504 0.87211979902872 0.0982422688034522 -1.1078723523851 -2.49920804845869 2.39881934677856
"862" -0.30248371233272 -0.052296602636918 -2.07223595846376 1.21556163313077 -0.816276544024361 -0.0221101045539758 -1.20032527046115 -2.09037460717527 -1.80144378039509 0.389006110998607 0.527336916019219 0.624412277727101 0.966177411453336 1.41271040768671 -1.52014644345105 0.0991405098831415 1.21994484663424 -0.899701822807794 1.51750831404833 -1.73238516075579 1.10735656740867 1.42617052997485 -1.4367805074807 -1.01608213416952 1.2385738080798 2.37936746366881 1.84382219628674 1.25080451837933 -1.24293051523333 1.34103040480369 0.250710088958151 2.23706622028188 1.08804723241157 -0.628073132239541 0.609572720053197 -3.15870308300816 -4.89391499425315 -1.68616917885079 -2.34868400485077 -2.3948036255444 0.687031355392032 -0.348027210037473 3.46840803047659 0.43894875312193 1.15946790937191 -0.463906745526533 2.95636437261607 1.04812080310976 -1.66736149503103 2.0472728304377
"863" 1.11388503890264 -0.683773105363206 -2.10436899666037 -0.471011594983042 1.92030871348865 1.49311511744464 1.11229221162725 -0.377019353389057 -0.977091935161661 1.24607794169499 -1.72989182877345 -0.122215676167046 -0.342370436365491 0.996098247984282 -2.67200235984525 3.69586773682623 -1.34345897574141 -0.102657353364198 -1.77199725035736 1.04961769152879 -0.32766460809571 1.14656778892996 -0.774203059613684 -1.20596131829202 2.37985567918252 -1.09617145498554 0.523911280049753 -1.58221499532285 0.763398502275732 0.0682173111888805 1.19554078673786 0.569338872853045 0.619684640727014 -0.432476687601043 -1.38760797537329 -1.92044838212327 -1.21353586268427 -1.53668761452393 -2.01539799681278 -1.48872211233333 -0.954558641435192 -0.0505819126962464 0.919170003758887 0.270822386384048 -0.427895139078205 0.0546572656901137 0.0356232710303218 0.185657206200256 0.763778936756917 0.0954011561714827
"864" -0.246788949212042 -0.0748630909898078 -0.483464165990345 -1.75524205397285 1.84877542034789 1.64048956422274 -1.57734308900742 0.645750445314961 0.189368548815879 0.968110928355727 1.90679699536927 0.991163774606987 -1.87148918057127 -0.082250042916988 -0.103232284647347 0.127850185585561 -1.97633727575058 1.77698075545073 0.966748816637759 -0.458516521049802 1.21639544144765 -0.0626169604484022 -1.67854181704135 0.775064370588006 -0.0714801061578949 -1.14771908619468 -1.0163543662338 0.160132326909218 -1.82678160422325 -1.04111804556285 -0.106649106801843 1.18230101871149 0.754124676551009 -0.981197235790118 1.61725659214279 2.60687871810277 3.26696273817436 2.25410679148309 -0.129325473823561 -1.822010287281 0.931778303007704 -0.8319660260487 1.22332009524751 -0.372008079223859 -1.32341825292292 -1.86956500417221 -1.5180306130334 -1.3599181833903 -1.42468505428251 0.00595920698581761
"865" 1.96857306208294 -0.835892436552265 1.12003742808033 -1.26966034181811 -0.309814455466517 -0.548513270710996 0.6435589858386 1.65742625238881 1.27740630549972 -0.165633394843594 -0.975713226363485 0.345481536174324 2.44003702886305 0.86781253590181 -0.113240723209884 0.870861727174733 -0.483585869933849 0.398341137838681 0.225868131043991 1.56461781304193 -0.686692423618457 -2.12793029964391 2.63157750017997 -0.519201283648921 -0.846818631270129 1.58253521589841 2.20865718730657 -2.89618445547274 2.08230572033196 2.1725838798221 2.21911033617606 -0.796245303602429 0.126090967633982 0.329542971522451 1.61327622084177 2.95493581247507 2.35219076695409 -0.0864727717636541 0.511471101473383 0.651685517158713 -1.60027568531876 -0.749185419785062 -0.419507029969962 0.475909047800378 -1.08758579603942 0.015041316328101 -1.33028768352913 -1.93225473210621 1.11550463201768 -2.06063646909604
"866" -0.449201488607776 -0.0185494821926509 0.614813095637072 -1.43636575928888 1.5862997081305 1.44740187422099 1.73008717735779 2.62148252511271 -1.70108232706366 0.692468455025933 0.794704780656854 -0.0745463074703532 0.494749463949995 0.748632078219472 0.16084046614371 -1.75201012768811 2.06752398314629 0.0192188023343813 2.03101816879868 -0.040113127586237 -1.13969185594745 -0.630930741516029 0.81750074433296 1.05951240961057 -1.65323885834899 -0.944235010345169 -1.58272487722698 0.576871039195503 -0.874488933788013 -0.267687479844772 0.156447869975113 0.26558071114929 -0.0328403219091884 0.333686076595411 0.427959034194913 0.461427040578256 0.193229485899292 -0.539590692009186 -1.17759830094823 -0.671142879036476 0.833532103194324 0.0544107457940512 0.0711813948324446 2.32264719892667 -1.2905635561573 -0.0207025456560702 -0.631690456151236 -0.457096674039708 -3.04846161986038 1.61397787478223
"867" 1.31535057150007 -0.0148282810198542 2.42886229912272 0.51728323372596 -3.35616426638233 -4.81157761366432 2.38359120166766 0.461447834923103 0.470604593009345 0.643550430856183 -1.00366983447721 -0.147822420900764 0.504109444007006 0.121079220698846 -1.65670844834909 2.25036079147707 -0.279677468757606 1.3385666470843 2.67432256072325 -2.71125571372831 0.955097968765307 -1.0934401520783 2.52715030076167 -0.466992593857973 0.453815624612969 -0.755157057499076 0.797558686940943 0.160349483006435 -0.975093383616417 -0.210358866683669 -0.20294646662814 1.04098352843994 -0.0284974667662581 1.42400200508588 -0.593574242901434 1.55511334581273 0.545877987667094 -1.2513422962921 0.195625270392701 3.34859809240909 -2.35475664931704 0.743817352000127 -0.823895592726963 0.210369646842436 -1.16957099312493 -1.29318641434271 0.0419495712356941 1.20858954877271 -0.193572570886883 -0.0317795952085975
"868" 0.523673045805273 -0.162070010655647 2.10989594466765 -4.57060652972657 1.6822058263376 -0.536253211541987 -2.11254611055283 -1.44435333628942 -0.184523763783836 1.07811681132264 0.655688095529999 1.08091854540981 0.112058702642565 -0.148278245348021 -0.373316431452173 -1.18947121044704 0.656406746199925 1.34492553815786 3.02958301837224 -2.07025546198777 0.760543964024735 -2.21903740930341 2.35227570402223 -2.04629894920077 1.69777713656946 1.74369494598545 1.86744671463356 -1.15927128329698 2.77687778631351 1.37955526723474 -1.19413877965402 0.660186146796712 -0.330374914960762 4.30482917367454 -2.84102394325622 -1.61010356142459 -3.51317024685298 -1.68591660301139 1.11341889029486 1.09164736764893 0.800163259644625 1.20958838720723 1.43481038578194 -0.179073163332379 -0.575014946103959 -2.31338813283241 -1.23462059463661 -1.27434930065703 0.0610364693407038 0.823687108597215
"869" 0.0929113954597512 0.773218943233054 -0.105224309946432 -0.560861869210414 1.16311639490525 -0.490537796427534 -1.03737599770601 0.149272684091824 0.812071989278833 -0.286368889337206 1.33732310575583 1.23986333114893 1.30596589285428 2.49582370509405 0.760783697247584 -1.73053390249642 -1.75416648669406 1.95339643245192 -0.120106166802484 2.91690038355241 -1.53564400394905 0.500318640440577 0.149337006067681 -3.39607511519955 1.86577322281901 0.739691264493871 -0.170914295388598 -0.202200750336863 1.53850945569016 0.399042880232051 0.86408507385879 -1.33776146083706 0.0425048232522274 -0.553722208417129 0.376707471099835 0.0115926799120074 -1.39743675268627 0.307247892629025 1.32520964300502 0.601087194451744 -1.11828307691099 -1.96184517294124 0.678708057922299 1.82688817651907 -2.34803436635727 -0.279693529097932 0.566227122586906 0.945301219955297 -1.92947096847498 3.08037376896429
"870" 2.40738386087216 -2.23572951812176 0.339117856927985 0.47576182811437 -0.418149720449123 -0.97380867301414 1.08043577927841 1.47369467063758 3.29559456948317 -2.972067423962 0.339984251908672 -1.07784076551505 -1.7202345458453 -1.59520148417145 -0.18949540378151 1.73539817333948 -1.02656064489074 -0.749285167457058 -2.58244747865534 -0.8934360723283 1.2992008028763 0.833313598977234 -1.16799523658809 -0.723683989801181 2.05993558788122 -0.996839504438113 0.626008691966706 -0.665545887908134 1.12249682428144 0.338876486340605 -0.808893471326388 0.313609693969156 0.501660897954918 1.16206594185859 -0.251019069299013 0.777517497393639 -0.393300616873501 0.687672310378981 -0.444202992087994 -0.344324664690031 -0.536395307094142 -1.2393690689033 -1.39155704351309 -1.14421460032305 -0.363323046825763 0.762164538425884 -0.867360655200645 0.934959696633911 -0.873565988028548 3.76776786311899
"871" -3.45542001685217 1.5441194961631 0.542562221598322 -1.224672835754 0.99718440057823 0.293078014522011 0.960014477695553 1.13594978280022 1.24853729220549 -1.21601609477378 0.17742684745605 0.366121114023196 -0.396840959099819 0.922760095325288 -2.06083793346711 0.0459287295838419 1.27743791647236 -0.227259053968516 0.606897424684057 -1.50292941731616 1.95412186091214 0.344166058664542 -1.85332828463092 2.14954309179286 -2.6573139090708 1.68776592165784 1.31158673245659 -0.949183305649182 0.640999655856802 -1.85298904890405 -1.90496029100434 -0.170883904860182 0.677355281244969 0.729982236928972 -0.86687046411546 -0.366899616355414 0.737059439411908 4.87270837701543 4.18089914179301 2.69336995546937 -2.95787857947093 -1.24761203136853 -0.0656212446634357 -1.80807920363487 1.51797011310902 0.9882203637438 0.595872108165588 -0.298697603451848 -0.449310828283233 -0.143454934040747
"872" 2.51656268557967 -1.17239232468204 1.67369419056949 -3.18850976468046 0.340377909833455 -1.0719910457661 0.0846926602311031 1.23346437986535 2.15832534472882 -3.92369613258567 2.45157112949675 0.561604163026832 -2.00241387425225 -2.22110475958969 0.647136874089761 -0.346533035236168 -1.13037909878742 1.69876504297237 -0.346302050720345 0.65147455939691 -0.380425666330806 0.359431423006177 -0.744664512904052 1.36745635701287 -0.19378346082853 1.08801241652916 1.68759929058074 0.0686168980172722 -0.733585634090718 0.0567687706637787 1.04564441463267 1.12296966600791 2.39276954686859 1.38634133874543 -2.61555792377485 -0.0485019993277834 0.853271195078137 -0.469397124618251 -1.04825167186746 -2.71850837279381 1.78290236592753 -0.93572594835955 1.97216714452911 -0.310548536489796 -0.970149088924058 0.311027153573969 -0.940163903595525 -1.81487240468774 0.1482481781078 -1.96132669932642
"873" 0.0485292255578045 -1.01196355168184 -0.0393408450753099 -1.59581609548047 0.572285417819186 0.0817944842768964 -1.3992138314004 0.128092388500591 2.46023678470307 -0.174074639487279 0.290147503768202 2.1830801007678 0.76092076848293 -0.141377114992898 -0.197381847773745 0.103157172915709 -2.45312126191917 1.54536275782151 -0.822154551476047 1.53838685933593 -0.979345015353553 1.38984084178271 -3.01671256773204 3.53316247384793 -1.31058129359314 -0.0017773391910396 -1.18301534058094 0.20609179203803 0.596643127400093 1.31853317837876 0.94184470339085 1.20192666701541 -0.118499659064046 2.17615819916427 -0.759319017469121 0.914013661406931 0.0739611665306979 -0.438319104803841 -0.90730614521738 -1.31402887205784 0.445961144271205 -2.35070047190071 1.73279932315177 1.34078409401804 -1.7684840682266 -1.11599059237829 -0.836111196049667 -1.72959595457477 -2.28375348858169 -1.90196725026833
"874" 3.63617218573885 -0.756315065402218 -1.3387374316208 1.33392877353377 2.29011312305194 1.6845652816984 -1.68687856228882 -3.21059013595704 -3.15459875152109 -0.311229520362974 -0.493224200679023 -2.55115574252096 1.17915023851307 0.950170676540857 2.44598004370143 -0.962352669531472 -0.133419581824636 -0.412286966233655 0.910978283216703 0.482386240274059 -1.88399420420974 1.82837843386781 0.726085865524282 0.254321939254448 -0.539278954718156 0.233787031836848 -0.300549858897066 0.00923082139764546 1.28293759615854 1.99617430081463 0.26929948617539 1.98457544884314 -2.32161745617489 2.80762442157762 0.103052148679704 1.5903212385969 1.96861049660322 0.585919557032917 1.38830357312527 2.70143347415967 -3.5257955491463 -1.47446418909516 0.358319484110666 -0.482465648712782 1.57532511664392 -0.940481352413781 -0.677691409520227 0.748395253244939 0.50130940522143 -1.0262285626753
"875" -1.27053032170914 0.767339382018807 0.884278760668339 -1.15728810776264 1.98408930523588 0.712821097531632 0.00721850155441015 0.558776901581629 0.299566947549375 1.83622543911505 -0.798434717961518 -0.647565189641063 -0.97557308602972 -2.76517840098096 1.32064867869747 0.820608302917731 -0.177051990079504 1.15360798886957 0.940259524506508 0.0437597774588388 0.905147988129709 -2.44117734871216 1.34626067825899 -0.967447643374374 1.386102555404 -1.44157254896718 -1.69958753242418 -0.418305476671284 2.57150732631168 1.23342023752173 -1.30509915890136 -0.50644115962551 -2.42839154318795 1.47688692395756 -2.08281219448372 0.335728157001774 0.841589648463071 0.240442286557962 1.72112995199267 0.776829228323713 -1.93212849614156 -1.69575617225106 1.32840746475075 1.42385254833819 -0.788807549166448 -1.2392509146896 -0.191272754902931 0.433020805909338 0.271850090773084 -0.744282399987836
"876" -0.273323686832479 1.37782464513779 1.12135938966839 0.802766545702787 1.15989055911991 2.08806929289598 -0.616028512268791 0.164446679897589 -0.600392904885874 1.20508736680283 1.72861207441918 -0.581105877691701 -2.28999583737735 -0.98295195884871 0.364539690228167 0.569200233018546 1.49156119763442 -2.79207257160516 0.160105364173569 -0.0238460285512833 0.995736684641601 -1.46140055851122 2.14579267048876 -2.8916027289308 3.750362216318 -1.19344006944741 0.671446038968373 1.02290965210234 -0.531149561792369 0.796018337270373 2.02760031558388 -1.54680509153924 0.330272100358555 -0.896049964993386 0.612051173976803 1.59654381840967 2.25228225756297 1.88498214727561 0.215206987129131 -1.02986797423931 2.54135786987863 1.79712675792928 -0.289468807987905 1.76846431890666 -0.906853000233703 0.266016456108538 1.50268433295576 1.2236055392345 1.93931191146341 -1.77944873512361
"877" -0.518970857282422 0.560823573541663 -1.1729500769409 1.64217489772997 -0.881181340442177 1.04282800739037 -1.41628311825523 -2.07966753584298 -1.34357599422878 -0.366069865256376 -0.204060026672546 -0.00858168700601906 1.74957259886835 1.2060164613438 0.192719537382314 -1.88681667446506 -0.377656571425425 1.32112331173195 -0.399822674536768 -1.48851854744366 3.20129233067325 -1.11029547293395 0.363407134971062 1.26488692850245 -0.902562481170336 -1.74877302964351 -0.408398463595892 -0.57330699657674 0.684319882928001 1.7460326999631 -0.278178218563574 2.5817282136588 1.29020015780194 -1.36176533761244 -1.34377949159761 -0.460810789251098 2.6220422619814 0.197877893406411 -1.57855484367811 0.311869909373797 0.720019687379536 -0.983918039614573 2.03439080752949 1.5148811498938 0.179497869430953 -0.249953778301816 -0.452215658885307 1.24701602693682 2.26155349680117 -1.57137167206294
"878" 1.22616364731163 0.601903459475844 0.0343033991481798 1.6252629549142 -0.685896130517937 -0.447280901238647 -0.194992411014161 -0.0783792920824669 -0.334384044075099 1.81811703697145 -4.12571238995753 -1.47488615525918 1.21146953172518 0.329977620025162 2.82114314652158 -1.26947416863496 -1.85553670923045 0.364558649732594 0.302819939515908 -0.263272061976267 0.523397197372347 -0.763518472670844 0.130606859918458 1.24166321710767 0.310898679062335 -1.15827274265441 -1.29764653016845 -1.63144405047703 2.37033983349054 3.08225470493954 1.55226495371838 3.07469211831346 1.12791016519671 0.284617214955495 0.712778627309993 1.23712703843565 1.48129280582038 0.898454910100664 0.477441274313533 1.34509453197155 -1.05631597897982 -0.00373984932044483 -0.993489697667327 -2.04435274827686 1.23561010211243 -0.46647581975563 -1.40247178113553 -1.58345974267656 -0.0851948927139991 -0.943429191918161
"879" 0.0506985778680239 1.63625239729264 0.316107113058299 1.64854647189513 -1.62678811431817 -2.08883815619035 0.397443650768667 -1.45757517137923 1.36188082871133 -2.1409327796969 0.115452956007595 -1.42837067387189 -0.176486548083135 1.27266384566331 1.10347840397382 -2.24984031841311 1.88661238506574 -0.726046469959011 0.804851171976159 -0.879557518614586 -0.0824142857576882 -2.98968090322839 0.0209392435257214 1.09887771748636 0.643336028029711 0.158400602345878 -1.13207580669707 0.2963558579484 -1.75332623151543 -0.139717399481872 1.15683088374504 1.5732086470141 -0.598274181914568 2.49650254688893 2.60564662398209 3.59835233609393 1.6414603424722 -0.975513515576112 -2.30008245798231 -1.79219702326186 1.47280811362681 -0.948730093134358 -0.468540235624361 -0.646900180873761 0.448200758167446 0.506405090463072 -0.567431464532615 -0.97267229184343 -1.293761421128 -0.0581855423905256
"880" -0.938428336469127 -1.24001250416808 -2.59762437544453 0.574357781863405 -1.08524146437307 -2.00201780154178 1.36316974199323 0.639236666749214 -0.892106484236921 -0.60929541726089 -0.316356620696502 -2.4709221252048 0.0703045536631923 0.904687598282619 0.39519984465527 -0.372624228559832 0.27679812259079 -0.816794676470835 -0.857064218528883 -0.568765029962964 -0.500897274902253 1.37852341663736 -0.597676625846504 -0.653198206878979 -1.57781085652319 0.214531260405802 0.661347070223097 0.762486226721525 -1.2498618842339 1.54012834917651 0.966981792850511 -0.785133093142802 0.0601746201244348 -0.179716211958034 -0.0312854982310184 0.646986989654811 0.556608906976749 -1.32049649087352 -0.00207683638988147 0.372869635719368 0.251239034788342 -0.136676257246483 0.728207557954388 1.2156712479682 -1.95509395064938 -1.05431928758718 -0.268460131541673 -0.168391129120604 1.18610017483634 -0.291192686303039
"881" 0.580125577274311 1.43256166885798 1.81523751904733 -1.41550602471116 0.476502531215189 0.162674150547274 -0.0063976024506919 -0.339654275375332 -0.53074916961612 1.51582058625299 -0.59780234863279 0.93626381344861 1.19367310717653 -0.757758715565656 0.950820017500992 0.451609820379656 1.31555101369418 -1.18813723778961 -0.105386921798962 -0.288288944730835 1.58028263552089 -1.29214458885764 -1.73412076051856 0.235676566860641 0.47029839843118 -0.265442047869302 -1.44767970288517 1.64909730534579 -0.859168615735709 1.09129016051359 2.23961850316706 0.9460824789636 3.2644264874287 -0.535726331372315 0.912655024303708 0.830708829946544 -0.29188220734295 -1.40447740440592 -1.55921047663746 -1.16659109455721 1.3384171477578 -0.705586054232515 0.317091809968284 0.164101674525039 0.502813171726844 1.58363721016862 -0.346887250005506 -1.99599106646331 -1.49234433497588 1.40299501906213
"882" -0.738754958054915 -0.608959132927974 0.854829902801962 -2.25827286805745 2.21253256087261 -1.10097135334716 2.79704116482724 1.73718421934315 0.127169546224838 -0.146322126740905 -0.785778052379359 -1.71913507933305 1.55899288283441 2.85613220485666 0.32692583673896 -0.858796143879785 0.743635438489286 -1.74174498000539 -1.50399825225803 -1.09120131320313 1.18165550871178 -0.665276028586236 0.413715937724296 -0.277855523795635 1.75917349784932 -0.461858387343719 -0.435746182838718 2.97142374777677 -1.00557370232364 2.57810877131115 2.10376957416667 -1.01666035062925 0.111123219740334 -0.756919071026591 -1.57403374480144 -0.572438318269507 -0.0845719375555779 -1.48527436526819 0.701025863180892 -0.242035757622837 2.08000237141082 1.30074314716768 0.471700605952434 3.78821910807627 -4.54396831427014 -2.21513887768557 1.0871443635736 2.86485224986917 3.24150797825422 -2.44678467621786
"883" -0.817494649443839 -0.618863139274083 -2.23272596893152 0.308650006561959 1.43331726174695 -0.385780845918812 0.384963449372439 -1.73643712812975 -1.18992077640611 0.13049400784576 0.975153447767463 1.43223425723818 0.139245506134441 1.67422424203055 -3.67211586147686 2.27035018973198 0.0593383795232224 -0.656217909512934 0.621998707718816 -0.0342835118585933 -2.25684565831804 -0.998278960226849 0.351505042759595 1.78375710592671 -1.89251288961209 0.749526102532051 -0.504024243479245 -1.72849282185249 3.10558725852452 3.30343914171695 0.524716270949055 1.03383395421983 0.326024766982927 -0.498064541768487 2.69489418915542 0.967284582457442 -1.40193213923412 -2.49716244062367 -2.1257593190894 -0.566559470932536 -1.23154337249541 -1.38625103238726 0.48493453209935 -0.71077906970866 0.807383571907168 -1.21096785589538 -0.706427811587236 1.1439523969315 2.36352460551231 -0.451878078027971
"884" -0.599058874310502 -0.219399925218998 1.67813532053653 -0.692151444367461 0.508480006567604 2.012637601143 -0.252200266692246 -0.317413378912529 -1.48675284201722 -1.31956112269264 1.00431008690647 0.0765716000932297 0.189223183779905 -0.90860045167878 1.83607730976976 -1.04561768578317 0.125514533177083 0.0786653400245895 1.15817923667628 -0.524194057693895 -1.23647548060646 0.855919744470357 -1.75964011939906 3.4536267264683 -3.11759621634557 1.08633559176319 -0.805651883318207 1.94537381831823 -1.88340806426532 -1.57191117940752 -1.04165588182081 1.03840065774655 0.203895604651422 0.490374243766401 -1.41072653353772 -0.614319586623468 2.07041759324667 3.57918732010954 3.57973487113028 1.26644882790064 1.99130521707418 2.47477369260768 -0.481652529254282 -0.201041149151579 -0.104042440841229 -0.109348574856595 0.3681606578961 -0.00973265699761769 -0.931606030706817 1.69063723237965
"885" -3.32671102214918 2.64372882057455 1.23580920478561 -2.22978962057042 3.1968520193145 2.23370091999523 -1.08453190157796 -1.07650627288339 -2.40884907860155 0.970411387117406 -0.432661534936168 0.175068539516353 2.98605259612515 1.20727723828645 1.36978673932803 -1.29940647840955 0.838990796516665 -0.0884815055341388 -0.986784448690112 3.42466580885286 -0.11046079077675 -0.72332493658181 -1.00498728597742 0.476973329994323 1.54727195087166 -1.10006673392878 -0.393289720391808 -0.611172072497198 -0.136869423308187 -0.325831203186465 0.916007775027427 -2.57045129357211 -1.81413595652712 -0.916841425494102 2.50009639929282 1.97366971793136 0.614816121114665 -0.253730109272772 -0.68994927519819 0.568574967962325 1.37493363384514 0.0071411014269479 -0.0492840203934238 -1.32541518847681 0.435624011093381 3.52729615161695 2.23169368658675 -0.38701623483958 1.70350318252506 -2.02306661145558
"886" 2.8125362792724 -2.27992929415751 -1.51710063023885 1.23522613233274 -2.27866751807696 0.981000862992205 -0.129646860375034 1.35588675634376 1.42253990850053 -0.303823233630617 2.41126277782929 3.29903372192588 -0.56053899608444 -2.48827386446155 1.37976702614852 0.0464249750565661 -0.863183002735255 0.498944824924082 -1.81980236117252 0.550327661260717 0.396037874132965 0.0664173643864513 2.18165906465903 -2.13589814719161 2.0594223514697 -0.786255050341797 0.674701839121589 1.67501372324691 0.571517959319179 1.07330444454669 -0.87399913356838 -0.0643871337490313 -0.474517937051615 -1.41828916382614 1.82876144075145 -0.44580133701879 -1.49981022765056 -0.171653861181315 0.473814072231503 -0.508221755877411 0.168211939139752 -0.28371571532914 -3.45735869505598 -2.39415099864937 -0.834235855616875 0.195335195587217 0.706628402542953 2.91651615128208 2.95522717252224 -0.407844066937924
"887" -1.26291160983788 -1.45257122568639 0.715924244202341 -1.36587453278255 -1.19490115357131 -0.163450173199404 -2.73375963644598 -1.95311233520365 -0.0088106517514073 -2.05286445682926 2.5701828374476 0.223801388660368 1.49235767124316 1.79021146472992 0.246520247076564 0.0193664831979389 0.232763049650081 0.993925649930897 0.92888839709345 0.508210242383341 -1.08707460783138 2.39828799533781 -2.3735995712985 0.548575712638371 -0.136590688425023 1.07608356778271 -0.098133601912739 0.670289748686127 2.86211814880936 1.20856432932882 -0.123620903039577 -0.208387473883418 -0.495224535370697 -0.772498065990405 2.16493880703642 -0.562566908337229 -0.54287296642049 0.824626635790318 1.65193808999072 3.49943714042654 -2.32602907214501 -1.3593339902589 -0.812087296290698 -1.15112680973519 1.39667390199799 1.23186977148477 2.46523929614526 -1.09687767325257 -2.10606517683006 -0.547941987403914
"888" 1.33567878379522 -0.730614167682771 1.21558889684721 -0.914808095994469 -1.65531462854885 -2.1470369633664 0.571387792444864 -1.75331352918207 -1.10167782926886 -0.484491996028895 2.1010871824458 1.2255145027841 -0.332723488065631 -1.49253516537938 0.993592692292442 -0.296467637726262 1.43940830130949 -2.6963898893574 0.385209354535471 -0.743982105406272 0.729494927511636 -1.63149281709799 -0.907635302725069 0.477707644200002 1.155845741387 -0.358175189676405 -0.352716887681345 0.395511479558339 1.25030122550209 0.768885148064328 0.66766481603988 -1.27750574204017 -3.89585314153451 2.16617952349906 -0.556271343459731 -0.445018523105155 -0.0170227585341659 0.468735412746331 0.119547742865091 0.51879705598929 0.316014678049073 0.308436758024189 -2.38544076675115 -3.17694839685382 3.92222259784621 1.18478105131572 -2.89304716958711 -1.80683397324474 -0.05654631427342 -1.5135223296863
"889" -0.861077268111772 0.729471537402505 0.311096540562028 -3.15443632944784 3.57389062447184 2.8675434395656 0.99464366304393 2.85074280390371 3.09014855708813 -0.696825212927957 0.543246332498616 2.34188081186689 2.39562561737947 1.6531572977036 0.583034588121556 -1.03082384573092 -0.0322230786868047 0.876760580572237 1.57725016604881 -0.14839835320284 -1.00133117200675 1.97754976465716 -2.16413800432971 1.30644726560819 0.399346349339353 0.381953830702179 -0.51812179967732 1.65114224756584 0.732621705281071 -0.759869953633484 -0.838627410342759 -1.94099019749196 -3.21243712575204 -0.528369970920193 3.25210522416336 -0.0983275187606055 -2.9063684960678 -1.58543060460942 0.131469239091482 0.924594573065484 0.393389069290892 -0.575111557081605 0.210812619003376 -0.441993346381944 -1.32389161869457 -1.18743832081454 1.0153969206214 0.264542814655919 -0.687492884666968 0.483807928594631
"890" -2.57109183813119 1.17270545661078 0.383456222053429 0.324857209156071 1.73655715269331 2.93155858968066 0.0332867545323335 1.23348178497113 -1.72468070766495 1.39946251659706 1.09836630079636 3.53521535098027 1.94131310040809 0.88172933378032 -0.971462756770003 -1.25266675706066 3.33490978805305 -4.54521924669422 -1.9959850524816 0.127091808921216 0.43677858363694 -1.39652944420922 0.703409033154833 -0.0679828557410723 0.223463054503629 0.95346142879153 0.703562854614091 -2.23336814319298 2.09033825987755 2.70279327329902 2.47474340421146 1.87830857103616 1.0956566076534 0.876785647498728 -0.312403239522045 -0.495107226020143 0.449906690379265 1.08601906580022 1.18401002303339 0.956399858491161 -0.998682327514112 -1.01042943965754 -0.0325784623376024 -0.829588707793901 -1.18033933092839 0.888882116928874 -0.10685591031592 -2.56041729798857 0.859821629102384 -2.24359640764036
"891" -0.986507375375876 0.841465199860258 2.38631640741539 -0.479089941160092 -0.328114466446246 1.32529930710684 -1.23582868840537 0.258140424417662 1.7880049053433 -3.08779905202366 2.83903520306319 2.21101219687638 1.14163363188722 -1.16596116552499 0.771122593691552 0.0892664568672312 0.0192507943820987 -1.02668294594887 -1.59120166282892 -0.428615830718021 -0.859581903135457 2.45819335880891 -0.154595391681147 -0.611719481264123 1.0898873675161 -0.875384254905124 -0.181229018180751 -0.509052097674355 2.15053410731919 1.09898695725952 0.459583876544917 -0.675299178896226 0.159873747531835 -1.02438903073677 0.351068220503273 -1.36086895630834 -1.83839795176551 -1.27234028479252 -0.996008311623764 0.00845231445170354 0.902244199479245 1.29778218032327 1.51101463083611 1.22058319798676 -1.4085028090802 -1.94449873943533 -0.141793843219584 0.93926112567675 1.08150644481068 -2.09132981007516
"892" 0.864220613786721 2.05135183606425 2.30300021736935 -0.640927714762592 0.914134131305495 0.752436452026834 -2.51086557545143 -0.55918118195327 0.48990252147913 0.257158250793469 0.130682815698741 -0.700177654504613 -0.276037688108231 2.06577638147061 -1.63141968151879 -0.822454769066686 -0.384538379512746 2.28222440352635 2.27211477754891 -1.40857826752809 -0.0382546263014584 -0.379724240713624 -0.932672524863899 1.51866750762166 -0.295609867743027 1.18539723207942 -0.865163945644523 1.83611330808978 -0.407596381831346 -1.05420302043341 -0.583175281444557 0.128521476525153 1.46402910339562 0.658580687252633 -3.29295555296407 -3.98442843131264 -1.59508353225757 1.68436348134299 3.08114965366292 2.24711778346273 -0.704636539732438 0.78895945801082 0.383639705100261 2.50200850906082 -1.29010583838738 -1.96835937128214 -2.17161413677618 -0.2199286876476 0.604959225265498 -2.79337009018542
"893" -0.489527753948721 1.60279897062974 1.50680666366497 -0.648732633281273 -1.73259140804379 -1.54983346454271 -0.461421220998097 -1.47874652159374 -1.24401008870595 0.649774868507244 -0.370094302323133 1.59912378821485 0.88027018514236 0.25492593323974 0.0912657512907518 -0.545570335020308 0.229427034367561 -0.70521606973677 -1.58046890397395 0.306901012430231 1.37489426365535 -0.630729319797362 0.692868532060929 0.0221350306102333 0.0786270698550102 -1.45231579313384 -1.85976438239895 -1.13227245866719 2.52021351174624 0.295935622361123 -1.14267327371276 1.56322448684418 0.65777725152816 1.12740371282456 0.195968811278133 0.700351991269637 1.21571858460235 2.74402394954499 1.56661003356032 1.14718263808122 -4.02492674048755 -3.06600289809661 0.159219692766943 0.0929557121865759 -1.20146476747892 -0.549013744959822 1.20597571639039 2.50059179887448 -0.0716293389876702 -1.74008313393446
"894" -0.36540273689825 0.0481551118152916 -1.67694185745049 2.55645028765685 1.60624179221769 1.04945038262425 -1.62672977516697 -3.18128577869325 -0.719404895450395 0.945198292673167 -1.24776430369459 0.659952914557576 0.0884476443645154 -0.738720872943596 -0.996245451084559 2.660222713307 -2.69346351238832 0.81234673494654 0.66148053765218 1.02263586209079 -2.72875220348139 1.88086760658569 -1.12184679485857 1.14868322436619 -1.55568078804089 1.84219599444586 -0.769528120907292 1.69358620444911 0.1044224762919 -0.0672354548067633 1.05952186136674 1.07653638032234 1.41833825905899 -0.367596515238158 -1.36503928296375 -1.78539137225955 -0.455966720760285 1.07776732210245 1.97637444189979 0.648427823776544 -0.181403639193565 -1.31291279602992 1.31639304570408 1.99803820898269 -1.60181946686691 0.965112695981993 0.988452070191806 1.37558259742891 0.849325555129154 -2.31099642214944
"895" -0.0730777257390754 0.174046672351929 0.409532005012503 -2.29155329144521 1.01116528529829 -2.0734298362805 0.850603498757329 0.405107927267878 -0.956265956247844 0.241530570133697 0.279047971720161 -1.1454541458445 1.79243148501448 3.04449656318494 -3.19789037169793 2.91380014632341 0.157587782306802 -1.1928097914492 -2.17155333485516 1.57060142425567 0.22320629874164 -1.42294332995128 2.50557912860766 -1.28959234984627 1.77737102316483 -0.47494650649358 -0.522526662548976 -0.866760687681032 1.46060107262555 0.168980098922839 0.238341610053782 -1.09590178228326 0.310661346527947 -1.27530958357971 1.37358201416507 0.90586223492377 -0.79488302762494 -0.895068000352703 -0.238405867387025 0.468606577151485 -0.413039726240984 -0.421961325764171 -0.409701586576872 -1.12332436003855 -0.280342660477437 -2.34181614180981 -0.878133373264466 -1.07150397493445 -2.34190649674665 -0.236701399484341
"896" -0.690281223848204 0.987606996972449 -0.684723544527373 1.6303599316543 -0.00662158579172446 -1.70257311390029 1.93511624904564 0.986566048839942 -1.19824597030934 0.89099933330607 0.52900121865636 -0.6947696034369 -0.139030580175855 -0.340198815631331 -0.407910700739791 0.684782839306014 -2.65022516649276 1.8782986694147 -1.92120496080974 0.17227695222154 0.225139457339511 -1.80389703707804 1.10006029400702 1.57311438462834 -1.40614204714188 -0.195455955694504 0.292448675901064 -1.77262214690444 1.16868670701765 -1.10256649428195 0.158870763084626 -1.37554770980585 0.448583631077818 -1.58701569363518 1.81306261610528 -1.57097269430533 -1.27769159473425 -1.16055062671007 -0.057009604852279 -0.0703834838878774 -0.843944784573223 -0.66819389234799 -0.243822176623139 0.490190524550088 -0.564413614081978 0.788981626510825 0.195694782910073 0.633734650340259 1.46017392344083 0.67815177111111
"897" 0.11922852252851 1.41405001245594 2.03999795673949 -1.89267117151362 1.6578667807946 -2.98612816064026 0.647539224757376 -1.1728372366534 1.20065246578257 -3.44917647952199 0.940376527855683 -0.595208024205689 1.43418668326919 0.620533986233237 -0.292677976383147 1.03823782340556 -2.13955997435633 0.316295110337625 -1.97100694622924 1.47482120548416 0.715465498090334 1.96773823415857 -2.01689674678892 1.32928855482931 1.43866536045439 -1.01225558112346 1.37328710441618 0.630537641041763 1.33308223585684 2.48189006263696 -0.564639211846477 2.64913464855171 2.73084975875189 -1.65806228938009 1.65982010689067 0.76963021106058 0.911704986717486 1.13662414813557 -2.24638615186845 -0.903384834099692 1.27601497783224 1.23824162925108 0.733542569891279 0.349248568418588 1.01578986811229 1.09267735353627 -0.403034667225192 -0.801914038380638 -0.926216522166445 -0.243237527147287
"898" -0.118210751810819 0.656577976170485 1.31879771524391 0.412726489666942 -1.38072766652439 -0.243019116663701 0.101604252669992 1.18539131368834 -1.34633213531574 1.2640935447449 -0.0478205660376666 -0.821897349134391 -0.327863604925105 0.805695751273672 0.274800035831153 -2.70895002221082 2.28149345595558 1.7293194823878 2.11992502027605 -0.146438613850473 -0.307314065326504 1.6678035769052 -0.420240581496646 -1.91182982772407 1.09023626762769 1.2065382585754 0.0835440111912198 -0.202808382001576 0.676196733705681 -0.648604055803176 -0.477287712470813 0.0987752924379657 -0.0363212965798541 -0.118034511726143 1.70473084372977 1.58392266336842 -0.536108915727303 -0.433645840795646 -0.241910131666589 -1.65138529058261 0.982523243333441 0.733338147116467 -0.994041059040154 2.31487379698003 -2.40170383260912 -1.0625881567093 -0.184795535623327 1.3832211791152 1.83772770700388 -0.700813098271252
"899" -1.01769475822246 1.07007447011547 1.2476472081488 -2.28656156332108 2.65441077089682 -1.55237228650168 2.00111134361049 -0.922828974738104 0.0847874475977588 -1.13996420675407 -0.998944157691821 -1.07945723527768 -1.49715231933017 -0.992610456901403 0.522414129403088 1.18503475919693 -0.482594506845762 -1.33603048957841 1.51937233486042 -1.87841352804272 -0.82965709155701 1.12592097568 0.731207472022823 -1.70157270609189 1.08777834949331 0.120652720178668 0.610876562393844 -2.31251659046133 2.90864321298857 -0.372539788578317 0.00323548439596446 -2.11175729148488 -0.014469832672885 -1.27728706336397 0.461124257974223 -0.101361315306753 -0.280946655247525 -2.1508857746625 -0.0528584868931489 0.961496381624554 -0.797243389578157 -1.44114974874626 0.546962501233909 1.14234263388675 -1.74960883122552 -2.08699351423542 -1.53842082950108 0.971017529069888 0.235726464957497 -0.107308174210263
"900" -1.62272487361709 2.06128356370009 -0.374584540253298 -2.02127497096831 2.20382654342726 1.02486919414737 -2.36258887637404 0.4038020778909 1.85215029664982 0.909197165001929 0.307988540242878 -0.197506251902309 -0.268976047636365 0.484529551339688 -0.567698457020559 1.22866490777119 -1.69515465204687 -1.45149031155258 -2.92580895015156 1.9335222935141 -0.356198468505364 1.34530107747837 -1.1044513273283 0.111961868064295 0.375580175260058 -2.03797606717057 -0.473165102971023 -1.16438677528365 0.756654343719694 0.685711846704707 -0.209550293716596 -0.664029715662757 -1.27006698019589 -1.97864726099055 0.106038717917348 -1.40902177865342 -1.80119697875096 -0.236613922874494 1.86276688262354 -1.03642461455968 1.72474443245335 -0.494612709440898 0.496263374369952 1.42445529515155 -2.10112704516382 0.239424861166524 3.84519148230465 2.6375063248069 -0.297131562362863 -0.646670811610525
"901" 0.0981696239512245 2.18688588260169 3.23923379383913 -1.03148674942389 -1.25337948617089 -2.25195277704063 3.2689255589293 0.151054288368272 -0.80620526540123 -2.0285791895434 0.840529573902897 0.310452008576934 -0.22016686525975 -0.0663383507553661 0.455289784361773 -1.36098304920777 0.141944442813039 -0.276944768050311 -2.43917130466078 2.24723421507911 -1.18118593974278 -1.47830951776389 1.29547348097939 -0.218094549457053 -0.79433591869357 0.404873208827081 0.611928939693683 -1.40181443803778 1.58484672377939 1.40194356276186 1.24908155829761 0.0278018734072573 -0.314171414875058 1.10671650198602 -0.73306475914479 -0.520836511212104 0.140663459752131 1.10193299593033 0.26001564295604 -1.46370159769812 -1.6140386496947 -1.13720057742043 -1.04196487666273 -1.87343758887155 -0.414324936825842 1.01935895086641 1.13275473681913 -1.8561742607079 0.373411936048991 -0.887990906147224
"902" -2.01059201782271 -0.012690777265121 0.967708999391382 -1.153928440525 -2.0662321004341 -0.625119310261832 -0.375328058925336 -0.420619870932763 -1.18618964349127 1.38692732959132 -0.476781188573467 1.89517149207904 2.11357145012119 2.28777440619341 -2.46364148795205 1.15663504673932 1.23467421628333 0.472268365640873 1.39498897677004 -1.4418689796247 -0.206758971414035 0.748646993594363 -1.93973957948254 2.70485571872547 -0.803357807317094 -1.11072048612308 -0.724245056279985 0.57559564043514 1.76709618025278 1.03953352251754 0.295448944022019 -2.52777991525595 -1.04690624152767 1.61570884538885 -0.416770060117063 -0.512422918833142 -1.55739224049043 0.948102534295741 1.24376367617567 0.81490388796525 0.629758049757665 0.714852381018213 -0.175103657217382 1.10503838965615 -0.692512404388038 -0.839373909960282 -0.761223345649757 1.10411749788709 1.80114724482827 0.925207317691825
"903" 1.20665861814014 1.54209251791341 -0.0903103447452296 -0.629572798625134 1.28827810303413 0.846190709089381 -0.552579421143317 0.827407923015753 -0.208292450926299 0.68396823017098 1.10127156022434 1.00005736151577 -0.548937252515685 0.583667643532275 0.64264030888002 0.0859396954799431 -0.214208043460654 -0.508534240105635 0.19500918183904 1.68502352869539 -2.11530109558845 1.87322567519258 -2.45113324978591 2.40552288820508 -1.36195440383165 -1.37582443387285 -0.939638562419862 -1.33627670086189 -0.0747044743928881 0.142444934618067 2.62802952109108 -2.54080731627132 -2.12322146848807 1.99076027401304 -2.13430798767443 -1.27750014185522 -3.06904979094215 -2.77476571288975 -2.50946519591449 -1.47642205172595 0.208355073661651 -0.0867804078635956 -0.590575633818918 0.973996893818484 -1.13072069324539 -0.486713220204871 -1.75501748227665 0.174308187582966 1.03719824392039 -0.899556746718453
"904" 0.385698827822003 -0.226418277234803 1.35634792580922 -3.39375703547 1.88779511034204 0.179985284288137 -1.89838253870626 0.635107891060428 2.37435708996254 -0.977109087049654 -1.68716272143102 -3.60865495398105 -1.16633938282436 0.451536297486941 1.70796955927319 -1.83704506569505 -0.0111339362416459 0.478332317514205 -1.00237845761381 0.216699020024889 -0.537923383432046 1.89403907352315 -1.4270265726833 0.259366396338813 0.25212434911519 1.30400122496664 2.14601689995428 -1.81835761826707 0.34506237794125 -1.55822801369113 -0.832810957093894 1.29296534925178 2.17885300610677 -0.981372278637348 -0.200277929750137 0.675345551905331 -0.778035425776227 -0.695501714823548 0.819751568663261 -0.328574077190401 -0.167291622785472 -0.655409629134611 0.0256942238715124 -0.700651885596427 -0.927254686963172 -0.283164770094997 -0.904629783380936 -1.05024530171525 1.25911558442855 0.025848459252946
"905" -1.6193928553038 0.327859264632217 -1.22648526963451 -1.36604695112345 2.67406951595767 3.41421642464717 -0.932893124973585 2.03214161474652 2.2466199550589 -0.047380182529433 -2.05304673405182 -1.31752218700609 -0.945158385329855 -1.02612196085347 0.292651657896501 1.66760327182482 -1.37810722227931 -0.646063569614776 0.207034416213088 -1.33832187051994 -0.305489753980162 0.79578167725165 -1.50265758755533 1.84085436757942 -0.105817129292229 -1.68582538717159 -0.877352690577044 0.761827748818861 0.274572713589439 0.849164667211883 0.617510936801163 -0.150904629905872 0.210485472220183 0.551968702383238 -1.04954812531201 -1.38911371082099 -1.24820388423667 -0.944238770402644 -2.00831780695492 0.761351694557334 -2.44499451976699 -1.39788352193897 1.86153842812762 0.0533018567926547 1.45332455753347 1.28698318266342 -1.26246692441429 -3.39515760470984 -2.43943192857953 -0.0837143561953859
"906" 1.67860087949147 -1.49774195256667 0.536682605726368 1.6899463399478 -1.91770094019979 1.52195604379267 -0.617771602829478 -0.00413954521739376 0.854695154309489 -2.34930577136907 0.492657337192983 0.711505505263126 1.8645335534751 1.2249886063973 -2.52756230719075 3.11749235612125 -1.64294431905537 0.0811510971021182 -0.659429698777612 -0.572421364341011 0.0609081586659189 -0.0360633121386347 1.78097319214762 -0.460481563546635 1.35563690599752 -1.01827153462288 0.240458126884414 0.742527817785645 1.48242984385747 1.34338507550477 -0.283404161482387 1.38307208826663 0.245529199701152 -0.00665686029185806 -1.69618231318134 -2.62336987881657 0.223525473770688 -0.91656274260965 -2.27635886269335 -2.08604394894724 -0.72599513894716 -0.0306306601794731 -2.86645706738263 -0.945205554127553 -0.163591895317784 0.476139645006644 -0.188342445399513 -0.388392722370054 -0.0751916378238945 0.0967473230486431
"907" 0.96492514855162 -3.46387294849739 -2.89034168095972 1.90565403116753 -0.220150254536558 -0.137904300612041 0.550684025375345 -2.090422747772 -0.933182279158277 -1.80069332560824 3.18145989000558 0.584310415531432 -0.246559268533861 -0.356830021410156 0.578751125312713 -1.43510935372858 3.0811881517549 -2.2386518644846 -0.0193660176457123 -0.226332685808492 -1.79871589556026 -0.856639189268671 0.659578732073911 0.440154378113129 -0.035623691736964 -0.562397844883357 -2.03133084158551 4.24733848255705 -1.88237898300167 -0.339451932917735 0.743870741419377 -1.89626675303656 -0.512945378909804 0.756202063742281 0.93606489533704 0.475926026032201 -0.206310230493514 -0.587958680804406 -2.64444068909588 -2.95323246339805 1.89244889633398 2.14588225702028 -0.448747681903216 -0.353211068161037 -1.32400893337071 -0.945214150467577 3.02605834100019 1.67968573055126 0.0595130923126432 -0.37288030038057
"908" 2.15035270549213 -1.50354647547089 -0.458800661963143 0.767447060549178 -0.0181344523264494 -0.334381140289312 2.26242451409656 -0.204568207800115 -1.02867694106724 -0.133655311302997 -2.48617396657879 -2.8474188504676 -0.214558538262546 -3.65825192212249 4.01668460845118 0.334292585689936 -1.95267045634654 1.27660732322815 -1.08838795613449 1.93884222159809 -1.074786848962 1.10099478786621 1.54721806088806 -0.423194379263485 -2.80299566554166 -0.304903792937993 -2.52251491142292 1.21657871853218 0.0799050753691084 -0.501609073510452 -0.457130476047812 -0.459085347375886 1.5624529040499 -2.80228864986713 -0.45083983289049 -0.75204168031738 0.306271013983156 -0.36036303829422 -1.50350094722708 0.00313628129645176 0.696523782901271 0.245140144216347 -0.295400876660221 -1.24154073223744 -0.178383781714284 -2.58322273784815 -1.33082672211643 2.11869727459843 0.845197365575587 1.52313468778324
"909" -0.0618523332481305 1.37679760833529 -1.39204871547562 1.9647416451717 0.0986010225441508 -1.77007337241545 0.726861351657272 -0.22986296266885 1.7627496322455 -2.6833219873528 2.90352262658242 1.78790105970019 2.11529910708094 1.06637109890906 0.175174952148719 0.603310195423411 0.056958321997623 -0.879716168080461 -0.386866798582145 1.569135909592 -2.11088384304508 0.0909936716182226 1.12691410541782 -1.46442066970629 1.1567766585728 -0.613367049779598 -1.58006537728 0.171386816029858 0.480315036037313 -0.651096360900286 -0.262446109715612 0.660326124980054 0.460397908342927 -1.01836366465923 -1.26073890706582 -2.24708484101514 -0.904576865195742 0.44664878692612 -0.643490012247434 0.649343977528386 0.498725439296982 -0.673201196145681 2.72270555353917 1.82417660841612 -1.29259634157247 -1.27060136580865 1.18749196511096 0.235964980946342 -0.934022609867495 -2.40706739091913
"910" 0.911325839555869 0.0283740851326618 1.45614585146405 -0.24685929508328 0.797649201298118 2.20753449925864 -1.54328862976587 -2.25800370191545 -2.23592618778621 0.813124826949741 -2.29542058066504 -0.774775888898945 -0.345604711979312 0.22415406188836 0.11051016718667 -1.78141041940034 -1.86752368982025 3.15168817430882 -1.15676294951889 0.0177558097408232 1.59130556304885 -0.469206902317418 1.32148983653986 -2.19336901973153 0.716446449488215 0.381701743426071 0.927847995842799 -1.3881033197449 0.293964838461826 1.30133816913435 1.25690796057825 0.574707516965733 1.25269395436945 -1.1580722094335 0.236094782335704 0.4431693135199 -0.254067506144149 -0.890796557562103 -0.429884808682085 0.562830068487598 0.0918107258745438 1.03614489238674 0.728429875176406 -0.282029926610386 1.04662461834178 0.404963689373586 0.608149137119784 0.773132501880487 2.11022214083958 -0.72631405484968
"911" -1.90585658890439 -0.920792402764749 0.685096298650285 -1.12914655621504 -0.962940213314899 -0.891260263801526 0.198837449121369 1.41061284336062 1.6234744232071 0.524778396462476 0.526965070000055 1.49660428867577 -0.383179114165457 -1.10773164325799 1.1828790179238 -1.08984552771991 0.509528559086878 0.344528448055419 -1.46246224664587 2.1213391251525 -0.563940199606394 1.34383446784565 -0.408219259018233 -0.661277897145249 0.0679466913862536 -1.79229614553735 0.797640123061236 -0.368966057427624 -2.8553793590279 -2.41266806124055 -1.19428945482692 -0.4005148025291 -1.91201719257191 0.555891960171888 0.196233263890113 -1.10262951764363 -0.360900640993489 -0.654194702369157 0.181267165039811 0.762673098088633 0.539706896160557 1.39842191736135 0.76418966026195 2.71723009328129 -1.01132741799975 0.801771239779466 0.372741621141288 0.411258684024448 0.594522627164428 0.658415332634513
"912" -0.517572827342622 1.85756321268278 0.236298196145219 1.43507906367689 -1.41011204449361 -0.369948149566005 0.566731277512544 1.2770169291725 -3.00065206172923 3.84730364218903 -1.18700012127319 -1.26163969080366 -1.4454573953856 -0.698054527985111 0.895494375398416 -3.37568764407742 0.856969962267008 -0.240448161606683 -1.89594107561389 1.8630891953715 -4.46569090215077 3.70409388396451 0.870602090801775 -0.474063824224891 -0.210766327355719 -0.54826642490702 1.26174181653614 -2.6973187112075 0.00110364721222311 -0.151332303076743 -0.141130097680956 0.909432870493709 -0.636856290875172 0.638527522861728 0.292740672902964 0.755454362136485 -1.10828164599564 -1.44482453888017 -1.23495610688161 -1.57822996890426 -0.150479994364252 -0.660244521760101 0.948204622987712 -0.0957977581375138 -0.157245339527538 -1.1047210000358 -1.18819415839736 0.956580620080735 1.82645637896978 0.231560719865222
"913" -3.22304694002567 2.89343535690064 1.10610962068807 -0.970061458235027 -0.239613680912206 -1.19330897963109 0.588188770994046 -1.55160191154966 0.519469938601926 -1.80814682119369 -1.97508635008103 -0.666878959064037 0.363821144440455 -0.040166981470613 0.350404232592988 0.932067054019493 -2.93560819006548 3.12993898998548 -0.167424169148899 0.720525083180832 -0.906136032123487 0.280992954754965 1.36168256580324 -0.483528071453422 1.71730458232792 -0.747875822758344 -0.0526181195089774 0.788127547543779 -0.878768888486632 0.560958584218699 0.204504921665995 1.40146890263292 1.89511953080618 -1.13772709207341 -0.604331108589964 -0.0779720517181272 1.36173325553498 1.8553687492322 1.42878925018362 0.192482947162538 -0.682748241758218 -0.0566300588767928 3.1969596775461 3.49831313137354 -0.163839430421173 -0.708529260504177 0.344564616829123 -0.558179095118747 0.398206080844638 -3.47019198566684
"914" 2.39149054727811 0.268738291570829 1.07983530730889 1.78048569446755 -0.491530337103624 0.784543496311808 0.0348615244488573 -0.177851921527421 -3.32131323742867 2.42725242355211 1.98560688550741 -0.130143567369634 -2.17361249814888 -2.03288526903043 2.99130943667536 -1.34937098460856 2.09101643654059 -0.778903398794277 0.781691737186435 -0.806022711312942 0.277726412057582 1.54985425056932 -0.582545206837049 -2.20730316888777 2.81963410793048 -1.51525278306715 -2.41082449643524 1.63235216378279 0.988037173487236 -0.0416486766352304 -0.295221867441497 1.35708189559706 1.01672466581839 0.440812198352564 0.164255188013365 0.295754212265303 0.705821276867542 0.846493199255646 -1.3017115181196 -1.44287667242488 0.786929459544138 -0.292721148861939 -0.568431225408488 -1.91278507169813 0.741919645226791 -0.72668571043339 0.175872974154216 0.849083505126977 1.50743411596744 -1.10036026175768
"915" 0.011014119118428 -0.873701885447624 0.204235043463537 -1.5899978161112 0.0717629900377817 -1.13486406234148 0.957248430536028 0.177863262171081 0.880796144598087 -0.301882635652489 -0.85464042184268 -1.1940659913981 1.58389460707368 1.72618811131993 0.361100506861944 0.445924242044846 -0.165422146467462 -1.11874722522716 -0.0096724925660694 -1.38052509218356 -1.64954902499387 2.5333673894932 -1.65303445118094 1.34567457950319 -0.979069166223202 -1.07837574893148 -0.0306521144632895 -0.256638681850921 0.67304505975173 1.56268727246796 0.673504032849672 2.01648709426352 1.03910254401283 0.949573199641315 1.58517199166514 2.23605081212527 0.850140418335159 -0.0528620713256948 -1.75997177179492 -2.25440200835986 -0.774805041974257 -2.123622032066 3.53517067056419 2.03869092078903 -0.0322075488565489 0.948580123246178 0.316267730107392 -0.194767287416325 0.334765577609932 -0.264847956500227
"916" 0.470321326113918 0.0118049606335271 -0.557094355630097 0.487990818713328 0.412105299083025 0.921521574589755 0.560675275716905 -0.36891855720973 -2.36319289513031 3.07858994328136 -0.788108415627509 1.49045013749807 0.838986020980098 -0.800845317522135 0.547592481538956 2.08406638822504 -1.47453471654311 0.715506243588274 0.736915072021055 1.00504757610153 -0.534372695475794 0.635729910615762 -0.30491989854003 0.197241619551161 0.526365722571446 -1.80936167463706 -1.65213347042261 0.274411105759501 0.870596177155354 -0.199693076941344 0.179041427760226 -2.32666056615865 -0.567310576350809 0.872612041011361 -0.215829694444529 0.498794402434318 0.766853394463206 0.0359906281807536 -1.27758267890684 -1.78517612858885 -0.398612555390701 -0.411471868360098 -0.452671516332896 0.848652252762128 -1.10719922712076 -0.270428390462161 1.50861691493691 1.22922961062955 0.626416182970498 1.52689797669354
"917" 2.9669149808442 -0.501147902470606 1.94775266462703 -1.76256977540709 0.451427726386914 -0.0228436111276761 -0.555216767035505 -2.64675244820057 -1.35060004410613 -1.53822615843365 3.23107302269477 1.6777208595675 0.971158224357004 0.750546917278005 0.780689374353739 0.140681563351944 -0.437308643933866 1.89711133314104 0.00672398798172595 2.16858789327591 0.0378009937247824 -0.365609080712952 -0.781921857384855 0.317438270852053 1.09034346026903 0.411591435359124 0.591174526188353 -1.10325626099709 2.11082771184883 0.648311228106779 -1.44364440573256 1.1008777618945 -1.15870949664587 0.0702439907200159 0.120391027765918 -0.0316840864970909 2.58353734825355 2.7215386304861 0.240619767065434 -1.42801778064673 -0.173042765573906 -0.998429381413549 -1.40276593827522 -2.24466216369022 1.14571139699542 -0.289868847562389 0.279009432234796 1.40132315286195 1.7774141918653 -0.80715639887547
"918" -0.856060211585384 1.22064513703613 1.8803013951704 0.281386033759328 -1.61609651912249 0.663729687599638 -0.907882356315182 -0.612503439038504 -0.408142954711124 -1.29540032598776 0.487628422026698 -0.269641068921356 0.732563897960078 1.69954986040999 0.214254091228869 -0.0575987865256567 -2.93028686703438 3.72791038937754 -0.40717417461835 -0.769981679327172 1.63321554073701 0.27077371682196 0.808043922264463 -1.01308979103587 -1.26160259508346 0.687656888000528 -1.5392735562769 1.64576896052046 0.941781637014552 -0.109019700441974 1.32528874782184 -0.904787566631873 2.01206624424795 -2.71894640711256 1.47435149039371 -1.45315548583035 -1.12590932073133 2.28378141044279 2.41950062983664 0.386090567220095 0.486771635793952 -0.160711183620211 0.087594267462366 -1.08835435669422 -0.0813224428895061 -1.74901308412544 -0.600038872765395 0.353035477785419 -1.10651901969633 1.16395477560975
"919" -0.525753657948277 -0.273731195532328 0.612776003324514 -3.76238849125728 3.63466676439576 -0.0317515675506826 0.782638642770395 0.161528584251148 -0.334438889756751 0.679076969812335 -0.496436619656708 -0.030597885110744 0.42448500758219 2.32649855206718 -1.60436220096607 -2.16850786474509 2.86727110770633 -0.799088827740619 1.67908724089635 0.0478647251978133 -1.10337600988645 1.24220979953287 -2.14926190543231 -0.242395806519419 -1.46869445592138 1.83715762929233 0.113510223795382 -0.0477525217724311 0.71546378186673 0.3294565454058 -1.1188223911708 -0.317766413325279 -1.53047923129648 0.606039789467882 -1.99749090363001 -2.35066530144885 0.183486274126511 0.91850017241673 -0.299758799984607 -0.951630459914223 -0.56924983762186 -0.696605380903362 0.00708278259663694 -0.880014611002576 -0.425829259185723 -1.65045767295393 -0.341087686857807 -1.03487678416082 -1.99801113057215 -0.339026665800752
"920" 2.22365669494648 -1.93125059973338 -1.49485918594222 1.66049661698796 0.0574291385553936 1.40507196369004 0.572823544923971 1.28999715265098 -1.46936057080502 2.76701642211476 0.539160711888361 1.50447792737887 0.89381548159432 -0.901916233505836 0.546846634040641 0.794618490006494 -0.685840892760463 0.413413943954087 1.48259950807128 0.703687447129503 0.810115872321704 -2.7893161342083 -0.525559727969059 1.64884284619369 -0.335188196394254 -2.31479135777983 -0.524203380988954 -0.511950769583579 -2.2360250844994 -0.531538881118886 2.0786364642972 -0.389688265788768 -0.0447521586239116 -1.56805549736273 -1.33445451116986 -4.02635394184747 -2.67266725602436 -2.73012378043069 1.18190646610284 4.05846460712635 -1.51058585134235 -2.72091667024539 3.35109274711285 -0.37674518788606 1.39749939137475 0.889782019026304 -1.42402886766346 -1.18924148375537 1.07963367590963 1.13719526911304
"921" 2.89964401824604 -2.35446117135224 -1.01194681705308 0.445074724468399 2.77295545575149 0.963829325831153 -1.07350322468555 -1.44214443393242 -0.277876215374238 -0.531914609859006 0.101057715627798 -1.218461028484 0.701425009798253 0.37708117307068 -2.08882765251211 0.468300300747621 -0.222646215624514 2.21354357965079 2.42925995773793 -0.162858403604001 -0.709344128872899 -1.09181252286558 0.522201747347677 1.72145403121955 -1.06767277656426 -0.538910653414148 -0.808940343108912 -0.00372895747316586 -1.32605858316098 -2.23966489660451 -1.24007794087669 -0.239449862916547 -2.49918758181428 1.61266895291795 -0.904761389933927 0.497335319819855 2.33901495939963 1.18959767283912 -1.4109470449993 -1.05384417450888 -0.577915803983372 -1.65478568059145 0.611783164521324 1.30296865816239 0.366030646872826 2.5419720757885 0.664738200207146 -3.02675938072498 -2.61184938237783 0.353682863207505
"922" -2.35288466079434 0.846247141825571 1.64167875875833 1.88133894795984 -2.14183855207007 0.878025941933045 0.48720134169473 0.95162578614169 -2.3883264542759 2.78548264249588 -0.147131518252267 -0.687485210748285 0.408552676746014 1.27195477024354 -0.0912214703221247 0.839432840523358 0.122647730052554 -1.62361017894014 -1.26300515977807 1.65324814041019 -1.7392480086726 0.372580690463327 -0.873175063028769 0.696169413076053 2.12595119627465 -1.9181923669007 -2.8481258997284 1.76085429462224 0.575242160527424 1.17000105946127 0.973923632128402 0.106145750645421 -0.701689849975692 0.243589095028173 1.19281694999568 0.171313861510466 0.430127876298666 1.23691252428122 0.658979797290196 0.479548033995819 -0.177306056311121 1.20904605833149 -1.22720148975578 -0.708098221376155 -0.385648313964584 -0.513326184521176 -0.227882477386801 1.21248104738701 1.23208634227719 -2.08723341938692
"923" 1.04234301708215 -0.304292192575619 2.64591001206382 -1.45572029741588 0.106845096709916 -0.472284248890787 -0.468842753571454 -2.11914880453505 0.60985890037319 -2.33025061493849 1.33011182720915 0.4359640935107 -0.308947437888125 -0.427471745747682 0.159037317705341 0.532153438840588 -1.74340769399399 -0.876837648870825 -0.582290070199823 0.647389835477247 0.331034398427459 0.259147697178993 -2.48919089403366 1.15242874001221 0.635115449384519 -0.461287361751942 -1.57036162825724 2.34458837867012 -1.78747522585525 0.335149849511889 -0.00789640273009515 0.447522239021665 -0.20302278381957 1.76355291299026 -3.12223739558636 -0.542146760926126 0.762663305447572 -0.521329623899925 -1.64549213000254 -1.60582966973486 1.94263153181865 0.0638324128527077 -0.768181722841499 -0.183438208911793 -0.819224894730721 0.799181365374304 -2.1505818144397 -1.75973416680558 2.51469194798349 -2.94794358511533
"924" -1.36576366860832 0.769424602375278 1.92398162737943 -2.23538659964371 1.37905716604737 0.799777068775648 -1.78383095171187 -1.90711294157543 0.776729617098642 -0.549049987447188 0.437703364060643 0.891090741930814 0.861725274581632 0.45862662216942 0.52546728720811 -0.116493270323239 0.255938384233644 1.58996582423661 1.04703809707078 -1.01801521990496 1.49520496396746 -0.932323881742077 -1.22002256104595 1.34885127064189 1.52941307119088 0.0101738289635725 1.64581288114329 -0.612509306415159 1.01680108451711 -1.73852085206174 -1.88905536811382 0.287504734313995 -0.464334988931299 1.23490629191058 -1.95784195919309 0.975283455948381 0.446190772888102 0.252624550490299 0.463259449776642 0.427941473195965 -0.322109023598578 -1.00646657514364 -0.861742887573855 -0.741551541445187 -0.379509015904975 -0.205116493077449 0.862454014221458 1.37835440742907 -0.0263489041570966 -0.539329595033767
"925" 0.46535259290894 -2.0801601847526 -0.35685305216615 -0.934391754059318 0.206379723350663 1.76935416429232 -1.00156632540723 0.555670549169026 1.2946845892325 -1.39608150313437 0.563338262229242 -0.295672854877289 0.601125766628791 0.29931314028938 -0.261868067929814 -0.635667941366626 1.84736288811054 -1.04457521559467 -0.542984081680968 -0.042913645089027 1.38396687671677 -2.49907799624519 2.20284890797564 -0.786489272495078 0.646343723662873 -0.406536937993986 -0.0657612191135719 -0.0388871281886339 -0.0771743858339277 0.0129472051036173 -0.317725700560471 0.846739191460713 -0.650100840312187 -0.738089612422962 1.54614326018989 0.0829110132199552 1.86537429981554 2.09315085104891 -1.15077304855381 -0.278604526130812 -2.91670087838243 -3.88494299519749 2.30597115452612 -0.563797779037301 0.434554072813297 0.436115776020771 1.43612533302618 -0.295785379583835 -0.0205885748280494 0.540846517391185
"926" -2.27262001810076 1.58795081498931 0.17862050923402 0.965273538976009 -1.9652929836733 -0.601282124367647 0.294483774689666 0.0460548328599411 -0.673890232942689 0.324409550989497 -1.2137181976874 -1.13145611008726 2.30345577042415 1.33233313549113 -0.138784211396898 -0.151579262776694 1.02341599203167 0.0394887839477426 -0.710857568940326 1.78080193180394 -2.03681194293379 1.89846754232234 -0.37682724470938 -2.90569744814267 0.999965257744279 -0.182371523447396 0.808813059605008 0.110131501652641 -0.529468344185728 -1.9044066522423 -0.386633454963418 -1.49312895365257 -1.0052828806769 1.75573140865549 -2.49328841535792 0.0298953901920687 1.99079412455093 1.5237200746569 0.883680623249078 0.672167195221076 0.49687765630486 0.108486063710326 1.88127542714955 3.50190562206024 -2.17522394029894 -0.416080160989284 -2.0659119426666 -1.61622081443526 -0.419962238978742 -0.820212334847143
"927" 0.339099538054846 -0.00681663426403343 0.870712384931333 0.186711495791941 1.82846152124067 2.20998294988919 0.932648222811274 1.50331321170487 1.17978608653938 2.68653665163284 -3.78371491083318 -0.342113661463002 0.409261838769174 -0.0698576962608313 -0.736020927771238 0.691899586761261 -0.220986325466154 -1.24443307132744 -0.649672638337241 0.584111164953083 -1.20882859055145 -0.0363058199398487 -0.523453275855958 1.20825428423275 -1.18156251487523 0.735809903628241 -1.17210882721353 -0.70130037223288 3.38270610548038 0.918301958554369 0.299882889723362 -1.01611186305275 -0.292348583714727 -0.924305261268122 1.61575979503259 0.152268606596902 1.88264874511904 1.09575029065966 0.262694441384179 -0.0917747177437235 2.26170100564049 0.356165122949651 -0.0192621338480875 -2.72688915683842 3.17168758423877 0.850957472095461 -1.32366215411356 0.677526608096526 3.87767747729237 -1.50085176886751
"928" -0.0338411656524858 -2.10421000839799 -3.28971799401924 -0.13994441039618 -0.661160865590093 -0.18321767115781 -1.7840243547918 1.37056496718097 -0.501402571812886 3.25819470645991 -1.35513591612018 -0.133578128690397 -0.248044609288892 0.118364704411666 -0.320733006457561 0.70399619161762 -0.312816680361911 2.65868297595223 3.67913232964244 -2.16986692344384 -0.267558385567944 1.65878876883058 -2.40458159677364 -0.622579947899191 3.41348772936364 -0.0710548141392675 2.20975550419653 -1.58834636678585 1.39001083383705 1.48594717724243 0.0604888048752758 0.787051648028117 -0.705631433426215 2.88028497476347 -2.25250947582315 1.42210269533719 0.177194469335913 1.79238183222101 0.976698649546838 -2.50950604882892 0.72220160467823 1.44375942059157 -1.79525905135438 1.83389945982265 0.0753922244116292 2.25357698357709 -0.168628440366692 -0.30711295037199 -0.903372729449804 1.68086534437931
"929" -2.23968919394351 0.513625582666544 0.0412333640937025 -0.345303125953242 -0.0258852982063759 -1.64031128988436 1.98740179655351 -0.501210649247977 -0.905522444336504 -1.07402502737584 1.85555698301186 0.424149985852411 0.471595882889263 0.970107505223312 -0.287900062390406 -0.786285958432755 0.963365926018912 0.848609767643129 -0.344613474347754 0.673846168369135 1.42696065347044 -2.23257285796011 1.61847341891029 -2.51477468151922 1.3919773344305 -0.976147412103324 0.255829399721489 -1.85250238541763 1.52605504780652 1.89278868030108 -0.829145099967239 5.3760699707468 3.34100987485904 -2.51415082259902 2.58053670973182 0.346459501844869 -0.972382732170784 -2.38539687621534 1.31240406548395 0.109514472739089 -0.687138204396532 -1.87417121614699 0.51096754187359 0.979879464342549 -0.58435798152204 2.42628943424898 2.15173327187235 0.0695680164566674 -1.18337980845426 0.935725730006796
"930" -1.00030558315687 -1.78651394651058 -2.40225683261406 0.128484199860475 1.77895767465574 0.518241108048018 1.11620769868783 -0.653359746483418 -1.86852695371703 -0.131745600721236 0.495479829312184 1.36974229231487 1.08717178242366 -0.460907140634887 -1.82199878337351 1.90182106543041 0.85194402491406 2.02119814770507 0.777005738049613 2.54499543667659 -1.83577305868571 -1.13887484344178 3.49643962797952 -3.05220294609525 -0.17784889257015 -1.07613621766404 -3.06613894674028 1.11933702712534 -0.288296379159267 -0.37630836136323 -0.74134373083671 0.0475018423467004 1.89271793353025 -0.946288302796859 -0.92379420062061 1.81167781992479 -0.579581619201047 -1.64047457815413 -0.433789415617134 2.65714351771116 -2.97166151717742 0.204507029424312 -1.14045386721928 -2.49810660135748 2.1762333591592 0.506593275362714 1.50595986090405 2.68434400651864 2.36803723896741 -0.290308197583688
"931" 0.0425947723234006 0.432320735406476 -0.243900812334238 -0.853464870475802 3.26128708257407 0.684092786834622 2.4284937325716 1.14977329864679 1.04286909912415 -2.75616123003463 2.40481970947759 1.01495041981604 0.111035333945801 2.45793713325337 -2.5172513206417 -0.515078078610894 0.857273395267678 0.975004915766117 2.34825966833704 -0.363233732394086 -1.77416393671059 0.410200227086586 -0.670502624978821 0.885541622471922 0.389795153935381 -1.25241270695443 1.17003147097583 -0.796000662859384 0.120185649285476 3.39393219460917 3.55391350597151 -1.01538870403244 -0.317699138800914 -1.00283469425479 1.29026385943235 1.74270780381926 1.84004433552364 0.877465886556271 -0.905277855631907 -3.00668540040562 1.83892977226596 -2.38859970386533 2.51935916286783 -0.973435760986126 1.04520769681551 -0.18976823238073 -0.240820658806307 -0.978482655995672 -0.657139337938261 3.13156792963611
"932" 0.522332192002086 -0.631570638522918 -0.15998460794606 -1.16715836933828 1.25922016498832 -0.102184990776358 -2.88668959227018 -2.14379401805657 -1.64848748626554 1.43801625210958 -0.158103184314234 0.481473980549262 -0.400940975197131 -1.26250115919614 0.593826917994125 0.342716422375152 0.890350002715566 -1.70524489422973 1.48349065830719 -2.79112497199479 -0.476886973460887 0.280742415332479 0.16904853015038 0.427225895454585 -0.258238587283316 0.761251615494015 0.566670518021349 -1.00836322852368 0.927984252569269 1.19557348859706 0.0383845856319386 0.912898925386883 0.869196212381406 -1.80647162974664 2.59934216096886 1.44232895447507 -0.421470543463746 0.414336432626592 1.38237244567567 1.32297796683732 -0.770112014195814 -0.661938760715152 0.742541754901346 -1.01583155550765 1.0512960093069 -2.05117669982521 -0.506023571208335 1.95629786003748 1.96775771032269 0.72753651352875
"933" -0.106156688539129 0.25762445851556 -0.170867402509847 -1.02642345700033 0.800704410524832 0.677681431661921 -0.953543176490502 -0.839444388673414 0.103390895795448 -1.69556226695546 -0.713853150810899 -1.65259859223272 -0.232759169289482 -0.336155819420297 -0.501446412640004 1.25833440295447 -2.4751507340583 1.2996427855066 0.0719588299122144 1.54448699362021 0.0685326349343455 -1.3020358666449 -0.0275915587785983 0.985217423741518 -0.587917219782648 -0.688005434055441 -1.55578941093128 0.487561763727661 0.754926141161966 0.756276219671507 -0.429824924193912 0.363577095764421 0.937050880986158 -0.163009709148814 -1.58314978018503 -1.40585596502418 -0.315578336782364 -1.49567889308864 -2.03736499354306 -1.57523604926711 4.42261544777145 2.95983978049706 -1.67871441117567 -3.45606728889423 1.69662353777558 0.76121192955951 0.051533763968862 -0.428508532084722 0.590311201710198 -1.68489825273506
"934" 0.679424494879201 -0.0243343067714867 1.39174115459761 -2.0769369717659 2.52487747441596 0.159283970474144 1.35021677159815 -1.111004428164 -0.853085639097238 -1.64030348571723 -0.00655007274394911 -0.806446981413067 0.500713638403543 0.50078596606722 -1.2028947207442 -0.386777705044537 1.76650650073644 -2.28107481824083 0.209956575547458 -1.33802704114115 -0.247406667698898 -0.668338237046208 -0.306336154496927 3.05675644963775 -1.15446244337381 -0.115057493560981 0.883562134685872 -0.487693777876399 1.62264257243157 0.149643041046136 -1.19902868225665 0.829059395524274 -0.57285188250436 0.193861355624622 -1.77692304632882 -1.16678683384055 0.83364303548285 -1.66030095362905 -0.152741994755386 2.26965864696112 -1.34930561865731 -0.30140336359679 1.902971065265 3.14534605730524 -1.86370155249046 -2.23200406342866 -2.50475693502191 -0.18404261078275 0.427095606095452 -0.0334275450666376
"935" 1.06112229119361 1.22103793639678 -1.72978926430734 2.75572096644144 0.165602206526577 1.58305910478272 -0.396302833972225 0.0988151577799531 -1.32150439118584 1.18417631311503 -1.70994777274351 -0.834859028731678 1.3110621384185 0.419667464788764 2.13735102800165 -0.728629784885522 0.482701232945234 -0.81140205282811 1.32588562415155 -2.25443228221854 -1.27142565083044 1.15456433051917 0.746711913594931 -0.432528372984919 1.27981613066316 -1.14986343953106 -0.427801842832141 0.0574315608400907 0.436921803544051 -0.915050633786871 -0.726654369473982 0.329208387162677 1.28835211156623 -1.17100802904407 0.185283745396262 0.88816755582562 1.35498722379233 1.15863287214293 0.32618907659368 -1.35661255005523 -0.105527416023764 1.03861551591622 -1.58572007757811 -2.40896207841247 1.98993373115922 -0.0139391039140253 1.65649971737198 2.7495219295785 -1.0558468436883 1.04344102555101
"936" -0.384761259549765 -2.87745246708226 -0.0317249400865566 -2.71388816069094 2.2925255693661 0.190974518291395 0.353597067698335 -0.42129027456241 1.19729266589488 -0.964289808465465 1.69852949966852 3.24971896040516 -0.029660841833466 -0.576546044774788 -1.95241108314431 2.89564547735395 -1.69967114487538 1.77797574664224 0.478315023089836 -0.605031625537017 1.05504170238578 0.184412127703519 -0.533035165271299 0.68296504542294 -0.291152931214669 -0.137609059885078 -2.3359348460244 1.35029924630794 -0.848912244557253 -2.84258724984391 -1.3743295086264 -1.01199234025729 0.628115849452411 -0.848794085163173 -0.335519588283437 -0.0602458010850464 -0.795422803163395 -0.257934364602018 -0.69453229753956 1.18928356329641 -0.227826976909148 -0.64974270421529 0.565843355576178 -1.73115606146057 3.33253118618459 0.504542709890709 -0.0612472505932521 2.24087208486458 0.00621371383119474 -0.950495260647201
"937" 1.40913088415296 0.239186358077712 -1.92923190684193 0.784772353621956 0.971069676330768 0.177616605132547 -2.13941254170156 -1.84102988103004 -1.2307822346868 1.45824777238247 -1.31654965658574 -1.14390088250976 0.051695663050751 2.36837068648754 -1.35137121689428 0.914043124749935 0.404234368541853 -2.84489324184929 -2.75727140897814 2.14352826826279 -0.228083666116968 -3.17710469834753 0.915677575390423 1.88383815145923 -0.990844610304802 1.15678326208108 1.95730232042233 0.178580329522143 0.223823895431889 0.961395435407477 -0.936611033628117 0.0776736017218083 0.795996013507689 -1.2858829310513 -1.15074645216886 0.23978118229643 -0.360337578194836 -2.17447405697944 0.987442533305529 2.0474577215225 -1.89565521689662 -1.2046006277697 0.917386768140595 1.63306268975925 -1.19180550718477 -1.35878389144973 0.901676439712268 2.17516301885307 0.733568606441026 0.167592910478835
"938" 0.148822379404421 -2.16310069897152 1.83049860974828 -3.78678210566006 0.96267759230196 -1.36551088218949 1.75412441652675 0.551635992772653 1.03146304971157 -0.872315293284395 0.0287010276913652 -0.653269724634017 -0.214852745480843 -2.02819074555984 1.23700892796769 1.57331170639449 -0.120393556069471 -0.0196489955999701 1.71669891160529 0.380623432515905 1.20858559919914 -1.79419221939368 -0.867465214554886 -0.76042661917605 -2.38099613604972 2.58056611324622 0.072991413455943 -0.924175256683508 1.27570674615751 -1.7688777018224 -1.62186839882191 -0.198465367040251 0.220702675274512 0.161305503283588 0.0707726787603247 -0.067429130026791 0.43705285932712 0.931907244094212 -0.413015737471687 -1.47759105320483 -0.95807574776953 -0.696223962153343 -2.942563587328 -1.15925870515851 -2.34815763795071 -1.72385465108286 -0.205270321216831 -0.213336059101754 1.76337926114178 -2.03605100152965
"939" 1.90996357361895 -1.9337301687245 -0.287954311181729 -0.810160046105292 0.356339339811723 0.6292359044633 0.400012649190604 1.31198417006871 -1.48486584834901 -0.189829637210142 -1.35284281791851 -2.92327572950329 -0.123610711670974 -1.54533834516588 1.3048939258961 0.170903031389454 -1.50364887729311 0.914197410105611 -1.63281595452039 1.85708782252549 -1.89173005608174 1.05650830039965 1.17815592245309 -1.84436075782526 0.0787170458800433 1.8989881527734 1.06379335086006 1.41129004912939 -0.772939013191071 0.706845840389548 -0.784434187033373 -1.37222010491726 -2.78734450347158 0.155496926055857 1.77677890901138 -0.152834554009125 -2.16743724961799 0.992575940033823 0.684064745536361 0.258566230239147 -0.836725338503211 1.93031438846615 -1.22935384604845 1.51495419656532 -0.907305309817645 0.85122729075037 0.442141769716847 -0.395364421120073 -2.18571178234076 1.66550247176689
"940" -2.47530709512474 0.842939575999956 -0.16218017794882 0.374296253591355 0.948820668351659 0.813145845990322 0.184373550423556 0.0995983085749853 -2.30591031351795 0.910130813619222 1.99676236286914 -0.324026595188073 -0.604707931821069 0.887262729020372 -0.877606752201432 0.681892387547424 -0.0558379590896151 -1.54483822063593 -2.18395602953632 0.884884505275964 0.59902871402522 -1.10894545219124 2.21207974323246 -0.93019971979392 -0.296498575604854 -0.949487756775072 1.77433687421048 -3.0088528687682 -0.499680556480491 -1.54086411294764 1.81614654040136 -2.61646258719977 -0.733096103731295 -0.863192632531665 1.21991740567947 0.0356680031311387 -0.772579642156743 -0.741406282185365 0.240825097387364 1.73022703497775 -2.99359041685565 -2.67820300212608 1.02134161935462 1.07378727488568 0.307850664088281 1.92986683354683 0.679134265059951 0.451770941713114 -0.0422382273332413 0.186636887261471
"941" -1.84532742264512 4.46923667853644 1.41358881338412 0.66970620778185 0.927683108476826 1.6771772689106 -1.86578814251563 -2.04873668435169 -1.74840114400923 -2.23879520990077 2.79970860709196 -1.74371849462994 -2.81849405850659 -2.23664624556607 0.881922582326294 2.91768800043007 -2.06304506986129 0.337796243274346 -0.151153593908402 0.406885968358169 -2.70889595790646 2.88143304215938 -0.165279170091409 1.50607054025826 -1.53767887459336 -1.7134388221268 -0.99244170337487 -1.45892390746033 2.34641705104647 1.41745125857168 0.57030046871353 -0.3153991567622 0.0771964095094898 -2.16007217202254 0.951900670277921 0.00168214649053359 2.4960135246393 1.58165224751059 -0.532606636201177 1.16681527609384 -0.481903990243159 0.882481271202568 -0.775539911285395 -1.13314639224528 1.75841542632384 -1.35018768728812 -0.792059063390797 -0.355925017094923 -1.69908969469579 4.554186609503
"942" -0.55782918723545 0.142859178103947 -0.707514957636601 3.00003063443011 -0.631759489633595 -0.269410221293147 1.58983610598599 -0.576599148187483 -1.5088941044047 -0.253319843951807 3.21203583783297 2.67000877320205 -0.752282792835484 0.746400387351594 -2.22662690187715 1.11481406097384 -0.156987080886939 -0.91208701493416 -1.15805687971108 0.46009461432989 0.620926613959123 1.66471352412965 -2.61316223936781 1.5588780021126 1.43467144260997 -0.0728938527519878 1.18092225810969 0.179091404656036 -0.641375958354648 -2.01168907302959 -3.61840758229744 3.82495292908986 1.23573064029965 1.1508092156335 -2.17174277735139 -2.81785547485764 -2.56564710477294 -1.65085891456828 1.86561100745575 0.48092056152166 2.22352384276233 1.69921668295512 -0.982366613433798 0.0718000800630473 -2.37850741788937 -0.832125799913582 1.37501058464809 -1.19684669169253 -2.11794558716602 0.805876955955548
"943" -2.26681006554579 1.95175259379324 1.95967755177957 0.0681112575574342 -0.484709523372908 0.971257988687992 0.395829420957434 1.52315899421311 2.60222888309968 0.0495776229720554 -2.20970814251198 -0.951830388111918 -0.824751353099158 0.648483528132671 -1.20383472999692 0.137834213378118 -0.76740797472969 1.21989537520237 0.0349237918839726 0.76719560423712 -0.285806735005704 -0.194041925087782 -0.747666074601712 0.572804861280843 1.31367855612713 0.498502904522055 0.111546130383788 -0.585373753039386 0.83205662133944 0.966743173512479 0.416690576581667 -0.382088628690342 0.60729163489218 0.265901517062171 -0.227876254436076 2.64735778662183 -0.631991857314399 -0.623862522688393 1.4738014606972 0.920311179218132 0.673577042069668 0.678394258709651 1.26770145513678 1.57960150315023 0.315301122972852 0.462868432357006 0.416260102233584 -0.805916788161862 -0.700517287872577 -1.7822675172246
"944" 2.19871892900695 -2.30909910821879 0.124414949308939 -2.52432419765912 1.72416471975145 0.799952066277887 -0.920524108198028 -0.33067209102827 -0.209230680991783 1.26938008433499 0.293907092289941 2.86340782427715 2.5471099145338 0.0188295929706133 -1.53564488570443 0.392083417214044 0.872453398422791 -1.16491632483265 -0.28671863500245 -0.870160480387718 -1.13006232089932 1.38305908885564 1.52150528225284 1.15608194064095 -0.398219503644805 -1.84994312565813 -0.653797915808102 1.00892835002956 -1.00038858058896 0.902238027982984 -1.46675217279231 1.10983096083024 1.07740149385416 -2.28356088783386 1.74437013170644 0.275939521286036 -0.0403031780502104 -0.325332136653025 -0.294009702026614 0.0589841825872508 0.0103194313994577 0.457179692683729 -2.07572957049456 -0.53784540372492 0.104837000695422 1.42255774957102 1.51559076918297 2.8414095648801 1.54353130773226 -1.56950500395219
"945" 2.4511642175941 -2.79009919823692 -0.390427123115701 0.149254758066119 -0.172713905363633 0.813996177452014 -1.42620684366391 -0.304589293325332 0.502419227948828 0.799875414635563 1.15678038397518 0.266853078220643 0.416193523819651 1.19563614160007 0.0900694140428057 -1.19205759133236 0.277169186304706 1.62919999874648 -0.577711904822438 -0.993011938966713 3.50825617089792 -1.24518240843573 -1.2828237133124 0.0433137868364933 0.555469584760007 -0.286438779989477 0.231139377428229 -1.15687060721711 1.10438763905517 0.597045766126048 -1.09210574051064 2.48402228655944 -0.10237027900493 1.17320840299349 0.949065737731259 0.817254681333426 -1.20437880295401 -0.806811366964641 0.815996622355627 -0.517934366165929 1.2254335030471 1.21931055670711 -1.59272287869964 0.894485993925923 -2.2437229801351 -2.88365072599345 -2.49499034803934 -2.16590647320181 -0.97216292756733 -1.33884548109632
"946" 1.43503043886777 0.670394751729481 -1.46009951106747 2.75689133717598 -0.516078206544212 0.193759251796381 0.975414255423779 0.546356415746557 0.174091282051883 -0.991077079322052 -0.553612202320899 -0.793390487728236 0.88367101335807 0.313201314873202 -0.379249499410137 -0.112407731753642 0.36336228140059 0.558360727839459 1.66040973511448 -0.848111728164827 -0.679350571518553 -1.51785292539593 2.60213828413879 -1.14288311659004 -0.0965403377223887 -1.47916131423475 -2.30199692812111 0.167392918765079 1.23373513009235 -0.751267339666594 -1.54911833747332 -1.38517793512928 -1.87765773863308 0.71215183022467 -0.304632746832335 -0.986419059420867 -1.08638189148438 -2.48505374451609 -1.01575755196746 1.22861795725899 -2.19141192957857 -0.375405797445975 -2.12186963337258 0.677750626230895 -0.271325214268136 1.48997937220166 -0.578172422159073 -1.08491966805381 -0.84101868168133 0.322691409956095
"947" -0.753454517854728 -0.837732019853067 -0.487264427826197 0.804447321872572 0.158961962111092 2.12929787907359 -2.2816592972996 1.30917860919579 1.37584652479456 -0.452847013363596 0.463734961788943 0.274450781468321 1.56443406750065 -0.764136613190555 0.605116072742057 0.469968365485616 -1.38670610105692 -1.39436354534804 -2.91917389740524 0.411979362797075 -0.623638815470172 1.32112564784966 -0.277401006932202 -0.0150377731127655 -0.534948263252854 0.464360716380604 -2.44933821912261 1.95609299389182 -0.986368627717284 -1.38007251568238 0.178355388660612 -3.43542289472389 -2.51190042987732 0.66446485143354 -0.577202876476542 1.24660608455287 -0.146773872225665 -0.879573344201703 1.3866340555853 1.20964533958997 -0.226042023617434 -0.743415574684104 -1.83589343196332 -3.26674641451462 2.9835938439057 1.32446708967395 -0.298416236868734 -0.940744354439048 1.48252680382301 -0.997771875436937
"948" -0.674803978021145 -0.128010984177663 0.654537296720104 -1.49776420608541 1.72635013779306 -1.43485000876639 1.89477417660135 1.69879230474577 0.664731210728939 -1.96407073729866 2.16456984870901 -1.96045201010287 0.0848793673603422 0.820581347187978 1.83431452751665 -0.67532856148779 0.811424849481958 -0.281165025112624 -0.22110408266784 0.161928363029828 0.0599543696073833 0.825662183210743 0.311331482847929 0.409747545929174 -1.54174408536591 -1.22684179084067 -1.26409779006302 0.356243071747096 0.92329193796349 2.245858367682 0.658451621327576 -0.858419108033353 0.387452978977306 -1.75942854610098 0.610298209879787 -0.55360128574279 0.235895908369927 -0.756650966543945 0.742017012279376 1.42420862141927 1.56880414262525 1.31595131705292 -0.714091705140312 -0.207949666153931 -0.57647249810158 -0.189683257088668 -1.77051909809547 -3.25296582575764 -0.643031504148653 -1.61759562884118
"949" 3.45339282624222 -2.07449045811153 -1.28958656402772 -1.20008192901851 1.80722568922913 1.83820183077111 0.383613086554586 2.49679861156693 0.178101776600805 0.133844464136549 -0.325404998688616 1.55765253616997 2.25511021514833 -0.0769522772606297 -0.797396910976451 1.99987941441796 1.21038412440662 0.768897903130173 0.962527533624886 2.0055856156915 -0.211610561768272 -0.57533105531341 -0.0816387339672449 2.31041195062909 -2.07889705868262 -0.241982676121561 0.588015890063251 -0.535712791483382 0.837390548537665 1.40457078269805 -0.677053407930024 1.66940038718331 3.89589969593865 -2.99193936175442 0.794496738907299 0.878751534833206 0.642396823722278 1.36773531568839 2.66592625631482 1.07406142731651 -0.172018327491373 0.575270185320359 0.578521762441517 1.35653359877873 0.194703432288043 -1.11221100612508 -2.2995843277221 -0.235845809549873 2.52164380824667 -2.44455320722454
"950" -0.224790327491491 0.80565216392913 0.508106603446047 0.613592200704569 -0.414685234864049 1.28137179048237 -0.628047815559557 0.353207818973698 0.686823119201321 -1.00188667517449 2.41118162411898 2.72756575512649 0.185725909969382 0.0350912703924493 -1.51247387359204 2.09191786783113 -0.806318885096968 -2.56229348845373 -2.71289909862753 0.465814457958033 2.02810663838209 -2.91941995246777 0.174906803297334 -0.657518783569211 0.794279104930218 -0.59292557350929 0.810157770059219 0.0324996784228976 -1.737001701016 -0.931542116707157 0.147564355859593 -0.191010255791666 -0.697991919660533 -0.00963035774995458 -0.335326387303289 -1.59185488862821 -0.376126691247098 0.427648862541997 -0.970260948249459 -2.20402186141044 1.86204957957472 -0.376421377372214 1.25379553813405 2.09270452525098 -0.170924214087439 1.96358416416549 -0.96636290618821 0.0320760408552326 1.73381410145784 0.354768530302984
"951" -0.470986387249665 -0.846825461356955 -0.954785916629399 1.37232739786799 0.902882392611808 -0.298803367172608 0.42268250585516 -1.17454342873462 -1.32945679895353 1.33978543198413 -1.14096883732986 0.804969263503533 0.840276864935537 -0.721068200979125 1.12553189637381 -0.683546589177547 0.538635887724689 0.334798933704329 1.58747198065766 -2.18509337016424 1.75705311802941 0.136477967697839 0.739889492896648 0.939252190737111 -0.591062911676798 -0.932601555656729 -0.372411645805117 -1.09776874338337 1.80099516159965 2.41247943063006 0.66563868815634 0.87209449322064 0.326041545844396 -1.75789718875475 3.19493658610055 0.543240642182423 -0.97299654479021 -1.5471785138912 -1.41585685130138 0.0106914103458503 -0.132843501043047 0.425092765904866 -0.420984663349214 -1.42999741344422 2.29987466789584 2.35935749956894 1.43660283615284 0.691352432209581 1.67142654170437 -0.431518109114951
"952" 0.197526833477585 0.870424240829889 -1.14221354351258 2.57585616686511 1.24723193300464 2.18799078376523 0.0914793899082723 3.05518576706425 2.70346110515506 -1.99893814831992 0.20899083035145 0.145254825062612 0.0063604405607112 -0.328154031159478 -0.938381041558624 1.17269657896761 -1.88168371280111 1.73432024487443 0.0525237984143007 0.511196274889096 0.24948867836407 -0.788039317110073 2.7897915742786 -3.15064948766048 -0.289780071684892 0.552362120308895 -0.304957132024397 0.696680324700196 -1.52044306602033 -0.236580418851151 -0.54707466771368 -1.13106300391471 -1.86432770607458 1.41205621095223 -0.691719974232173 1.11156237018226 0.613171865138536 1.79489649123924 3.12039396220892 2.08271718807751 -0.330621301346651 0.550771721407431 -0.658990533532667 -0.372775396093887 -0.661409618695468 -0.739746075989876 -1.12733054127605 -3.62900773301767 -1.55448504161867 0.307096408707396
"953" 0.0516478440933636 -0.490925110161498 -1.42686304190306 1.03926300029015 1.21684308071716 1.31425675983241 2.07728999798725 2.32279773378607 -0.2065720282115 0.340951248611326 -1.59852981620562 -1.90572686639302 -1.22468162308682 -0.797899128530705 1.36183162740327 -2.24784559698842 -0.29976612280742 0.51393247442625 -1.62753310464613 -0.44071304870052 -0.0325345187921401 -0.319771999607191 2.52502694718173 -2.30409555810215 0.613490102026552 -0.774666958083635 -0.935418166840514 -0.406580427809944 0.310295138251949 -1.921532772812 -0.0744986862310593 -1.18623013329324 -3.16239203236514 1.41792530125204 0.0692693694522883 -0.883197926063647 -0.0784033571717089 -0.979035500098674 -1.48315904591298 0.335207992191093 -1.08769669940145 -0.385909946455604 -0.836733158347532 -1.860169391242 -0.180042684876672 0.351953256608426 2.32461223899222 0.946308343904268 1.85276714534766 -1.24130706365644
"954" -0.162126292441885 0.533488073791347 -0.277911447713023 0.699521504868266 -0.00534678917828073 -1.44338399278093 1.20229937873294 1.80658597694184 0.980824690077887 -0.163075161812079 -0.216151643450025 -0.935541878350506 0.394940928919917 0.327401846462698 -0.749017641346394 -0.664919121257166 0.9002524490305 0.0721219906339582 -0.0451649647603463 0.0288650166278949 0.191910286309383 -0.500430480942663 -0.867516233877157 0.221271189414273 -0.519388866720963 2.4247469499805 0.331874256187506 2.05473054007692 -0.26080836252386 1.28765167156954 2.33750094647116 0.0575165807877033 1.30931396623167 -0.147144664767351 0.4470292045152 -0.33612052158096 0.929316444741841 -0.513134611918182 -1.64124270396403 0.139918430172398 0.148068413431945 1.44497609418362 -1.88021467926186 -0.576016235158322 0.204333886807073 1.42137836926962 -0.0921843925740562 0.288682219382919 1.65630654659843 -0.146380075462824
"955" 0.161232160977704 -0.100830514995109 1.89600500394311 -1.91688341726195 2.33864719838127 0.830258754481788 -0.660608694038875 -0.843789132613725 1.04903623351471 -0.935445288175184 -0.444199657948105 -2.456762732919 -1.29620369153074 0.846488098724844 -0.913299772961427 0.245596263719919 0.593965215049223 -1.04926499515319 -0.335286172197753 0.0307829644089473 -0.624115793205776 -0.383366171944426 -0.689559689637019 1.96400374533172 -1.84663642433582 1.47271744006065 1.26210500661914 0.121733679429532 -0.998285705185416 -0.627276175115113 -0.53481943207147 -0.859456143963899 -1.46049644174171 1.24389135849339 -0.649877702671437 -0.614430189065478 -1.12757580473289 0.270989440993292 3.34516584172435 4.76617659607079 -1.08566151000702 0.838284579835912 2.4199383025329 2.42722328546205 0.543870286617125 1.19769815805434 -0.976364154296613 -0.908971704209848 -0.208851581753222 0.524078903232498
"956" -1.19419957355213 3.22859993465753 2.07037869157974 -1.49132379348863 0.648559783898905 1.5163817926911 -1.35990863431749 -0.101019849010907 -0.241010182355238 1.60345907640865 -3.01647226353294 -2.55817666704318 0.280551815670494 -0.969929770712444 -1.3626140112206 2.72857301329937 0.505554472127017 -0.247077306090747 0.90220328342223 -0.608107067049455 1.17258516639302 -2.04012421080059 0.863057851879269 -0.37340373146887 0.172182037880143 -0.300579864577785 0.46169832827602 -0.87652613223363 -0.406794901639403 -0.228708036155999 1.41955225158758 -1.69987574293908 -1.0660496235401 0.722554500858658 -2.3448844328934 -0.953332043787272 -1.18083821270191 -3.13621213930401 -1.80026927916442 -0.413402263109787 -1.27851489172323 -0.795520136219771 0.258076445736992 -0.150986539658631 1.13963054107643 0.582717942083851 2.17834140720144 3.19487011589601 0.42396318125838 -0.0548422570879131
"957" -1.16944105213866 0.608999732897504 1.72107602172099 0.934731135557446 -1.45812034315754 -1.92756709452053 0.363161370757718 -0.522490311898764 0.159730904144834 2.35685301171649 -2.80615673153081 0.14154701612159 -0.0329682944429225 0.0921669787699494 0.951257329077413 0.257649469658972 -2.04927803289288 -0.133963330703943 -1.44321008411643 -0.570206563191824 2.95363175667651 -0.404546185806464 -0.304088439353632 0.725006714280507 0.308352180061562 -0.426168143866233 -0.210270131437584 0.676419589126758 0.436364626626663 -0.608334223219391 -0.510522594796547 -0.502942750797762 -0.847943500010503 1.90074021746789 -1.58867303886702 -1.679830760639 -2.71926299853472 -0.00303566632797845 0.597861956133782 1.01996376087816 -1.35343488275352 -1.86699580642949 2.03232401027831 1.19304348605039 -0.131036366201068 -1.24995140032658 -3.9199593458323 -2.75273791493914 1.11321318714452 -1.49832292518533
"958" 0.50833790989149 -1.22775038020425 2.58351054857333 -1.86975231625609 0.103295658701344 -0.595787926035645 1.87517180414007 0.256245056876484 -1.24683708098462 1.63803025955207 -0.730402184097541 2.43498874667781 0.831824258079002 -2.03340387777079 1.80892385370901 0.59221791017134 0.0782622556629312 -2.77884137999167 -0.666031556176697 -0.254897843319824 -0.767119240280216 0.499775796642708 1.84229327657942 -1.67722480837092 -0.853458747683824 -0.796540656279255 -1.82093678596977 -0.933292699704281 0.867513713026159 -0.931173387659083 -0.639775999803724 0.175352246368257 -0.836151828865435 1.77131529025354 -1.39731218230697 -1.78967246717792 0.298522107595817 2.55563393266085 2.01510469945334 2.36004473726855 -0.597663314645905 1.85516293162804 -0.66557639924405 0.781269215957457 0.35027194454469 0.0903836421836097 -0.930805684262955 -3.40236134458319 -1.60909725079372 -0.0130995787894773
"959" 0.513509594684936 1.26599064619513 0.97890140497416 2.48125910516426 -2.41419049010931 -0.651929640634896 0.718853297422547 -1.36566074611337 -1.87212208641777 -0.773015922744641 -0.811868878108852 -2.57158928440537 -0.960496464852304 0.0230304387162814 -0.206714690511215 -0.018805987715335 -0.489206902852408 -0.785305924491483 -2.45350318590787 -0.0767567191646921 1.44142534127255 -3.98153795056619 2.40348412973238 -0.409236443474219 -0.361829143649511 -1.24871704041042 -3.39467492706432 3.76075762930105 -1.91053839156991 -0.537892763654966 -1.36159130171642 0.02078008230302 0.83517258932957 0.493601793007425 -1.92269355143688 0.909985484756376 -0.375993803162557 -2.35370175366638 -2.39488784577355 -2.68654666740523 1.99925397700302 0.0622018694164503 0.213454843663016 -0.393135003820501 0.444219358342057 -0.562610488257225 0.707892148507949 2.78517146584666 1.23403144946457 -0.736386627103398
"960" 0.764671709276874 0.0569311892161396 -0.867620450316612 2.74366384128206 -2.59225415780246 -1.28446846840545 -0.018790085293331 2.56665948599901 2.03067747697721 -1.44529724894938 1.90117045232303 0.908271614578977 0.921776410095881 -0.286442082233625 0.602993167295685 -0.686442593875061 1.98970558220383 -0.799878760700754 -0.121103085915788 0.657281702918321 0.620515101627016 -0.566797761582414 0.178489728904442 -2.37846965055776 1.7845649704166 0.117407326127721 0.2170508174954 -1.66637746654024 1.66908162943743 -0.863364384103364 0.952109121247102 -0.727302184234237 -0.126773845193602 1.18603875097995 -0.557196075903042 -1.58360685479106 -1.1918200085177 -2.33119802060774 -1.85269382689317 -0.933912358644562 -3.75929851925727 -4.01464660940218 -0.321730535351569 0.937418898426015 -2.11876472563971 0.388662777694695 0.630224982850986 -0.654179135629029 -0.695748514042605 -1.57550016102555
"961" -0.621519736521518 0.7059478680437 -0.841166218912033 0.372239043878533 0.600540849221915 2.27885718705542 -0.0491177491898608 2.50352886998073 2.03139497367037 0.0902230192879847 0.781682546912131 0.253160994583033 0.377849719450137 0.36841983774333 -0.759445411034502 2.97375157289395 -1.47929248992948 1.5983437615786 0.451247648806116 -0.108032894193988 0.882853126770088 -2.64566883734792 0.503005534106499 2.97654073935424 -2.01193549704943 0.581441954569269 0.424727092549784 0.375690307610472 -0.726046419170529 -0.686910301859905 -1.65046581289401 1.06548305106175 0.712186370290368 -2.07202588994631 2.45828264078808 0.526912542523477 -0.460254927352535 -0.651795762097984 -0.33259845006435 0.690949793130501 -0.566231393028932 -0.5205427726449 0.256311226523791 0.4621705108465 1.38643105026763 -1.27279422414738 -1.93253746873265 1.38982048429407 0.415698653481743 1.61712676927204
"962" -2.28944981785203 0.531046988444394 1.16209836005992 -1.36765431014323 1.86042674419085 -0.711085397343924 -0.0894566403427601 -2.11091068450563 1.09826770146732 -0.698024990996532 -1.04414842040583 -0.69239798453728 1.31506762278943 0.679764928461489 -1.70471042526782 0.642047660573 0.708018330226695 -1.45906112768997 -2.69980810600515 2.48114008317077 -0.634517531936617 -0.272115538691661 0.378965633640369 1.17212137785345 -0.318568523020357 -1.49214659567414 -1.99848100746841 -0.429310622436905 1.60970737450621 1.50619950898655 -0.11231945413098 -1.96396363745078 -1.82726372915216 0.0182025251532055 -2.23509242758635 -0.405238967723078 3.13854271463355 2.71469083847735 -0.363223515813267 0.00420160464873705 -1.13770146055483 0.381652222529509 -2.06948052540247 -1.20209814839918 1.64731212249567 0.308783079478414 -1.24130551748 1.53920817131319 2.21637201909553 -0.077586940599408
"963" -1.15843322628956 -0.0379711563704074 -1.84974328303858 0.357664772312875 2.04050044385028 0.453835906952664 0.0999593643162535 -0.00586270672454912 -2.16968419511534 0.767242448772484 1.69050904937271 -0.752665071210267 -1.1094017877554 -0.750694587602731 0.326384531209036 -0.478021027915891 2.37532064317273 -3.57803184179272 -1.02823578403212 -0.536993759745422 0.187585160208362 -1.80994140287453 1.93750810663916 -0.763429591978773 0.467809918821318 -1.1789345201819 -3.08518208768268 -0.347801724997172 -0.582256041479984 -3.21635149281315 -0.900113702429315 -0.0896890455293292 0.40883478216701 0.135107312799006 -0.427660500263237 -0.935447792444999 -0.00729137333628433 0.73981485138023 -0.40046038350371 -1.1504151105886 0.675280604226469 -0.116511652151924 0.431476413315539 -0.139930594792867 -1.29658969014923 -1.37445265097061 -0.128360267013771 0.645365611432197 0.489107794536289 0.0531126141895709
"964" 0.66202044230415 -2.94241351380388 -2.26424633677814 1.55477637633919 0.852073346116768 -0.591807130354951 1.97525405798503 -0.061835296187072 0.942862454369988 -1.81108844655217 0.408289314807373 -0.638497057800968 0.461494626433937 1.58346745805158 -1.03369605247518 2.20050764195452 -1.74223546562037 0.090342854761128 -2.1026523486996 3.09896171607683 -3.07218357782011 1.72456860044229 0.731968245357983 -0.434298180636513 3.76276734297423 -2.72127054323099 -0.391199539842455 1.17559264027037 -1.68575278009583 -1.05627603599833 0.577276689273599 -0.363457557003193 -0.0900937363928903 -3.37830685478207 3.46760560161315 -1.17436491311925 -1.63504164923592 -1.5369999933698 0.177826119241755 0.0964064799826785 -0.481250554095827 -2.5442556954815 1.16448967174484 0.233926056316673 -0.419119998136993 -1.88025656416527 -1.84316069596357 -0.544360341040318 1.31879999414627 -0.853442377854376
"965" 3.18463281916437 1.18370411938002 2.96094250631568 -2.30075935071337 3.60541046554718 0.642337592615203 0.281398027516857 -1.04826889181349 0.214220675157849 1.30684597079483 -3.79121085732348 -1.74765308809027 -0.388339451604389 1.0036623556605 -3.18749633389854 0.320378908255665 1.07684052517703 -0.31535932969026 0.191283618526707 -1.41127526627866 0.247481395396197 -0.316914613623223 0.0885607399470501 0.716259735108639 -0.488763441234172 0.363540562445297 0.721021660756895 -0.511455537996043 1.71485872367063 0.498666289017165 0.462992957185844 -1.43349665097771 2.03383596183152 -0.606454228161238 -0.621171395714937 -1.28177533765022 -0.055199044947242 1.47242213967406 -0.165920622618432 0.873678143292328 -0.416384743299246 2.66655458344394 -0.976009623876796 0.790887777844256 0.0959402105018204 -0.154547580166398 0.168494899338817 1.8485703516432 1.91166515148638 0.225621461069763
"966" -0.713479362615962 -0.645323296532067 1.09019165911778 -1.23149802213013 1.84575017128094 2.32087909497512 0.392698904964761 1.21835920539887 -0.094919522459552 -0.934172492405498 0.413037533139259 2.10339799603648 1.84756224208767 -2.56080663314394 2.17164441975834 -1.91236799329374 0.559201152059796 -1.19103278326089 -1.39509485632176 1.447293306631 -0.539121329996055 0.429888674814752 0.350590052853357 -0.702392425040126 -0.668067237664014 -0.614672848638618 -3.59550384528611 3.42078509396642 -0.851569760471735 -0.115847265085934 -1.0225733634657 1.79327327357227 1.06626429110043 -1.5994171219841 1.30526991334667 -1.27048594627444 -0.357523318918371 -0.055370981110687 -1.44938188841107 -1.29972756567386 -0.220227488927034 0.882357652384988 -0.211340234850686 2.00301389080854 -2.11632719301041 -1.66166143164323 -0.491825320317426 -0.478233548453644 -0.320122233931919 1.70254965949183
"967" -0.48273165586088 -0.0508625504595534 2.97532859062892 -3.8622125800395 1.73721842494865 -1.65747506574796 0.497831290196035 0.385176467161495 1.17194874800444 0.405733987597351 -0.310115351492784 0.200227442987607 -1.97010664840011 -0.896507257560448 0.0650177387473015 -0.536841148481714 1.69016705270171 -0.640106231970381 1.5447415782273 -1.41853787409263 -0.523263810309701 1.31204449820756 -0.330955235039931 -0.938309215810339 3.3612965188335 -1.95629023504153 -0.332064922054035 0.768380854474741 -1.38676689250601 -1.38865169359368 0.390627261601942 -3.16878386837719 -1.42877158082773 -0.640286918451087 0.772391414079365 -2.07511804184883 -0.259960027793246 4.0934917686972 0.908497685904026 -2.93846695765103 0.927931065240073 0.692635065074271 0.991829690100714 1.27298764147863 0.492786403458634 2.54430733043697 1.7951426562298 -0.088238387124285 -0.462852096752935 -0.348339226822277
"968" 0.176397916576597 1.56374112392985 0.0879965700665628 0.0990992377712 1.40185733797706 0.243303153084653 -0.445050983945061 0.259670817164242 1.92585823622761 -1.12737889347905 -0.939033104366464 -0.164939427392834 1.06478050192654 0.4852282718907 -0.155781850640273 -0.898687120665445 -0.821047990809095 -0.171645600718343 -1.85471087690214 1.0937099011904 0.113901124272597 0.480704537371889 -2.408175447309 2.91887506642898 -1.78689181613852 1.61757284414718 1.70429276629889 -0.167926879727891 -0.5195223247395 0.443905545197461 2.04393203656665 -0.628057558790308 -0.29051873824959 1.58712631987421 0.246820258798143 0.661314468536612 1.47886109024494 1.36390930182888 0.334219689601006 -1.36004250211148 1.87581677567053 1.83793045601885 -1.30213470785838 -1.43817099140475 1.93581597744482 0.66542023040648 0.9079578493609 1.41914690902287 0.909156628571043 -0.790671064415759
"969" -0.336933457019719 -1.99669832841168 -3.11341530007163 2.05942200210029 -1.01458311489829 -0.138109851201689 0.382320208300918 -0.671705381281026 0.558808998168182 -1.72922294826801 0.253063838231082 -2.28303505124644 -0.569167402327352 1.21858986226461 -0.870196978644184 2.93237857147131 -2.39142796174283 2.37614636173842 0.429490137967338 1.34876682514396 -0.420922996838858 1.2811280165687 -2.24641153688743 1.87874494764395 0.283238032471399 -1.91911507328349 -2.99610169218105 1.15093473236175 1.66119737812456 1.06813118382367 1.66981851110496 -0.565546521047093 -2.09777875528612 2.43049897203724 -1.17290866688216 -0.443175013074764 1.97603825205745 2.09352549655835 0.234413143054576 0.271420840464559 1.37574756835054 0.28550171031243 -0.71812339877397 -1.00488454461125 -1.22873404605213 0.166626845568748 0.72727194977585 0.745336585706352 1.85980973491819 1.19374265905922
"970" 3.4867672355916 -2.15178766453245 -1.14978011853583 0.257082016352582 0.321901720345358 1.88819128740222 0.135761453053232 0.401105691807726 -1.46475873758051 0.947372000351511 0.204668911618433 -0.562231397979053 1.01993195388153 2.77364674324961 0.421094912169498 -1.95552936254983 0.948487943331516 0.114578179055631 0.268052699968044 0.241886466871377 -1.28728659405618 0.4601654286442 0.237971634423785 2.14259711345575 -0.561501643625227 -2.04492652077203 1.10679010002051 2.65743411095329 -3.1532012237845 -0.0326439889960757 1.45459133777693 -1.37345420791134 0.929358760483581 -0.563879844841573 1.10193234731111 3.05737784929479 3.99544072951312 3.11450761875454 1.05383496359833 0.127309420614221 0.66610339917097 -1.21494735906006 2.01621491120819 -0.0320876267566436 1.59840800087582 1.18801500692543 0.547530022722655 0.434955972128875 -0.0631020405432546 -2.60099440170473
"971" -0.284027321251583 0.184398546853997 0.765589432939379 -0.464609253196842 0.681291648312557 1.67515401480041 -0.659752387466363 0.521379731854909 1.24019948455085 -0.571838553179719 0.237395367315501 -0.835274747175236 1.16988120093652 0.697180048387967 3.24007802588865 -2.77723985954733 1.20271152852626 0.234103433114506 0.466897691559711 -0.450826986417805 -2.0231531607464 1.09128058267955 -0.673776195017201 2.43853850486567 -1.08575401945033 -0.710598364995507 -1.86156263956383 1.97134574702958 -1.13748427816039 -0.699059334183657 -1.99044961301998 -0.429076703147947 -1.5669044353808 -0.0734553894997129 2.00115452728623 0.529811914010329 -1.64947877729602 -2.39578671549903 -0.0262943386378459 0.550703944608274 -0.354808553448327 -0.608226934320515 0.7116452816565 1.75926535122396 1.03396735261469 -0.535796620302244 -1.81897186153542 -0.0678789982928412 1.73449005138614 -1.36665011406238
"972" -0.696316667513157 1.74228559842981 2.21101068329207 -2.9147988290245 2.17426596147007 0.546104885329353 -0.452841887798992 -0.149969379527764 -0.259619805770103 -0.946961283652293 1.14221779177615 -0.263352817567046 -1.92739900021416 -1.03386998528892 0.472964795874641 1.83084146660295 -2.05911272089685 -0.285399225607385 0.737320423247182 1.11351995295287 -1.99670792196509 0.561909723306762 -0.536367357614097 -2.13386380145307 0.847909013488831 1.48014594273792 -0.942910051906086 -0.677640120195844 0.559072731889902 2.02476573016934 -0.168005307037974 1.7109250755937 0.961371751046777 -1.42844097553022 1.28197304119318 -0.561801370563422 -0.738808626538729 -0.0904078771909084 -0.182647973488422 1.39196853883097 -1.39662783175004 0.37676581242473 -0.647453542826948 0.334197139850316 -0.406277950842368 0.731434094018286 1.8536775147189 2.36929810961818 1.15567924755422 2.25119680944262
"973" 1.20662446108688 -1.80770608417752 -1.35544968913326 1.46739337840831 -0.838500739533393 0.964691316297293 0.205757419054024 -0.889801007885012 -0.916151944466183 -0.14667062779622 1.49385752328172 0.556012677492271 0.0528245160775032 -0.411942363552954 1.21807524890428 -1.81844314525845 -0.625410320228302 3.28680494734268 2.45702339626283 -2.04893794482649 4.34779873034521 -0.396227968861757 -2.14852423575227 -0.107680357494487 1.47599214317134 -0.0870340828841469 -1.83724021041059 1.50425306700569 -1.0077293727965 -1.27139432028753 0.606225602785788 0.282411225764919 2.19739559533409 -0.980277793809711 -0.0370800976504784 1.51815344651347 2.81106033494657 1.94886981365559 -1.9430571850077 -2.18839359005276 0.0565612342091618 1.77730616385391 -0.33148599018005 0.496048907273871 -1.04662467178988 -1.98628155811408 -2.81005988170961 -1.58409379678373 0.405852301743705 0.361526069033795
"974" 1.11720473880266 -1.47070979727978 -0.229104145072559 -2.10636079022354 0.462110487831429 0.182365644112545 0.403418652861631 0.43524756493345 -1.64031735052991 1.34638997921039 0.0118740875650669 -1.18765002607457 -2.05680929778521 -0.929832361772215 -1.26579073114049 -0.631759885060038 2.14745986166244 -1.28265832455859 0.0638359624246152 0.385827842261431 -0.39248008899114 -2.61342314324523 0.410311130839137 1.09370287377102 1.52133862360475 -0.54962631581705 1.51728023752142 -0.981270990852199 3.34481988138574 1.0781812756925 -0.532477162722453 -0.516248614724056 0.608591515674946 0.227677173925471 -0.115927603472265 0.537594068397624 -0.506053802734269 -1.99988538429829 -2.16595231759468 0.348182586655956 -0.837875602201421 1.24692909030053 -0.636445573951875 -0.0694893046910178 1.92334884309014 1.77314628654234 1.02218051599584 1.32343542253534 0.684307870473069 0.727850859261719
"975" 2.09583314016801 0.752897538365089 1.19591157705491 0.930278994087546 0.190573691378925 1.058982008923 0.781298054291231 0.935439141806034 0.837126566882395 0.873848208149829 -0.6052909204215 0.366125470249261 -0.266961975718498 0.994947662280173 -0.715142496147993 -1.28193216228596 0.397825014092291 0.579578365367161 0.756646017034563 -0.0236152906071111 1.44378165300148 -0.49072833674321 0.932819483949755 -0.982609257867053 -1.66744614458297 -0.584999648937765 -1.58976852020564 0.787974193904936 1.04923363973006 1.18990757535006 -1.09309647797336 -0.893178862515937 -1.36729273929299 -1.84796113300046 1.19353231921659 1.93546697516625 1.33632313625271 -1.07514446895747 -0.213348372037792 0.156925173687966 -0.121354480963033 -0.487365875764407 -0.0601082057237712 -0.787530919387177 0.343848903735839 -0.273098618587633 -1.82961392505806 -0.598390511256286 0.877636084941973 0.0802537917878928
"976" 0.373501241618805 -0.165888437869607 -2.10014954598213 3.21546331280055 -1.44399799894837 -0.771923165520202 0.242747104626718 -1.81781843086012 -1.70267204024939 -1.32199043618304 -0.30733660080113 -1.230713551524 -0.445313171089934 0.571661979194214 -0.822841439064989 0.86424372110547 -2.91244535517322 1.74693729818821 -0.708964131869622 0.0486941300631846 -0.37488334560847 1.08184971013938 -0.910491757471492 1.52291549493656 -2.24125121386281 1.91437577210936 0.526642010334513 1.20868902735915 -0.858500824380771 0.60524583174921 0.121371548344652 2.2411013918777 1.81330430389614 -0.243948137756202 -0.167226303759854 -1.45920121891014 -2.14979752805663 -1.74496108519227 -0.191598081921861 1.94156776866841 -1.78651569431975 -0.344631107447842 -0.982157418121517 -1.08575792574261 1.49991010291205 2.99822456110298 -0.346998428397127 -3.84147580601026 -1.95935358475076 -0.310330622603052
"977" 2.41929739775498 -2.83067425163937 -2.31381851670748 0.429063042535103 -1.70387096003206 -0.741848405490761 -0.720144531365845 -0.699139855508271 -0.0378130198641916 -0.680333480770276 -0.00929024704106852 -0.700474440056844 -0.318863836723671 -1.95795769289484 2.17642282409999 -1.43075040987927 1.46295545157021 -0.835045569901694 0.647997060941394 -0.0831605798903083 1.59080034970092 -2.42637024788307 1.3562212592604 -2.45609092445308 2.31973456003721 -1.1072630010053 -0.12918237534989 -1.53525670625875 1.45325915847008 -0.893060173303172 -1.59117926689024 1.73131952626444 -0.335029351938456 0.268839167657201 0.47738344292066 0.689196631714839 0.739203522035607 0.376389870736076 3.5971438972979 2.49333023530079 -0.0124019245962664 0.870270948583541 -1.32111088035987 -1.23505109268628 1.79153610781947 -0.0502919748951837 0.372408050010324 -0.370377434758575 -2.47459839221868 -0.918698106034341
"978" -0.0229686411267104 -0.289131262619235 1.67490555961488 1.39828752451874 -1.19586984921934 -0.416814959824001 1.91449916922885 2.61334372748462 3.18143970506136 -2.85332575670742 -1.6219094285433 -3.21147291028496 -1.18291770874188 0.637500318998086 -0.648075728283233 -0.675097014598721 0.659857439137923 -1.02126371716695 1.04097413161574 -0.816008009346188 -0.334786104162374 0.356889315333914 -1.41493209698629 -0.081661956107061 0.809032643591294 -1.07374718448201 0.690329072859686 -0.558260654600446 -3.5162756754366 -2.8601549488251 -0.17444972350794 0.371064373567566 2.37018807393997 -1.21493760597061 -1.24405874945114 -1.05069867357745 -0.124835251650718 -2.35284856603617 -1.33274771502197 -0.040387726805717 1.63465554100217 0.422269965749693 2.18259714763983 1.80101720765765 0.424130466019672 0.664125287706134 -0.149752649381777 1.88216042330996 2.14680288358264 1.68928621016544
"979" 0.167476616584183 -0.52282270007959 -0.24785282576353 -1.28001588685471 -0.248898129333266 -1.64019990625569 -0.168386769528302 0.44916521239281 1.29331730167282 -0.59896654827848 1.11601701417278 0.342703182976202 0.0967448617384237 1.41409845071207 0.104013209736143 -0.316831983154488 0.876243045639149 -1.1751003716584 3.03423096683971 -3.08295956351744 1.03311498899839 -0.537300505082337 0.484362980116132 -1.71237316968197 1.47293579517604 1.48270608580899 -0.504259534715286 0.65473445412325 0.753548012383916 -0.848420634586084 -1.16537250189323 -1.26254015112459 -1.17876722333432 1.28520647546014 -0.52718172245446 0.171251658498729 -3.1507363410173 -0.859557254699356 0.735478666293645 0.358454276508017 -0.573261758095618 1.17122534850192 -1.71162888823235 -1.70671838784337 1.00083757135192 2.68267200077981 1.56344030288268 -0.619222606360367 -0.310835965232053 0.478851422076534
"980" -0.556553724487969 1.31815426145992 1.61615792212896 0.123024533355194 -1.21633229938399 -2.42010948862711 2.20548997227936 1.76892132420812 -1.24954049075995 0.131008283458784 0.564357398917995 -0.146277524063593 0.297282848463574 0.121387978952315 0.208717470079796 -0.465143919443579 0.519535194102625 1.03626353829121 -0.530634850565811 2.11470842777239 -0.225348961407288 -1.02236068336486 1.54331397298355 0.998376209755443 -1.32019476234585 1.8796078178323 -0.966349669488585 2.717835274085 -1.16595650843008 0.345089987968061 1.39435992671376 1.50024107538831 1.71933520440381 0.327383338602912 -0.435675656219622 0.4386256902371 0.62843088176177 0.20216661710841 1.62692206605818 1.24629618936807 2.15268092457685 1.3854535634403 0.729410875788003 0.928612436537406 -0.639554842161958 0.50414243856342 0.928249648825373 0.791515424941065 1.01592630112924 0.13256346326163
"981" -2.06245601492416 -0.108683079327928 -1.31315729124378 2.35237959806069 -2.28375384465749 0.171924739787908 -0.679781675043227 -0.280491884206734 -1.04522919645881 2.02806259538267 0.330947271006637 0.413708291225072 -0.425082656273273 -2.57214176510132 2.08935809015726 -0.564930624441853 0.187648598784143 -0.138845428230265 2.10858906131608 -0.146747551571386 -0.966215530219996 -0.936570696910896 0.0593247783401242 -0.351180054083013 -0.0168445988788111 1.76460029401371 3.0472678514042 -1.66909801161416 -0.846347924276273 -1.15448678216741 -0.146459849286774 -0.219079479967959 -0.438230040145829 -2.11022238582064 -0.968576005992092 -0.218498086801395 2.646875193261 1.75084857480937 1.77607662633719 -0.353322938448915 0.773561639889235 -0.556108155271484 2.94422326347075 0.301505592629011 0.970375483494395 -2.05622833434138 -2.08533661993396 -0.355311911570407 0.487844354174101 0.136368284489565
"982" 0.930107191110657 2.41522185626297 2.30142598346271 0.298423647185812 -0.884387157492504 -2.14393370194548 1.69971117359326 0.325956195173308 0.144177490236181 -1.14957373455219 0.105389901076667 0.293354867760854 3.4905725023745 1.51490922223388 0.992198800455439 0.108884649026054 0.0314978708715093 -0.348361343751979 -0.853263776443493 0.822825013149982 -0.424673835597559 0.995786009056631 -0.862100510051246 1.33629641404934 0.568992951523539 -1.14316400045321 -0.640998807047547 -0.195567198353672 -0.3066401339799 0.446764896892009 2.36820588644454 -1.7813208851015 -0.896864101245843 1.1038602019671 -2.34145932993552 -1.91219214355095 -0.873053255631603 -1.34557481300541 -0.0391801919308594 -0.283697561526862 1.61284325757068 2.68764191971027 -1.52605572558628 2.21516654437329 -2.63556696687929 -2.07455577735525 -1.9537831473059 -0.499671103330343 -0.571606599514971 0.156442379149129
"983" -1.00104103727273 1.5522492328729 -1.16081052382202 0.208283108300201 -0.194650617709244 0.00403015597668511 -0.741133050699764 0.558837008951141 0.348605742601259 1.66581131936971 -0.26352310943853 0.769442196535112 -0.642711392391094 -0.211017645006665 1.19426760230169 -2.58431579873869 1.17108363954015 -0.262286440664125 -0.641772247493322 -0.785854359856909 0.592230226711081 -1.07846422368443 1.89309795547921 -0.895167093923733 0.00986814745593679 0.990828536512378 1.90431590916248 -2.53365578506193 1.83220927821948 0.596072677591907 -1.47043231809941 -0.351232481762819 -1.79480482984274 1.04758439810432 -0.443350828054405 -1.08523138648836 -2.65038942322329 -2.6037776518754 -0.652398829277137 -0.0576929110747886 0.0795397470185706 0.826957349197021 -0.092460238811883 -0.651260126898245 0.475812175294758 -0.122479630262093 1.15501228407787 2.77385255977706 1.57761702393227 -0.282671844874618
"984" -0.225785571388632 0.661550784674253 1.18689680874308 -0.960173275545835 -2.12804530003889 -2.05317054636152 0.850409731217666 1.05015592859123 -1.74688415786888 1.37747185548708 -0.478673536381916 1.77316535127012 -0.27712844005792 -2.44690896812114 -0.32270353192824 -0.588515024953964 1.49859003365993 -1.20588592762204 0.18571963981102 -1.29329605649014 -0.790294021002714 0.724872961548463 0.175376601654966 -0.371799620673886 0.344389689376206 -0.103464259525878 2.39560140730679 -1.72121639511301 -0.967742607759961 -0.0448227094052423 1.62260302118723 -0.223586517944901 2.52582915061252 -0.489401663366201 -1.03596398414802 -1.09869924896623 -0.0448212998465132 -1.18048748994032 -2.22547337136711 0.767591035211225 -1.41874867021655 0.364466940862232 -0.950170917507499 -1.24708357044091 1.24462796099714 0.379999573424935 -0.411069455388289 0.0403081259652071 0.288274214789877 0.872721655593936
"985" 0.659901759537233 -0.947289754654086 -0.674613217258539 -0.0716716868084868 -0.97506458557626 -1.11495658913608 3.24415370655272 3.40282806974576 0.363112157775211 1.84754901129119 -2.14374448108778 -2.14171713279443 -2.4256795628217 -0.788200945942932 0.750140177712567 -0.620802542566094 0.183650470860804 -0.101450710171394 -0.386170778953809 -0.688742376921643 0.155685282266123 0.449279706223005 1.65538486865451 -2.17899123153388 0.596464191570593 -0.257490007694565 1.13449217800766 0.256988598718047 -0.380000641581137 1.22477356801355 2.35697361054675 -1.82530907693244 -1.65139115561243 1.20092329713309 0.989434648027352 0.841913003645843 -0.390056829551449 0.284726109498994 0.129569032541715 0.841326511138054 -1.95366034836351 -1.34609345655681 -0.823617741222776 -2.79473687344099 0.907378647771287 -3.1421665853428 -3.58473105252721 -1.2596188139287 0.101328059217688 -1.85636115117283
"986" -0.187649102258774 1.44384696649196 0.421406964977701 -0.182657789729519 1.44818034822372 0.574326121391437 0.882290000665612 1.30365774725612 -2.98411132411988 3.20850448496378 -1.11082777546889 -1.47568366794842 -0.711398354219701 -0.296841621785072 0.910640230074672 0.493865326263178 -2.02759218566741 1.9067216084839 -0.925342943374111 0.963725135637261 -0.294685142377391 -0.847803611347716 2.67149187994624 0.385298378328466 -1.98359438425222 0.677329765799917 1.39342800128151 -0.734157230526123 -0.0737612970388705 -0.208634382404855 0.0525786152570421 -0.108128218428119 -0.409625426752433 1.67983925599889 -2.28098606164332 -0.612215971586618 0.0554748980870455 -1.45512693312528 -1.76220653597157 -2.90758771652708 3.52056262162544 0.54186966216564 1.63692175189348 1.03594808255053 -0.571796100830258 -0.591585516034028 0.808624269713999 2.37076412841444 -0.0416329229033133 -0.187832592412577
"987" -1.213356628372 1.40691229821683 0.0223117665817966 1.05169374863149 -1.09816085290183 -0.771609244948094 2.98129283306004 -0.0353131247136931 -0.890768169756312 1.36402159129385 -1.22960560181999 1.53673649820044 2.48642094674875 1.48115635250549 -0.934286033621113 -0.150057127468188 -1.12412326621159 -1.24741648170663 -3.40788307413602 0.856872448599677 -0.480702579865262 -0.262084945791364 -0.00387176442563827 -0.96965965827563 1.42340520886672 -2.15774110867325 -0.756133005344345 2.1888739232899 -1.98210140007286 1.98124378855959 -0.971998478879424 0.249542278323852 -1.96306928728648 2.54350031366293 -3.32077771386735 -3.65292539110549 -3.07373187786607 0.250546441780901 2.55635567726559 1.31888716138825 -1.58942427885622 -2.49054812243085 1.61418853818521 1.73694671548361 -4.54778730245204 -1.40158020220018 0.991537809318261 0.554098406482302 1.69859068455594 -1.81736946851411
"988" -0.867922238873074 -1.12536688936917 1.08878223476294 -2.21086744989213 1.42182651253821 3.27602925305266 -3.81890724305631 -1.94404810720943 -0.880330448229524 1.12393175478642 -1.25186437978067 -1.67925663020457 -0.997373196930751 -1.8176374691104 0.935878582623549 0.400173492246341 -0.886814759514924 0.561946055897108 -1.67909713562274 1.37482212547031 0.493448829775365 -0.87144531111151 0.927193759088558 -2.22308304424015 0.854594145125976 -1.12538101447446 0.581091928820292 -1.12864127124302 -1.28645160406292 -0.900189124686526 -0.690658219234493 -0.942122150400487 -1.35642968144079 0.189976511791227 -0.505286932046361 0.426445589272211 -2.18412179111215 0.000341468243260664 0.905498623299102 1.57361823915019 -1.67956039475814 -0.534378686845934 -0.573804153559883 -2.40799666441624 2.38195351476644 -0.72475164493688 -1.45014341500958 -0.803849609106798 -1.54334364914799 0.448063814834613
"989" -2.78748099506848 3.8328791100572 -0.254837699869986 0.840985696112208 -0.0765291093479325 0.355001159054212 1.53588636888477 0.409118100382108 -1.76192836603564 2.24464864415396 -0.0521960411880925 0.736451078902141 -1.6496127936144 -0.782858573478198 0.0271142326877581 1.20811026104754 -0.431644690866238 -1.05288828717455 1.64198343231319 0.135364184266308 -1.89120825160779 -0.643247789343574 -1.32741934566577 1.03077214744693 1.47438046427689 -0.0540277248104687 0.151724824614819 -1.07845171372385 0.540972744322256 -1.75902958436427 0.0350691271246996 -0.101920645127286 1.16756274655773 -1.82714435669742 -0.644118262495971 -2.19323903489036 -2.54275121174553 -3.15681729973563 -0.620922617941481 3.04499282909558 -1.39060115069285 -0.746431357113614 0.951642607460899 0.774516252864405 -0.467225601223465 -1.01148551432622 -1.09040678580997 -1.36011817359633 0.629179705205767 -0.371468725156832
"990" 0.150344937254989 -1.16007958508486 -0.315159684776581 0.714154157472347 1.1996988954972 -0.632554401234278 0.427499299818443 -1.679705112948 -1.14759209408481 -1.65221071499177 2.40436441879999 0.13347500468769 -1.18309554608877 0.208021329215108 -0.877534750057432 0.293444162001322 0.879864134588586 -0.327247683472689 0.210333615788008 1.26125394782714 -0.614725051617001 -1.858589484006 2.71522624854497 -0.640781631470698 -0.75632350318574 -1.00495375419239 -0.619578062276806 -0.721191457719305 0.151037971887554 -1.34478012645838 -1.20981820886763 1.39212983707066 1.79680394351625 -1.29423539278085 1.99631982343133 0.590412060813544 0.996510057357909 2.3050945481156 1.03564405833525 0.884188895182691 -1.52965884405563 -0.270994118676099 -0.828546055784584 0.449959501667964 -2.94825178446215 -2.48995187937664 -0.955450381657429 1.23847809937549 2.5606246374361 -0.809577142995005
"991" 1.42830918106827 -2.38024395316495 -1.84579595307317 0.000169905999663286 -1.32893317883635 -2.78877924468547 1.68360923142964 0.978727010243525 0.625513043100573 -1.85753662382196 1.66067699579016 1.39780062154412 0.951535002141107 2.85722142100199 -1.13499767737615 -1.42382887854638 0.119040764962568 -0.877346839856492 -0.831838468296319 -0.973447564434156 0.00800527051769424 1.49446450229802 -0.0928163638193436 -0.547947912072188 1.75129902465208 -3.1877605787776 -2.12442006257027 -0.0173089328217619 1.45089705778463 1.95360307268229 1.40566528025066 -0.853181636611642 0.329138675334541 -0.381520714886819 1.1966773092904 1.07775911621937 -1.47524051204533 -2.46939186358195 0.157604168563593 2.88413221136418 -2.89784032328012 0.298171945996872 0.241387345349151 0.582166072919724 -0.0416056118384634 -1.85059998092863 -2.05577582534612 -0.658655786544855 -0.14480203900118 -0.77830452951534
"992" 0.586072466513028 -1.8082236264835 -1.13912421252026 1.38886459799765 -1.15325609907999 -0.321050727900205 0.593746945372561 2.34146365095915 0.477249386087012 -0.0102466739260509 0.678511857539778 -0.508559348737492 0.687672495811585 0.0535589151333195 -1.62064096358988 3.06891591850604 -2.20749581484474 0.938937733845478 -1.30552540468253 3.04709824775327 -1.76960288007008 1.40615472671868 0.558330509589276 -1.7737352496542 -0.381704858621511 0.206967469862073 -0.526007464192523 0.919691406394935 -0.953164558759488 1.2673047302897 1.32750818537097 -0.0722097303572465 -1.95762235334599 0.512742865959683 1.2929215032049 0.0035944869272411 0.850198363713161 1.33642792245419 2.69699144029081 1.23189387859714 -1.55086374775176 -0.920766794381474 1.76156433375865 -0.184068437493684 1.62736039054266 1.75623024307268 2.6330022440743 0.667066849222687 -0.757836041411137 -0.555351580800781
"993" -2.50550342584502 2.23847679868983 0.0756742322791769 3.95955578417762 -3.47395342596202 1.39802631867464 0.181329306745823 -1.23806843837469 -1.12275596199617 -0.543089443735328 0.224537155948108 1.68737679606696 1.80494283901019 0.557752368640125 -0.957095237961691 1.08907332098829 -0.615562557683572 0.360208508034879 1.81277053355539 0.34934814104133 -0.36375301745061 2.33008146671675 -2.518934948281 0.42982300366677 -1.34084285339947 -2.51973634836991 -2.57708374070478 -2.06511929660757 0.855167329320908 -1.27640724740272 -0.878958580998057 0.0562229872131427 -1.0212415207126 -0.453092026337829 3.30778913142681 2.61257423178406 -0.0334203330391568 -0.341843444905755 0.257801003363315 -0.194340612117385 0.90800430865354 -0.929355381055492 0.47651978072867 -0.0565221930693732 -0.473651912204169 0.717214246848753 0.767700552561177 -0.31451207442825 0.160197188170945 -0.00718505331969399
"994" -0.301719411540059 -0.407121709012571 -0.0429271978927012 -0.203970875374926 -0.87597974826109 -1.93599873207732 -0.824487103227062 -2.55962687820353 -1.3635889455069 1.78525468652269 -2.21927631116022 -0.0826900295684568 2.8982121598737 0.0920096817252547 -0.20585374958055 -0.228002251182757 0.341454316413201 0.543274609346267 -1.18724874032539 0.125287888830239 1.99126528911812 -0.258749611100245 -0.126996789581961 0.0456435790956071 -0.68676528955038 -0.238770725399967 -1.18933595903624 2.34003943068771 -0.89246117999236 0.368360358297452 3.13897927933829 -2.12875102730325 -0.722338260008073 0.754728802394627 0.517317374335243 1.35765663766813 0.762543430964046 -0.73260386023534 1.96200414974009 0.645826696608819 -0.219081763431539 2.01357896902965 -1.29040828303728 0.730165066193809 1.38512447112065 1.64956880397075 -0.0328041534729257 0.72972392895539 0.841602336620142 -1.9882422063186
"995" 0.0864245235514135 -0.116160711822485 0.507210705137911 1.63765767820672 -0.967228240321437 -0.299990639739553 -0.594253253805 -2.3896622455093 0.667621848409937 0.481077152452608 -1.13012890298865 0.674263168831173 0.647942939076089 -0.301599589692431 1.90293157242065 -0.576503275298607 -0.979206192700459 -0.0886200897039043 -2.9692301225923 1.68260458318654 -1.76329077552059 1.38662184203862 1.07276230284739 -0.0575179034469311 -1.44750759419032 1.02291420714071 1.30627283018703 -0.556546813682243 -0.093221367639509 -0.329008680116386 0.396960828542691 -0.492792385203219 1.68692618362663 -1.99759657060487 -1.38499425640045 -2.37616818681147 0.00983811143933527 1.82376435760245 -0.111873387194355 -1.01631273487761 -1.04270146897215 -0.296309047185457 -2.27681609079551 -3.43306519386594 1.29655004193892 0.665712558440419 1.51609332621017 0.642607516905458 1.24693093067761 0.312793739059961
"996" -0.825365805752553 -0.338560859526717 -0.27083747058639 0.0116770906466763 -0.424260874525068 -1.34421955438001 1.60287765481932 0.494702353710589 1.23475931276126 -2.86664761600838 0.552550124330816 -0.584425577687776 0.548281307783315 0.907770927480938 1.2877626946335 -1.67851793334113 -1.52850670381615 2.26419405971308 -0.561404124660509 -0.646661923928487 2.33809872448359 -2.27754082080842 0.137741603796796 1.02540253327367 -0.789012113748774 0.66691784154056 0.697777024438046 -0.469641341104323 -0.143741244724271 0.993904864692496 0.77222158262224 1.18200214282378 0.0633570982338578 0.469998565217505 -0.421444051293195 -0.674470691868106 0.283183322520236 1.79411573332211 -0.386149712268315 -1.47647511589655 0.508236585683612 -0.378341746374499 -0.190331234532286 1.04146853927774 -0.322545035341567 3.01002578800875 2.81622887367461 0.980836491308333 0.159531357606665 -1.95067970084248
"997" -0.803113431064844 -1.00204582316734 -1.46370078654108 2.0463330300811 -0.451988902047298 -1.30595876813441 1.30913421036721 -0.707864497900117 -2.11450728526869 1.46639060532375 -0.605962332417777 -0.634658008437246 -0.120567555904949 -1.40420787566511 -0.0574997253799107 0.0299316480245627 -0.177718064892058 2.03051110110369 -0.00725834230054841 0.286187839425243 1.104442241193 0.747657138453645 -2.08852311825344 0.459024498920163 1.58610777266734 -0.563938565819697 0.670244688435278 -0.714219276900782 1.75503662145758 1.34356608259853 -1.33556757203929 1.32568670765763 -0.471955794614421 -0.71421458848738 1.43456518137976 -0.677705586630644 -0.389444224840019 2.67772953941893 1.25927432708213 0.468471419196779 1.688726376971 0.997314506003548 -0.208405581839685 -0.702701807491212 2.58721902670764 1.0585918464883 -0.114296225870542 -0.00292746026778285 0.710030958704865 -1.32492908149385
"998" -1.66233034474115 -0.0912742541685114 0.271627884740882 -1.20346440038018 2.27006710387048 0.710744678339148 0.19974701220968 -1.08089604799166 0.598960593476727 -0.643093696803194 0.57556852682867 -0.181286510254197 -0.394946016726932 0.805960052078616 1.46032632156409 -0.107691746916667 -0.633108128496651 0.0864408869873358 1.60517608093608 -3.24819630452329 1.2085184521203 1.1593671668571 -1.10803240739097 -0.535458182409143 0.163958128392762 -0.0441429289917562 -0.0927825119280012 -0.41557613896306 -0.0519535151559482 1.17126327331429 1.73917412429182 -0.322339245247352 -1.82681200544377 -0.945038076433172 2.41288937335247 2.37409773541226 0.202143862347775 -1.36913509291702 0.567723954058219 0.33888603688805 -1.09814712074082 -0.658785931373187 0.546994501608198 0.131217934469405 1.23624117641166 0.35483146450782 -0.906337495373162 -0.113868711378217 1.42700887177928 -1.12902984861976
"999" 1.08391480782151 -1.11260020208712 1.20521710809806 -1.19463555109005 -1.67828661314763 -2.10242134166423 0.782772119686339 0.833250804220187 -0.924386573436993 1.06993642416486 -0.384113208975537 0.167822194170597 -0.930558503160046 -0.356763784101373 1.19612165619997 -1.55075124117641 1.95716134903432 -0.751259884681926 0.295070099513121 -0.340193920925843 0.990189630930935 0.525219607417513 0.0759462807297768 -1.77029194325741 4.97789485271206 -5.27117680413649 -1.29286410412156 -1.70915784354522 2.28435360694927 2.9084746256475 2.74073390205822 -2.09404623224506 -1.47091694389049 -0.00942546000337906 -0.206162822380877 0.158974807946067 -0.812183713072685 -0.07414115977007 -0.281919842949942 -1.79692557379498 1.89950014193424 1.5361008961188 0.00145000224367584 0.340931792931722 1.36585115456357 1.43303484945008 1.6156511388512 0.875498614910741 2.27365264961662 0.61223916997965
"1000" -0.588571345273502 0.942686713873321 0.0204908645566755 0.488590980994612 -0.358737283841083 2.12205566786331 -0.117280940595212 1.69733575424466 0.88401432889953 0.24378644168823 -1.48391071505478 -0.641743809122128 0.431161326825424 -0.362692015776336 1.13631727732209 -0.401909742763835 1.88200389235125 -3.04777242152615 -2.45642245237376 2.02849100309167 -0.78764003911535 0.903376020197495 -0.116975451023755 -0.233658340086216 0.440880688962 -1.98595327757848 0.459871719928434 1.21042206700118 -1.39029934259974 -0.434406816781386 0.0116675123835906 -1.37799240793932 -1.94036084312474 2.45839750579335 -1.40763753281041 0.610678375718647 -0.0244768651529839 -0.0574860254301486 1.41412455981699 -0.399747466436746 0.434070576703546 -3.57947854709835 2.57749949406324 -0.771822098454304 0.859789680636766 1.81867281696903 3.35350286392934 2.40240613417802 1.40962698494547 -0.273589705523988
