"V1" "V2" "V3" "V4" "V5" "V6" "V7" "V8" "V9" "V10" "V11" "V12" "V13" "V14" "V15" "V16" "V17" "V18" "V19" "V20" "V21" "V22" "V23" "V24" "V25" "V26" "V27" "V28" "V29" "V30" "V31" "V32" "V33" "V34" "V35" "V36" "V37" "V38" "V39" "V40" "V41" "V42" "V43" "V44" "V45" "V46" "V47" "V48" "V49" "V50"
"1" 0.533896182007373 0.566285185169884 2.14281922477484 -1.03956970482501 0.316913609640003 2.9509935025284 -1.82236865706233 0.490095166253572 0.321740065423756 -0.925530120680032 1.02514333364961 0.640360185521309 2.47714483043396 1.11518461326718 0.437879668583631 1.47149492842353 -0.905893113154705 -1.76443818628565 0.150306976491129 -2.13757500854743 0.472981225377007 -0.378036343757815 3.11443053005485 -1.81711577349498 -1.10759588668795 0.876863874198217 -0.150837002979269 1.70872670057248 -1.59393452913903 -1.36363198031612 0.501353012309797 -0.883238894220513 0.274573751267715 1.27059331247233 -2.8875598280615 -2.36980710943504 -1.92173940591492 -0.373158370285935 0.930646452844109 1.35263290341911 -0.373492065837527 0.726272739295937 -0.306686546486914 0.822181699760106 0.78789854441233 0.728462271142478 -0.108934760041862 -0.933700008072795 -1.6319829030459 1.95439364060016
"2" 0.641823557814018 -1.94579571059112 2.04308602181461 -3.67857854917524 1.70657616203877 -0.340456477400978 0.703955888907523 -2.6720306412423 -1.98175743833624 0.243172005616936 1.09450208165274 -0.199883160723414 -0.404207760039782 0.165110209829466 -0.454528750002368 1.27728135123444 1.26795102443805 -2.19518774298896 -2.10427160953484 -0.398806735321135 0.675356879031822 -0.557141783307621 1.23310562122801 0.130152336618312 -0.499412394688181 0.0264056566425758 -0.522782267328996 0.327870145296415 1.05611779357408 2.52172584109558 -1.26357590248459 1.88536571803313 -1.18285581288212 -0.331124072319432 0.121039232360913 -1.59780920719183 -1.68389089090834 -0.738313309426903 0.596997820488409 -1.11001559672354 0.743889173596649 -0.754518912042979 -0.998484065521901 -1.42935572556632 1.31878587199831 0.312844854047708 -0.417733897775998 -0.209783674996614 0.064779245079871 -1.44764990425525
"3" 0.131611178608231 -0.224551503320457 -0.219772609717624 0.449220929693657 0.099583149223586 1.70223818482226 1.18627475546878 0.456722285315241 -1.76903148445796 1.45908473713026 -0.828044655954931 1.95976300783223 -0.166390326502225 -0.0384982447956628 0.176930592835315 0.121915593909453 -0.956799129352755 0.608112568436314 2.88155910813269 -2.15039919064727 0.600165595980675 -0.075491240588614 -1.22519717619543 -0.545972581999401 -0.544200162493462 -0.0187821004075096 -0.782024259263297 -0.816449456152154 0.396626807495415 0.63501613056699 -0.292585085016085 0.593917748069353 -0.989159233931593 1.93149850417527 1.09376302139317 2.70428376518415 -0.0637244227786366 -0.281721281964217 1.53529010695201 4.19928998267668 -2.31515018822863 1.49907009309296 -0.837069201384555 -0.356802869186333 0.367334886549389 -0.353083481716364 1.07642782602362 0.472221164881057 0.142935125038552 -0.301667941142193
"4" -2.05185945818713 0.773524517351313 2.00180476827773 -1.89278219685153 -1.74384532798843 -1.29259486587579 1.38126948161045 1.19647457455997 0.576911515409791 0.175833231961612 -0.503194676913707 2.27634512110922 2.64191906990567 0.354628209012493 -0.340254280056482 0.884937517256089 -1.10115437719609 -1.71942136461881 -0.641034307576344 0.218791619288455 0.102356317005053 0.633645035421059 -2.16688899511229 0.81804744486113 0.654171375690007 -1.28605268606049 -0.142696921834946 -0.640101601035638 -0.687179227735254 0.870123276976047 1.7554811753871 1.03931122681262 0.556483580019972 -0.0749896985702045 -0.267744820329851 -0.435936650378243 1.78976810468265 1.01875968750424 -0.332424279823983 -0.707044227609248 -1.84863230252615 -1.54129577600931 -0.873075960839639 -1.41142248588364 1.54447480618822 2.33803406211974 2.2501580481599 -0.92916050846691 -1.92911957666679 -0.908640724787054
"5" -0.978351713094377 0.622997082102865 -0.256578031669545 0.730652322914861 0.960322432901239 -0.0807361190425518 -0.109361313476187 -1.80651423586551 -0.546918533836531 -1.99063269280206 0.45493179727607 0.426812005448213 1.4404914513703 2.91292318093503 -2.11408341965574 0.793992087144739 -0.723154170169013 1.563854474581 -0.371986540433756 0.98618713004154 -0.670954727825315 0.608020826766102 -0.667067293327346 2.07441706750528 -1.79765680991219 -0.687674411285479 -0.19517247990066 0.546611537413859 0.781397421490976 1.426783090604 0.280013028601784 -0.464995933550958 -0.199767082263102 0.0519455178409059 1.47837655672577 2.47150156386932 0.745526631196348 -0.341966532228175 -0.389608601480522 1.69044803479903 -1.04764165444251 -0.172897532353955 0.627692018463902 0.642343304910013 0.161746813080572 -0.428077424383697 0.920609258452277 0.224868906955308 0.543818206986619 -0.364767828794466
"6" 1.56352827581437 -1.09446789033994 1.62663297632641 -1.9918655713691 0.89727109416431 -2.85776201031602 1.40953205056765 -3.73644018235024 -2.35147841191415 -0.840558199251916 0.239231583834107 -2.82879296218649 -0.0147028785662217 2.4259070516278 -2.33216283152757 -1.96575483154566 2.06405784580235 -1.53540832556602 -1.91271087266678 -0.499527351893404 -0.60054506983058 1.38631300348016 -1.16293457722605 0.118108390661542 0.377508146893157 -1.70912149362225 -3.08830957627593 2.069371253237 -0.0446132693982975 -0.252301687580613 -0.996089924389076 -0.23395544321687 -1.76380753733605 2.70514342588424 -1.07008351728325 0.828818840147872 0.755629697869038 -1.94037386650707 -0.988350228458534 -0.0883984456084302 -0.767802992749643 -0.510561291962987 -1.25371056809166 -2.2969839074377 1.41161922191031 -0.435647728178159 -1.67615408424602 0.268136901091354 -0.0196583560099555 0.653802775875892
"7" -1.52647248637683 3.16089637845928 2.83304536366934 0.582495847257087 -2.06802275212357 -1.45292102914143 -1.1516559492493 -1.4390656781847 1.22372067093293 -1.98390866882289 -0.0810428030012226 0.12885092291684 -1.24283025559526 -2.51687321815506 -0.37670172210345 0.989189596367811 -0.919971151721122 1.42021655521651 -0.450562277693429 -1.15125093872271 1.93652095304736 0.0972760306563058 -1.23539473597072 0.913222280721592 2.54501265834136 -1.56955376649005 -2.36696877812216 3.03702459938676 1.11804642523589 2.72060789769408 -0.0587178387614159 1.75021280051973 -0.645091276647762 0.697437859735824 1.04906727705622 2.11497275482309 -0.251888890325224 -0.831828946156197 0.110903050726764 0.492878429147516 -1.42909285330988 -1.25257198551049 -0.42594711345585 0.274969474974478 2.037445629282 2.81755482511074 0.933811944045496 -1.05206749829084 1.15332166028012 -0.682281741975055
"8" -1.80430106308195 0.770686544586109 -3.07535283763337 2.14525272826381 -0.822167881800315 -1.92018656977073 2.52523034522354 1.43404382642015 -0.131707313897644 1.39418075938046 -1.0037580356304 -0.0633287287616989 1.6795384172016 2.6164164708748 -1.43398201186972 2.46533567277351 -0.886922851783716 -0.429527794755506 -2.52947564914563 3.02063415788852 0.584398822955339 0.245783984586698 0.302654013765167 -0.88000673413905 2.14158930847138 -2.07788224142754 -1.20748109250565 1.23789272916542 1.47957300029893 3.0910304023006 0.248519593019326 -0.356573140270041 -0.768575238836126 -0.346973993882914 0.841944801796099 0.200497298922415 0.609918392227209 1.46552437942906 -0.112536231078649 0.181606726412222 0.355836693281217 0.521106855844481 0.239724081879125 -1.02193536866878 0.858766614043744 0.234878142043068 1.48392576714298 1.02974325872807 -0.485029674034204 -0.18412293508311
"9" 0.250830984727169 0.148241476394184 0.0494940482052389 -1.52836725453555 -0.60256070855089 -0.188199484119508 0.573564813245283 -0.792852820163297 -1.74966301924021 -0.814316811870099 0.240126236653754 0.640751071084931 1.59792066959221 2.61321381778697 -3.06971017675205 2.00675404898754 -2.26595385163422 1.71204765941057 0.0236048640927591 -0.214877775231639 -0.379651644289936 0.807518428438134 -0.369818959916102 -0.88104895660427 -0.0970247033111884 0.626982872329315 0.869427932412074 -0.242230657456591 -1.73028536693426 -1.704564284999 -1.65434292798701 2.24319612679466 -1.01143070784757 1.75299831200815 -0.0623947081057468 -0.463576846658215 -0.491152211292083 1.24893623062964 1.40164130956357 0.665035467620621 -1.93445955999595 1.04709797709634 -4.92447372001928 -4.1823738085655 1.98256234836274 0.410346150562103 -0.0995333622961427 1.01406881949083 -0.0448117210441235 -1.24711661175543
"10" 0.66211576163902 -0.43360417569324 -0.371037627382083 0.637417354001223 -0.0476162125871734 -0.0427469122702693 1.74508359003363 1.84735978377723 1.98355312602745 -1.58697942127336 0.997082636251596 0.174612286670062 1.19271560276454 1.13061165065843 -1.26416240015934 3.89134295570017 -1.72155439894124 0.293939512385614 1.58361133812405 -0.910086963042946 -0.8824984997412 0.0236643779838741 1.30056422695733 -0.495091349762984 1.00428393970447 -1.07124834401508 0.11008522487128 0.431074693280237 -0.353933405526289 0.534817201966254 0.208115616082084 -1.0263708779706 -1.02934798130593 -1.60543678742401 1.71764204161782 -0.612418784685876 0.50305612742366 -0.0874563206252793 0.57203207163642 -1.49333387260536 1.25028572515619 -2.16778095578371 1.73653134986431 0.915954622610383 1.14010513045313 1.77183176389395 1.04414616566902 -0.103583251567236 -0.644087792993819 -0.815770804272145
"11" -2.1741382386835 0.163356876044597 -0.631743966289213 -0.70893064478473 2.29009786163833 3.78864498906391 -0.823886276402935 1.14176941858827 -0.630220346523935 2.48024341687825 -1.12363994842404 -0.9558384511839 -0.967764772228493 1.01032094191212 -3.57645934692715 2.50345397590851 -1.64740509572581 1.28077062588713 -0.678714342795175 2.20262056886116 -0.1468347131083 -0.108622941835316 -0.730365136911138 -0.620769690979052 -0.521939187638712 -0.759410225991195 -1.25229406651532 -0.203391111902136 -0.253678211841067 -0.52869846096849 -0.319305833932367 -2.25341515796255 -1.06866832059161 0.0373809238816009 -0.814147113873558 0.0728083676297164 1.64624011148598 1.50769802529555 -1.91284992756266 -1.4715108757666 -0.659135120866082 -2.29097237464039 1.3895882926808 -0.612293210172834 0.409018576076734 0.0860274899178547 -0.12422063369541 0.259037250948723 -0.637763814373523 0.25786660128259
"12" 0.116372598319418 -0.134744044377106 -0.539372358736956 0.912449854324278 1.00414042967576 1.91713030915294 -1.5096933377708 -0.973635105439866 -0.935507933615318 0.4914231027124 0.861290720112229 2.63738260930347 0.502504422021726 -0.645991979252714 1.09285854532979 -1.07900057160056 2.83962441831357 -1.97823873023482 2.02060842033908 0.485492519866191 -2.72376599401722 -0.0357941425869806 1.39649306928521 -2.01155231800456 2.29945729838749 -1.60769621198887 1.13767084469681 -0.392748718550127 -0.925304275367299 0.219947102186516 0.558517960104038 -0.210533774192067 -2.42855194148452 -0.640158960117831 0.976066655815879 -0.611352668588506 0.357727385015412 0.379599410678505 0.715332185469221 0.876559983759268 -2.38987023627944 0.100405378633748 0.00341445617576537 2.78845570080222 -0.370089088157811 -0.855050410748887 -1.71889533936881 -0.51301616625239 0.53509166829859 -0.473379237964099
"13" -1.42328560902739 -0.746787684206555 -0.628878908571589 -0.368703300108881 0.545015771033301 -0.936881243667308 -0.551127153531135 -0.938389877110466 1.24242961237906 -1.43871152493994 -0.819108171907245 0.545928024985975 0.308030516472235 -1.60235922199736 1.26728862149762 0.458192375188929 -1.19881773157396 0.826613856890675 1.09331115982262 1.32644363188717 -2.31500116378703 0.28288036117369 0.45488979055696 2.94081780304238 -1.82404329991061 -0.359404494132067 -2.5327473050142 2.57467814155807 -0.888596593517161 -0.15954448978358 0.302415615632188 -1.15284275028614 -0.326593105602793 -0.687205193430684 -1.6824243078299 -3.08206461737257 -0.662495213154097 1.77637754846867 2.18052147739809 0.969133362125824 -0.332345209899503 -0.440733006330375 -1.96635303639505 0.356443002374037 -1.74164912560702 -0.0686113231191961 2.29738878287054 0.316003065710838 -0.55716013105394 -2.27072930004278
"14" 2.44688291676353 0.928747574887116 2.21233681833848 0.700700140284038 -0.691366152714932 0.40937595644287 1.68198067985088 0.447935305396212 1.01602633955562 -2.53951647066735 1.14311926685196 -0.639182687023514 0.805904248505994 1.92526116028989 0.0974370134630076 -0.842691039514826 1.74605154403387 -1.39910475374906 1.79300449717962 -1.11402502101978 -0.300199613276591 -0.720319398773703 -0.648963061698495 -0.0362000837505457 1.81769732902127 -0.630468301801167 2.03927053851476 -2.21663699366823 -0.40180395111351 -0.142215515194749 2.61629340836846 -2.45815694607108 -0.850427940789795 2.45051658354857 -2.25003251180758 -0.730913549587297 0.845873665201236 2.78980384422792 2.56385864487854 -1.0099898231297 2.11859237500066 -0.0708256541777895 1.54147163081685 -0.0360239712968607 0.424133129113578 -0.201699384321056 0.986312001205184 2.73110348511059 0.745585355284114 -0.136093171460584
"15" -0.130440986070773 -1.86649457384835 -0.675356662093566 -0.208063657711322 0.0489687858040054 -2.23374511994677 2.54812946358343 -0.620109904010286 -0.645327548000283 0.959323729280431 0.407146547208409 0.645627491137533 -1.80592932204063 -2.49858543265743 0.870573334479701 -0.191395245410278 -0.0414724711130708 0.406469010560121 0.813770117125216 0.624067576146249 -0.493237272076391 1.1361680745897 -1.45307667670001 -0.811398869157446 1.16525771715427 0.503219500326145 0.291880191487049 0.855436055287636 0.982526977582893 1.44554787101005 -0.448178886645702 -0.461550783460627 -0.882706370826408 0.683581362395737 -1.34434872409918 -0.432688575718245 0.331654873432644 0.178014431796375 2.33276536764545 2.64245565372614 -2.57437437365485 -2.15078295013779 1.21809157429905 -1.73930608618879 0.893701205782291 -0.608431920402907 -1.52840050240984 -0.497038264053374 0.00471263067926012 -0.738761764615091
"16" -0.27157332239354 -0.491514483158188 -0.884313093386949 0.554437269868741 -0.644895861773159 -1.27600715476115 0.107541262356528 -1.00256186966645 -2.11440747306462 -0.411416728032577 2.64180189486527 -0.0106440914739208 -1.74460512283137 -1.6092060759649 1.32347859838916 -0.257944470273208 -1.86092674659778 0.550542637976044 -0.759172328779456 -0.380038527468824 -0.121968947124616 0.991110839108683 0.817396134667393 -2.31527278651451 2.71694995218249 -1.13433666185483 1.55398542524055 -1.90543830459313 0.115597555452072 -0.519393463281142 0.455109706011462 -0.768504234847886 -2.0603861231005 3.23583753894715 -1.54663125163309 1.98516757794906 2.71079722891869 2.43493899583339 1.6106269874914 -0.619543559570779 1.49291782685852 -0.967052533883652 1.2000931489588 -1.11722921356903 0.0415741406048305 -1.25461263226792 -2.1193443653542 -1.06983348994668 -1.09319405716659 1.17321852584996
"17" -1.16223327242031 2.62119816157741 2.73498821404375 -2.6515634835664 3.95928430300774 2.94545189177557 1.28762597099101 3.1589791992927 -0.296695081110336 3.65255057936741 -1.35122839286183 -0.128751939794136 0.573706105931774 -1.10938062451609 2.03359928830275 -2.70997439096345 1.21097277260976 -0.244958344711387 0.214102675455226 1.55571640073136 -1.29322299307324 0.136653360818369 1.46856922041615 -1.70885328267991 0.427483962212116 -1.56734208328665 -0.824988860889655 -1.50839071424565 1.42222941452119 -0.691945057948937 -1.00423223263839 -0.439437997509385 0.529289915046564 -0.098152761940618 -0.710348288353224 0.922931269287327 0.39309446085246 0.24568298302358 0.144170617709698 -1.01473825236626 0.726868766372287 -0.769495588587965 0.819314030960545 -0.00325736432479952 0.273711366480828 0.390147285961218 0.837261414622788 0.345762729873691 -0.0295389705405002 2.12330307892124
"18" -0.887473728837223 -0.65994912180192 -0.890544265555995 -2.45938268567613 2.05502088679261 -0.914955103438103 -0.988906905334537 -1.67425420308211 -0.895084051430009 -0.570389461620472 0.732424876370124 -1.1456146286178 -2.79229767064809 -0.54028589455272 0.893059719470202 -0.996612668077787 -0.935834081513736 0.352473998187597 0.0904595951692728 -0.641600953157697 1.13259776614159 0.21562591096469 1.10678641245797 1.07166394595389 -1.28790336196356 -0.565948143006447 0.0599152016363599 0.474852692542351 0.488002728205227 1.34421391173984 1.7031952258654 -1.54816059108 -0.481511340839761 -0.409434596279306 2.01632842899181 1.12824462946012 2.27367580321368 0.89925586661836 -0.706945091325497 -0.726040461744416 3.81443644146504 0.436596015777222 1.54338219385792 1.5598871726596 0.354343232088447 0.304952724693932 -1.03613030741161 -0.857630436927597 -0.494871061935846 0.515448506252595
"19" -0.829097547233373 0.880508327828083 0.101556964531273 -1.22983026538234 -0.0472484578656179 0.815106124139962 -1.23244344974539 0.935852907411092 0.02387777780237 0.146216750569466 -0.384366742797978 -0.088414433599787 3.80682149436211 1.64100657473088 -0.643968488650801 1.25515509268237 -0.016617346351713 0.792662519723444 -0.300525723879117 1.73544818550956 0.54091959289328 -0.662471329705275 0.176301964703946 -0.967542151824261 -0.388666067819877 -0.44043502449732 -0.899888082776295 2.25146088944084 -1.41222811609974 1.53693294696902 2.06242278123333 -1.7019417540243 -2.16115207957984 1.06758215131615 -2.71105256294199 -2.0963514262109 -0.269034053395726 2.82496150079094 3.01520115852373 0.30600233275227 -0.207073769804468 -1.01894149559395 -0.866880841236972 -2.6979381162465 2.05106359522268 1.00489342497806 0.879991068829443 0.919077758982112 -0.892633012659651 1.58846026825516
"20" -0.808236359860626 -0.0233526129248259 0.150437832814883 0.268891265163408 -0.477867485338554 1.24141571537004 -1.48873872917766 -1.30048426656019 -0.712915008799733 0.547346970259557 -0.292090799964257 -1.01890715317531 -0.803512953746354 1.91900805321318 -3.14226819897205 0.747738546487432 -0.532342017925576 2.4803838473681 0.791339767005184 -1.54486562009197 0.729486568184058 1.61728334760612 -1.64751869547831 0.654931145389439 -0.514773499045045 1.33149083373248 1.47548449334534 0.288810359618203 -3.31375783721778 -4.16790283442954 -3.68517107544299 2.13751001188751 0.11328387840647 -0.581920434246878 3.1442475616117 3.39098287149689 1.1741180121214 -0.917499301150297 -3.52223365394552 -1.79652545886815 -1.05818957406449 -0.397438395120696 -0.294358465351721 1.20974298053999 -0.800036649510274 -0.590376378080984 -1.99963204560526 -0.0900352329596758 1.09182322235962 -1.3897335601029
"21" -0.997067295385232 -0.59434085126206 0.519855011650773 -2.06299926934483 1.56159668430804 2.04290859936976 -2.52303559666789 -2.76935286326304 -0.402637290236648 -0.99736954909054 -1.0531142537602 -1.69468341446633 0.792703900946685 1.57214236012669 0.147253000633624 -1.26938640146132 -0.174558168424391 2.35565438443381 2.47826350234739 -1.20739869745955 -0.0169228498955704 0.0529492697517269 -1.33698900231076 1.13786833428651 -1.22021987732518 -0.718369443592574 -2.78587260367048 1.83804937297402 -0.0324315107561595 0.978872414755284 1.19204103961889 -0.706552855336629 -0.258663682794259 1.35041591771396 -1.63731277854363 1.45330088230378 2.28736689195932 -0.789094593011518 -1.26624109565317 -1.97862517034351 1.6680279935854 -2.1121196356012 3.46643952355354 -0.609181051115773 2.07403084032294 0.112209585926127 1.12375314760231 0.893115488706083 -1.85778625883364 2.87032552417873
"22" -1.22611274581329 -0.390194208564029 1.74588151751937 -1.43277056743251 0.410147353373316 -0.399651093896319 -1.25136490960937 -0.619776443162784 0.686421845597215 -1.4733668441485 0.696426088207761 0.92770449950081 2.14637145914053 1.88289096987311 -0.457109202320403 -0.205516871471873 -1.16183277251036 3.37233924426453 2.6126032428543 0.786565027223512 0.279134979018184 -1.00893280115431 1.51620400481995 0.185508281337116 0.0998530666938211 0.136693910216473 1.39301123494457 1.45620304889304 -3.39286680156088 -1.74930263375625 -0.946979119459419 1.87825470056251 1.80565867369436 -0.140308672835893 1.49944973584886 1.5521890569555 -1.84002409059145 -1.48850359322395 1.11563806511636 0.223368284351988 -0.93343093255729 -0.173481778139549 0.498484802424369 -0.0426321146435979 1.53614432893507 -0.0249128934412814 -1.8868627748512 -1.04336506549023 -0.342965661680446 -1.60911384958393
"23" -1.07033172785544 -0.609169549754522 0.256519334734288 -0.697347670396399 0.231110924055257 0.972381316759523 -0.387305398478954 -1.10128497939162 -2.39536957944783 -0.264704227787668 1.34534405467281 0.330202796217986 0.662419884805303 0.521542901397314 -1.14085998444887 1.61274913709851 -2.06156342489991 0.635536307357185 0.749685045926313 -1.38285897125996 0.729868047047143 -0.540440100280831 2.17040278119925 0.168957261866469 -1.87093854955831 0.986065367509842 3.59443267119697 -1.00141729409981 -2.41814018470173 -1.6862844388643 -2.3872034229251 0.588939611241705 -0.998471246522508 0.000944790032859805 0.641298270982304 1.12080496329657 -1.24048942117576 -1.70417528380907 -2.90715432811329 -0.894021730963813 0.244236634394278 3.74500083535329 -2.56075347785377 0.104543039525998 0.109795683739201 0.588584716315033 0.754172856057109 -0.0212186821932975 1.31179783763706 -1.56986360403247
"24" -0.771047193418097 1.56950529177207 -0.0761884006081945 0.942924055926808 0.783378246924993 1.99481380631189 -2.26460673087661 -0.848158752517694 -1.40254168629979 2.74316346708641 -2.1637036499704 -3.91846933630428 -1.79423641000555 0.630503694610102 -0.748810446282172 0.0667738971142458 1.03311859403863 1.06329722499147 2.09199157834417 0.401501252373316 0.874670142215196 -1.05224447167875 0.731290609044903 1.36370147927697 1.07207359100581 -2.69382358991181 -0.346473875590346 0.24825484310738 0.688872907190855 -0.653340497740876 -2.35787952869949 0.049691734299357 -0.796106794095491 0.381311764145914 -0.188058379922814 -2.73225490864743 -3.69978473372838 -2.66467001116954 -2.15775039262846 0.794173611858985 -2.23882036884552 -1.20231880092605 1.07181238464808 1.30868329806592 -0.0857291365160985 1.67532067929955 1.96225565474317 1.47355014624197 2.19985246359156 -1.39695920724042
"25" 0.053648667277013 0.589619964941265 -0.594485998165279 0.763217416034502 1.30688255790269 0.491184579765017 1.08797073808206 0.42041121205309 0.785290869965096 1.53037135108157 -2.51631912633699 1.04670753038463 -0.313921950681647 -1.18480437262391 -1.56444002639112 1.00354918380682 -0.556756924718448 1.10603115493279 1.84697126635009 -0.196310468629904 -0.867084141382909 -1.78340458601654 1.67452506512525 -0.234287883674099 1.44433578987482 0.708224356624612 1.04967722106708 0.993164577284965 -0.0741646619110696 0.884936349693063 -0.155645074288567 0.348691585092803 1.09220979644273 -0.555901027084993 -1.7882762844609 -0.017322678939373 0.218142589025356 -1.4193808160696 0.351141906049116 0.279806526164196 0.486883784687876 0.914193799988101 0.700565161181366 2.24385019350862 -2.64164325060018 -1.25040452802296 -0.530070904790588 -0.300447315367282 -0.193773825194775 3.7508926604976
"26" -1.61119967256147 0.30228267143032 0.387608702595903 1.86632466743973 -2.51025647128868 0.03511361937452 1.69469343132575 1.32771228193621 -0.128871489808319 0.957659000233675 1.39807568395481 3.24416750021637 2.55328419541948 1.83130056955631 -1.21239971298417 0.396847916953242 3.03861991561466 -1.31478289099361 1.52796343914004 -0.515785887752379 1.10322933412272 -0.632698740116253 0.245517550195075 -1.83776581659005 3.41636939300683 -2.92779588847552 -0.244822894508586 -1.67701213621731 1.84141786966863 0.948013838197623 -1.2469734858076 0.713194331993846 -1.20226306643872 1.62740311653896 -0.91945638849462 1.10648900126721 0.500848073178252 -0.653601379804351 1.7131822338981 2.67182031777146 -2.76200357225509 -2.10909563458688 1.44410321798388 2.27479911474552 -1.53035950474279 -0.60054347133427 0.00442165884054444 0.563771554499512 0.354445161922995 -2.03751597734997
"27" -1.13298826951426 0.460556718238797 2.47614126155965 -1.12020477337468 -0.874868859934426 -1.74925923585937 2.29417918632882 1.26400940805911 0.848902301100276 -0.503668891175112 -0.581344565702369 0.273510647779523 0.263312733322084 1.50210704174933 -0.49727868904286 0.37842991818784 -1.8778996591284 1.8493796733534 2.05472083825536 -1.14483115559863 -0.550218813913492 1.70640795437147 -1.81917377390576 -1.15519743643956 1.9915290597257 -0.717330367064054 0.373303753374207 0.461809520222718 0.479212161226968 2.81140399554348 1.75188237451838 -2.88540743800329 -0.851480939437934 -1.95223697207531 2.20541394310655 0.0488835829750417 1.17199065338608 0.0812419227208855 -0.0932555158771401 0.64379762134588 1.25997353198287 0.804261080504022 0.575668565430099 1.52291954073339 -1.70306032435649 -0.143697647769788 -0.244439617622023 -0.458411482198636 -0.477861240471025 -1.8253161434529
"28" 0.858132465160729 -0.915232834497185 -0.579107447581373 1.12709507589617 -2.01263118207072 -1.14795309412561 -0.94659592274351 -1.78662960214961 -1.78591952330733 0.522084714342308 -1.07968932852281 0.273444575517677 1.4240132778388 -0.296113831688109 1.07317803512536 -0.273425486303835 1.26863147060078 -0.903989326984476 1.67708568601404 -0.606216233851036 0.78988990382669 -1.06381685073817 -0.000523217321144697 0.993211654112028 -2.46260228576709 1.05388359097232 1.30339743417298 -1.21237054574627 0.957686409038007 -1.09628668464126 -0.979218390413594 -0.149354635033848 -0.528920683068849 1.58907658393562 -0.805549175918382 -0.55305887629252 -0.0551650350716265 -0.587964703783624 -1.78928732260305 -2.45382059065846 -0.529248036044965 -2.2875089270063 -0.232076084448186 -1.63356340822236 -0.422165657750009 -1.70838852085 -1.69171025066361 -0.62641466537921 5.32803999501222 -4.48257644424659
"29" -1.56454247248682 -0.231460752474267 0.413894593337994 1.17392137477358 -2.25121982904066 -2.52725066586914 1.7852235575032 0.190002688412773 0.22121016352846 0.0618524946862628 -0.185607681672408 -0.690878349088853 1.07115141751031 0.925283960153377 -1.1304588263577 0.0773232770153095 0.490383921236622 0.0595556039061229 -1.75053938764795 2.38909389357287 -0.451165537047988 -0.560761448995743 -1.0305731210484 -0.862692297731583 0.922407636507968 -0.338185167801538 -1.31190419856605 0.797426984655939 0.339398375877429 0.157545394884993 0.18772142588137 -0.0994950968215422 0.244463608073716 -1.65270373166096 1.42154231958058 0.490382418769326 0.864476565083184 0.288924740016122 0.768335858880258 1.6146265254207 0.0897037747478162 1.45315921351252 0.563974803305897 -0.57446442705152 2.99132178289896 2.60080209929832 0.273687240412962 -2.09283065778 -1.65187818237531 -0.656994164473927
"30" -0.464636719092058 0.0147194669455655 -1.41904323859572 1.54810368554825 0.62595480841652 0.0433464412559204 -0.180083790119046 -1.63103110600497 2.81256342562902 -4.93729776727356 -0.777453195796419 -1.63254778835677 -0.165993314182613 2.32106765489165 -3.22633333626431 -1.99360074953563 4.01082225948803 -1.03908128074127 -0.287771217518212 2.40738305121066 -2.14349029406922 -0.889899697137887 1.98443795886634 -2.72084195771335 0.548922098194099 0.166633928072743 1.88056301220571 -2.79721617048228 3.83615254155745 1.90527504571658 -2.06284934489538 1.47722442330204 -0.460503917094633 2.29606310423132 -1.17872009199671 1.15600543134552 -0.673545774489545 -1.35927612724706 -0.647488003013667 -0.887949167087017 1.43169201341461 2.29417624731462 -0.142533577063271 -0.317554131729325 0.00608884976164272 -2.09547540887364 -0.87259424266732 -0.82676287250099 1.63261553127246 -0.16681087607848
"31" -0.681299316964746 -0.0865315917884904 -1.42124269185918 1.21142814332231 0.113564830041133 -0.781252177357708 1.21997087095325 -0.14240654069078 -1.09209958926104 1.44376307941868 -1.22792963296868 -3.14079094130822 -2.54787933484539 -0.508704249562318 1.52919707798988 -1.92136025879115 1.03419187581849 1.00415807180491 0.664413840161213 -0.152016050226533 -0.795004669062863 0.197091974794208 3.64889356692711 -1.36864614661415 -1.56124166053139 0.679095985229667 1.25677190715826 -2.16122774350261 0.286253015739545 1.02917356676368 2.03605172211655 -0.829010998446484 0.376674323133339 0.477738553705421 -1.60522487375162 -0.836990282220052 -1.94065974958671 -3.24046263791593 -0.0875941781971724 1.22064038121015 -1.82479307996698 -1.07066856069089 -1.81263878110719 -3.09631855141771 1.11821900891309 -0.73189846293505 -2.31276170237483 -0.89141972404105 0.337593740327982 0.0149239872259255
"32" -0.396984563858079 0.385584161254775 0.461374016385217 -0.346983954324249 0.132855456135614 1.22486819781701 -1.56613034813594 0.479085900138687 2.05473229931477 -1.49103730621873 -0.321898213099528 -3.19334024049315 -0.122995221520318 -0.253815698931783 -0.833205923896201 2.27843641051753 -0.526455240886334 0.00356621653258565 1.26996167391376 -3.4831497937353 1.40173257249158 0.766692338179156 -0.462482978223593 1.53082665608526 -2.00689061317903 1.91872598078428 0.483943041908761 0.198804561565503 -0.681529585161804 -1.39386286121093 0.281750776230006 -1.59704239154487 -1.27410354473005 1.33977188494208 -0.194696890983332 1.55239170190235 1.80815715592203 -0.727923376074737 0.868240252168012 -0.37410150836842 1.67946043531917 0.72881373477543 0.41419168480386 1.80612354388589 -0.780653278227578 0.819356976740276 0.823062626716797 1.15406270618512 -1.50570507893695 1.50439746062957
"33" -0.0293751857080837 0.473345826924446 0.72920252658403 -0.992646245565354 0.247412316571928 1.71460100043412 -1.99529262177603 -0.35333471903733 -1.83846750834847 0.0493423034322397 -0.123126282997966 -0.674030988868623 1.21884279912202 0.42666154572969 -2.57451532640356 2.23458002200337 -0.845149171860286 0.938481468000848 -1.19459547821611 2.29153975817643 -0.954799512457652 -0.0935728182974817 1.75822395586774 -1.37053566921095 -0.562944686328773 0.960285369359856 -0.000797206207001302 1.00352568537298 0.837280840630006 1.01620787416322 -1.13412221694727 3.02824128076826 4.45792120535513 -2.21202133201093 0.160076863256058 0.206998302478908 -2.1402300547827 -2.76976743231421 -1.79260492058626 0.462946950463792 1.64819886146883 1.57547982144989 -0.478639788512928 -0.440326020888916 -0.722165823578827 -0.899447835320104 -0.387969162327217 0.421070027416222 0.424604070057549 1.24508142986708
"34" -0.120613508948733 0.302563571569411 -0.211970937820051 -1.83722322821228 -0.835252301230184 -1.71287839047377 -1.07203409589021 -0.823475610510057 0.661743153928305 -0.138700582409279 -0.737861880557786 0.632861518675979 0.953617627215236 0.947761057214398 -1.01788245409155 -0.0960739395108359 0.58465547645077 -2.2582518050091 -0.0298954966556227 -0.292549200800046 -2.3588750362461 -0.39660616210659 -0.759919965584228 2.91818816042756 -0.524689578647073 -0.66435734817974 0.726494662648424 0.467139017409638 -0.303372330035243 0.906029153056766 1.53825500498042 0.513565369276918 1.63123535413828 0.48271419527916 -1.14357854543426 -1.82840845341546 -1.95859017627328 -0.35360610168897 -0.431340841180489 -0.476360823136085 -0.955696959615804 -1.69560922357859 0.977628169655856 1.05686198496489 -3.18551574750737 -1.38703056109751 0.367558645662049 -0.494437334650133 -0.0496692649646599 -0.583241455180034
"35" 0.196974816600213 -0.421258745577077 -1.05332495670154 -0.668894150502104 1.83448315792491 1.46348959103063 -0.432065683993369 0.876376227838624 -0.448226740265332 -1.79806232885046 0.221785754409407 0.605085960259084 0.34721263933399 0.369538015543851 -2.20415148342767 0.925607956481443 0.809921713599049 -0.0808050291067559 0.428686846760202 -0.800041830863101 0.850321469880288 -0.69161645933163 0.407637099304685 -1.03502561835704 0.751861507788822 -0.643210365262892 -2.70964627011822 1.79339241041218 0.360305870616796 0.106204670214205 0.0668098334711985 -1.86392132608561 -0.833087279847318 -0.758847478282498 -0.516678125355082 -0.439247684011134 2.5932773574123 -1.61800219752745 -3.48840359673148 -0.166658490955433 0.817939503364658 -1.278386020816 -0.11082676468609 -1.51074731539947 1.2153414096305 0.452219656258512 1.44477731005048 -0.061462001308451 -1.36535270082665 1.13299188440461
"36" 2.09952976606876 -0.257156681623128 -1.19407365654152 0.061487751554912 0.35821319287819 1.43665944945886 -1.52813279597022 0.522884149574487 1.45506224985294 -1.00066059975654 0.600698589232404 2.4578912810979 1.06078130377282 -1.30736904126185 0.326559421902516 1.04586195874964 -0.173734387513556 1.28128575876644 1.31374749291486 -0.438075368252456 -0.496074855784451 0.0334365311702287 -1.12884999018637 0.913029239765945 0.455690445764007 -0.59630891304742 -0.557213746700748 -0.0350090706483205 0.165823916581442 0.370109553750353 2.21200243416035 -3.05308414409785 -0.673919942551402 -1.34586880636097 0.244660924153856 -2.54204823236291 0.0248460523442514 2.10130067461696 -0.21888165163108 -2.46756848673867 2.15646102420333 0.412885781762053 2.60149658637672 1.67305690205687 -1.94892689238451 -1.41577546644527 0.702329657714459 1.46142075290055 0.672889179434116 -0.623912846234945
"37" 1.33385377387633 1.08864531700016 1.72496941428534 -0.650189031323023 0.95601829796127 -0.692219085065032 1.70862993739699 0.338439712603541 1.15908433226749 1.08739602708294 -3.1298872185863 -0.529794730703336 -0.645904683984201 -1.0679518168806 -1.93500296196024 0.928651703476531 1.10564498352176 -1.12456618273172 0.0329501999230723 -0.395449353248242 1.80094986787699 -1.41102325296621 -2.47160244509507 1.47782801849605 0.923149630687783 0.195297910837397 1.09599946322977 0.270905130588831 -0.60928347058849 -0.808795779450399 -0.0126462593679934 -1.96345482542956 0.281955057102134 -1.1981281730631 0.229306468597544 0.653844897276452 -1.09328105038896 -1.69932395737991 0.852856907546278 2.10433012993534 -2.22288156988325 -3.25680794688042 -0.13983015344911 -1.15449545738035 0.750643226985956 0.215726985060582 -0.545114301363449 -0.331979735844803 -1.9136038311765 2.30875495420287
"38" 2.80254267533916 -0.542825849493494 -0.56019966444946 -0.00834434290363243 -0.102475411427661 0.0119204449677051 0.518522609664778 1.69606103694047 -0.0135316816776298 1.41984624995829 0.564285661332012 0.779043285070006 1.41398971170057 0.463118259160077 0.33799777011786 0.488108941854436 0.633917413301059 -1.98966001997381 -1.59345321312383 -0.390934327075211 0.843417003457692 1.73284963028059 -2.18893092267809 -0.141778768551143 0.608650115148988 -0.565852537989914 -0.194888582681058 -1.01235144720865 -0.590927286247286 -0.609227806477253 1.29726587482334 1.98069891476293 2.64210408349627 0.537058500100474 -0.274597829615067 1.20641321213588 -2.97399528891806 -2.08640562678436 -0.0711359800511379 -1.20882333228383 -0.167459267882501 0.403128429197225 -1.28089444922923 -0.0360575254466237 -3.38053446301576 -1.89492969528457 -0.634569546575074 -2.60736981614246 -2.44505088041812 0.674694474220519
"39" 0.823637301656336 -0.237330921963966 -0.0384026643943174 -0.630057142692231 0.145838141930778 0.276462991512178 -2.32767988985645 -0.630359529570088 1.51137633240938 -0.437119665412384 0.657107977343855 -0.114149778942353 -1.27668395932262 -0.120857394341272 -1.19001654233234 1.4872391585369 -1.25855016950502 2.08387001753386 1.67471436116809 2.09431649269671 -1.79422418342229 -0.140083405646341 -0.728016842003752 -0.355833887918546 0.411231862079404 -0.389937177278468 0.842289859161572 -1.04385710051195 -0.527053427573171 -0.830606112220335 1.1212432071499 -1.17257637065292 0.759967444278724 -1.26903470947836 1.64588849518778 -0.285071255076044 -0.933363497128769 0.598385362206241 -0.698582729593916 -0.142329904582554 1.16764107126313 0.487475453993962 0.732990652232042 -2.08841631353155 -0.765674276849778 -0.722389276449287 0.404618196634609 0.547822763220868 -1.04901177652152 0.804043757196814
"40" 0.958143350627438 -0.36970089022036 -0.147896066771837 -0.123901739640674 -0.21370431630093 -0.102257966557122 0.261523745086478 -1.02956630554961 -1.7081916785999 -1.89973577177403 0.727796676455589 -0.393174932323473 -0.396296227079271 -0.614736738043939 -0.474401431429783 0.546578856668626 0.815838538061784 -0.789948956405552 -0.813187890138368 -0.882695034282415 0.839245996314933 0.811696984019218 -2.16901430933738 0.799007076670295 -0.399809551770342 0.0839502523022959 0.476521151310267 0.334765584073092 -2.01416595555405 -2.96629726789432 0.809747265885819 -2.91522753281275 -0.429324207697856 -0.680182205924178 0.69106386212755 0.249469160363552 -0.00265520835921328 0.049590907592133 -0.65674510712381 0.332419727573586 0.841967376238669 0.869573855467554 0.648884921164209 0.568136925485065 -0.441450029578022 -2.45967600893994 -1.13410335859047 -0.373614639632722 0.00623821234458386 0.51560721722361
"41" 0.679834069192471 -2.45924028330368 0.246823543585125 -2.20356021003508 2.5455851245612 1.05889180109216 2.06560572732087 1.85546613581915 0.372932358860866 -0.137138708558511 1.71212372337875 0.654214158296958 -3.07212656382539 -1.12373610844009 1.40552673692541 -0.638870094614415 1.72214059834912 -3.40918078113008 -0.126824920991848 0.964302062619339 -1.78371678657644 -1.47694900088885 0.23938509442671 -0.0963737987728034 -0.633950940761421 0.291678146326728 -1.11173222187424 1.12409546351726 1.40383430049588 0.518532939820409 -1.70760936958578 1.26011841645874 1.03066846118358 -0.888625203534118 0.618483947167841 1.78137926454609 1.1431210701498 -0.953502681870196 -0.935332471208965 -0.867655932306545 0.832849666382641 1.02960429881854 1.5833586693259 1.99052015793388 -1.50745743535052 -1.3709802833474 0.538667858775518 0.381197497163613 1.94907926682969 -0.432103788374672
"42" -0.0590039538991508 0.2459819744294 0.509643743963482 0.0613371804526828 -1.24954069300925 -1.29207829904214 1.45547900282174 0.669547507277405 1.09369579316928 -0.810158052984465 1.01164978481545 0.89216999276914 0.798618716496307 2.05181565895284 -0.992362762373147 0.2371473902684 -0.697093325258419 1.92964521889682 -0.733576732867967 4.26099339628256 -1.2635553024748 -0.14778069838041 -0.0116843817070141 -0.349319618398222 -1.5519773217782 0.651020854807241 -1.83004828814932 1.89598655959198 -3.85775360044906 -2.28091468783199 0.41520726583461 0.501357779445773 -1.80937181071264 1.67217309868944 1.57364529852518 0.400057143992525 0.405399015861317 0.419054343618327 -0.462665051999019 -0.225758710680157 -1.85073999745957 -3.26001659657924 0.112072830901804 -3.37548699012577 1.89995511546911 0.247699428353125 1.70079174549364 1.33504894126079 0.966136241479836 0.336642411920985
"43" 0.67077832956819 -0.0331565384098781 0.0860506789119705 0.00611338630093924 0.095717367115557 0.483262491829933 -1.00068262438291 -0.312679369591736 1.32581953741031 -1.64640073570549 -2.87484539286958 -4.28813736646145 -0.545706730461185 1.17152794269216 0.251535436239133 -1.03848948460435 -0.904090956343888 -0.262888992432502 -1.16269592239876 -1.73793553669133 1.41257218222636 0.916825640203225 -1.53918577434084 0.621661484212482 0.420574169427519 0.701763119582593 0.741354377053435 0.190042585012383 1.1380904473421 3.36943694240573 2.58239788892357 -1.22766404890156 -0.432562441205881 -0.229990415725184 -0.526253396159046 0.243422670399749 -0.652387736146785 -1.72774704799373 0.921367217874024 1.58459027765048 -0.364889784099045 -0.108776041319375 -0.756109604273487 1.96245498246893 -0.902800742087714 1.12931865349408 -0.605863250839878 1.20829244325439 0.577203930555405 -0.143154027888435
"44" -1.35241443643782 1.03319566966429 -0.841616504698645 1.84986852197211 -0.62562283932718 0.0938175826215867 -0.59511411354993 0.462284631412862 0.467384366266615 1.3367443058543 0.438043692972422 0.947969326375031 0.128310276727068 -0.260401413101874 -0.466493358791141 1.44518781669255 -0.883137406231802 0.935385282652874 0.774463495194505 -0.981552546909383 1.23153627701484 -1.25855097850027 1.04896296204801 1.5781272043535 -4.24251531435134 1.50199035510444 0.805612867534114 -1.01728845357753 0.928869226440896 -0.83564244345627 -1.56447728088704 0.476484739234172 -1.03323819867396 -0.153457646384997 1.0087174125336 -1.04348525048254 -0.661508449431054 0.344608158206201 0.242413256108328 0.61787755616035 0.298461389333497 0.467849503137425 -0.145280294640356 1.4136014227335 -0.277552344146553 1.62244584442315 2.08330412194435 -1.30745484315855 -1.78874316425223 1.58320011887119
"45" -0.111676400690613 1.46325186235156 -0.448810559848069 1.51493067919862 -2.52085316615203 -2.34139340922731 -0.625839528880562 -0.680045047713728 -0.414593284352076 -0.30412406037534 0.664950433911583 -1.70639800100995 -1.2265231759133 -1.61286048163256 0.384590840094183 0.744482914041552 0.315819060097392 2.3178015054478 1.87387538159009 -0.153355683201604 -1.78146831206855 2.41328981704939 -0.581526044683309 0.564366724890867 -0.297219753106406 -0.895626156157461 -1.75112300410197 1.51365712472951 -1.2814323273091 -0.628952339810649 -0.168410466297399 -0.404346727212896 -0.540309419370602 0.720117534496712 0.284203960830082 -2.4755182163452 -2.06684591266759 -1.57890440205815 -1.38551429340216 -0.166849354866578 1.14957912694071 -0.630924197031393 3.29735273410692 1.81109618128216 -0.17184407558444 0.986902816477739 1.29800873861697 1.17114946412574 0.67516864989886 -0.903369828339488
"46" 0.443180750792471 -2.36434139328371 -0.871980209041232 -0.125286818473961 0.869988244066486 1.28792130611378 1.734282240216 3.42208020055025 3.06140795627378 -2.98089731442249 0.800602773423857 -2.26153274349575 0.246113165190475 0.765387903790272 -0.250700379459873 0.249936183776969 -0.898156838916756 -0.0690655854860316 -0.456164846000739 -0.617653649884468 1.91870728851766 -0.657738817425086 -0.0599784524074454 -0.22445472071479 -0.512801400898523 0.785000334537684 1.06216037039506 -0.806102572090495 1.72299255451308 1.68214161463559 -2.04615455115005 1.36689414884497 -1.25764226139362 0.152912432803726 -0.890831515836095 -1.32382562011896 0.797732932270107 0.825534522604649 -2.0042574315033 -1.78367378401324 -2.33831768413286 -0.61448623533576 -1.27320754757183 -1.27810778415738 1.3139645753232 -0.107629135995042 0.836484733028913 1.69649156323626 1.50723275465175 0.539868278891125
"47" -3.16539627418359 -0.555839829767687 -2.33479017811888 1.12654301116243 -0.810270260602246 -1.20795887764178 -0.198244562075611 -3.25326512919039 -1.29134883524347 -0.184070078860174 0.110093091828519 0.572408586452995 3.33347512775235 3.95748762780766 -0.581512797120042 -0.471591206436188 1.0820826342695 -0.678107325826053 -1.47809298516419 1.61714164271692 -2.98299394035844 1.25528411405528 -0.214172176746973 -0.986143568938118 0.303531626163236 -0.0237010025157976 -1.97579316353445 1.52644081508138 -0.572043523247608 -1.03603468001808 1.63337710097456 -2.88218059374806 0.0457159807358206 0.218747371693507 -1.84715948753786 0.0604760756502041 -1.37146948699644 -3.21673811769405 -0.827807018675597 1.40970351694843 1.17222139813812 0.0819461280762813 2.1064026848457 2.40062863772241 -1.12547524023767 -1.21653973138576 -0.934902556626345 1.44081790783167 1.91657151945379 -4.11248808638652
"48" -0.258468920982138 0.97130774811176 1.48523895693615 -0.38752431823505 0.586336711346286 0.332772122086654 2.59303230090715 1.18006013903074 -0.407580689804692 -0.479284003381667 1.12113833745746 1.57876809832358 1.32240702060872 1.45951285250641 -1.67379990390182 -0.605057754532342 3.52058514329737 -2.44584686822081 -0.471626122751809 -0.56562150795711 -0.582637616116548 3.94809064073184 -2.3308494269769 0.718173900425928 -2.27814942622326 0.4182322194637 0.0125684645085382 1.09223714103107 -0.295356518685384 -2.0934830154235 -1.72056944761035 -1.40668517700887 -3.44800181230376 3.42292063315853 -1.09029656333378 0.873121815615162 0.166467196808904 1.88166075010033 2.34865748187017 0.286718424721294 1.57686002586095 -0.283310918195767 1.65566047032032 -0.508688989958625 0.208802808699702 -0.442940321753438 -1.46726245496036 -3.25557566915544 -0.27335984936319 -1.07219154074643
"49" -2.92617669223036 0.825975550461996 -0.0152914123174138 -0.895727858299057 0.654110293191413 1.60566583451461 -2.99413269331571 -1.59337422335361 -1.03759324386147 1.50674762334412 0.548568423377642 2.38082928225151 2.11479768180557 0.371061768162228 0.0071097809156794 2.51531470718906 -0.48337680663398 -1.11523533714414 -0.831037786444229 0.0517178084875085 -1.10282847085348 -0.72945239144637 0.949177120306903 0.372600586491009 -1.0279682360833 1.09154117539418 0.108701567793048 -0.472295160699356 -0.243256455138413 -0.972109696644497 -1.66795764742935 1.36780876138571 1.58332481985261 -0.177415653239656 -2.12675069023659 -1.03439218305429 -0.91471321036406 -0.731781631498135 -1.35470650072597 -1.31873500349129 -0.799266127089886 -0.199323227709081 -0.66582875335472 0.653629286951512 -1.54680358384141 0.294380704517026 0.806820641812887 0.483645842483163 0.733539596166658 -0.515922294704448
"50" -2.15722129060086 2.2539477208349 1.15460197248098 1.20350958520247 -1.99632609616418 0.0558814512078091 -0.673162292616939 0.181351853897984 -0.406697656400178 2.03840663637279 -1.38228775838535 0.404481431369916 -0.666514671448965 -2.35754958324506 1.91941710902018 2.63148615018895 -3.05341073273417 -0.257377342494579 1.26691376415861 0.354803959792091 -1.00578630259451 0.172374682162806 0.786251298015333 0.858395024304855 -1.25103054058405 0.766389490503615 -0.988589861834267 -0.396023250847641 -0.203550749775978 1.76869115974174 1.26325205589472 0.635817826768784 0.758430340546565 -0.422151999410333 0.32397494785859 -0.772663615514766 -0.134651364127879 0.249322487155984 -0.656726785310306 -1.6697945407694 1.05324688150344 -0.576137773126688 -1.11555654228562 0.107833988386187 -0.75026517970219 0.891280637938173 3.19558726889829 2.09476400658774 1.6540623182204 -2.42175766777803
"51" 0.475423354127758 0.608162710967146 0.831069260485652 -0.112771150219085 -0.430180688700577 -0.756254813115257 -0.730542027173447 -0.498673518596759 4.16138958098997 -3.58464289179297 -0.0865378653413049 0.0345400752861099 -0.751398791451355 -2.70846509841102 0.733127991236042 -0.155987811865774 -0.0290701975944882 -0.0143371740593246 1.8306882573045 -2.87905247152959 0.359618269400289 1.8689116708975 -1.82653964534765 1.29483633493315 -2.21644262669649 2.80566599821397 0.540842250244742 -0.410906766840529 0.851202968286381 -0.210157222992951 0.162162715926734 -0.758395606188917 -1.75976361906785 0.0379750532492363 2.69406988570707 -0.922824215548729 -2.90248884852403 -0.619001997467585 -0.642385397201868 -0.766166097981732 0.734656406836559 1.59126935722198 -0.584288117511057 0.959897396209659 -1.317453343923 -2.10634955611975 -2.25352658905979 -2.18861520183133 0.0602657113675609 -1.06022732100233
"52" 1.4841900624585 -1.02214191216647 0.400794310427931 -2.20635828004686 1.25266143833372 0.0597233982824207 -0.145966256421901 1.16281674554992 0.388536750796169 0.885297039657695 1.73062351978658 0.523719158169539 -0.707806622336789 -1.78697507031202 1.43818583633938 0.0387942673488604 -0.235763242801571 0.559120320195521 -2.19980396760373 1.83614868557945 0.32549067773479 0.496123513621815 -1.6229125599687 -0.959323171519813 4.00199383316301 -2.26618924871486 -1.51267980941825 0.378918270369357 1.07012938748628 -0.258316709688884 -2.27596173839176 3.29637190574723 5.02886191818987 -3.40377722103337 1.7205571643558 -1.25906980694946 -2.08092805087225 0.0891461508478191 -1.05861253687641 0.752759059104359 -1.5955581767286 -0.899086139493858 -0.241089237674185 -0.818570555618796 0.386670107123217 -0.455419047457055 0.160708661851305 0.284147428717728 0.646100981194146 1.01379966279269
"53" -0.520881438544456 0.459277112554311 2.92160740049158 -1.88538041519051 -1.88057049046037 -2.00785375572502 0.540614362024555 -0.746635635910419 -0.716727654834644 -0.889125854307515 1.78445601409543 1.44589939806879 0.434520770181358 0.28301857949377 1.60323624229194 -1.71818215358885 -0.770209533974718 0.634564585457649 -0.919523227671848 -1.80546262481219 0.643737207808276 2.1503024333009 -1.73078267466625 0.248682617160774 2.46163160254147 -0.639224285930483 -0.685156510533288 1.2062255158444 -0.86778987217693 0.4154589426856 -1.47138401813269 2.70320443624348 0.088070667036903 -0.719961811560698 2.07204478954824 0.935380343728824 -0.852408947390837 -0.210051556743913 1.90644232416933 0.938939549125928 0.9540045082283 -0.135557747117067 -0.481718947896363 -1.34219393261375 0.365956249691973 0.446583530739607 0.265255169650825 -0.227158505574819 -1.60719968451346 0.204845250329706
"54" -0.634155819840335 -0.90000604995731 -0.127861210566403 -2.27897836206183 1.69995231620962 1.2935117473795 -1.98189193184201 -0.0617893960913334 -2.26062475094775 0.249172205280369 0.463034782746119 0.208671525575568 0.163088954457022 -2.35562587776775 -0.539114557135224 2.42669410210114 -1.52826600176464 1.75219991591681 -0.323893988190386 0.467541829292635 1.95197486753498 -1.48097192269534 -0.0809802043028875 1.54724728223362 -1.61110909297044 -0.161624764872509 0.0792776559576569 -2.66299449611029 1.49602274428665 -1.36217859068755 -1.73143389851027 1.61166810162175 0.353217694740504 -1.8471272960779 2.78759707011922 2.87815964917168 1.35746216154424 -0.468710941584022 -0.315886586666462 -0.16128440829991 0.497909678957161 2.00942954137707 -1.66370518473925 -0.222392072419079 -0.78560001637572 0.226843939380482 3.2402171989682 1.00307250226126 0.667703877009928 -0.96982789110935
"55" -0.904132752340609 -0.923068240540913 0.441737076734837 -0.392217616992436 -1.11509204278627 -1.82750294251628 -0.109729851250446 -1.70466790317486 -0.530577367769113 1.57444169207364 -1.45187368808534 -1.50437525757179 -0.0292212197345205 0.59886328292108 -2.53430354257583 1.58418889507274 1.22743617047298 -1.03231655982582 -2.09591275930073 0.961495937258491 -0.225746695299223 -0.316813401978924 2.45282786143367 -2.35798061406626 0.560307161242511 -1.75762572191513 -2.27790185638383 0.880508336969978 -1.3543123357532 -1.29973340511993 -0.661688825981652 -0.282797547202565 -2.55912276151284 1.96744859345482 -0.317701709925362 -1.30889450220654 0.130987225549359 -0.822988465203627 0.553358187116573 1.03745964931781 -1.94731105896456 -1.79141983830573 0.336327632624992 -0.411862362390457 1.0013469424827 2.14708757727712 1.04756923547947 -0.258224094653796 -0.867607268456372 0.133353519336614
"56" -0.0860299638746704 0.549920453806392 0.385985584009092 1.51597853411446 0.152837415175679 1.84449146310879 0.234789806044895 2.86597414663536 0.935221379174722 -0.0237733331469866 1.08373318341548 -1.01423483493282 -1.47212940879327 3.03376698824505 -2.64300219943851 1.41774352253475 -2.40947872663453 0.50659629414764 0.205391602413117 -0.652542082195001 -0.613003064791748 1.9595647316194 -1.05983940493277 -1.14553314153406 1.49737453027271 -0.364936952841052 0.117012207354935 -0.782496912981687 0.828951982414758 -1.36176619527667 0.313086989545423 -1.97180666354237 -0.607686195310255 -1.79131225584797 2.22843645042925 0.92057122008573 -0.664028611065092 2.20749524217595 0.725170076913127 -0.240619585096991 -0.144276584801146 0.635758714874477 -0.474690403174283 -0.845167965299883 1.89651915154758 0.693350072956699 1.99966036928486 2.04423968950806 0.908430474908888 -0.257215920514374
"57" 1.99022913512414 -0.674320083677175 1.27503223904807 -0.616442818251905 -0.939674701193739 -2.39870789141641 2.13561311609048 0.908124715932247 -0.521987292289866 1.09988930880054 0.000591763276133055 1.63338195242165 2.29450683150805 1.12901830708174 -0.382132356461616 1.07979627795941 -0.758317704334533 -1.06881049986409 -0.0850343040718262 -1.34320207235421 0.0136796675984563 -1.10174741973394 -0.501641662130195 -0.942885697961721 0.491949105817839 -1.24725042156722 -2.41888657707115 2.67996021661585 -1.73147279308921 0.519779538526675 1.04732244656505 -1.71592819900404 -2.66977663779211 0.164410678695818 0.696184611237408 -1.49833671421442 -1.54799612637985 0.149600954742085 0.458960052576337 -1.54382687192877 1.73720787011621 0.216006461058372 2.58569410744964 1.4810475880777 0.277305791455923 -0.803739275217666 -1.55677787054114 -2.5645117365335 -2.10665729376314 1.07759823562976
"58" -1.61623921598883 -0.953260927312612 -0.146717801230101 1.48606915734347 -2.96200271575276 -1.57897391380593 -0.190710239867527 -0.691181309906925 1.19921503508149 -1.17505951884447 -1.37519117465484 -1.57325039414348 -0.863083311780443 0.390329383128003 -0.797707395146853 0.3469012762288 1.58681567580856 -1.28190498172683 0.662759793150245 -0.121823013313705 -0.324521486308066 -1.98202218844307 0.310215063807671 1.67137194717497 -0.178188725329244 -1.09481732833405 -2.82183474446487 2.30844222336452 1.31568896459588 2.15289562516886 1.20278011616715 -0.467110478699797 1.18643219272197 -0.905444123849142 0.0918155223035386 0.214589658228823 -0.0332804932526305 -1.89603118720969 -0.609267945366347 -1.79071342112554 4.03513277671151 -1.08145578248856 1.39371518524403 -1.08121419761279 -1.10869870421957 -1.87386184067267 0.42225676914363 2.94848940644775 0.110510176732522 0.679464705988699
"59" -0.939650267042602 0.89180485482232 0.480347850700024 1.10500961415962 -0.520738467418466 0.308879748148221 -1.86513427140997 -1.51201314756018 -1.40290385644132 1.83651036051542 -0.628356348267027 1.73847466194253 2.58580168451591 0.240410416976283 0.454799502697053 -1.18680435509927 1.36870867496638 -0.641355139845096 0.0423231981996254 0.494883922880562 -0.0664505362931909 -1.05779025703085 0.0678837331604319 0.344666992255678 1.89239871300309 -2.23503328037011 -2.31810219732656 0.386488264499648 -0.246080759419765 -2.1046446732412 0.192254901706722 -0.436717982016491 0.943452355397732 0.621517772178474 0.144958623330401 0.843103068723825 0.164680306872792 0.658150620814418 1.83476840882337 2.14258946241278 0.488101323899624 1.59039947198628 -0.20115052891352 1.41202058306778 1.51747972552687 1.60871967049134 -3.09751562178541 -1.11215805156229 0.239053582125153 1.4642670797708
"60" 2.78036664379161 -1.21433704851073 -1.78160888954462 1.32479548825644 1.0925278895301 0.698531636777056 0.968694745849764 -0.495321258942714 -0.49913779573584 -1.98432175538288 -0.423290219240335 -1.41402808787443 1.00696623230666 0.299954307107392 -0.0504165688595602 2.25590211626931 -0.714565660918507 -0.621452354805586 -0.488029504597636 -1.51844154135042 0.273404616962608 -1.01880229952125 2.76162503691846 0.152026363114213 0.873222851813377 -1.59334890002726 1.49123274494776 -0.345091779978273 -1.69135827436647 -2.41402086145126 -0.807966443223793 -0.0399695656458884 -2.21377541795095 3.5076519534828 -0.980238319248934 -0.145075994060118 -0.843610074846364 -0.707093802753346 0.829143923323959 0.424562416991287 1.61658846807329 -0.0427055152236357 0.421970073588387 1.49005166795755 0.220110996488995 -0.358176020869515 0.5129112621515 0.621700847049874 -0.819376631080144 -0.0636964522293265
"61" 2.44571704956841 -0.601135389424898 4.24971197590332 -3.91631722860303 1.41784314183825 1.10444083406122 -2.52582409667434 -1.46325361769443 -1.32944780999875 1.06736878802132 -2.32363086787729 -2.55020269094914 -2.1111919781896 -0.756070960311438 -1.8649419715819 -0.382994063993658 2.2277702787381 0.190893959904208 2.67931893044546 -1.31764764759609 2.03966325215979 -3.06229505858567 1.69493080923604 -0.854457443846346 -1.95927214047929 1.84847315704941 -1.79247620134194 1.56421820113722 -0.7053659935681 -0.522439991533773 -0.248642963971703 1.21435195274428 0.99784525472264 -1.11780939086063 0.835937536526883 0.253168175813014 1.82718709464939 0.841579663560183 -0.859273811445561 -0.417617021773876 -1.18203122524254 0.28172689428694 -0.0589550016605349 -0.375204711929416 2.83507936887413 1.73994940735682 -0.599277773639206 -1.49021851408991 -1.59343290483805 -0.145116681373875
"62" 0.922498013845963 -0.474855546243299 -0.0429737363841376 -0.313666296608729 0.337345295403326 -0.359896229480686 1.25253054090345 -0.220946563606842 -0.808902723530405 0.0837413026933879 -0.637390016134771 -0.0164162089684108 -2.795264369174 -2.2195320950265 -0.548575463866198 0.209558669254311 0.0868336403913183 2.05016176845631 3.25205071974759 -3.22019804516746 3.08330833266082 -1.17308163263059 0.353542092467275 -2.49203795415614 1.829868695228 -1.03479538231672 0.620635371645782 -0.567340775252337 0.448401271811585 -0.655967070970968 -1.77739554731917 0.843340084287814 -0.242945075373103 -0.940938799478836 2.09735931998482 1.37238630312348 -2.43426284435991 -2.86663915877603 -2.25900100339301 -3.29212632149876 0.981633721307964 -0.109201179525037 -0.518817001020703 0.386319582617513 1.93268970023799 3.82943130770407 2.39225756405942 0.610650375363748 1.15337981215302 -0.0289493824565256
"63" -1.309858492417 0.749466024507935 -0.813661798433598 -0.838286705782304 1.15676001303172 -0.590234637238455 1.00592479854906 1.38992428036148 2.80588622911823 -2.32185024699092 -0.867650393158296 -2.30889088574656 -3.40829336777009 -0.891242748713591 -0.0163115192191107 -1.18600061446302 -2.21402669084112 2.20769669714413 0.583009336634237 -2.30228331978708 1.76685224874943 -1.17435300094483 -0.319245939263362 1.9352532709734 -0.966000692029084 0.882860901471496 0.279648852536726 2.61578852077954 -2.45385688787205 -1.56359337085755 1.15629445954315 -1.05754720094054 -0.406155803421016 0.487229900738073 -0.399244970156405 0.137669052365054 1.91208356279978 2.11887865171756 0.251384007653501 0.123058223922226 -0.433623964101889 -0.377383075066018 1.90868830950338 1.71177271232953 0.32016254350418 -0.229081267351483 0.398576339618533 0.902404446854918 0.988675494720319 -0.884236829707427
"64" 1.19376341281173 -0.961184208021048 0.587061568968756 2.59419698365925 -2.386263493558 1.20513578646353 -1.441221163476 -2.11186948406967 -3.22246453052595 1.68118504268249 1.6989094117423 1.45803653065591 0.522591108655577 -0.446654329741233 0.79863365903717 1.26502642744164 -3.71222021085471 0.257881899644711 -1.963144753719 -0.325885734845116 0.972452171677515 -0.370558746657445 -1.33152940643241 0.425311212404855 -0.720812559047269 0.29733566118965 -0.866889368030943 0.760352663201418 -2.24759727058095 -0.479922367665186 -1.46013978118431 3.20907060991754 0.927209672151987 1.54801956303823 -0.317100633169867 2.52624925412944 1.71201793677182 -0.431609790747471 0.0470933614828154 0.671933052981303 -0.390427755643558 0.188980582411087 -0.0472877151858564 0.53502664212429 -0.412564913107696 0.956293491798743 0.761345668211591 0.365513170848516 -1.50491599071003 2.85589873682861
"65" -2.01512008091626 1.02715932608591 0.646041003351539 -1.71557421111907 1.81178354289061 -0.588202197096459 -0.138412107846793 -0.496879514694738 -0.786578208191209 -0.435986988001516 2.10564349400125 1.39740946132649 -0.917311925280689 -0.554341967373127 -2.84478867837578 0.351949307033958 0.986051161006446 1.48407882969475 0.38556625290568 -2.49082010547664 2.33239631305558 -0.0652505012650633 -0.164843375472249 -0.143742016332759 -0.171628590933559 2.72580616702084 2.14834654515369 -1.42923791865877 2.38212219662301 0.994491819403032 0.410890944582115 1.17032709514667 1.10079418783342 0.308564368987091 -0.95927521086659 -0.403845830171964 -1.02065467696686 -2.12834560620219 -1.77314972109752 -1.68657264675859 0.926532653580345 -1.0462113064196 2.0959467957962 1.81195028389873 -1.43797104389194 0.140102861266859 -1.54848437003869 -1.54155518270985 -1.14400898347963 1.21439931631251
"66" 0.662315851244903 0.265411577526917 0.862211073135181 0.132068715309138 -0.370347057618751 -1.65030811011583 -0.384431988475325 -1.03950470318288 0.668421357063964 0.732419666785111 1.30554676842803 2.54256061874463 0.857103844715487 0.352233055197675 -0.560667096579763 0.248367566499844 -0.450463526893623 0.655059522367886 -1.52725387154023 2.80685325792531 0.7638266892624 -0.192139107985217 -2.18052921687456 -0.302631856931987 1.89998486534071 -0.236368850796479 -0.437885673565837 -0.566893079449005 0.391917705262407 -0.518038939934257 1.5842288760526 -1.19723060406745 -0.912927846370097 0.230999601094925 0.232191996473742 0.503087053394357 -0.354036220620662 -0.0199102069830757 0.912641403834705 0.172718149593495 -0.39608451654049 -1.71751583286766 -0.348892825675999 0.453746636244743 -1.30586022310574 2.48785360395298 1.12620373245224 -1.32462290551707 -0.253766670762698 0.385375664229904
"67" -0.869487422465689 -0.465539684749918 -1.77868094356038 0.288131982457292 0.122750852300706 -1.17715982735274 1.29292853392594 1.37688666012654 -1.53962846918958 2.03971480854816 -0.147458050812409 -1.10768959339675 -3.05654444267994 0.115270394876444 0.140828183164793 -1.82704487238544 0.848406487273597 0.00498493514282132 -1.30866130119691 2.63115750380463 0.473531128005513 -1.6784845127965 -0.639476828008889 2.29663462756754 -0.715383481439744 1.55322679728324 0.884284532457589 0.661763790095245 1.35452780509959 -0.883040494724253 -1.35357047519315 0.0831306463617153 1.77237391493541 -1.12770584924594 -1.5758327611489 -0.136430619593738 1.71826609310188 0.784064828180943 -0.131813613996462 0.532942402108035 0.276537661039353 0.0199901185543056 0.274390443984602 -0.597556409342292 -1.40441365886634 -2.32029510584924 -1.13275758598522 -0.644734032930029 -0.388971518292586 0.280047682980954
"68" 2.56965637680869 0.382465897085741 2.1801254274966 -1.27819713611197 -1.2485141061146 -1.65691239770982 0.261689965136615 1.15274482263977 -1.24308893518301 1.20524721382034 -0.230034910042804 -0.554909435663951 0.905507800692222 -0.244344403675206 1.40603065929753 -0.290707564176579 -0.298023240344597 -0.489166993908792 -2.06925736796728 1.12437236876257 -0.962556402640747 -1.79529407066605 0.813667564927494 3.42066431896096 -2.90590415804071 -1.08850784360865 -3.02202545412832 2.63740469732475 -0.689985991120264 -2.32749822858798 -2.20178519108892 -0.839723012040885 -1.0791201733043 -0.00782550207752452 -0.244448430788548 -0.118846830783309 -0.454333821074029 0.731785010719758 0.815855085023292 -1.46209294530388 0.628793807390488 0.854336634461219 -0.308262416279255 0.0224282883754292 -0.535381768583087 -1.85708383552189 -2.4358945394813 -0.215844903519517 0.103417419750797 -0.148031241391839
"69" -1.31387826114335 0.562605174683128 1.45654953031299 0.119085369496716 -1.69655064873551 -0.332661850638755 1.78799732252847 1.16232429158632 -0.228882031608707 0.276870185508814 0.110691885180087 0.289651694237353 -0.854696052536354 -0.492445583418536 -0.856503833394505 -0.157487581873219 0.409816927280113 -1.11563368402643 -1.07247504769002 0.231129455444509 0.561782839622492 -0.954655609798148 -0.938093960250318 1.72841344370671 -0.448589772392604 0.574782748142602 -0.502477577174292 2.01020371660011 -1.32052298889801 -2.57885423424719 -2.71878802830677 0.530177644971844 -1.22211020286581 1.40677696383618 -1.00875965223248 -0.00339483298496567 1.79571908314602 3.04093854302169 2.07140619063217 0.571120093268087 -0.0673466191792913 1.1576942269956 -0.0430428514416728 -1.13480820836558 1.94979006773363 1.63339674610627 0.918278787166462 -0.703668850713589 -0.46634338566586 -0.868054034462467
"70" 0.381941492741104 0.60981624339797 1.73806261372181 -2.80928845286269 -0.43525481661047 -0.906988123387677 -1.87009815707561 -1.01355349880033 -0.566818917071716 0.450581659657823 0.803850484412362 0.8647380904558 1.88322681737478 0.77206381637061 0.37855675311521 0.32640254943612 0.183783705838474 -2.43610181913607 -2.84661251148831 0.137898821533584 -0.815873391089218 1.79113100860444 -1.07552504153436 1.43180766623149 -2.21655759761328 -0.665689440846655 -1.41296554056162 -1.055586428203 -0.0357970440454322 0.815080206757035 1.61709667867445 -1.68509569388569 2.41878193492012 -2.85308440665954 0.516218369064879 0.828807867618806 -0.14202239862148 0.199507576595317 0.319504449162082 0.927994054838139 1.26171820500313 1.88869466125305 1.82808935568718 1.68740580226443 -0.717003972218439 -2.16278423935563 0.274031606528804 0.0324416981444858 -1.35958139533326 -0.86715491304503
"71" -0.372244754401874 0.581347322693157 -0.508897066384553 0.395064445604396 -1.11585080326472 -1.654279810219 -0.238114345224139 -1.00761069529099 -2.28028231589583 0.559890837996293 1.62099421626836 1.47529480058111 -0.0929093490920738 1.62381913078193 -2.13558336234709 0.367163605195072 -1.12288334198781 0.00290166401727525 -0.685108155942215 1.97194140957722 -4.06054502134852 1.61744720086057 -2.13928324267373 1.5063831649496 -0.555381288439502 0.522107339839799 -0.54946382843601 0.48407102773056 -1.02642684941658 1.3153094767913 -1.27931443052338 2.93869154902236 1.5280160417414 1.75594382930523 -4.35656273400553 -2.69120642720855 -1.85654703963761 -2.20753533215125 -1.76002895546802 -1.81656213327092 2.144242151449 2.18654306372712 -1.51380707135091 1.2324327843452 -1.21997788863729 -0.364021151998213 -0.288733721552411 0.26545873581766 0.549513601862187 0.723593931567078
"72" 0.930130765306956 -1.60063355841433 0.208893868088345 -0.346311794354179 -0.514363322441161 0.616550321769961 -1.0691050722456 -0.243537082679585 -0.849452377411755 0.786920121126079 -0.606680284528286 0.483521588280945 0.259006791861052 -1.21694511114943 -0.604336469320399 2.59635283691119 -1.53210356841545 0.783761309470439 1.47880378910676 0.0650072858686189 0.125688610107711 -0.5694232969739 -1.20014785782434 1.71036351579327 -2.47975659993378 2.33397554998619 0.355418213277773 -1.71799547398746 1.43002680079298 0.16450640576058 0.0107643483902052 -0.0547278099174241 -1.73917584601863 2.14077851125773 -0.423407913913154 -0.538098571020794 0.0590419463751057 0.311886734672011 -0.972072443371485 1.12216293243015 -0.595674609577058 0.0942868234087053 0.822573591563585 -0.29109383396568 0.619854994693514 -1.58725935306507 -2.72602629139372 -2.91050049608721 0.668185102261033 -0.38575252266968
"73" -0.361005753655104 -0.266056936633958 1.3736433116894 0.822533611825735 -1.58646504860857 2.44856364669078 -1.91335020793282 1.64230508265844 0.0936189616102296 -0.507300909382217 0.383108012082559 -2.1892664262866 -2.42349596898878 -1.57282080881947 0.761097607061068 -0.322775154502146 -0.769817979557245 0.513433016890525 0.40677079006944 0.26975134219361 -0.327584376445208 -0.86829260069024 1.26602224998592 1.38196403793118 -1.98066312177841 1.47750861618641 1.82052531820121 -1.89097343476401 -0.42189390621647 -0.216720251250062 1.87615030204986 1.80205123218507 2.44083012881355 -0.490474071890848 0.12351446822958 0.0889084960478947 1.10615304794166 0.934531516177606 0.289030200320611 -1.77498333213421 0.0545801773134306 -1.4490146118727 -1.15895179115247 -0.359564485902083 -1.38153806894193 -0.127975629338075 1.55977243206343 0.584514423434989 1.35656532117765 -0.331071223246299
"74" -2.70764383406681 -0.822856326856655 2.13350203100905 -3.66438856739665 -1.44794354381474 -1.13273531796837 1.80199798208462 2.75529621361194 1.17991933486744 -0.727204806018097 0.491259747739127 1.70800845422627 -0.805237564673232 -0.331412999699947 -1.26741250215783 1.689778756416 0.0386452373026308 -0.88113682217346 0.499770491719092 1.06312068097383 -2.09150350144677 -0.192163818656634 0.639546241302257 1.99976537152795 -2.0903204054335 0.779993931631031 -0.145433079908838 0.865989849601733 -1.53438222337458 -2.9200677721793 -0.851335241500299 -0.484508854762214 0.210978846404718 -1.02610514396971 0.569632024718609 -0.0266658898888412 -0.843399481364988 0.390871183763978 2.14563641377258 2.06648362320301 -0.931098504213315 0.23089640813313 -0.104239640379302 -1.65658218736789 2.56052627132326 1.21101828300039 1.76604532070773 1.57720689105531 -0.169653835876482 1.27470892634137
"75" 3.81279916165234 -4.81913068097322 -0.15298967632321 -1.93575625753585 0.537079946009223 -1.59043846411261 0.642923061608063 0.0318938930031975 0.642755813337221 0.0450948571771219 -0.201833139767403 0.256876763736935 0.827450404312894 0.655522641454517 -0.10818585511078 0.961033823229547 -1.46975103763799 0.813266717940387 1.24725868368856 0.149089251611681 -1.33921682678107 1.83548662086826 -0.369852298031221 -3.32779632151088 1.44579100882204 1.18253802397695 -1.27413534609565 3.26171340806061 -1.80408706255465 -1.47888442218859 -1.6448462613246 0.0165017499352124 0.604310663461375 -1.38013473019628 0.838484406334312 -0.854174276632925 0.305498806523023 -0.0133969650752922 -2.98861809703798 -1.93935342049862 -1.14732716371828 -0.401677089233527 1.0993069463253 2.54196249639188 -2.85118350322536 -2.25833374525718 -1.80788754889912 -2.1535665690045 -0.211045528554179 0.0250830172766236
"76" -0.708996452407836 0.392658158323531 0.784867578141807 -1.20835314151187 -0.574227530124819 -2.71735403350627 3.24592687488225 -0.32034263344507 -0.297777874895494 -0.0274904964009409 -0.636267959042675 -1.43872359057325 -1.45423381743698 0.99725549341454 -0.768309201541577 1.16956278240434 -0.544792924588796 -1.11883996155743 1.4196464057604 -2.16134206076206 0.415290866304945 2.60012105815068 -2.40849625376901 1.01329344693429 2.74450645656219 -2.63866550092681 -2.48015504412058 1.52011490915539 0.7861855784788 -2.02422561288577 -1.25490633210296 -1.08035420979022 -1.27213343317266 -0.409995649895019 1.25182122682541 -1.11547889383665 -1.18347188215259 0.940457774947582 2.87029776891387 1.66520926895446 -0.770690793515749 0.262595263196749 -0.767268818010362 2.20599778355853 -0.628085032720172 2.04076171800249 2.73453330065733 1.13898436268916 -0.897052239659681 -0.89172309892993
"77" 0.171389809216405 0.296303107247629 0.980733839195637 -0.0967234990847118 -2.88009959613952 -1.48335091845121 -1.7351766870931 -2.87240863295683 -0.968162663990688 0.64397905971782 0.317497274232452 1.90462299244881 -0.0750810918937455 1.10322338445854 0.195457528524854 0.266854096682651 -1.6172808166799 1.55739768737531 0.841405531572028 1.07777122214086 -1.89666104356357 -0.66981143920319 1.44321082408779 -0.153864012363923 1.21546846063552 -0.723463710826287 0.849337910735609 -0.48716616210115 2.13353995619244 1.95790281620014 1.7121365767509 -2.53390337449495 -2.47776090594668 0.140451721513061 0.344660946820555 -0.878326598478331 -1.37634758391313 -3.08428109566463 -2.02989180607672 -1.04744280292002 0.331641934577467 -1.41328847112971 1.95539388929824 0.468762993158752 3.32839953206424 2.48128592808687 1.21498412207797 -0.508590704945413 0.0396642070607484 1.52861126002195
"78" 1.45349129514359 -0.0705854679441581 1.78987502265141 -0.981327127363118 1.46279065913046 0.157994846205833 0.169794168434239 -1.54727385731874 0.204405545106844 -1.22715418785135 1.72645097001154 -1.19548872776754 -0.442533506233567 1.47583371034833 0.2093736115979 1.24486633548282 -0.795807531430089 -0.490494362776406 -0.651487756703716 -0.153036374024734 -2.85680605050221 3.11088202384644 -1.21635859583924 0.753415388532276 0.094812872005749 -1.38833318761515 0.0299495343298205 -1.16149118143537 0.0823581146616235 0.208091093533682 -2.46485984795563 3.09929306555889 3.20237974420828 -1.44656743732871 -1.505348682167 0.146165413691584 2.27222490463766 2.80197572974651 -0.291392571388029 -1.11608241187603 -2.10944944568078 -0.873068462465418 -1.98723440032886 -0.850681471390508 -0.0529186796566953 -0.10835920916344 -1.09307749509081 -1.05249870358604 -2.32522733099112 0.579391368040144
"79" -1.68582260223334 1.12061325897196 -1.30358208855241 0.589617503216713 -0.150402211978473 -0.190348593422126 0.335695108919463 1.06655748556297 0.0854410735624055 2.30289050338281 -2.56117683154104 -1.20552054036517 0.396243576731113 0.808639308276318 -1.74329828289796 1.37375086730809 -0.267833945198482 1.25217257164827 1.48174540814217 -0.790669750723542 -1.39656283347443 1.8890684633032 -0.551710788812955 -0.90407933611932 -0.863900818146554 -0.631350642311468 -3.83352248040449 1.01065903679736 0.954974439595094 -1.6296113334152 1.70247355181627 -1.21335838035684 -1.07163518928002 -0.125164634380883 0.885079315543371 0.452094920070519 1.81379497037951 0.856618169075972 0.618494596915455 -0.525834181764941 0.705694581748036 -2.12508718818131 2.02437493566097 1.90942689923241 -2.55275331186513 -0.999094418452869 -0.402247994181696 -1.97784795815327 -0.870908699734191 0.806454971184045
"80" -0.79140239709641 1.40654008613963 0.973323959610768 -0.300239044393456 1.02840813771137 3.42909293662326 -1.06636966878196 1.75335927686431 1.42313068911655 0.0207872613538116 -0.534191194663652 0.284527887735682 0.485705382662999 -0.502563542443075 2.37858259635424 -1.75922547163702 -0.722972307111188 2.52731294986514 2.37637044894897 -2.17341674075338 2.63194543499352 -1.55262584394279 1.28959388255022 -0.563540294551661 0.153635786392502 -0.0180415827453048 -0.816542846997998 3.00484594626594 -1.58992349302709 -1.44173325237375 -0.97710503983725 -1.10011216359919 -0.397454475982592 2.37230917660897 -0.87072595401214 1.84156968502413 0.216926869908582 -1.34659585182924 -0.825900864516515 1.02627164200458 -0.100797397323609 1.46140362251044 -1.03602186585831 -1.37446128585078 -0.608225006411167 0.0890765286226848 0.845429483713635 -1.2364163215878 0.846667638967707 -2.2419868967035
"81" -0.630023708181522 -0.748515100246481 -0.0913923367175891 0.281911987507192 0.100632708822751 -1.06182346043545 0.740325443512771 0.020647305777919 0.971563551891998 -2.25262387718901 0.198124051361525 -1.01400119289303 0.450434098226757 -0.497444374331818 1.7457503747695 0.0273598079804321 1.38592833138206 -0.43492209168379 0.656638258225382 0.565341010722003 -2.39612485446812 2.84093735494693 -1.10925221050499 -1.24794370367783 3.15824832296323 -2.4898302399836 1.37191613800598 -1.40029257030551 1.47148951606177 -0.105762313520593 -1.45023421571662 2.14506178543291 -1.57210886831291 0.390191779047075 -0.185275763276747 -1.09192666245249 0.52181296218811 0.928536916478521 0.606616129636147 1.62811614801352 -1.95009733811772 -1.91601197507103 2.15586938237972 2.56129103224827 -1.51559757154621 -0.374723926539068 1.60717759162286 0.949046712750216 -1.66566902599721 0.661211338956342
"82" 0.606809353288096 0.0995930517444918 0.00342515778731845 1.94267902675062 -0.734774200745808 2.82020622322968 -0.51551828428504 1.88433700148101 0.272181658914348 0.975353022211175 0.186024556549406 -1.83612883022405 -0.416323565092287 -0.911618883071524 0.803192718092602 1.27289747940168 -0.610972582332906 0.0835800703747372 0.672419772275001 1.39571344052707 -0.215711072133434 -1.68004998900852 0.292363513757758 -0.030962893723476 -0.292962974333504 1.33294450268552 1.07512989501689 -1.51276996061262 0.526492492454881 -0.14943573744906 -0.077138018519693 -0.670375248222915 -1.84117736091876 1.3783208769691 1.65142011515213 3.02635859303745 2.93141570892331 1.36162962493838 -0.0828925283024915 -0.624873152659804 -0.27800845405727 -1.68434888524291 0.253562154723099 1.55704805176562 -2.44133715457769 0.594889187630205 1.17216646104745 2.90209906980885 2.53054083112476 -0.6648474426923
"83" -0.314541430945503 2.41458810563229 1.35100994572665 -0.471903398659232 2.56856370539713 0.743939967625447 0.328638155034643 0.624771620591393 1.14503105161938 -1.00609716175538 -3.21389787742491 -2.93077365419724 -1.02848118663153 0.67489566475395 -0.0768683532002252 -2.05205212245058 1.60942435266972 -0.597410841497634 -1.27830375748673 1.91382538249026 0.451225973462989 -0.0170450419080081 -0.701485415668649 0.0968664804050888 -2.71473592885707 2.20439482506307 -0.851167257325607 -0.161073256237593 -0.911443158859903 -1.7585705678994 0.482668665789301 0.630334074268398 0.546801705541955 1.87061525699383 -0.895163192971848 0.146469069525452 2.36479467457425 2.60470816364169 -0.3023817530974 0.274185935600582 -1.27927571009668 -0.221882102660514 -0.0286368325366479 0.746088194789602 -0.303995418729135 -0.285455928274918 -0.601618940345849 0.123655248494265 -0.451715984909499 -0.596536448628398
"84" -1.24133586610323 0.537540657972838 -1.36929351947311 1.28313124003712 1.64163821439759 2.39488760610877 0.426253447042158 -0.388995010412531 0.282434707476267 -1.61812258780369 0.835417351788493 2.50103382188513 2.35716000549468 0.740602665019872 -0.955270212934589 0.58463460919125 0.433023346663974 -0.865805189492048 -1.19618026330826 0.990072894489499 0.264779943037199 1.52293510100353 -1.42041764096715 -0.964594730693896 0.664881689371347 1.30375988062914 1.41051448553118 -0.398536307121226 -0.161130256534527 -0.631009696632449 0.636052412426041 -0.675634802296407 0.589300003043247 -1.57946612329325 -0.227792638192821 0.046426489744077 0.0344202606643008 -0.620694898179689 -0.0235387526447414 1.66435451687607 -0.63591976809079 -0.395923182925989 1.1753823764501 -0.611854932882967 0.586676192209552 -0.0462106174574988 0.287291604236084 -0.277442049862641 -0.299980609599064 0.426440413055704
"85" 2.22536200848865 -1.58679631248226 -0.652658409175705 -0.57661502119499 2.8055445895071 1.45644594564469 -1.40941180923762 -2.17954328437416 -0.680676630102391 -1.48910974205725 2.28707303153583 -1.20857348423832 -1.68953836247659 2.8803318223105 -0.782995890843351 0.24774990394729 -1.11169691272265 1.49551261274405 1.48580122040564 -1.44578629252379 1.66392920631918 -1.17648782226579 0.339177681937271 -0.858431631834859 -0.21150316855808 2.32820994518583 1.11303843640473 0.431551161013091 0.584460192448459 0.65142637232558 0.458647860546775 0.142858023866513 0.652326709018829 -0.719995868592105 -1.0869670428996 -0.375967000281403 -0.217927125063662 1.72261885007672 1.26495485333665 -1.44252307047269 -0.218341930347704 0.341639154430087 -0.848744973311739 -2.76452734591441 0.329816467623644 -3.40136664405594 -0.121357383484503 1.23650015794356 -0.629776103292224 -0.313483410621082
"86" 0.750712611008056 -1.43798544174409 0.578247973628887 0.00598724582294129 1.15353188266729 1.85838778592557 -0.389587599366376 2.48777483166828 2.24196148361071 0.473345183683189 -0.138728815241819 -0.0441075678246913 0.468529497047839 0.195302485793328 2.26457244070492 -3.59012159117695 2.21295012610461 -0.446417313639912 -0.317883385594631 0.519365317940276 -1.88000073791261 1.50975031669044 -0.729219032328001 0.994127010423237 -0.432999544373325 -0.952973297251061 -0.384071312555475 0.320889665186685 -0.683552967501927 -2.14792289054315 -1.60822982890371 0.198282091594353 0.984467295378947 -0.475526752443833 -0.504422684076536 0.26627016745655 -1.19573809869928 -2.93022571880681 -0.304393463102601 0.0198839512780945 1.10481300163998 2.5042988207772 -0.884460267465209 -0.397417940838698 1.89842520340994 -0.113704266121203 -2.56793188868667 -0.652299969821534 -0.489883059847157 0.620502881871773
"87" 0.583001166396414 0.801500019747708 0.0467145408087586 -1.33325468277819 0.584889942291037 0.576436581256591 1.84147724991971 3.28572607135177 0.418206917473567 0.275080121223203 -1.5665148947254 0.477771610914401 0.153658615701143 -0.305354182045194 -2.52755841564195 3.27515983817972 -0.876656250073168 -0.49880809721486 -1.72072575402346 1.10795017900985 0.275095813127497 -0.179462636010579 1.64907908773477 -0.682085034981717 -0.813895739264799 -1.30874226587251 -0.77011304701659 -0.218394457142227 -0.103871915020755 0.643871546821414 0.830512831182276 -0.130979702049046 0.957386305018414 -1.45272761468382 0.684429252058711 2.15748815451237 1.29645616891 1.65085006863823 2.33312040249483 1.5685780682673 -1.04498543844352 -0.35561768458243 -0.140051221409802 0.393521560846332 -0.305689237754513 0.368322003567833 -0.0703582004272729 1.39224809479753 1.79944663246307 -0.890560022979938
"88" 0.580158805954838 1.39161361104172 2.32125564346433 -0.632556894975512 -2.76648440564728 -2.38880063044432 0.010056949753298 -0.776379378796414 -1.10970442807827 -0.0323659569566442 0.756873858665635 1.17718822731085 -0.0628889461484549 -0.919249487989323 0.615227833837754 -2.26794048113966 -1.07250175910966 0.928244999428029 0.79624794422244 -1.40023960180244 -1.68577202242237 3.1757554832302 1.47186219322619 -2.97881077513384 2.51623503626252 -1.73201868777509 -0.192248576754277 1.79183309165806 -3.64946423577071 -2.29276097463834 0.0409051386501682 -0.45579513671987 1.95285620396825 -1.18432940400644 2.44842122874017 3.397986390075 1.7926695003625 -0.0419415984395249 -2.45500359642491 -4.31173872324193 3.55705582271912 0.363663278356841 0.269280279841816 -0.158678219003494 -0.88323230180409 -2.20531639011541 -0.804409548838539 0.25190913765826 -0.566595731575657 0.106101386665055
"89" -1.39812818520455 1.94895764262959 2.51766764447778 -0.462827328401115 -3.18326242605115 -1.79630124571926 1.08747514607025 0.228161404328679 0.314681188386254 -1.14621236119501 0.77837074764415 -0.0385026936545204 -0.580425714631773 1.37738876298904 -1.46039405071284 -0.832147139177055 2.00985204653782 0.471101424968287 0.978673115208481 -0.139657551830774 -0.504955908687109 0.303599164781164 0.0611294988860573 0.678281984767517 0.241925538533715 -0.943802233980008 0.351959032578888 -0.965834077145935 1.69279480308881 -0.177364099348146 -0.371859216604138 0.175096409326193 1.07719149743386 -1.68922227800494 1.08098223465815 -1.11030495455728 -0.956624688341327 -0.943624491509158 0.435118600801779 1.67895706178041 0.617086194000122 2.11865597290952 -0.295654516382557 2.59787246094269 -0.959774939584064 1.75776804492168 -1.01819570788657 -1.69177346039814 -1.11649861043426 1.39519196347081
"90" -0.565202477593914 2.04812331538064 1.38648586011929 0.7084926760386 -1.03574484399328 0.255750037085801 -0.117392795220585 0.339762970432149 -0.547356123724804 0.632796024207309 -2.52957856910283 -2.7589443805916 -1.20034103673013 0.130186541960905 -1.86388416892747 2.06457735477908 -2.39124609305672 0.808647015406083 -1.66323219881649 0.854274677857684 -1.5964313681886 -0.421461595766581 3.24059723697054 -1.61536681041664 0.214570192185565 -0.938857094869458 -0.381957485247602 -0.989459207798794 2.59514247808101 0.996196102640231 1.89574319030531 0.65290344756308 2.99404023574162 -1.61078482668735 -0.214282581358604 -1.00609663384456 -2.22511655618545 -1.40110957291284 -0.593224203271948 -1.3039099017644 1.75775952724225 3.83592485670847 -4.38496722148117 -1.02866089819548 0.350374920758626 -0.817778835829773 -0.522973620266979 1.6613869517948 1.01347390426428 -0.978419721548333
"91" 1.14225060103461 0.591741911597275 1.00210331329563 0.283018944416567 -1.22589083307373 0.533918174152737 -2.0474935618835 1.13063890556533 1.76564105324002 0.095838928292079 -0.141876346980996 -0.0525157195960028 0.652021263933931 1.75504729535278 -0.41272883893017 0.978079108957833 -1.28376822066746 0.287714588828794 0.725776201799018 -0.823979935115882 0.954595377133545 0.250744130168609 0.0413573779327778 0.0396490972367481 -2.04474864953748 0.605680636243116 -1.91499873010336 0.63622121670307 0.0813660010500483 0.879586215743841 1.63965440981642 0.392959648535062 -0.650789748367271 1.92759585618416 0.795817732718175 0.885370953122004 -0.738606860066564 -0.419107836443729 -0.182494707603446 0.671999401105851 -2.32851763819714 -1.91336368596018 0.125417429337168 1.92778778832453 -1.68011817460758 3.01623746245834 2.13568404819522 -1.94789594911191 -1.02276058766368 0.495754450912516
"92" -0.999745841669321 0.965150991471125 0.675220391617948 0.338263465835728 -2.73207559061549 -3.03190996544697 1.74417837483106 0.192936917513748 0.0153914765484312 -1.3292914399916 2.80708671152206 1.61663045366303 0.147028420982122 -2.3501557108205 1.9304629926948 -0.357756174276001 2.43345686227646 -2.12661575922488 0.368500785675655 -2.3046543288372 0.672632516862318 -1.08721253829421 1.32435381296833 0.50384521102714 -1.56600682594407 1.49842025769676 -1.46118435532603 -0.0226822796788217 -0.177263940569112 -1.66973860766909 -0.906998796694343 0.731982573842592 1.72481032677216 -1.342129556282 1.21239449900998 -0.0957066299459347 -0.742815787313638 2.12026795870875 1.60889114216228 0.066795603690026 0.291021259972804 1.50384236573373 -1.77816194740521 0.196451132941988 -0.704353803859552 -1.61296095745243 -0.439804895641443 -0.574717817066873 -1.34058367160703 1.72350794052783
"93" -1.58924814419367 1.83458759517479 0.758809395550707 -1.74795363498121 -0.3559232783893 -1.89784113635133 0.872157459273773 0.785981678738653 0.0563735384116515 -0.0942929094144913 -1.08661685472989 -2.36830240299557 -1.44509168017098 -0.842326726965606 1.04522966549695 -0.0309718022980518 -1.20305463788988 0.871868710472463 -1.29577558064087 1.40633899897698 -1.62859023426251 0.0556672613129787 -0.208046494783974 -0.288847802551416 -1.10355810682269 0.679351944257201 -0.234574849734004 0.619188740975033 -1.17834497335838 -0.809328320554579 -0.166699352060881 1.10085445012248 0.65359681149382 -0.715254596235213 1.03576311735011 0.43898296077095 0.0646523986294853 3.73042982786393 2.49303152081003 0.705591074344897 -0.831341345507425 -1.3840539825762 0.445244222891759 -1.45935200337392 0.431469294353609 -1.19504093663074 -1.46900295811861 -1.03590487195569 -2.0903282070954 4.12091902962982
"94" -0.518404329640345 1.91847518520438 0.132273879063555 1.57048244755004 -0.476339935447184 -0.434881901424402 2.34484917659503 1.33046271056483 0.167557340747353 -0.845266575892162 2.03504564618872 0.555059973919335 -0.583092179116312 -0.0255229941102197 0.292352075506464 0.0136533244562712 0.417343388798348 -0.243848692116977 0.140947848405839 -0.595993448625285 -0.257714815324409 0.232265457991413 -0.00530453448175267 0.587691058719659 1.65227039585729 -1.28399028165093 -0.423429155181306 0.901303107686327 0.522435249844517 0.395740746891258 -1.49813694569687 2.85231507968463 -0.524043288074371 1.45947014941755 1.18578714524642 0.990019428954679 -0.177400136002013 0.0554824647439498 -0.949063303158637 0.515673265132566 -2.55653689438305 -1.34888162574359 -0.0542759637713239 0.769576818054223 -0.745374438811333 0.520892753178373 0.829525411489717 0.594303527287657 0.72623920507128 1.84508370052148
"95" -0.0475713340146078 1.28753118924623 0.445214838975116 0.902307566143613 0.498101737885118 2.02772710023142 -1.17257670923971 0.125662496055581 -1.68050173069727 -0.496455027012086 0.393884168155419 -0.671378496143737 -0.271200382713062 -0.350232716072563 -1.03091155795944 0.0662973400627487 0.265013164970807 -0.298648828702496 1.07138918768871 1.72914229846347 -1.0672873962041 -1.20186576439796 1.96659520983967 -1.93899193247005 -1.23343417956859 2.37662162417294 1.0294817267519 -0.554075855216598 -2.9095361715932 -1.13933712932398 2.2233136178076 -1.96652553741303 -1.12391411679067 0.0943822242199939 1.0444667710841 -0.803581155108963 -0.759142514278263 -0.014438742094774 -0.820089612660161 -0.628680238807016 -0.598838494114074 -0.800818060084993 1.51946513460213 2.72281003824239 -2.54423130025695 -2.32591885158568 0.0837890617212479 -1.62307551558535 -1.62801664243633 -2.1013555827628
"96" 1.22806497637824 0.267832247590067 -0.00115159309557269 0.727971680231377 -1.65066294955756 -2.33494454521375 0.658920676856135 0.845188010261981 0.327390923885221 2.87202679219801 -1.41946079957523 -0.176708259968986 0.10206023402316 0.557764060377713 0.868985666241119 -0.271210014397102 -0.599558933611244 -0.82208967830936 0.201815114517772 -3.99569337249118 0.798679882774052 0.546789600692112 -0.86943104941587 1.87052728842933 -2.09816579226062 2.1371085162477 1.12788572566959 -0.686720990865376 0.0208060111447197 0.0557664177900187 0.997909418551536 -0.647561315781826 -0.841080198168005 0.757718347315663 1.71598381269762 1.46975744915613 0.187675263452562 -1.69052886829789 1.26834980878 1.66162100811854 0.908387606228436 1.71224248806314 0.929222287959109 3.28274435262977 0.220110582010373 0.563926974221828 0.372234928373993 1.37853762924838 1.55542708458337 0.432166280079544
"97" 2.09682150482729 1.06586789849673 0.837747598818175 -0.61210110624507 1.27040193518874 -0.745288043988438 -0.698505146431725 -2.50703012474334 -0.338261219187138 -2.12371379520784 1.20207176093308 -1.51136878654056 -0.626827565745224 0.426368033196708 -0.0627568636835523 1.63004997482752 -1.93666222584685 0.620207512292297 0.93028258659494 -0.879509149144747 0.670987999683131 -0.43080661682456 1.51353511370468 -0.396900341928899 -0.280659338881701 -0.468333406960895 -1.1751150484334 -0.790820778743118 1.1850921222336 0.166975120184603 0.436990260047062 -0.919931003283558 -1.71372122087613 1.75355870494815 0.771166055596525 -0.353327391681346 -1.47599811740322 1.73243519881495 1.19687857079372 0.752072583271844 -1.37383695366188 1.05039770790107 -0.563242679403717 2.13554060950514 -1.70096057129613 0.111950231632118 -2.13959203401818 -4.25250541341477 -1.22622798917277 0.182031586632146
"98" -0.181276188680446 0.858664764311154 -0.230080630871266 -0.423852029388006 1.52373836647923 2.91988535797645 -3.43004445724445 -0.378579053754943 0.471118611195306 0.62518947103123 2.95977667496843 2.05403551521897 -1.64969439611426 -0.628640621492895 -1.33608629208071 1.24617953775303 -1.45437597413275 0.430398995011188 1.16481613636718 -0.409836237593326 -1.06918765447806 -1.20452042895269 0.0160279767077726 0.501505915453854 3.49499276477556 -3.58192223460757 -0.106270988540079 -1.84743620863698 1.06683570743914 0.425955989864663 1.75413638864041 -1.37649140490014 -1.65845212596928 0.801958894552346 0.72043427772357 -1.28794338609996 -1.54952498930543 1.52344055575045 0.0623012004685082 -0.734358399802426 -0.292358407313888 2.30732155662426 -2.12266549033365 1.46855728407915 -2.8552177798603 -1.68642575599102 1.15217306836542 0.679080740440923 -1.27052175640344 1.42550134717044
"99" 0.320950173657539 0.954611454719361 -0.470706954077764 2.08319972148657 -1.07818758558598 -1.40622298188661 0.0755440736566076 -0.223915506022297 0.147330576420453 -1.17537552010932 1.4853294989711 -0.0315276040504564 -0.0751150016760169 0.80241962549473 -1.36680094858879 -0.105900805512761 -0.470429127922086 -0.14012481127617 -0.816854333016731 0.258134395701545 -1.45838686946794 1.34423554880462 1.44541088350692 -2.43171800500024 1.85498735967622 0.036201868187025 0.611886714018409 -1.23804291228853 1.28347716117549 2.48859221654495 1.78621182748405 1.83449328211068 1.04051997949132 0.801994975777762 -1.38782230895456 -0.136313230474963 -1.30694860102128 -3.49818944591262 -0.888660968799361 1.77307772830542 -1.07866583510495 0.360109569871283 -0.812971204116803 -1.1334840802253 -0.0767981487295443 -1.63484436662598 -0.841746221456934 -1.028777447855 -1.19418609082916 -1.86812015163182
"100" -0.151833602950618 1.65202190290919 1.56417683760721 -2.04768720144833 0.97093588056957 0.0699896288837974 0.625856545203159 0.432970972379968 1.2030546069215 -1.39563965241091 -1.55683566480509 -0.685283453788604 -1.47058075195512 -0.955470497265036 0.163814909277859 2.00509017012687 -3.76005879743302 0.125111919216873 0.18847345713623 -2.56987874158275 3.62542219407776 -2.0283262393217 0.348040343937673 -1.0734106783162 0.534904703689421 -1.7884615667582 -1.40874319417265 -1.18116931499116 -0.690697335953857 -0.299782194180938 0.808464837584359 -2.04832381289774 -0.999881065461624 0.268250818779563 1.90831106212201 1.36404527934245 0.422167957625721 1.48363356029775 -0.550839415270031 1.0788990138819 -5.72569106219073 -2.57933749017338 0.946505958681209 1.90547326482864 0.754339733731484 1.56116339130447 -2.0164102042622 -3.2427147242147 -2.07750874629928 -0.423156171721952
"101" 0.622847371246974 -1.69773271082425 -1.24564276361184 1.80225794275964 -2.70303730599743 -0.974868164150145 0.0164855655177224 -0.792611530226112 -1.4878684103755 -0.61291786666325 0.559173667151881 1.473516768383 0.360951118386348 1.1271556086995 -1.9335683263317 1.90045842847483 -0.993604329085806 -0.566562870646288 -0.911773750048422 -1.46070241545525 2.17580763796488 -1.68091119832269 1.5917937639781 -1.61824075321571 -0.258236027598532 1.56542032735841 -0.419909563890208 -1.1896806845916 1.07527824192321 0.683689001215208 1.67354894549549 1.3399739392771 2.08715461554566 0.298202878167173 -2.46935047519985 -0.838538673544521 -0.661602756166664 0.667574000415483 1.79728384238825 0.469342350001296 -0.223697217436257 0.0704040175330127 0.260548236524024 1.42660085253546 -2.25347718086564 -1.00882279753474 -3.17025371628364 -2.39142615486862 0.456811345031277 -0.680831098867509
"102" 0.579735661827225 -0.966145352036118 -1.44795016388151 0.196501092191606 0.535957818647465 0.721650072171366 -1.93484077109839 -1.5747913344088 0.230477429740403 -3.99769623497175 3.64891687283071 0.950475025484103 0.00107584357873049 0.00345053373212826 -1.40124099059103 0.140470267164509 2.65985219371525 1.17840386476203 2.47596657773076 0.189784958068099 1.30245675590109 -1.60563150555021 1.34265863402299 -0.423210377150453 0.184523637506216 -0.988058086750098 -1.02607654757074 -1.55555965608983 2.89904751752257 0.135007071564998 0.393491762950681 0.541641898881295 -1.03943103454851 -0.568979370897711 1.28702366447926 -2.52034195757949 -1.85560051088063 -1.30925264211576 -0.63616224391073 0.655095025247436 0.262359816147025 0.0760916005556865 0.84405799760073 -0.177846732767128 0.620925887342003 0.0459623726641344 1.02997682513595 2.48659875427073 2.21073941218732 -1.82808374281578
"103" -1.7830218946447 -0.0332974115373062 1.0477594107274 -0.51258624374961 -2.05330201769529 -0.520101369840144 0.754400669731915 1.38277211973783 -0.528786110833061 -1.01258294725474 0.767592751303163 0.465790101820694 1.80037086139048 3.745464554092 -1.17050092359163 0.602480750136019 -0.506987035401725 0.490418990142676 1.18133019501614 2.0120697650532 -0.965502326558886 -1.38002162769532 -1.50132000800828 4.62800330982631 -2.66581751537593 0.000817964015980826 0.911069715413986 -0.459836606817564 1.55814635040463 2.1014379312834 1.18894161002063 -0.748156495069486 0.213364495517694 -0.459805832283989 0.507236473852028 4.0280307585833 2.96238600158661 -0.0451603550463146 1.6471177969347 2.12814851951681 -0.78395441793833 -1.78813438690303 0.91157846583834 -0.664842945671143 2.96008830388359 3.33763921127043 -0.343276707877798 -1.73487108045513 1.0864912437054 -2.13523800846958
"104" 0.659622670493592 0.540953653152628 0.915130485857145 1.08744699956144 -0.71876129079681 0.319210839229619 -0.942800273768879 -0.510076747638811 -0.0964808848154682 0.322299597838434 -0.0684590217921348 0.235626403272351 0.423280969286895 -0.0691678857462152 -0.989868258499019 0.349923966704452 0.892435348305792 1.05533783896547 2.0322029716966 0.408207850326565 -2.92372942662866 0.385183722885129 0.0120571945418145 -0.326167530071075 2.5287971414681 -1.84575053175333 -1.24914469039342 -0.768643217788067 0.155631319028502 -1.03153811921707 -0.300506232561139 0.260411686057328 -1.02944327686271 0.944716539569922 1.58824017997084 2.85223667161616 -0.721589134001044 -3.09729508584923 -3.09572896921012 -1.30274193782747 -0.229193984926342 -0.345542930083946 -0.420679112063118 1.18033135766915 -2.52566645719213 -0.404651173217399 0.390126616494498 0.0472850269325356 -0.023310191079078 0.290974185392776
"105" -0.451386422960284 -1.52108510811732 -0.144614126038456 -1.4657183804036 0.853122356279087 0.658164074337565 -0.973057588512845 -1.61015141581867 -0.622575338056835 -0.639350760879663 1.43181464865442 0.190856117458849 -0.233017454304114 0.629195015859616 -0.899660758692822 1.02761579580159 0.543705626667718 -0.905355745908619 0.105912731811818 -0.402792131880433 -3.51644065407842 1.6576880842478 2.78154253249274 -2.26578484570134 1.50364604923136 -2.95580097051291 -2.15662766020441 -0.547502713956205 1.07686692467448 3.23400677802161 2.00138479012919 1.19074136842135 0.801854833006767 -1.35344223857161 1.3563118175839 -0.27365507470851 0.340781565381218 0.861685306553564 -1.36778155957633 -1.87869857121308 3.09234100742684 3.22015176661553 -0.763980642610482 -0.961974879337688 0.568738121766296 -0.35708904422478 -1.93692923921115 -0.545456383558749 -0.31445802994564 2.17051696857153
"106" 0.00583285057905064 0.216685651677409 -0.355613180435495 -0.326496297573535 -0.939889426929776 -3.13623246545087 2.72737483699121 -1.07476977158956 -1.16406626432419 0.040259373587308 -0.701272787114435 -2.20266934966423 -1.27724685725439 0.797191335691022 1.11808195610331 -0.388461186367972 0.92809704275278 -2.04135970052848 -0.0605579574021703 -0.464173902932167 -0.105040578616655 1.07625449747504 1.45482980344812 -3.68850916778075 1.67925037161789 0.406132149393775 -0.622669288048125 2.20660353935732 -3.00935549949512 0.182755178780928 0.543436570812257 -1.00338023457915 -0.124779661609168 -0.700880137155546 -0.0261982284906168 0.451325211579376 1.00500130493492 1.21094182507655 0.231625443378531 -0.0320811011184245 -0.671289539614149 -2.16156203450016 2.56754882202917 1.0440268236412 0.764128345350082 0.921247141121771 1.48926301751091 -0.150993871698449 -0.442211544027881 -1.04357513238322
"107" 0.986443835598699 0.810363123696823 -0.288086128465135 0.0412479574634117 -1.05371619064599 -1.31804052835617 0.726589431940654 2.54738642094938 2.63168354321233 -0.312901723096888 1.2804796996331 2.66600933879959 1.91580413133599 -0.277109607110324 1.01338035614869 1.42140482704279 -0.190489601699303 2.01298561577303 3.11688267665489 -0.952981080372583 1.79109752708521 -2.53261473937426 1.64984792125092 -2.57222546106109 4.18608286457157 -0.796747980463179 0.655775493277284 -0.429663207603415 1.79000218355337 0.428445938613785 -0.85544020375061 1.76813568519623 1.80990411584921 -1.75763402579007 -0.6224459921808 -0.818153304296223 -1.24201128217852 -2.40344326310092 -0.64082608616991 -0.39175923395124 1.19469495453766 0.731960074153016 -0.311574979713196 -2.85332143720179 2.23177998065038 -1.53760554746581 1.50553874577962 1.24609557994499 -1.98786722560892 0.721345151742618
"108" -1.3276459019935 0.284205697802815 -1.2561461582775 -0.0421609787094615 -1.97184989670051 -2.93316289188382 0.654806763968966 0.108811849306222 0.632110698292334 1.12459312352128 -2.53996246972531 -1.18706995355757 1.34903582754073 -0.726759290048281 1.68881264774281 0.698181982663396 0.188232393472078 -1.18784238336048 1.2558464439369 -1.12262711938759 0.777838179824859 -0.789532184719528 -0.2214961132206 -1.18070064661699 -0.468021207576123 1.42743373921834 -0.513973450402363 0.443865525753391 2.76067838476863 2.62468497123459 1.01269103923422 -1.80862720149487 -1.46211474526393 1.9504606911022 -0.595912539674845 0.43515251226864 -1.10638787967537 0.670624773238862 1.79999802942656 0.914205265891839 -1.42812330817586 -3.3784376766904 4.31022176669779 2.12427330225921 -2.33659926594832 -1.86488866056246 -1.47725208937639 -0.310169780350062 3.08572604988028 -3.07847295896898
"109" -0.812233750505383 1.07742826930442 -0.548130594822671 -1.52594783379487 1.37310927281033 -0.637532475497322 -0.128883973239431 -2.47870255177569 -3.4387505160629 1.09168800311848 2.03932258287814 0.648430653694207 -1.45277429084906 2.28800852989837 -1.05229010339299 -0.78255330596874 1.16228555381507 -1.34510536510173 -0.882172148550376 1.33564985035831 1.34071194937459 -3.30261624788909 4.71813959528205 -2.67338325785256 -0.385287795084101 0.428556521074475 -0.450554296982254 2.03796032632134 0.717036026591596 1.53838615564662 1.13934997137896 -1.12773959520716 -0.0365148706606677 0.168289506508995 -0.964038441206644 -0.149612585055062 -0.0962758352834902 0.480356453999793 -1.44792083963637 -1.65835610886586 -1.93171296195048 -1.86634103219644 0.486245985800335 0.459518896116836 0.214896368516458 -0.317875751084246 0.296161570065041 0.28648282243383 -2.02148636283263 1.25400574926034
"110" 1.33110970344224 -0.385961917693112 -1.0148783928652 3.41954552231662 0.0254164094559068 -0.902198682910787 2.9624061228984 0.566892366565698 -0.873892074820303 -1.17428838626695 0.501502046567092 -1.10496042780336 -1.01733707775693 1.25642748210725 -1.97387145300729 -0.0445549930412888 2.31651335216562 -1.22378967615064 0.172658291214657 0.366254095238233 -0.808915694949393 0.509583922925194 2.18363643476905 -0.755665139769662 0.749589061634931 -0.90476431091118 0.743231937402537 -0.721037827392462 0.898738549398193 1.09888895152318 -0.44538503700067 -0.773467775692508 -0.340642518487713 -1.50076121157651 0.611411989403072 1.31490141854256 1.58084740047331 0.739613148018654 0.524832256369292 0.410554710307416 -0.0223752592240998 0.0335051020932822 -2.25411798964819 0.333355897757521 -1.30855532644022 -0.388123752037595 -1.70893528477809 -0.337579995201797 0.304087164909137 -0.40389077250494
"111" -0.579321552262112 1.93621121039921 0.0555343275547459 -0.385450552552898 1.07319120757492 -0.882006399242235 0.293196459120071 0.389649016454478 -0.393715407801229 1.41609877434364 -1.486734586407 -1.65709651657973 0.0498613503982395 2.93273349172312 -1.31541647804676 -0.28469052092443 0.985053439520845 -1.90287695776959 -1.685168681243 1.53593165309786 -0.0943168984343766 1.61849304677445 -1.91055088415744 -0.334431106286807 -1.8261053364418 0.903594024765372 -1.13575437795762 1.75868093322883 -0.83350487397596 -0.416033507294226 -1.90196375458023 1.94220608228346 -0.801398326159593 2.24485038568574 0.137862757231804 1.77359994421393 0.591342410065309 -2.24733522695894 -2.17276610574816 -1.57707737627317 2.46189112883669 -0.153055896810837 1.2413010129513 -0.515470026998352 1.46178778468624 3.29368910706086 1.57147210477488 0.472035450462719 -0.71721820520139 -0.501777444873455
"112" -0.839425571262083 1.18856029869063 1.19501428644274 -0.866660091534247 -0.469544237907835 0.485347724725995 -1.82200626403666 -2.55118474724123 -1.23220015307425 0.201567314967666 0.439076063269191 -0.470257453918942 0.242138228324099 0.205994813161693 1.20667889540627 -1.28088489963652 1.59142666035441 1.67684229451843 4.33934263363762 -4.07604859418891 -0.895324830815886 0.0442328310479969 2.6450440405425 -1.0977821520634 -0.871151015561391 0.282400147220169 -0.4840203663835 -0.665771724135433 0.953339703730002 0.267407900955096 2.23668299336528 -3.02277245307065 0.290793231892797 -0.167735534123763 -0.897295684315159 -0.545910366426725 -1.34529144538689 -1.76947543659005 -1.90389485224889 -4.00691848097945 0.950472280232945 1.58500110523678 -3.75185821480988 -2.61731537108224 2.31721744359298 3.14781577507638 0.790952193875856 -1.19128084972824 0.305996489475186 -0.737629297883021
"113" 1.66476783907853 -1.40603524410988 -1.51776326896988 -0.734591614612823 -0.0366053122744983 1.3777774419771 -2.77601984943565 -1.42741955092002 -0.817110943297388 -1.2201772314604 2.40129943934878 1.27583380022262 0.248454743985873 -0.581862381505298 1.56715475627781 -0.788978138719242 2.4410933219218 -1.47884888457872 0.782454839177776 1.10353223141054 -1.29897902023514 1.37072369670048 -1.31618357667912 2.4009491610143 -2.36079098365984 -0.128215399458876 0.00677011904808644 -0.907368640237428 3.01637609129013 -0.303875953137868 -0.16691331840375 -1.07961535866099 -1.98774818094809 4.98893116815313 -3.21093390449292 -0.492699607079897 -0.806028559969347 -0.511077682188344 1.45111592249497 1.22648581136932 0.235933807826244 -0.874445868267777 1.07608771815683 0.785835333768793 0.581006625356472 -1.13960120354712 -0.59492531308387 1.87556631504759 2.42523540341321 0.345495225504046
"114" 1.27117674972019 -1.0873983923948 0.00285509911466116 -1.88591466250948 1.57463800730752 -0.54705551608031 2.01219926249835 -1.73366847345255 -1.1953099520744 -0.353532155288999 -0.739049262293505 -0.709968897965495 -2.73018194914337 -2.80633863952878 -0.847596796849168 2.26629934283896 -0.914261154009455 -0.835349873954947 -0.769667953951161 -0.0476376318645943 -0.297636557412514 0.191836809387753 -1.808033021321 1.1650541624463 1.30866590790657 0.272970392235446 -0.34190113803756 -0.0349916939342104 0.0687455259782039 -1.59615764928089 -1.20157875077854 -1.6363512654485 -1.28944452437307 -1.80261183808765 2.457339552187 1.38389178937122 1.31425897963316 1.12247301267847 1.16712862840981 1.21406699426841 -1.83565024077685 -0.89406299832442 -0.909820802165521 -1.3021859884742 -0.753553500662645 -1.59478973306256 -0.431958402261369 0.525857065240686 0.157497765254572 0.0164614944833871
"115" -0.0602076617417637 0.4611859813169 0.900454720789775 -2.036949265445 -0.0729939264423108 -0.65828366965573 -0.125250117476131 0.0110505711755681 0.214702660004637 -0.720299576456366 -0.0127932340935331 -2.01034106807976 -2.4894014653607 -2.21253435752435 0.365331014256078 -0.278593381078836 0.595690596913447 -0.34961948658742 -0.27591007887408 -1.23022820272013 1.03033322536954 0.783499533988984 -0.729963500289492 1.50078114490889 -4.16514514523014 0.341713557085838 -1.02185754407762 -0.30824744236467 0.774111400702869 -2.11363223049162 -3.66935574319975 -0.780521578143439 -2.6525131617986 0.2185833179847 -1.52015229997222 -0.883152950718315 -0.839058460704799 -2.5058207421761 -1.1752837993213 0.731108033885122 -0.686801001801086 0.939481395718624 -1.24510910513568 0.751948402150395 0.0655009541920881 -0.761624809902675 -2.47969932349097 -0.421473512227483 0.668320550457832 -1.07243556974143
"116" 0.441735467391823 -0.814175454901873 -1.21089570548869 0.35719323721252 0.530428452465846 1.31476065475687 0.550154563171182 2.45402782884757 -0.448569803387589 3.07332417143816 -0.990142768718211 2.40123736202149 1.28529321057234 -2.25743537646408 -0.0444575172847869 1.4798846877197 -0.445307581919878 0.468552760310842 1.8433815593512 -2.11771330691494 -0.225011016139744 2.4579691610019 0.85885293874215 -1.13184556695558 -0.988939095934975 -0.541472290664382 -0.879792575389191 -1.62282014805423 2.22548518040331 0.912392589508239 0.679735239167252 -0.303099612193603 -0.768615170402211 0.534340891188154 -0.186983388446145 0.832531523387363 0.585819699651229 -1.45394371796544 0.300566208940974 2.36471182841645 -0.841762780639801 -1.6910535329649 1.99476466970678 -1.10975902828882 -0.294212143596343 -0.190392021165592 1.61766599824985 0.843324805006199 0.236593089451545 1.31075849739178
"117" -3.80089145489961 1.14316578653198 -2.40294026441495 1.48325431935413 0.20213657343551 0.00606143985087582 0.739994784552823 0.296342535952314 -0.119495215096547 -0.266692361331019 0.412140062278349 1.44451109321038 0.895585916598769 -1.06814967424022 0.465018778113481 0.0463565445128016 -1.16652227119426 1.76555741853784 0.374246169962755 -1.21480553160516 0.42306946293287 -1.15068865652738 2.02386003172549 -1.70850842658248 0.879655715820365 -0.563126698737139 0.0928493246250947 0.937609354214824 -0.845386584685312 -0.779330469222226 -1.27903807483465 0.721681109767846 0.000939526861347213 -0.103644992729037 1.61790179460362 0.932538352283709 0.318341723982315 -0.804281316181822 -1.05273117165158 1.47991199307608 -1.74740756224436 -3.0390757273243 1.75905398743345 1.6352162911133 -0.709091536619439 -2.54457230040332 -1.64984958909144 1.81907230230556 1.40507282037611 -0.535802898991997
"118" 2.08144687235477 -1.73276524299962 1.57673912785295 -1.89223960571168 0.127336971515716 0.535346480064566 -0.736127013811555 -0.0680822182884939 0.0527900302497521 -0.345396835023718 0.433277961950705 0.213355490941224 0.573381809835487 -1.08004286477352 1.6337115789631 -1.60902770811257 0.142861935521738 1.7639213624635 -0.140180940034561 0.236478710315369 -0.576010185908954 1.51216153969392 0.629191689602083 -0.563741479379575 -0.402672804866453 0.775317529458242 0.76954504495174 0.490363207491281 0.242916927924595 4.42041557138966 3.11055516817122 0.152149733844991 -2.72564701654661 2.27550584453089 2.02310420449411 2.04314544754821 -0.646684042049662 -0.034556099575031 0.393796732786645 0.546928480937257 -0.084798792027826 0.726434217477004 0.796100350190775 -0.300749084823819 1.49346460562925 0.479632700121015 -0.418774421149005 -1.2023572955171 0.180501635043337 -1.02566214641331
"119" -0.696752104497432 -1.39850990793246 -1.21588980973027 0.0324931756236364 0.0676631522818506 0.246342732026636 -3.19916775212413 -1.75751462273231 2.23974650464139 -3.58702360700239 1.80395811894676 -0.972302240329057 -1.05842303627776 0.0566536465676983 -0.403365059619645 0.755226079077385 -0.096183585345617 0.384053795225248 2.83423040830317 0.189527958727746 0.549505060174839 -1.43357910618186 -0.227763981098366 0.376716634518845 -0.399143076586907 0.72129385404967 -0.293666371272551 0.563158055361659 1.09822960045778 -1.13517358330274 -0.296716389599451 -1.53140430255691 0.837068956641473 -0.654769580450997 -2.78188525067712 -2.41038825957672 1.36943912218792 -0.410966971323503 -1.77840854753642 2.39986730364098 -2.24484290842274 -1.35959245121614 -1.1424533769263 -2.983317351016 1.08814220436211 0.66744188270452 0.317750437595306 0.321062982122175 1.7860451447871 -2.50999248447961
"120" 1.4663277781645 -1.84015873813524 0.938270827583933 -1.23739050364486 0.315367925323287 0.556628514293627 -1.93337368491113 -0.777721921481886 0.0264629317884532 1.27373282770697 -3.54704116728396 -2.92385495328968 -1.40352772730051 -1.41681204735879 3.22629071358071 0.418708688770493 -1.40137590885 0.527637174079727 -2.13462916725035 1.78575825394708 -1.42949806986125 1.26368780112017 0.153252870153484 0.803948436743959 -0.791066280986889 1.55005048392002 1.10746087695286 0.748572328515645 -1.67993180185166 -0.90390300782067 0.372243493454308 1.40787631545987 1.92859697498781 -1.71515987385691 1.98531851462184 1.12225181390474 0.243580130189556 1.84678925897805 0.697627689827964 -2.26655569712735 2.17551467750758 -0.0786436464792797 1.72863432218333 0.091892502792119 1.01525249230311 -1.9586587518228 -0.0396135873660118 2.86081420491562 0.793138191188203 0.339105048823876
"121" 0.757128713816718 0.417681018443395 0.216050379270847 -0.856802842084011 2.359512296877 1.11074114531588 -0.813338669069734 -1.84207876744179 -3.88207995076541 1.87329948162314 0.342537689703224 -1.02044802221144 -0.32974691231795 3.12222202904888 -0.916852891286549 -1.92251490876602 0.220120005070917 -0.549112701350701 1.54633921445046 -2.36537120825397 0.320891830394197 -0.279521833762388 3.62876474091681 -2.42985586951762 -0.334711018006001 1.54081913339531 1.42879898119423 -2.1076374048498 -0.0692470066506458 -2.00389509359139 -0.911837632142767 2.20725409920294 1.48226900886546 0.498259971345679 -0.682881756604642 -1.27286838663663 -0.324350193452979 -1.21883697996191 0.173335494989595 0.258683568749875 0.173168508225503 0.73472574396009 -1.04794778538417 0.637409011877029 -1.73973593823071 0.268252956610007 1.90502565139904 0.525333988188085 1.26235332041235 -1.27090508986932
"122" -0.219415093896753 1.21903349028505 -0.756378525443286 0.353967292269844 1.4105690676639 0.582260053228861 1.73778717436626 1.81771369010561 0.916504812810751 -0.0262783517426416 -0.241573843063703 -0.612662434560565 -0.948333963961993 -2.56121490872983 0.898911622635667 0.229198798096265 0.855244639986897 -0.820834204833576 -0.176279318045969 0.992022653704932 -0.446049315531694 0.514902436553486 -0.740060308286476 0.5002757711914 -1.2173520503363 2.43686285079203 2.87039318530853 -2.44487628714698 1.12058854598056 0.217144133436037 0.982623582996784 -0.552032359834385 1.29596334396892 0.361635934104975 0.024917795312924 1.66890583792536 1.15987577307707 0.740746106848145 0.872579068894491 -0.98999119357867 1.17075406854526 0.662565652519034 -1.8497028710098 -1.36855602994037 -0.352091276623056 0.13223278248351 0.462774018376038 -0.346211926868192 -1.00454781978127 -1.78197677441397
"123" -1.16101372949596 2.03502535042839 0.188099063937688 0.156724120848706 -0.168298679288006 -0.752367519361134 2.18478349126113 1.93124825471032 -0.439999131639537 0.931742693802824 -0.707840552723875 0.292702776767986 0.983905317731936 -0.578645759678029 -0.546646884330673 0.156505814119398 2.39476566767225 -1.16677962813331 -0.551167508440149 -0.323584694727357 -1.87793115984453 2.71961444970583 -2.69397489944918 1.33213099260321 -1.6346016218928 0.490479854361375 -2.23542172682918 3.05828046268383 -1.93452295472866 0.796655561552141 1.49971640157609 0.101738456568784 -0.151722854135925 2.04506607536563 0.0631203668481898 0.519168577782918 -1.69419310423585 -1.90820904584442 -0.958621852945885 0.577110369101965 -0.0513342718126582 2.30743653416387 -2.76354638555818 -4.69966021720886 3.70414732483735 1.46094016542582 0.786415141852452 -0.479834609352247 -0.863255551124355 -0.496304463831196
"124" -0.432639256859036 1.83390555783715 1.26083996926705 -0.370004447286047 1.81781375732533 2.11044753329706 0.527130314031378 2.31589741941202 -0.912064955722128 1.15073311286314 1.90925360931999 0.745933585037839 -0.163332869138713 0.137754523357327 1.62829727717959 -3.76734903006276 0.448543365292378 0.230171773055182 -0.063212774490981 -0.075768201168241 -0.554685826562505 -0.230046595279527 0.263499740098206 0.674854171173902 1.05788832459075 0.333353972567947 1.7267836182832 -0.482171680708749 -0.603474903497381 1.86843442369518 2.8224082506238 0.293663074142315 1.74778492426321 -0.70529491842794 0.182135291023402 0.383498109568765 -1.71459884701579 -1.76125253593881 -0.21027534225593 2.00510078258265 -0.386361958124285 -1.16137144459269 2.19277106882157 0.116944340721987 0.580406196240937 -1.63686917825819 -0.815823848373107 -0.628788205336729 -0.994016615324152 -1.52881404447399
"125" -1.82187910558323 0.78884517160461 1.74977563981514 -0.859441901956421 -1.76843538159887 0.116208177442412 -1.77559022816459 -0.218637874463154 0.00682974524281577 1.3538661530617 -1.51008880888851 -2.16297426279891 -0.539128928380809 1.8187837243252 -2.16307852951354 -1.00532739573917 0.988523537755856 0.682315717107423 -1.17024984147897 1.00518791602757 1.01775818606688 0.0130044178278698 -1.32415530578658 0.714288043367715 0.233589179566281 0.288386670079666 0.365558982317034 -0.215337139506568 0.456098466377443 -0.724857408175242 -0.291022316475236 -1.72920843707484 -2.51708451267439 1.24258989587269 0.165902726520015 1.48039542067739 2.09222406429023 1.46891840773983 0.34863606153466 1.32270777347596 -1.22089068016877 -0.768893838962545 1.71432802305697 3.14255254191686 -2.85914671015756 -2.58212873448801 0.135905765188534 1.16407617827972 -1.25152844899346 0.637385772248651
"126" 1.21336501975484 -0.844885920108054 -0.172002683359237 -0.074326645829575 -0.724226324483841 -0.737804960493543 0.664742123946105 -0.262792185987937 -0.997626541564204 1.80241811705093 1.17271059797178 2.35768813211356 0.411635488574761 1.22636111681814 -1.4896318670274 0.577636490292986 -0.444774441463457 -0.588229947622 -2.0644838231663 -0.625499517685091 0.958782997819077 1.89867985847763 -0.787839778047736 -0.425855502317823 0.38197267617905 0.388910496717005 0.315021199804403 0.447436072445508 -1.40204145855979 -0.181134847831186 1.46321935759047 -1.30746935034108 0.195088432952086 0.534131829325807 -0.650442911922965 -0.393814948351304 -0.860085396283546 -0.542017150649808 0.81384012471008 1.29993415529446 1.32503177315975 1.46102945503873 -1.73485747113181 -3.38227862199951 1.77881253678436 0.432060406896583 0.292757508576617 0.660122714700958 -0.918567006465305 0.117849874873421
"127" -0.723822686302938 1.06246134945654 2.60951302744423 -2.69050393969382 1.33919732091295 2.22893925420523 1.75825330995327 2.88539377088203 0.371939633537884 -0.285988356270122 -0.249203806051163 -0.745332473407268 -0.91444376246933 -0.0494616738740971 -0.0984417841013106 -0.558504104120986 2.74061452458675 -2.17237050435669 0.658865437804607 -0.955267729679878 1.30712211521256 -1.69146848310098 0.798499593019164 -0.193543322347912 2.63392121423412 -2.15788755971981 -0.253230688010967 -0.102554665832328 -1.12092005678066 -2.40605110583824 -2.99015872349542 -0.37616148623302 -2.17933273143386 -1.45177253778643 0.633570376170818 -1.81560519060012 -1.10104776641705 0.0305603172314593 -0.669554294352387 1.23813490085741 -0.427696277685687 -0.433066105073137 1.60186843496576 -0.36914090917694 0.618189054077282 0.434978479178123 0.938983322108281 -0.433754596392674 0.74344447601204 -1.09604919124677
"128" 0.743509371174937 -1.40147585633636 -1.1186792055703 -0.586971925731748 2.20347048797017 -1.0726043680479 1.54542219344809 0.268299017915412 0.452522160990792 -0.270634536084825 0.737544593018667 2.52632975149574 1.83363361372085 0.768613150040921 0.0367195438718174 -1.18780454755624 0.327355242007884 0.72810574102777 0.205510981216139 0.196080611778688 -1.27199703938693 1.38511660492134 0.178704317078213 1.34320783340412 -1.82947690669524 -1.11294201430747 -2.90906149574648 0.943236200131818 3.43852635687942 2.73205978172888 -1.69215578002651 -0.112511199505984 -1.74529312517826 -0.560810327306043 0.1725980845354 0.605089373181006 1.23683262191554 0.408714960390341 0.828524549056162 0.953229842039265 -0.782016662934467 -0.206948988696158 -2.02730451592762 -2.56508755387741 2.51446545035631 0.433097510642468 -1.83233779858419 -1.72119938454437 0.147240267132415 -0.223165725348447
"129" -1.54345646483835 1.80290830769594 1.51210301741602 -1.11447468366995 1.64679118717958 2.6611711590931 0.258359587700013 1.73270503261565 3.41204663740291 -2.34659328227295 -0.188317194923335 -0.928231825490473 0.113786788837878 0.438722922196398 0.887487859578202 -3.00002570267195 0.536521854644853 0.582011668015888 -0.312410495438915 0.808097753273144 0.355764813863947 -0.918793360140615 1.77159283826131 -2.25325294690555 -0.37885809352435 0.52882975556174 -0.744114348489093 -0.203649957603722 0.974551005126373 0.783117512409219 0.710373178486836 -0.220445344888271 -0.307502860252219 -0.955313002342741 0.597539404165656 -0.79069094190219 0.587456048666196 0.317741857266635 -1.17229745004851 -1.66856868055304 1.19137487741037 1.90576229699392 -1.84218812395902 -0.703325760701095 0.593991729507636 -1.01462903011618 -0.799158643571159 -1.3117165653577 -3.10419653492053 2.12377384933089
"130" 0.351576173883102 0.938870201527833 -0.394877096500044 0.389824910089133 -1.5328041324192 -0.65100705176587 -0.642154115533462 1.03484934499497 0.189956023677145 1.58069861107725 -0.129037342616816 0.608731149796223 1.25660510972634 1.92237203875749 -1.31084398355875 -0.390467812631349 -2.08584224449333 3.67402411784452 1.62883918639351 -1.40180378154819 0.455967135268949 0.751376540334013 -0.757699231086608 1.25736521678241 -0.0231535229741999 0.897854890583159 1.41311549534857 0.976716270200788 -2.98568168122097 -2.20234946091555 -1.19141316981479 1.90500282107842 1.10054925619533 -3.34894276687241 0.566499794887506 -1.78522763845637 -0.0067887216299015 -0.66702262844814 -0.229964677824276 0.222656140096263 -0.875674569735465 1.86583325054097 -2.64299852265302 0.0591158595026124 -1.69764555776399 -2.3182595652331 -0.576681915255524 0.754382654540199 1.7029071146014 -0.133359570644393
"131" 0.646540111972904 2.94319830110617 2.76875728405207 0.438564345175056 -0.141989971336075 1.40358879212636 -0.311185976282342 -0.229065934101518 -1.36949396697755 2.75390912292556 -1.42766517570458 -1.38552464506513 0.139397017526957 -1.1754765913343 -0.59304775760406 2.7275205528363 -0.340395346870476 -0.607173712825617 -0.668469908355636 -0.173417998451226 -0.504544467472252 0.331381107904238 0.139229723290803 -1.91270612560583 1.90126074353709 -0.286733466783443 -0.789965875797969 -1.08070189143206 0.320306142246534 -0.0859940415488809 -0.187324330454066 3.15416870069179 3.33957291091974 -1.07519275351654 -0.440991451321926 -0.193397714596473 -1.43854435820713 -1.27312548283783 -0.26725607453175 -1.04249252725728 -0.33718929801651 0.014088654054388 -1.99447716565066 -1.09907544051972 -1.69151985103698 -1.21370865029632 -0.3020193436112 1.95292308219283 3.09091826333781 -0.809378472261095
"132" -3.7839892110206 1.61901856029071 -1.82032350281621 0.638038904055165 0.640336022962915 0.494967195140905 0.336140080903186 1.2939979651501 1.37932041197755 -0.16746341938362 1.96683512177707 0.576039677594484 -0.583447402646397 -0.095244786031031 -0.547706777252732 0.696895584419345 0.219969870104139 -0.193710572053551 0.20653066559112 -2.56030926528704 0.895565268916211 0.906924169011064 0.186580809942562 -0.698419014328248 0.803994422272138 -0.1419623641915 -0.570791703029483 1.71461955350519 -1.2406391341508 0.744874250132647 1.3458110614018 1.52446314152817 -0.809765367356783 3.28717611551412 -0.893598852490907 -0.90265460966491 1.56394546237142 3.19211064264377 2.06151138808982 0.35146588171426 -0.0484842043215197 -0.735481194779594 -1.89800321192583 -1.57043935421688 -0.279236822371313 1.4952787972057 0.885801442084375 -0.605788901609867 -0.0909368489692585 -0.130683690342673
"133" -0.43063108464654 -0.164513451958108 -1.30480864842121 0.138110922587599 0.543056033195844 0.880837195975397 0.222743277318562 1.90570627369935 2.33731825190096 -0.0223040469514491 0.298457464450311 3.10948196966948 2.42312780074605 0.904130396561615 -1.23816335764882 0.783457226410147 0.947076911761116 -0.674097718680672 1.65537957769332 -3.00786317031992 2.61035676191872 -1.97322911996618 1.01842053067314 -0.124954274567099 0.543530683184348 -1.54814431971444 -1.11779614247474 -0.507942076682064 1.85286955318519 0.686035572135516 -0.377074138119123 0.463406511382383 0.760826723738785 0.705179832830873 0.640001161017985 3.5642307844839 1.19365181289767 0.015807253669518 1.96290809008535 -0.572973868422027 0.481534750275008 0.930126903727494 -1.28193190855449 -1.70446851963212 1.73886047222762 0.525561836476714 0.486982113751598 -1.60339905600468 -3.36195228488005 3.50064584993608
"134" 0.664171589429553 -1.78814645463538 -0.612616887490781 1.66692236582329 -2.4066333828433 -0.640531430714041 -1.029289503262 -0.575829921475339 -0.0749080132975593 -0.812959165491946 0.699075328648162 -0.888304679654214 -1.33551677672484 1.57351991703663 -0.168242918758921 -1.83146794790542 -1.83309205586065 3.94771064674937 1.28464738464595 -2.0744632980626 2.20189627858647 2.42834351591698 -3.2146675305307 -0.529339374841759 1.99967320758639 1.60582676914073 1.42154938792042 -0.093976215795538 -0.224578194684934 1.14507332344893 -1.25270960201969 2.46434899155241 -0.742355938425686 0.832416715022176 -0.462423473119352 -0.383617066216173 -1.53225393714492 -0.207563899104951 1.67179491925062 1.25436733555755 -0.633215788377585 0.61657042900128 -1.01857462492001 -1.26452802395261 0.0207611037155771 -1.45614955968528 0.464610909914143 -1.90796346802616 -1.82930352029379 -0.0114741742111958
"135" 1.76973628111078 -0.233758976384415 0.801392314663545 -0.365930446798634 1.57044892003401 0.918219764446048 -0.711690870797221 -1.55023528130678 -1.26373065772968 0.760522547981343 2.3269867964592 2.09289962158652 -0.022595071804628 -1.97473762664257 0.947926652361448 2.07298717567449 -1.11817954205924 -2.18616540531979 -0.694368237186277 -1.0598116916483 0.587942773858846 0.976901361836727 -2.41092136573215 2.46092117128274 0.269117981249486 0.134174714121383 -0.063276533494506 4.30282793870405 -4.6715700648353 0.580202431534634 -0.0175969448646928 0.129698041598263 -0.112744070902133 -0.630206254957937 -1.40335299470766 -1.00577726053046 -1.14778718191857 -1.30875474084359 -1.27276356204377 1.5502385780933 -2.71124146189233 0.247877933933175 1.6705316000799 1.75809361551784 -1.96066325690576 -1.24069251941575 0.654138969847792 1.61857305404833 0.0393468901078521 0.695821295673294
"136" 2.60863419391896 -1.83790887557505 -1.26879335251932 1.5506667434364 0.520218247677321 0.238270745678937 -0.122835783557855 -2.55947214025806 0.0562466123417431 -1.05968569568601 -0.0791510129151101 0.466607325118316 -0.545082874036936 -2.63410272226977 2.05391520256086 -1.17816496486655 -0.075718037533175 -1.5491363262731 0.287091855534758 -1.76637919261021 -0.42946349389133 1.17827379386117 0.490610006393384 -1.38085315966605 -0.112720051578814 -0.450559994574318 -1.91469700835945 2.29093506652089 -1.07586142645788 1.80558186396657 3.07781928799022 -1.58153093861056 1.58192727310407 0.00398435116574415 -2.07074093525711 0.246950142931152 0.557336010416412 -1.06055044016102 -0.204103863158417 -0.0786998569865334 -0.329088049379315 0.226136457562841 -1.38813394231678 -3.26310312896892 4.35359952534715 0.093365951812283 -0.722075129086492 -0.589385977193354 -0.528303282055375 -1.15883923558623
"137" 0.340870505776101 0.432701005042997 0.507557236899582 0.486854120273757 0.37466893201689 -0.688409662508611 0.884881562579445 0.803692320943927 -0.449830631564615 0.943228529026797 -1.97994416389942 -1.93174773895844 -0.552420508905809 0.735331512152406 -1.57860952187776 -1.12667499686138 2.82793076292909 0.810449200459289 -0.172416312447549 1.35363807840635 2.30227289666424 -2.32755603508055 0.656535827316637 2.15760137304344 -1.29265307574247 1.51395956086812 0.681094242063843 1.3129991686194 -0.835790386242497 -0.729704078212551 1.82991306052696 -2.73307242417037 -0.213348954014876 0.528951485231252 0.268515205804022 0.400663137308906 -0.854700350796132 -1.35956227327166 -0.616313533756203 1.41472114620063 -2.21933054207667 -1.72809407645755 3.72577484756373 2.44735287990813 -0.10228680380301 1.70118955751004 1.68014802096055 0.973500647940127 1.81073447988036 0.711861250376011
"138" -0.332047710054959 -0.112944926096585 0.264469943275967 -2.50250634713351 3.0649363814074 1.13204813532952 -0.179183251266246 0.730166050475219 0.129517496978635 1.16834330402894 -0.625508285265818 -1.61878188010903 -0.480691188166238 0.829893548688797 -1.06193216557045 0.845086305725015 1.29624904687706 -0.733738431697799 0.330605446352403 0.264703923237966 -3.84305646396424 3.51179042520716 1.34290860310666 -0.459726290628805 -1.10938247705835 1.23264164613237 0.867508336098736 -0.124866627272123 -0.0298085627040672 1.1620055253998 0.978250269370569 1.11032745733971 -0.432781755519183 1.47914658375429 -0.0373345128581636 -0.161965665049528 -0.379464410720323 0.424868260467046 0.638953060407088 -1.28189594486553 -1.42549090282646 -2.14653915052574 -0.948748206766906 -0.22604120852197 0.205308055498306 1.81026169071274 1.72050861485973 1.01105364728864 -0.7935488276087 2.92204759667304
"139" -0.16857725416636 1.6286542417288 1.37751364537597 0.105259991295468 0.132448526817461 0.189959221919377 0.418750295622172 -1.1269941107248 -2.23874719489026 4.77939928287745 -4.086024683798 0.250222906911326 0.694060565340345 -1.28827728905441 2.02577500778612 -0.432712114909775 0.603046073829254 -0.759623598395893 -2.20674676228369 1.60651290669759 0.108428593251466 -3.10679736614489 1.47008720120528 3.1429321043907 -2.86207594866576 0.524777732837822 0.271688281722204 0.988955613776058 1.00846214153847 2.42093931507921 1.74266198166656 -0.756921234346047 -0.0200501838610524 0.681664300493336 1.21285064061426 2.94880473933101 3.14618315059474 3.28905520520164 0.702471665113065 -2.78770798859458 3.46067168013955 1.60689587253041 1.51132220295681 0.772178892198185 -2.89290063614583 -2.58848086372191 -0.466087284338538 1.10297430317426 -0.509042717361211 2.28040725070948
"140" -1.05622176662926 0.152930069297309 -0.576709306098069 1.44536314824513 -0.0971781759919279 -0.694361209555595 1.2319653272989 0.53627957750139 -1.1608246591219 1.08648733084391 -0.576188198465931 -0.511737815347013 0.145391945966771 1.08655888126978 0.233665770609856 -1.81568028661408 1.58873798268486 -2.6613552524827 0.345084182860742 -1.99506750833878 0.174442429126383 0.373166945671385 0.728818042667995 1.03907474329568 -0.0847589629501133 0.133905970936197 1.21841294539805 0.577156493339271 -1.09312861440337 0.870905933325585 -0.176888174104321 1.11850295164304 -0.073585145772861 0.750266154955772 -0.140403199722815 0.44230000002488 0.376674513457443 1.00113323108183 0.68240483909399 -2.70766923879398 0.834071520382066 -1.34882698243739 -0.287540267195017 1.39104858253486 0.345066197449864 0.797997272714614 -0.0891089428243328 1.85272140544825 2.31673090515913 -0.625956127284114
"141" -0.33471502825913 1.49827016540103 2.43722118660798 1.42634265844076 -2.05451968536925 -2.63201236076819 2.84170676607128 1.1610766017491 0.218265696989939 1.06822252022824 -0.40500238958957 -0.107458184681846 2.00452828126856 1.58190661441189 1.92928067325496 -1.37116826315962 -0.343244965341361 1.04174639300889 1.55090807715031 -1.05137110345769 -1.8572508485998 1.26161704367183 -0.869302089587317 3.27903470613415 -1.76918318659115 -0.480915782416362 -1.81375156174303 1.29692564642169 -2.35633389231929 -2.07339137628679 1.13652041375357 -0.459682834918423 -0.380106208960431 -0.212270778418029 0.0185547851342728 0.792304376461233 -0.298022049352968 -1.75328635209062 0.414649445780164 0.261877154223648 1.23710317640919 0.160115689647898 1.19690875320328 0.75288448772454 -0.802144936138816 -0.805805835629431 -0.194502000070836 0.0438929126796356 0.822025533152914 -2.34633496701058
"142" -3.46804776891078 3.02911645966159 2.01062461829502 0.47697547371622 -1.56571519159981 -1.64809778723286 -0.847172745850256 -3.16292438834986 -0.797364668097079 1.84649758773524 -1.31451581607297 -1.04228935998994 -0.590014150408215 2.1995485857236 0.876072798564593 -1.41338672190491 -1.51228956405833 -0.00312087122812738 -0.544396004806418 1.65048517035006 -1.19888628145733 -0.100749469447281 1.26204975116354 -0.322112813222172 1.70350405730853 -1.19218489102417 0.00627478963022124 0.435691272542955 0.76922129037283 1.01301042048496 0.427491595515982 -0.141756780937948 -0.3952822658105 0.179870095967285 0.32375402251162 1.47990114708537 0.279965238219816 -1.35242299358258 -1.72361396415754 -0.506423677279119 0.983251744262346 1.1687781458624 0.550796624811545 -0.789265482394097 -0.194189924767554 -1.83126433089304 -1.58073010724038 -0.568114678516132 0.076366550330272 -0.516395323685909
"143" -1.5405453526484 3.59094371891401 1.96716824048628 -0.108714888185246 -0.697316499806777 0.638932417170841 -0.985066946764086 0.137126412930021 -0.518507816555851 -0.560011479827364 0.760174719100584 1.00787574584564 0.891340443265551 1.62096812461274 -0.327238102213251 -0.326838934783975 -0.724491786102285 -0.281610984743819 -0.299280141607937 0.0490902754100785 -1.37868307360216 3.01829493052296 -0.311764456025323 -0.121942643465204 -1.82352592233167 1.56243835564564 1.26203850368751 0.173834210110492 0.702103497750327 0.127203773641161 -0.668670233466949 1.62249902378742 1.34310680089547 1.15766184567507 -0.578829146536434 -1.23524908767116 -1.09471729262781 -0.95090655768829 -3.51253433390077 -2.28246626252654 1.35131781245044 3.07482698839726 -2.32501185279207 -0.754121778391485 0.476469031749296 -1.19272502613508 0.585029289319536 0.376951642012292 0.643193940685133 -2.15865241838925
"144" 2.20241389350168 -2.31469421386242 -1.34651956547835 4.7003273571058 -2.54069891541774 -0.340965771949798 1.11421153152521 -0.562568207002369 -0.276520081456918 -0.938128909255763 0.536203885263828 2.31244504598582 0.538528593390857 -1.01065424042673 -0.68295118090572 0.722188747959232 -0.974603323805186 -1.26204585972911 -2.80328778697822 2.25887453633643 1.00988107576872 -2.54222232244392 0.542739507764106 2.83230442172478 -2.82045120398339 0.0224086789350453 -1.47130940141953 0.424641281129308 -0.73089550735748 1.60206964871837 1.91808817650841 -1.29443336897058 -2.61726738652391 1.98804111571369 -3.24458897258351 -0.389212962941322 0.0046494651459691 -0.871546776803156 -1.63637670668241 -1.30609889954984 2.02747819486132 2.7856661096551 -0.130825364011445 -0.241360120829768 1.68381032319147 -2.05817648375155 -2.90218907751495 -0.944039623054488 -1.68611059450278 1.91000700151408
"145" 2.88571324445037 -2.30816502995155 -0.100672007000259 0.173796292995074 0.0364905865892747 -0.24840993713169 1.72721950968856 0.466375153369971 0.910544770141989 -3.35347392703838 2.01648140845212 -0.669943945342817 -1.06242188213982 -0.509318425097271 0.88560361334759 -1.3810991454491 -0.461157998650878 1.22071834375245 0.595909255307777 -0.741826625141056 -0.560996742985448 0.739479478488459 -0.156817393420652 1.33160712909556 -1.27205557006312 0.800295269671553 1.45852325316942 0.80752016274457 0.375266711920513 1.29242186750927 -0.04191328782854 0.166995577216974 0.883689873382685 1.68777585631432 -1.34526076783304 1.35320390749894 0.698440960786432 1.54409585609929 2.04897599692005 -0.719091192022232 1.40439515443217 2.70336788444613 -2.02979680488471 -0.410971851739027 -0.863063033289021 -1.8710023251343 -0.558081947313742 1.48987323112901 0.339156869096109 -0.60429711681401
"146" 1.23257175295334 0.69253853032134 0.594322679485057 1.78780207479703 -2.2974757410934 -2.93095435543531 1.88860119259462 -0.529647743675253 -0.299064133978462 -0.845498683394169 -1.26871702311836 -2.87310539722671 -2.16333727748 -1.6364307774608 1.01969148583093 1.20726523411588 -3.3330189728924 2.96098417590697 -0.00479973643561352 -0.502236964804445 2.80399713682817 -3.42326115969499 -0.0795527241234685 0.129222809737536 2.61737881351378 0.529734982540146 -0.645999221876975 2.03145269621674 -0.809202819376766 0.119037052879057 -0.691547995510547 0.923827480999401 0.104043701968803 0.656471356119387 -1.45799915850529 -1.11126690199228 -2.74118944032881 -2.41450722065563 -1.21386817316182 0.695158099403606 0.422045015081731 1.58085791849803 -0.601660789600419 1.00696088965784 -0.467554479977658 0.713450350286274 0.0876403953989934 1.55308864630194 2.16281848769868 -1.07942744678205
"147" -1.21790673622219 1.85307110856584 0.309526917381782 -0.379699957029857 -2.86089689007618 -2.53461983564929 -1.34396497109536 -1.61759734661257 -0.595414319579123 0.13931111636793 -0.597142461544186 -0.207759696713117 -1.86583876745997 -1.68282477129305 0.339004163620246 1.31979221235921 -1.92095183841708 1.27411074139515 1.11823265587016 -1.64595097208988 -1.45665264476659 0.131030088684287 -0.119344815417108 1.65028294455412 -0.211252596323752 0.760725006583566 1.08831444855519 -1.31007010783813 -0.499170320280949 -1.66357654860036 1.18238657549338 1.17980868066239 2.07389905374293 0.758272044648178 -0.0523637915449422 -0.238152957047935 -0.958426998360711 -1.79380265052394 -2.57210602920252 -0.250423466483408 -0.930862941354596 0.216472160352977 -0.803210367490376 2.36787957110741 -2.40342295081222 -1.5383921403777 -3.05558747066446 -2.17196237565549 -1.93725438654895 1.48376670247527
"148" -0.0922138034644912 -0.713808761130516 1.17638589060916 -1.77259725909405 -1.36372423628093 -1.70364985917023 1.49365892581168 2.40952803657926 2.40262689042198 -1.64934726199914 1.33128989081273 -0.363937973067172 -1.30681513000597 -0.486550654156703 0.689939331996622 0.668885268909004 -1.85037199352672 2.05086295033075 0.23541637222113 0.0130645854981054 -1.9267942824742 2.66299301271793 0.0492073116151036 -0.804584672879331 0.608884140472323 0.933883222030704 0.667852838969918 -0.861724396437114 2.21115190767412 0.125081208600932 -2.09127692729316 2.49954585798674 -0.361573822356006 2.03314977158854 0.625276693437719 1.0768151728842 1.48548523075472 1.45802590996456 1.27951613806585 0.8378974682238 -1.95618656209585 -2.691089505446 -0.608446788180132 -1.77690841662752 1.39936545640051 -0.760496548027262 -1.14221310016365 -0.171271117871412 -0.520683642192594 2.91786471244827
"149" 0.328710734857119 0.591711624292664 -0.538485268737811 1.83090287042109 0.403173459432076 -1.08477880858823 0.317269718750904 -1.65203398250993 -1.00390666949903 1.16099651550372 -0.649756352428688 0.525968165143987 -0.58197889428101 -0.251363234798748 1.35135551250327 -0.377813540699911 -1.44175076338123 1.83263192986669 0.53089007407006 -2.62716896796328 2.2622902314243 -0.917560417798291 -0.415425054696585 2.04359267463806 -0.0466452956627222 -2.11195135652369 -1.08004634952376 -2.3248148303761 1.48435525824744 0.205305473842321 -0.340050621290713 2.2807747539472 1.28836540233156 -0.262665247816898 -0.0646345626633903 1.40320716242884 1.16871587810699 -0.822464223410628 -2.0323346570751 -1.61713705623327 0.116996572519508 -0.192125858792454 -0.132881473668948 -1.57588899312474 1.17450638616038 0.394066647444589 0.468642536405891 1.11956377966593 2.56133443887187 -2.59524493734778
"150" -0.545055074564698 1.08964444889335 0.293101252897576 2.11718505044122 -1.61197889054915 -0.980843526485782 2.05012357426806 2.05003462041822 0.454451320236343 0.145336459046475 1.86039183094245 0.925350457852762 -1.20625943888237 -0.285009681305868 -0.260435062533992 -1.07580186637101 -2.07176719545587 2.40552387015772 2.21734392278045 -2.66874464727528 0.699038347310836 2.54763588665464 -1.26613652590655 -0.623381842613641 -1.09804285585941 0.783755443296607 -0.585031706306529 1.59045539365712 0.379973448772756 1.07610437799145 -0.216452255851221 1.03124452243122 0.316871135318451 0.0467518683385352 0.333389933132862 0.350358521725103 -0.494624437244094 -1.78006235357 -1.14610526198957 1.9711838104898 -2.12339770833492 1.16483495425716 0.178434655175056 0.505031291929176 0.299106672119994 -0.540033189837575 1.48211692689317 0.455490060339838 -1.77469348244909 0.318909712642648
"151" 0.194907836716025 -0.48771528998932 -2.71746391127532 4.97755278095004 -2.15013199330055 -0.438542854770871 -0.869460850806588 0.862903700411483 3.53084778668398 -1.98429840424637 -0.520276969024867 -1.93369712732346 -2.50377544782375 -0.706832351812165 0.855938132725053 0.833449390341912 -1.73177421491025 1.48181641269799 0.894206873568049 -1.37767227369062 2.37983126141846 0.145179205127119 -1.91611300303576 0.151372508483046 1.41184292836641 -2.23773935036573 -1.70120470529883 0.046862996920369 -0.384591672159405 -1.21788357802256 -0.150805295637611 -0.212404472371228 1.1466415896672 -0.479250484807281 -0.277552369002291 0.313299201597507 -0.531264551890549 0.169960752325487 1.64858075216268 -1.02499025500847 4.20593559461513 4.93116944504136 -0.761389061450818 2.10229968571437 -1.40758511139369 -3.3835423832777 -1.87345405507852 0.890479397405776 3.52485283342547 -4.17208678694753
"152" -1.66896918590408 -0.0776005064366494 2.69098074986442 -3.69341296693679 0.397168963088115 -0.187569925042321 1.58960017284917 1.75154873149038 1.49250507191561 1.14321887924188 -2.07953833231284 -1.26862659937467 0.29609817084287 0.647891359514551 -0.413496600492387 0.723879861575473 0.641407069616007 0.146510041431958 3.36372131919418 -2.96250133858902 0.204859881586483 -1.21138188913271 1.23991234182677 -1.49584956209194 1.4492430818912 0.840558510331211 0.112310245084738 0.412883364394825 0.41668395181214 -1.46230213662713 -0.705829148820822 -0.92991153439529 0.464018523037486 -0.245900644518896 0.723493602741025 1.45714902229676 1.5558806690328 0.0421150563962465 0.629140953552521 -0.457863789987826 -0.533518086721729 -1.71357824624515 0.336814554232628 0.521878604452726 -1.60116246508698 -0.134381403857193 0.972038701405373 2.63533934118028 1.15503252806479 -0.275948199172542
"153" 2.65273591823529 -1.93016581460206 0.622868417267198 -2.04176098370234 2.01250824804953 0.899972659508834 0.636088303388434 0.216369134211559 1.34914624860718 -1.41632276067831 -0.514466606232615 0.98519510322468 1.86791272694659 1.15775366174878 -0.992584798278436 -1.47115835288594 0.277633164700192 1.42051696596135 -0.00896734723290452 0.586343589589267 1.03457211030602 -1.91222330865409 -0.283670464308672 0.952528228685885 2.32395971134925 -3.61505618454515 0.58027112437595 -3.16115796245395 0.476582376746664 -1.39775014255943 -2.1477490595505 -1.72138579911699 -1.06700490130661 -2.06865718685683 2.38737251563546 -0.106159346133714 -3.66795387200229 -2.81825536628306 -1.6646740714421 -1.34038262005514 -0.237315882229801 -0.377060335249247 0.0287647372601684 1.55181167768711 -0.218862331491767 1.36293234382096 -0.20253740719613 0.0858361888034807 0.851508280737083 0.160095720812323
"154" -0.109904831944573 1.21295057309313 2.01164445993528 1.3690182052462 -1.60975203597627 1.27856202825871 -0.913746609613341 -0.758201229688159 -2.1414336818515 0.351582306553047 -0.356089682593812 -1.12328938416794 -1.02043556522218 -0.809268453096497 -0.0321735726800451 1.34475754859877 -1.70263242868937 1.35501649389346 -0.918047832461335 1.68074728471453 -2.025397442874 1.40800571207819 -1.33296090535804 -1.34267858813478 0.900076583933645 0.69379699240942 -0.611970911749553 1.71740070381631 -0.130225454582021 1.4454531182962 1.41573843601234 0.40173809614082 0.986673560249371 -2.21675478704645 2.02166298270036 -0.859237904366935 -2.10002578656902 -0.0138095525065965 0.287129076136459 0.641300792260786 -1.71272199697879 -0.462052693361263 0.838638906166012 1.07852330928932 -1.07006566276995 -0.599202070719935 -0.0533774735611073 0.711747132432421 -1.00844619919843 1.5486834821497
"155" -0.853091935510976 3.28782654573627 3.15183850956697 -0.84455999086473 1.79112582779327 2.89147480839637 -1.0192413033025 1.54844982704285 -0.816201206969647 2.21854692995203 -0.919256371190972 -1.03157017100617 0.0439328669198663 -0.253375231023596 0.401090691217288 -1.40752729256865 1.03655880600847 -0.141902956157446 1.25097128586152 -1.52437347593594 -0.672584653775193 -0.982834216989824 1.93984662480748 0.973461809735117 0.0286805589993683 -2.27733351738531 -2.37810454448133 1.35705991127008 0.558635613799931 -0.379527163226993 1.55638290311197 -0.976300765851297 0.101333229313549 0.469398100639562 1.40940151022534 -0.698041730498333 -3.76875569687852 -2.87819286589706 -0.779015833409701 0.225757568864108 -1.73444686881733 -1.74356685567973 -1.40641711978192 -0.42888539659252 -1.98551010110115 -2.50766295221419 -2.41750023819409 -0.327852255678011 0.048318901278061 0.588827081298957
"156" 0.687880607945537 0.762113966522459 -0.598502510874048 2.63634981827476 -3.60695029757949 -1.7263577295633 -1.31649450635953 -1.2385179804357 -2.01852037710322 2.23039871638298 -0.109892154938417 2.97183221712864 3.7391857969484 2.44779810022683 -2.46539693297286 1.3616606427123 -2.15355424523107 1.06917957003535 0.266136744920714 -0.624972329286299 -1.47631126345571 1.59152338485588 -0.330745550221936 0.134005325076321 -3.37096969409283 -0.787015285921464 -2.69993808136796 -1.53411520834592 2.49937140017936 -1.49281236540582 -1.56342608219207 -0.736596968751223 0.232160905005802 0.0132218202921396 1.02509103538106 0.315811547010471 -1.11491732034808 -0.281536472468564 1.36054341947241 0.5193828690153 1.04121821914072 0.770890723632602 -2.3684790017873 -1.29932472719362 1.02657209445401 0.147489829559805 -0.392238933715882 -1.2926775508824 1.95551405130989 -3.30789590157386
"157" -1.19137392173426 2.48800491569898 -1.33951551392136 0.935250225981659 2.39045854270801 2.18334864431589 0.569994791870756 2.21834389566823 0.159556531908681 1.04916285463069 -0.251173804187918 -1.44810115077343 -2.2818065733036 1.12079484284464 -0.355717921657204 0.544176005220244 -1.81916356003334 0.112876876299861 -1.09045913704606 0.925886924850762 1.72491016950191 -1.75645767164905 -0.233965402356469 0.191310729982381 0.567675906202366 0.0294519741761777 1.44971923616827 0.303413202351119 -0.93415919322112 -0.0489994648189951 -0.00117026662854919 -1.03614316417585 -0.985433696258911 -0.0114849920219063 0.532426881651434 1.09281116738238 1.45410273384167 1.44253171919407 0.0168353875458259 -0.722502128206863 -0.57137934524733 -0.685333594573316 -0.524239815988286 0.385234033904416 -1.92016544267113 1.77140455803851 3.00751247539591 -2.04297006440869 -1.34010821624301 0.102786301996039
"158" 0.215729136673591 1.67523677424337 -0.119820860623254 1.0198095116812 -0.216020859174059 0.1334914363888 0.554087389811509 0.267152596536317 1.31541637493326 -1.99165789999375 -0.245218031316525 0.0358768476143855 -0.344235228429477 -0.268797129167897 -0.632009021982083 1.8840411223332 -2.92673618895221 -1.77153422328734 -2.46638707374889 -0.228424201113122 -0.189229898230022 1.8407897682484 -2.43523817526267 0.878357182529023 0.451747157293298 -0.264955442648266 0.303179032544391 -0.802227782080618 0.0948576761993025 -0.0601861762954989 0.0710966057696665 0.69656231146144 0.248134390426353 -0.247736794149854 1.04554305308618 0.389832844240199 0.368014832924135 0.148951430390068 0.814818953041898 0.392426332434398 0.85727351419979 1.91548412950655 -1.15978204474332 -0.62468183448175 1.16669534380736 0.608472378409003 0.111754275235679 0.258225685609152 -1.35196734516231 1.66046649015931
"159" 0.168893629962836 -1.50971311005814 0.445844900781147 -2.49572490326661 2.64040342113989 1.75271783077375 -1.97212410865377 2.13773906476638 0.380168775218079 1.26206528691489 1.5243742754135 0.686489272916557 -0.201582013241392 0.198168779929972 -0.062646355408928 -0.930966282746803 0.498176202509995 0.433799902234017 -2.5836113002482 3.11735854300445 -0.396851498077577 0.205028752453947 -0.118265068779813 -1.23674458403755 -1.50653786438388 3.15763479750059 0.598614099162961 -0.121963569771109 -1.22665729394295 0.817185691925941 -0.715390808166764 4.43312942842458 2.02363917777004 0.570252319331043 0.220645397286962 1.41528189924683 3.25528551165598 1.89374405018887 -1.41032721339008 -2.07600176256556 0.59771611650067 -0.0132526202697105 -0.445961677946458 -0.704583040440876 -1.55592122290696 -2.21364771533865 -2.07034564262309 -2.03629578992612 0.798003020636268 -1.93700107355797
"160" -1.15231601759652 2.26667034596678 0.589892600954322 1.23166504269853 -1.03355790161512 -0.878165180014832 1.01724659122034 2.01191034771334 1.40482595092093 -0.543498609751416 0.831659561953908 0.555760235004093 -0.243395177472648 -1.11168986982707 -0.833792319313789 2.49022803010957 -3.8833244376634 0.842107695731211 -2.42431273098361 1.59544461576879 -0.593856190703951 1.529020888855 -1.204050736773 -2.08149620024101 1.30759878812325 -0.34463314465256 -1.97533429548616 3.82007685231211 -1.68937883454106 -0.230184016252427 -0.971560242013875 -1.06480947430949 -3.84072346903068 2.03323528209968 0.668177060169477 0.412825879332648 0.881663430790346 0.364763459243235 0.539093967257011 -0.418046282559042 1.63577168801071 -0.955848857186292 2.6980929008255 -0.0569758185072144 1.30807886731521 0.697058638498522 -0.615387634649887 0.0205125753167744 1.2533329732813 -0.188402727456724
"161" 1.00653311558293 -0.647887841642486 0.618485476603943 1.69825361175167 -3.56529891753146 -0.545492846814037 -2.59526371191148 -1.67876656884372 -0.540210286108241 1.0726715899422 0.194108843346451 2.33000474221669 2.50373625458327 -0.280920691429642 2.13432841548906 -0.920169345167348 -1.04010429318112 0.443933055797461 0.341224319624439 -1.37468297530526 1.07714788082771 -0.483776934396724 0.238280481622143 0.305971743106463 -1.60644374690119 -0.0875283331423451 0.0177232860981037 -2.03283647036827 -0.999456041129371 -2.23150344814132 1.71242372534083 -2.56741469336469 -2.05173802231876 -0.368526222429809 -0.219147719007937 -0.525922516034055 -2.22181224644104 -1.70857109772682 -0.537910626538192 -2.63832305773722 2.655374549219 -0.734216971991715 2.14964300853739 -1.51362893176759 2.63729783629214 -0.467466499701167 -1.01857940393256 -1.07179430058027 -0.713793419623497 0.965037512467839
"162" 1.11226332669326 -2.36239092683007 -1.29042038314157 -0.537085241846746 -0.636283294758045 -2.00018634874943 3.11701116879219 0.347457325060623 -2.59467553994877 3.40005130088089 -2.9743812713493 -2.84373141229306 -1.55981625631923 1.3212870968913 1.70108114617271 -4.39314207158875 1.11558818992919 -2.23962552743812 -2.61017762519763 2.08408709205582 -0.563775335888676 1.17259916975601 -3.55886320298903 -0.183519296617854 2.49603698745994 0.578675380002632 1.31667255668838 0.781080321534135 -1.01277349893487 -1.72706181648803 -0.00857276768945875 -1.77876560889389 0.330477808373616 -2.75574594227882 0.483879790625009 -2.04404900450323 -1.48330052136748 -0.607400583471882 -1.3241284004872 -1.67825930569884 0.84580812509242 -0.426638069356495 0.977668289673328 1.60849403258461 -0.813143949786213 -0.976497968070734 -1.80598472707686 0.577797793170865 2.09123604642887 -1.75196509523592
"163" 0.0383520223269793 -0.517369830195731 -0.0995546613916749 -0.594416847952771 0.606695852233893 0.73834842421424 -2.18176051483247 -2.93461187525372 -3.23918338938786 0.447329540976522 0.480819219684918 0.999029822324455 0.722998872537912 -0.293258353453378 -0.164481274023395 2.15434965751675 -0.611151501574281 -0.997990796926273 -0.24191730677952 1.20204336590223 0.634993994816424 -0.534217095120729 0.054994736101782 -1.97757906987895 3.42036679834351 -0.649900724928949 2.41797974975685 -0.276377246038885 -1.9270232120412 -1.45259129596225 -1.94372695554329 1.02869262355332 -0.76608194579373 0.386243186290405 1.85982684530669 1.18606441827044 0.156392519597487 -0.844334830311335 0.614847621598233 0.563007234970853 0.408405720104129 -0.628065123594774 1.03529579762912 0.81550083387004 -1.78363904780265 -2.00814310793712 -3.45334847898174 -2.91964522122346 -1.47777466276877 1.9393487602409
"164" 0.875677550419533 -1.24326627137902 -0.232065895496232 0.703681013648995 -2.18715933278386 -2.62343027305563 -0.552591460848463 -1.52715282252013 1.78655451061207 -0.0899877508770011 -1.15084153881016 -3.34242437785384 -0.758427206253612 0.0797592158970661 1.1522927058923 -1.92876607297809 0.174772729979417 1.58420550515056 2.7277510724047 -2.01980078446133 1.36871777019411 -2.10299493187025 2.12922808391815 -1.7048821197737 0.33763062957773 -0.283897965965871 -0.873245593966313 -0.719558466096752 0.866665758887991 0.0941166529062529 -0.897210654444018 -0.646041663644474 -2.69494034656853 1.01362708002197 0.788218670788383 2.16254966803465 1.28120435773999 -1.33426632403683 -1.16588201430876 0.924693283695337 0.500171551068386 0.980553243940563 -1.89304269461865 -1.33905866214037 -1.34465738327653 -1.63543923939789 -0.6594141380179 0.920723465156454 0.0575472283635032 2.67097628765698
"165" -0.422645428244703 0.225594647613054 -0.374211679401586 1.08884945430161 -0.120565398673639 1.56426315325405 -3.10509877962265 -2.66277930184755 0.200642524340687 -0.999105052903572 0.86138534825445 -0.27675376138649 0.295615581408706 1.9652104729845 -1.82233873579937 -0.0379452829213695 -0.256096633332361 1.59542729033739 1.06285102493328 -0.458279931882112 -0.374503287360864 1.96328580499943 -1.27968108529622 0.363449501841918 0.570349714897225 -2.5336648474965 -0.940598744328071 -0.507244922789248 0.953952950469186 0.750536825389968 1.70060443723743 -1.52731792283889 0.206052418149575 -0.0291624447606559 0.18406753904015 -0.296863912813769 0.808149916182577 0.764647800818039 -0.301097601580794 -0.280086687399229 1.94583378942735 -1.49144904834304 2.31048132741582 -2.37232624282102 1.15653833072192 -0.976799488324136 -1.00829298089879 2.21277442487203 2.38435688501092 1.60663439920745
"166" -2.22021927397083 3.2038699073508 -0.33731306651191 2.1184259577483 -0.496240930631858 1.52217332093231 -0.260841394430149 0.874408855879605 -0.608241984423162 0.0191937860732982 0.706885043981764 -0.641105945680664 -2.19095616848388 -4.36911109055545 1.49698006164619 1.2565639664354 -0.957615654263089 0.28464450705841 -3.06612180280573 2.64712460447415 -2.35587757756863 -0.853790648016389 0.506923599510886 -0.0531798333836232 1.89518724614171 0.0297819629039426 0.386551884861906 -0.00736038121713146 -0.230880353851854 -2.86820690140894 -1.25755118866095 1.49284211939681 0.799871726382617 0.692095948432065 0.170029870795272 0.96813786645576 1.80817400594653 2.69630584778999 0.444314949316078 -0.841112143660117 -0.190846267374061 -0.347233798495968 0.413052049533638 0.779886604762856 0.109043704693937 1.51289100537209 -0.0218090397960127 0.623216475164482 -0.464827304446381 0.540904889092596
"167" 0.0622819852910993 -1.20564465872598 -1.62240324602652 1.15908708794394 -1.87581081233048 -0.629813172521387 -0.106106552137931 1.31527854560706 0.521191072375653 -0.151398356549902 0.0653199128858873 -0.733299416432447 -1.44588354570813 -1.32487430444738 -0.716879804570043 0.383258206016789 -0.858510387678272 1.03682501970668 2.02355249742179 0.253258443449436 -1.90567284157648 1.97456026583886 -0.34512812648408 -0.692354698636649 1.50967585200846 -0.256787386632918 -0.117864201867534 -1.05416372442882 1.68619691739318 0.381038872449208 1.08619297170131 -1.53683743223686 -0.336521818523069 0.856035902541238 -1.71198938075545 -0.532874123353954 1.57072209445907 2.54172227191515 3.39613317895828 0.946787271485003 0.381299661900389 1.01651680839021 -1.07947743294299 -0.541522867588691 -1.51877345758327 -2.58773336838553 -0.361216833483238 -0.639005563199421 -0.69053807493419 0.678383302764991
"168" 2.81284369043149 -3.09324210997475 1.37689764339549 -1.02273071915773 -1.49364657917198 -0.770999995958811 -1.91427094274294 -2.31863111665967 0.748623014919618 -1.11234382725016 -0.617824135634047 -0.873642337600926 2.2976886653348 2.36578050712756 1.63020812711818 -0.648378916994633 0.746076956175861 -2.87652052178248 -4.04953030410477 1.17616337831721 -0.207663258033771 0.068397300395969 -2.61700813854534 3.6784038833122 0.512137258494168 -1.3400800060577 -1.20937731841427 1.52346751978412 1.08408841604121 1.86055290286371 -0.232880894751372 0.155020816357998 -1.29495144064014 0.83709008704221 -0.546073663128541 1.74367332879064 2.40391465076613 -0.787180442544124 -0.716886441778858 0.123454280082142 0.21304930961628 0.0536516060139554 0.0145576589713657 0.0265329337110471 -1.08965406291886 -0.0265240972855523 2.10823628128454 1.92981866124187 -2.53979076916447 2.30760551394012
"169" 0.409104363353019 0.41995619163657 -1.81394531263037 3.33735601754224 -1.67311000411886 0.113093835316013 -0.423346467831737 0.826155455761729 -0.184811674864887 0.799238420573702 0.111017774756599 1.51828256734828 0.230225303384736 -0.752788372926766 -0.585295834232641 -0.885881045834926 1.11866454871085 -0.288511727518094 0.11903777462719 0.495970988910602 -1.57639796134366 0.554613220768661 0.71598184394262 0.354697628391722 -0.261803170784025 -0.775434422366051 0.447871578465345 -1.92928245880428 2.48984578812742 1.75819541772248 2.11174600258437 -2.52113910939029 -1.82015383759259 1.26478811146492 -1.90566866279431 -1.06741466283617 0.626081351008221 1.24833176982784 3.61159023822698 0.256836690103503 3.3557454310337 0.547034915231549 0.355025680381077 -1.0895011020522 -1.02305896271058 -1.60691914585952 0.0212029064420153 0.43280832358876 0.421420117465363 0.85029447100468
"170" 0.439340759686016 0.000575951000152907 -0.0529171466556288 -0.842845942614663 -0.755705186859604 -1.4867941228196 1.46043635016046 0.999518293434256 -1.2189590961003 0.760940363393512 0.280093486465052 -0.346930558016919 -2.1228246053106 -3.33412034111991 3.14802266894722 -1.25262378214241 -1.46420035850075 0.0137030774177802 -1.36428729908855 0.151887197529341 -0.226609976129413 2.00112400773922 0.683231645792206 -0.712976703123264 -0.492642316887573 1.0352851352796 1.31048428372892 -1.00177122622828 1.12056700728355 0.281906863316254 -0.98268477090826 -0.190356062472101 -2.03182307313218 0.65485784962213 -1.91092541315109 -1.00064622816972 0.368570478157241 -0.515888924942311 -0.666165876949083 0.218363587491673 -0.0805701215853998 0.493424660026087 -0.0840827604300436 -0.684517543104659 2.07175527192367 2.31787234826677 1.56136145624314 -0.201870517074675 -1.03967272779987 -0.262271121918306
"171" 0.737658073893026 -0.993266644747519 -2.01007303736387 1.5624632775841 1.4404884643254 -0.130376051546405 1.65678701068784 1.48603747129654 0.527503214217312 -0.686489523289775 -0.632704068451616 -2.71204140552112 -0.561920186852563 1.07149637784244 0.826468767326664 -0.217000522076298 -0.908896006703146 1.07454519779149 -0.20913524182953 -0.481295406485926 0.639395242910987 0.115904338364659 -0.591747705731737 -0.40071722195021 0.784082112526779 -0.555658156602466 -1.74939523856329 0.898581101600669 0.143080821351208 -1.78949480012518 -3.01354916853251 1.21159895421196 -0.0873768773101099 0.412187302513115 -0.354675516989049 1.87962023757242 2.45246385898937 0.835132310392618 -0.374974853767628 -0.770210413839258 -0.993789526067068 -0.622867542600921 -0.298124687640797 0.297962253146173 -0.184457677507627 0.911163593211635 0.168592569859933 -0.469661322245439 -0.174612361368664 -0.425496220797369
"172" -0.295595569842359 0.877745186647057 -0.910038801628155 1.83264455926103 -1.10310493837436 -0.986803819534845 1.44457585741144 0.846565291142824 -0.915281117000043 0.627872874876922 1.54489310273993 1.86499218419394 -1.65581454861457 -3.0738818310455 1.81138702527849 -0.575063874095836 -1.15693418629015 3.00861729030519 4.03951372749555 -2.6779157945375 0.76853917715801 -2.23516761417933 0.272573509794157 0.41342873342114 1.09241525604292 1.43357570662763 1.77587921575431 0.512556906176364 -1.65299879855584 -2.03608403789517 -0.146866895640387 -0.493056120164378 -3.16200411789274 0.961813452449105 -0.192235937766464 -1.27282029704101 1.8920246070585 2.72153834539124 2.61526441849748 -0.896105647047427 0.324450413822022 -1.40762028655895 -0.650703895562867 -1.48563572972246 2.44596006167687 -1.68189527494417 -1.92132382104696 0.474126310858223 -0.122626733140877 1.65456783906316
"173" -0.222653872081449 3.10424706016945 2.09202671288468 -0.25325860644021 0.314651954144927 0.411783590596653 -0.436449834370553 2.29502006075851 -0.442876725952915 2.32802189589027 -0.0023879297162186 0.588401208124335 -0.581414844286518 -0.782593750538074 -0.174374184123386 0.657453073297832 -0.416298901520451 -0.49636023930511 -1.24545031652779 2.04454112289011 -0.581385370454427 1.9853320058226 -1.69573221648788 1.76398589663018 -3.08582618385284 -0.547086814341371 -0.228850470060362 3.07263500213356 -2.42713533438197 -1.07016005886158 -1.79879960388055 -0.0854465421222738 -0.890715274747748 -1.47664280948522 1.68874820052226 1.24748171751573 1.52736814602653 0.509873445523032 -0.767613485865844 0.696919124102777 -1.67898435741786 -0.0241912358063275 -0.543438205450654 -1.06488759510795 0.129066887712357 0.641370454661158 0.0433343984899242 -1.69830025383079 -2.33947161956227 0.26061033939252
"174" 0.223734903002113 -0.286875877524039 1.28571117755859 -1.04048206566965 1.92782270279657 3.50982088788854 -2.21358144621322 0.0215196454389715 0.904725518452646 -2.35576054760455 1.44246352153575 -0.540111086148158 -1.6082376943606 1.87038226854223 -2.20658038395422 1.22906968603472 -1.51362684817416 0.609925647517933 -1.93629431810203 0.41107716924471 -0.286951933531469 1.75195869386053 -0.190034274447878 1.18688981187806 -2.31083853954259 2.57005135495793 -0.869447567000196 0.564234504899815 -0.698995012935682 -2.19828914953427 -0.361470058124819 -1.27849011246515 -0.66729267683902 -0.177059565265085 -1.22082184909916 -1.1773225199722 0.927728473592102 -0.425207360729733 -2.00147332447181 -1.20124646679985 0.539770196178654 -1.55448137569202 0.975053541749369 -0.204408534913009 1.21505508852025 0.773436118788216 -0.635477247896473 -2.16679355139837 -0.893999474598013 -0.838746851066502
"175" -0.349472036417914 -1.93640718986861 -1.53379454970265 -1.42069957090514 2.95327039492574 1.01508933961237 2.97284000975024 1.42235175107512 -1.67130586972055 0.664560927227236 1.31057238380681 0.970352312566006 0.933765071123203 1.48121057835465 -1.28465684658459 -0.00928773587531436 2.0173329168198 -2.79862052225035 -1.23492987188876 -0.507929173972669 0.894616592481033 0.520113582838368 -0.77537222573175 -0.146758804238379 2.83793249676606 -3.44774831750063 0.619159885112159 -2.26748845244372 0.643495288489689 -1.30407067076129 -0.0842597490459084 -1.83602838223644 -3.39111511635713 3.1113997420682 -0.196372362251391 -1.41692251477442 -2.69995782308171 -0.860114865604818 1.75909747617039 2.07376201147472 0.926810733882056 0.618648111210164 1.18240269026487 -1.08356913554978 3.56994657950249 3.61850982245918 -0.263555895489714 -0.311161044943612 -1.75699886828477 0.878111215806235
"176" 1.67077856487147 0.366064723312773 0.0345301393478231 -2.293400505444 1.43595049492364 0.690296509956792 -2.26323828784848 -2.69220735307824 1.2911961045278 -1.5484001103135 -0.272047602132393 -1.64954126194228 1.40044126872959 2.06015033267836 -0.440846446803194 -0.209855186942118 0.265947311659621 -0.698295267021143 -0.157049759949081 0.186129757716929 -0.764870040507769 -1.09393211739716 2.01342073970236 -1.05731865447253 -2.56655259447809 1.1987682698766 -0.138158545345526 0.00829022812425075 0.392380372480922 -0.168042695043891 -1.98986932396772 0.454359653732331 -0.220495221355018 -0.772513999255723 -0.228537100690792 -0.176741595595917 0.565361765259311 0.6543770564405 2.98652400052226 3.01731958490036 -1.06133539426475 1.16806401409419 -2.21585558024543 0.0320538324447101 -1.55527456127741 -1.08160678494399 -0.554321192113975 -2.34481683377723 -2.24595951587968 1.2697318723986
"177" -2.72297522471122 1.68108535819437 1.69871538878934 -2.10762684474995 3.49195706084578 2.45505747923778 -1.83743576548972 -2.96824684034373 -1.83187080498183 -0.393026352873033 -0.409682632945933 -0.159765481906335 0.398627196703702 0.198631813691302 0.735997031585482 -0.280221241210958 -1.79201704564866 2.03480375618071 0.546414080303964 2.03755115946644 -1.43532154744746 -0.671609259503495 0.871481374121333 0.330144683455644 1.28820534205628 -2.03340382802846 1.77438881996362 -0.4786662627266 -1.11349243110231 0.432162663979857 1.2530532602633 -0.916030383371995 -0.222897037201223 2.45778172549088 -1.32994409459944 1.5305276433009 0.573954962807535 -2.14151837837171 -2.24611150956962 0.267568801302645 0.187848973294359 3.01151598630908 0.103790085283081 -0.0460542509336513 1.01095446080997 -0.380835711179911 1.70506093274681 -0.0622108405957361 -3.9262925011148 2.58092047773165
"178" 1.08407456406909 -2.87415113543345 -0.083208072093387 -2.58579430739237 0.477255127274956 -1.86267729152382 3.22637246268905 3.14597022579844 3.03074651040058 -1.55511993980709 -0.339676421357836 0.393836322503418 1.11883270895719 0.729225913433059 -2.50027215883675 2.92527571480561 -1.23737802049121 -0.331725539775801 -1.88268507694048 0.441336908138004 -0.271023987031772 1.90079228278191 -2.39236135371769 1.50694823883337 -0.903762720342277 0.706592914217506 0.931445361450511 -2.24051809082568 1.99593852793645 1.92479992885702 2.46975890911421 0.437440284704707 2.32566392078768 -0.255479618183156 -0.471608304281838 -1.76583015639878 -2.17840609243248 -0.60287469670665 0.901634923726706 -1.11749804640644 1.12317907479228 1.1377364147228 -1.77109161532108 0.217254754934734 0.952400121172311 0.973290296023338 -1.5529851118413 -2.25619903095449 -2.68195697266448 1.29378334158855
"179" -2.4056172235771 0.00539123965106184 -0.436277006195057 0.11049186617245 0.903191743422102 1.30760948743 -0.132471253727947 -0.190843253444992 -0.901067903329331 -0.476781008789124 3.64892387674245 1.22113487644281 -0.67391882362725 0.228375997129665 0.577056965536507 -0.626787745073083 1.04218047475316 -1.42386448811627 -0.988105897500616 0.739606299747445 -0.499608670914114 -1.16122630803718 2.0647962476944 -1.4486962115904 -1.66538779058057 2.60727186829661 -0.573851219702123 0.955178106133197 -0.514641302592308 -0.331062632677044 -0.189140489508256 1.02421021421326 0.220372259372805 0.576927768655272 0.260476467024425 2.00134148106963 0.823042455077083 -1.42939681176527 -0.290647191164359 -1.34044295178798 2.96038635822747 1.70257493331652 -0.739590011802109 -0.966060297186418 0.346741143623379 -0.0341607257299947 0.16118096656484 1.26224679055082 0.799616748836822 0.692786984247748
"180" -1.24097471089756 0.717218964130552 0.458836182799529 0.920165593337539 -1.25838875632687 -1.4081777947624 3.46906293524767 1.44519798205101 0.43208611769755 0.996003366365811 0.636868750611941 1.14630502597079 0.692411363413284 -0.117281697695023 -1.26329098682548 1.52112206840437 0.284699195591564 0.869096399540919 1.96498365084331 0.759730031882232 0.169721403562026 0.55904993292638 -0.338510290732953 0.422701864221038 0.807055161987598 -1.09765021071951 1.17872933685321 -1.39348810716291 0.4124778348519 0.660392079000043 1.62343302000448 -0.768438745184256 -0.432221098295463 -0.392656122168247 1.31444875506046 -0.629418164199816 -1.59505958665981 0.55624434060297 0.465621879908089 1.84645899414301 -2.65117443413144 -1.17252059667242 0.214808426524844 -0.297765900964187 -0.286934243943574 -0.784273282917922 1.47023329108405 0.639599126822135 -0.0768476655400808 -1.21881748941979
"181" 0.367950951564737 0.453926292970436 0.0455010496459546 0.660417055388409 0.192123078601314 1.49337836242752 -0.197018080195246 0.937326091679559 -0.856247568418565 1.09029423499298 -0.526584169061799 -0.556131593842195 -1.94270973603511 -0.163951014372507 -1.01448926389394 -1.30347123222882 1.6059724967947 1.77791691397614 0.564034330915122 0.950051962594857 -1.25885606505802 -2.14645695441817 0.822882171884879 1.30842093762662 -0.317051742943497 0.434220950553228 1.15900674552351 -0.320694385338165 0.867496390926667 -0.174667653080812 -0.664172887178248 -1.44373015452738 -0.406919846854801 -1.17764427026455 1.7032928751129 1.51552727944546 0.29618764677965 0.479708522094029 2.50176163625191 1.93719574826438 -0.425097320100869 -0.716885024019132 1.57874895397454 -0.0233588679878181 1.20617273370173 -0.714700193144128 -1.13257806833569 0.624919487000526 -0.26143614150067 0.43935854424589
"182" 3.66729243330239 -1.98378674334793 -1.56747689292774 1.53927834500881 0.573462990298802 -1.30506137716698 1.28305387951548 -0.525855807116725 0.335790083724484 -0.394923969564124 -0.968636155925273 0.396330169456321 1.8767059999573 1.78455519427981 0.720416749556495 -1.03587537910858 -0.301391992482375 -2.25981528040841 -0.447029116175757 -0.819174872413236 -1.36431875365175 -0.856661494047562 1.63782594825926 -2.45276714698132 -0.621439264799457 1.00361300548942 -1.7466877646784 2.66219739043246 -1.45159222141011 0.708174613523111 -0.240490558514903 0.813210654077451 1.1739636642187 -2.76021302724559 0.966456059539192 0.0671193533854543 2.02095028958177 2.64741549871837 1.74166859309201 -1.59986379284078 3.16677651243149 4.28418621592212 -3.87353808995902 -2.00109891380662 -1.01974154294655 -0.409803030286593 0.805876326058201 0.211377629465577 -1.88074347868971 2.41515481191693
"183" -0.824111912939878 0.683632807101034 2.76610323951308 0.247291550159076 -1.32592499029754 -1.30499140035365 2.72731736160967 0.22367162505108 -0.7859650756387 -2.27475304045724 -0.267140390331404 -2.11064419818246 -0.701449741839529 0.725626876977267 -1.39632412099668 0.362365275805493 2.90395842918074 -0.291604292119515 0.491048664484427 2.2830114471767 -1.91976229693318 0.535607776758214 0.011297473763557 0.607253311732092 -1.31244030362829 1.41733356141095 0.740253250422751 -0.665154822640907 -1.19557166365415 -0.806184353842052 2.26935543025436 -1.56612251546065 -0.57255224901089 0.563461189198154 -0.247452518566576 0.746836860535613 0.678516202492253 -0.0589521923873236 -0.82267204914183 -0.434871659935166 -0.157446463392303 -0.997989932278785 1.9236754184439 2.71712608341844 -2.96428302378722 -3.25825535845266 -1.42585964860293 -1.94392873119673 -0.357542743061765 0.194997261064529
"184" -1.54729407393402 3.16102956534435 2.18177655640838 0.420802504958327 -2.04291281439029 -2.8027907200679 0.820794735093849 -0.375843001336082 0.839847926356091 -0.315816002351306 0.7131708390386 -0.865361963916642 -2.96782754278548 -0.359480860083872 -2.65625028003732 0.803433552355742 1.52274184917512 -0.887779496211242 1.27417406092622 -1.68857055929928 -0.683229066882061 0.344152417754861 -0.825000671329743 0.524236624422172 -1.15233840739533 0.676856720373946 -1.04412906518101 0.0160184613887156 2.03373920358833 -0.354412010482093 -0.854199646490474 -0.0221676683887803 -0.167160980145626 0.382402415381736 0.528856342192966 1.27824397185467 -1.56699685957756 -1.66521041034255 -2.38050683209162 -0.439943131032914 -3.9483651130813 -5.10012040880464 2.14744218845285 -0.947120054987211 -0.446321620824093 -1.8204194721701 -1.10331034673173 0.711054301320743 -0.83554948951271 0.907301897619786
"185" 2.40673867761102 -0.357370704174732 -0.00852521810007472 -0.830572066098094 -0.359523653316753 -0.146013795541615 -1.27496817880392 1.1227177512919 2.7642587360475 0.0511082738320878 -0.450077798168466 1.24175584320754 0.234781695694291 -1.72054908186211 2.12932241796964 -1.91916213071185 3.16158566792738 -1.95981045612677 0.489085259214099 -0.0427928709723868 -2.46199092965322 2.70012880856155 -1.17972548280071 0.873942876271014 -1.36750050990705 -1.89704007709309 -2.93753594559747 0.69737598156552 1.63049050654484 -0.100361662997242 -0.904994840550507 -1.4202807317166 -0.116474599638901 -1.23506709202303 -0.967141780068052 0.749812900262493 -0.768268218433237 -2.95044502717803 0.900501791126514 2.02843462051558 -2.16616466137392 0.928437523477377 -2.04171231144405 -0.508602583579962 -0.479911286997814 -2.38364241892262 -4.06672029329196 -1.85595346368523 -2.32068909883014 2.7433678541974
"186" 0.99278758442203 -1.3678432323164 -0.662234045393396 -0.919733316923176 -0.0850130432531376 0.365022092835334 -1.59458654827133 -0.362161188216139 2.16710443730746 -1.35269089564365 1.61093549162454 1.41538126471797 0.524475600609006 0.715202506832226 -0.949655553501967 2.05775581422745 -1.99388470533231 -1.78884450170551 -0.608294788920761 1.07153575502945 -1.80990886626034 0.231165809586133 0.974418324042488 -0.870948421669212 -1.70651274013091 0.64316634798847 1.25876706809141 0.112582584451578 -1.90401501319488 -1.13600711030539 0.263350412202103 -0.55071730065321 1.1414020499254 -2.56769255140494 1.85604962904968 -0.22521266628418 0.037878327748358 -0.200398691090814 -1.78766373624062 -3.22968483755261 2.45761945862176 1.0238074629464 -2.02486157135925 -2.15467566459111 -0.384139983113244 -1.18499505310936 -1.50833499943789 -1.22312435926928 -0.368210488228486 1.31452147171452
"187" -0.713415869608427 1.12428077347895 -1.16906369124391 1.08371821712022 1.54018895622392 0.665443930655817 0.739045385765617 1.01890691980994 -0.933958655911829 0.428141267301152 0.394927125141947 -0.148324119246486 -0.129494724681018 -1.20183339359077 0.728179962559615 -2.0780505736995 1.68386351863683 -0.499790610381773 -0.273662804081435 2.4554264455337 0.0628751300477665 -2.02805402824399 -0.528526723284212 1.52208154014955 0.0893702800172491 -2.22484732169784 -1.17433032538049 -2.46300466582722 2.12801973263231 -0.25811760887318 1.65410462328973 -0.824233628376619 0.217457386431505 -0.787496403926409 0.292561713899772 1.63933301087327 2.13822782075617 -0.289818135528138 -0.135062447477737 -0.235046645082415 2.06316207086395 1.56211381213115 -0.0801974128447154 2.27205780306754 -0.0799699991766611 0.813093757005838 1.72307190456806 0.591520079867859 -0.132524607896833 0.217493030714589
"188" -1.18091867562699 1.49389425062998 -0.828648333843841 1.27325158333908 -1.97057606223721 -0.450414802885044 1.41038592677795 4.167332638138 2.27150819386346 0.678788516317356 0.377587791307242 -0.311411510812349 -0.894013352560349 -1.08038485191272 -0.46115809066432 1.64409039975572 -1.7513941123286 1.55947710286545 -1.3770792543786 2.6365737292145 -0.384322563650133 -2.0782661373876 2.08255800947016 0.46031064435696 -1.75018306656209 0.250990356151154 -1.77481101420044 2.53714882319636 -0.557913160420799 -0.136903377521453 -1.22540130542189 0.684241502760886 2.05516446407607 -1.33868537838888 -1.36505929644322 0.331078264413824 0.838740449379204 0.42342888518488 -0.16510770742986 0.812043204376357 -0.721444217197886 1.70165190402377 -2.12676521540508 -1.16153200611092 1.1016418366462 -0.611197622030656 -1.63555844442157 -1.13250330555691 0.42127762474736 -0.685811497557068
"189" -1.02944056519828 -1.8616348343756 -0.472394623986823 -0.982105854879599 0.926696479398114 3.3897839672101 -0.893299513133419 1.07730962977564 -0.373291477789926 0.899569188971424 -0.278755226242308 0.070489743264687 1.98079044014215 2.17662427116924 0.207135879444369 -0.491117101903765 -2.09801283789982 2.32661621352096 0.0296278605008646 2.27352396270057 -0.630938532927775 -0.692629924458848 -0.140760925406975 0.387076636365629 0.0658622149719844 0.610025249897441 1.8135326268095 1.0129192068467 -1.93818973081851 0.777805141518806 0.195859430486323 -0.119827705043634 -0.45152418961489 -1.15237581122695 0.853855644358426 0.753869418078688 2.90842613237865 2.83382645744068 0.426177730148884 0.626811493480835 0.08774769476481 1.02713256913938 -0.196117615873522 -0.128826530589522 -1.91271098896552 -1.81290298068334 -0.547856232630226 1.77013502930351 3.29061343955017 -0.85219434731625
"190" -1.85091132169723 2.37536726972304 -0.252590498447027 0.293694547483473 -1.24362427016751 -2.3959900441687 1.63398484875736 -0.0693693015316941 0.636011343305923 1.16127886457347 -2.79451138419945 -0.0243015751699909 0.939402351972798 0.363584036656069 0.373734089737951 -0.8215949177191 0.430112221954981 0.59523598547904 1.72769667640417 -1.49569953226287 0.282039200119484 0.748229390428248 -1.17434789082554 2.18788224044615 -0.144967525244835 -0.85204669675625 -1.13209216641315 0.679225938434106 0.675756372271901 0.0739706769650847 1.03065227111442 -1.15004418650685 0.0281093378891003 -1.54265378925053 -0.0218064818577338 0.961173992027946 -0.710349951638666 -1.64822863176727 -0.6243079419435 1.31076682917151 -1.96358303383899 -2.45103777652014 2.94650777073139 0.703991082727458 0.0786224185956524 1.32720699517994 1.41198832606309 1.1244199089767 1.06315327421743 0.225233484400442
"191" 1.45131684401591 1.13073539354037 0.988512266651593 1.08902914733269 -1.02852609002053 -0.852396230387942 0.717180507538484 0.41799503249131 2.34027570978647 -0.218881819991097 0.218022923858232 0.466437936421807 0.277548396133701 -0.287836895360331 0.557053712122803 -0.906928409815179 0.226770658952839 0.00865785649144247 -0.178680483258832 -1.39456820534829 0.3603804068373 0.413837393753763 -1.09577543332155 -0.424046471274601 3.05384775169297 -1.92697557796301 -0.509285820330272 0.736380510507202 0.674517466723032 -2.87071078725389 -3.79440590047121 1.9124478516671 0.0799665760904927 0.339440696517794 0.413960775046244 0.280651044253559 -0.736702436436535 -1.14968567354446 1.14624663067703 0.476557871262198 -1.23948320788671 -1.20181008997576 0.378383786044763 0.619583779309458 -1.74208085059897 -0.405980087596607 0.343389298260539 -1.19921588090398 0.0352080938816003 -0.0567236876110996
"192" 0.236745986729787 -1.75418310515602 -1.98356566091226 -0.760631074248167 3.05287947188334 1.66324904560515 -0.908075081032088 1.4515867118526 2.94761138668971 -0.803256226895105 0.717209485017402 1.69547871317545 2.89642350448865 1.39243162360949 2.45908889135427 -1.91689215457684 0.083216784744597 -2.12593424068132 -0.431638150478005 -0.993008602478766 0.553148123134731 -0.208618975347223 0.464776191697321 -1.07783379819082 1.77544903719952 -1.41832496754309 -0.678225866373085 -0.159597793625062 -1.65172628992589 -2.80370878458592 -0.148131568096447 -3.25185355045959 -2.69675866443624 -0.159572603341256 -0.407217889112099 0.623316558092461 1.47896830363885 -1.45974891904655 -1.69685194831831 0.160645820469806 -0.614171416002875 -0.0421510792070081 1.33257378291505 3.23299684825129 -1.50840051917867 0.00809513681016175 -0.786765084124805 -0.767722153312939 -1.44372151946416 2.69780412440639
"193" 0.629330659637318 -0.658557639771378 -0.73160151781484 -0.100213632680683 -0.930306314628702 -2.31112284572135 2.03460247970799 0.846486099537125 1.00397856136891 -2.01554697410308 0.410273286771005 -0.420191321932183 -0.432613636482913 1.43034765333116 -0.521515661001206 -1.16966401378991 0.745299341336058 0.101205054641574 -1.12511717908905 1.5054108047372 -2.6835161016898 3.13465031305127 -1.11404212121668 -0.564523522156086 0.686016689325507 -0.891751755955887 1.32280656317614 0.660602378808895 -2.35012135202342 -0.819634865883588 0.0609755377116659 0.533631243407015 2.29019528944949 -1.70214492496205 0.758665879933853 -0.0586414154935412 0.951332836328361 1.04376164110279 -0.335681187010385 -2.36088033081692 0.286380180676654 -0.742873603372975 -1.47933746123631 0.183813080148614 1.64070448666819 0.226107111043708 -0.077995635807121 1.64528802464403 0.735334689104921 -1.10052236920944
"194" 0.994570973195198 -1.82402874416473 1.72666286269577 -1.7754235610197 -1.4494288797038 -1.63684596652793 -0.103082227752348 0.242999356688934 0.0219903275941639 0.152027472512948 0.72475346506325 -0.106274208825116 2.51682988213004 0.358567695870597 -0.59016366722711 1.34949789625536 -0.450397459254774 -1.18446529193852 -1.7030810872066 -0.918545220633808 0.56405244871281 -0.245646871725052 -0.858568005923452 1.92876897756376 -0.757585899490137 -1.44761675404255 0.0334737102730049 -1.54818120998177 -1.07610142345575 -0.0684889472743298 1.7684633881437 -1.56942899923291 -1.38289982574262 0.203690255700839 0.383221649095177 -0.318766465794066 0.375025297715293 0.538674395036948 1.98459070470848 1.73615152792566 0.974592892997173 0.0273860899639836 -0.953801327560046 -0.32182106943585 -1.33742121038677 0.411670852966289 0.534472283696169 -0.242237843625265 -0.0507400132910756 2.10751298611793
"195" 1.02433700991363 -2.32553145524832 -2.61350155338318 0.441985395502893 1.44254202076392 -1.52076825332637 0.898352360544159 1.21057680927709 1.22571592750514 1.10212711277894 -0.0397020501986993 -0.0729301988421898 -2.2999305384135 -1.83727955843461 1.37841965364836 -0.577019520602312 1.57547000969478 -0.357781914141349 2.41356191029282 -0.713005062145984 0.829114247825783 0.932464567435989 -1.4974077687812 1.00277563231647 -1.73710551515019 0.675799881397463 1.03898226248928 -1.25558239838745 -0.42333237827723 0.290979259553547 0.879001776657356 -0.684727853416875 -2.45609198799942 0.280445150443664 2.31912314206008 1.27215689393283 2.92915055894373 0.906167082252205 -1.75739276298045 -2.76055897046383 2.31094043855551 -0.709831303574364 -0.629770848817685 -0.491756867886926 -1.57325152973879 0.521792444701066 0.620017563872744 -1.5793510808305 -0.328769438275415 -0.122020405411274
"196" 0.534839391606852 1.78310917758712 0.216008112080851 1.27856683420155 -0.718875154768923 1.82146826252163 -1.83256296183192 -0.538478136920019 -0.387558283100694 -1.07816623822958 1.47358165059115 1.84183294168127 0.203919042401577 0.765569681198543 -1.70306357444454 -0.286713117405619 0.565601466709789 -0.672601928325914 0.602483625057154 -1.90358798828244 -0.150616522719828 0.114370663617779 0.725498284626275 0.48042993664128 -2.63047697211605 1.4839660926142 -0.490082283621959 1.22183026404728 -0.0587253831577669 -0.740747454457764 -1.88433758654921 0.0488232949873343 -0.839494838814876 1.33925078876932 -1.24039112297714 -1.20425852786229 0.484492188889927 2.71612712738552 3.00689636121827 1.68847272350079 -0.137919659619704 1.29961846826034 -1.72164902576362 -1.68622428278367 1.46945601200947 -0.334916798185877 -1.99021023516141 0.111795296121338 0.734156811089959 1.36837974906729
"197" -0.0484384080937176 0.857912916766834 1.3282324623791 0.661841225466554 -2.10988347891698 -1.67005075307503 0.449195978803675 -1.00095330660207 -1.34428218659668 -0.296868866170587 -0.241815934753402 0.0469062293941791 1.24727502524397 0.674557784817161 0.758630521003132 0.0989504295552357 -0.242945697041588 -1.06014311352883 -0.0812099056916948 -0.260970546658104 -1.52211188291777 1.0296293146575 -0.410592065054175 0.0950634719194559 0.282905563585412 -1.55685966900593 -3.08676638799542 1.36450043069235 0.461699673456161 0.878857128549371 0.512635061785199 -1.03703396417261 0.562315760226527 -0.404906322070538 1.05686660467512 2.29946249521522 0.76758241838338 0.217009160761635 -1.23135484922158 -3.58408097731045 2.52987068397456 0.993670626519641 0.866206154444703 0.306811250152067 0.446234763537568 -2.03237749282649 -2.72170378756079 -1.1595508559454 0.470526250209579 -1.3852261243785
"198" 0.340729289933123 -2.24764209595364 -1.97632257911421 1.21751077341269 -1.85088737059629 -0.74773714936421 0.769362938679795 -0.952833237724418 -0.947512577104779 0.682272328519118 -0.345530572941699 0.535652076165201 0.89944878720935 1.0987752080312 -0.754858362576725 0.355053754538984 1.34175601551357 -1.13964786042291 -0.593267044448596 1.88054490759457 -2.66540264131131 -0.632389099335652 0.961880377363043 -2.42357354316576 2.97604404785826 -1.00488465991217 -1.64049096670771 0.535114809713602 -0.642128630054807 -2.08427417213792 -2.42978255945739 4.39640021425447 5.27377618443114 -3.45619335008925 1.01117842375806 0.946834832461975 -0.599312631903559 -2.3854966350199 -0.813038716059508 -1.60981060237388 1.29115529697806 -0.319529849631892 -0.808916490126376 -0.138421344138074 -0.0721556581648569 1.01584900314785 3.14288037786406 -0.632932983547401 -2.76557946481198 2.34632808817396
"199" -0.721402495110283 0.805007300572955 0.867530928895752 -1.24594276831138 0.9288988106344 1.61639336100976 -0.244830842513473 1.02757992910639 0.576647538960253 2.58763080719811 -3.23783289048202 -0.206864832288237 -0.37897758398472 -2.33286999070106 1.41478821531218 -0.344453564851591 -0.187919203196081 -1.73383678390048 -1.15357204079834 -1.90276769377801 0.823145478134363 2.44384264618699 -1.00642766243837 0.564957917963508 -2.2245933998843 -0.834515727134506 -1.79004105272757 -0.599594826833588 1.22381688681287 1.55353709350851 1.83835540105317 -2.25913325555363 0.727495063171591 -1.93321625738465 0.287126144876421 1.1863109816211 2.33006409310463 0.985338035255277 0.792481543449845 0.567001550156458 0.731152906178545 -3.50658476454809 2.21193771988443 1.07108530269705 -2.31920835042317 -0.307525349829242 0.945309428596219 0.317565539130684 -2.43142191346137 0.842035777234629
"200" 1.47348939875079 -1.54006373466199 0.842261074105568 -3.18713956789902 0.515396139259876 -2.98518640451892 0.667423810764636 -0.584770815519334 -0.754351495595032 0.184760544256473 -0.363855573690833 -1.3861513669944 -1.60453780910886 -1.05635443040887 -0.0674445799490255 1.6994518372314 0.270703830474402 1.40012092451865 -0.182457564278239 3.1837955689445 0.421229977565727 -0.187670541985066 -1.34865689036878 1.97004609377104 -0.816559044263765 -0.273429349727988 -1.1518925099471 0.479420717194707 1.06920121857827 0.147901100956783 -0.743067234589865 0.0803911448196062 0.662075901569124 -1.47998544895525 1.85228334341644 1.47031447213137 0.8494618069368 0.150848170352088 0.959537399389412 0.842135457352329 -2.50482073302557 -1.84758250789774 0.798887450056462 0.126058708302025 -0.0252320065752084 -1.43383211700985 -2.20309784965469 -1.82601288144358 0.599491773096543 -1.55529821562876
"201" -4.22026114733609 0.89692452503224 0.311818119889708 -0.369942554834976 -1.05210241821123 -1.39967668314833 0.423472015523711 1.52653465198463 1.45153777720788 0.562701426399408 -0.243687963196245 -1.11376883540544 -3.26670046602964 -1.29647489845311 0.764821397027552 -1.48048053886825 1.03198182903866 -1.12083874808665 -2.49407247825369 -0.0255646178972692 2.35645512414706 -1.28254813566994 1.58858240492922 -1.46479757060032 -0.0796011441330991 1.03165258688256 -1.10257140152501 -0.645013658547104 0.419980120204899 0.136380418033093 0.806513469714944 1.09978909353587 0.82091212386511 0.690968877952237 -1.62234836734296 0.52388387458045 -0.598307105772164 -0.608213002455792 1.88288989390546 0.888440558492706 -0.164513538869702 0.19676897163314 0.887273773760763 -0.575475296227742 0.659791119943807 -1.1753002426243 1.18973781127361 0.802537308636403 -0.765885595584104 -0.782025730564455
"202" -2.21789652755555 0.217547854550732 -0.0296219565986692 -0.335143140821915 -0.631492117360287 -2.1402788880082 1.33384005069516 0.176143710084593 -0.542025546459562 2.29441557064337 -0.826336626935763 -0.5182718397768 -1.0038439405418 1.10059822672584 1.24058487718543 -4.21496752520455 0.91715667553593 1.2662834175803 -1.03947003971679 0.76466733204548 0.279238430913316 1.99538708457698 -2.2872064040795 1.89093503353688 -1.5436924418555 1.5589979100204 0.274382749512091 0.568058434046231 -1.66702645633841 -2.27370028845105 -0.0533273279020704 1.23559134280215 2.65861946053886 -1.54939451627152 -0.277345368547194 -0.481499237091099 -0.304652817871808 1.46132772160062 3.48291209163643 1.56127638099357 0.898540119932663 -0.885607995212332 3.10181372603871 0.78130409415029 0.472154250189771 -1.951103164576 -0.361424776532648 1.28585221783255 3.76015721701432 -3.13702923919764
"203" -1.49327658549302 0.258680500141577 0.574956708279015 0.990131342997402 -0.447579734995972 1.43455563825407 -0.594135773403041 -0.80906997405454 -1.09594119386093 -0.5522944867421 2.64497043576127 0.668517741118899 -0.584703459028496 -1.49324976308562 0.00157411535092744 1.15976005856538 -0.882450127450911 1.88565710145202 1.96319747744833 -1.67277512397919 1.35792604913859 -0.20331046319431 0.65181677089737 1.05670143232491 -2.00423392371412 0.0310416875605943 0.899293346685734 0.22569678882152 -0.945706935427948 -0.546481295677472 0.7556228739345 -1.46403951690544 -1.5983063287306 1.71336612415469 -1.83370854911294 -2.40433524629011 -1.2265511378376 0.273623609101796 0.95521368304342 0.601040255637983 -0.798184220544751 -1.85080803048409 1.15513659339222 1.12118307480976 0.153898815889228 0.875972356310993 -0.101628354522162 0.313867974297985 -0.535449993074279 0.42325296458092
"204" -0.996996658634634 0.1461463446457 -0.205898552965242 -2.1092203071333 0.972396080732409 0.605707507079253 -1.73543762194306 -1.48276138170827 1.45294867233619 -0.73113275919389 -1.15367759365156 -0.343109355748641 -1.6400847223386 -2.86486014306128 1.40816589813377 2.62361124270356 -1.94692308858272 0.387313587670214 -0.109336866719969 -1.04023258756402 0.476785659210108 -2.18248421795855 2.53226578204638 1.26071814113437 -0.466131548570628 -2.11399928585522 -1.99094299652865 0.845212673192375 2.20096945663603 1.10400921658903 -1.18782786223264 1.43947606744785 0.913374811135081 -0.943524781356442 0.108515637426055 -0.793787028723794 -3.13715676953392 -1.84343568704011 0.647604899033214 2.06046426600578 -1.43908943942118 0.662798185665349 1.64738527099395 0.0346082502914943 -0.518503242755441 0.135358202425127 1.23123091321358 -0.98552836915576 -1.02626485119577 0.951717006356584
"205" -0.0914705748038573 1.84007495569023 2.47520312287131 -2.02354882449774 0.844027416642795 -0.711830493123449 -0.0245417221864723 -0.760119378519356 0.308397240916655 1.63290876307023 -1.1885642983613 0.465282725099077 1.23423034664758 -0.421649962580818 3.71635267949137 -0.626697863353661 -0.765839616185781 -2.32738858249688 -1.72753523806413 -0.126961343690303 -1.12517322391517 1.25220864110159 -0.650495985738196 -0.0538937723258892 1.52396315255178 -3.8590865802218 -3.83916892390955 0.664996933145672 1.30086022614134 1.23820344486259 -0.0965197761939838 -0.167913347292165 -2.08960701989632 2.02455879225567 -0.820324874726482 2.14403283672279 2.16510074723041 0.325942841430141 -0.914841949096781 0.339390718141089 -0.518609428483932 0.576443322953527 -1.73026189362698 -1.23038226668779 -0.257552364694784 -0.732352501035061 -0.677501329814944 0.97472845177085 1.60869965508076 1.14957282066787
"206" 0.366513002006263 -0.514371977942428 0.892168881259791 0.239539034176458 -0.954326277123193 -2.41476317952997 2.64333633624968 0.227121388698077 0.0562268148975822 -1.09903863675425 0.127086384434192 -0.103163918308489 1.12732628446689 0.651109916807952 -0.3168536303574 0.444059271613164 0.642148715484576 -0.366946592541514 3.25647376595235 -2.24470919621427 -0.398953434894549 1.35795795104231 -1.25599109610943 -1.15376726395 -0.988985738713104 3.22710435619724 -0.493166015408584 0.505466821826648 -0.249141556699058 0.83941258290555 2.3500012044052 -1.182610276445 0.295198641209501 -0.107274504758752 -0.261592508877704 -2.3117248542159 -1.20167673117033 1.23442197195129 1.30103791971599 2.48625477036067 -0.610536101344359 1.51740017820579 -1.6520276013603 -2.48097135620335 3.17393709028295 0.723158269785184 -0.689031300697318 -2.72072751501716 -2.05595236124132 1.14906255126344
"207" -0.601638708177198 1.40963699290327 0.970461508126868 2.60983489732186 -1.75770731274279 -1.5003411796879 1.06950933121756 -0.581774097660149 0.274137891983874 0.889432734328277 -0.470174949783348 -0.303668854559325 0.55398588779488 2.37131463590157 -0.877596330700705 -0.35551345921112 1.33295975672851 -2.37425255568213 -0.402585645589554 0.231217108108368 -1.60541429874017 2.53141141803184 -2.45890551642412 2.43391478324078 -1.44773613626906 1.3026577298532 1.90178055694395 -1.09623595409258 0.169986402216567 -0.883756950647324 -1.03839870377012 0.996573340052504 1.25262648419735 1.08400005912966 -0.469530066164301 -0.566148426713817 -0.631598762313086 1.29366880296981 -0.0184248947507611 -0.874717110488119 -0.205389765258983 0.0347192353752526 2.92627526001253 3.48915211895334 1.23992502939167 1.31322255439778 -0.840248974834938 0.695976983467663 0.814961075519621 0.652184955986113
"208" -0.96478709305503 0.975113803586005 1.93305225522224 -1.73407711838676 -1.55081737172031 -1.21503680982344 0.412196037328785 0.479674315960233 0.0454314890431293 1.98495734595072 -2.40635543229563 -1.59468286465617 -2.09028352299455 0.587996582636118 -0.899734830375736 -0.802266293050456 -0.430397524633678 1.60585601274574 2.2008561255144 -1.78845813712433 1.020443600566 -0.584875293674492 -0.325716563294318 0.474600722689292 -1.74993226467275 0.971430677879792 0.530482831292486 -1.25699161421318 0.911065415031099 0.569344467816169 -0.581831243413633 4.26027272067234 4.01043018045947 1.09090139150854 -0.87965745479786 -0.570399306539746 0.280220288397594 1.89772394982078 0.901416093043977 1.5835230051096 0.520321895310822 0.854792767791287 0.341503711078555 0.431682509477326 -0.0201254904241679 0.867372006469859 0.800909816261254 1.40396599766619 0.634248029976405 0.0124282071713865
"209" -1.22165018925101 0.066646093219234 -2.79490920098649 2.99144260717807 -2.36227101594757 -1.37461070514319 0.197245149016803 2.58922186757386 3.37835353336656 -2.1736089911874 -0.028406231987452 -0.790079798813436 0.39534727597742 1.40339501883397 -1.15706576583486 0.117787482586578 -0.880885496190664 2.84441602412046 0.916487564509976 0.542498099487 -0.803923221020803 0.177602232630182 0.332190372944655 -1.80161968417392 2.55103709329806 -1.17462148751247 -0.850240052415455 0.513855271790831 0.347968584194571 0.0470344928400458 -0.226480931757993 -0.0860617444260203 0.223387408280798 -0.369467021247868 -0.121570145307476 0.0280585139288989 0.0236240024123988 -2.53721682582319 -1.52828711783887 -0.564335359124767 -0.587202462722775 -1.49259731529309 1.27102353725528 2.43396710396032 -0.193845638628323 1.89876198994862 0.958157322395618 -0.814678209956578 -1.40510667751597 -0.391898428892584
"210" 0.12138451828416 1.5363702885415 -1.13444197134935 -0.0708509843319461 -0.14541851091278 0.0874072263256972 -0.115109200423736 0.136711533448649 -1.3332254450474 0.349087909523041 -1.10972623084754 -0.890157758273953 1.29624090738155 -0.455593497971761 -0.620998189852373 2.98174615086535 -1.38496180550896 2.43003718857025 0.891152789927883 1.16595261812018 -1.21137442481495 -0.465636866788487 -0.343198373953614 -0.0244666013189693 1.61663244140389 -0.734575861964452 -0.136120511295272 0.227838316274366 0.9180133961359 -0.14639017851746 1.03390344136318 -0.805435597588646 1.2506779335243 -0.0564735565887353 0.591747642259955 0.457019607787188 0.886981715486284 0.731284674475618 1.07421297857731 1.79930975312212 -0.604301282463364 0.134691623643931 0.917189734505722 1.97523356479638 -0.266374830066005 0.658036341754722 -0.556436154010283 -1.2099658082323 -1.04657642233942 0.764844389078483
"211" -0.230446193977746 -2.80728098748225 -0.739624078760964 -2.0969506070313 2.21183231886498 3.23617103511256 0.0574866254299912 -0.00757652703932214 -0.753308819032251 -1.40220458619576 1.05057896372341 -0.920759308923081 0.0746198408571967 3.09659415865338 -2.01727595220648 0.434048676601197 -0.264808740862127 0.211551965091925 -0.905042878751814 0.128722582176366 1.87280748813802 -0.556509318045226 -0.747273680842439 0.525030013428647 -0.26214389276814 2.36356078113456 2.40303694309317 -0.739544769225903 0.949762399761757 1.23378765496977 0.15418891418793 -0.190853912338552 -0.0363347369983159 -1.17081663541572 -0.582775958254926 -1.77550968646516 0.0290753290185471 -2.67950781011874 -1.81815000298913 2.18767625957659 -0.48877827169258 0.897715614164493 -0.933888862325675 0.0574393842358872 -2.25707941129046 -2.84090265089114 -1.7190034817779 -1.20454024053136 0.770649617384015 -1.16986369471928
"212" 3.40678196190031 -3.23076967206326 -2.4303847915776 0.508528211625087 2.05087686263865 -0.653485548358064 2.90801346026918 1.78352867718265 1.80535565706359 -0.554583505374614 -0.471297206038326 2.0019982876171 -0.892718119648328 -3.32413645184156 1.03074680998086 -1.75628749843862 3.12991313507177 -1.75149824288671 -1.2382559739361 1.22873981240271 0.26691776476713 -0.811868576565908 -0.350766504138432 -0.580413448797107 1.65815276335718 -1.03914835136621 -0.179828723308246 -0.769757148597852 0.439410194660276 1.68664238912711 2.28718332602882 -0.517697963926023 1.30151065547143 -1.06335605724765 1.61367338438831 4.74726572294354 5.40985559263851 2.13435496328045 2.29333397264165 2.29875770412024 -1.25603297414756 -0.839014223281267 -1.07115290551958 -0.392209403446798 -0.850091776663049 -0.0746546522709066 -0.832061762997265 0.663989974863914 1.68851196361079 -0.990808495604884
"213" -3.67878951859711 2.96646133277371 0.971187114863223 -0.386790345467597 -3.06574238546198 -3.06472654194865 -0.0455474376963484 -0.8350989539051 1.02414168364109 -0.423136973018268 -0.0693292952648864 -1.16324115507458 -3.1313769122302 -0.769139554966825 -1.41300461431333 2.08118356166684 -2.04748694212711 -2.06157714680694 -2.54377729592273 0.722424223835049 1.24225680669004 -0.420732433137241 -0.0662978573438906 -1.07517409127567 2.28315683789324 -2.16942663780355 -0.186266117875894 -2.33144695237191 0.905230501881607 -0.802246114500069 0.27582838413922 -1.88578652049288 -0.949379545787264 1.6683688905046 -1.14922671482878 0.186999659549976 1.4227675704386 0.119799134437362 -0.936961328596901 0.433291342313743 -1.29689677045503 0.25410783212398 -2.71406176517477 -1.53564656675237 -0.908926601628482 1.58843527533276 1.89075091302431 1.03502973736359 0.769985141915797 -0.779549932920019
"214" -0.792482928229337 1.18838253057928 0.476559509674337 1.7556004163267 -2.0368502425637 -1.15123065478722 0.978554932407959 -0.98850399087591 -1.26765999241132 1.08880223271657 0.474742642722299 -0.170660744933776 -3.66406816988739 -2.35034625876301 1.54841134092124 0.781347563639508 -2.15548826395009 0.240356249693203 -0.398538468889065 -0.0612713988117218 3.1186010327343 -2.71205631229956 0.22895334921527 0.205480112686785 0.928288591320985 -0.430423581995668 -0.27730782612911 1.60142452126853 -1.90820295610335 -1.89731639770051 0.203687247983145 0.439619145600464 2.26912667577065 -0.537420096965024 -1.54646188549894 -0.318713635324814 2.21756672995066 1.53183037586751 1.48710202706148 -0.286775085817484 2.3762861996211 0.102663428996293 2.73236255801907 1.10595825752073 0.146725963849907 0.558883932200415 -2.08106103208031 -1.06048889348467 1.07662296273107 -1.29378729506179
"215" -0.635144305447453 0.418739890128867 1.88422448229361 -0.828528613616989 -1.149408945265 -2.6187054769399 3.54885678791712 1.33032346309573 1.40165566765544 -0.895020147762655 -1.33100870265715 1.22985367839261 1.46120181512182 0.294984692761008 1.70083424111083 0.75409010951098 -2.1602227626287 0.583441667393619 0.0470617998690726 1.22845684458921 -0.181638281705903 -1.67687484811999 0.791157330341157 -0.32841998255501 0.610011521464882 -2.06450055184717 -4.47098289018693 0.933795766116179 1.5524392729954 2.21728524798785 2.61153643681646 -0.781616088733117 0.222742028284321 0.903797512841068 0.694163208185164 0.522360850142539 -0.727244449367387 1.29142002027192 2.149457990146 0.160637637221649 2.75075529853403 3.0223601196078 -0.449062000160418 1.0268906918999 -3.71959110427004 -0.0287240960872749 1.33979583831349 -0.23761552332452 -0.996969168431025 2.85128107649983
"216" 0.0237386968044575 -0.887005714423478 -0.969882798699142 0.827579804854581 -1.32530044878982 -1.66901367764832 2.11594701348943 -0.733841737573096 -0.187917265998758 -1.29347587861638 0.0900044813115117 0.295302848131296 0.945271054862875 0.374668253724589 -0.197331086869122 -2.26691369190286 0.0221159304161259 1.28300794619428 -0.0611542407839713 -1.6598752339212 0.351582895851689 1.79981567989519 -0.942562737126102 0.643183489337487 -0.184092181307694 1.10923009027216 -1.52743308573386 3.59640950394382 -1.59240395708037 -0.916364616570783 -0.802205888892715 -1.45121417051952 -1.00191411520748 1.52790340639676 -3.21977740352662 -0.757956594577024 1.05622157243825 2.853916827573 1.81880303393682 0.11329192362681 0.0727578169280658 2.83585974489804 -0.532562948076178 1.4138895499426 -1.98874619587101 -2.89219521627947 -1.02497235679283 -2.32407285798266 -1.16139226912871 -1.00744081499212
"217" -2.23715238710263 -0.618774484949717 -1.06401249966024 0.149562246991369 0.835449130336117 0.75549098740165 -0.685516528972715 0.189527559176109 0.749005647997498 -1.58694276372665 2.35082802266962 0.524666438608539 -1.2374513657691 -0.296764505636201 -1.57343295650901 -0.920482359238621 -0.0104180155787778 2.3728603711835 1.2101971415803 -0.639495007409176 -0.326337943773058 2.11681957430616 -1.01106149764025 0.00750228166440475 0.0672015451628299 -1.73058533186799 0.111362302566214 1.23742044756123 -1.74887384615439 0.89168278399933 0.306325241715697 1.18265245145697 -0.738422121735567 2.24212018034518 -0.400525563588545 -0.124210312945444 -2.64795937057724 -2.69921012809811 -0.0380690344467083 -0.367738688650927 -0.346621402897841 -0.576244118262571 0.564038871369243 1.80372659553889 -2.48963779168143 -0.544293771780053 2.26445866475943 0.818424828133797 -0.877992855209242 -0.456909438541889
"218" -1.8297790343902 1.1544007966287 -1.0337217920224 -0.117608758249378 -0.42082175888154 -0.188415667400781 -0.747339062677146 -0.254077349076984 -0.104478436502529 -0.810775867291241 0.268624902262365 0.50604863052491 3.71302056530847 1.56970148782077 0.675201948591058 1.49870656951312 -0.0253397958705476 -1.30071976781613 -1.53686013904414 1.82340631034755 -1.34721564203615 1.16721455905771 -1.8292230481163 1.36865151369955 0.234751968733994 0.969974041132373 -1.10393106975795 3.29781389031553 0.239513571630852 1.66639909839518 1.0037006631077 -1.81333836825794 -1.61685030022192 -1.51369966841071 -0.660495030191207 -1.7584405742625 -0.752913898898476 0.373492493629331 -0.130361402025513 -0.240210540998966 -0.490437067286287 1.07499684422794 -0.354265816545077 0.272365267016543 0.770055126315494 0.316765054295358 0.764381764859476 -0.913142329625813 -1.95458652047888 2.19020675932138
"219" 0.450575491250597 1.42555609580624 0.564331990569067 0.0600805189496932 0.972899183875207 -0.624086842783234 2.61337657561707 0.223806422802366 -2.19340313861349 1.3457068244557 0.863413732512905 -1.00927129830328 -4.62826738435888 -1.27922367042207 0.785219902693356 -2.5732671497243 0.584204104008335 -1.94233696471563 -2.90688563750734 0.7949917377585 1.35185179550873 -2.3051351444411 3.22246699567565 -1.9068908188225 -0.220607916928199 0.222232455567271 -1.06352034197139 1.05561802838934 0.00130475563092054 1.50613726031788 0.868337033870868 0.474381432842818 2.4232938559893 -2.77120802280267 -1.51142707061206 -2.34917536219672 -0.813243218602644 0.218421789773506 1.01646937928536 1.92913632850152 -1.53414104885126 -0.901612604224108 -1.00012115531018 -1.14294152398064 1.4375311389032 1.4838983123919 -1.34762021174213 -1.47258695496723 -0.423787357747537 1.43774114185408
"220" -0.751792327343622 1.95138154547523 2.84833070809305 -2.07036779907463 0.299597592598236 -0.726592921939768 1.41789719454629 1.0932545409346 0.588270478635309 0.570813271853483 -0.22450450490627 -1.01411626849772 1.51935022424486 1.6115842965628 0.246354681688619 2.16978726219832 -1.99106951980085 -0.129041499845335 -0.300146468637929 0.830796792325176 -1.0086758557693 0.567803087176542 0.35574226439314 -0.983807657110695 1.76628783328069 -1.77576191731905 -1.34089031523484 -1.02281928383322 1.09001563650278 -0.191702633798596 -0.398626295103458 0.474026667921353 -0.19549400005991 -0.482046983514243 0.160579701231411 0.109246078231117 1.30873476329415 1.95548940059132 1.37639229241757 0.0240346411706858 -0.0474231753129418 0.288077910161727 -0.546606268183993 0.575668350213256 2.19766332512563 2.98981884453429 -0.261958682423891 -0.717735670542454 -0.561734740753437 -2.18184896653234
"221" -1.49028539138765 2.47253372871598 1.49228650459344 -0.422202704531843 0.372501070578594 1.08038567517189 0.857421293142248 1.02626540447667 -1.52031463720272 0.645650773524965 1.86075817927316 -0.154451508759839 -0.595997377937985 0.198775200621052 3.00870315639559 -1.48828924312724 -1.62928261091897 1.03465976496573 -1.49989350065791 4.3337426580901 -1.82930239984255 -0.69615406324178 3.00997962730223 -1.80217513932155 0.385135138230969 -2.00508012486337 -1.69143496355597 -0.38744526216938 1.65501989098485 0.274823576266158 -1.0934716829772 1.25019967615135 0.873178368846774 -2.08760201399465 3.31957379718728 1.50443972232462 -1.38652454360664 -0.359541690932256 1.49971050909567 -0.489960160948088 1.93699489853279 0.726997967404967 0.409189423635041 -0.149914518574862 0.189596794525608 -0.715595773795944 -1.48816570532656 0.457830820582995 0.704043482217373 -0.384986770390259
"222" 0.676103064971517 1.26720406186381 0.844363809259701 -1.47463510736828 0.225145054914656 -0.83724771246886 -0.494381660205628 -0.717100488973092 -0.500696358639612 0.090537665548386 0.544084617619435 0.798266565398264 -2.45792027879422 -2.07133762225161 -0.177725919261019 0.918647389491467 -2.25965730052272 1.80243156276884 0.297223176761326 -1.04500539831695 1.8105250807907 0.343558191284771 -1.59685583836751 3.27534780817919 -1.20261481005983 -0.931100001588093 -0.750467473232796 0.611094440154127 1.14046446414479 0.459777347227545 -0.811486421632365 -0.296560297131075 -0.971655244008764 -0.214648340401054 -0.889006223344957 -1.67854024649765 -0.182358365501174 -0.473448968601732 -1.21809169879779 -0.0536991311281893 -1.35965722757479 2.23052322871546 -2.96706273273827 -2.60015286889617 1.23997591330765 0.379874114004117 1.71454940639511 0.562751173675586 -0.471037218653962 0.137264372080419
"223" 1.34318447515885 0.488483165761366 1.18452839636097 0.635100761268527 -0.98784721048431 -2.32967573369227 1.66791854389774 -0.917789654963483 0.0126524227096641 -0.423677775523655 -0.569706422923087 0.264207385876092 -0.850247826724664 -0.451157210238101 -1.56850444509663 0.489706900553232 -0.0704247777804256 1.28268997959336 1.0330675896627 0.138049872441702 -1.0432557800204 0.832222191893932 0.142043795417162 -1.70095315369749 2.04679236747075 -1.7784711897727 -0.550779500173965 -0.111980831241533 -0.286717336156808 0.202636536841899 -1.29687635533483 4.28423495444739 1.67065107225033 1.72895084117008 -0.732028261959657 0.302619933845459 -0.936147227493674 -1.89421690543428 -3.17385041879407 -0.65513908438811 -1.26922688931555 -0.0168726944471264 -1.38779468478821 -0.383834505177534 -1.12604056505958 -0.162661995197587 -0.868882289731157 -1.64063652145386 0.231925451724217 -2.34275146681528
"224" 0.777128604947893 -0.387318342713269 2.92527346150336 -3.3882937297675 1.5030309546269 1.80173364905344 -1.38936334281702 -0.582929501403719 -1.0489407634095 0.949661539273276 0.139428206829328 1.50407129920046 -0.2112529846395 -0.281614261400433 0.104742013406596 -0.435567018348118 2.2351435037282 0.478971995601146 0.0906897228113339 1.06493890582436 1.72335671477535 -1.46182148172076 0.960398051188726 -2.45933047312397 -0.517816953769804 -0.664864987953581 -1.67640348187977 1.78000780103001 -0.309387306501652 -1.81768340486386 -0.541213985531615 -0.471417317731064 0.725260589901488 0.322724753569599 0.568552739692203 1.29719784394745 2.33667863557411 2.58211263009929 0.488073896454555 1.16655839672819 -2.23673580248344 -1.58102600593482 0.956936167064641 -0.196224069221653 -0.260733113628234 -0.430636976894745 1.10183575240416 -0.18087626254256 -1.62585502246433 -0.818011452262873
"225" -1.50796893719012 0.710907205611632 1.1097292756737 1.13034685823248 -1.9562366473537 0.337340235541122 -2.89626061515977 -3.90671840159222 -3.15581735164261 -0.645147297480823 0.999573082710801 0.755263454943651 0.568243448648362 -2.24537884117084 2.87466816076763 1.33931130627933 -1.75917236920478 -2.73567251490937 -2.67537913833195 -0.277435651780708 0.163743736034238 1.67457268292714 0.0344516677859582 -2.46133182973836 1.83546172250664 -0.770132809665064 1.32651737807149 -1.90492046870406 -3.61702756977208 -3.91126592426073 -1.6714689010881 1.86594171880812 1.21016023223172 0.130125012793841 -0.210517973470555 -0.591362411469161 -1.2447850391162 -2.13107498143917 -1.26756896049406 1.15658323758544 -0.322393709448075 0.0970825918839986 2.54021279422697 2.61895879264198 -0.302128719560209 0.528110934641143 0.102931247786578 0.126382731858044 -0.49733850334347 -0.299300639640787
"226" 0.526330132592151 -0.791683970943605 -0.778831608601147 0.36052131259286 -0.106674671504317 -2.25385477054567 2.0666684082399 1.51965884841067 0.0233549514111178 0.964160427568391 0.251530768824373 1.36243350624335 -0.72204211483679 0.00668337258812917 -0.481322402971433 0.860208903962242 -1.37118176423197 -1.26595741941901 -0.449235431816637 -2.03745956138063 1.15809806747299 -0.238277507244689 2.81882847209302 -1.60848521274951 0.374293284614855 2.70381470008306 2.16980869007512 -0.928077811329377 0.80775184199983 -0.640534372835882 -2.18567010512881 1.41566478629993 0.219199759470611 0.606050210470679 0.523400050308898 2.18553355279388 1.90734808807372 0.509117137706405 0.269166242565622 1.4335912135455 -2.97446940353877 -0.79021057878896 -0.824597524915285 1.74099661586921 -1.89717502879964 -0.446377117993525 -1.86998177846086 -0.367776415535175 3.18917561524477 -3.01335484488215
"227" 0.130623471322952 2.84982723090892 2.39846506520308 -0.565903544890845 -0.0336551262353554 -0.606827867331665 -0.91788348713127 -0.825794872656133 1.17662822968302 1.50876236195979 -1.39469742473951 0.615483239822611 1.67392923043693 0.851893893590906 -0.633316423174599 1.22092747070606 -1.88447615649359 2.2740972436011 1.3591671228769 1.41233560878148 -1.65797039796083 -1.13678901522014 0.253273249048069 1.67554690381367 -1.09414422595061 1.58861018332788 2.78397930776732 -0.137154348609581 -0.885160431918272 0.669269118964309 0.597077643032163 0.37529270463069 0.590453086639578 -1.58536604325716 -2.09980395369865 -1.47963694211514 0.891688643860645 0.623448859652565 -1.40409298884932 0.689163543555327 -1.47350332416903 1.31633118881923 -1.21822739574745 0.671156232853838 -3.05942122298746 -1.19875167851525 2.02375136405823 -0.0031025810388423 -2.19704263546552 1.32677834883837
"228" 1.38706628301776 0.727983487518886 0.453999035122065 0.144810341043056 1.24986082566454 0.653186128191737 -0.738397209296357 -1.41181028630076 -2.38305407127456 0.690676942871431 1.67010676084963 0.866231309534676 -0.786034330246629 -1.75373364606446 2.22843739688649 -2.10713469237103 0.28290983256363 1.32336417071125 0.824579033873237 -1.98490755149511 2.31237526249402 -0.337253249392998 1.15684152679655 -1.06743573677792 0.17908761480179 0.179660998179849 1.34890354800855 -1.1026059715831 -0.11195525305102 -0.508829343088716 -0.295131654343731 -2.79941351546654 0.275530211630492 -1.9556603273026 1.33441978843343 -0.230473565203902 -1.57725773029235 -0.931263299303348 0.507522129450374 2.33490596345098 -2.43299157033469 1.42418185155872 -4.28118219664028 -1.42002860407382 -1.92547791680684 -1.32065397207731 -1.37269275037539 -0.992505550238991 0.404596591900404 -0.243948388337452
"229" -0.746414763971707 1.66850458206429 0.631545058288106 0.0233219815582766 1.27366252690252 -0.0370858268667151 0.266766272576277 0.506956324814725 1.92666108248968 -1.52660938111321 -0.389783496079241 -0.105019047064908 -0.988648627058193 -1.20198500242782 1.28681901766469 -2.59410750467811 2.80236241340692 -2.70178623412201 0.333562772175795 -0.782964617884837 -0.555812488345432 -0.595551566237942 -1.22279975228678 -1.1041053943347 1.01509130609854 3.16320915689886 2.83941174029406 0.516960714407019 -2.92129757169302 -1.11173767957229 -0.542485601323259 -0.782044951591805 0.195875633825992 0.942326828921148 -0.22231066246876 -0.654555389447372 -0.538678161430666 3.12451953371216 0.744317688897432 -0.13035576790096 -0.860463164772249 -0.904035314831451 0.481531261149158 0.652502353721158 -0.785300887640341 0.0169521986931569 -0.656998065725657 -1.42889022617732 -0.0597406268674943 0.0162578724420364
"230" -2.43011383066464 1.93901977689268 0.871814369150809 1.76318893346538 -2.56342897231333 -2.294239894001 -0.92524498936393 -1.71910824439493 1.35098691852633 -2.44131046788593 3.15254983891606 2.87871916347506 0.672495573658943 2.34318637923839 -3.43783704632207 1.37698066262286 -0.00602117873877705 1.20584693328848 1.39341004607498 0.217866432586647 0.0528986257893185 -0.814917675087269 -0.00469893881173447 -0.255819083523953 -1.60143726585837 2.08686651845107 -1.61487128438181 1.10885448410743 1.33684268357684 0.213987309403945 -0.290945338134474 -0.553505756372309 -0.127432331898475 0.0798029172865522 1.63602062877222 2.22636599862228 -1.18937795797312 0.94679208666558 4.75645313949009 1.82766730477715 1.01723478158993 -0.780617398576923 1.18769545910206 0.650472636562788 -0.433047156890261 0.76247025901185 1.9234930405536 0.97580697000588 0.835487281752036 -0.12726219710204
"231" 1.25672699063106 -1.75016747950714 -2.26364936382247 0.060017393822905 0.109572429058977 -1.07346287804272 -0.451516682948694 -0.288694994753274 0.956951475449807 -1.38973776354212 0.171418007411856 0.0639215041386981 -1.05135609184328 -1.10618620518966 0.00126070102523901 0.477138948520182 -0.239931316379821 -1.01900311363476 -0.798471368596831 0.00402581366829148 1.35488215541255 -2.17360418173164 -0.32729630959199 -0.0757917984165909 0.898837933799593 2.10391926448891 1.47802223733446 -0.958497990321901 1.8571335812204 1.16799716189081 -1.71316171314765 2.66898085326523 0.573652501224636 0.0610195500617246 -0.812719044784276 1.25517871889377 -0.188187860115963 -3.48297345087438 -3.10677823802839 -3.48449420032497 1.4007147942888 0.219203643159799 0.000998254017156432 0.118441514258951 1.4649615844007 2.69814986621147 2.23390352866977 1.71844935712427 0.198762824900383 0.438758428283324
"232" 0.546063419661049 0.000358129687774535 2.27750598716092 0.587888665678857 0.451779798774346 2.78282918369813 -0.0105989961342405 -2.29552182989924 -3.69632260939154 0.325913310804796 2.05525628752016 1.66450342294451 -0.294516352677425 -1.12764886231149 2.2907098818625 -0.826983506934619 -0.462911643657227 -0.306180700915626 -2.41387917751771 1.27657613876506 0.613337250504482 1.09518743901213 0.306032717709453 -0.963497913079469 0.617999634677428 -0.41508611796432 0.117712631730167 0.949447371872199 -2.08775808052673 -0.44470466427563 0.319796796393881 0.650508583716295 -0.931997635769918 0.155293101862238 -1.30969661436504 -0.485332161567379 1.27807841301764 0.567310485716728 0.770807755115869 -1.15930308070432 3.46385738927192 1.95435963364055 0.276165045834417 0.621181033513197 -1.56135704075119 0.768415262074112 1.20025117531991 0.193071466956454 1.29953382422196 -3.0147849064646
"233" 1.1787913675151 -3.10379963900763 -3.08674391253277 2.19583065998345 -0.583464954195002 0.803556898519209 -1.13558604288698 -0.412846760784331 1.64600077655858 -0.374461992060932 -2.01245754623282 -0.141372757554155 0.56021290376457 -1.45599543027652 -0.192983988173411 1.48622778948306 -1.28532020827814 -0.10734340114436 -1.48965802621873 -0.573132416286229 2.04918166794937 0.693340122759739 -1.01492622941086 -0.0365550478540046 1.58921840711454 -2.53216811353628 -1.34368096518086 -0.587761268531605 0.19987035492479 -1.04154364736273 -1.41592882649492 -1.58204369436344 -1.70967655356666 1.54619482264602 -1.02637912307446 0.413231393792411 0.381161494064018 -0.184524266278961 -0.843007661557343 -0.467232659217864 -0.420682349215098 0.955589260932548 -0.930300837341243 0.661787247856891 0.106563911337333 -0.243918003045195 0.0892416673280736 0.976472535771614 1.57063136056708 -0.238548680197333
"234" -0.488379857173957 -0.896745097009971 -0.832061047890418 0.964646594506898 -0.502444847976075 1.67451761195768 -0.50400695731857 1.20846892698447 0.820737634371073 2.48109832012887 -2.43226096540267 -0.000928655067364508 0.0596885044619464 -0.303090984114202 1.03002420153888 -1.23519912878527 1.8146290428221 -1.33870566821734 0.374236546552304 -2.53266026702036 2.3996215175605 -1.00138965915657 0.530260181568765 -0.156978076885066 0.890661705321832 0.706414601305404 0.469611364087174 2.36098413834197 -1.38392230591976 -0.442417533860337 1.0720908937329 -2.9685797828868 -1.00608064229695 0.824196262117503 -0.814884012856225 0.307965959889769 0.165056996294526 -0.528555574054214 -0.713119931403965 -0.535284867937719 -0.283868796815632 -0.0120122422467813 0.151251933491123 -0.127661931009358 -0.543667035193159 -2.66690509818225 -2.06471520528124 0.439456103696409 -0.829764959659355 1.78612236719676
"235" 1.22656049239045 -1.05408905236681 -1.35054744219399 0.114970633937311 -1.08315658211804 -2.60749181134454 2.31347874277787 2.16314517900387 1.47900988515308 -0.206132810188822 0.201978296647205 0.915965385142216 1.92870751590584 -0.090113268741305 1.30001906367575 -0.0479614505607324 0.0878409948093726 1.1173294791277 1.17507831105035 -0.246872574797551 -0.258074650668309 0.3873336482068 -0.555695693528844 -0.891489855161145 1.02776849341995 -1.65600928834783 0.862472496385124 -1.03197517474688 -0.101298364150143 1.75727246512713 0.472965613342685 -0.469679338802393 0.208912675079591 -0.961471510278582 0.955566336564637 1.89676338193379 1.26170638492589 0.197982698396272 -2.18775615508892 -1.31144121027832 -1.01673035619658 0.118103431289726 1.49777411266953 3.46692230044576 -1.11981447397668 0.39984843012275 0.603822397574598 0.541582597362663 -1.27318357926656 0.688060577432796
"236" 0.981124338238899 0.67138046887022 -0.53746007017092 1.70596762059335 -2.12220326931847 -2.17242819285604 1.63058742441831 -1.21762268151478 -1.63466765169844 -0.873115055299999 1.81476674932933 -0.153969648263192 -0.223328719285718 0.923927215634908 -0.406855898951999 1.04332534177649 -1.42430820327947 1.9839016179589 1.46931259912301 -0.82159908047964 0.690239610712322 0.149306409387608 -0.943816601420099 0.350244297565692 3.53321077304088 -2.08524732127366 -0.497668868065674 -0.890891980140131 2.03931530444984 1.17881513985926 1.71210749188555 1.12704613319874 4.76653351044694 -0.0177482313770691 -0.485218823148949 1.84655266360723 -0.696770792211444 -1.25221533737644 0.823595580931047 3.33182866962945 -1.51400672736946 -0.604925096733469 -1.01728027489416 -2.24504806078422 1.0690714230843 -1.00363914882139 -0.593168924800378 1.41408136472503 -1.44973956181295 3.94181545026171
"237" -1.26275151338465 -1.55090980734808 -1.28298856170816 -1.94462754486879 1.53951223020947 -0.978567060715911 0.782922579556712 0.481963076745228 0.525789286142653 -0.705984827191546 2.30966055896448 3.08096265013643 1.4642135717038 -0.633003458406991 0.6623300904049 -0.975470970629752 1.25280575026983 -1.00567036644958 -0.85365969764412 0.799732877367111 -0.285294052608829 -1.48253223955499 0.402853774056546 -0.0825352358717221 -0.161461972523988 -0.813467579420763 -2.15743073967434 1.98190676472767 -0.873333869333807 2.49996528815565 3.35019779389652 -1.50405431011715 -0.447444166797106 -0.0845315363637783 0.540805944949481 1.72292515752649 3.03285488885269 -0.149789807617899 1.58994376307595 3.48384009821664 -1.8320962317419 -1.16372771842376 0.202278654029866 -0.717691156081777 1.9301753830264 1.08785995797773 1.55307599548204 0.856006851247357 0.144324114322599 0.238819853078117
"238" 1.1851346822132 1.42648090014721 1.18704797633467 0.475376046138526 -1.39705636234498 -0.426325268206856 0.817694651386288 1.96664078354351 -0.777873478927122 0.210782065809515 1.43834263957212 1.17599956307824 0.663587710456828 0.410275338081342 -0.251825211225209 -0.554682447152944 0.912705370609887 -1.69374896238048 -0.344224513016239 0.548074240491234 -0.303110348010401 -0.0755843147858751 1.52494495658771 -3.15734927748448 0.122625765822101 1.72779223009413 1.18960231849759 -0.563344582832135 -0.54259148904497 0.098269549140664 -0.772733415798564 1.4376915528407 -0.737770692191423 0.808956342280225 0.315734945390166 0.0432903126191025 -0.498392980146929 -1.20250294299932 0.431761800467013 1.55373679801413 -2.32157365818873 -1.26601640579231 -2.57520367103083 -1.47069087013165 -1.43307896538324 0.119875116085397 1.64545709885805 -0.58816251751205 -2.73168762106461 0.506083978271382
"239" -0.535738791787578 1.61589444823273 0.421856437779746 -0.428303340947271 1.20207800574681 -0.459980613245396 -1.49783456197363 -4.30633395381508 -0.00296447042038179 -2.53744975452414 1.515931384128 0.374726073869196 -0.950113809147743 -1.24845321558986 1.29289393660047 0.353773938271059 -1.93021271579205 3.4236629602701 2.11722453338924 0.17186887151996 -0.766926105527552 -0.00879150240411715 1.11890767497747 -0.105085348624731 -2.15339909629139 0.162606182706625 -2.82281787849855 1.18377020770113 -0.22769978176036 -0.925339587770887 -1.68569031424072 0.306559613099562 -0.47514245570785 -1.92154509653656 2.02570412309914 0.220619258796435 -0.306465504322808 1.36690155622778 0.86466201344838 -0.324388557834161 -0.810402091859255 -0.896094110490637 0.293071646302262 0.91190284004102 1.11828255154938 0.992435223324156 -1.0692717297078 -1.51712127450131 -0.886572629441383 -0.269535071473658
"240" 2.13857724889176 0.514412973173665 1.64560108928044 -0.345323270555088 -0.607698468138454 -1.43707644952282 1.42300945367369 1.53308928968787 1.1911616008033 0.526558363219235 -0.558421782158863 0.550123951256696 0.420028453045004 0.0746424352037303 1.30227539437243 -1.84340571070446 -0.135569534775333 -0.706864791496688 -1.29017887731849 1.54027702034257 -3.26525326384687 2.92335480378212 -1.27244094138103 -1.05566665543079 3.55251517626782 1.45240977022138 3.46169385911303 -1.27334896573429 0.273742485889921 0.06889288065003 0.545702947778856 -0.166106971319426 0.551325922063346 -1.07804175631309 -1.02240023394745 -0.10086735901577 1.93607641747125 0.861620401768723 1.79778417552688 0.97567841806026 0.483973220295185 0.52687466432097 0.42765970194034 2.74039939420719 -1.46383725859459 -0.814505321594124 -1.38774825900982 0.225527826388858 -0.236882666645504 0.401636274501368
"241" 0.0344321204381166 -2.0916879451251 -1.67496231134446 -1.14462087231393 -0.960973154838553 -3.02607784406346 0.45594311859639 -0.983938556185313 1.04392619510359 -1.79136765672024 -0.519567124820944 -2.41413432422786 -0.940001811713706 0.85961855196427 -0.391163859372625 1.11017313086667 -0.239982980679094 -1.76365366655959 -2.44019455432021 1.49276261040801 -0.648700843038722 -1.42007565579115 1.17004398063757 0.297931649961385 0.913743294462008 -2.29059348985383 -1.75724849362392 -0.101812928969985 -0.627174954788943 -1.31256437999254 0.267325322097809 0.381883905059696 -1.15852198725492 3.03377758937216 -0.480242130375871 0.770824851737519 0.978752099011063 0.602704970371505 0.982646065088054 0.86371693709162 2.21133258416667 2.09675905212592 -1.71110976172399 -0.0795049021819828 -1.28961114836013 1.67842181161535 2.27833128030456 1.3693576090633 0.580508235870973 0.0873119542556414
"242" -1.09044003384546 1.4343407189959 -2.32426350442521 0.682678454045362 0.203598890828378 -0.447897826550041 0.00694371924159938 1.0254676410712 -0.0508275254449961 2.68567867115078 -3.01174693719821 -1.2623393922215 -0.758370721321627 0.757614119008396 -2.54511984263937 2.95635247848017 -2.60112345634374 0.917449734340855 -1.54130152875907 0.803520265389934 -1.28338876594583 1.52586409334402 0.105733075920967 0.718082595924463 -0.30610883667088 -2.16851696346283 -2.25263662418731 -1.45425018241523 1.66314417920231 0.503413301451445 -0.521809919449931 0.0172977163500057 -1.3910610914131 1.35103129232151 -2.47420772201665 -1.45623668370124 1.23488210192375 4.18268554976063 3.24434138843405 0.857547897153193 -2.80029997810157 -1.3487734749237 2.02205553047529e-06 -1.01842486415608 -0.457387096795026 -0.7779123240102 -1.26218279576382 -3.59197874745941 -0.79192238673646 -0.679108330889789
"243" -1.5067926993774 0.791909882472715 -0.508569942012892 0.041541150817896 0.00586648256461993 -0.864046280491596 0.807730725347343 0.577164251519032 1.10859808118973 -0.591406790788754 -0.945058951139695 -0.709281669033591 2.00517193115544 1.19300974223519 -0.236890683513749 -0.030149492433479 -0.408753907746391 -0.469157444942745 -1.30827584307019 1.88847570126257 -2.81100998120979 0.681790013416988 -1.70605869899383 1.75930372478851 -1.21365681251904 -0.34941664835548 -1.76962916703683 1.57622609746521 0.901008339860752 0.61215162787672 -0.265250687338558 -0.00740195372246243 -0.468017772334934 1.99288905999834 -1.84254312207807 -0.213890792269496 -1.02936148363615 -1.14224386725635 1.57188031548419 0.8847960077839 -0.683970361890219 -0.911280355538341 -0.0115494114810331 0.22852276551525 0.574309396710212 1.17193059496069 -0.498193075579957 0.979689881038473 1.02489813115797 -0.779667998401172
"244" -1.92767851879038 1.3393092426207 1.48060130859887 0.0615477194765022 1.24223228553835 2.72779600319008 0.108115674271389 1.75417736503502 1.58969123905165 -0.387251757839666 -0.129131197814922 -0.409809984019467 -0.166355345464128 1.10378449807002 -0.446568864267999 -1.2529734747456 -0.421600801543974 1.03329818075052 -0.578669427335968 0.623193891417447 -0.263374759467627 0.973218524893421 -0.44400200871038 -0.260833523867912 -2.42807213924959 3.08965743052835 0.356692794792809 -0.230549464867445 -0.602750744296961 -1.72325503880525 -0.158167721286716 0.653714915029005 0.126564201256814 0.224166862569587 -0.134340048017302 1.74234909692896 -0.620176899340433 1.29458032124544 1.77061328001947 0.172236112792588 0.0691758011437969 -0.728519663847832 1.7996776198444 1.69434737037625 -3.15036943645991 -1.87386980123931 -0.264836489288396 -1.77941917769227 -0.39310532944519 0.723592794249873
"245" -0.336019406975566 -0.0843341901297076 0.854394992662564 -1.44336964593935 -0.508901675827158 0.0601765507567151 -0.890890248689399 -1.28635771777066 -0.83460419094992 0.312776454546074 -0.665230640589545 -0.556716128904312 -2.11433279452228 -2.55893683187173 -1.1194925529603 1.62174236114841 0.69950084936866 -2.31730183027897 -0.563291501925729 -0.92032198213456 -0.477685878758646 -0.0682298883008043 -1.24699296933246 0.636504059591706 1.09367699045756 -0.565979722894702 2.41244390163116 -1.09280305494016 -0.926931544656836 -0.392745999263279 0.755828755259746 -1.56082043737718 -1.16643136844294 -0.00840060615498767 0.714214812652833 0.395396708151283 1.95920864940301 0.191856825661427 0.139393557187118 1.0415633681028 -0.824419258086941 -1.14403123107539 -0.0850572436060243 -0.862174839185646 -0.467530258491098 -0.85067845359967 -1.07869981407534 -1.77495272371637 -1.47975046914501 -0.449338509320759
"246" -0.554927844537981 0.785743742155139 -0.92079251048077 -0.231140475669592 1.78784909396967 1.92056760902762 -1.94881634900873 -0.307118448221792 1.02935174410898 -1.81627144088556 0.789366067145592 -1.1174946798416 -0.402940815780878 0.376633255232775 1.20654333864267 -2.16187303477338 -0.250031798676551 1.91389395254929 0.422636376427124 -0.828512295763758 1.83096348915537 -1.76377466003459 0.525893721519165 0.656432373823498 -0.0421450257735465 -2.61804987335161 -3.56233652580349 1.57844122158048 -0.0700710322002331 1.5530070557738 1.02274470405132 -0.425096719123635 -1.49505622025288 0.555668010830805 0.628552132924664 -1.94786433475511 -0.702522075513556 1.32918092571332 0.27110702565579 -0.20462707311555 -0.644251084925028 -1.80392323647972 1.74604931594943 0.217152391291973 1.41818057737905 0.554276962096625 1.21970299433007 -1.36492001355202 -0.591504783339283 -1.09173060574367
"247" -1.34944533867909 0.508172958108771 -0.770456013900667 0.380657310130754 -0.504124565061583 -0.841963033400381 -1.27964541947182 -1.96289922206855 0.231086491408053 0.140918911251675 -0.633623605657645 0.481428119620816 0.352905050035395 2.0977946214468 -1.84000417976386 0.414029565852938 -1.46466502518438 -0.0393197398835667 -0.161741892569993 -0.115858677350687 0.403858213009707 -1.98791047427797 0.945211837818978 0.16235944114591 -0.671999473604001 -1.90371683276954 -2.45143411861297 -0.798357549711219 -0.415393422406394 -0.980073814966753 -0.286394700926233 -1.5911783572306 -1.83927749941703 0.55015657338952 -1.95132444542582 -3.01722498438298 -1.00741224968758 1.74506798740868 1.07236104566728 0.388588188111192 -0.327084677005537 -1.23007809847239 1.3448272527157 -0.214382898279763 0.61023053410663 0.406419360834226 -0.957266983714954 -0.0927766762480142 0.78340599083612 -2.26302194684658
"248" 2.03414848201846 -3.51932386996735 -2.31167112754041 2.32903083403332 -1.11642856490992 -1.37531867423156 0.303609259761136 -0.941255126178411 -1.68608766898997 -0.137232835041588 -0.851579622921012 -0.312813959981328 0.620826511839844 -0.423532006891341 -0.95555365453299 2.1883947735527 -0.8317567469897 1.19758867068445 1.95123881081747 -0.0180164907277474 -2.15224671259168 0.290634273967181 1.44401714776097 0.268239645278659 0.86219585525228 -2.4981285091921 -1.91475721690537 1.07047918935248 0.371670494738238 0.0501086332206972 1.88663534850045 -1.7733553269938 -0.296626163566645 -1.60533520497231 1.36862738938076 0.250950457133441 1.17063522279295 0.590937539134161 0.115518807430991 -0.0239374583612789 -0.27943694943728 -1.13036055767049 1.19896390314016 -0.670293913965657 0.582847184655813 -0.734321821011038 -0.448477497034688 -0.368061667049415 1.7519191945075 -0.412989819000664
"249" -0.206594557357875 0.0027634876821312 1.52292398440171 -1.50305809166261 -0.284894303383854 -2.4694682297273 1.55627494435685 0.071159328415241 -1.07894403565731 0.390317256343981 -2.51894708392132 -2.38311560703146 1.10118191606996 2.17511724991092 -1.36143211399304 1.55712021002513 -2.22141133221523 -0.265856336226512 -0.645177165536618 -1.13530702164706 -0.677202576083216 0.368835209526191 0.529578308345791 1.50475476507529 -0.765366298424415 -1.4849004506085 -0.867788137706803 -0.419979926964954 2.41255630992568 2.40713037336721 1.71315165556243 -1.89601010033688 -0.198283206383562 -1.79713852895235 -0.00430112012584458 -0.811594996302203 0.0859490651914051 1.5848951215645 -0.0405682509092038 -2.35699178819696 2.13077237013981 1.2677538191064 -1.18005730694655 0.0324448858874977 -0.457732206543553 1.02251000263336 -1.89902414463974 -2.12992695434116 0.523883449918283 -1.8889890424352
"250" 1.09154069107125 -1.24459308886185 -1.09569161309966 0.461047434364023 -1.33965250000726 -0.784815146836077 -2.07869002566874 -1.05369110925272 0.150540850771878 -1.76494301844797 1.65683245294072 -0.603293138257767 -1.16202546827733 -1.47407984955882 1.80461650869826 -0.974083948093809 -0.250123476932697 -1.06214956126945 -1.91340739345109 2.62288270493241 -0.876930483494817 -0.0779888885416958 -1.27479297835597 0.917431411793455 2.19968160280618 -1.97273797983316 1.24097224495963 0.593187832411015 -2.50831546701824 -0.303011113308503 0.459170595212669 -0.40379303706495 0.0124998604102986 -0.0116545037270268 0.725350442856067 -0.0326137969346045 -0.937035402945892 -0.33899248921891 -0.152051990661348 0.864564263452936 1.21367947491043 1.58002753236629 0.853256114732431 1.60823931129418 -1.04584376397144 -1.67771656386877 -2.03758196402867 -2.97612126131311 -2.51600952085163 -0.199856461066722
"251" -0.490250108849785 -0.150712385246532 2.69664439413504 -2.23695306412486 0.976194100850736 0.579624795714928 0.370912972896419 0.693612157683752 -1.3419862119939 0.410727434443938 0.344897820284237 2.08881415988736 1.76758429956103 0.0975603707158062 -2.00933846298387 1.69410440870266 -0.907743301179067 -2.29016518363872 -2.61717966182315 0.475115599084226 -0.678752156914911 -1.23923668993587 -0.85427764798592 1.28500833099067 0.98511872922452 0.196737790277613 0.811732073432112 0.253100086878025 -2.8134077088605 -3.28393323622149 -2.34325256562861 0.866634619036085 -0.345303890654759 -0.268636953160962 0.681581211116431 0.487770260738753 -0.0929827171457438 -0.652326075492171 -0.655587767459847 -1.45816495648277 -0.620760342532787 -1.15369236122876 -0.0946917809623109 -0.972632407287436 -0.477670773088313 -0.540172849740643 -0.708588479540303 0.275553494164614 2.58605502722845 -0.42601946077456
"252" 0.831430790590786 -1.17560575667217 -0.283416685051583 0.239907777004078 -1.23106130444702 -1.53607831092208 -0.517116879537544 -1.86077635552483 -0.951400552380422 -1.13030362755681 -1.11584694200207 -1.51619177732489 1.56993573819594 0.681498470023962 0.662688660587956 0.225915660197161 -0.307081730708875 -1.28618931514255 0.063501077614901 0.718346393846155 -2.80191210397442 -0.393057199006797 2.93661153788315 -1.38575826668833 0.95748979097835 0.174236276872407 -0.745920075379303 -0.120386365744442 1.21430413756135 -0.183440414202402 0.171812046410098 -0.336887646059632 -1.25501346901303 2.15138377004347 -0.466032005203438 0.530512279261895 1.17034692480401 1.34052460843269 0.621410155032638 0.358716957053806 -2.66460132973058 -0.724818535979293 1.6659514758686 1.35555809173873 0.389285926582176 -0.424811141454521 -0.985105772361381 -1.75591663718769 -0.964696658148345 -1.02568247354072
"253" -1.31244469897833 1.27514719357637 -0.104252863647186 -1.75605060359583 1.05924792474486 1.22424571461483 -1.744857856441 0.562598641650579 0.260483811760426 0.586405092801394 -2.02867001035896 -2.24020637136633 1.24059107311372 2.42106855601066 -1.93743538331388 1.04776209339356 -1.40925594581889 0.0395434208916567 -2.10215379343491 -0.00139671719892214 2.1235072392375 -1.79865962181485 0.724090907448716 1.9162504144145 -2.15178748224366 -0.532498991308637 -0.728969909491096 -1.24881867756255 2.23391281526539 0.614616477609108 0.827586112253217 0.969806875885753 0.218337782341856 -0.268588652601979 0.0446624941656498 0.600299759847218 1.10883384306488 -0.284451482861483 -1.95858837214343 -3.14706878426816 0.919874097049899 -0.0193564441235869 0.206444967900042 0.273675713319233 3.42720044759261 2.62845368867907 -0.353165610417125 -1.34613956262614 -2.19183929532356 2.92387940575773
"254" 0.0718815109043557 0.629433146583261 1.08580096606818 -1.00903904166276 1.49408655428261 0.477621636436105 0.995659411644242 2.7737722182795 1.98587142436127 -1.17355430987853 1.19591407972375 2.55253679358848 3.41007226028632 0.25459574678852 0.727154721537142 0.011231544206489 -1.22924161036455 0.780213434022044 -0.383453062118412 1.1372509117703 -0.698470901611184 0.682547944824445 -1.77948573008827 1.77132490844574 0.831306834056084 -2.53121440494381 0.384978010726494 -2.30210664163787 0.819992761179468 -1.00098246045621 -0.424495711100456 1.76060580840091 2.07797845182889 0.343906987998401 1.40411760200241 2.36123973149442 1.94990218992204 2.39030118950464 1.77127151740989 0.563740216271059 -0.671211440115952 -1.31384686355895 0.943017630601333 -0.711070687547879 0.446288262817563 -0.978319344297747 -2.08671769903207 -1.09676329548834 -0.206850481184593 -0.79257728832801
"255" 0.903248784154946 -0.88871012010759 1.22638929134025 -1.00352707835782 -1.63360725155352 -0.828053053429696 0.0949849227873516 -0.014107610205285 -1.61990698083669 0.116736480286215 0.889086232732403 -0.0192301972412449 0.0935919727503587 -0.94581858980442 1.18884122992512 -0.930314381415989 2.47395811890364 -0.550721795972216 3.54592570265947 -1.31156670468914 -1.63799705494974 0.534788593940274 -1.63274048819573 1.71982917330889 -0.962799425470535 -0.874519835830526 -1.20749052382038 0.970756028843694 0.402832163807217 -0.408767717021905 -0.889320070288332 0.287510621418366 -0.075481716213184 -0.919271609459334 1.3400143376214 1.12719346075991 1.72860445952495 -1.11232347044384 -3.02966251545233 0.54696142614683 -1.63883850159308 1.410001329183 -2.25667753257304 -0.960247059736056 0.167303249741273 -0.877074306824344 1.04277516930047 -0.494230056888311 -1.61458330275987 1.65996591680307
"256" 1.88727530214274 -0.954104128572079 0.70472275403362 -0.869099672127388 -0.412492025843105 -1.66187072338346 1.30752230804972 -0.497678262915937 -1.02681917666162 0.17618501016703 -0.0275336466953251 -0.327854680065575 0.382209638130529 1.61676011454558 -1.22057233214392 -1.6761447163405 2.27170244994195 -0.545695040379973 0.456360379713624 -1.53892712467687 0.0907491170795178 1.97969481836631 -0.672746011617228 -0.438101504610579 -0.974898623601601 -0.252784758262923 -0.0759612271101131 -0.366769039628372 -0.596103435616522 -1.49491646813786 -0.702421031722742 0.38575486379282 0.827407553812731 0.705611655775778 -0.848108160277684 2.06227597820146 -0.00949536210312927 -1.22621785661475 0.785419054183812 -0.905469644558921 3.8175615411144 1.957689965058 -3.05147087658267 -1.57274664544646 -0.107129145507713 0.156292178557794 1.97937412652199 2.1944279100322 2.23183531204566 -0.376140324502538
"257" 1.83331482751964 0.1893660859355 1.78767381594808 0.0363866344629618 -1.70565012397064 -0.953148172778401 1.94278881494966 2.26969253375804 2.0041725622084 0.191150967492092 -0.702477180977427 -0.655926998524126 0.0204576188407591 -0.221534177896637 0.940917688204284 -3.04387610707167 2.07646387853348 2.17509266510733 0.578736885903301 0.661043097399801 -0.352442638925854 -0.205437637347153 0.270637850855981 0.635116573841425 -1.65967611496389 0.505293073746661 -0.0542150394044486 -1.04748976269559 0.148954145169257 -0.253556363315747 -2.05010513716261 2.78410657323215 -0.16053645403736 -0.0232933340822483 -0.646642412087391 -0.75856515350292 0.893929385557165 2.6747032891944 -1.40870158495595 -4.31708456558254 1.79266601297522 -0.903042459788209 -0.458240270261782 -2.38457147471089 -0.434897086661203 -0.406151572876576 1.02878605624615 0.172074611073283 -1.66085039790038 -0.301173997721015
"258" -0.800305006986977 1.77672117582437 0.899227445027582 -1.96014168118911 1.36819666043802 -0.114901247249648 0.661955563293562 1.56747508803127 1.97511030868886 -0.20686504041559 -0.628603456194462 -1.1691266755312 -1.36851672360858 0.0500248528631985 0.806661616063714 -0.238194920014145 -2.04553026611697 1.49143010804039 -0.667645093662284 -1.61914290226498 1.26952142817179 -1.00170559600704 0.526924374412208 0.119737485619028 1.45917065470553 0.313436483089322 0.512012956159038 -2.63103012441203 4.93928878005723 1.91586388217076 0.490544553562071 0.0948167545688491 -0.0202652639825653 -1.31513815870298 0.590855471151892 -2.30224860532843 -1.59800466578329 -0.416585031324373 -0.155716331542569 -0.436928161040821 -0.598105520036903 -1.81477422568505 3.26356696664278 -0.13489489448078 1.41693912719472 -1.12014678763564 -0.765112106037138 -0.064450433563277 0.828976702055967 -1.16045080155337
"259" -0.961666704925709 -1.93742303784585 -1.91955882584063 0.678474870069187 -0.222911510751752 1.6521320805967 -1.7446446222015 0.108531124572046 1.38010742635133 -1.96134986787281 2.70882240206627 1.72295328162596 1.84623419379361 1.34517875315709 0.492674945969959 -0.996641885835169 0.156004096267676 -1.98954510945437 -1.0391750078414 -0.830504466827718 0.910094034652892 -1.69655297302373 -0.698672793455213 3.30318738811276 -2.01583934769142 -0.147124746726522 -0.495651384757718 0.166369136089688 -0.231469653557501 0.0434098972190281 1.02513873739853 -1.0223787020888 -0.769788993855924 -0.46906500776089 -0.176601108731084 -0.744668406074015 -1.44343374533002 -0.9255958503108 1.40010006543625 1.76454895433165 0.167656973541637 0.196322848448415 0.157247519576463 0.716525469222124 0.910068578052899 2.51073540707473 1.39324512824525 -1.43013001800991 -0.125686847582587 -2.45010053808352
"260" -0.390305319740258 -1.01003373124658 -2.46408271998891 -1.73762478814527 2.13807429336084 -0.609398457465308 0.699017856123708 1.23417394605695 0.794247332275415 0.288918033289271 0.358138119050493 0.77252681851746 0.956398687960267 2.21074970686414 -3.20139420796893 0.821707619714542 -0.247888538335437 0.926224014165521 0.972551620628546 -0.472647308468241 0.138027158937465 -1.32074852969058 1.30398561562939 -0.976762724056512 -0.321019655011551 -1.96155383475298 -3.94995607436694 3.7703933334434 -1.04370481844076 1.91355727561127 -0.574615611565474 1.73377695577467 -1.13019003747907 2.31110001082558 -1.11737503385811 -0.833397630986444 -1.68756633706206 -1.49166500497021 0.557227991396515 -2.8499475091773 1.09717773316032 -1.97463331464273 -0.116582299780726 -1.05892582706296 -0.99079294761656 0.073303115820381 2.05445644627841 -1.45150664803022 -2.67196625066648 -0.962290624294964
"261" 1.86795138727632 -1.07821124509711 -0.275757924893549 1.29299536163391 -0.288610233741858 1.12142745059874 -1.15085089436248 1.18243083550845 0.721381723999742 -0.0610144711301709 -1.58314893409322 -2.50830612422322 -0.356624744241534 -0.507232065855981 -1.01991201452089 0.696262773286639 -1.74299282600068 -0.155010017137929 -1.39593358389581 1.37153221337643 -1.64650749119491 1.41352380895588 -0.771826325493088 0.0552316094945002 0.216199948299526 1.07068463697167 0.62268981037084 -1.81292194920419 1.11425258853536 -0.767677999183018 1.14931482097831 -0.968536199363106 0.684294894263828 0.0234882707561379 0.916338455980041 3.26192719270532 2.8910944212442 -0.61492732727707 -2.33759778785625 -1.47190118840638 2.28611746559473 1.53119377862508 -0.113801285435005 -0.296276726685221 -1.45551311396747 1.47372815681259 1.80014165826507 -1.11066174085143 -2.0748601236026 1.12039670241993
"262" -0.494883817582406 -0.455456252804579 -1.22492853179154 -1.03781103373466 2.86443101376998 1.33677097827074 -0.889180020605517 -2.5171169945343 -1.47918629523257 2.2072806809262 -2.32236919790403 -0.935724087959412 -2.16388068018935 -0.636652252869639 -1.65124642342943 0.226215404202754 0.935200881924258 -1.84776179896783 -2.168282593151 0.672696191100219 -0.700987695108734 -0.239011764371176 -0.399879513186157 2.5490251613483 -0.374439493145681 -0.550377307881585 -0.875291633583599 -0.539391441984275 2.15869653719405 1.94294912448412 -0.599394923171933 1.17033653516707 0.644179498691084 -0.765724419966223 1.06266839949201 0.0963556753963104 -0.634202425110914 -2.20770182895182 -1.71531138426074 1.38075130391929 -0.515405426726651 1.27814802322932 -1.56285109278528 -1.16856575749055 -1.64320307451624 -1.50671692812628 -1.944510490233 -0.399117018818873 0.559631063307468 -1.19646451843266
"263" 0.458450026214643 0.835839043319403 1.69275870908627 1.88725783856789 -1.62571626322395 2.06270456663836 -1.16539340956461 0.525587045868277 1.40260711513547 -0.275968402887422 -1.83248456039123 -2.0063594841464 0.805932391653455 1.66702813029975 -1.02418089602162 0.381197610036174 -0.6673856323679 1.24909131803591 -0.415550845803817 1.1454338236413 -0.502356334186107 0.857248523629578 -0.263067962047043 -0.730284855793016 0.30485306237347 0.0437678004811684 1.27061359658332 -2.0858179978597 -0.129047985040274 -1.55414697662942 -0.39645637347014 -1.48537623427851 -2.22550820019718 0.375275674599168 -0.130944375131741 0.97419861851209 -0.389476895175435 -1.8316361720128 1.11829560263154 1.94836489495545 -0.750474540041932 0.186811148962448 -1.68164912334538 0.71939883296247 -2.56647379909996 -0.910560464812654 1.4407051026703 1.10153262898684 -0.450448494827823 2.05856964828285
"264" -0.755564819810621 0.919473546584284 0.177469342152155 -0.997612639967318 -0.00641764501019454 -0.706193135483627 0.442579689941562 -0.597300050006696 -0.727641153115414 0.600297223251924 -0.436250585064373 0.411874308156685 0.384294641253975 -0.393291855361104 0.984288151085052 -0.916522629760218 -1.49209611588884 1.10707096086699 0.315010845582905 -0.689423272572219 1.89058974311617 -0.0068770731804007 -1.64460581958349 1.08423936853903 0.419911097277225 -1.77885452219845 0.156275693250671 -3.24727157856316 3.44085558326853 0.804272609055546 1.16234157408966 -1.95878737862279 -0.320469146953734 -0.780007972375703 0.892409920872481 1.29657337920318 1.03285579196932 -1.38482762513195 0.268036178425407 1.02160570423281 -1.76739341736138 -0.787170034573253 -0.277312706648355 -2.11545837111677 0.632256426696497 -1.30158499560794 1.26038521836379 1.3780017271539 0.55465242269884 -0.835920866339563
"265" -1.61326956123869 -1.27541077756926 -1.92696825268852 2.80349909655979 -4.12250627537238 -1.71384517289009 -0.483365538005276 -3.29222565931611 -2.94759014003147 1.07682344008309 -1.80167371500155 -0.637574604021579 2.11560179100477 0.253808823972951 -0.574140745411097 0.458632729527749 1.56296138375807 -0.281170504387391 1.59821110152174 1.38768369321965 -1.35304205032471 -0.188199076332046 0.418065263925533 -1.61783737104156 1.53554652517179 -0.75585892121284 0.115962904501302 -0.612980842418216 -0.511515822158024 -0.712343137415456 -1.97812736312815 3.400226709064 0.63266407033103 0.477588869945786 0.425694379305242 1.91576902908727 4.57598977274293 1.32716157985227 1.29605681939702 1.60272145949353 0.308489476854906 3.6760844059868 -2.71393594943618 0.933457448013263 -0.951168439080713 0.36598475708906 0.178329727693756 -0.595824076161521 -0.494711012784025 0.998458035934982
"266" 1.17581575656943 -0.273970598554151 -0.880179138202739 2.30051135455673 -1.09506475435601 -1.77331445883396 0.74353523384064 -0.736857362772333 -1.06399277697746 2.54587259387283 -3.74169774034234 -0.216944553523388 0.165294416919847 1.28315530791323 -1.37435090228184 0.890296701168488 -0.643386189799149 0.69894406339759 1.33557369770969 -1.46294264919016 2.48401189231919 -0.533533130955069 -1.18177513366971 -1.37335636010468 2.38171219149183 -1.46291444813838 -0.405898302167133 -0.186970431986371 -0.747722436570039 0.311374766620052 0.681837329880819 0.419730012656505 1.50035897563937 1.24363110105233 -1.51428181863468 -0.354844549654751 -0.411479916857396 0.892756725132364 -0.72342797502211 -1.03766577838914 -1.32069790287822 -1.32118327363598 0.363246720381665 -0.367185766184581 1.10188617259187 -0.508175687743135 -2.73296240954713 -0.37918406711193 1.3424006999766 -1.02759971238283
"267" 0.293490550931717 1.08012507373303 1.21117495792865 -0.143896822717826 1.64750729982078 1.9673717788759 1.08764659499113 0.379301355844312 -0.634897321849779 2.3076165621613 -2.78898879075797 -1.64931569321457 -1.28932352543398 0.525493495797006 -1.12012312607312 0.797518987260052 0.643954800251203 -0.346029109188889 0.909106117288411 -1.03079740438734 2.48698726287727 -0.534241967289764 0.566647910469763 0.285306829131776 -0.894886353967946 -1.13263256626252 -0.691148660378305 -0.492407553283312 1.43041310617453 0.688703198873768 1.47634966266813 -1.12556183322661 0.412741279330314 -0.267907586209048 -1.87705305562906 -2.29168700547179 -1.48430719804973 -1.32392029482491 0.190199918864166 -1.00653601731444 -0.669679665336934 -0.7947716548931 -1.17990537210424 0.30532022503893 -2.1381881585192 -1.08152385862126 -2.48569657045528 -1.28223098684035 0.725470543701164 -1.0738153852095
"268" 0.450395584147868 -2.09047178997068 -2.86008223519049 0.0725304794984056 -0.96744674738223 -2.18239734598021 3.48979675610732 1.75085281873048 -0.52401881109983 -0.388988097244752 0.438896801503222 -1.85629782601982 -0.582854315315794 -0.122615404662721 1.02418155710954 -2.11430785689131 1.82074268197605 -1.04854025026907 -1.07910805127042 -1.66470165554313 1.70589456653944 0.535387464359628 0.190013451923795 -0.502171962171005 0.800542806929672 -1.91235459129904 0.128237265631 -0.541886176730267 0.315092215145399 0.777047951814434 0.88728605405992 -1.33005544687655 -1.73049684362167 0.958050020819132 2.37420466827937 0.108598542757971 -2.93512430837507 -1.80553679786289 -1.5207345798059 -1.72039944973671 -1.47744238282621 -2.45702779756126 1.26636698385444 -0.558334905155479 -0.61595257323283 -0.60294302526064 -0.37962667109159 0.450324034342899 0.134869510552006 1.49936796900375
"269" 0.434120638984083 0.0937879385416854 -0.175951187668729 -0.0937275603904135 -1.11618615895086 -0.379508135353876 -2.14536411197694 -2.06945488475909 -0.750147214182313 -0.582500807268509 -1.2682647364007 -2.22249642363046 -1.9654290355103 -1.07336020039798 -1.76530133616616 2.33839934226187 -0.916234401477603 0.325299628847976 -2.76330920346137 2.32018978043179 1.03645772710535 -0.549925276064045 -0.896972775614397 1.61470610254438 -1.13452036567612 0.535873286017601 1.40955418262204 -1.38207363653917 1.55481849779376 0.767324695148609 0.0353758678313918 2.82309797453703 2.73716632711765 -1.84803555229386 -0.274596843544301 -1.37691496236936 0.855437458516839 0.333046309953633 1.7153053168746 1.34325887978763 -0.934428619421982 -0.999413163915326 0.147746882856278 -1.02435990546698 -0.342645918377593 -0.837898846336333 0.262235639508131 -1.10273256779656 -0.798614240315906 0.452751681007328
"270" 0.516819355243248 0.861166930759943 -0.672130211123191 0.985093872103202 0.217727634776306 1.98604092651045 -3.90735834574903 -1.67069004739695 -0.244741930678017 1.84757630297926 -0.433595956205739 -1.2081205723052 -0.792232787284882 0.386541458697139 0.113582832751206 -1.24046430015024 0.42969680048154 1.16923711491055 1.61224889638714 -2.76328556607864 1.59730777846403 -0.277200178509191 0.726711770291921 -0.985912798686823 0.601806862194516 0.0748756825509916 1.12961553823769 1.10036776375505 -0.374900183887193 1.52456803726539 2.00833742281995 -2.79305655458704 -1.21207202478332 0.26899770997592 -1.14081617479385 -1.54935568165963 -0.461930850994705 -0.61091607552946 -1.04933393198891 -3.86726316704776 3.1004976396726 0.326361160935622 -2.20183641152689 -1.20409810649683 -0.670195449701522 -1.0273608820355 -0.57028976590499 1.34810051593816 1.8127199537283 -1.28896192328585
"271" -0.171259343101626 -1.21141584742181 -1.17878619701724 0.71036636740049 -0.0323798077405319 0.712206428220346 -0.812343084657498 -1.2049730801951 -0.102368157481353 -1.33161294185503 2.00001041502251 1.02222103209403 -1.10407007771624 1.19401737042578 -2.03724247087391 0.32359844642817 0.157682716830317 0.0268301792584395 -0.0366073739942774 -0.504918477051892 2.42183084992425 -1.28717003127493 -1.20432661034787 1.08550465575677 -2.53161161127744 1.93485980470822 1.04977072487194 0.506981716768943 -0.291343213392043 1.99702305576958 1.45755372563009 -0.65489737788347 -0.213088480748168 -0.475520742727754 0.28635140772947 0.476257767161495 -1.09477001165062 -1.22446023245827 0.5077583641122 0.0400300059596831 -0.36239581929552 -1.98366733600695 -0.523856115438459 -0.512413545234421 -0.364891176077218 -0.054909838860965 -2.30444630043097 -1.71476037014518 0.0146736678687902 0.620480866336272
"272" -0.164112276058051 -0.320463394663866 -1.3765115238478 1.6637386666892 -1.37666874385958 1.92839696419903 -2.59267915066025 -3.32530881088542 -0.875703835990094 0.48572563538983 -1.96370795959264 1.8606770386518 3.6394713872148 -0.677383500609709 2.09575191618197 -0.970511862050952 1.60523360019688 -0.0012768570302109 1.03896527011246 1.19362069267891 -3.27562523328525 0.223274006748817 0.68103286830589 -1.13279793966679 0.201129302359616 -0.664151535938806 -2.25983450697673 0.783773771552254 2.00253834765764 0.455737135915295 0.770359072834177 -1.64568482887242 -0.158694422362125 0.445329966558002 0.271048710610672 2.23742054886276 0.117073122996881 -0.907326052684627 0.123296917592936 -0.344113834058678 -0.091147719391655 0.5078120529035 0.370773920172517 0.858068964897241 1.78642804993147 -0.964833348521025 -1.2425492418602 1.18137708131024 -0.215289584767875 1.02944439023911
"273" 0.454933747845458 -1.14207846716871 -0.43372419241267 0.594049115175782 -0.90923076894611 -1.35934100303413 3.49356156956228 2.71703552442385 1.79696861322084 1.3872916328467 -1.88278819536983 0.443602881648978 2.76087078097138 2.73973410194084 -1.62043782952269 1.24437043525992 0.225740717651037 0.575423777717216 0.748995245733931 -1.71841243534768 1.60770146417544 -2.29736909745124 2.67003914631796 -0.237399439241561 -0.513394744969968 0.113561662959427 2.07798895482372 -2.92415228040961 -0.246009406163208 -1.13241219294181 -1.62438336699826 2.16966704435262 3.20205113230736 -2.88175670575154 0.518963199593539 3.11442907238781 4.73270626498114 1.18896681043771 -2.28055441421652 -0.977325178015928 -2.7991374007314 -1.53335646249876 2.2659479127367 1.59552443541449 0.501370019618228 0.79141534112924 1.28354917156843 2.97319433655439 0.763409670496208 1.63269497739246
"274" 1.75398263818947 -3.06595113021102 -3.26946686026369 2.67790964240767 -1.86474350736946 -0.274536865515072 -0.171469791140139 -0.17538805713054 0.812260485731318 -1.23682235800148 -0.293515894734457 -0.641377355718425 0.253735767571331 0.837467731553074 -2.63027119748933 0.691397793346522 0.95809154561165 1.20919732916853 2.34647549180144 1.25281150418351 -1.83974130779939 -1.52625549845717 0.25064745805133 0.750257587471073 1.52257682248342 -0.526951446285334 0.516291272295885 2.58437489689583 -0.833113438005911 1.03544248646909 -0.329566106037083 -0.149402704824804 0.300212446006309 -0.939234703816288 0.50995669162683 -0.334838999618098 -1.17725122198254 -0.0102852859383157 0.86932814023737 -0.723082213018837 0.989620626283815 -1.16891415199377 1.11248911662428 0.158933596761018 -1.4255515642749 -0.520568100136243 -0.0466080557035653 -1.01568806635657 -0.016746414936189 -1.03480396736785
"275" 2.52742119729882 -0.188906075057409 -0.844205871401253 1.19970668080722 -2.03923379737857 -0.15437877911356 -1.30079243399034 -1.10955227381547 1.14947015526025 -1.65584401148242 2.28030314928487 2.01638950834323 0.902951975878315 0.13759423906596 0.773766060174938 0.265977572839103 0.0600703524153264 1.21003675640201 -0.0466005488491015 2.21721121617262 -1.92664076740435 0.203190291660928 -0.387631978024736 -0.587145902300913 1.40736667405116 -0.767893766000309 -2.29389978471629 2.06469310208581 1.39206501986444 2.83538288546094 1.97084342766165 -0.734500932168195 2.30476858878994 -2.61599871901333 -1.85514734629535 -2.06990269509444 0.688370046110816 0.359756260747654 0.0155933959359092 1.71278135507917 -2.77368188750349 -1.24999045672017 -1.32353246613305 0.4153894742589 -0.491455351524375 1.36678990199859 0.987214721602318 2.23474922092673 2.22887076361158 -1.86193679135909
"276" 0.870202550418249 0.779285325367907 0.734684001522091 0.0866522220986946 1.34903334176107 0.0886950161763232 1.17561643594218 0.854820127321111 0.768470164881121 0.312075031240826 -0.304043490372292 2.4159127539193 3.37498461877044 1.03170826223335 -1.07698571364561 1.76020997844344 -2.48885073565 2.37490223346708 0.357844480008573 -0.398552267477862 -0.990291679912708 1.21877805119801 -0.0801386904179322 -0.576792323373301 2.18568093078756 -1.73909191918663 0.0261268547322 1.01215177451514 -1.70987392055773 -1.26353024227442 -1.29456344759339 1.54817810801762 0.57223824339202 -0.653195700835416 1.77469902325468 1.11763131278851 -0.387413067240683 -1.96772038750341 -1.75808885169853 -0.183217858562723 -1.44825449136195 -0.585118412109438 1.96856651631097 2.6576510780446 -1.49069103245137 -2.72821233347363 -1.70948857635046 -1.32365008846077 -0.905927185306817 -2.24492656525175
"277" 1.42288833908715 -3.22466014340996 -0.857287450649172 -0.721493975514883 0.450239286760957 0.0337484053582669 0.422516539821076 0.635033841266001 1.75602143183603 -1.45761851354897 -2.22044467068411 -0.063598199974229 -0.32364971336136 -1.77002278950716 -0.981998429684153 2.06162828665428 0.124781400626243 -2.01673829296867 -2.52345413149186 1.69452992017859 1.25505464866995 1.08243953666466 0.745760241816978 -2.85750554024422 -1.06075531476668 0.993714851957568 0.399872928478572 -1.59993889816276 -0.735399116124501 -0.661352282670562 -0.774413528020158 -0.240233643519118 -2.16749889180364 3.13845375453436 -0.391904586455166 1.33190086707692 0.402431052536578 -1.17567189547872 -1.27741621067134 0.821541187765657 -1.00237639908768 0.636275061804794 0.178758493417082 -0.301877037670542 0.0929517874458013 -0.141987451783461 0.659910911605764 0.933179829171024 1.61318398062291 -2.99648938818379
"278" 2.08392479106159 -1.67248433075704 1.05819851553022 -1.53197169948213 -0.889996388749331 0.016150277659012 -3.48495302034625 -3.14967945673705 -1.00148514163526 -2.73074807467277 2.5326848955976 0.702552472590665 -0.508519453291405 -1.5843725064974 -0.995677762155149 2.26464597639545 0.435419962517798 -0.235932754961999 -0.405249267233934 0.135826476357253 3.15562062094674 -2.06089953285045 0.712110578228981 -0.756599121016388 2.96031221433414 -0.124592073751324 1.63960293824739 0.696301994801614 1.27007627434471 -0.443928262059542 -0.565132035848284 0.174704757998854 1.6317557595981 1.51070952688161 -1.456915519174 0.331402928909212 1.05718428956079 3.2082675493182 1.76127852019098 1.05385082012584 -1.09940014423887 0.929344871727683 -1.9461344576977 -0.116175436902501 0.94148933980058 0.590647650985574 2.79724888385258 3.0026752357747 0.181694758389783 -0.156083788329926
"279" -1.92529980840908 1.30471419812362 -1.78913929454922 0.454475858062185 0.0941322654715221 -1.16004027994062 0.00794933510925357 -0.603498245840145 1.7466870399065 -0.0939759866904351 0.264612877916839 1.92564251793448 1.19951061505384 -0.173162127941867 0.516186305038423 -1.61082180760357 1.42038327354067 0.620865277992471 2.51213473054377 -0.802238504489334 -1.78025377041567 3.11906446243327 -1.12190470404148 -1.21836658067274 -0.0729901002445298 1.29850592059058 0.411804151461418 0.428054018327653 -2.02972831885868 0.577807386618197 1.85445362835319 -0.144304010205167 1.18620322137575 1.66845870346877 -2.12869861410713 0.139732004803663 0.263296357140022 -1.05085070323673 -1.85510241823545 -1.50358870977567 1.16520739670378 0.404057887513611 -0.939944453274366 -0.726718251473139 -1.9193171500787 -0.976172231656304 1.89475629281964 -0.104478197088945 -0.251216790753531 0.073732509187677
"280" -2.2222167131872 2.18045656894188 1.05907271266706 0.206246030436848 0.353730010802359 -0.173070126181448 0.317540813957968 1.06769234667176 0.660525145537859 -0.286809298445482 1.89184095373037 0.67162409808756 1.38395208136167 1.32633721741623 0.086783181699908 0.056725447182821 0.673179070105497 -1.29515620994125 -2.33058379761742 0.120206249322073 1.67703185220727 -2.40978649699156 -0.340636283248044 1.53465426564201 -0.403614311434104 -0.956279633159064 0.0818420717787363 -1.23605958167877 -0.203933941713755 -0.053127535083786 2.89173986711791 -2.78102116448654 -1.58208119445352 0.712712517126044 1.04204085869974 0.502704427371592 0.247522942395193 0.733334462255668 -0.27644459980461 -0.827487919205931 0.948657967883267 1.94466571868219 -0.276183520289349 -0.907521515786479 1.61049792660872 -1.87733462449495 -1.88691422849284 -3.17031399498466 0.0274974212646108 -1.07451232978953
"281" 1.54547820712724 -1.453843050659 1.13041904293666 -2.41438673746705 1.3979669126228 0.168643076398934 0.356683443170824 -0.263623847422862 -1.4414898690786 0.657734926535971 0.347715038909836 -1.05748955674117 -0.0136072450077049 1.08179175502665 0.274788165139624 -0.515248983647707 0.658281636650973 0.0607608647311284 -0.266381205503665 -2.39762496796323 2.76900915444385 -0.645945346270345 1.2844557363486 -1.55550188811382 -0.479626128346889 -0.0335540943841058 -1.16542926109187 0.423144106261706 -0.928805888357365 0.365362609531175 -0.317751876300527 1.07129406077384 1.44876303480404 -0.462363105598944 0.554616415659933 2.05596020763913 1.43349684086185 0.117312296042892 -0.828395807322712 -2.85181443022545 2.60357477502813 1.03154483903428 -0.872077394835654 -1.60056276294509 2.78339619857026 -0.461521589271885 -1.06598551777466 0.344578221945801 1.78484197876891 -1.33845622147605
"282" 1.61771192928112 -1.71443689313617 1.53824145684111 -0.745215524802425 -2.59348487560884 -1.39283234323676 0.505068071875873 1.5901521425808 1.00479159122209 -0.618347159981284 0.59024701904796 -0.715332354163963 0.110110386698151 0.935056761407892 -0.82847596105901 0.198818997682541 0.242860744507323 -1.12214198673482 1.17593240572128 -1.34281821330583 0.747359079134238 -2.45664278509807 1.891332912094 1.06467652585885 -0.801214137914153 0.227213894645932 0.718110311197641 1.0486023859871 -1.89447064186507 -0.87958304258161 -0.519572470507186 0.954622054756692 1.8331397427926 -1.32574721758991 0.454166057718668 1.20610285114562 1.58691004374473 2.67006971167928 0.794076779079285 -0.195931368746801 -1.21996495867575 1.34235125465823 -2.85998908028415 -0.255164558206917 -3.37179094497223 -2.13218818626866 -0.103739818270036 0.229520731534242 0.771194713389625 0.386967779057891
"283" 0.892960191105105 -0.0534546763097692 -0.16621714790106 1.41635731881711 -0.0293634133630442 -1.25338547139783 1.79611687605944 -1.86323462147331 -2.56979765393236 0.430712911384787 0.36339669995716 1.60639205697322 0.432935052160385 1.4750570744588 0.0450190254361543 -2.36241401802874 1.5003936861352 -1.64549881651666 -0.571209795611745 -1.14703452038786 0.594067059521179 0.638528880161207 -0.430366166750329 1.39470214597381 -1.2210145274155 0.249540079287343 -1.40082109049612 -0.752883087771448 1.73626779857794 -2.3775510199538 -0.521179460055609 -1.50543977373412 1.61306615886952 -0.0529556186354997 -1.20015078950798 2.23768559311206 1.60598887869871 0.7523254776574 0.902190412452535 -0.986086036810207 0.178334237932149 -1.36030805998168 -0.491432695766615 0.428210278162373 -1.52305061193969 -2.39182971236758 -0.331139763887542 -0.362637088700067 0.469433200393086 -1.47851818991411
"284" 0.786449109893451 -1.75920546385615 -0.0063060131208973 0.685060226149555 -1.31819394829697 -0.548496812085725 0.165966954819253 0.881580396225253 -0.725673295283884 3.14910563097083 -1.66183849669443 1.81144757469475 0.871929253034746 -0.496098273801564 0.143124625459173 1.43014078924363 -1.66233578949562 1.36885710783475 -0.349891719828312 -0.188305528540427 -0.13462730821823 0.348209065488004 0.67102079793934 0.310866059013495 -0.641104583839612 -1.40773870739389 -1.92350995546468 -1.48466339510402 3.14003000883301 0.67022581504407 -0.90295352944099 -0.239093710493655 -0.726134805106282 -0.539989578127557 -0.143732314729757 -0.973859524853014 -1.38314199074702 -1.5921006489419 -1.37472525982188 -0.403750666802148 1.75397702816645 -0.251232460295567 0.879737614173216 0.937914029983745 -0.55097603764158 -0.443831092898097 -3.02431247904989 -2.39780035545826 0.0941215931211629 -1.38822504699202
"285" 1.48762488573547 0.514754707800044 1.82585101509243 0.925993844949953 -1.4390869904028 0.53373605393066 -1.0543178220963 0.191695703303669 1.49148819140425 -1.42342990440198 0.867409338074077 -0.372355196741389 -1.92401305186664 -1.47360408856557 0.66924479718034 1.18794661448773 -0.015220483402384 0.0189306561637225 1.0749075058764 1.3374161029908 0.0641602655562492 -1.49443391685572 0.0823601191977304 -0.880381496536885 3.14285733179866 -4.36231534730103 -1.63898003753227 1.61341112269414 -0.440038740694525 0.0587356636624971 1.56149966833953 0.00594695451079201 -0.00611596534067058 3.87274690046262 -3.24198421647208 -1.27475395434715 -1.47129510662894 1.65740822580741 2.44893484928614 -0.440094668466688 0.753045275097364 1.21431966523783 -1.01637230332055 0.527864604957032 -1.66272173480314 -0.411638409690227 -1.39359278449108 0.660220160763319 -0.415675823158878 0.575210883643354
"286" -1.08032977545594 0.720065487505558 0.622470435472156 -0.00543589488191933 0.745806168635838 -1.46795209682264 3.16214279807678 1.18752547726436 -0.126288486023363 1.28145958999968 -3.07518085173871 -1.50842903841932 -1.25756515804565 -1.13487248959378 0.862709919024792 -0.136768344941616 0.221450176100816 1.02745144502179 2.39696765885536 -0.719452367096511 -0.34711924300742 1.89327724505423 -2.42857224489327 1.04621685441379 -1.07534149487695 0.736433714666249 0.905171505151805 -0.0839172642221186 -1.40877102718937 -1.54840787106018 0.186468483064181 -1.60591870989638 -0.699058137842762 -0.52986363404959 -3.50497095976712 -0.896952063478817 -1.56411548742177 -2.38174628288472 -1.32734287565521 -3.35536670178119 0.770705108500138 -0.482145928932534 0.203519783497618 -2.04689441628168 0.680254822754406 -0.452844514209415 -0.118904404872386 1.74741836123278 -0.800237521888676 -0.020837592841758
"287" 1.76140484156262 -2.22042349768039 -1.08754887850233 0.148190815158422 -0.150928758181255 -0.851933340625078 0.898284935707163 0.758887986578023 1.16396982681546 -0.721552588042289 -1.34882414713337 0.603258966509186 0.0912539641588471 -1.84625869313802 2.09609306709551 -2.66566331151461 2.1442886050248 -2.89113594001129 -1.15860690326298 -1.31046663732115 1.43248528109674 0.0471838782809564 0.09512827983108 -1.06054620374411 -0.823909436163013 1.40515320054529 0.0221399529974724 -2.32129353865806 4.79541185578378 0.414976019940677 -2.01358804980295 0.167679311462062 0.268311147476421 -0.21280727471293 -0.0280586315488712 -0.410431764182025 2.26846530484613 3.25219799522243 0.0929244862764215 -0.744329403570423 1.75167535612499 0.371447791390641 -0.381997397391018 -0.330592305196363 -0.723362446566979 0.09401013424655 0.518729284869762 -3.15950883037726 -0.767272118567273 -3.4079968988468
"288" 0.738440096150776 -0.662234791877042 -1.07101425824637 0.742700565854094 -1.67339242368801 -1.49243236493204 -1.06951614585201 -0.596393638256923 0.245478257955952 0.988080659718058 0.829489743928185 0.835830155830314 -0.899979947996367 0.456968988209214 -1.38576272378285 0.0538525334865262 1.06586913189509 -1.99734099693483 -0.68748705367199 -0.495136545107557 0.786014971694666 -0.228370185446248 -1.54228292116536 0.708426855077704 -1.69833339996006 1.2608856814071 -0.329760096744619 -0.527695525504785 -1.51439859356126 -5.18777436240023 -0.134500754735261 -1.5836798881956 0.305663922964158 0.194352881865 1.61717407371583 -0.0903204454420561 -3.45423853106947 -1.90908011778596 -0.270915630994307 0.569127758209368 -0.630214531617993 0.721343931671874 1.05643334366971 2.69287418649666 -0.750950109217029 -2.24243822667628 -0.739718012653136 1.52221772592187 2.04728007719286 -0.246468907807812
"289" -0.499212587646631 1.70286566524206 2.92862871707709 -1.28750958751729 -1.28649125556319 -1.65878727779515 1.36682630190015 0.93265129230748 1.84436758451087 0.397296765908621 -2.27666675066393 0.857701381424183 0.944666712642662 0.113079515239999 -0.041296404275 0.186155325785812 0.521355347164795 -0.0136168897055868 0.163129624211166 -1.68132746124324 1.53393533574069 -0.64295316694596 -0.0635709379126303 0.979851411532301 0.233998985640998 -1.58069638875335 0.0319871660584882 -0.764946648554904 0.118702421910102 1.20217950054484 0.756901466432268 -0.554715501599897 0.265254255016148 -2.11022290271131 0.529495711612286 -0.423181201617098 0.587987302676384 -0.270049033750988 -1.94174665002365 -0.759283885473249 -0.968442615577044 -1.18698287698918 -0.232576419671352 0.603689515832929 0.238304977870767 0.110172569122939 -1.71996513582846 0.471114757143614 0.940904990020587 -1.89296990757089
"290" -0.153047674061271 2.11366310076033 2.34039258629751 -1.63264755877864 0.784131463599881 0.313960873216416 0.530439178507848 1.37814815836121 0.382509488924856 0.747584521712656 -0.929600622574541 1.46833173509042 -0.168718123417569 -1.22212014330324 -0.923293258915141 -0.912925898566075 1.19362489690848 -1.23917642457841 -1.71431370404643 0.537019873092667 0.133935692870232 -2.71212074667404 1.14065945279556 0.298522216663414 -1.31639052153851 -1.40611178392137 -1.83867923683173 0.664248939680072 -1.01006961925079 -0.683754357600398 -0.336571053729293 0.698376191723815 0.337935167830235 -0.0280540656787269 -0.946450853210074 0.951852568459526 1.52582927744574 -0.911381269880842 -0.277092163995447 2.61668258812027 1.76071853125419 2.15756136864422 -0.12697962919491 0.785378434475126 -0.64947857161228 -0.704374867446085 0.0966544581650448 1.66235678308389 2.0371926180863 0.460777047571125
"291" 0.190092603873954 -3.01096309659283 -2.47394468299602 2.33292986712496 -1.83180696990568 -3.17216609930524 1.06524476813261 -0.666614050259504 -1.77787933708054 0.916232451470341 -1.00076888648221 -3.35807136369383 0.672943577693369 2.64914480429796 -0.746887264130582 0.601121135863922 0.180592753154602 -0.520473360168499 1.35634728834436 -0.28234021273423 0.145796377408211 -0.127236203015269 -0.321955891759952 -0.405944121820788 1.87269886902818 -2.05360642812652 -2.58388789434017 3.72671025768688 -2.54714473469613 2.38904705060224 1.0581923441263 1.91253531142587 1.53402591114577 -0.594992329594663 0.517648122657087 0.15986602041002 -0.636212830903607 -0.365492042519367 1.01981036691311 -2.17233108358888 3.44517115907025 1.42518319706316 2.43135681038245 3.85058385876645 -0.546861063212955 1.61405787837782 1.28490689387092 1.78411029193512 0.085572236588249 0.66302253176703
"292" 1.40770267162722 -1.26028421982964 -1.57094034427608 1.41228284295507 -2.73643220056074 -0.960412400898514 -2.42714799866924 -0.994075379351609 0.227592127451958 -0.957106828713587 0.956597396299181 -0.57947979019589 1.12527591755491 1.96699961412676 -1.42158787438885 -0.383716835061502 -0.245231815048164 0.553644605543057 0.144087517382421 -3.84614561560646 3.24554387771153 -0.224747330766465 -0.317894589204919 0.536971506621968 -0.111616193992495 -0.396507045179923 1.1828968618569 0.190607611145337 -2.63433037428747 0.0551278837811705 2.57872214140632 -0.21979874410325 0.790381239160536 1.89423401763714 -1.76259272620471 -0.96666989657321 -0.21613015392108 0.297273755391762 1.91344272345964 0.744515339061526 2.44092144250561 1.15703981576472 0.139882145253577 1.07173051066783 -0.265823814251871 -0.496519301120358 -0.719676949908799 -1.32205016786562 -1.40142824043937 -0.540515414454598
"293" 0.132910820624864 0.411340822848319 0.794923766254891 -0.136433880625467 -0.936610224681531 -0.0508532498387649 -2.00488690526361 -2.52163531170382 -0.100647675725357 -0.930594361243279 -0.602895175214681 -1.55922499988704 -0.146530183194768 0.229779939885479 1.03274865426067 0.244110449400648 1.13707677248235 -0.169431318640986 -0.588337152251094 1.8708246184243 0.914186939249189 -3.27178538398679 1.85617605623542 -1.08972292587366 1.29012871068395 -0.694834248203123 -0.404011780998897 -0.432674045084775 -0.344328197093437 0.258651503581363 0.0858083987105428 -0.398270699662616 0.681872740623636 -0.311887121361458 0.876760186494617 1.84342816179426 1.51909317899968 0.142854560114392 -1.26106672101301 0.129036728881086 -3.62582002931185 -2.88877594980413 2.30507771450666 2.92288541460507 0.393949124138616 1.28907826600757 0.714857472192061 -0.371658474454413 -2.0613729765787 -0.246309387827926
"294" 1.23701378206552 -1.941886472047 -1.76228024639513 0.449927969756727 -0.288169281085021 -0.75846903953052 -1.45765778321668 -1.41851570607516 -0.27631111097111 -0.0873058933612062 -1.15690122447858 -0.402098139932376 -0.946391351912864 -2.45578199604918 2.84912660777812 -0.958110018173804 -2.44927789825989 2.20756816970471 0.054340898393137 1.58620678782506 -0.20874468712391 -1.72304056237961 1.22989704393052 -0.316769128831231 -1.87133007531046 1.58553903991517 0.724029493940499 -0.9643491612418 1.96269813634437 2.97063772150141 2.22342605256527 -1.01994260749921 -1.31636079788549 0.767029052895464 -1.41368291969548 -1.339813433828 -0.137341278392601 -0.0339964033431853 -2.28293594237724 -2.57986991203489 -1.70988719699065 -2.7228638910212 0.331870564158153 -0.188179031995783 -0.226427366882684 -0.217962042920972 -1.14132482072222 -2.29791773554409 -2.28884316172193 -0.571206578924236
"295" 0.454188793837296 -2.32184194592143 -0.520606761936159 -0.40095915119913 1.61089672112188 2.10167064693908 0.482668372895187 0.344277606342643 -0.528695547454297 0.738444076672312 -0.52569272806867 0.790899325404044 -0.690409331188234 -0.916282702912106 -0.0355878027804046 -1.64953767569017 0.614546714528593 -0.433035181500883 1.09361893654015 0.0723126991209431 -0.487650862260848 -0.045191161390738 -1.74643540677611 1.58471701322388 -1.47995895240657 1.1359782681648 1.30289131475925 -1.98904290402469 0.0658531019442614 -1.47401622737455 -1.21608551984288 -0.214668117376068 -0.979373219679334 -0.158648604503982 1.60095763275351 -2.37777385055836 -2.36839984095152 -1.96794561852448 -0.366259354364434 0.644718600057591 0.534939698570194 -1.21992288706473 2.74110280204007 1.77366821167212 -1.70999552407624 -0.961313022315129 -2.67330104272198 -3.01144816638605 -0.461466948611471 0.792611850462785
"296" 0.924009638789918 -0.186665042798477 1.23349296391212 0.385754122478496 0.152101471537524 0.322738636840129 1.55909116317049 1.38212053707692 0.00370390371892722 1.65892658423158 0.387011433677179 2.35256870128532 -2.13911243826072 -2.53690239194298 0.227857672851591 0.0173682412859961 -0.967678280619799 0.224539860738885 1.20481470953835 -1.48503252228949 -0.696353303350015 2.56717193967862 -1.52692402646595 0.32725634435053 0.822442815802879 -0.627174270400253 0.895512231302525 -1.64691375904414 -0.196626033923554 -0.671501940173619 0.170291438205306 1.2596950754829 1.67666288850432 -1.50815890199842 0.327462479328154 -0.089691298011603 -1.68536455542681 -0.913387423053164 -0.609625959697973 -0.239519751812789 0.00722159499768821 -0.799846852180793 2.84550698565686 0.662743398893714 2.41441401012587 3.36670747543471 0.821203070136065 -1.52462607320842 -0.664040394928325 0.465547086068375
"297" 1.02611900088162 -2.39834614807609 -2.1886738103863 1.46520275246371 -1.6860080674826 0.355695935888422 -2.44954601213223 1.33302189261065 3.09941571716471 0.22087949778813 -1.47689259483693 0.192677274986588 -0.271351830223504 -0.302210374900583 -0.362048183857861 2.60028960258109 -2.26071775410375 3.180095524642 1.04339619660091 0.29516775380971 0.471893334285573 -0.380414283970995 1.56601088363257 0.122547815221675 -1.13188640869449 -0.0228674135414848 2.15232821836087 -1.30397769839293 -0.519076329585011 0.325043885956962 0.0755757898628687 2.41286953405934 2.24005373777415 -0.832110572649129 -0.346437276568843 1.41049918487815 1.90263839175449 0.80655038622627 -1.39983774528566 -1.79539960722866 -0.983582334617352 -0.863098067895319 0.404323021155581 -1.77370315985177 1.99559159085679 0.748078331639967 0.593312067087023 -0.126008073075108 0.222024861375978 -1.21928317263072
"298" -3.57993495066517 3.04731939492525 1.5600596429495 -1.24351301189134 0.407714251284955 -0.0341405987005347 -0.241946089800249 0.367961046154196 -1.47201681378705 -0.392660176284867 0.0877694507490769 -0.55488749274123 -1.20335323518877 -1.75227301005 -1.76240483804355 1.73971406967125 0.701439424114477 0.353397955700694 0.629197479218994 1.21977885346254 1.40249492876737 -1.03923339757604 0.105501502643564 -1.27509650734754 -1.05699719159016 2.22177310495306 0.547858559060778 0.636047592336556 0.250904489452197 0.457332552351082 -0.293645995447697 1.52655971359864 1.45165199795954 1.58846827705312 -1.5492623446012 0.133880255445226 1.69599853379124 0.81109661797423 0.610588956365946 -1.63696321793033 1.6776500996201 0.198265251729017 -1.49953763330687 -2.00884731159385 -1.70012802076525 -1.18086353414418 1.43216515191843 -0.388881970993982 0.398445848746968 -2.7274809774187
"299" 1.35286543204166 -0.253175076943909 -0.664860424266217 0.992526539831922 -1.56457580572557 0.655162416911568 -0.419476293941122 -0.69363400309082 -3.3280720944447 2.14748996226641 -0.106271082635025 0.740655440319416 1.45597664082321 0.6700296442403 -0.336851302631194 0.279482464884725 1.69040891786212 -4.80323591871746 -3.345004000511 -1.01480232506292 0.990029146632592 -0.917380864124981 3.67363725434821 -0.979561393290423 -0.568816455962283 -1.13886091198144 -0.120119519890352 0.476457688605203 -0.911694178253533 0.608276366117387 -1.4235112139722 0.331044905562646 -0.165049045350946 -0.52252701263687 -0.255604595149224 3.42743224664536 0.998697887550647 -0.492527700851578 -0.390946225582534 -1.82842763709383 1.48014015654624 -0.345635543482977 -0.864329628205118 -0.369309382621183 -0.610994103097573 0.828486951144125 0.0950114908548207 1.08679897038169 2.37185258298406 -2.04265712651847
"300" 0.569041113222184 -2.76581343225926 -2.38521338483535 0.293555693563584 0.411368005333853 -0.400309332830123 -0.572032385078526 -0.219634617369848 0.982599275821687 -1.23556883002267 -0.181574704113975 3.14565272637856 0.76548614426407 -3.02888121223173 1.4545555497883 -0.99879306628734 1.91603905643061 -1.72065034072344 -2.51057785922793 1.42548619989033 0.529968331566168 -1.1078292172517 1.63041484315222 0.676652662288911 -0.842787610967802 0.104294137414363 0.51228436014131 0.36883235237049 0.823487555664101 3.18886570283342 1.42274739874093 1.21180655075097 0.101279688872215 0.218010656478957 0.184517848308126 0.698325101583357 0.551958226901928 -0.859888493784164 -1.7299980876632 -0.188811896605092 0.460705642238216 1.66707740552312 -0.71034742056483 -0.148476108348528 -1.00664808410813 -1.27294576113002 -0.850824093163959 -0.63996319693689 0.642707505970314 -0.409751063327167
"301" 1.2016303589853 1.79378338498278 1.20408639729779 1.1810788214897 -0.973915322674926 -0.9712736602586 -0.346191732693341 -0.468646220190789 -0.111936264085753 -0.503941114738453 1.03711552469116 -0.542195341209356 -0.92887169595592 -0.0257451881796777 1.78002956546892 -1.76438216224049 0.00486234505985096 -1.13923318654029 -0.466174427394709 -0.55719880424428 1.4956691485059 -0.476466278695986 0.0645963543553011 -0.0370299553333495 0.36574436767164 -0.820946435796707 0.248252953679937 -0.441446493246176 -1.76749955755467 -2.92897256284468 -0.990448210387273 -1.03782981746024 1.07778093254184 -0.879452551307963 0.345273827627863 0.912294564763846 1.32149853234087 1.48955778699745 0.791486877994161 0.181361261929544 0.38402134317693 0.161216651966821 0.0340949664478544 -0.483247117870492 0.619268139979728 -1.10215338614217 0.771303068727808 1.23358209379344 -1.86923433709519 2.6086639222686
"302" -0.446723869244134 -0.67258564350546 -2.4058231699395 2.56878605305966 0.651076436293771 0.961347290719381 1.46472232871464 -0.583142819402995 -0.8288879477137 0.457486168715534 -0.281372070458402 0.75418003703631 -1.4817277897995 -0.239520963976924 -0.245427145126928 1.29642201887117 -3.89896317169823 1.77673337919679 -3.73977454122245 1.17465688601833 1.19426275291427 -1.20378793061785 -0.288023512602764 2.42535854630786 -0.644114539685399 -0.737061438206207 1.46351149007141 -0.490606094233814 -1.43172157281666 0.368752096961995 1.56119088122938 0.636855805413761 -0.0708454852943999 3.4691492191819 -3.73950527302165 0.302283470417754 0.930593674753072 0.815489351013015 3.36049484270603 3.08835227583797 0.110201252297013 -0.0335885079119211 -0.858221819555365 -3.27793861342266 1.24164109537199 -0.283689654301496 -0.201620250195064 -0.823896152163682 -0.954916308610999 1.77816453194419
"303" -0.781773315565106 -0.107089968543403 -0.847208587206427 0.529523803057855 -0.415827511014259 -0.991981197117449 -0.0438896774367163 -0.84176236888628 1.85090120470327 -2.49717499425776 0.482948255942032 -0.651454038360411 0.304644816843129 -1.54625967631673 0.122717628884465 0.862864065422358 -0.524170100513576 1.34025173303718 0.448256672033535 -0.686164646742117 -0.609634661904497 1.33653747621764 -0.0401263163553101 -0.150472149803596 -1.32991516580708 -0.0650937446676918 -0.322674367072794 -0.378098044056145 2.06266465518837 -0.785647061566843 -1.02222985422065 0.260944706744461 1.67237962075819 -0.904740251836897 -0.57749700711805 -1.4004500553726 -2.44469468102616 -2.58291494028446 0.170018296831066 0.803849814257881 0.108874772545723 0.18867531677143 0.0336811298939447 1.55030472801978 -0.693047644312236 -0.572601527242165 -0.685190109815816 2.34014880857747 0.639608577184226 0.386278327333542
"304" -0.935857400726978 2.63203701119082 1.12219161143136 0.064047597056697 -0.526285289255724 -1.32683387553188 1.93948764869378 -0.00882941775145725 0.703886025386447 -2.28562367392332 -0.889733344861873 -0.89997773179545 2.05506635083152 -0.945776793293103 4.60490114863724 -1.6887387038783 0.50827287550482 -2.29958370036275 -2.97833099503695 0.092491171838159 2.55273160104465 -0.210213184065419 -0.37671460569258 0.745290156057135 -0.620355843652888 -0.914199919051449 -0.61723080458274 0.0883665097577084 2.59053332230752 4.53141590540081 4.56287493303144 -0.856847223541039 0.381771719564908 1.48816261156569 -2.59876068772786 -0.937710089302451 -0.00519176645300056 -0.600395844855017 0.205253538056463 0.169707379743616 0.842653528837084 1.14639185499571 -1.06705129756336 0.8475557590521 -0.0129655548357567 1.6434870724619 1.10273920575312 1.30465277328843 -1.06218505536627 1.43156027701334
"305" 1.14942297041554 -1.35258072095115 0.0140999243501872 0.132083616492594 -2.01195660413377 -0.600046968176241 -2.48090066193488 -2.33332261115709 -1.03825258468503 -0.73144555583339 1.12861902240044 1.78498816655373 0.6381182124356 -1.2217835882347 2.08887657630817 -0.593980320009422 0.935520441646522 -0.548996346233393 -0.935411983338436 1.44356129004778 -2.89060089301382 1.68225358204684 0.136079812394431 -0.55377152443556 1.39747084891581 0.684008371692819 -0.173744777370674 0.107442895186415 -0.182399013222721 -0.132383851958681 -0.156611608677508 0.407228060364151 0.380172526150404 1.21569945359087 -4.5552600844591 0.687780025106999 2.6641722279158 -2.44877390011869 -1.49868736080647 0.949165643653018 1.98315380032841 1.78374044603852 0.686230673338806 0.199689336788718 1.46907555534611 0.242119722207101 -0.917860189929216 -1.41001515912956 -2.45682203485276 1.40673818595722
"306" 0.0812753560948939 -1.17497675861049 -2.0349772361903 1.37170028400479 -0.537205166091855 0.188800555145542 0.248898219490893 -1.08420494154621 -0.87990851347028 0.540798435629996 -0.251095287957917 1.18273537810322 -0.773147049231237 -0.00586791815445569 -0.505511268942606 -0.568896032390904 -1.81602774718538 1.26190044117792 0.452102509137485 -0.611691812538371 -0.340356866605518 1.71468795421611 -2.38581987768503 0.701326995820412 1.28686036784243 -2.56583862075727 -2.54833788508546 -0.187314717941295 0.0838092872499789 -0.408100431830952 -0.310914220245878 0.979973666521189 0.591924310422483 -0.611298357157796 0.323195168260222 0.733672187444215 1.46856760628529 0.238082693005604 -1.67839672788207 -0.543122980511032 0.00717631346452453 -0.523882814119821 0.833144138576397 0.865913262202073 2.17285046989487 1.7440051415691 1.01886171277634 1.43378461431067 1.30603343307752 0.894170058121607
"307" -1.0970216309924 -0.360414725012176 -1.40961173172766 -0.00658723447840324 -0.237861548636249 -2.23607630128112 3.30092013216038 0.280195477091755 -0.737720774777192 0.0819700952678252 -0.762161362112304 0.116884826433979 -1.27680131509633 0.845887725723505 -2.17476907756322 -0.589900791446714 -0.499430807637413 0.389495345897128 -1.98807157130062 -0.397139555845898 1.33547377563584 0.889234408045471 -0.6757255369544 -1.33760824454042 1.34999591014554 -2.42819414907282 -1.36107488275908 -0.661445830132031 0.129177741245952 0.723158559885516 1.99191281546494 -0.682334323787545 -0.276555778989002 -0.142524037517512 2.42549976290765 1.82799909020038 -0.906792811969161 0.112418698709547 2.23062586179128 1.26005151681283 0.237830392592189 2.03012759791426 -2.64960589270311 0.389664521482447 -1.49494536843911 1.18538774235432 0.738643057880338 0.974157287767779 -0.272070563376253 0.935801978535631
"308" 0.0505893700413296 0.414438027472698 0.945239183203568 -1.45913404114238 2.82942197234402 1.59238682719969 -1.59576969618554 -2.99585040600037 -4.21514487284392 3.05387511619999 -0.872163700272227 -0.729543460582334 -1.90219605678482 -2.99977627100651 2.41367643392916 -1.21054475760799 1.14097945971987 -2.48937489287397 -1.50241948154753 0.203882087575544 -1.16514899626097 1.33507651200813 -2.08007684660231 0.17266007155267 1.50160788651517 1.65613514862177 2.28341214502876 -0.0394433165800137 1.12816052436499 1.16015619198303 -0.864413590784121 2.12628324072797 0.621590667115076 1.9648742472597 0.317027988409976 2.2178556246566 1.619319107097 0.967316176542003 0.941537420546075 -1.59402320703073 -0.441391746859566 -1.08591214819018 -0.382563385172678 -0.765859692792254 1.21425492168151 1.55837750933967 -0.782508482771621 -0.809885426152368 0.861726323208482 -1.98574073106477
"309" 0.736199581315741 -1.40034189740963 -0.0501058912771235 -1.637025632899 2.03981509305786 1.4764287557011 -0.699389733763357 -0.876915696482652 -0.946900389380241 1.3797422949995 0.271336613052536 0.0842078313505434 1.64043389693272 0.696816699101706 2.1019330489546 -0.382089552784197 0.339204324896042 0.494030984113072 0.000777166424866673 1.16045435094706 -1.74697496278989 0.1324357227475 2.13565448997135 -1.91816429932933 0.237058112034881 2.99916313495921 3.39027830581606 -1.26430317667794 -0.00124425912643105 0.440125613064047 -3.58731127653534 2.94571743938715 -2.77055773685572 -0.512247082288629 2.41107649075614 -0.491572611436402 -0.658679297746266 3.36675009098127 1.99818464931652 0.819546343292591 0.391361537927235 2.79648719767133 -0.872995485601049 -0.0443891493918625 1.10108540638576 0.52591985313378 -1.03839369581224 -1.68392639300018 -0.877537794257895 0.419975020477113
"310" -0.356720895951346 -1.50578643344177 0.631315731161566 -2.19461009875896 2.10446995011087 -0.69303656530172 3.27426520328633 3.25813667765337 1.94222474472748 -0.384928168992217 0.366648086462259 1.27284632007344 -0.190019257100209 -1.5064009611253 0.902994456340558 0.689035357825594 -1.77438764145343 0.813577347993875 1.55648989564082 -1.7041302836973 2.18832473777613 -3.0582637347595 2.06758131035441 -0.427566093547253 -0.813855136269016 0.960832247821509 -0.781074922238458 1.23923082183931 -0.718902842115233 -0.841245866769786 0.474130056726138 -1.66961692304434 -1.77112231791792 1.10590339586231 2.45914106974093 1.6933102056499 -0.840455010922562 -1.79931030934035 1.15627898145173 3.0180566365657 -2.41274393577106 -0.652953910112947 1.32759811376187 -0.829423053386287 1.30817570104736 -0.999733659841656 1.23681993580256 1.7621040717531 -2.78246853465193 2.98018806512027
"311" -2.42835450817907 0.907224591601412 -0.726582092350386 0.723226535677338 -1.1922785727822 -1.52531996664461 1.17343193906401 2.68915302914696 -0.912975871608622 0.948045186459356 1.04032663777232 1.49589327485557 1.41320763109957 -0.219738124211703 -0.69892482490354 1.27441839410036 -0.476447462635926 0.0723816562712932 1.6256505171487 0.0126129073697062 -0.790458484646407 -1.69605911555992 3.37539126035311 -0.410360553022436 -1.54276396832073 -1.90189030784801 -0.9342703705182 0.0234004239082477 0.151753965831552 -1.14444565836699 -0.7095141990379 -0.19913867169372 -1.34289766270456 2.41471982418432 -3.91757847129383 -1.11456968832067 0.589257072183838 -0.272905884950677 2.60751335314753 1.06179522179623 2.14985095617679 -0.54798308698252 1.64087145578271 0.212308783268816 1.09084890222784 -0.202586105526758 0.930997779676162 0.319171609330553 -0.0879442401398268 -0.37235458374996
"312" -3.59347670674138 1.48688900691754 -1.50256924695034 2.32562098132379 -0.783102104963478 1.43903771438425 -0.642352903511516 -0.625995645150574 -2.17912460430099 1.15116881477588 -1.22376067461806 -0.937781311877953 -1.13255226685214 -1.56064289757853 -1.44627915206113 0.604539304187349 1.72498493087456 -2.38693044319279 -1.90356725848646 0.553787868811677 1.39489965166943 -2.84457137537975 1.99966047065314 -0.649175975094674 1.01332218465358 0.36769189925335 2.67716432870711 -2.37714842912042 -0.402448422320067 -0.539866750664377 0.505899629753006 1.2781670147166 1.98002682699619 -0.896641304977063 -0.637648429973148 -0.065355925003535 2.72553519347619 1.32553294802544 -0.271181588368549 1.4909666359647 -0.171625356834446 2.86997521440989 -1.85208898861508 1.23833213823678 -1.67269782144846 -0.89659706596479 -0.157222544913564 -1.65359188373964 -1.12998289344461 -0.408142681074402
"313" -0.668577763075032 -0.46784898849562 2.74507596511765 -3.92228907136152 0.674708669819405 0.415446540673613 0.718020289787804 0.0465845666359786 -1.16782243793636 -1.14625013459217 2.88862070165044 2.03044435496418 1.85136734382616 2.81644152706369 -1.74730489737756 0.238281681679335 0.921566210986195 0.470121191631516 3.38060981958719 -1.35685619167326 -0.835161826510713 0.511763647605481 1.48130588683063 0.306374444136028 -0.704247454727928 -0.628885434827346 -1.89797529480297 0.509283227946672 1.65644768638274 0.407594373040851 -1.29801840864448 3.35045769018848 -0.528528969452332 0.844188648049573 -2.16797368696135 -0.47353612294343 2.25448805896848 -1.6518363694845 -1.75290865436248 0.094572680858967 2.08489986925619 0.518901876581688 0.0799622230627481 1.0843102055097 -2.85054985683764 -1.57594845058417 1.21159652025798 2.94804964012847 1.48807841224352 -1.58251732103303
"314" 0.581551432587806 -0.646829231406887 1.97475285835711 0.224893989517233 -1.75828363991088 0.059404525709628 0.184652144426832 2.10103381361645 0.648691024591606 -0.383408647034036 1.1899847180141 0.773414581214572 0.575012482699494 -0.483093059035818 1.46202419586342 -0.969861258847778 -0.983053646710941 1.29445059900403 2.0895526217589 -0.966830729724664 -0.958907701558887 -0.15248129558138 0.0748750934283191 0.803842476427639 -1.12087373113969 0.404061270662295 0.258451639767822 -0.646479727658662 2.49388746845162 0.658907528311612 -2.49725725101065 0.414383527580473 0.0847339678625614 -2.5196922953 2.77851892233444 1.35412179184519 -0.56777595324373 -0.102298553363973 -1.5626772656896 -0.61695626104632 -1.10916210736393 -0.3832864854735 -0.258675858787992 -1.01922248166412 1.49327123027204 -1.61951542796849 -2.08930056537667 -0.150982644074875 -0.471828308062325 -0.117908386282387
"315" 3.38454346896375 -0.408752060085933 2.45201447592494 -2.57366259118291 2.76923207457662 2.02722455875852 -1.32327375701645 2.09943803290549 1.16499295938395 0.471259979009832 3.44982832792254 2.91435156726454 0.175929751353273 -0.891950745319867 1.21770513493933 -0.732200869870307 -0.222716611305123 1.87182262021032 2.93732979000226 -0.465818265020502 -2.06955497560591 4.18716701132514 -2.08183763883487 -0.326022466703128 -0.287581359522856 0.144671309960725 0.714604200050491 -2.56993154650118 1.47940051983905 -1.29163339562373 -0.943823630912212 1.19316496456894 -0.442711421083782 2.76458951731639 -2.40662244201962 -1.25009291250753 -0.285147876124424 -0.521539694120796 -0.579309383311031 -0.0630999893859702 -1.51217760049736 -3.45545793388915 2.24843893763956 -2.25387324909915 3.49030359374375 1.99136522657845 -0.236173966850663 -0.412817105618562 0.165013594878142 1.39111743033059
"316" 0.994107130961676 -1.1128534200504 0.445178452882428 0.680853704474886 -0.448171689893779 -1.2174572580732 1.39887193908706 0.979223963267848 0.70029941808926 -2.25455867430782 3.33905812808973 2.18724619897956 0.112198382979069 0.133456837565674 -0.315628298212489 -0.155283074509291 -0.802954499416311 -0.00279685886264897 -0.736863124873167 0.114911512165882 0.470923012623977 1.78868336954723 -1.09803150704038 0.590246847030261 0.738968084957964 0.245640036132696 0.390678210274196 1.26562433251515 -0.386279968175443 -2.26677941508981 -1.56003520544362 -0.736322769504383 0.0723061626810023 -1.2482941355396 1.9080858877814 0.670902001015224 0.143198764521016 0.244108428376841 1.21955292682842 -0.292778032943982 0.918368159567006 1.03230005561114 -2.15961629599254 -1.34230734377727 -1.52219449727518 -2.6304187687184 -1.48210677308136 0.510855928041046 0.031419889004597 1.0426620410124
"317" -0.444950219221021 -2.0488821580625 -0.957239025380086 0.0450919097748113 0.621610716683298 1.59324638835443 -1.87143264664638 -1.30891457719191 0.0701123851460587 -2.19804340851217 1.92730991512029 -0.0124566376969685 0.417631268580515 -0.94652628866594 0.714095060994855 -0.771905872394778 1.94321527033002 -1.86045121722277 0.418575044925588 0.446488348692462 -1.40891914794223 -0.311237838206501 0.206262382773861 -2.50794207029157 1.12714016912529 1.33049971048305 2.68108962595086 -0.751796696974467 -1.33936136470413 -0.3136618135235 -0.968429053432692 2.57440153056589 2.0979812247811 0.225794062464752 0.682514562449132 0.677848134271541 -1.47557029506308 -0.459189206662225 1.41602301266539 2.46443282846678 -0.31207969007279 -0.22235306725466 3.04106133453487 0.970302320317511 0.797641230625539 -2.13583932395911 -2.02381677639914 -0.108662929023677 0.209108598718072 -0.648461028122918
"318" -1.53983976100964 -0.238379939474675 1.06575206869912 -1.70344084156064 -0.225451290305145 -1.17555492882265 1.67724675156704 -0.187233447277951 -2.13764169326997 0.733410998165257 -0.22763167408038 0.657515855989867 0.761574748154376 -0.0234738333677356 0.514771653653889 0.233752233779096 -0.803707796705017 0.0619983449763371 -0.382618130746255 -0.707855365597929 2.68040580599071 -1.48363595831202 -1.03018433981569 0.0324985233884463 0.847504066385765 -0.9492994467918 -0.82529820991461 -0.759568156261409 1.31215753296713 0.349361197094406 -0.666175585975584 -0.698092969688798 -0.294763564969132 -0.69092325158766 -1.53294683770177 -3.5605812665522 -0.0431336876365553 2.05946083272527 1.273758977998 0.263060336037712 0.537007873348913 0.50849503894795 0.9249156656978 0.254381012955123 -0.377455500158066 -0.423916728883422 -0.387459105377927 -1.78847861405638 -1.61291922412422 0.00818166971393196
"319" 0.540359486058527 0.186062359494109 -1.74159217038672 0.310651398287959 0.584667408336438 0.359085580800139 0.853476523708894 0.61659363765728 1.27387709047775 -3.03541407973352 0.780289821268558 -0.849454337418045 1.29439255082622 -1.32103846173054 0.866430340864178 -0.207415967549875 0.0753537608915556 0.114138877245382 -0.132303348361743 -1.66791802167809 2.30380395345798 -1.02850185007785 0.0134781027483184 0.594001709737744 2.11130346201094 -1.82229355441253 -0.839677176888858 2.51614799806784 -1.53834793351242 -0.201762684025107 -0.0580172373979395 2.60980896400351 1.35897553924067 1.64135502136269 -1.12313712841971 0.00962628539116318 3.2172376908406 5.35744130325552 3.4529718895187 0.629260373102143 1.25095703215119 1.1086352509716 -1.04070225115753 0.721246485940702 -1.60937154519569 -0.445643883393122 -1.44424156782463 -1.84607519102814 -1.03623644394283 1.39416085688007
"320" 0.512534441580608 -1.61456892319982 -1.47555116292015 2.11960915313291 -1.91043147931287 -0.389004529205583 -0.912741044206715 -0.974981009332032 0.764995426073689 -1.31392301120505 0.358777933607512 -0.799324773041853 1.07430586572418 0.306285130896466 -0.192276473887267 0.564088727507134 0.173608254471896 -0.950789214321642 -1.35292328197835 1.21211246604466 -1.2269837879087 0.34503468465326 1.25217837943825 -2.09353369085958 1.38345389479239 -1.87904900087675 -2.76778663042935 2.54194489653425 -1.55727326334142 -0.312544627182901 -0.522756994632326 0.678510594909321 -0.590767979757368 4.30572014268112 -2.93579069983316 -1.19674633666528 -1.20064925450653 -0.725726737728879 0.384606330393761 -0.0113755818072474 2.67974499112852 0.483705658577045 -0.441098833280776 0.499166701376662 1.56668206668005 3.81992804568538 -0.219755673978752 -0.705245266962847 2.16839212608327 -0.67377352714321
"321" -0.106114160847445 -0.640751312635251 1.10216261726341 -1.47662466214797 0.555000561801803 0.90056542513911 0.824535397072498 1.47858601722827 0.47315144367082 0.720399209248288 -0.230011346733703 0.613325658304105 0.728299536480274 0.344273122646798 -0.137706369523973 0.669027848509186 -2.41286120268181 0.45059579599386 -0.480362490971824 -1.0035974969201 -1.54027689044197 2.53098646677799 -2.28646430257185 1.46570701488246 -1.95753120596482 3.5396442671443 2.36529943458742 -3.3741164223479 1.77766535146944 -0.831486518427407 -1.13293159106622 -0.293365192926287 -0.30654282961038 0.371831540817664 -0.965989758170215 0.390405563098067 0.363720862277634 0.468966701310313 0.454419095916001 -1.3438006186608 1.09265964090053 -1.54673827797599 0.134950287172051 -1.93656374449523 -0.21538284488035 -1.76692899665701 0.43693985624547 0.551300418700152 -0.248931917699407 0.533731772480359
"322" -1.64955059563429 0.287460073849784 -1.70917585638837 -1.9034639618655 2.79315455766025 1.92549870156808 0.0415839765695683 1.68344069294125 0.474458642808294 0.801330439661835 -0.0827981540173915 -1.1494897851359 -0.779305870952576 -0.392757395438549 -0.384670775094289 0.923956419557221 -0.480561369439597 -0.887424749444488 -0.461650683918967 1.2517817555782 -1.18061439881686 2.11263482848217 -2.25400320655237 3.0534657555164 -3.71468396435336 0.357462429874248 -0.0478774013497542 -0.6134622574036 -0.719843737803161 0.509273746662605 1.65186018713845 -1.73732732848086 -1.42186364340296 -0.718288672719418 2.87447349676344 1.86279400551967 1.43219218380026 0.944893069215942 -1.18916625789179 0.359040712322161 0.0408959372106258 -0.213034149512381 0.361577969419043 0.489750236460271 -1.71221463604294 -2.13227605700548 -1.05665467492326 0.322916689173316 1.63917713801493 -1.59343229147048
"323" -0.0943216622958111 -1.23509822861087 -2.72535331921724 1.91422438244981 0.990973726838752 1.16895151659101 -0.945607483081382 1.83831825142709 -0.298760224778521 -0.103748189672292 0.39585086845241 -2.53979705971787 0.529163024220345 1.37894023128788 -0.578602618548898 0.126656304824869 0.458725747876112 -1.84551429860197 -1.24725095586194 -2.10743264873008 -0.393141871113441 -0.341933029844644 2.38091545040386 -0.637857734929598 1.74306452080663 -1.75117800052874 0.0435404617825892 2.81083524304419 -1.48516380159373 0.530932832367077 0.540056565719948 -2.29879501060141 -2.06763825945693 0.0524183735626331 -0.205834818675232 1.47223219223761 1.27295968024396 -1.38945026223931 0.300429932569199 1.98807323321991 -2.8072141809194 -2.47393477294936 1.08129663252526 -0.452179503292087 -1.74549150420843 -1.785809480075 0.529789659344736 -1.56744992878387 -1.22636893078091 0.0101478133214809
"324" -0.540129580110123 -2.62112893778871 -1.53971214845392 1.82746323779362 -3.19946203725204 -1.46426281575181 0.865561668560165 -0.464946873578202 -0.231541208073683 -1.28883165288038 0.27057357465659 2.68287629291724 2.01814473831472 0.38098828097045 1.08996532436606 -0.304991640477026 -0.573397818791174 -1.29410834993692 0.477164110086411 -0.705507602926432 0.764713984868599 1.48357812141948 -1.55964557223778 -0.728035304241728 -0.247764732006935 2.14254119662579 2.72850364112087 0.0891166335867523 -0.415062494514412 -0.752286898472041 -1.04132081582761 -1.09135994324852 -2.407846601258 1.54475414922407 -1.63845028267038 -0.731704375130604 -2.52185042778337 -5.24362445281674 -0.59764352821511 2.34286186181368 -1.89747089279414 -0.192623780566133 -0.120672592217862 -1.16969326280169 1.71589682400852 0.837026388283964 -1.99945985859381 -2.31471982332573 -1.38177076337914 0.341060115456166
"325" -1.55601124414588 -1.17775460784538 -0.956653414318036 -0.1808413000505 -0.400740966620204 -1.73423170480543 0.673404381052958 2.49403040863834 1.80699577359941 0.739720449287002 -0.0605880832103384 1.42467880315328 2.44353520625015 0.179382330227905 0.931694903712691 -1.45820832399875 3.39311983053584 -0.942551818687956 -1.41061866082626 2.995369047184 -1.00117440567446 0.578633147616315 -1.95467483312691 0.765466147244873 -1.36726932220167 2.48795750866643 1.99608879179209 -1.2914305537984 1.16533967154175 0.510712433145305 0.847448561570924 -0.768741857378786 0.254557667738664 -0.782359833651781 0.0712951093612699 1.4770790354038 -1.32060738450214 -1.07098416630924 1.76315848006389 2.80184811731799 -1.00036532535763 0.23822100174239 -0.296322061945008 -1.96465749920186 2.23471844155555 2.04959780953522 0.80493556998106 0.821950555558633 1.05675223625956 -2.21127377468912
"326" -0.0862155838120935 2.24154673193112 1.09813042748859 -0.955688791757069 2.50167261751749 2.45182442101698 -1.97481042907936 -1.46891898390236 -0.459128401107579 -1.68014753833668 1.31768382026415 0.253498252398338 -0.455731580213323 -0.477640316884615 -0.157745117380985 1.34114483970246 -1.4277878650288 -0.943950752444408 -3.18169715766393 4.39260031094956 -2.10416616898585 0.247342853010616 -0.90564259300912 -0.343380322683471 1.46126053989831 -0.49131806346419 -0.73244716501704 1.60988950949787 -1.42267609065655 -0.463493093306067 0.412720976178995 -0.141982712694944 0.445387131314311 -0.979676785622251 0.366162787027196 0.52449099076901 0.695032980004249 1.13219628647435 0.62039778629499 1.05881245108255 1.57236241294337 0.426091600467726 1.1014438146689 1.57839151509441 -0.547554806596029 0.437530199590973 -0.756793671564737 0.873923133467018 0.769417253322213 -0.519837231597647
"327" -0.819559208446351 1.42048392061947 -1.32191100965296 1.58597366448468 -1.02502006095318 -2.46405817556448 1.73294666416493 1.74680710265192 -1.13958823471837 2.23531668408882 -0.260844310624645 -0.20258410933283 1.09123512866366 1.13643147806228 -2.05996083413756 0.462934300132982 2.39319492718235 1.19579710856784 3.70991825556213 -0.00603341532520313 0.0209788972434101 -0.846059946899479 0.975690583154938 -0.456985432580698 1.34684324316785 -1.36455870319031 0.487836272685738 -0.104897695918813 -2.90575231562513 -2.24967201739459 0.664543440323695 -0.335156910238292 -0.347959925200574 -0.104768651746727 0.261963970531028 1.23134950238943 1.09159295295456 0.345452416929855 -1.02720675357822 -2.09098453369842 0.642166956117238 -0.0351690430162889 0.255294436289228 -0.659294867948095 -0.557180428070798 -1.89701824606105 -1.00091688213608 1.22585042964262 -0.82346587229503 3.4781932640841
"328" -1.79067366913556 2.02794233589456 -1.60711036027956 -0.504694093024297 -0.50802806656138 -1.64403305023124 -0.0637484960474331 0.128054129912856 -1.17895525148139 0.407094268158753 0.887710326333715 -0.423961817379013 -0.170032424069009 -2.10468716364001 2.5698746516997 0.571712377308395 -0.68311969463408 -2.15222045520998 -2.69994784414216 -1.0391691286836 1.54341051353038 -0.438965268268134 -0.797492659045753 0.787809713462973 -1.15792103930036 0.642986485294093 0.264353760819355 1.03824857594244 0.930496036720969 1.63345491786427 -1.30060429069093 0.773245347637543 1.52070452945114 0.806089799173298 -1.99161731327927 -1.75974258443464 -1.1908998077899 -0.535052933320549 -1.07433070263309 -0.714488191917262 1.24623977280932 0.168750058409895 1.99473179095571 2.04339163600316 -0.628435145402443 0.283555540173389 0.0190908386234571 -0.656066100787371 0.400098269603597 -1.5952442079862
"329" 0.339520077456267 -2.66929879499488 -3.10047863222095 0.768204919876941 -0.048148156840575 -0.187389580899965 0.193702174701212 -0.0485538351874149 1.07674044947542 -0.506365350548557 -1.15273160651923 -1.53221051700213 1.13088527676414 2.16022326247431 0.516582545789977 -0.333228691028042 -0.879846539793153 -1.19775384410702 -0.834337800943964 -0.612628077089299 0.403563454619721 -1.54997583022736 -1.10956342258167 2.63265416919505 -1.84512281443111 -0.62929353514692 0.988790861793253 -2.59634246369157 -1.78115274981647 -3.48872772737166 -1.90629736063871 0.569510800018321 0.740830905961382 -1.32324438460032 0.334301805179047 0.678518928118476 2.0642057259683 -0.68740678190841 -1.26368102064498 -0.00686147418123665 -0.0385081580309358 -1.66217023320706 -1.64035062006936 -2.06084292861409 1.47842704433435 1.50926207367546 0.909595826470768 -0.19841222105197 -1.51376399729855 0.812334334654181
"330" 0.87458845933041 -3.20305435523213 -2.30386925831317 0.0332357860330944 -0.93097339746542 -3.17801991738186 2.08845629786309 1.04368427093989 0.139422476358782 -0.338298694155448 -0.228746271652878 1.93813641132938 3.1480710390578 1.39876027269549 -1.16376939605961 -1.08440524499065 0.162882418913518 0.363487112454117 -0.355754900907775 -0.563141226433044 -0.0111006007349378 0.675826877283516 0.248420893987534 2.14882002447719 -3.24880293639375 2.36561038054158 0.576985789996797 -1.71438255051866 1.53451772276639 0.556628823165359 1.28520065768496 0.21186197839335 0.730688022279239 0.3231128039966 -0.342040108589307 1.50672838234192 1.40042554145767 -0.462728790256311 -1.84196399599455 -0.626392602773178 -1.61545423097249 -1.95919618298283 2.76929900284544 1.27454119531181 -0.0115468418197311 -0.0274075106573088 0.782097082352641 1.42693372347088 -0.0891327108187595 0.222707776232099
"331" -0.0423733107514772 -1.08554886897479 -2.04146936481881 2.38124706571947 -1.54857824757338 0.167492062706293 -0.142684526839825 -1.99707203452925 -2.6407981886061 0.226948990506001 0.538611465082101 -0.92397145087358 -0.523668283022873 0.303177432929566 -1.70059903435827 2.2297545338642 -2.14402053652395 1.23517353570163 1.90468687791743 -0.258114363481164 -0.698642592872781 1.44330538139381 -1.66608957245364 1.95278569687972 -0.860875852180143 -0.86179247052218 0.330035955723414 -2.40631221979343 1.14309771814595 0.204693849533407 1.44628798804968 0.444947790553291 -0.766533219614927 1.37239529786826 -3.00557462559329 -1.39887223565822 3.47944332513686 -0.319039861567296 -2.84400769090887 -0.333419448575504 -0.168884368755366 2.06743600792724 -3.56850208950205 -2.92215647972688 1.51619508015934 0.383747139199882 -0.973484019717089 -1.05685579044143 0.518190648054065 -1.1173830033398
"332" -0.65004725542757 2.25438126202414 2.90171774069882 0.114488178032641 1.30619659164842 0.738694851162783 2.06196322322067 -0.328238613452219 -1.18879525793791 -1.15384012297428 -1.4764733149289 -1.89604758048517 0.980429989240017 1.37590714775687 0.258313101243279 0.0363453864558641 0.74832733782268 -0.459366072706613 1.40886400687652 -2.07326842453706 1.08209908571165 -1.05320800888875 -0.956526296536973 2.80035137376422 -0.375981956358008 -1.17604139545628 0.649775602005995 0.161506480699407 0.0851376702221133 0.904389583209056 0.606333760254994 -1.53309113148357 -1.82510456303059 0.172232332438052 -0.72076798471137 1.68973860644624 2.30453757555432 1.03750053165343 -0.619408192248229 -0.311596070338845 -0.258628061175755 0.479956728765029 -1.17462430309592 -0.597107830618802 -0.00110357586727212 -1.4050381912239 -0.317779582244574 0.376877707865618 -0.427806097666049 -0.201755284862297
"333" 1.09504667482914 -0.616977361819346 -1.54865069548717 0.524025637262508 -1.07502905380653 -1.86574990741503 1.40842713370485 -0.859598471365707 -0.717290109346109 -0.34545357524557 0.992510659939699 1.84596650507769 -0.242936014150464 1.29751283945793 -1.37069222938095 0.448430477460403 -0.0905236133840461 -0.328790637096615 -1.92760589258017 1.79530048187849 -1.15674208719483 -0.125330020138975 0.275349765625984 -0.821003312380694 1.60199187446417 -0.830806293156148 -0.402101041476952 -0.426625813132087 1.31214670802113 1.18936643542411 2.6752534672871 -3.01487116891024 -1.43054798802403 -0.592491943185029 0.862968138495029 1.3747114305332 3.81424934496627 2.17296164658013 0.489062027281428 -1.53101764483646 1.13995295544985 -0.20246449695445 -0.794028723107651 -1.3540812290916 1.04956832680742 0.844653485965095 3.16696388919133 5.08415856095888 2.21177482840925 0.336713656871194
"334" 1.30532177903863 0.709218604438768 -1.39100364178966 2.44359549255919 0.18916827390368 -0.241285614637227 0.405049868491992 1.47719360355373 -0.521017311956809 2.50601002726958 0.10943444819327 -1.1219742927044 -1.35440288613274 -0.570745363488134 1.4728825335212 -0.379595592081784 0.278417410002656 0.630803599965683 0.0357731427279445 3.16244695096186 -2.94479434071276 1.14580182585431 -0.111298381064017 -0.395941512598028 1.01600890944971 -0.0150460356869333 1.44865913320284 -0.0377873229613025 -0.843260972237896 -2.10576843752946 -4.314639569472 2.43511156991898 0.610800127080665 -0.629775258184909 0.626123366056502 -1.42647152387157 -1.09629595419224 1.03163297991777 -0.0437336276207076 -0.403359501309008 -0.731650669069271 -1.65047691685139 -0.0893661753022654 -1.11299743937463 -2.65921707089548 -1.59609528033777 2.4329356460541 2.27329792512705 -0.875251456039035 0.773137433795057
"335" 1.27403687201745 -3.030700760763 -1.01987145587457 -2.02133499066921 1.42751639650254 1.01470971537208 0.857032489933034 0.539267041555295 -1.46545098870364 0.193238374161147 0.24737903957838 -1.10325535946625 -2.43983734073025 -2.4531180120969 -1.71999489159872 2.3377992044859 1.30430451671821 -0.545842605153022 0.160818946984056 -0.125256994674032 1.67709934375864 -1.26757275797335 0.650953115153236 0.747790080832353 0.324436532383367 -0.792808994885267 0.275367890908668 -0.703717273932743 -0.462935771034782 -1.80089720097428 -1.81315908689814 1.23248929558319 0.645470156118017 -0.37297012480803 0.576305478901499 1.75690315291262 2.73343519207271 1.08711133926449 1.02366433890038 2.04238430791778 -1.04731299982462 0.588084245958329 0.830926259031199 0.470554019619126 -0.000574796661956104 2.44857600112064 1.42426630984481 -0.472947788146032 -1.40696289534771 3.10493143698972
"336" -1.83718680389486 -0.244230056157558 -1.59792870719932 2.21570444135947 -1.21612466971071 -1.2572680665174 0.533938705367503 2.40905989211456 6.58431466728705 -4.28940966316647 2.70888522091287 2.16748035757321 0.874092069204724 -0.511225001327972 1.31228260076236 -0.369670791774568 0.764652892861749 -1.8892955179125 -3.09099018593421 4.13107934014218 -3.48248462064348 0.806113591008502 -0.141991725516598 -0.0490203622301536 0.804354497926444 -1.47393293686593 -0.374348788846256 -0.609969402014704 1.55997007565326 1.64040012264685 1.5442634104463 0.199904959756774 1.10753933668468 0.911267837313266 -3.29760976418885 -0.40926944631399 0.138389981566086 -1.50677217227196 0.231673353555749 -0.825931863545924 -0.594052377264343 -1.38286112847547 -0.843556902485806 -0.724123038564643 -0.0319805033698874 0.775973789520086 2.51149188008421 0.758157311019844 -1.70494251495593 0.81636005334317
"337" -1.20832128617587 -0.359969584795743 -1.99483441957762 0.94261142868849 1.81745471505479 2.59988557379061 -0.708480745131134 1.68435857852352 2.96558914653921 0.272050219652074 -2.41865437703994 -0.707925405327568 -0.886486286659931 0.30464510417116 -0.934966603080823 0.216850577525247 -0.231587242785398 -0.702194323962118 0.140837763324382 -0.501610333018056 0.865503334974748 1.63047354631637 0.422708952410257 -0.84099092196765 -1.14961649612278 -0.560043877948889 -0.405179543248816 -1.86663740595692 1.17917056268903 -0.383973569700144 3.44736810674266 -1.18851672341975 0.122802744833911 0.46591038802564 0.844980381541851 1.44519616511058 0.279326846262335 -0.379021003838015 -0.331754624834889 0.0899332621481352 -0.0815455936546341 -0.0063191429763514 1.49374183738673 2.48952121942858 0.87616236119821 1.89019041190156 -0.872493851733287 -1.5575438711766 -1.63883425315503 0.62683898591061
"338" -1.36775609722926 1.45715033222117 -2.18334168823169 1.04351296447952 1.54108405280261 -0.0367742310648936 1.7903660710012 0.219637913108027 -1.51469784691037 1.6923387263791 1.4478189864461 2.29159493202443 -1.34617135025035 0.0572541152122969 0.543593200251486 -2.50550250493692 1.73953999631493 0.0371412338004225 1.65781922811471 -0.476894399759293 -1.62752196564481 0.786636491231499 1.10016286926608 -0.060171066454005 -0.0801733871396135 1.13816648061696 -0.685202150660944 1.45052578373669 -0.11778259654156 0.121393958422385 -0.477417693051974 -0.0153667352217662 -1.92783953256406 1.61600147285737 0.512563478084839 0.477946211289593 0.0634989914225226 -0.397699257225256 -0.352412007675025 -0.353948869992856 1.71048219123737 0.900752599142882 1.84772404256193 0.408864673699045 1.55910762232354 1.56238247854581 0.327852515769564 0.395518075859922 0.355014333674855 1.18859178882654
"339" 4.73602759011639 -0.867658550425045 1.7511840439331 -0.194153159048988 -1.38878594240061 -0.682215295749384 1.44283518502863 0.531170492147133 -0.0518074431183474 0.130378350327208 -1.1199489122926 -0.721587500931692 0.778250114492506 0.62021905843376 -0.206477529498799 -0.293043318083112 2.44478239083478 -3.14208929320775 -0.0135972925054155 -2.32138713740905 1.06491028771773 -1.31506297602198 0.252111235836547 2.22478707358419 -2.59416908107142 0.582932119573492 0.977535271950676 -1.78078576273004 0.34286056455456 -1.04802970469228 -1.10340369561714 0.349657847589138 1.15335236296781 1.23440835555958 -2.7985746910604 0.454654906299388 1.33196706245901 0.33677785422662 0.816049157293646 1.20782247002908 0.843774870279572 0.177226493439946 0.298532314690956 1.51856856246643 -0.628138408408687 1.00502823117408 1.79627138802364 2.78228183482342 1.958274613765 -2.32923505865713
"340" 2.78697348203792 -2.8486760592838 -3.00286099403007 1.89236881155382 -0.555410719494957 -1.59566771803972 -0.200277733826898 -1.38536949880994 1.74812939189097 -3.23668095353465 2.1874232067925 0.272539410380415 -1.61601361980693 0.288191966243375 -1.5944994829175 -0.332222814611161 -0.785636791985546 1.66867345351956 -0.856738644868738 0.359204084642105 -0.885170592604815 1.72938654034698 -1.48168716162157 0.528041793755636 -0.316491751204393 0.857628497973033 -0.764159782605184 0.595331653317538 1.18899262945445 0.233242274819659 1.12217788432854 -0.735973422211263 2.18415071580914 -1.22779184355569 -2.57330414432777 -0.737583649484213 0.589076202342704 0.280235225772708 -0.377121316594038 -0.492358221361163 -0.0822121126431867 -0.544895209351588 -0.427472901659987 -0.331733370740993 -0.493985473744756 -0.11818703194262 -0.961044597564295 -1.35151040487749 0.885933521380598 0.706530777187468
"341" -0.65119878844183 -0.457363306721091 -0.531238399841904 0.308251431182602 -0.0655736193477449 -0.671075550727468 0.928537700898346 0.147964075528632 0.161531907381078 0.098226819859034 -0.109370578770979 0.311158743665336 0.233324884296467 -0.281220604026395 1.86745114204682 -1.23418148747422 0.75006447969287 -2.71935621276981 0.240096238453479 -1.31527542494501 -0.487474077452085 -0.484557358561891 0.043290227028481 0.836299133545293 -0.0514484256260643 0.147278364851945 1.07701313809269 -2.3368916778933 1.23791604967783 -0.372762604978115 1.13011263827761 -4.13641293177505 -2.02363378228017 -0.687292056894942 1.26670395571271 0.625106534455658 0.421244622981586 -1.25434892369848 -2.03573415588754 -1.35955133269285 1.65953634342077 -0.571607840474399 -0.56715176793469 -0.890689306964823 -0.697500496570343 -2.06640372458373 -1.58886539391811 0.214577391225241 -1.15460083418481 0.79664079657731
"342" -1.88903150072983 1.08927136520034 0.965660359443104 -1.06737047636333 -1.28083674490321 -1.06171216515992 0.670012260583005 0.403417620767285 -2.7059746729711 0.310542577030354 1.90982213807818 -1.35695945109217 -2.37118911115736 -0.404779528657505 -1.8706017580506 0.494040516403001 0.572042414025557 -0.55692592529897 0.0379996289819207 -2.04467888225547 2.07497374780951 -0.346415075063258 0.937139859673938 -0.998746038584009 -0.244997313926984 1.49021622324676 3.0080067046365 -1.16785966965789 1.16336346347118 1.01002288993544 0.125151923572542 0.300252578919769 -1.71646220374281 1.73746887811467 -0.898281609177503 0.705249328905523 1.12247996383751 -1.77956369248802 0.012890773378841 0.0413245509818242 -0.656640425166649 -0.116479698842053 -0.0768630841494169 0.445038211814328 -1.23748524178113 -1.21536193613336 -0.0805646576788217 0.777906133543972 -3.27323012474972 4.26605670457442
"343" -1.91242530339512 1.15830209430077 -0.0264545690396566 -0.165978150551903 -1.12844754137352 -1.64402208020659 -1.61015065137579 -0.908951564355473 0.0828127731298352 -0.464199019047966 -0.655483414550263 -0.310911931678979 1.11901481943606 0.0328531376104344 1.51571398585452 -1.10579956277048 -0.512537783983704 0.54525601242214 0.903259005876623 -0.397340316238447 -1.90671880002591 0.403630628936595 0.535991664262224 1.66988068804321 -0.330828957437309 -1.07137657168791 0.663018495016137 0.620139263567986 -0.0446266917987751 1.44799723892636 0.196082899028317 -0.170433613984912 -1.96763173757821 3.1683127380689 -0.860887244813925 -0.559178959549071 0.378977411267619 0.541722570407236 0.795214714215576 0.0580475672333303 -0.693136383968224 -0.258189278851037 -0.235406046712348 0.237100380680817 0.357949923656916 -1.75366991811804 -2.32732917810823 -0.528823578979986 -2.08494272991129 0.154337682271444
"344" 1.03115687492078 0.527029701074453 2.43182358479187 0.356216810585233 0.436104316181053 0.836647589366489 0.121402300425682 0.412285619388764 1.66765627928524 0.0902723461800686 -0.263674761419389 0.158953733538919 0.440281662731768 2.25851062716986 0.15002103446876 -1.11163796121457 -0.234778530918749 -1.07344399741702 -0.432604312084436 0.581895651535498 -0.156270039111631 0.669943780777832 -1.15449234750147 0.515778895178527 -0.853129404113 0.595818247583829 -0.366139696620623 -0.950728358387419 0.439048630274646 -0.160062184179201 1.50771235673711 -1.48575649673529 1.5278732687892 -1.20531127494286 -0.819625818985846 -2.02801662282114 -0.363865599697723 1.64977117388707 -0.0954042221061956 -0.0834335457614697 -0.716397932830542 0.667087401723801 -0.494878943135955 1.91423383755403 -2.57843719908408 -1.55359653765878 -0.847807766749093 -1.29858855604513 -0.19028734714395 0.0739018859216336
"345" 0.285602251929879 1.52878130774037 1.89438222086975 -2.39267686215433 -1.56969407779493 -2.66280771158556 1.18080229235045 0.243389191834987 0.300089177063303 -0.652849479756339 -1.42264790238683 -1.1563700235997 0.895790674145104 0.32626028331837 -0.402579227287259 1.68857418647531 -0.39859463587669 -1.08936619667875 0.419712820280332 -1.05790026873461 0.653468855058964 -0.020167003838433 -1.50152887427332 0.952955243702427 1.4245553064101 -1.17742128501457 -0.471868967959277 -0.894973641913104 -0.0385530333162708 -2.7007163391442 0.311345531835676 -0.779049884201073 -1.31876407257244 1.43073621140282 0.64427503184756 0.866191833917039 1.54605218010561 0.146610779305852 -0.300059155108561 0.462528290439322 0.516309060650175 -0.464967206742557 0.068043823117154 0.325214386304837 0.579258745854888 0.35845346502064 0.97804067837096 1.31823470219141 0.721526576204328 0.4594566691433
"346" -0.160713544902486 -1.74283603131033 -2.14775156205137 0.879203587860905 -0.707989825024955 -1.29153108076793 2.16566053480381 2.79434115124263 2.96228449828037 0.0553126407716052 -0.478824976932821 1.62456916839161 -0.0741442295828751 -1.22983076514976 1.0489770136909 -1.30525067884413 0.590162261193171 0.26525696034645 -0.711977278311242 -0.329653858053747 1.75697402061365 -4.85196825567038 3.45919322601039 0.14354855650566 -1.7499588673844 0.0529237616454621 -2.40743912897806 -0.105908516987189 2.08650074514926 1.77395348257711 1.35560395091635 -1.34406788606845 -1.06123585596533 -1.42395151869339 0.670490900454857 0.501604180236026 -0.70870180026111 -1.49551417097137 0.0974169548826909 1.67332642361364 -0.419316820245344 1.50409640390245 -0.927860184711412 0.29633237727678 -0.652564736993016 -1.61438820347229 -1.04586044105174 0.713647273702512 0.0149358437238214 0.616544760847136
"347" 0.728611700016461 -0.55124462232649 1.33596493838594 0.479534457829936 -1.60584601428188 -0.313054475975348 0.152277740519756 0.262366761464115 0.917523057788466 0.727154530685777 -0.00238337067188466 -1.3926581680679 -0.623245122639537 1.79725384452685 -0.333200646669148 0.665831103808154 -2.23726723847011 0.268836648336109 -0.958403774379352 -1.16341644258227 2.89577692575657 -2.26845239964298 2.39704496703473 -1.22798813850696 1.43987814249326 1.14951161159075 4.00624440744533 -2.2306246224208 0.864716338276956 0.988277999677913 0.12188903202255 -0.201316736660209 0.0511463227746683 -0.337513514395867 -0.00323308641492262 -0.321528785771641 -0.845090055536932 1.6673661260212 1.67633749399672 -0.78005853100771 1.04195219349445 -0.0863445712267565 0.289906521111091 -0.639933708055223 0.260747333060735 -0.632258682234498 -1.41029884230838 -0.675414611700322 -0.8965920618874 1.50145652093357
"348" 0.539324120620406 0.116156249405967 0.246521703325463 -0.834238614418193 1.87956881218909 1.17177268802032 -0.503873416825659 -1.37386775564537 -0.756194919201466 0.284443186544137 0.761909924600919 0.00705672205004318 0.16125490658119 0.716775082536466 -0.258096959635868 0.268914698965994 -0.693024093680131 1.5531446129218 0.950328243374909 1.52134240668306 -0.0763236149616808 -1.50833234446373 2.27249693819056 -0.924609354662504 -1.29909240939749 0.389128485251207 -1.27228168577006 2.7707257954589 -3.44260391016063 -1.59705163911393 -0.259312137621492 -0.204544306682386 0.832635744970812 -1.1089789316557 0.776482090679848 0.351947158851768 0.509668895270718 0.688611751172635 1.51793884273957 1.4495635638875 -0.380355370336374 -0.559460612927421 0.960470103355227 1.11933752629252 -0.286717021592856 0.595956139487005 -1.10559533515065 -1.26595256463041 -0.457612478203391 0.352723837438228
"349" 0.41337673389245 2.5151050941358 1.22987015272819 0.0863910905097683 1.29609681646226 0.217260136456401 2.06835510005528 -0.123009777765408 -1.79707662789337 0.813291390579721 -0.0631725946526136 -1.2026015040496 -1.96755951978719 0.0409973292346526 -2.68301141660802 1.02779145021313 -0.235688914882154 0.110704704385274 -0.447249929001829 -1.10265878821569 -0.0929971910462214 1.43912010393668 -0.806488159984354 1.21792618425941 -0.970845875779725 -0.274236872747373 -1.05538798577194 -1.63280333467605 1.46208728752423 0.456718926622118 2.17696062150201 0.573956089485027 0.70637344079144 1.13811870981269 -2.55952905393003 -2.82069494824853 -1.62425037828115 -0.0527190911219331 -0.734695146190898 -1.63572934952414 0.426664129787278 0.706335319618415 0.781298495471203 0.764983506806109 1.97185970905853 0.80669991128202 -2.16090857578286 0.624421099483011 1.36947066217826 0.760525305058067
"350" -3.2714200119503 2.1229242855443 -0.231254080820697 -2.09204645098428 2.12494301189655 -1.26265502200463 -0.00232936856066318 -3.21115919841609 -2.40109692729235 0.00719181383044523 0.237519754312514 0.358970829579477 0.459481486093695 -1.57360107046127 0.690637938519565 -0.760242154452749 1.98818938071579 -0.684438534209685 0.145899976597909 -0.104279595164317 -0.684470109966716 0.498053434991557 1.19793442708907 -1.63456228200766 -0.106404708339165 0.711575975974916 3.2035427967511 -2.60554031161588 -1.08903986409824 -0.762938880845249 -0.296694480391281 1.92144049429251 1.89199531770026 0.373572667507254 -1.26907850388101 -1.31129232694066 0.083610592885024 1.0920807029595 -0.310873236084614 -0.192113392525484 -0.660946913848305 -0.95665252145369 -0.796975032402638 -1.1257582158943 -1.23694540114383 0.201370895541021 0.846388795474339 -0.280088784904047 0.140151651793261 -0.0435173973868115
"351" -1.41499416599464 -2.4346573775283 -1.63018442736272 -1.60847553263294 0.0573405863708217 -0.71202366317582 -0.142537391750134 -0.902682332005257 0.07732460123986 0.386039807157203 -0.11868445175701 2.62283019046484 1.48288826721095 -1.02029408034941 1.78755676038764 -0.393579847944038 0.387120927665036 1.77713684899181 0.917753628073548 0.290955223003498 0.31389975721962 0.0845556491801215 2.35191796243505 -2.1032905062588 0.0728611096466996 -1.56173781537346 -2.47763904387797 0.674436896724236 1.29524003401777 2.43622669770949 1.91295731292018 -0.673612695797354 -1.6107196550307 0.744137308216765 1.09377148242642 0.119946020792434 0.998359836558558 1.81534686135074 -0.221364146817128 -0.978580114798186 0.646082240938679 -0.328531489693755 -0.28180487785688 0.831936426270291 -1.27669703700509 -1.52665507040251 0.549818089632097 0.550867213513638 -1.05553466542854 3.61701405188462
"352" 0.961864581644602 -0.99004382142685 0.136445588356016 1.21856818896445 -1.96792914803417 -1.3539575181805 1.07209646318972 3.15210630981233 2.22614385363253 1.55107342581518 -2.68104404206356 -0.703235864275851 -0.278314768572633 -1.96813247994514 2.53185454464952 -1.50473790242704 1.41821198256815 -0.125816880481246 -0.437678024692395 1.27606094646234 -0.647584825375091 -1.89483485643488 1.17077323773584 -0.186208965305927 -0.0764287892924782 -0.511912608425934 -0.288345373949188 -1.19334372335207 2.30155438931526 0.401696836957381 -1.56933334257488 0.891510663577101 2.62856286939001 -3.21858895390586 -0.403214063566834 0.00673408325298757 0.162453228323619 0.91885480557687 0.354397833871021 -1.78483537240047 2.32046499910175 1.93596676082948 -0.384109667968394 0.336041256938425 -2.04169734485623 -1.7377159105521 1.09785672681449 0.734768097204628 -2.48538032587529 0.76131256512299
"353" 0.564726272341911 -1.44404944484777 -1.46904054071279 0.568234469157619 0.0797339355827487 0.907742405837124 -0.645130784485341 0.788896911640925 1.37124013578823 -0.659876420635522 0.82117528561019 1.64615536737596 2.37085152304438 -1.35415756410903 2.02639639237472 -0.302090770721373 0.0239249714094307 1.35677826457617 1.8887038198429 1.04734550172988 -2.50395404255277 -0.296632097457662 1.76777363287287 -0.82050212474045 -0.998001057505116 3.72827814640846 3.59400188838927 -0.675158320510135 -1.29472098331445 -2.15438209359855 -0.997530861352916 -0.722502645991153 -1.58775377212724 0.0389580300461689 -0.184829746076925 0.867996314156676 2.48107761409544 -1.37188775496316 -2.60307393481158 -0.399208599049713 -2.21203528388992 -2.02053204549585 -0.0365197034363971 1.10547254546588 -0.075577890059092 1.27092266011751 0.259466423495085 0.963154281638962 -0.76899456213248 0.838019817436397
"354" -1.33982161640859 -0.621972901196779 -1.54753386107037 -1.26183921154552 2.28866216456375 1.1845918918728 -0.450133757248039 1.13596191770089 -1.05961666746807 1.89661655749991 -2.29273933295545 -0.831982506253394 0.468859052267893 0.633642895388711 -0.584793704285424 2.91497292645302 -1.408760768718 1.57177862979878 -0.173450135274247 1.9909826558022 0.190236685835804 0.138215711043954 -0.671972255512187 0.533375263343517 -1.71315398087108 2.38543623186331 0.223850279218879 1.90103181058997 -0.331530024511331 0.666315932852095 -1.81971732425704 1.06575670716147 -2.79615705099466 1.14419005849485 0.0894987207911505 -1.21879380443267 -0.720197148917459 0.42982722296377 0.802859820436432 -0.667034972187253 -1.54428923551663 -1.21308652670979 -2.15494630219984 -1.69489731726756 -1.57313596227423 -0.380675154116458 0.073960848833226 -1.16100643291822 0.463843389669371 -0.416987551275688
"355" -2.09624821982003 1.56354865713163 0.623331467229898 0.985851263785694 -1.4457391932804 -2.84640768104738 1.25696632826686 -1.56501509471417 -1.77984814243338 2.33924830927259 -2.31262998371804 2.72202922268268 2.51853385368554 -0.263396063565061 -0.275123337816902 -0.231607555971188 0.0825375579073504 -1.15831765327784 -1.87317746278286 1.28026694091918 -0.611663740611744 0.393677367012499 0.523096703326564 3.02294896544993 -2.88577852944076 1.88549331005018 0.903604204742406 1.25344028276779 -1.41709200067924 -0.550869463974584 -0.080697318974089 -1.07565663324659 0.0131673528254391 1.24235022558456 -0.895795841125852 0.0406337502719573 0.638458081653007 0.103470064396928 0.00227807567196385 1.59321394203629 -0.715721872300455 0.694544728999654 0.3481095837065 1.56839906515894 0.0241309706011463 3.00477453226036 1.86402319939283 1.05262447301926 1.23384065767066 1.40026267776532
"356" -0.00578909895262129 -1.17687257610228 -1.44022232068212 1.72129139825531 -1.5885448494312 1.40264873776203 -0.0209019971752054 1.51740851839423 0.903558032759831 -0.764575835317524 -0.158023381957546 -0.24023585135235 -0.403427788075334 -2.28187107768709 1.12332521240938 -0.0188804138775076 0.363216763620552 0.906337900814464 1.45780396609849 -2.00955320891646 2.26273758240563 0.0632062541218339 -1.5196593730643 -1.46999164930684 3.4956800287616 -2.0665619524914 0.560328892097084 -1.88624126336599 0.647157941171966 2.20199614656558 2.17928799259057 -1.37098123189854 -2.04253120391143 0.565682588668535 -0.283372400276726 -2.28766937803007 -0.431181009496028 1.79326844964986 2.1132765154065 1.03692461370668 -0.560134897941149 -0.000191294765889104 -1.18586018218214 0.172776970421667 -0.649538016307305 -1.58043801330593 -0.38184907810093 0.871023033581396 0.446494609596108 1.17536806136208
"357" 0.0682678442691606 1.47898168472441 1.25267356558523 -1.47029007618388 -0.753415904097269 0.104264048563188 -1.60963432279857 -0.980668199916311 -0.329273762782964 -0.464713430945872 2.43844625492389 4.72613851193433 2.55885101672945 -0.011718412164365 0.391286402804693 0.0161848212272031 0.804370396192134 -0.510565826742897 -0.614319128808071 1.45271336376138 -1.10208937712637 -0.20379765537275 -0.629090171060303 0.318105580731411 0.188215743253569 -1.23061805053739 -0.34620608653141 0.527014565000992 -0.345287906280897 -0.58626391071012 -1.20772505527246 -1.00370515250446 -1.00449632776635 -1.96564703389362 -1.00348884082389 -2.18547008201874 0.736234745034552 1.75251206433499 0.621325173646807 -0.457018020536621 -1.70131318616475 -3.15542981534562 -0.341295718100137 -0.75172818032182 -1.36232175791284 -2.09904701149763 -0.778579094560072 -0.526470292359853 -1.42568806259278 -1.06129567476528
"358" -0.51856850485167 -2.77549514607084 -0.609048258557625 -2.05756879211199 -1.41010883454098 -2.961670994563 0.920937327776858 -0.293194008106729 -0.771192769975334 0.886990109270763 -0.995321535670731 0.967482543643702 1.89251913669177 1.54732779812631 -0.963120908653639 -1.0721622930882 1.96195656858968 -1.70583536522064 -2.58709988125666 -0.524147198731096 1.42123500787881 0.0409732109941682 -0.0539021076949082 0.950955629135229 -0.361963879345961 -1.19236551682225 -4.06273746694865 3.14519757415149 -0.310872163781006 -0.623037299527317 -0.863587287519931 1.37004343398365 0.117561907773156 -0.830570781140078 1.32657358143091 0.74609887610651 -0.0275819823554187 -0.16649903105543 1.81080154318952 1.46131953723857 0.654530707929984 1.58054899128293 -1.46086983282841 -0.840426327254917 -0.841775538430115 3.30058584881615 3.49670462529589 3.04893598777139 2.84288992782139 1.33687167338752
"359" -0.948940076870658 -0.988429030658297 -1.25157138595342 -0.894137961721545 2.58766097030412 1.65815848067506 1.82826169374043 3.386597200652 2.31719626379943 -1.89740151072567 -0.381349080367225 -1.26129653072909 0.415826041875346 -0.721104136747564 -0.182443529661159 1.41084287587979 -1.36177913863348 0.0684309163713144 3.57348774844875 -2.90310723235838 3.69005028693282 -1.4896930973792 -0.0716579501254988 -2.15494526424595 -0.0792544515533717 -1.84909244087386 -1.07858194669852 1.93773583956907 -0.665105017200683 0.558857067825364 0.241048482477939 0.476318729871367 -2.18734601037237 1.57989811245917 1.74811418870347 1.01465746502824 0.697383413497128 1.95315014017567 2.09905689802163 0.281759347167189 0.81928048043556 0.646132581167116 0.316155236576498 0.708106231785487 -1.51484910212598 0.475365153382096 0.855303569943162 0.310182555020565 -0.984491926405324 -1.30802069118841
"360" -0.359842360007163 1.12232027609813 0.0704586792001564 1.89624888436211 1.33135544004018 1.88054739822115 -1.44240274921526 -1.62632566013181 -0.246611509439024 0.108230186154623 0.696783286423283 0.173722597169521 0.747447318561459 0.844222601238235 1.55781193866684 -0.61648591671293 -2.11361790422245 1.85580672600887 -2.05417239352001 1.49568620491795 -0.624968450994082 -0.776484512605139 3.41317697843652 -1.17326105505326 -1.44105837508186 0.887065853269242 2.9617351866296 -2.47419372646759 -0.776752803398313 -1.17635003696284 1.31617315965716 1.03030501621218 1.14967751433624 -0.0912207082529406 0.590829779844689 1.33368059051816 2.54795301143083 2.05192348715898 1.64204434847684 -0.628154913408014 -0.571470790671334 -1.41741643836652 0.0514668086762949 -0.428549085082033 -0.335714641561764 -0.0413212510090081 1.55901508835456 3.08612287446186 0.620488237443318 0.14583804064304
"361" 0.803228782067023 1.3028059540287 2.01926945999221 0.978483685268553 -1.54253791891143 -0.673523006534935 -0.412952602294132 -0.0408681015433315 0.236703308759484 -0.628305304935705 -1.76269552595537 -1.21816437016732 1.68857796482067 1.56900902461633 2.27117076260626 -2.66227383267149 -1.46968186585004 2.47525887931156 0.825338605387418 -0.297408200686269 -0.34001505153419 -0.536925290234708 1.64027408369466 0.0695870849424135 -0.176442410076598 -1.69907376845202 -0.410464284380323 -1.15283380020179 -0.814624712318308 -1.30436156568469 -0.141368413135013 -0.955750169435381 1.42248976217769 -1.28698008939149 -2.77153359678965 -2.6412719739018 -1.63283365829389 -2.05476348583647 0.412425884887092 1.26652407142242 1.37076489762321 0.982553456481628 0.809309589806849 -0.47722128686129 0.35214293692656 -0.786298026601797 1.63975839962536 1.00570885674335 0.490610813825311 -1.62868363221056
"362" -0.783989639026651 0.698346788536922 1.56712521354788 -0.692498917598493 -0.448927384651991 -1.03045103231354 0.905699497802934 1.77805157504485 3.19894121350924 -2.57139586649646 0.353116510766215 -0.191953367961045 1.49245032793064 3.07845051433701 -1.42907385452537 1.57372518226458 -0.52050077695306 -0.652328380664229 -0.142855329543247 0.627686764155412 -1.36340879047019 0.562250583435015 0.537381842681972 -0.421630241916137 -1.07315845559766 -0.893863175704113 -2.018372263406 1.09044537929514 -0.449037891323857 0.301654852174075 0.324475802816353 -0.754776336729978 -0.965165695565331 1.85927384918036 -0.643404459232665 0.210489649202707 -0.863697835742481 -2.53039740999335 -3.73145113459169 0.653416904022563 -0.589337002982591 0.0643270059865171 2.71696109111896 1.46800283883022 -1.00235910087485 -2.22769961814402 -1.48462128154005 -2.45445927817373 -1.72927318631414 -0.78300611354489
"363" -0.801892977164231 0.57198250393303 1.5977744410152 -1.02489422352089 -1.1229754076215 -1.05701876909202 2.77368467809506 2.60201173904155 -0.0166926296124442 -1.1883507765811 0.986091455768937 0.121899674932817 -0.666404619417981 -1.69296825763013 0.67434390113638 -1.77810712007164 1.04388614612045 -0.239063286943832 -3.14663730997905 1.17718268003672 0.214583822759957 0.0391276467062395 1.76682914502144 -0.312364850596807 -1.59143329622823 0.665067043323668 -1.08387231979902 1.96097128430597 -1.96341330910793 -0.35633975009033 0.206848668752368 0.118974502182661 -1.25627142743551 1.72833216936311 -0.66257849687252 0.195482120355671 1.65679194398884 1.43585862496646 -1.19803031539754 -0.922956707226828 -1.90928819927477 -2.61400723307627 2.02699585659144 0.909592799370135 1.31636502427143 2.5122812561118 1.1050996162505 0.361796714080322 0.881614312533924 -2.08764443663004
"364" 2.57374460632283 -1.30743323862824 -1.24881832531501 0.896616089696387 -0.115976379168725 -1.31089877648052 2.22139135218538 -0.168159225645425 1.19177556914952 -1.45486989106651 0.16864135053582 0.00362801941890703 2.05176281470573 0.870887365305002 0.0525352875839996 0.930098690775836 -0.118342667825077 0.163401891992312 0.366274295852575 0.497465372254643 -2.98636024951992 2.85594500405996 -1.45575886017965 1.34772298330036 -3.1292887196383 1.14185629398898 -0.667551454335995 -0.0972429160820048 0.48748912776423 1.49426127150401 -0.870927069366234 1.52927698890731 2.79066617857704 -4.39819394192381 2.37195457576977 -0.961689197570424 -0.862104520856925 0.962556777940147 1.3280082103325 1.13879732566966 -1.51528601611324 -0.955256161708969 -0.753843821537126 -0.481571000666358 1.09074079958883 -0.347934657966136 0.0474665829473482 -0.381800201840578 0.18229357898581 -2.0881604504351
"365" -0.246314036828612 0.46755495160601 -2.44575739763614 3.38417722356955 -0.0467074339715691 -1.28765393182545 2.2577937771529 0.155000969323436 -1.60077750804837 3.37285068152639 -1.08120778951573 1.37895675567215 1.05738098564123 0.92884620741039 0.14849042020181 0.0531110812388386 -0.371920661265249 -0.339795285599659 0.0574137356920198 1.52625103019384 -3.44058439447161 -0.0761365633110158 1.46834805108307 -0.232810807761521 1.60307820583958 -1.1880286376014 -2.16483991743135 -0.456617677737288 -0.268832593540825 -1.96394613687297 -2.13616975898427 1.94504551381213 0.501221065972786 -1.36573799541423 1.20690880188673 -0.708953176544905 -2.36666719751355 -1.7436430587015 0.341539243806318 -0.816155730514986 1.72477829480083 0.317128954883359 -1.8946967733078 0.333508549639774 -1.37852489730759 0.395461763155947 0.735695843165407 -3.55581037232335 -3.58428443703791 -0.773073553192453
"366" 1.76148548075577 0.668555660004471 1.63290811539729 -2.99608843777828 1.66071126746736 -1.65483527879318 3.40044686665944 2.39079197862454 -0.206363139520998 -0.600477732741685 1.2175034026127 -0.79893936925434 0.217136277611837 0.681435168817068 1.80090388984519 -2.66884725220243 1.08522330222643 1.25181264873506 2.13797633243894 -1.9854412020653 -0.992208981789104 3.48236329517369 -0.94295890266436 -0.778793599914767 -2.21067660659573 1.90078244013062 0.859544766071497 -0.0696356234159312 -1.78502975098447 -1.38506455946058 1.85997263611084 -2.50653352685801 -0.80264153548039 -0.339935275023972 2.52267595178748 1.2019778926311 0.154379512919403 1.56365209637278 -0.221766864740049 -0.348152130610623 -1.44432217860876 -1.1815707353246 0.12507159721977 1.51391669495652 -1.13362878612327 -1.28631736586653 -2.11884578651083 -1.35099898466779 1.32805653025588 -2.52005160114659
"367" -3.14327733283129 2.33423673691461 2.38718117254049 -2.1397311375209 0.92998569157815 -0.304790153039921 1.54885360303261 0.84456940887951 -1.88326979523054 1.91265521414081 -0.251011926614582 0.820815118604336 -0.269743548610349 0.22842428583229 2.08560300937621 -1.13721965644178 -0.964945499992898 0.721413066841812 -0.145357059139463 1.37944698532864 -0.898317463018352 0.495181401548432 -0.49395674873137 1.48603033435364 -2.59997237488194 1.32167003428971 0.10151248442475 -1.68634258956339 -0.342538054673101 -1.21070327033433 0.714754168421837 0.752243870996241 0.561999322873235 -0.424711721002039 0.0109584839262655 1.64847787717146 0.53742133113178 1.81281255167809 4.30987249901342 -0.204418667576571 0.424792569150089 0.0281391105781403 -1.45829375802415 -1.86225405452306 3.43105250823693 1.66172327536634 1.08822049427231 -1.56228152126182 -3.94158659911038 3.46804580807598
"368" -0.96921355618508 0.15661764102526 0.448708029472203 -0.917837141177691 -0.00357640764952002 -0.950783529210445 1.28840816051486 3.24582563837036 3.78168372039076 -1.03961502316591 -0.606374029274813 -0.387035827482853 -0.41067356180473 0.589670686009786 0.0562106014712786 -0.493474072319354 1.33829482632454 -1.34152134843287 0.156102031999557 0.146809347458422 -1.5717363352632 0.674018647763638 -0.705034576553205 0.734006893939323 1.07655077162984 -1.17032345959298 -1.97121950430257 -0.00326345551341319 0.905159318145416 0.437741565965937 1.92113426530063 -0.379112620372861 -0.469813605504447 0.908147765440713 -1.04011742574597 -0.654188204186554 0.4111238217207 -0.711470513055466 -0.969157137380189 1.0032442585469 -0.993122128300654 0.0745075561207316 0.143683321522224 -0.144335515560903 0.399439101257663 1.37835301937028 1.90907484472192 2.14845183419277 2.02685898771978 -0.98187722784507
"369" 2.36421602252797 -2.19482946472447 0.9441009713353 -0.129180579435611 0.676263862680162 1.6028474834094 0.376704058220158 1.77622415698975 0.640062695329869 -0.458426173438951 -0.978942066180967 -0.197444687901338 0.298231211249647 0.063656634696317 1.31311843771717 -1.95951692924414 1.0037892583106 0.0206312262621587 -0.186393158944731 -1.77371926283188 4.53078540645484 -1.12187087346173 0.777128987248682 -1.46869311782864 -1.22223930002896 0.828367404305287 -0.484659626423281 1.03585452605742 0.360171475415291 1.88039467061481 0.900768780504068 -0.97178666528018 -2.03217973466258 1.45161587856019 0.52229074609255 0.180395894038699 -0.24956270707383 -0.98203639562463 0.447838092688097 -0.979513958758664 1.88198978211157 1.12844091075282 -0.541335627342683 -1.06451958148291 1.41428187326002 1.61909444210737 -0.0435772147945296 -2.26215034057771 -1.36906594307487 1.20271396442274
"370" -1.68332719814961 0.428138258023042 -0.365561740670455 0.352401120107283 -0.591739766740453 0.820462374902118 -1.01086003534879 1.43347957955237 1.11125377383666 0.646415296918383 -0.895299585634746 -1.00786693926605 -1.00006902578365 -0.333512058551984 -1.19645600862733 0.825681047396685 -0.669070204511934 1.35469571931197 0.904081233046379 -0.139178586720185 0.866855547927497 0.551272049067221 -1.33062828821146 -0.335642005032248 0.602328563354239 -1.10440998276505 -0.424491699147314 1.16602344418539 0.791065287822531 2.24824161555875 0.78128335401339 -0.427224309745143 -0.344242546834886 1.59034497366122 -2.21727987457698 0.670639861823624 0.687537511839674 0.936505408390708 0.478928180282735 -0.0895666285422614 0.486291108638007 -0.00446808473865143 -0.211715281717585 -1.09638531551187 -1.41827474340513 -0.665864709560248 -0.0895917329175218 0.522372286337295 1.37203789616668 -0.673564237173943
"371" -0.945635701811868 2.01641767833174 0.45568160629885 1.70094155982894 -0.199704872215515 0.562624548655516 0.520723608393002 -0.0307278483503562 -0.26680476783726 0.639555210571059 -1.95087582199653 0.65339294380345 -0.239912900456971 -3.05050916970151 1.95203694056383 -0.60462588356603 1.50133624107547 0.119174451553633 2.22330812205826 -1.04328133049726 0.595817395167412 -0.00105891029236208 -0.417919488004232 0.758570501060386 -0.501737952564473 -0.703057031507337 1.64917633038682 -1.46726275407436 0.21517192990652 1.67179322262069 -0.165294813549025 0.22264973586512 -0.440381224039265 0.187409764488177 0.568868275712299 1.68136890730695 -1.04513503603311 -2.21515706621447 1.09324223821468 2.84221140278587 -0.529272416160469 1.69138048912393 0.224361816435042 0.49610448835145 0.599629566519295 0.648377102855242 1.56639420477803 1.76986352112237 1.29324399947841 -3.12377707127585
"372" 0.343779130188161 2.07066377968554 0.769206234373986 1.4553415140052 -1.38570636380934 -0.0150802783420399 -0.550275174388603 2.00805542289936 3.67643864586339 -2.22723305996485 -1.53092292475088 -2.09188310847912 0.301850870920742 1.2262248972542 -0.482965545929541 -1.49366107762458 2.56955375900556 -0.326255638276799 0.887302931009256 0.324418067466839 -0.140933698658425 -0.80702263220425 -1.17242608116426 1.25305477269217 0.333402748247685 1.5235576207461 -0.243162058883738 0.892978100606199 -2.09268359105086 0.814680393914852 2.15581531948666 -1.95869367943936 -1.90824494023327 -0.686917423539294 -1.02069970382007 -3.98762991524711 -3.27706771451625 -0.835547950276274 0.85795088306 2.38968928994623 -0.287133613945212 0.94059615459595 0.535517298214758 -1.21957447565749 1.03156089303194 -2.79986755046159 -1.12135518204864 0.362103422083896 -0.0778522096434456 -1.66112471398086
"373" -0.306140591929537 1.99531981581892 -1.04580731920824 3.50620359718613 -1.50052629979267 0.890561393090493 0.688876813445117 1.08691998235854 0.17440181356099 0.429377959712861 -0.982146298105442 -1.15866642181743 -0.737168486373519 -0.611901628686698 0.209989592131256 0.571869345346298 -1.32664624402168 -1.00498751009642 -1.51981256545853 0.86192418957307 0.551449241974716 -1.50401319192521 1.76211781690368 -2.29196341365057 1.95283100754249 -1.61467640455242 -3.3759390080078 2.28652087854744 0.0366291847337173 -0.606314856444408 -1.49409919590178 0.930049558686557 -0.111787420204401 -0.842340729647127 0.899810796790161 0.0344785226722879 -3.48150936101393 -5.44385070910152 -0.181147788597688 1.23020753025383 0.455258349698971 -0.4124112754188 1.71616227552961 0.61153944097206 1.53620262583911 1.67214926650036 0.162086488972783 -0.516522500165902 -1.2336423804708 1.74874478825671
"374" -0.253351930426104 0.861133690055361 -1.23927607760963 1.54063229424799 1.79357569230534 0.702198348147207 0.384942222777775 0.893613554365261 0.178445456595738 1.16898529985703 -1.81692888852691 -0.745930104752479 1.42306156756887 0.561141306653759 -0.824239330304361 1.09433321236539 -0.568845867516652 -1.75107338223813 -0.3445161057793 -1.50948775958272 -0.831586263766182 1.02469144143773 0.0982010461758394 -0.324890185399682 -0.301963146637177 -1.40705525175532 -0.326673154180043 -1.21496435412181 1.43260892464497 0.766671907167574 0.503228342655051 0.551620631501378 0.405391466407646 0.728198275951302 -0.846303989095244 -0.838665552639684 1.52989501409488 1.88495797285287 -0.0724858165762337 -1.26615165078682 2.58705451963819 0.0403809596777129 1.59190802761864 2.62504645577069 -1.70929976904757 -0.445917329579914 0.640685220117588 0.522631633255197 -0.166198199091462 2.12787031781744
"375" 2.66589484708276 -3.27168079301093 -0.86973561901775 -0.924819381034506 -2.08311854585893 -0.874490073689175 0.441171330965885 2.91661469400636 2.02571469510726 -0.55168228160338 1.60930808400854 1.8931304519207 0.941495794190129 3.5071095900526 -5.06519119117509 1.10021075173281 -0.381931560789469 0.789596967176459 -0.370365582865355 1.18449920054888 -2.51809375195459 0.397813002213749 -0.461205337500566 1.07574808059087 3.03804085406204 -2.20744056733018 0.161945093765187 -1.66021612020479 -0.343305969930802 -1.77001653230676 -1.18742919251927 0.506744557259125 0.169794218265827 0.46031955988478 0.462819171578616 0.563457784703452 0.138172779241302 -0.809823720202049 -2.55468154323468 0.452562233374624 -0.574116057211219 2.04130873394472 -0.282048805735437 1.20314960113445 -0.189648080026271 -0.0748999558773201 -1.64432030827922 -1.34841564284651 0.730189563970484 -2.38519690335864
"376" 1.17940258822345 0.328338472575674 -2.14062006433117 3.00847561800488 -3.46021254959633 -1.03808637000308 0.135616162961779 0.83464051105231 0.344269466526668 -0.375924300981978 0.108046056337881 1.13277437189259 2.7209028192644 1.82291286181757 0.989693982572222 -1.56213686349674 -0.500422392462093 2.27418810569301 0.865377421343429 0.312636017694372 -1.00470730403235 1.39956843746431 1.58077360499057 -3.54547674515644 1.72712405858478 3.20501408821959 1.71183142427779 2.08014207760681 1.1791362955586 1.20735561925571 0.522611387834178 -0.960692619790875 -1.49468314947227 1.33102098968532 1.2227240109746 1.35269094519425 -1.66636292597921 -1.75578964048989 -0.551841754515475 -1.13979115157767 -0.083793600156523 -1.1536179545216 0.504796298283055 0.505418419905135 -1.72186344870161 -2.8415000318167 -2.41443314988445 -1.0837048669365 0.570570397279042 1.06628230952954
"377" -0.164776007739409 -0.460750227296623 -0.912107714187161 -0.022178856578781 -1.66281764652282 -1.41747533140027 0.483282507230691 -1.93567717890112 -1.69115053713203 0.0089206446880164 -0.262105631491453 0.107257157472491 2.38344275141469 1.63852310590672 1.16286579980384 -3.29463680440432 -0.820921546493168 1.5462160022058 0.608688918920226 -1.27890437143708 -0.988396659900615 -0.494555174281217 0.142615638552719 0.306023185530984 2.89709152871581 -4.33095044740355 -1.47141082484232 1.18992079395429 -0.207356511979297 1.0861607016999 -0.282567592863155 -0.53153279772514 -2.09169843256425 2.34401837727748 -1.05839503975258 -1.4157990258503 -1.70246362703616 0.282167721222818 2.04882878422092 2.05026885520351 -1.81518684642472 0.656510233921191 -0.362348336235569 1.64642381831617 0.425308564113048 0.476848224439577 0.866080444423402 2.83848523236301 0.901099896790843 1.06912462074587
"378" 0.983719197719686 0.861938283280316 0.38702232359459 -0.821447372771575 0.983816105906659 1.88816201485285 -3.23153277465816 -2.37521030077484 0.45852929783478 -1.06402505542611 0.210054878659273 1.76434664186097 1.08715036030224 -1.59839339076202 0.511490712036552 -0.322101916873828 0.863426233346273 1.1755928277997 2.05839224086983 -0.0505936964151434 0.769367823133469 -1.66726676452643 0.692927726085775 -1.91332974437605 1.13966107402756 0.992047620108615 -0.134373308869874 2.51484244266558 -0.901729102970337 -1.08553756542946 -1.26868810418299 0.781587793048543 1.80359655849578 -1.87456131075279 1.05608499275795 -0.0508025292309983 1.3433547959182 0.978332598268071 -0.167390925898146 0.904534040924911 1.09164694820324 0.932735227844855 1.44253027006472 1.90929264218535 0.412930204876077 1.47081156853214 0.313512115618051 0.551725220096302 -0.514526570049286 1.49168150210352
"379" 0.980202539096477 3.51471597017778 2.25450779266574 -2.94378146715757 2.13435525108999 1.44022835599628 -1.55861196474927 1.9710288927087 0.591789658033413 1.41645569977557 -0.100290834993046 1.4105238428567 0.40471974267845 -2.00632584602783 2.92113658089209 -2.9339011523376 -0.832905418247819 1.73353386117947 0.569098684247961 -1.29216576890119 0.313511218367182 -0.879503737618186 1.53192149139599 -0.696213935251932 0.374316703775881 -1.04813728751321 -0.700838766762819 0.510408779116629 1.66269506858706 0.639312525323153 -1.3887740860258 1.78577183028962 0.0404788314254269 2.39557526328478 -1.73551733802945 -1.10535243563835 0.509651938562901 -0.852748827022988 -1.59593730746181 -0.397536770280708 -0.712818092625685 -1.22554025251197 -0.138433266192461 -1.05346057398006 0.0816995284410635 -1.82363011018219 0.330162690763331 -0.171883502774232 -2.19174166913636 2.31779141008412
"380" -0.748039126872208 -0.905613577246288 -1.80709418977403 0.596515227489615 1.2593297805057 3.66540535982617 0.344492798209782 1.05942368882142 -0.0156277925273549 -0.622079343291416 0.328872055919564 0.278040416587046 -0.595070579013956 -1.11074558292895 1.41347804810521 -0.503824995279228 -1.27843794034519 0.761920976573764 -0.993802598247835 2.44174602663084 -1.0074870339199 -1.21941507456952 2.54906430275886 0.397654577116542 1.02263410028738 -2.49192328762052 1.0405895599656 -2.3085353772985 1.14097239332918 -2.24531188431834 -2.33926524832117 -0.392328568842464 -0.209788351550662 0.541697657845536 -0.251757556060599 -0.149520489046607 -0.0465740344643406 -0.226149848933688 0.620834337363047 0.509993965811543 2.30220635072547 4.39827870559413 -3.00159585558786 -0.662404321954446 -1.43434341902829 -0.399423070176549 1.23876519816077 -0.629106738073753 -1.51563571714411 -0.270684838736928
"381" 0.524820346315651 -1.23561168025608 -3.10940767163461 1.64805541722249 0.790206261913666 -0.749863581565754 -0.415667356719732 -0.998641245513642 -0.662139682289327 -0.403119078797836 1.68530333925896 -0.407428188234741 -2.21358771252745 -1.33365304903308 0.674388642947805 -0.514207087397956 -0.312309743846128 -0.109439930690396 -1.88769817523139 3.27204029908845 -2.26124590741216 0.486006640615904 0.0768072888422561 -0.0242452017795774 1.22648546943725 -1.02264869595462 -0.804995221518585 -0.111784966486861 2.04496012372705 -0.353967262415684 -1.08676368338663 0.248976565453266 0.188908072335536 -0.652354055207598 0.726038500070682 1.50599534158366 2.65820797223254 1.4068571433847 -0.352172666694489 1.3068171131503 -0.319931404769941 1.31908915660443 -1.27301666150591 0.535106349666171 -2.35231435671015 -0.782813436978904 -0.170466490611721 -0.547775251534624 -0.423284506063282 -0.547478938690008
"382" -1.53243753564166 1.10317288938119 3.08133582764995 -0.41028174246496 -4.26661166349813 -2.9048501190269 1.17125868909232 -1.03905129082499 -1.08061348063006 0.773555607782197 -1.85272866553688 0.418303442912875 0.841424884988315 0.5948748415426 1.35455147178718 -1.3023391559037 1.01570979646062 -0.877717936458566 0.125969989615236 -2.07827378728796 0.209258385563833 1.24021119781648 -1.95040599825192 0.858904570538435 -1.28792197613946 0.288537792164646 -1.88575663027102 1.12254425110402 1.46871415950834 1.61077772240887 -1.27108547457845 4.14685833336378 2.89791289225106 -0.936526645776074 1.51048324179232 -1.37536256385249 -0.624480840529556 0.824978230047835 0.924010651035009 -0.131600038405241 -0.842613837672962 -2.44749846237565 1.49362123846683 1.33646874637059 -1.10338039607749 0.421451246696987 2.2944008753082 -0.204097985237279 0.850363438401771 -3.20073002152783
"383" -1.2961448267207 1.71124269724851 0.0246667021997956 0.885053222367618 -0.0899723166061816 0.450838412524566 -0.572018462621069 -1.56992410002227 -2.49540833800661 0.0491834437868226 1.42626570464164 2.75419738283152 -0.293429263310784 -1.30612939058824 0.205074575601561 -0.655506799087545 0.316186879616963 -0.14683177504879 -0.00392733750870286 -1.85964450233169 2.43303953467528 0.0120532486985771 -1.33641993907397 -1.03226775038483 1.17022990395874 -1.22949658591986 -1.78996688615443 1.02844235333827 -1.27246127067042 -1.08772206890258 2.67620450009464 -2.10755790214655 0.858676832005972 -0.82031376512917 -1.27976866132708 -0.191679626406287 0.678229652298292 0.137178898248384 -1.58724609897272 -1.83874996399551 0.945705310299412 2.3959218765891 0.451261025590536 1.97832271742646 0.262866423550192 1.78217528992108 0.956478184049358 -0.481341897916674 -0.737149637350213 -0.535999044410804
"384" -1.81348727182406 0.53209216081682 0.479470619185597 -1.91624343442326 2.50446009482056 2.54126815908227 -0.466679198699032 1.36166556956773 1.75766486390264 -1.91045981411449 0.230108261376158 -0.679036184419474 0.365293872151428 1.18857423918435 -2.82730598676783 1.66849001098461 0.668994057924321 -0.391028957990238 -0.450198292547184 -1.87982272425962 2.50941068822248 1.18791392885281 -2.77023992778456 1.55927158419714 -0.367699183501261 -1.22146461843072 0.376502731649248 0.681263114081226 -1.29440814827845 -0.259241184193022 -0.163556371075166 -0.825058137766509 -0.56723267709397 -1.28117172889068 0.718930483769113 -0.243365037069111 0.606750902286154 -1.44882827864735 -1.03859860607528 0.337376856052031 -0.696809789969189 -2.33338343756415 0.190893140873989 -2.09971992884494 0.185204336306008 -0.810518913127287 -0.738227488609929 -1.11404774414159 -1.00783324698159 1.86473805922287
"385" 1.49723201886872 0.531127866339017 1.41668401712279 1.68211022300273 -1.60733926553611 0.351119762415617 0.946628525970055 -2.27026124335692 -1.21259844813432 -1.58846120446565 -1.75805198388299 -1.61550869685016 -0.644379069197944 -1.81536181133069 1.26956756907397 0.326428578058232 1.7470988211859 -1.94822421927027 -0.750068228571622 0.9062234398555 -1.46699555830928 1.32496060183696 -0.357313346367714 -0.0723730192231234 0.134232780046788 0.442657674044896 0.993172152311624 -2.86362373277185 1.76586167709592 0.304978999134804 -0.0996291388371368 -1.51550623703163 0.890368977555151 -4.53262970580228 4.20944091534918 1.22057851602153 1.15042744603405 -0.43842657789831 0.169402843181382 0.522537629461239 1.0765876065665 -0.348466170677227 1.22520404387189 0.270362800444051 0.290352684405119 -0.683672802480357 -1.7498438063301 -1.33885675948857 3.28035216115806 -3.71467749939044
"386" -1.46408445339462 0.996180257540034 2.3380899656969 -3.15311535770991 0.589085683539078 0.17432968025145 -0.0499856462365121 0.792869093719528 -1.31291130918115 1.70051031267051 -0.191981589175442 1.22084817057046 0.381532501190668 -0.288838630993487 2.93747723947445 0.19838806210441 -0.45573900219475 -0.300926105209868 1.06402554765184 0.817191028948022 -1.80891768861309 1.53635594702418 -1.12385719075235 -0.50381004845226 0.201351001997654 0.51357205397763 -1.3710080916363 -1.78133083298136 3.80497339768047 1.20656546158228 -0.545709972051902 1.83640519604436 -1.14030437798673 2.19404976678696 0.620516639527189 0.128614318397104 1.22173496007347 0.923748923042515 0.61401956957737 -0.687672813932684 1.72466109081762 1.16849432440607 -0.407445280926951 -1.88103631440032 2.43473757476937 0.620728022671364 0.143585636164043 -0.389766972448707 -2.24683739083471 0.438221137217987
"387" 2.26109761620142 -2.05366734910186 0.948921464855664 -3.40718811230951 1.23073954563063 0.030371142785559 0.0182656161231303 0.00673660468457959 -2.73283669569171 3.6658703042896 -0.996168011315598 -0.422670579835105 0.0737382428742759 0.923450035434563 0.109214134266354 -1.77464952012768 0.430304639545214 0.441448020710237 1.05733052639872 -1.97612599507423 -0.407141104299996 0.907672031697554 -0.788375547632611 -1.52705992677547 2.35781948656513 -2.25883433975549 -3.43334790599429 0.193887147236935 1.6243360366088 1.11671288548687 0.300232366051375 0.532513596877039 0.451522425296754 0.631609542071656 -0.920964236058986 -1.25670277516534 -0.622596888403106 -0.950107496065378 -1.97809664468861 0.12420453482114 -1.91079091218104 -2.73168738572314 0.559745398804283 -1.72207072909832 -0.216476368659038 -2.35588912652487 -1.15053189252568 0.938363883827769 0.702066932549913 1.45489069501138
"388" 0.726757271892936 0.0801734050645695 -0.80212653894533 1.31397804770007 -0.307168551527778 -0.529496293663402 3.613546641114 1.76976744423707 -1.28709408094711 -0.156272502604409 0.827691257706245 -0.267996678644262 -1.71822369294713 -1.2579652503302 -0.455155200574523 -0.177985547527907 0.995495827237181 0.112417923552865 3.1404145837415 -2.6810192101612 0.685472402518782 -2.53863327338741 -1.06092113040976 3.02459794696372 1.06164337315083 -1.62684338837747 -1.84577403593059 3.09843339312442 -2.17669900519812 -0.457359640272659 0.818485502536597 1.61626730308528 2.32789650763531 -2.15643216031144 0.770536141962078 -0.427199115295229 -0.223953214414578 0.109983942222568 -1.48393101440278 -1.20975622935993 -0.0621787774283097 0.833539638201876 -1.41251508586718 -0.425054537399423 0.13770331719634 1.36552511036452 1.85208362612512 0.476634833651887 -3.97839567637171 1.65804747078787
"389" 0.506098624603044 -1.83423485315551 -4.63933714548061 4.16542282442368 -2.8599984542165 -0.435432958310092 0.00655483217789237 -0.942416955039687 -1.88373155385025 1.03510191771112 -0.699231251973527 -0.298151513342714 -1.433544482207 -0.400334629531862 -0.202277416051992 1.94606720973781 -2.63555432073403 3.296868695878 1.28449731224465 -0.574164388734412 -0.22171817088817 0.0498246877843252 -1.00215172395644 0.460750884291463 1.30522574753358 0.0638780761415423 1.70715143331483 0.791982371450257 -1.77271413049559 -0.440277514630973 0.695181671844641 -1.38372330310433 -1.07106148124584 1.15061398802113 -1.29641462488053 -1.3619704894078 -0.793594064938517 -1.42321429805967 -1.79447704584171 -1.09760589251883 0.699416131836983 2.12125922717527 -0.805989106097545 -0.900399385033782 2.05715216425958 -0.288808713004218 -1.4204889259568 -1.72240494579376 -0.839409414672464 0.156620646628021
"390" -0.346042449849571 -0.520521887351101 1.91889966710193 -1.78068991534644 -0.119168315176975 1.63370535183813 -2.1527193323841 -0.95186663793096 -0.835452299815054 0.227748839889985 -0.359592866497049 1.56235134616124 1.5478579350297 0.969507678552126 -1.45099502532025 1.70138756228225 -1.4035511328612 0.955782687004711 2.5256843773706 -0.470161096084395 -1.7195008617456 0.371242209677853 2.31588635441525 -2.16617402044752 0.141038535988204 0.12927836959919 -0.970943271732032 3.22035242794569 -1.34342597251351 1.02062787968132 1.02193952873853 0.268468276304634 2.12533846025842 -3.00132213870225 0.376472423642923 -0.986942173974443 -0.978117491337227 -0.999300934193474 -0.674228263541714 1.73425963520122 -1.32666328799092 -0.71389367782211 1.92527300416495 1.25517310343211 1.79100218733208 1.8652472533676 -2.32953047643973 -1.8401044652103 1.24016003297251 -0.402343300685601
"391" -1.81240406841816 -1.04667281546232 0.179673341680863 -1.48197663283307 1.57323500738558 2.02544053237742 -0.845031638838574 0.386009158568481 -0.448539244360971 -0.521298816414272 1.45636262631756 1.64841102269412 -1.5120201379333 -1.2158039581319 -1.53948487112581 0.453851146931886 -0.912264622857096 1.77142982799417 -0.61710190627299 1.19332424685082 -0.570227938922541 -0.0885229503563944 -2.14382299549455 1.953013174067 1.74477454019491 -1.15829703742639 1.61135449005878 -0.423689877893667 -2.69065053611618 -0.744859529096583 1.2247981133439 -0.31086115213248 0.962897645913728 -1.61549374794155 0.997500903253099 -0.100351883009739 -2.34978912653709 -1.63809771995066 -0.830108759580279 -0.139964007011384 -1.7411361128275 -1.36950673433271 0.0531501097182708 1.11370604614803 0.951173462095297 0.947416994402747 0.47927296496776 0.860314935383609 1.10065694511701 0.321714912671293
"392" -0.699129102973532 -1.73379630777894 -2.17336708968676 -0.115873938346591 0.977347870788428 0.338181670506807 -0.181395815680622 1.27719574073393 1.83079377366314 -2.06226079993538 1.31386742126098 0.893574584837858 0.696232801906319 -0.525702747612028 0.874203553655549 1.63908218805313 -0.39740922314929 0.109028860431975 2.80256823959851 -2.11703215276575 0.941018565290127 -0.420294774639169 1.03858701733725 -0.175326657257893 -1.68940077967923 1.56736930593393 -1.28284891091053 3.9742772173678 -4.02117899107791 -2.16889378634031 -0.978786340722754 -1.04739721167424 -1.06573041251671 0.785815947489587 0.0399214552142952 1.38653550214823 -1.96577288977661 -2.03470909995604 0.575836198124019 0.0496866325867232 -0.968146368929376 -0.078263540069896 -0.204089318771587 0.206977249545703 -0.234984165821705 -0.130278921981521 0.258901200787931 0.211008751055656 -0.631682914230512 1.40019107395362
"393" 0.834755321558811 -0.115590377593119 -0.503738155791927 0.291313588751877 1.18936272651899 -0.769325372157193 1.75227999609574 1.41120587535407 0.983437588691865 0.627912243126266 -0.610760569248842 1.2615903907671 -1.65363257908725 1.54201912732708 -3.12012463224317 -0.343213832790764 0.427995709034943 -0.649501181557244 -2.4192702132252 0.038551259060986 1.36095846241545 0.589790666735628 -0.172806395557591 0.2121459504759 -0.94610685014078 0.924907082774864 2.96647203418947 -2.79968112836354 -0.408169555458422 0.18881553656681 2.55312116313117 -3.1261277626118 -2.729135594987 0.83831063448076 -0.265945575248553 -2.68123507201762 -1.72249053994529 -1.64310398236281 -3.10299136844867 0.955587980596351 -2.67918193992771 1.17575585409437 -0.825904953045576 -0.687442536215501 0.34137705970856 1.80518593135261 1.93191220351475 -0.392831534953935 -1.02007190968159 -1.5004391429408
"394" -0.238057359610022 2.05381154228721 2.19625200889517 -0.36616773227188 -1.62374537917112 -0.547315991874012 0.186659506631041 -1.84546436547435 0.460432400557165 -1.99794974294023 -0.151488301967667 -1.39368285420188 -0.845811896770331 -2.17071649847365 1.70328073069178 0.484981504391032 -1.25694539295095 -0.945975066208444 -0.517230773248836 0.127882858900332 0.881432771356017 -1.04289256502783 0.579961994421937 -2.73822054367752 0.799419828024207 0.237054104091672 -2.67879937964495 2.09959119006956 -1.57453127571665 0.372804620212072 2.48950968071464 -0.30228933347197 -0.227053786530774 1.39901108735756 -1.28016018148378 -0.53812143447442 1.1458050404202 -0.711504671824319 -1.14619402900054 0.551021424661425 -0.215575553372309 -1.04219578258305 0.836284510586134 0.564044121491357 -0.251576379613814 1.29904478064096 0.324759459182795 0.335547012740057 0.69668880560409 -1.48321206301618
"395" -1.38602231926531 -0.467487664783886 -2.9784845737288 2.47805432202537 -2.16615267263173 -0.553548902079226 1.00899870231204 -0.947843219339306 -1.75865738455969 -0.146584251757004 -1.04747712530079 -0.75176687089061 1.3113151548947 2.12214611122885 -3.27600620179225 1.26226076397525 0.490138170454807 -1.56366464005909 1.83488816493163 1.03706674289269 -3.37756650290482 1.2117679891302 -1.07241542511915 2.67065851086125 -1.75376273002714 1.86779806385771 3.4330716512615 -2.78468780324994 1.24870937357657 0.376889612670745 0.121864074927365 -0.75350354220821 -1.7419779979408 1.67196006493373 -1.22017189116916 0.277744425197847 2.03120294659772 1.2949045218441 -0.305459211861725 -0.472700094340041 2.54949625836974 -1.6024754711255 2.99571673771755 0.403273359681558 -0.256463711608876 0.543370700857963 -0.564677109484611 -0.943234369487266 -0.331593292132877 -0.432112396187114
"396" 1.09877167221067 -1.46433109139165 -1.11930536805529 -0.694441894331288 1.47105745008062 1.6349954700487 0.135478237937742 -0.43667901175752 -1.59147668380588 -0.542052614911706 1.98800101359492 0.390976127749123 -1.05729234766153 -0.24025189566951 0.400723939257963 -0.0591280673182304 2.62642026487768 -3.59285839550104 -0.0688273946409088 -0.620718077756367 0.363463619317891 -2.19627200795674 2.03865808267903 -2.31341966929665 1.36652226432678 -0.146612315521518 -0.800173676663231 1.05420240057323 -1.45650048510476 -1.10298374170997 0.310340580593115 -2.36916646739512 -0.75119342734324 -2.05405087418692 1.37902065653783 0.690104635570779 -0.515289639949624 0.361690039784339 1.06795423877277 -0.211828656237088 2.35082824411776 0.749910602536542 0.723344638167793 1.02769914706306 -0.129671416846384 0.434914570810813 -0.0479469800738776 0.403757445238982 -0.796196218365224 -0.634497028227541
"397" 2.36224755292811 -2.64197275322303 -0.780004086491805 1.25791330581717 -0.74620002056329 -0.477139891469316 0.252972868490088 -0.147566997875048 -0.29322339297185 -2.02373917171705 3.46199279544936 0.794334630429129 0.130210677588226 2.25390177733094 -1.17378306697362 -2.18197140510879 0.529649650359242 -0.206701606318398 -1.2856026414962 -0.346414963384136 3.34279331486868 -1.29841158866231 -0.0360736703940359 0.916586961597182 0.0408126247646303 1.39540952483267 3.92143380851942 -2.05171846860081 -0.114538989434167 -0.913252713679117 -0.844213653168862 -0.176757844181179 -1.47287888410735 2.67219240829003 -0.859211351210564 0.643074312892985 -0.704654329252025 -1.66460967922335 -0.550957223017899 -0.303277786966221 2.1979230472919 0.21108508554688 0.728991718598854 -0.966344034191888 1.3606722286126 0.805716379630725 -2.2343010508355 -2.46103268214833 -3.22151911764196 2.60235091473703
"398" -1.51868686898775 2.23038134726295 2.29453274624177 -1.48394136093676 -0.196287925460633 0.352670640443125 -1.38827123496553 -0.884838732795632 -1.4713561063801 0.975863590978929 -0.264793603254424 -2.36837697183768 -0.509743265613688 0.18765194614975 1.18959932948528 -1.00769935281776 0.721355831318802 -0.442873001447958 -0.433901305811438 1.13832353351111 0.0193471025255595 0.423610920229861 -1.57813199160805 1.04172307899464 -0.365445188471833 -0.69067094214695 -0.413637696692955 1.60719924750981 0.419249009189887 -0.326816812954163 0.854954633731516 -2.0486241102511 -0.568663041292264 -2.43072683407751 -0.32399343268077 -0.0811610439780166 2.55546571861273 -1.15238663901399 -0.631071294762172 0.527439971715541 0.438253545846507 2.59542116844063 -0.535779703326323 1.97843863056398 -0.390489833532634 1.39265878123362 1.84182485731382 0.460389277289018 1.20004610205569 -1.86067345591809
"399" -0.413918634720688 -0.979900849057845 -0.594045140785543 1.10248035739619 0.970390574727829 -0.137226719383318 0.887437528447157 0.415960334771685 1.40176205870566 -1.29717749610226 -0.51343146725499 -0.623941155451017 -0.156651793947156 1.34097118185053 -2.12729241881488 1.97117288200352 -1.59507910207509 -0.214184508946048 1.33840016261693 -0.594570616435473 -2.59615225879958 1.62474699058847 0.845864952255309 -0.969940734071015 -0.713371886957824 0.17879216777834 1.50318751692419 -1.36300918208299 0.177130406784085 0.779041082592797 1.49533406269215 -1.18400341273546 -1.72245864392071 0.501134762207763 -0.233655872278799 -1.29256562299848 -2.36488784334394 -0.419719581390898 0.393724932291116 -1.02713873609552 -0.533241883203889 -2.28927233108036 2.13462845995081 -0.325375129785301 2.22466932139784 2.15591598586385 1.4524370558866 -0.157614164122509 -0.504402156105535 -1.75747245452805
"400" -2.05787001727764 0.26048753093023 -0.843409860792809 0.52149185186397 0.0293792070483293 -1.65830993897677 1.32878102015995 -1.30379969978035 -2.5266353360027 1.31306657384696 0.500546643425328 0.56166105072778 0.497718173747625 2.40404325545012 -2.41680402734931 0.475872578172344 1.74665620882202 -0.264440248446472 0.162296031156458 -1.15479663597628 2.56753736280999 -1.10802379088616 -1.60111040253315 1.31239377643047 -0.558854643922054 1.07248585780572 0.753616343047263 3.88503211595502 -2.22722511407038 0.558727449953488 -0.327127096540862 -1.20981441011962 -1.9016117436215 0.462912022853217 -0.715310200999596 -0.906374164094868 -0.853571567660337 -1.29415677697497 -1.03361217207983 0.570798227510706 1.42488900020736 2.415668703672 -0.540916352670524 1.74344812628382 -1.95278166225451 0.860539511836682 1.10884822209475 1.1036732390308 1.05296307768624 -1.66417356609616
"401" -3.7056399553581 3.23741639608622 2.17573597601878 -0.950307357208315 1.68795846511176 2.11212589551588 -0.771115651878211 0.470343137730808 0.622153289993506 2.18478701739974 -0.438392115724434 1.39061921862007 -0.367365514785078 -1.62434830842843 1.11096255796925 -1.6444610553256 1.73129523181394 -0.792252998368236 -0.624401496122777 -2.73140422248085 2.38810547057437 0.373554358657031 -0.709732091355478 -1.31225103028318 -0.0510749277239774 1.46108602896096 0.37178534266307 0.689943129348228 1.34663471270763 1.4501723412433 -0.53550690168563 1.82451795058789 1.92928771915174 -0.927522590774682 -0.670822596115377 -0.440729236671688 0.0576296154877914 -0.70146176687736 -0.462622015322864 1.40916664829393 -0.253256713567153 0.368467110322343 1.13214583307968 -0.862660644821114 3.20416949448963 1.20550032193922 0.786157499409822 1.11723755876055 1.56360574717181 -1.19146208420889
"402" 1.67585967284391 -0.341828241112823 0.886060834457484 -0.317241896012771 0.760881240537426 -0.72597055294073 1.6810546785644 -0.287251697109919 -1.46525336627795 -0.610080312778443 -0.955157704978731 -2.30716295215436 -2.28115340225891 -2.01219999930604 0.25200246372948 0.028674945495359 0.176844682756922 0.0825354874398116 -0.299074701574171 2.16227893259585 -2.44132365142858 1.90852361463609 -1.40157612875828 -0.906622272449128 1.77762378789821 1.69289323847993 1.80009582434524 -0.229505215825805 -0.758584809195538 1.51288592325565 0.201584367256448 1.55888241322836 2.96340506830366 -0.142819057323286 0.28202552493033 1.11165280852401 0.1163744432131 1.27758859432195 0.330352758820986 0.258685548914954 0.0477101617308669 1.78374720340769 -1.75448908755094 -0.414392817537527 1.90186722196218 1.33409347694132 -0.00390611377678065 1.09316216692748 -0.205473843063808 0.823914039056986
"403" 0.234098023837757 -0.437289231911769 0.372937200163197 -1.19864773732597 0.2903993133303 -0.475920118680892 1.13619790626034 2.37812669482912 -0.268977915707118 2.34026652331403 -0.263731269683663 0.199539975158723 1.76317609596428 2.04172110809066 -0.310028680980071 1.00043331640658 0.0972096259348847 -0.795325277261013 1.76526456427769 -0.688597079357548 -2.11596522936238 2.2616834237457 -0.883031043659933 -0.165103269495788 2.32012268924408 -2.08357403737391 -1.09864778536946 0.995357271558986 -0.636311901975127 -1.46358037384546 -2.70187074164034 2.83709137681095 0.329847859192018 1.79324490204226 -0.440376472239675 0.493236070094555 -0.927952641819364 -0.147251989709089 -0.68175952293696 0.26435954233341 -1.48591999895802 0.862833036878647 -1.16698140315531 0.564258708839579 0.770529247529832 1.05950656294452 0.54274478764239 -0.062620044345386 -0.0831238188981456 -0.615943402851756
"404" 0.158410282175055 2.5919289207928 0.573497618204697 0.758837430598627 -0.00227615261249317 1.62044085805944 -0.49781134680034 2.24676866330386 2.77303442544558 -2.94767164750259 1.19784630528123 -1.46887767633996 -1.60160338861354 -1.04522926943049 1.16464333699623 -2.37521763999394 1.50222430842565 2.53577030706263 0.217933886222748 3.05524100708773 -0.876943957225113 0.401147022431254 0.82979437291061 -2.04003653000387 -2.99663903416787 2.92552076162092 -0.602592871470907 0.437500306859964 -0.182464615134901 0.0568058034715061 -0.203414163957025 -1.38020907358656 -2.2515628853084 1.89974709706765 0.931590511988977 5.82940004673444 4.07830712811185 -0.125968633233825 -0.935586839740066 -1.57914281548263 -0.967858203032355 -1.66622184229647 -1.13755906723107 -0.933913133517297 -0.441331718937116 -0.193243957145655 -0.844024104484875 -0.513254801996853 1.22972787926655 -2.22473608636721
"405" -0.295822030263956 -1.62023505664196 -1.59064961526787 0.55318902445121 -0.155110371643649 0.0203786925774697 1.19520818618329 0.441089983780185 0.912833018691307 -1.93003721551493 0.32352674870736 1.42490747796774 1.80222922367829 -0.414787506490658 1.96420833253357 -1.1815231116036 -0.41423930633783 0.00866926174560506 2.23210123806769 -1.21585634826743 -1.47897940296456 -0.223197721638046 1.04596650490785 -0.822475221805896 -0.696684624316054 -1.1141183169495 -0.521560291789329 -2.69532583693558 1.65064490627425 -0.455651503103805 1.61512131566641 -2.04242992576805 -0.738044740427156 -0.0441090148460044 0.499379583384846 -2.69322029219021 -2.80754825350067 -1.28076849143222 -0.643578323679005 0.22279354388222 -0.73012222420001 -2.74331777496355 2.49263271139124 0.995851447170921 -2.57140380949792 -3.63220448508008 -1.91093500561962 0.136384077981454 1.70912575041412 0.291326227373591
"406" 0.916586056121795 -2.78404458298106 -0.635528899038785 -0.339788596569148 -0.487507877428537 0.555006926278196 0.163722164633009 2.02372243866401 1.20650380547852 0.184193173740711 -2.33166481457181 -1.84980423241944 -0.850588968202795 0.482249066465438 -2.57391056689455 1.89380044490625 0.352473288497981 0.719969321243698 -0.184187333113417 1.07628156853636 0.432352917167557 -1.22843020375924 0.475732580041675 0.43685818318063 -1.05791026757774 -0.149593713213004 -0.357052877351434 1.41273663503163 -2.24552789857229 0.884841374326488 1.6756995231937 0.709144436901855 0.885870086212487 0.455728141801166 -0.413001586211303 -0.388380329821731 -3.15243388262699 -3.13614927705671 -1.8043305333977 -1.1501872089595 3.88575387337233 3.97349725814471 -1.31844413262594 -1.37269843667778 -2.70998831533901 -4.58717676190797 -1.52195472998084 0.123760328423704 -0.433910551879479 2.02983264809888
"407" -2.40982776799394 1.11575942979397 -0.871478087360459 -0.355757821270333 2.47016482755655 1.68046066421107 1.12333193789166 1.78555066738326 -0.300612023273847 -0.656234856377396 -0.744623255216022 -1.79956079771728 -3.01955600854141 -1.12628785340987 -0.39665580455353 -0.0552465942205337 -0.459321535298895 -1.7667212115726 -2.56722150503527 -0.307895216183807 -0.971344479380752 -0.0357357247541524 1.17423886647707 0.796159600596707 -0.897112995703719 -0.327210667960436 -0.0760650581154632 0.490950973166727 -0.563516845441942 -1.36267397233845 -1.33420563801878 0.897736086508099 -0.781789804694898 0.88103624760239 0.873274503636628 1.11973580095763 0.34100866066386 -0.229298383300673 -1.38136718898203 -0.143344890907504 -0.506909231168991 -0.524187656014912 1.14605856360028 1.07602399699611 -1.24424881850298 0.831129215071948 0.413818952581264 -0.691049979309807 -0.685650580304073 1.54115329664779
"408" -0.490901635875955 1.68452186855436 1.21470535445249 -0.608672116726936 2.07155576747321 1.43725558939183 -0.511240095832073 0.356651750867871 1.69251139971405 -4.73432589861557 2.44177798537576 -0.569845959000804 0.00917075833189476 -1.41775733286639 3.60411826149197 -0.675354268151984 -2.37373774584369 0.305333122048599 0.192658029615717 -0.264322666372493 -0.681968273632091 -0.0122970592425846 0.247516132246841 1.20109366987296 -1.47119398689726 -0.537177647581051 -0.874570399203367 -0.203265078548714 1.6301369491251 0.938801071158527 -0.472360789603464 1.21382475548567 1.17956984385141 -1.14927348777071 2.66996395667639 1.42459859223176 -1.10006590825982 -0.445947465320471 -1.85609394162456 -2.79846116678895 1.27265644632355 1.9959496729893 -1.78618320092538 -0.524437983892069 0.597780390619026 -0.305623545737938 -0.179034636838385 -0.294396897118704 3.19819176258384 -5.26889126159939
"409" -3.40439281563337 2.56274062557063 1.08271450972072 -0.222357101905712 1.53444186474382 -2.94425703211242 4.95154560656011 0.375549795562533 -2.62819842453235 1.26787291948766 0.246141776891649 0.145941028667506 1.30281455510039 0.589774618449824 -1.56534059879036 -1.04710389968173 2.13290322833 -1.96209786299237 -2.57229620185274 2.07821346429899 -0.854881325725498 -0.280612688312058 0.447699992015136 -0.113954491215539 1.93624740447386 -1.62601507304038 -1.87994379765096 2.53468752608388 -1.39176343153429 0.159845424244645 -0.972363464134161 -0.421518526094707 -5.38632579411222 1.95945895535128 0.822646631817988 -1.1331708578739 -0.181771040283846 0.555680297157386 -0.924355773039831 -1.39851811453552 0.794737730315678 0.576687658986073 -1.20768807282852 -1.80721637845992 0.75627138289888 -1.59458402397074 -1.2142976366688 -2.32446141247251 -1.2929917133937 -1.59712120437978
"410" 0.614789429632283 -1.09680492629107 -0.0301908081865896 -1.60352284616769 1.08764852461911 1.3617262180125 -1.25759197594795 0.0599081746007752 -1.15046199743411 1.1349418040151 -0.183368180327092 0.407520710920213 1.31564094676816 0.592699121455727 -1.00734757812854 0.255274306867233 -0.27962001378019 1.2944933806927 -0.62759418766461 0.786643188490875 0.965009886774241 0.157390197339551 0.49721596974582 0.301444770606218 -1.34778508775048 -1.03717814177184 -1.58934450883729 -0.0297812480596585 -0.201962875569571 -1.2563745760146 -2.04898394000769 0.742488392232729 -1.00013534992653 2.15549026716527 -0.666142995456977 1.07338826038718 1.26043653264505 0.67890274954355 -0.602955535385955 0.433165277098423 -1.05333876856288 0.942550106824455 -2.83693903292815 -1.55981289342992 0.20151234862937 -0.00733524151359001 -2.02879640143895 0.211587215445204 1.16001015728516 0.263732786980085
"411" 2.98030113774654 -2.39323638499239 0.252464101497276 -1.17838300479353 1.47713326527524 0.0637193531454265 -0.154049049507525 -0.653269310655765 -0.0111263128085256 -0.382114886393315 0.398112296523862 1.24427503601577 2.90823695853302 2.14630214556427 -0.640252946603237 0.696760234688138 -0.180818333372275 -1.65629131513748 -0.092945532875195 -2.35670459167993 1.84658000126931 -0.0601974008042485 -1.15364670686004 -0.00555756861596872 -1.02301524493035 1.32065350074773 1.06175661738073 -1.5082569509843 1.09274791271912 0.437650531739595 1.52136639020789 -1.00279443143677 -1.75978098966054 1.99384727052994 1.49438775026201 0.180804312147519 -0.353281137533699 -1.725411746332 -1.82979685629362 1.50443142735413 -0.636180459942315 1.29857088395298 0.423101034119759 0.279644357627985 1.63856149738061 0.0284065137114341 0.387993588901098 -0.420947340529536 0.193119162949845 -0.435655447557809
"412" -0.919404405501517 -2.532304180443 -1.42925395808494 -1.47665561146482 -0.777160765538507 0.644925975913769 -3.40937804695931 -2.50221670133052 0.373846939734185 -1.10358083291534 -0.787557544709158 -1.66903537684423 -1.64774101648755 -0.549215995345679 0.427043263841317 -2.14669625034642 0.528871712440545 2.53616244440226 1.77799452722145 0.523547843086202 -1.51079580130443 2.47210684189041 -0.638292115233633 0.330313050950082 -0.0632291294339197 1.1844255652039 -0.351806977700141 1.31028505745486 -2.70842063744999 -1.28747928349995 1.26055551022306 -0.0514025461420191 0.387164037413054 -1.48839238097954 1.93167507350955 2.07191386867144 -0.101548397594265 -0.139153376409709 0.328939413826892 1.16744734764302 -0.760737304571871 0.797355982372119 -0.766919159554871 -1.53594516256491 1.93115669032462 0.51329524480892 -0.644573289342522 0.761416525247522 3.21157662051258 -1.76554286293199
"413" 0.472123143839984 -0.837001273243933 -1.72741726601426 -2.15902733285457 3.07870244179847 1.78532993749914 -0.295450711541746 0.605571858694814 1.66950681479178 -1.63248506757768 1.01360258546135 -0.395392018472448 -0.689856258972978 -0.582780795609774 2.42985096388833 1.77727039922043 -0.294921923678964 -1.91343747395324 -2.34596629466017 1.49107714484945 -0.581943128913565 0.344539564367007 0.585733028473569 -2.60075941719619 1.80221272221063 2.86972838886985 1.36830693027048 0.20645754600889 0.419702386776828 0.559515535604842 0.352626271853088 0.854471528764954 1.50581901268389 0.776511217163385 -1.29005244597928 0.474526879623616 -1.27820716260785 -1.05037985374217 0.475226010783109 -2.05558026099272 4.03098711807487 0.458820159069743 0.745653296567162 0.939754553429882 -0.586484948045938 -0.115911349562185 -0.0574095429944145 2.41432913754898 2.14226438789753 1.62282294472586
"414" 0.720342178154047 1.11284985502588 -0.414796289258091 0.374524348251937 1.2804335891734 1.58878193297535 -1.9058341791754 0.223602808183251 0.947761942099215 -0.179930074390436 -0.645769488919312 0.0113704047241859 0.645249832289402 1.76836328851729 -0.22822882188269 -0.1539956946898 -0.180574959781712 1.00335884771819 1.97063990027847 0.742140409030391 -3.20546441594942 1.15244662047838 1.76065161114398 -0.983976026024768 0.900303494561244 -1.10787702279851 -0.714050884523914 -0.0709729613183935 2.72243513054409 2.32696029663335 1.60699575408878 -0.84550419896381 1.20801055624226 -0.4459970628913 0.184140903729636 1.16703693656599 2.29364448232857 1.12937549818948 -0.651770999924658 -0.285891069307258 -0.613821303878947 1.0527469646643 -0.317369682566787 1.35418474726768 -0.768700091215828 -0.898629447143579 -0.566089500108773 2.41244705441046 0.0686174843618043 2.01430653862593
"415" 0.289064395684267 -1.19073014555 -1.35399089792041 -2.02530704172376 0.445853411431441 -0.28563610665743 -0.243898418528255 -0.344510646249594 0.263533712600717 0.659064881994489 -0.240630150179634 -0.0237571672074173 -3.10954264849693 -3.87166349260328 -0.539815353423686 -0.405286957316844 3.52747198674835 -1.85205115400778 0.302976652201248 -0.929952814606682 0.0424858316127104 0.358941208538593 1.42030413726704 1.07518684124499 -2.80887803422 0.224817254730805 -0.942465898969487 0.154897395341755 -1.43939369774546 -4.23372512316404 -0.456775766328251 -0.556532976286058 -0.0679481131606067 0.380758314411867 1.12820433332327 0.100953955532533 0.0489356817094281 -0.44838501536618 -1.63844591079067 -1.3511663187696 1.09769989255392 1.93335228474299 -2.46216389063914 -1.3655306347839 1.32666398812526 2.43138108111522 0.963200206552192 -1.61308238144677 0.600499294570509 -2.30054106249498
"416" -0.554602979300009 0.82970849033859 1.38117841184763 -2.42412043866303 0.212822398471375 -1.92332743432752 0.614302069206333 0.617213688013725 -0.167016253215288 0.552531609390033 -0.900202312621196 -1.65408789497043 -1.08949317630684 0.917111132388334 -1.07126231673808 2.3170779167034 -2.19936326955912 0.764870988509479 -1.6619032618101 0.345619497526114 -0.674187117859774 0.943131696906217 -0.746405523259374 0.665052487485858 1.20902128810208 1.16981807498878 3.34346180479786 -2.25670847334602 1.68879796694717 1.27478297758063 0.510645860148451 -0.710575305536572 0.574736243928873 -2.2413563229169 1.21839416331986 -0.359175764967423 -0.533751383190898 -0.229566651210293 -0.017780559911904 1.36785396566247 -1.91853496261629 -1.10109416691999 0.801113096673275 1.50930653924038 0.502632969924501 1.15646084301152 -0.529715418488768 -0.828950987898025 -1.10651436080917 -0.69332588495246
"417" 0.982130158540336 -1.81882446933791 -1.97244317771075 1.76419603515511 -0.274190133485462 -0.359913305418001 1.46391039985408 1.24948366714306 0.325272231556397 -0.0661661614790541 1.56055292903392 -0.305577608082368 -0.921375753565044 -0.160970800666737 0.0643525089237412 -0.496832551713412 -0.597457925381619 -0.0346696175878543 0.0493694287958096 1.54557262086691 -1.294122322232 -0.429434323334595 -0.180218417869453 0.763061164913572 -1.07292296869366 -1.90947360691907 -1.5418524287496 -2.11313229168896 1.92736554415388 1.06377444592127 1.44115703050616 -0.851435660925231 -0.341392562346415 -1.88010926368954 0.174248556573511 -0.521824185056725 -1.76458329550782 -0.909768705224311 -0.318664718486757 -0.806720730137223 -1.7716718440975 -0.490694653621738 -1.19909973881306 -2.01586161119526 0.971709984607965 -0.062064391637164 0.0252687075436072 -1.76647260714361 -1.46290774082794 -0.544710958526394
"418" 0.727894066259373 -0.836822654441277 -1.32693075584926 1.77491688702446 -3.48985663145657 -2.13409671815965 -0.378357718326196 -0.791339334078001 0.952808394836867 -0.206399228400706 0.825297921039633 0.60610747748746 -1.26621221870194 -0.6042514511799 0.161831474382608 -0.815475902871757 -0.151046162349795 0.432040734869253 0.0766098433804917 -1.51221968834105 1.8130720965937 -0.707849656922766 -0.509180409987592 -0.0123430958202541 -0.502205178754274 2.42909519302306 1.005619467346 -1.04439362399325 0.24939296669421 2.23030955893189 2.4645075593259 -1.16666167724706 -0.706677128733928 -1.42254657802648 0.304579594340924 -1.30854960239874 -0.617005677753842 0.369085179628943 -2.47439698053156 -0.793102377444713 -1.17958230530004 -0.801174144121638 0.559242303866503 0.876423403810094 -0.892570854296344 -3.34320296328359 -3.44206071185768 -1.71573139265054 0.927128254243245 -2.12277514889638
"419" 2.1939560129653 -0.943646901592348 1.05966296257068 0.663039111456295 0.892559714722375 1.25585844651759 0.0137359157438006 -1.21737984270744 -0.677004607829642 -0.448343623560469 -0.222094104842756 1.0447417095004 3.41877433531102 3.63725249675072 1.4973418224548 -3.1738442191423 1.58129063119435 -1.73078802819597 -1.46500666795608 0.21619739214289 2.12082734941461 -2.51053275691108 -0.567229926501892 2.93487534781583 -1.96165892355131 -0.552541865979689 -0.600380878714084 0.229265075056623 0.584109524437665 1.24459133250047 -0.663810518418015 -2.06174670630143 -1.71984407559138 -2.1089429955949 -0.472624262716035 -0.165429934266326 0.430837285345377 0.348541247437005 -1.46310787201608 -0.376894600928856 -1.33552053239669 0.389347577146177 1.11452474342199 1.24370410608396 -0.433422003970796 0.815933909749913 1.37619465441046 1.11887209145601 2.15141409895325 -0.661291382304754
"420" -0.260733748277088 -0.412991331947228 -1.93899545901319 1.13201084397033 -1.29368123781353 1.52024159673562 -0.362102847475475 -0.955316353375138 -1.31477258558862 0.269046037206549 1.84310783227948 2.35017236609131 -0.0890456464212346 -0.588230819061708 -1.19956990593317 3.0897286014229 -0.194238923228954 0.817463552875334 1.07667164373287 0.715681595931226 -2.30440581287842 2.7893757169045 -2.88114264796403 2.1672284249504 -0.524064920794994 -2.30464288697417 -1.284434874854 0.839182800584085 -2.17499720597237 -0.969199008136594 -0.863086338043846 0.859115844756585 0.08726831372526 1.12463498955173 -1.90075562090299 -2.86494404823678 -1.12286336666533 0.0827838499164573 -0.778039649580784 -1.61366845552622 -0.324983338900194 0.676032666204198 -0.704920637345554 0.064888109162436 -1.15886036789396 -2.55339369569638 -2.01632947700029 -1.51099156109929 0.992374762316181 -1.37026892580607
"421" -1.96387309253039 1.08293660938395 0.487953297821702 -2.40067887473451 3.42768230900014 1.54657291203488 0.461295497451485 1.08718904055379 1.32315098325637 -0.904693232157889 0.0966498165924818 0.119708164577829 -0.0702203660513616 1.03500424119569 -1.56573403004782 -0.019725260745934 -1.31325586282098 3.50204016705554 1.57372306188741 2.08955892448337 -2.72967661578677 0.635799573377586 -0.130389666082772 0.125855602919194 -0.360501393483227 0.654741664776197 1.36150487188719 -0.581065066449118 -1.54885100523985 0.338423772849804 1.73786183261945 0.224288151674031 2.49479809258029 -2.32181965387305 0.573286712487989 1.11894490996256 -0.739419857692173 -2.37882301369258 -1.35198630677472 -0.337822438606153 0.193938870727157 -0.511280993823735 1.47448634384906 2.10565196328055 -0.73976363381338 -0.241954282299764 -0.284021162361925 2.72654463849727 3.02418251149661 1.51992707036422
"422" -0.229296664490306 -0.971551071973313 -1.70135127787933 -0.241315096113475 0.459551290137484 0.171074023026154 0.225016106405036 2.32405990693727 1.63826247148379 -0.246153017557663 0.990513704513849 0.757027844889785 -0.315761471334485 -0.951067482703869 1.0783323501677 -0.966063361971276 -0.342428588279672 2.01366115170211 -1.46849425870138 1.82994171111208 2.029404902476 -1.04632311105568 0.311960637825962 0.16130998718528 -2.65377823259905 2.5321488475622 2.3086384580338 -2.45780075957226 1.13646550470939 0.599693708035629 -0.272230741685889 0.093883868936758 -1.16856805526345 1.87392634800375 -0.759930566825139 -0.900585135992191 -1.21404078010916 -0.875931723113177 0.301772889146237 1.34786339253946 0.357675713659095 0.664000346540928 -2.19254131033154 -2.06269677918116 1.24122888557774 -0.156428311875829 -0.994245482146791 -1.77277241065278 -1.20993162245511 0.11754656871036
"423" 1.78479210231333 0.33026183250959 1.7392189261314 -1.22241382798265 0.101024892420632 0.0115838738816678 -0.421398316814596 -0.654633688801491 -1.19061435104976 0.0334920512509682 -0.0206361385979007 -0.211106113977853 -2.94387172031824 -0.273813719869883 -2.72236419563489 0.18733370874024 0.092501243064495 2.29047041850942 1.77598543239994 -0.0801590143192776 -1.11197302127005 1.23500793157658 -1.34200863191901 1.59753939944067 -0.65892347880209 -0.75535644427284 -1.49664054596234 2.03492606807773 -2.1410962100777 0.631813503368955 1.76309355393603 0.330173001996292 1.58929542525304 -1.3480348346679 0.86408598315561 0.300477171003192 -1.21869471287901 -0.67066378426714 0.762079283612962 1.25508237635779 0.259328789145485 0.647899704052463 -0.442742461694391 -0.376743421886983 1.32789121619871 1.20842216453241 1.0159038699195 1.01851467346714 0.465018057076973 0.342278130995758
"424" -2.29932614412027 2.47677982872957 0.837891302118982 1.08101244601637 -0.766806121794144 -0.580158311082375 0.286076469454748 1.20897847230681 0.904909055764687 2.69286460753529 -3.14896420866244 -0.178702121828063 0.609869662503296 -1.56245494605906 -0.000966774065308446 2.57132363828142 -0.720509831267269 0.411676739139427 -0.519274775398198 0.37542994431085 -0.577152449669533 2.46837391399308 -0.871589566225469 1.21729291490178 0.0645185504934101 0.565138882589958 -0.412856220255362 0.360635655198139 0.261753933092058 -0.439591404921266 -2.27027883700548 1.99541672742035 2.85712359033953 -1.85707204755491 1.09322546547712 0.421959110948696 -0.481097592411623 0.90871930141334 0.416757535995846 -1.72376948996893 3.41710612567043 1.59966492576099 -0.0407462934202716 -0.537204145877651 1.69368220687098 0.0247034305856423 -1.21210549419277 -0.546992872913119 -1.03556311177926 0.396477533639076
"425" -1.83604906973498 3.37593145709917 2.51211441840182 0.00769034686540468 -1.35886148563708 -0.55498297758967 -1.65477203016767 -0.36036220986943 0.835149375832622 -0.822951368558338 1.51611668708753 2.360518890046 2.08058105185054 -0.768476205685296 0.507800537724329 -0.636526664166553 2.23110020741994 -1.46838411161024 -0.900231719572463 1.1162013665486 -1.59034217174408 2.96399357357753 0.185792143309009 -3.71223427730591 1.11828477398623 3.12990922963734 0.264792438095667 3.03273876059668 -1.10059946380031 -0.63072854243703 -0.489141100981672 -0.218950364230011 1.41835607052753 -0.0994451857100396 0.525622742645045 -1.06685364148498 -0.512950131949772 3.70621091874291 3.26781757969382 0.0353949878794645 0.270812197670236 0.281349193717729 2.012033053228 0.447439954604991 1.75395131137026 -0.527146629978665 0.252105824337435 0.72557357559907 -1.09131129063511 0.426950627070299
"426" 0.444671070428264 0.396479993527701 -0.29512971595406 1.96879157381668 -0.386309790935028 0.0894688462429259 1.28510060578364 -0.668492722526122 -1.02521514742335 0.384173554464219 -1.12073184698614 -0.44090421965374 1.12877328647444 -0.481704202387594 3.17114528468877 0.183944975420471 -1.6583828447177 -0.501797175561148 -1.57860266161304 0.816701334947046 1.01486034420272 -1.6832678235852 1.57807778069229 0.99880091441495 -2.54264915017306 0.322131971041089 -1.24606804237754 1.10899011319881 -1.25276854975233 0.0566611746778119 0.232807662679645 1.76490125957081 2.713430855584 -3.52884882224812 1.96103208403065 0.606754831774614 0.76199568185994 -0.0486665643795193 1.07144587204838 -0.895276541383662 0.727245513195206 -1.21132806980657 -0.824137453841818 -0.307340716404113 -2.68305340087606 -2.15286559713111 0.0158536895682456 0.875477933919181 -1.40722548499248 2.3621760890679
"427" 0.895263302776239 -0.119396476318328 -0.369271739533437 -0.614647397622359 -1.54528730959601 -3.21048224042488 -1.80444289152729 -3.8142099252039 -0.199068146809572 -0.367633763779082 0.313764057559651 -2.89649186983734 -2.65949949653869 2.51135186117281 -4.01180539705176 1.50893556187864 0.832371329678036 -1.94967112414355 -2.96732270283705 0.911005436774686 0.296086924456291 0.147832973572279 -2.997148183014 2.7714400657332 -0.241714888940674 -0.215451657760772 0.17192282564942 3.09936285458455 -4.13799235436023 0.0496243741889303 2.0971082831229 -1.9669179778087 -0.359882517035843 -0.481156188389273 -1.12727552011207 -0.519899616302958 0.795181733438541 0.116790891872459 0.120466995537658 -2.51123876275701 3.24100895951871 2.2411931280876 -0.618674126807069 1.2386545346668 -0.486731267229764 -1.00464746258759 -0.295176877657696 0.76127092875983 1.73828398268455 -0.122259704494774
"428" 0.246917578516402 1.48681939680531 1.44168998733827 0.156800659225911 0.73007048774143 2.35414360173383 -1.09310222632759 1.65082266817398 0.0487744551125005 1.52664064895892 1.30045704228563 2.39346613183683 0.405625233799897 0.608766934967456 -1.14726054761632 -0.281942017411756 0.360540436662767 0.999494559811687 2.72946224549649 -2.51522230644669 0.671626176650669 -0.279222272956124 1.48583156929272 -1.77870292292516 0.82621286234744 0.170718714218924 0.0968288732723592 0.720802525455657 -1.25214181082426 -3.30395191168468 -4.66777414407455 1.56824926552706 -0.870447638742289 1.712961831245 -1.24280758460368 1.20608875247197 0.203287869903916 -0.80062397104887 -1.03107914447064 0.863959832092112 -2.23786694265506 -0.873271294742947 0.974111837779135 2.36508551758923 -1.33535091144785 2.04882440323469 1.42164297893983 -0.425956191794978 -1.27214335904501 0.757973345004375
"429" 2.59115115201655 -0.194017553189488 -0.352817499800636 1.4356800798031 0.165918043367368 1.66320385286909 -0.846320478092151 -3.08364083822417 -3.63787895004188 -0.767011213370577 2.2066818427118 -0.051749394586922 -0.777847009517425 0.218623250907893 -0.812036072929593 0.496585330479474 1.51229317116843 -0.0716466866517207 -0.471274200440401 -0.0538608664929551 1.21400430717696 0.736171264530099 -3.40228827626067 0.790178942347757 0.704509364106435 -0.477842985555488 0.522947867169785 -2.17435235058052 1.97779753347321 3.44398354763584 4.1385054116407 -1.21533184718487 -0.193679201659306 -0.445063201553173 -0.871648964266275 -2.04894256792083 0.10370554823574 0.742881540976597 -0.0289793262739735 -1.08779905554258 -0.137899224601495 -1.15325591585433 0.73468386023307 1.1645773259364 0.368856598838745 1.73962594557887 0.418163562243384 -0.177721487105933 1.22788648928718 -2.2927936153172
"430" -0.0554782718240729 1.07797342777153 0.258767341348286 -0.130008367002627 -0.581973322097747 -0.858120990249667 -0.52055236641402 -1.40233309244176 -1.29404136579486 -1.82843312797998 3.48332566303095 1.67224673999034 3.20365029333497 4.67893725681187 -1.34578681847552 -0.28967427946311 0.9636508190194 -2.94468873383268 -3.02486518091513 1.41675647024973 -0.422211972893402 -0.592502240216238 1.56287788836551 -1.26430230170174 0.265213760459126 -1.62822297996665 -1.82728748001 2.29895132044466 -2.12891002591558 0.490225473144614 0.590563448545883 -1.55893652278402 -2.08293287741136 -1.20009873310051 1.87108365298309 -0.443254361071261 -0.154742940602859 -0.017150422406416 0.735326532432925 3.60199385125154 0.260669456945685 2.93022238377504 -2.21395354907954 -1.50995100640671 1.84016465870606 1.67951422489068 -0.489852289950857 -2.01835773285993 -1.83059647657877 -0.470947770318318
"431" 2.38713934461026 -1.01285566665503 0.863015777224188 0.463435193806061 -1.50088860896587 1.22290085847345 -1.39100822639769 -0.921223330076379 0.96577464676776 -2.89943030356015 0.390203416016336 -1.97560776364976 -2.19002975786731 -1.72491297279132 -0.242418642245053 -1.07782879357556 -1.41904679968169 2.44693138062078 1.39246820455342 0.222320623304391 -2.83155146016315 1.40216913907504 -1.30033294904619 1.56181006975564 0.468981955779665 0.360316332986102 0.561635627516974 1.220832062905 -0.274871953052479 0.317247040065654 1.07586011044483 -0.596169218888581 0.146452697751194 -0.695786512876884 1.25946921412941 -0.107688477343082 -2.15258864305997 -3.29768728269204 -1.4680028130664 -0.0545851495764775 -0.62064812739224 1.01944207803786 0.504625731137869 -0.725682427771313 -0.351328355400765 -2.76013365592838 -0.25954108352068 1.37798602630386 -0.614676375636585 -0.184999787171182
"432" 0.0393298940879813 0.0289932546307823 -0.877067244564743 1.47217065710457 1.74432127280899 0.688557948862809 0.970689426318745 0.0746165796724418 0.660186173412572 -1.57553902767608 2.48906912137751 -0.748738007333004 -0.749477734881628 -0.026209339669047 1.66712402570656 0.0495858820898019 -0.643255916443448 -0.639576277385306 -0.47027816377441 -1.44465264605377 1.45317234973023 -2.244481677136 1.48861421979931 -1.00707266550243 0.692022177328177 0.738550096319671 -1.96931287639647 2.47711172215314 -1.07546971340431 -2.95677243081515 -2.15878135499757 -0.337352526465238 0.0626584830031891 0.733759172239756 0.561095919193462 1.22635562444283 0.519548618602792 -0.353678690977312 0.819175750612208 0.0541597160778347 1.57375013359965 1.9320101415404 -0.241456680029007 2.05120083135028 1.04746629475156 1.4807240198188 0.429967662434211 1.81547602729884 0.627800166376451 -0.906918121854714
"433" -0.948195058120344 0.362367785321329 0.505745170966748 0.0770993931336882 -0.326449272609319 1.13135226735408 -0.875592593844431 1.32429830015315 1.56281933889393 -0.278394456659934 -0.678508186024448 -0.78045340054629 -0.253350259407407 1.93710677005324 -1.25964157193477 0.570749864504545 -0.754772573084003 -0.414325028412205 0.418531874471743 -0.839601480299057 0.171505301965157 0.456551284099723 -1.51927142479275 1.99678557166531 -0.701628131924923 -2.7475286228642 1.64442879619562 -3.51636812837721 2.65220830909527 2.12403855782349 1.89763120415423 -1.99315240748481 -1.30138989105287 0.162247017366505 -0.496661513234154 -0.186210398097281 0.91534545548382 -0.674583233246755 -0.758229835324932 0.654073402907978 -0.0280018323431004 0.265467626278298 1.45001034816122 2.13299677610059 -0.891751748680524 0.0205898623307032 0.328782109729604 -0.441161595348468 -1.86038898041642 0.92102658828626
"434" -0.665852033090884 -0.0973409926057168 0.551178399403815 -1.00173541495213 -0.221118652030515 -0.991374731902142 -0.669333369165514 1.07639298943897 1.57751718390014 -2.20969268466772 1.97395036581037 2.30306812203261 2.7012238535458 -0.0874125682110292 -0.0086533496127087 1.09535381389574 -0.883597193020935 0.375242734346518 -0.509974561346569 -0.20449419907098 0.202876141534927 -0.279463374913897 1.43096755737348 -1.02366651192485 -0.725858554060506 2.04148328683945 0.167614855248416 -0.648450967165822 -0.552377807078466 -1.29101236929891 1.94414882448065 -2.879910802046 0.810854387231321 -0.902829315740014 1.18731308586807 2.11764483263545 -0.716516550197217 -4.34644661233223 -0.213858940167684 1.963950480335 0.0784271595536242 2.63638876596552 -3.43701739785501 -1.95374370138105 2.98002528600784 0.589484878965824 -2.01500136566412 0.896313085728661 1.48540414527993 -1.13229044350894
"435" 0.9842596261117 -0.874433577631988 0.0773185876629457 -0.926369979512815 0.679670550272255 0.0995858330610974 -2.2692566039094 -2.8206815674049 -0.135246793130839 -1.1555005817951 -0.885329363302857 -2.01413883710412 -1.99977960505571 -0.263887321447182 0.21753999927706 -0.776133543073863 0.39965535569285 -1.36286057738405 0.480946119761939 -1.69309863254417 0.59860150698077 -0.249609202189593 0.143692904479196 1.44070082548581 -0.380238728094328 0.88277489936109 0.136836783848402 1.90036095362658 -1.59939990225309 -2.57166189594279 -1.03474688882788 -1.31016308002006 -0.322990518750992 -1.2438054898106 0.0216776187068615 -0.84131966386791 -0.938200687498508 -1.06711905070466 -0.534469662717186 -1.28119068625838 1.27642971387573 -1.64464635394151 1.21426149194063 -0.755771450098444 -0.382702912460608 -1.4110218843232 -0.967439674209274 -1.1059956424624 -2.57375164610279 1.84288874891241
"436" -0.929563319548832 0.803573513249844 0.190545836572303 -1.68452638660179 0.235181461018738 0.656788616567843 -3.33713440470158 0.0196415798120548 0.903238148797313 1.42190197544457 -1.60476078938096 -0.917439524677452 -1.37847555458147 -1.3828053250948 -0.283633724835819 -0.0832250690847486 -0.416903462676738 0.37653385805872 -0.110866155064408 -0.123347438735227 0.641076799231898 -0.966981336920054 -0.0100137046439337 1.20624467460917 -1.6867569066109 1.228602276013 -0.613660962603632 -0.180812390507682 -0.716025926216179 -0.705925436460629 2.36439239085544 -2.7599557571569 -1.96638673394726 0.756928073884425 0.989684215925702 1.83225890446396 0.988620616576722 -1.44216035447445 -0.65642992191265 0.756614811396211 -1.2176325552936 -0.671781586113571 -0.169428429827138 0.0372485188639725 -1.29629814366042 -2.11418571813887 -2.37682297424666 -0.23537200274292 2.41123942151617 -1.40444955113011
"437" 1.36899999802102 -2.82210317512758 -0.317521716347225 0.380742743392756 -2.48581656816859 -1.15271095222497 1.8165806891496 1.14764207450521 -1.0427512118057 -2.15108953501663 1.82425027397295 0.573884035490882 2.3033918931847 1.71877145427955 0.92714451760367 -0.24928228809513 1.66316534922746 -3.18197386479586 -1.09585245432895 -0.729461798558845 1.01459449230361 -0.88932891438646 -0.875255274145816 1.94623482599192 0.425961601505795 -0.335432172495974 0.0545422652988241 0.696392151807784 -0.0575217930896137 0.363380605622576 0.710183749406236 0.00892034399131336 0.277994787331456 0.98587970752252 0.683958804141643 -0.303895966195546 -0.103204084366795 1.03920832443852 -1.08407922280683 -1.00182421629809 -1.72134523457722 -3.01839045849918 1.49322383669441 0.52699212420512 -0.286207625293224 0.249366577423293 -1.38377865052461 0.847288567105943 2.02418276397989 -2.70232864066092
"438" 0.762053848550844 -0.150039181041921 -0.446026695519186 -0.00605904939267336 -0.130132453508269 -1.66626823496829 2.91163403187346 1.49847748221723 0.704834828550191 1.35787153176451 1.89299634007304 3.11968047535568 0.835529270726712 -3.06227182222893 2.34471603752592 2.29059594628294 0.330812351105525 -0.0281992743931038 1.77650274529211 0.531655718998719 -2.2191556538637 1.9494374768876 -1.83081682834477 0.219536097902957 -1.81849052212631 2.45265793229936 -0.122903593487208 1.27760433735247 -1.0848848054265 0.795100263235068 -0.615859015790592 -0.881919500745344 -0.874941639524142 0.387322137453877 0.679112816472852 0.292308022938892 -0.388670328063442 -1.21171185221359 -0.955067618154347 -0.174567548963371 0.146444109955006 1.96935222698422 -1.68493354271146 0.825071417610275 0.978747837173824 0.982060746583367 1.10174219085211 3.12050112388948 3.14381401901266 -1.5590879316687
"439" -1.09397060646461 -1.78079611550626 -0.642622873098151 -0.913919146955406 0.323937717667504 0.393995921958448 -0.541655191094065 -2.16967988597548 -2.3786736240076 2.05675860517314 -0.126847952022606 0.76295160837298 0.862801078137863 -1.19421284209345 1.87748789289241 -0.0892440455895673 -0.26629427418325 0.734920392047865 0.222681498134449 1.58621776753315 -1.95797578612214 0.740036937642799 0.504606544131389 -0.457931399032207 0.42751304794069 1.24321501551193 1.07590089106508 1.46030419405332 -2.67674239700829 -1.33078431239674 0.300255628875298 -1.41794367684571 -1.22221664103643 1.38039019712965 -0.537547146449116 -0.957477327552581 -1.36425797256294 0.0184902206703069 1.06880744692524 1.35729731289116 -1.30664178605364 0.753083648775539 -0.66595746866247 0.685236824369604 -0.157285641652007 -0.491427113168191 -1.64161005951936 0.107486297656756 2.22014015212831 -0.470221418402642
"440" -1.87791658812584 1.22935035757786 1.17966985021035 0.184771438865408 -1.00560155142917 -2.17419336195675 0.275381951294632 -0.593537055621242 -0.799503636260865 2.20805232916032 0.0268551510188828 2.20876943826567 -0.395010947738572 -0.256498976525262 -2.47648826409647 2.89633325610336 0.289072596304527 -0.958482834869622 -2.28606122406555 0.564694652625948 0.727078495988065 2.56382095401229 -0.997073193149338 -1.11300965880346 1.54906564825917 -0.80004287631602 1.7543753241257 -2.2005802086979 1.02843333072201 1.18685212190612 0.912357797682725 -0.276558372573086 -3.09438168785716 3.77008532340015 -0.0650939938026964 -1.6759691572708 -2.08891544845616 -2.41614018291156 -1.50477803144116 2.31503977909732 -3.15901059434004 -2.04375536124601 0.442545770134271 -0.668062945389664 1.84450974369552 0.45149024481891 1.65092577506564 -0.0935606320486364 0.121016745274902 -2.55594723811754
"441" 3.05361694177599 -0.0135880938226204 1.55241755878126 -0.786440067834146 -0.716689199615219 0.761530345926992 -2.01814099216612 -0.297342729445777 1.00238041136215 0.21362193381067 -0.794167781085625 -1.151991053991 -1.761710798233 0.124937796502408 -2.73952350295657 1.09395518311055 1.41493820716688 0.144978826172679 -0.586860984558217 1.175750438579 -0.613901351539146 -1.31921053930011 0.730369763738512 -0.357433937473917 2.24353831414441 -0.538959782661362 0.826828111803619 -0.617844961693806 1.42004802647352 0.667367486676939 0.902320384294547 -0.905225998167278 0.803745793496174 -0.0329923118489394 1.39886313753185 2.94512428988741 1.08470021014343 0.661668560514688 -0.644127825472589 -1.34694555188819 -0.202126846806725 1.28382164846003 -1.71730051076916 -1.09864190721561 1.23227873924578 0.424287080910272 -1.3031633456531 1.14701880494136 0.235200438549701 1.70640493780477
"442" -0.265908013240097 -2.35919300954585 -0.66034245768371 -3.76186170725705 1.35498375063261 -1.03768967873181 -1.3415632975944 -1.96539092465816 0.950082530697078 -3.43559462641663 1.66502057029615 -0.754693992122015 -0.235462972178104 -0.455144861071896 -2.30153197813872 3.08005442389328 0.311077899163656 -1.56513221157273 -0.345661267370306 -1.33282199001146 1.62037683263668 -2.38437782748296 0.0146468773027674 0.70264334354062 1.18748763041741 0.452038016241225 -0.49880494141376 1.16763615710979 -0.462182686761212 0.697099555718968 0.897700623176166 0.489509485215959 1.33371229007369 -1.73793440977963 -0.241394144162966 -0.0595633219701644 0.374156746301375 -1.27039395300072 -1.90503581691988 -0.674834273648687 0.535405110395705 2.50340669242037 0.134592518089748 1.09942430560854 0.720415301610355 0.398191287193549 0.504352852205414 -0.891364122169299 -1.13474556813341 0.885812663582376
"443" -0.611955274484632 1.42662993936698 1.70008406963524 0.0448663703181404 -0.181989772312803 -0.290891730477804 2.4381540959989 -0.00257012367802431 -1.13541910157581 -2.421383359018 0.442820822573371 -1.18084091997374 0.586597677265687 1.00416473770488 -0.139445177756379 0.950981762126901 -2.0467021414412 0.972883218952337 1.58629653974847 -1.3541770026276 -0.0214264269833445 1.26577343267148 0.237766374079138 -0.898746701217692 0.083494254131735 -0.461292073805377 -0.00084498521482002 3.72873659436847 -2.02777891280716 0.678207594118775 -0.702330914294764 0.285609060693525 1.22805322393929 -2.28738994258508 1.12369041657706 1.67053778965452 -0.399139367915863 -1.95001925884746 -0.466219637284923 2.03167763579163 -3.59249865731044 -1.90876418032605 1.7783480099864 1.1948241692507 1.40647716024476 1.08241572673458 0.406365899714232 3.03594512164734 2.1908022443448 1.21346845944774
"444" 0.427072314145114 1.61996326968637 1.60098022603537 -0.307031932489646 -0.865828585674773 -0.703133687585923 -0.626791930186787 0.0407474914603852 -0.16446763699181 -0.145413879097612 -0.0475707779621166 -1.414279447923 -1.6188848916102 -0.951791967946689 -0.864299268065616 -0.0495274214949791 -0.19780951296086 0.420962978381107 1.18659787479818 -2.38354174882105 1.93172412543328 -1.39128560566751 1.56436220193019 -0.277471127595582 -0.630880004776215 1.482981376263 -1.3138807746678 0.138744042295229 1.47817166461321 -0.160462725226251 0.230829497850178 1.37824636736983 0.839656427449952 -2.01987051584624 3.44386669755755 1.26740096022027 0.07047087219477 0.540279236954972 1.10010585722605 -0.79937373567528 0.91362776850914 0.603604034342759 0.151751512991648 0.273895273135836 0.651399133041714 -0.537884847807381 0.377332257097964 1.39173016972397 -0.680314952903271 -1.02382736868842
"445" -1.80580435294845 -0.53518386079782 0.455109313463789 -2.88998813541312 1.23699025304644 -1.25210507047887 1.02283065079272 -0.28385522752664 -1.20031253677768 1.55957239597499 -0.134451130419193 0.00106238962443938 -0.00981336106252816 0.105892062476825 0.249771759261458 -1.77765021674148 0.96223290861835 0.325459110041779 -1.11569371873895 -0.375243883647554 3.34629669119052 -1.28278821587707 0.652335674820774 -0.0540222934741304 -0.635773414373428 0.440059696462144 0.64919138816729 0.368668042179771 0.410517018438965 -0.0839324506513483 -1.22302066675595 -0.853714397774795 -0.413941042269023 -1.02982548971482 0.793797869152729 0.537339349988061 -1.08374020032443 -0.184562116573404 0.286944617927197 -2.6678767489745 3.24876701594429 -0.97659110031779 0.878057953053247 -0.868165618597705 -0.93978069150949 -0.531588680953232 1.69795021278559 0.644181939799444 -0.219363918913587 2.15330866723648
"446" 0.908689918131041 0.44167857741622 2.26087255431609 -0.868410133105359 1.00948003356945 1.29933246614643 0.913957000198833 -0.175832889383908 -0.450723731807202 1.71339483927808 -0.4964028624279 -0.278456740504465 -1.73670313098012 -0.478251281029853 0.457842236327885 0.651005962538435 0.407151960659141 -0.690048496542211 1.16574408518834 -1.33704791711134 0.528391247839074 -0.469904538250761 0.277570893104817 -0.132861326042221 1.48384204798892 -2.6621696061271 -1.87135161055237 1.20652951750101 -1.16870580521274 0.103874337951444 -1.27167479786565 0.294853822307372 -1.65664098853333 -0.0316892090521309 1.24947412152106 0.160168567750493 -1.43374839316685 -2.71266252084951 -1.51026512942104 0.10792747260242 -0.64218261475102 0.223972088640373 -1.72730787588255 -1.4703026046697 1.1642350889609 0.754061576352234 2.33345567514747 1.75567519911634 0.488506789394092 0.419741769834411
"447" 1.43694150181212 -2.09506320077202 -0.864477497631698 -2.05049159972632 1.02928400187396 -0.468014341002358 1.9154319566867 1.00169090866845 0.377423671207414 0.52905425978167 1.91131830322707 2.14455950212786 0.514505531263543 2.53441040231587 -2.97061092060672 1.12717144719937 -1.02302143714824 -0.862014580435387 -0.603917932364511 -2.03558176991702 0.98400474541565 -0.744065618398657 0.266832072603289 -1.37049762606261 1.22181472364461 1.47738778464368 3.49663645004887 -1.47109218458376 -1.40660458247077 -0.529297741416497 0.222652552245383 0.907781229640993 1.70809665300143 -1.71165012584399 -0.659475657980354 -1.3596631479783 0.149188194631367 -1.47821295981877 0.543352055220629 0.625925954011081 1.32581608308003 1.09478934361224 0.12537733753428 -0.0068112173327441 -0.162090033440728 -3.35596123608371 -2.21006126430707 1.3644270601453 2.50056745531544 -1.73171811477384
"448" 1.41915936739856 0.118814116166728 1.33857938151073 -1.7981119996107 1.06312750180634 1.16435607300079 -2.19267316460681 -1.8342435934291 -0.753173355879758 1.02923386442787 1.02399434476128 1.70776035734824 1.82080200454928 0.223862375077993 1.48314810186645 -1.2460820556263 1.23489877426304 -1.20137850282151 -1.90118289662893 0.841796448846955 -0.169842073500994 -0.217229369678813 -0.0836477426857664 0.0551660750966559 -0.575201198845961 -0.0403500112993194 -0.0703858304334493 -0.0132970490300099 -0.677018764914924 0.830044838306732 -0.0888822888272507 -0.116131140844249 -0.929820936235413 0.180650931930488 0.694940121288352 2.75989303713692 1.05917237561772 -0.246074406317199 0.495335730133329 -1.816014451212 0.134525668590765 -0.568540986645981 -2.23091873902377 -1.06136769454196 -1.0839062213458 -0.117409154893174 -0.369262161915581 -1.52073060677113 -0.286510748298265 -0.395836702816701
"449" -2.65336888380981 0.896594435206024 1.00846380460853 1.03715697056417 0.118924774613192 -0.0511101335637565 0.749291499265602 1.00516973845309 -0.453594883801468 1.92564509595688 -3.13822538262454 -1.75669641238516 -0.900841998815268 -1.70213944145501 0.757536293033107 0.751305713972473 -1.47424116359497 2.0685340083396 1.45079973806158 -0.908520460101859 -1.79860483207129 0.391469956322586 1.10256460120933 0.171724042320166 -0.928342417721118 -1.38502064334423 -1.39136128083691 -0.202674850363385 1.65486202002001 1.46331519301654 0.776581403879015 -0.81073581734475 0.488996064637068 -0.844838077099293 3.19883798329873 1.37904442117215 0.340777392740402 1.10662651643484 0.446318110709635 0.191309470199183 1.47323651166847 0.226218970103166 0.943424529537194 0.489211430336577 -2.39738663614577 -1.86454552871548 -1.23624976383257 -0.232891746179709 -1.61907524148613 0.850234288095439
"450" 0.167083023662201 2.3193626084306 1.52762630380107 -2.2906012811327 3.3982114766085 0.099640923790727 -0.755574428619541 -0.576714667742216 1.73916834484348 -0.104666213364993 -1.00608933116262 0.87972961799998 1.80995588000837 -0.7386907855897 0.879627771016798 0.826891106436101 -2.82089418056731 3.2149358518861 0.0598605824838148 0.378033937334029 2.06672057661132 0.226342905953614 -0.139232711078101 0.691062017257776 -1.32009089507397 -1.73090970255336 -1.86251504671907 2.46297459583042 -2.97213732109574 -1.11010549027154 -1.10145123137532 1.27640905287753 0.222897907883719 -0.845330267312683 0.447790645782065 -1.452524364469 -0.551525971821604 1.99526438431 0.345743314949045 0.610966201437461 -1.07805835580921 -2.24128670497809 2.75466715535727 -0.0952473840488395 0.809753403294314 0.456991091707617 1.51234339897979 1.23424115196696 1.68546004492297 -2.72595478601854
"451" 1.27722433591438 0.807282708026715 0.659617640744977 0.579739223859083 -2.56130013291754 -0.0618721723327826 -0.782447285817092 2.20540551248193 1.18972011737136 -0.803336663069554 0.86610845354497 0.313062423690768 -1.27831917628807 0.780575854666988 0.734412417501589 -0.87801089947361 -2.418843018775 -0.516227902208129 -2.63435334196301 1.30695782374791 -1.23916945140957 1.09893835546822 0.185010096988528 0.615633810568927 -2.94489279649488 0.670328295436293 -1.5542959351382 0.300929602584213 -1.54787777525761 -0.999960681334778 2.09707451134842 -3.07599483188513 1.033134870731 -1.32526053008978 1.8762258417382 2.24697655350703 -0.520487068344786 -0.630694923763779 -1.58281009829357 -1.78226216672886 0.705514482032948 1.89390625777029 -1.26244922061727 -0.0257204805832807 -1.2060616922297 -4.21571269844841 -4.19167505303785 -2.13463772398353 -2.45889828655512 2.79886347799797
"452" -0.746470693095752 1.02349435077895 2.61736034264492 -4.72886629991471 2.34438946077011 -0.432870506302063 0.882910916886508 1.84904007034957 0.393949036608634 0.167541318046013 0.28800034612134 1.51786833567835 -0.325186561071281 -0.33948778289995 -0.0306293248526177 0.35408949066895 1.32311843361701 -0.742889201273851 0.417747066836345 0.719294279008908 -1.67752300935165 3.00459941679398 -0.999378054929216 0.0823580356560629 -2.48887667007913 3.66676342574434 1.28796862652989 -1.49593028987532 1.61653311397595 1.26068992066786 -0.660695543921317 1.71638499756814 2.75049284796802 -2.94339129764078 2.15657708916434 2.31125799894341 2.43029038811122 0.620635502300188 -0.22558802004848 -0.624944479727935 -0.0528043488169722 -0.0939697369356561 -0.154647452752899 -0.812085781439134 0.330197620018579 0.186254606970578 -0.980524837184337 -1.93879564945072 -4.40735961084198 3.34587502735128
"453" 2.89917148964292 0.189500967250173 1.12521496831997 -0.0774225899229797 -0.691965473567278 0.80532798463931 -2.35908673088331 -1.8602145905422 1.35206639674298 -0.288549945496904 -0.873850327112638 -1.63370690677453 -1.85798022306433 -0.464205869658947 0.762505541743311 0.312842868869885 0.0168883816550548 -2.00265879907413 -2.16706649372493 0.133773870002964 1.07173398031697 -2.35918804826188 1.50702459582674 -0.785469231343105 0.603473879104265 1.33991282978631 1.92096374852839 -1.41671977678366 1.01675096742081 2.20636533892892 2.71329919519539 -2.72487432346356 -0.730095520875793 -0.795886865162408 -0.69939533891923 0.560604424348653 1.15434216360547 1.25835077692374 1.7809238941009 -1.3032401006014 1.06702169386518 0.138204781638471 -1.36047776950113 -0.572721267557734 -3.11802273810915 -1.53734833563635 0.456473904562102 -1.11098545334155 0.53701523887466 -2.58073865633511
"454" -0.26297697026992 2.1642520691062 -1.44973737215816 2.79086296887649 0.0783545360340384 1.60992796200806 -2.07173403442376 -2.37813451144454 -1.03677677563979 -0.563729853525266 0.685977268457326 -0.519079079687268 0.250314228772514 -1.12818968676496 2.55240986531171 -2.09149783766264 0.952807677024475 -0.537008643972463 1.30121004910476 -2.47974732258875 1.66313076760641 0.973454684257149 -1.68829402657491 0.25610230746787 2.04818651906948 -0.000921534674762631 1.64418086808974 -0.830920739369666 0.520901750176749 0.523149707414881 2.21637656373066 -3.42634663602112 -2.2469921309767 0.457415248408608 -0.0947268791269704 0.636936800528352 0.0935324302634449 -2.24356405173862 -0.638033334674076 0.72163427827082 -2.29248037470852 0.321948792890685 -0.765800697313171 -0.0427819737615514 -0.551205865015289 -0.395034837447521 1.97294485378679 2.85714017275786 1.73420173786161 -2.007860121898
"455" -0.253828178248468 -0.327061050122359 -0.4982515594525 -1.66077865333042 -1.29542067510647 -0.865329288997581 -3.0312141743654 -1.15196948382046 0.408395700975369 0.253486580431901 -0.608870539011394 -1.29755645184389 -0.727670647865317 0.197096993466728 0.897859551602489 -1.87222495346142 1.09944157914102 1.8709855546135 1.41818502112251 0.391295816734488 3.44830562924113 -1.28922716413953 -0.239910142655231 1.72363015682806 -0.609016602485769 -0.991413741790891 -0.0976219706338801 -0.131883369708893 -0.60847787820124 -1.30869702506976 0.923625966809847 -2.24891790517243 1.06857385013611 -2.29796384877946 -0.285243408017763 -1.10624707977333 -0.679501132989926 1.32625104144939 0.773466185071432 1.40381640926741 -1.55844057343014 -1.04979814820884 -0.442999568406766 -1.15832866858452 2.05894933519725 2.87536813439772 2.36116606044338 2.44616175053843 0.242288854133081 1.00782261543372
"456" -1.48397600530974 0.996186011542701 -2.85643697466682 0.931111099647474 1.63980933103989 0.288185310396283 -0.179337706615245 0.591852263739892 0.167446431554976 -0.922779420590536 2.09203941648501 0.313900434657481 -0.6469568117367 0.857556973800604 -3.11130149497988 0.774160012380703 -0.222256150092688 0.660498561245263 -1.28713497442136 -1.03733585138818 1.17121648956913 0.861207110316523 -0.638727983325127 0.655649191790306 -0.628707179771618 -0.536540735846799 -1.03342476957629 -0.257019616290143 1.897420570236 -0.40521195513627 -1.24943823780637 -0.717373936705062 -0.11641130133158 -0.809643077516964 2.22585585325207 1.55756875390545 1.01140570619844 -0.828296034123661 -1.4504671448604 -0.0426208321936513 -0.172767027965896 1.00640985112746 -0.368057345556308 -0.22327305493165 -1.12946874355701 -2.17314700669483 -0.945564302923478 0.342030723996424 -0.415418758446303 -0.7307880090311
"457" -0.500546743423946 0.229139276881197 0.132854781133561 0.815048290308202 -2.64944338695947 0.899135777234626 -0.811737969234368 3.62811758454546 0.662314455477551 3.00143913521741 0.239868566691187 3.08530836812783 1.79816320265053 -1.02584674578439 -0.0270218628915185 1.69867156906359 -2.04988302849281 0.952224363350879 -0.688955966835271 -1.26863991477926 -0.84350722868334 1.06566902769292 1.04824560597153 -1.58998911239419 2.86202217257504 -1.20568256262544 0.0560083389346919 -2.37135593522182 0.688187513631466 -0.193032293551972 -0.0507623482922439 -0.785199622555123 -2.68961699183119 2.62927866984072 -2.00718867589915 -1.62427796262166 -0.853938652982522 0.723602478121466 1.85719651855355 -0.379208885339345 2.01547469209949 0.667789257391872 -0.638788900643631 -0.74394084029482 -0.488777466980915 0.717846743829438 0.452662839624667 -0.0313075161263576 -0.417026227828137 0.369882133875399
"458" 0.254254240978816 -0.54568755254234 0.768725587525274 -2.20143554241157 -0.580823973730455 -1.83839212572945 0.075896535121484 -2.54486791366058 -0.121029097591011 -1.3299109177406 0.758977676972134 -0.137543471799524 1.06210798440294 2.41820577560756 -0.953025799344117 -0.136127612881784 2.37576690073701 0.165961525829781 0.691668696766385 0.790446405912586 -0.229821808582022 -1.75126293310855 1.47230951788359 0.0495732346220148 -2.19054512786325 1.29304139228108 -0.691689319943703 1.23218700257878 3.23619131517924 3.00826569264774 0.597242600749532 -0.370005286890747 -0.545261138578916 1.78332525882996 -0.41541687160259 0.85186242314002 -0.262477448273203 -1.73123621981049 -2.34760890059896 -0.680442920938797 1.41670071940545 1.09280589567095 -1.22497188174082 -1.1772053821994 -1.27471558208797 -1.15658866457725 -0.708885907242678 -1.87744812835007 -4.94111807162481 2.2541710596286
"459" -1.91881040268798 2.56563811085599 1.84765512988003 -1.24138920125497 1.49691681939415 -0.223489105477401 -1.08235776906214 -0.1437405085245 0.184057569189689 -0.499814290780496 -0.183142912775726 -3.91006789702181 -1.70022525977401 0.767423608972056 -1.52661320060198 1.70190286187775 -1.71803510600851 2.40072799230963 1.56670397372004 -3.28837093703664 1.76094954910705 0.704504369761551 0.607271391382933 0.0526564328616846 0.490297768229447 -1.79741852785941 0.635355647530243 0.27374171553271 -2.8102476675605 -1.59706884820882 0.235104298538957 -1.39150115343676 -2.5964846518582 0.156866748006987 -0.56506143044333 -1.66090083633198 0.680689102980553 0.521712213991294 0.836773600161597 0.22645509983372 1.49232083014425 -0.784244377746326 0.188050276443808 -0.561478468251404 1.15424641800434 2.5668429169685 1.85050243639589 1.6866374089998 0.161253769430622 -1.30488066513425
"460" 0.545180910102347 -1.20498252051707 -1.50811326160674 1.590246670267 0.0634744101283886 -0.463294496837177 1.46158619875337 -0.325900802139931 -0.845798710106162 1.27901836436025 -3.90746799004677 -3.84860812052762 -0.809226113487697 -0.20270708703737 1.54500996918698 -0.104109954331636 0.449838765411479 -0.558706429279421 -1.12722759928403 0.2324131435263 2.73563907542181 -3.02655145024454 -0.221166849678176 2.5196673995193 0.160792928243803 -1.44581492624522 0.238367906418628 0.364777591234641 -0.858885467827285 1.12519741902707 -0.511803615387813 1.5258512357504 -0.861282422989163 0.0661777998172598 1.22844149160176 0.410153769836692 -1.03331682658362 -0.798850721042323 1.07544590762956 1.82065676638166 -0.504677540672738 -0.792636933196045 -0.442505733569335 -2.3887636665923 0.469855160537121 1.16453209475578 2.00920743748241 0.773211374345721 0.309344517425469 -1.15395638713126
"461" 1.36637975992876 -1.48060045824181 -0.795828836910778 0.45341265090956 0.112381912689033 -0.807616761858415 2.61457135145546 2.41162430091896 1.39667638190055 0.841623448685899 0.754707369347773 1.1489224500741 -0.430664561490816 -0.067572409474171 0.579518605637108 -0.329373869574402 -0.942694044898743 1.81183688164637 -0.351110517642156 -0.196647994816333 2.26091675252159 -1.41553353499924 1.31261406457206 0.514652273785965 -1.28209885364467 1.08159774985271 2.22122339367396 -0.39589816266267 -0.960043335369149 -1.09067653835795 0.447795809191888 -1.81037591628012 -2.77542855769911 1.08701235114797 -0.624087051324117 -1.51461437442967 -1.32575958040749 -0.976269471801173 1.68447506386857 1.98726446351884 0.73782983554042 0.853002094829772 1.23550818946154 1.19300439332233 -2.17937836333347 -1.0631214876168 1.22973745035921 -2.11998671512596 -2.93554644559155 -2.12935208425459
"462" -1.89873954123688 -0.0449996531661582 0.13673915177916 -1.97739032160694 1.61745785749553 1.44928534758048 1.1137955105245 -0.0547861495655958 -2.41408905797166 -1.62961920970424 3.33739109328845 -0.0416720432488749 -2.05414478801241 0.15386343580875 -2.03413646619681 1.94005148107614 0.947976946105159 -1.96907117865001 -0.770881893019888 -0.360351134824329 -0.03486615283431 -0.267906961300563 1.18175196010607 -0.498701211095248 1.58558879409593 -0.629374876752159 0.275470829520684 -0.391323026418148 0.37516105832317 0.0959073815256005 0.800080850923929 -0.452239193996136 0.35066473710535 -2.34616026267478 1.67520137307356 1.56092429722787 -0.48200092717696 -0.297265779913629 0.0340964437184403 -0.375001392143668 -0.0177897141674095 0.834546278311867 -1.63382639040091 1.16668430155167 -1.62961679474947 1.59926878140255 1.68427338372508 0.675896339773241 1.08115844919965 -0.498650621974817
"463" 1.30883680322261 -0.606802698486895 0.331633646391139 0.489452458129168 -2.72196699835777 -0.062849389797685 -0.0742812091317461 2.83607916919884 0.109251962796663 1.81652980940303 0.486622258268539 -1.35389311739282 -0.395659219611548 1.19101189521731 0.729884519879436 0.713238793154874 -2.51746748102887 0.948729386049757 -1.5600927436768 -0.266567459445183 2.42678194217918 -1.28231895789616 -2.14111134603041 2.69917798823312 0.448834267868643 -0.286142733485713 0.705513779033713 1.22032381166884 -1.3349213877513 -1.78789702644637 -0.818226004555745 3.24583918318391 4.09145916070536 -2.26393989215401 1.19874739419373 0.376440954655026 -0.0592836788488555 -1.52369920845558 -1.06875109281183 0.104432788586181 -0.469247728056205 0.779983489628224 -0.549094867800637 -1.82280212282991 2.49056622090189 1.27123030010776 -0.646875895195026 -1.9168529410796 -2.74991548734925 1.92721204740833
"464" -2.21695668561583 2.84292500575314 -0.131783819713605 -0.223948393484571 -0.574553933424433 -2.84272862037274 0.732886715401924 -1.70115855911464 -0.598011807073263 -0.572840083506864 0.658947060262399 -1.05984761775178 -0.401645861574076 -0.548700743208225 1.38548423096607 0.829232079283405 -0.367944156926062 1.60923011168167 0.673199628239653 0.789893809419541 -0.479381310959462 1.13695965915989 0.706025374545153 1.00497328968238 -1.73705548562174 1.3363351320937 1.18188009022695 -0.974954454493759 -0.0481892364184874 -3.28407737855257 -2.32412235679977 -0.240805161570912 -1.24328791573439 1.00841144993328 -0.688518812165174 -0.186026128443574 -0.00178133940077047 0.3916235479617 -1.16035113801003 -1.23194921918708 -2.43201223387065 -2.19227088074725 -1.45313711342708 -2.87192188416031 2.85652699101211 -0.372306324122581 -0.859030379766146 2.67993817766285 5.05200424517914 -0.919247607328826
"465" 1.27832346138207 1.36650130240421 1.13449301052342 -0.589854313135091 0.424514696438033 0.0820266497115917 0.541515842354136 -0.299410634233969 -1.6527254227 1.8536206387831 -1.22080287454613 -0.507579752922834 -1.84251976579591 -3.45268639242526 1.82734846303644 0.248441518275797 0.993498612175378 -1.86089468490352 0.0078559938729846 -0.341399230402023 0.771090715025837 -0.248551124213097 1.05322731184993 -0.235770106680222 -1.02890018685965 0.586155993396271 0.749833804706393 0.11448970721856 -0.161015780525022 -0.154858154121013 -1.41770638848926 0.664309429215161 -2.4314712634981 0.898670264031104 -1.8046600010372 -1.91077930304092 0.0493169466184352 -0.317720582673161 0.12044720119184 0.872057293146828 0.143560967879528 1.14089997293273 -1.16045560435776 0.140761098666732 -1.59654309476223 -2.80958432021428 -0.637933427293792 2.52807667072845 2.30403746254984 -1.42239008449813
"466" -1.75625120243399 -0.264120718428532 -1.08558863988489 -1.93461053659102 2.08878500567413 -0.527782464603581 1.68752263719876 0.0926257543602006 -2.1479634691926 1.71778205356804 0.464614119266939 0.508911750467861 -0.0783627658091161 0.10499545107864 0.252641290600976 -1.98123463627907 0.343515650191791 -0.986240600341955 -1.45512364971667 0.33328794509017 1.3936148688903 -1.64053313503812 -1.31726469216299 -0.501968505762499 -0.304933244904055 0.455721392059695 -0.761844514502798 0.0613962541382641 -0.0542337138599667 -0.45253836443678 -0.172031751054315 0.117663843394755 0.171229691815015 0.0858173997167549 -0.845802007946186 -1.04039879355769 0.32135097257813 1.34481955205768 -0.600793934282925 -0.371462658903467 -1.61793709656919 -1.57996300943542 -1.61154528306859 -1.04834586554054 -1.03244387158501 -1.02081424794066 0.255219318012122 -0.941376678009627 -0.561162911265791 -0.739074150139626
"467" 0.805459806093251 0.946263283203292 -0.735223359076909 -0.50053476877408 1.63920614045954 0.00911252971357967 -1.41881738620193 0.20534192606458 0.906480336565973 0.960228536377051 -1.22812003707882 1.50631812361747 2.00414619087392 -0.199224158093014 1.4406977565208 -1.8984631219084 1.29275061718595 -1.62642639706438 -1.26430633921369 -0.510403868027278 0.370965037711787 0.304096923629778 1.00572979848895 -1.19184838658839 1.04030673662002 -0.0735228859154455 1.62338697850636 -0.514548983455783 -0.583633997738399 1.18232196509026 -0.0296633353509039 2.99149578418808 1.27278155571239 2.06793494160052 -3.0001755482953 0.568065569629821 1.63418209760048 0.0517869356523292 1.2149550625324 0.233093564584994 1.67773773623062 1.36978518706566 -1.36255370060039 -0.647171029131343 2.16461563495241 0.988831351665707 1.00297316920466 1.07523676972367 2.35777852584726 -3.33002997155953
"468" 3.2230720865141 -0.455228823190592 0.844657640956815 -1.99475877644717 1.10229555695282 1.31802751877348 0.402229077891217 0.566407284299612 -1.51375723418338 0.487212325297658 0.921801718667459 -1.1858868051722 -2.31562138122825 0.664422726676658 -1.14898111420525 1.88060658861428 -2.04555917079337 1.75033286191474 1.13174608918199 -0.22987065988228 -0.678747950774037 0.632516469265009 0.70215786721555 0.348248703541621 1.06249409542171 0.545493307936226 0.950896740705432 2.37050373527562 -3.21380598166624 -1.95808862306707 -0.658407802666538 0.153168956583012 -1.82311423001179 1.41390785630462 0.0351338168142017 0.913812384176093 -0.131193669330678 2.02064446349759 2.66318984655296 1.47640315498237 1.29859492056967 1.13844946457678 -0.130327007145116 -0.472721629244485 -1.77421219694952 -0.984934070421242 -0.130774743787569 -0.622502674376425 -1.29677041408245 2.97766509576382
"469" 0.414583246646083 -0.645801571878828 -2.34454382067306 0.174464265015726 0.651551698337424 0.741948154171894 -1.77023208682592 -2.52963536170448 -0.548476266267354 -1.33019697988151 0.333815616948604 -1.36721058235319 -0.0418306201326862 0.344013629708957 0.485649758633956 -2.677232641753 4.12557717894472 -2.15896567337328 -1.57321899168059 1.15465983200792 -0.832119081803577 -0.272149769504763 1.83860566030985 -0.261650648709635 -0.892257991306536 0.770095426851685 0.343628486422815 1.21706775060946 -0.416917862627537 2.92316924122668 0.795160470432096 0.692908076913142 0.524841146818679 0.245833592681435 -1.58596914420808 -1.84616276132645 -0.352017069317945 1.51935518623241 -3.05676343335635 -3.13514810514387 -1.86637364869991 -1.19067060174176 1.08907491547187 1.2859561155426 0.221311748810393 2.62247626551442 1.22118445406788 -0.911729754888319 -1.50172689530367 0.200776177031297
"470" -0.276932558681062 -2.92447254711899 -2.15594939914739 0.601699475925389 -0.968574140466888 -1.39993292760904 -0.228496524942023 0.714921571426078 0.914336186361978 -0.739487522129554 1.12045081584179 0.262726677360168 0.643359711362935 1.01357754276781 -0.825917739175322 -0.641569879525882 2.02383484506699 -3.16873088352557 -2.09023163211433 -0.145460820746523 0.901729336568586 -1.01312878149781 1.0095242078331 0.766563262082906 -1.65307526691088 2.02406067384198 1.50999288904337 0.0274169395735112 -1.41468582621155 -2.04704074464377 -0.66832722428425 -1.18831275301769 -0.831644855980345 -0.58592316483053 2.03897125540504 1.15122744447694 1.79862898964152 -0.362491577373565 -2.15238713654878 -0.68806048019545 -1.31620024257421 -0.574200594098207 -0.836236857519712 -0.175514072762546 1.45368339977848 -0.415819624613289 -1.15357430629534 0.27358666115045 0.0396030211684697 2.23040620138628
"471" -3.0020170979722 -0.707600865745918 -2.2593878515445 -0.0602004588588281 0.374413488140502 1.60181902025658 -2.57490477489518 0.793621960049194 1.85112305425606 -1.56213321682299 0.45607251770565 -2.12639509477163 -1.27157432494288 -0.232600322196209 0.177442943891966 0.873423517152255 -1.15301022799223 -1.66050248875967 -0.32447237188126 -2.1209667342092 -0.178944694258638 3.72903376354451 -2.94925610525414 -0.109184080110022 0.353884733869568 1.86532417137409 1.77100257451271 -0.5611875251276 0.459301650826931 0.0444179598536759 -0.367624441776958 -0.141578062968424 -0.0035190063897681 -0.511726452377592 -0.729899642125108 0.467185174200023 3.91627559693329 3.52899672432646 0.736740222916437 1.06937237670546 -1.6521968594609 2.56219914798263 -1.51095192638885 1.32923512801307 -1.62002153947786 0.43631184785663 0.707537688985843 -1.07521502111306 -2.9084799331959 2.42986452337216
"472" 1.55919477385061 -1.64762633500409 0.44440947730088 1.76181016293642 -1.12969321717352 0.158155980244906 -0.266076729200707 0.164156313056705 1.30373392242957 -1.22148855457109 0.0344205675352334 -0.816536019445174 0.635118614075496 1.7389574668645 -0.236442124813537 -0.131632198608512 -0.719597304017096 0.731283188656092 1.58040949403093 -1.1374959990632 -0.0939647103328246 -0.13595103708918 0.749384058403515 -0.271129177120572 -0.277510522256126 0.0528018334509448 0.722609253985188 -0.0386045525796591 -0.814390334711537 -0.309292720189706 1.95164667551368 -3.41071276954797 -0.977093870565502 1.14276596753053 -1.4891047160089 2.54353283966343 1.42304131236954 0.73355525890383 -0.110447397705555 -0.750937281463234 0.644627674355807 -0.271464121902602 -0.616703769024637 -2.38743711904959 2.83123081992985 -0.33331372551076 -3.10511967436328 -1.23644436464877 -0.449392936848281 -0.959006345489363
"473" 0.37693293145698 0.350376130516635 -1.80406901747836 0.590443566444855 1.9089616829672 -0.311548033905819 1.49971499382015 0.373014155211302 0.950218435180673 -2.81962321268142 2.186633654014 0.423710327635451 0.664402458507596 2.81056204141267 -2.22006191335774 -0.162368978729489 0.145518131782333 0.710088167948644 0.689292253020136 -2.48536349123944 -0.0683048673699648 0.856745183693583 1.40939467744251 -1.43230473039951 1.19142205202832 -0.128972575116818 1.62059860895354 0.998900727979558 -1.10185796538866 0.279437935442921 0.505446138586453 -0.0986281291239589 0.547754763104292 -1.02830455835831 -0.220333026366358 0.616643862497349 3.29475831694832 0.992245413011998 -0.490412548008167 -1.57035583130827 4.07657566880047 3.06316514846359 -0.840029825178902 -1.12181751139332 -0.00259016639849345 -2.38591965811151 -0.130749859689693 0.816734170911709 0.893949620440639 -0.418605783036732
"474" -0.52049981327199 -2.15645764230192 -1.63507000469885 2.81276921241646 -1.44574864842797 -0.342289585578058 0.992567227713353 0.184253314512256 -0.211008735681737 0.384682365789644 -0.897760742180254 -0.954405863570223 -0.247811300533153 -0.573702572909843 1.00560126069059 -0.653291440178476 -0.651932005598321 0.331390988543197 -0.732275184512839 1.13568130259372 -1.06649353729191 1.43115827542457 -0.840117907117254 0.659702962390066 -0.626046313638162 3.04417385902837 1.15160121965984 2.69893571387509 -0.919025348119854 0.381545152195375 -1.53073900482504 0.260445117667358 -1.29498144325791 0.812755913051207 -0.296705569472793 -2.64528156047522 -1.89648541957858 -0.418246662355368 -0.76017130703464 0.287023128399615 -0.932295473362306 0.180250968069852 -0.690718251902382 0.844095085072832 0.524170208836711 1.44928283711893 0.631237512881725 2.0952467612195 2.66817958342766 0.19695141282816
"475" 0.0335161494997393 -1.49467130300526 -1.77243534843975 -1.64024899437341 2.84888531290905 1.51507192265305 -1.44690249795935 -1.16375687035028 -0.712328611480655 -1.88525153180336 1.62881472891963 0.282027854692408 1.07153982510693 -0.203337973194884 1.98599710408451 -1.20709763047888 1.0426822561735 -0.681136837572564 1.58185783317105 -1.01879218963036 -0.527433038985384 -3.32149748509432 4.50267828084012 -2.26137736116987 -1.18253419132331 2.80581980346072 1.45653898050041 1.4847171207087 -1.24931729760159 -0.635076562424469 -0.996178859095935 1.30843060702399 -0.155662787261963 1.46013506341687 -2.6690824960903 -2.78399124900564 -1.65225800566089 -1.67905264380333 -1.89066961631546 -1.87221357028374 -0.304273299545752 0.660616285430234 -1.21301823267429 0.472979384770322 -1.75063330633815 -1.50848705955071 -0.704112745938551 0.921499245872729 0.291168061741505 0.448769862380721
"476" -1.89717262659766 1.10322878784219 -0.784325291626986 1.87840272486534 1.52735011882765 2.01303622080092 0.40052885993729 2.51681565065032 1.03713415772695 0.0209429111695368 0.0413298046565422 -0.383930301941177 -0.200181979339345 0.0198582000521556 0.286166494067348 -1.14774604713707 -0.0319985471719591 -0.920148730484115 -0.428000922534313 1.36083179681186 0.0611183644565495 -2.30591660494951 0.858270241986541 1.57649080122804 -0.775391317847883 -0.129656406048648 0.548061642679553 0.684549195239966 -0.839782931036828 -0.677528591941418 -0.330021724338527 1.36166508493959 2.57636132806367 -1.59697362036097 -0.493515428513134 -1.49578500904479 -0.641820613656618 -0.947040637546884 -0.641870305210906 0.0277604808942882 2.1388933374444 -0.0883269675223181 0.717733379469099 -3.03742900663396 1.77212555045439 0.97416813917641 1.09466950458576 -0.653525541426772 -0.742354732882191 0.405293649848809
"477" -0.506725567059913 -2.20688153395279 -2.09705465535491 1.03838140043164 -2.76186201350282 -0.251604763829577 -2.06245272591308 -0.41156707477881 -1.10296769353239 -0.44200174409763 0.904061356299711 0.799384654217178 0.541419734656472 -1.27037991597107 -1.03828801802235 0.206171037193325 2.07003230705798 -2.04877891318238 -1.44109334384905 1.46971655360715 0.305344679699787 1.63462319281341 -3.34585910563247 1.20230200221999 -0.807365549792688 -0.632800021311462 -2.01466879065736 -0.972127477230325 0.408772025307327 -0.616388882471989 0.105295481465705 0.498540115996978 2.91227358196633 0.225428169460835 -0.385988242617019 2.2251661258863 1.8350056003382 0.846621080448895 0.0578217828669364 -2.2915297700685 0.87037018393334 -0.654312829168595 0.892190111609758 0.604495590469018 -0.303641404715174 0.510283271337858 -1.05960738553556 0.114689417389512 2.84459095335274 -0.435410195313416
"478" 0.17598034788609 -0.300054993238438 -0.907111180587837 0.110850567566923 -1.15343168748735 -0.581006273117566 -0.709865213592361 -0.353440219912855 0.538771938069594 -2.34512309458736 0.67770340259436 -0.59306746238102 1.31650171742628 0.893187155500377 -1.18028335931142 2.26970403860619 -0.891880332986307 0.0056666530239821 -1.13998274181014 -0.0164907633376186 1.74519964407114 2.29558254394431 -4.52843260901097 1.798724084706 -1.5490768558592 1.02748388508876 -1.821013896646 2.0909731623817 -0.89604773752917 -0.438570533969578 0.0441097720727844 -1.52245303089139 1.25889285658888 -2.33524193519472 -0.0462483019208726 -0.95192561266513 0.382527290490888 -0.490134612332121 1.03442571928894 1.07465816507293 -1.20044207904657 -1.60813260388056 -0.987430012191034 -0.897765427893676 0.28341866454895 -0.27831389740718 -1.7252320099127 -0.191965375531208 -2.80135371360834 3.62321256795354
"479" -1.2631896083756 0.662148759134756 -0.0609974961046154 0.707379771831063 0.432210119418138 1.99220550755455 -1.99060586373545 -1.48497554767546 -0.452244631194498 -0.422333217992153 -0.862652865795066 0.164736071878133 0.191568485689255 0.973024171192179 -0.781795280279592 -1.10762216617848 2.27987442547509 -0.681130848090424 -0.262298079976961 0.616946689852853 -0.0367986230283791 -0.962628770967307 -0.83088654400137 1.71879327694342 0.766562087478919 -1.55929116807511 -0.702974335149981 1.5326540173828 0.159080704052153 1.42302660707726 -0.494756940554826 0.123486646306765 -0.616431800916231 0.159750775313767 0.54052391876556 1.23819572657988 0.578845684589317 0.714648930961279 -0.342105731830532 -1.86468733762478 1.70394941840411 -1.14973596342879 1.69695987593914 1.89650891174432 0.673038952899815 2.02254266003521 0.142744793921409 0.0267149723643579 -0.246523674818917 -0.438102247434175
"480" -2.27407791387169 1.35798566893086 1.49462153072932 -3.31706372709729 0.90480140268319 -0.91228931741972 -0.332115141343947 2.41242494129385 4.28821587498122 -0.919255473099974 1.4725250044222 -0.718822129678636 -1.44377783992431 0.0716327476370722 0.141234378208209 -0.440098004999555 1.68865676443542 -2.15654342743542 2.48301332739098 -2.70600581956912 1.1781645233376 -0.460160771351402 -1.33266704443275 0.294475976399205 -0.670050085966263 1.41315603514513 -0.812721546465267 1.08105480189871 -0.350389660592937 -0.612488706465926 -0.490804622899438 1.21091292704067 0.175823484890447 1.17769340358579 -1.53285025237403 1.10921886187153 1.89272673328545 0.171428041738818 -1.94695824719295 -3.27774802083855 3.15164269220968 1.59334050395033 -1.79996647959198 -1.70124270886375 0.901199341799924 -0.0115049702029048 0.227682327822983 -1.3968603060261 -1.97243182648049 -0.702532837378442
"481" -0.592731773609782 0.216634706589151 0.232321245610614 -0.43261357070658 0.641435785133408 -1.29027386592587 1.13254072784111 -0.056762529566087 0.431218176400496 -0.575275404163006 -1.21958018268082 -0.843419830296347 0.526677364593478 1.11155032141556 -0.0723821552618613 -1.86634770838399 2.2522079943019 -0.853606590438143 -0.607521412277075 1.45751024418592 -0.359501785212861 0.233892839247296 -1.87174533504234 1.05329113482197 0.238761538474118 0.129309637906279 0.919750387804381 1.403827079169 -1.64329279317234 0.127747333900923 0.291386296275298 0.35967854712246 0.452766872079984 -1.1627853747885 2.09074500892709 -0.900663345455276 -2.68529491401403 -3.80939503603681 -1.5179152637766 -0.513057717150682 -0.106341125522459 -0.567720758071129 -1.57250018525367 -1.73994476372124 -0.425555856618916 -0.484679516364882 1.85889584407277 1.29664093456498 -1.10606120035581 2.45937622888644
"482" 0.373539469084071 0.1642313311301 0.0682605976975535 -1.53529730744458 1.98992751053813 -0.887789819200439 -0.210591968140674 0.331710430832618 1.55098514446342 -0.290393951867147 -0.126727052433872 -1.55095238935379 0.941264341671515 2.66130383683884 -2.33497480337922 1.20574830708359 1.48025088521438 -1.9982757293172 0.0389609717189748 0.0711205094585265 -1.13864814241279 0.10574946301486 0.00543201279348427 -1.54663340221919 1.87713474423484 1.2128724342053 0.692816734359963 0.160103523258023 0.103514815486709 0.185557928539808 -1.66541757954679 3.35678104512079 2.31038595637324 -0.693821059219291 -1.14152689063389 -0.517533726359572 -3.23975365597161 -4.34140737132753 -1.77995427619096 -0.762409642760747 0.766485002116794 -1.36698743777697 1.16607324344116 -0.664570242676382 0.944255427464246 1.50219295281942 2.15009993336245 0.564024296751076 1.62629542886959 -0.245512383093181
"483" 0.180473331858014 -0.0669501813414223 -2.36324517148331 0.69034231555036 0.942986266424996 -0.0473451018684253 0.222938298107997 -0.0280382315383317 0.089721716040946 0.102879505956019 0.381066889884686 0.17866298390589 0.179823441127568 -0.952153658291075 2.17059463471173 2.14125052767198 -2.40485068517978 0.194693768430191 -0.231422704494067 0.0367241370043643 1.63760065693969 -1.71035437540249 0.456161771433586 0.282533002833266 0.113671824795955 -1.19546136463953 -0.884910000582267 -0.599674860820185 2.71447332088013 2.66263061997126 -1.16722341563177 -0.306641775241953 -1.56747602971628 0.824328480464053 1.861007755543 3.09937916224732 2.78202350237507 2.14722560876158 0.64297318149688 2.31385388604732 -3.51007718178879 0.0221377477825049 -1.17901177624561 2.12048483989322 -4.05611671631808 -1.48701228279768 1.23177974504088 3.75739065737852 5.1940476690664 -3.50237902071986
"484" -3.68472509873145 0.184514487171484 -2.08879074946927 -1.75961140643368 2.83731050369253 -0.0639278382697246 0.695608195696512 -1.12839809556401 -0.933171080370778 -0.241129078399232 -1.65187490323762 -0.177798765846389 2.25128794274286 -0.328217261607772 -0.544849246541487 2.51341167666584 -1.70291088454591 1.07674857562213 0.735840980912206 -0.865446981083356 -0.704402779250728 1.49069063312346 -0.334734302684564 -0.0350879373127192 -0.558058747742569 -0.663660730307557 -2.28996829653418 0.89713757227619 -0.426776753578421 0.223604511393183 -0.159575206691572 0.0286847185964499 -0.0642700247256449 -0.706954703410135 -1.18479984938144 0.25724120162019 0.902641795020911 -0.380504926892707 1.71350175860871 2.58551396277381 -1.17420845425372 -1.76816392730304 0.812115139844247 -1.09982274125602 1.60867099449711 1.57526805120906 -0.919509707001665 -0.487290898531259 0.966206261429284 -1.32042728957614
"485" 0.578769439549136 0.0999581827458626 0.173550838817417 0.621610480740874 0.126723548031721 1.17199375022309 -1.53681696063223 -2.01796173962065 -0.962576817491612 0.253162830798703 -1.84092877166787 -2.7002382602534 0.261050789883026 1.3799772663601 -0.489844943301556 1.97793993569276 -0.125035846120184 0.527995512720225 1.83681455489294 -2.47986087132254 2.08548674186881 0.0349361874376159 -0.4094325874747 0.930873948815164 -0.773037075130662 1.5071203001181 -0.00814251560212918 0.62176520346348 0.150213508006583 1.03815599473762 -0.403611608444188 0.609715835816631 0.498193369085547 -2.36231276849542 2.38373706451154 1.73920739206551 1.96265166265585 0.491978684661246 -1.43436854227713 -0.640459020231577 1.64475075891402 0.623134327616517 2.49845587580942 1.39543729669395 0.246762292534232 -1.56161431476468 -1.09997602554402 -0.249122676373502 -0.204786640529069 0.0149566137818639
"486" -3.20337199861256 1.33174652634792 0.856001544250646 -2.15237012341405 0.305095428053006 -1.21320100966727 1.46517398233626 -0.219000868626745 -1.2463728548914 1.17776133697492 0.00865574868460785 -0.677423854925694 0.341235634674082 1.65585514548865 -2.88847517703668 2.11036101726253 -0.0594378205758024 -0.639374658419317 1.66124466333322 -1.01202077123429 -0.407674024410134 1.09224501288473 -1.18938709707722 -0.404661625376817 0.881082733180983 1.21583729376978 0.63812128843377 0.731664879347614 -0.982346303999898 -0.59495883762015 -0.165436649521365 -0.8068552067086 0.264938245439534 -0.179721348267118 -0.0166576265718573 1.7219991796106 -0.763748029458096 -1.87503964451468 0.0971799632060836 0.598490142582423 0.0903865297330584 0.847648354000316 -0.237154305489092 -0.0439956149845492 -0.288638846992634 -0.986755166520284 -1.03750310466264 2.49068599418088 3.2939993867514 -2.50270338744011
"487" 0.729049819650631 -0.908906869476774 -0.238679918624198 0.98607184670151 -1.97534774971242 0.194433814725734 -0.222295830166947 -0.00682940960026953 -0.63717403641546 -0.601605306675912 -0.426265581721821 -0.11692639193183 0.779576777378652 0.690369517381154 0.0378148971930057 -0.301934264613597 -0.0308959874309625 1.85107028661057 -0.562788918346829 0.479171225580652 -2.88881629409692 0.963858134861142 -0.76683340851224 2.27632764927422 -1.53553310121871 -0.112310006598779 0.00766362411081276 -0.66471129994934 1.5116300219315 0.791217693118819 -0.187766905507219 0.207491721418842 -0.571795256979511 0.0455601124412966 1.83971265906853 0.918008007662352 -0.858983194927121 0.761059869603708 1.03578536348928 -1.37094464695211 0.953185053427876 -2.17080306032972 0.481085537753267 -0.606462919189673 0.73392140474269 0.687000020082936 0.479210711123415 -0.0543453783815669 -0.0746177985331285 1.35393826853857
"488" -1.88514148662792 3.67289509840474 -0.781448650197687 1.71684310527996 -0.0398604938812862 -0.729896531923241 0.047934488322788 0.231508603867682 -1.02819832659255 1.44970567131019 -5.21436165309364 -5.89633638968549 -1.98447882194508 1.16969486474004 -1.20019241584927 0.426170204845846 0.388555431825791 -0.149679957345008 -0.231963662431376 -0.904100169276787 0.713258191272774 -0.956159449917748 -0.0851720706793876 1.39593158618109 1.71459754270516 -3.05253323674016 -0.877601359060448 0.944412983943153 0.48118473214214 0.156470949289681 -0.657596254929726 1.20614389550498 0.901717642654406 -0.49357455268767 -0.650831896543376 1.29683115265859 1.54985644305794 0.397483517771452 -1.23217383431921 -1.42327640915876 0.66858001386218 -0.461254616381138 0.330342993026 -1.14356136675098 1.72424328507675 2.00064330669798 0.158774437277688 -1.91054592418214 -2.83629105896181 1.1155203026481
"489" -1.68926794731013 2.68428438482629 2.01600857190094 -0.519207618600176 -1.5447287377919 -0.214486760067119 -1.19514430797561 -0.892079357856991 0.337400141393567 0.926100725663024 -0.993175089340872 -2.23018962170916 -2.85072843016074 0.423153082935405 -0.933703415855993 1.015697898195 -0.77191014438344 -1.39620729356725 -1.12708720096084 0.0721293731719076 -0.486405804471252 2.0143106386481 -2.28553515797551 -0.163685050294064 0.319317681194127 1.05691438381356 -0.24399072240733 -0.73175804607409 0.193996264099593 -1.12902339274615 -1.50956525768012 2.20233767067497 1.70870620606627 -1.39509656931369 0.143824580781063 -3.12143112970368 -1.0699067261698 -0.491641139250989 -0.106384021345202 -2.07718413261809 2.53998637876641 -0.535991155241526 1.33418512606048 2.13040114656033 -4.25442431835 -1.3595071780761 0.533048034027782 -0.387609013085532 0.40816124187658 0.0929777640260133
"490" 0.555379707359435 0.804536932520318 -0.568281122942421 2.52190348578655 -0.389847214606672 -0.546602349397852 -0.182133721497737 1.11736876961765 1.10726090531443 0.411799106574004 0.156116747526871 0.304590590437466 0.557309241760716 2.23743454647012 -1.50476535663428 1.10218345107215 0.0255817399138039 -2.40527863816724 -0.975434194802669 -0.164279747061703 0.871365878272365 -1.59347969472898 -0.20303914251938 1.10514809171597 -1.65025936694933 2.43197664439583 0.587721884370939 -0.234923981087546 2.16689393246842 0.789892940165858 -2.17865494642514 0.421077381304988 -1.81667273761907 -0.368685902575633 -0.675141323559462 0.00616561953639611 3.92280892985439 3.49301148029513 0.785852695495731 -1.6517766904796 0.914706026746472 -0.757985091742154 1.03562604501108 0.754552954171583 -3.05345093622487 -0.304747729730932 1.10265884491084 2.87360210632798 4.32186817869011 -3.21666323103345
"491" 2.10133519869726 -3.20891963539231 -0.56285314387866 -3.15001806488635 1.38363114987256 -1.48821619745582 3.00689318652635 1.04955298705599 -0.599161522599935 -0.298515686442657 1.14989447141666 -0.3595264674261 1.01588229913656 3.7726549307646 -5.73329020666055 4.91610354115244 -2.76966175986744 -0.0246301660576302 -2.26517156437741 3.50750496114166 -2.01437786289683 -1.40343815799026 0.566559752950519 0.00938995027567974 1.39604677222833 -1.12510232011352 -0.43667259974478 1.12854012877233 -0.419148846664575 0.263254330766925 0.504855140467211 0.907302940325024 2.5021124110276 -1.11459892775036 -1.25938727208123 0.0738856169512962 0.0825329507301741 -0.753803448572838 0.982057503694613 0.757067248609235 1.98834553587293 1.76737478107671 -0.226104668945538 -0.0653081602336628 -1.5261103866173 -1.66342094040178 0.157981490535808 -0.294049829182334 -1.80787947594681 -0.509637184608943
"492" -0.474392300157679 -1.18362438573781 -1.19608643012159 0.12803571890893 -0.915005928694719 0.987971940594276 0.0628073975193209 1.79891439755272 2.48168232490671 -1.56839952598212 -1.48493308534761 -0.459169222852791 0.859761283896015 0.97094492925398 -1.14025118565231 0.709838960212065 -1.49660286386985 0.839694108064139 -1.9585525848642 3.47876474202046 -2.28905570027089 -0.832724380547165 0.682624739328464 1.29997022051848 -0.614379353958351 0.250263559651468 1.34208597521839 0.119348708811347 -1.15020530635175 1.55144694138273 1.39544608316264 0.373177915753289 -2.05343855280723 1.00123013445776 0.340833517562097 -0.555462312411321 0.0833765208028574 0.297650556274083 0.885925024604464 1.30608294404315 0.813169275215869 1.01464843450642 0.326806742099112 0.409021270227604 -0.208181066846244 -0.049713827433923 2.36303161061813 0.866117833832256 -0.2798043137207 -1.25853313762755
"493" -0.736216529096699 2.38876783109853 -1.77566852647298 3.07728897190808 -0.0293399953729498 0.495504956924591 0.926587371809858 -0.0796749564848605 0.853423013755102 -2.48991082735526 1.60430412257141 0.285330062132821 -0.585287347033124 -3.34227254409914 3.87052114594453 -1.53196014764288 0.761598699037514 -1.68175698590812 -1.74858252380139 0.417186578608752 2.55003541960892 -0.636696199742628 -2.3341372724145 -0.168576884008826 -0.942292502302246 1.80427026330885 1.08187635927678 0.332832800441877 0.518994893999678 2.17822032977067 3.14757999976068 -1.09119204255908 0.424126733262674 -0.751039252794473 -0.74081699126473 -0.0322133568773546 0.0505388740898575 -1.89967953053607 -0.66667893313683 -0.733670924935073 -0.882001178063809 -3.24367967806367 1.90404641307128 0.937800431046188 0.806124512871036 1.87772529746386 0.591220682585765 -0.565805075041565 0.633181438715597 0.346025790458015
"494" 0.0669554074810802 0.184612481727023 -0.0617963248999797 1.58655988496808 -1.24331000381335 1.69935910334367 -1.95779729171113 -1.51684482672022 0.468904626158272 0.744538391988006 -1.82728469167348 0.678272422106305 1.36157177022362 -1.55407723887447 0.644422538421635 -0.509326566588712 -0.15862981088462 1.82722854296763 1.73863239175908 1.20480588322577 -2.10148414080918 1.16488282396167 -0.564566664087126 -1.76422366659588 1.85550316655395 0.302101009490832 0.753171279501407 1.19104272473294 -1.11109401409782 0.194283879942521 1.67638461518021 -1.44585548294966 -1.65812087219277 1.61512314036376 0.720987780484935 2.0379368256706 0.399671662844483 0.0328466438185565 0.46590939248889 0.0953362014432952 0.485291162668276 0.311514459335704 0.285508198628911 -1.47272438050483 1.99471904368645 0.38144888614272 -0.0790370075294322 -2.72567590273037 -0.308625336098191 -0.172830779748623
"495" 0.222189659980662 0.521503720319544 1.74029450602288 -0.627722381448785 -1.402968480811 -1.50893855660303 0.718031821777894 0.490607021861043 -0.52292633264217 -0.347182361746412 1.3901757868732 1.56210145930624 2.63394993779728 0.336491507190526 1.54590549705682 -1.09430703269344 2.35148849848863 -2.00709539461213 0.301219214818431 0.592976870772331 1.43994268222543 -3.24578172406354 -0.151801328849193 1.47769056962465 -0.805899662129979 1.84311834986511 -0.166008505777147 3.06587697966368 -1.90375151154515 0.297658453090382 -1.55229204625812 1.63093248570667 1.01019024036546 -2.83953677828046 1.37177449392193 -1.5542324803874 -0.121251706551234 -0.121919973165335 -1.21308069925588 0.0326657537238983 -0.0478971084017076 0.902626720795749 1.29162218137991 1.17894495130409 -0.907013193145655 -0.332605283116822 1.07202652580596 2.71392459155968 1.46801749893382 -0.76206184852752
"496" 0.684113996523813 -1.42402536092016 -0.601536945324472 0.47164526007568 -0.889138138705623 -1.6495456515799 0.530364347401744 1.37766078137539 3.24721599135829 -2.15614302620843 1.77997638562648 -0.326802853049698 -1.73945767510468 -1.53131484031677 0.147980202710678 -0.655835254890063 -0.443782765135494 1.01991155038776 -0.572930869048113 -1.1916972466203 2.45642679315837 -2.87746034082341 1.80740880219186 -0.941673222946884 1.57433045456951 0.401176570345931 0.80908681156295 -1.77809524698317 1.85523739933471 0.701682869989927 0.911641033234232 -0.18411202155262 -0.690769646278785 -0.481994779189654 -0.583758188052109 -0.602131527580736 -1.39729316994712 -0.403137783440257 0.318928507633694 -1.54155134093109 -1.57816915747507 -2.59845497889022 -1.92516944227073 -4.01689468975378 2.30502280384815 1.45881134273605 1.31098810638627 -0.0506119043934243 -1.72092689106541 2.40491420253381
"497" -1.82743936017837 0.914318466977826 0.292554947882721 -2.00341249154037 1.07050630293873 1.00470992116357 -1.49090696239964 -0.351489523641056 1.3234336878109 -0.415245682953842 0.10763412513907 0.0555672398808624 -0.245526835018871 0.402585480378357 0.968208031680495 -2.42432027912655 2.36319221480906 -2.91777582604607 -1.99681855914929 -0.40910514529021 1.08156450985231 -1.5092823419369 -0.790804801162705 0.309737306279174 0.894195318945255 1.55053279176328 1.47001652546738 -0.406334623843578 0.575029888692723 -1.49991174470345 -2.81158965468659 0.546949160445597 -0.856391189662788 0.260852841224546 1.16129202899412 2.19034415344705 -0.38710610570147 -0.690837190135414 -0.450883304471422 0.0537187033679595 -0.273467622886389 -1.50395651523252 0.827513051640555 -1.70451564076702 1.33560288357333 -0.0530503199569754 -1.80681603804062 0.507849536080052 1.68509934530973 0.313093426193428
"498" 0.612826879965681 -0.423343226075826 -0.023150232943745 -2.86846484736859 3.55989131697288 1.78496673226009 1.69899278431979 0.573516294044992 0.151820602666513 -3.2219378606582 1.3426380497723 1.81281749088429 1.45730461812544 -1.15323212522452 -1.01678289340819 1.90291862936884 -1.04650213533045 -0.391338897273836 -2.70336698068056 2.72157143186447 0.300666683171022 -1.05570241589514 0.843885834162723 -0.544470683856767 -1.69812543506191 1.33186678008499 -0.505896136605113 -1.04303187967945 1.28688318323106 0.373782606407701 0.979141047860747 -0.442022502119149 -0.482160754792897 2.29727547602872 -0.564904211126042 1.20720573941624 -0.0108039938555978 -0.439816246057273 0.664149830470914 3.41020671451105 -0.401417278976789 0.667949887263461 1.4603037739582 1.16972810249997 -1.3188978200491 0.832100061093154 1.58664747518033 0.258253098450403 -0.0330415195859407 0.404215819183872
"499" -0.174485073146292 0.118755169159741 0.804315188331285 -0.29771738562865 1.22390219583517 0.737767826330565 -1.42273648218575 -0.0921223587189152 1.21505032941563 -0.877421277470237 1.5799187879615 0.927084297998078 -1.28832427490726 0.0149586400632624 -2.27732839637161 1.13345571233978 1.04579951862104 0.0354663249717268 0.943109090777227 1.45749790838693 -1.8637665177717 -0.137500464199288 -0.627483470375599 -1.3122603780948 2.11139258298828 -2.26008638555971 0.557516315600445 -0.872378058311127 -0.230443135920444 1.51605336329626 2.00536294254114 1.28521465894679 0.841181189518398 2.73227983270677 -1.1220265348682 1.65403978387725 0.379767406235384 0.972793692422008 -0.438659689845398 -1.47045731663495 -1.53692861654844 -2.11538761918665 -0.937386492401812 -2.84728660396075 0.896057223082176 -0.325324019765548 -1.41208687866439 -0.284305020546834 0.614622858560205 0.918113232054401
"500" -0.123055408043869 -0.954420681494754 -1.1372093277538 0.272845928718873 0.191081746168765 1.40378749763881 -0.188697031144457 0.185007555909575 1.10265215381904 0.000197133047666997 -0.603964776093284 -1.85928833547923 -1.94441771981582 -1.1687849208224 0.628365784729226 1.61416180348925 -1.52744891388313 -0.869439286718331 -0.355133143419826 -2.15876913366342 -0.844129135634634 0.0629171778607165 2.08556148240093 -1.2298852855452 0.436548818192898 -0.536583530099531 0.676140690724748 1.45387506063128 -2.0468865818091 -1.3833333602938 -0.532479589122804 0.578638987990405 1.00556834247977 -1.43998845567167 1.33264178194394 -0.136651556987656 0.107768891484492 0.0926563330061875 2.47521757780392 -0.216644894295086 2.63713096013948 2.07172928139817 -2.51380940517855 1.56056457851643 -0.0987078304263348 0.213321125330326 -0.0423083970498001 -0.249922488805889 -0.706655410170421 2.4628203063386
"501" -0.63635863341304 2.02160677053576 2.29259616378816 -0.167753136410243 -1.15460042141772 -0.955999307236238 1.18475824920225 0.043401973838824 -0.366583174815698 -0.31974235971756 0.167697439576867 1.07689615256115 0.579927630601399 0.550021145232972 -2.43088081407364 1.09893244898101 -0.475556293779516 -0.186941393420796 -0.089554030340957 0.679838884368674 -1.0305897828553 0.840634862282154 0.788355940517042 -0.0913929652096519 0.221553689276277 0.993061203031091 2.14834181479032 1.11504295404723 -2.25594330239868 -1.50527370017125 -1.63979142495677 1.15252834139492 0.687495288442355 -2.3874369652278 1.16091428200421 0.307459127133932 0.640405386715226 0.0819972780159182 -0.20747028509996 -0.187823339293238 0.839881976000607 -0.316147698584908 0.372030544935055 -2.29192645482489 1.25079689851271 0.392834888407979 2.37099362344016 2.20210609404987 1.52483616926144 0.109560441589193
"502" 1.20443058577436 0.775572013581665 -0.103271598720854 1.08066136603266 -1.83851757071371 0.0160418906934296 0.537326906540639 0.403520446742248 -1.39211030156868 0.527336266741801 0.104482840406979 -1.55450379650052 -0.938307386500017 0.0367466542995263 -0.163312048256056 0.20327594677821 -0.398588118982772 -0.554140104050111 -2.46801905128035 -0.874258023776998 1.74066482519195 -0.11783810091564 0.744997627036702 1.27848263923568 -1.44228321528265 -0.366416140695994 -0.639656002578481 -0.402551842922566 0.442377944187935 -1.14524887191147 -0.632692517937004 -0.50292192565558 -1.13765294519884 1.18558121919377 -3.5343684547998 -1.28022681619767 2.30251443325358 2.3157939437172 1.25292656058178 1.14481992882808 -1.70230658302798 -3.65787969277172 3.26606884576968 0.8008947051646 0.561048383602189 0.409446606749645 0.721596034875624 1.42683772364714 1.62823788330769 -1.74672842242987
"503" -0.744192368953732 -2.44984228511519 -3.48216804990135 0.574972725230335 1.34239108633811 0.667263632470699 0.113464311027957 0.311111880175935 0.681623697033799 -0.466307115159248 0.365085721842482 1.6036098216699 0.833897883397731 0.00849014700838154 -0.412405970136542 -0.566665518585715 1.24750579526634 -0.108692671497746 0.357107337196105 1.1959595053452 0.947212004787112 -2.02202013289718 -0.790465909422327 1.01619914024616 -0.179541725381682 0.0753863209296931 -2.5172664436452 2.65737381340027 -0.911361619168843 0.397836457206781 0.0831849571047255 -0.00917288388220733 0.158788004018722 -1.82736661948274 -0.716663554632402 -2.38788103585865 1.16305713333863 0.545074742451755 -0.972062183530831 -1.16828318795579 0.0977084221685187 -1.175294701073 1.74177811223538 3.3828795983369 -2.62937373495509 -1.33700035249186 -1.23208738135283 -0.375913568713365 -1.28984504476769 2.52655481346421
"504" -1.13479826041622 2.33968105143371 0.501860763275394 0.871424597150719 -0.900727397559152 -0.918406204802428 1.12027753155409 0.625635781148594 0.872426334044294 -1.10357981060068 0.561462930015009 2.08528028177934 2.12834552439452 0.322509775014172 1.17719340099865 -2.17737738821434 2.07487643428523 -1.30008693495055 -0.989542248205648 1.41877614983934 -1.15277848758759 1.11899696575915 -1.99500728363836 0.723341075419126 0.431791223748731 0.31030981606935 0.525750458675338 0.933241316490887 -0.973793570943556 0.438314368688924 -0.850014781607675 2.4070805739739 0.327692597394263 -0.220015370139151 -0.0511919556818084 -1.72623068949747 0.0916729616376704 0.494276128239659 -0.904272050590779 -3.59160659543675 2.78082016160799 0.0723017908839358 0.02350099293477 1.75048310079075 -0.420259600392623 -0.597716109592715 -1.70237231043839 0.5818797729748 1.23484218632608 -2.21914843316012
"505" 0.0760171797737857 0.564893994076416 0.165812783882489 0.361001684123538 0.410861219083144 0.177150035972647 1.75570978980443 3.94096991543382 4.61211213004567 -1.90052316540927 -0.17612798802877 0.347537317320506 1.2601713306741 -0.0512491783914638 1.90319639046431 -3.01037290725438 0.727963893246458 -0.694482549206412 1.22529921008878 -2.14678361760842 -0.471068079428822 1.28420138122135 0.737060788554498 -0.08923299510319 -0.897386452861332 0.950643133879385 0.851505358163442 -1.80710423852558 2.12808680093473 0.232572236238223 0.819188800183892 -1.66356833344879 -0.433101529485827 -0.162796838906196 1.46316865606067 1.80714611107 -0.376054044069895 -0.879453119893306 -0.235369313877092 -0.0249598856564158 -1.49184821555084 0.292432991089247 -2.98856605204184 -1.51803386183878 -0.919942563350588 1.20929307477883 0.403064474164762 0.29795672852135 0.81850722498082 -0.496470440076159
"506" -0.717692056147477 -0.436145554799656 -0.158535879511532 -0.80894304741434 0.0207445401839506 2.10102507565855 -1.94075658354859 -0.34052594126848 0.715772045819129 -1.43709245381307 -0.552455484674192 0.00416382316008743 1.40637326221204 1.38567701269779 -1.82992861989243 1.28982110005665 -1.96470781341259 0.772515792964221 -1.29454024140577 -0.360833534805921 1.43619669646801 1.31340299063746 -1.85394335739509 0.638601833378897 0.526862318004125 0.0359498020692407 2.99393087253431 -2.01408579133166 0.61663108291541 -1.45908847621115 -2.65387531302822 1.55471501474662 0.821355390108676 2.1894657377198 -1.91455549920758 0.123968261470667 0.268044867778869 1.28407279598668 0.758856588616333 -0.25751073313115 -0.00841713763520217 -1.34744957406454 1.61776273037042 1.0940107632407 -1.43444423708981 -1.90462290108772 0.875287757130899 -0.331867011016803 -2.41232093461687 0.282698656242119
"507" -1.23907056008433 -0.43272092543319 0.0211687960877206 -0.980743484460595 -0.374939324710087 1.36250538129564 -3.12867904830915 -1.39839289209276 1.62838666035126 -0.856344300048002 0.889954491998719 0.662952751767343 -1.0335092458611 -0.401328107227246 -1.01320800487051 1.22751981198091 -0.838879850281924 2.60589777258384 0.920165071778296 1.25110446027304 -0.880771459878195 1.04219822590924 -2.72224134799147 1.61235416946757 0.137198188537373 -1.99445868327432 -2.88294050714104 2.14136572438908 -3.30413083291764 -1.50785304326064 2.41504554797817 -1.70872184054224 0.311841405074057 0.718636407589733 1.6440980141235 4.01419740436813 2.29920127730962 0.106111978161192 0.268807758551495 1.0341513881718 0.818606215962599 0.781839125454751 1.0271995386266 1.14406996252563 -0.684795644681069 2.57575946995799 1.82589318973164 1.39467941943174 0.556384575602667 0.690766844105844
"508" -0.266879265883706 -0.856261852433824 -0.18276741983035 -1.39109681074599 0.66465458749328 0.0473738326429619 -0.979719896629174 -0.433819239992405 1.00449875621291 -0.785487289515748 2.05486229003969 3.0105321628784 1.65470608278515 1.44583696194551 -1.85848455129866 0.722789944305481 2.69417823294907 -1.1491580410188 -0.381629349177702 0.412687488258315 1.48825572925546 -1.55848135388009 2.83888553158012 -1.80363613253569 -0.401809830211177 -1.32772500233363 0.408189430182855 -2.67436166729363 2.06989044009888 3.64647506513894 1.91636548164369 1.98620061335905 2.92255318274088 0.103140179999799 -2.19389015533167 -1.88809372666258 0.10242108873307 0.371167410977983 0.96181749622189 -1.43704154037774 1.34784300417572 0.429861439964117 -1.97537712795989 -1.07005613905991 0.653260676693442 2.3086284106071 1.2547350536478 0.556727497893666 0.965268678052506 -1.11011027107475
"509" 0.175327355154159 -1.37169601632985 0.195075508344894 -1.52791499548696 0.993633679095048 1.64757159760051 0.234763707601366 0.681555671151411 -2.93637482435095 3.13629813800543 -2.21196924697058 -0.658267827384275 -0.225166952979828 0.106478248510014 1.06956067415178 -1.82462469037095 1.79372074248106 0.35362121733795 1.79295088027682 0.150380538289806 -0.168488821477269 0.196140328914746 0.530393775690862 -0.676749998210178 -1.94241352660687 2.26596114768855 0.904905706998115 -0.852442472919305 1.92827470666498 1.40444137039687 1.04111040750947 -0.143426599593741 -0.18084835943934 1.67630145552964 0.0420091285725699 2.14198187299707 1.28336574214445 0.609006845221406 -0.08640316967576 0.870683216573069 -1.36045257029269 -0.600263708369052 -0.927122516901733 -1.29919746667116 0.860132175823077 -0.84158399639682 0.636328052274084 1.79701489960296 1.13586417212959 0.481104398583392
"510" 0.184882253639774 -1.40995009648387 -0.0872156112429948 0.670122111101482 -3.01979354695533 -2.70454572987723 1.21033571394883 0.910606699739835 0.247183949133677 1.26421280091462 0.476506104424001 0.0145633355351385 0.611243736093416 2.45225587491776 -0.622216894605043 -0.890793352659661 -0.966321914916742 0.984889286955048 -1.0584704871076 0.923663996788353 0.177717067476375 -0.510764433622944 0.819667496220934 1.59419539211904 -1.80642902785293 -1.21516872710806 0.702155592127318 -1.37094879113255 0.772251240372074 0.951120801074356 0.0468494106344967 -1.44433067732202 -1.06392117930777 -0.628016737701198 -0.322296775108122 -1.16379496537852 -1.40517634581377 0.134203349070177 2.97855099861994 1.07529639296307 -0.279144446768577 -0.304427349345437 -2.43091073148816 -3.96544593922601 2.81447038551565 -0.502880321002826 -0.380546203161906 0.966720096286811 0.277425455878031 1.6172994230376
"511" 1.4921171394153 -0.0676307112911523 -0.113870195144911 0.357895893248093 1.25761021371628 -0.292409276570662 1.29319199503137 -0.42134433025708 -0.683118183285415 0.784078778126999 -0.0611624757250135 -1.07207232415006 -0.975637190554558 0.963344709502062 -1.7372463468475 2.29775961669627 -1.76110132793495 1.34022096216324 0.211338922463431 2.04335890472009 -1.04882055159387 -0.839383820250926 -0.0427222577349326 0.589788215972879 1.3340837101353 -1.38851312122657 -0.0166070031837126 -0.199713565443118 2.01379250079692 3.52717984396777 2.07291384272089 0.54041370778205 0.0813801465118651 -0.0614441242718086 0.921517017496648 1.24017876092486 1.57857680226042 2.56220778644233 0.945388209770468 -1.71665450462518 -0.802254627244917 -0.11985729980524 -0.0341338644733262 0.962502268921172 -1.04536040644127 -0.959293674153105 -0.132193672529995 -0.783692907888779 -0.20733459699801 -2.70875241506794
"512" -1.03015699030595 0.273833669095715 -2.05235658826334 3.54778401141378 -0.763665276584518 1.51386931914472 -1.32732448213615 1.08881946876375 -0.124267329243305 -0.707497650192107 -0.481385660138764 -2.90846035978034 -1.444086802751 1.01644920887039 -1.75526569472701 0.494176944537649 0.73107401354958 0.956051354677814 3.07156736635035 -1.73751268908496 0.514422685569261 -1.29589719100181 2.60738168441392 -2.49976621002958 1.69952414002996 0.0394957119697492 1.93178901580036 -0.965989390881721 -0.271111970829989 -0.520543311453664 0.753366151964803 -0.779107353743322 -0.547984694478299 1.82907393488961 0.804344373121426 1.78911802861079 1.40754002079217 -0.973026548297837 -2.48578124445456 0.137244152937612 -1.62262803569302 -2.41023216081336 0.336048074428886 1.71753701220761 -3.54664266447768 -0.0611817186558775 0.561613796794884 1.83176825477319 0.306472947256632 0.37259551167029
"513" -1.13963706229925 1.36304890884203 0.263487176012796 1.35547108298561 -0.903567570474842 -1.31307347210128 1.50201805685894 2.37299906095658 1.50634756212881 1.79974005453477 0.347485254480954 -0.81592630399628 -1.34858626262418 0.776502787169521 -0.96511957046424 -0.680466688269034 2.51568908003776 -0.0942873333582478 0.958096639106442 1.09873759831753 0.32894294009515 -1.40707503829553 -0.159461030109356 1.4573766294514 -1.73788723614567 0.301832575579894 -0.447294881946689 0.702036372715627 0.191547805366132 0.969200889408735 -0.955939889607473 3.02271103520771 1.47730470122015 -0.900313942058545 2.05024231689124 1.56414765229307 0.738130756128866 -0.064325662055822 -0.567808401908321 0.894192786327959 -0.22371795022302 -2.03279256339573 3.29968673437379 0.995356154245473 -2.18239642853961 -0.674527988974813 1.80013291370782 2.27978376011409 1.62426511821707 -1.86574541852364
"514" -1.22802152040729 1.56055802104442 -0.285147582702667 0.0931432948750947 -1.80514638365782 -0.612685088403297 -1.50565700428576 -1.50650818006924 -2.28355780180936 1.25104465691503 0.393689845786318 1.42849408373636 1.72113413474664 0.065106815175868 0.876827223764846 0.911265457691716 -3.47380232921922 -0.179266050422848 -2.99792256788644 1.20774981447251 -0.324362146995462 -0.856185007179165 1.57909281244488 -0.335326494269747 -0.378857343225997 -0.175747395390144 1.52943562277707 0.267856628951234 -0.583777138589889 0.407910332050229 -1.57382457321598 1.74788178723545 0.0220561350927078 0.948746831274168 -0.188588216733067 1.37161420956365 -0.309469786027595 -0.25167339858846 0.659581194838083 0.271721375035133 -0.453497271105114 -0.968261825944927 1.74967261872147 2.36892104313937 -1.53199843893469 1.45364484033104 1.120206358744 0.683957205294352 -1.11622447849417 0.888888131190757
"515" -0.352416099386487 -0.511022079634985 -2.17133296698625 1.6614118995951 0.669817029137418 0.00106755597025947 2.71595037018934 -0.187252689814068 -0.979102746811054 -0.684173207323066 1.07539232332732 1.38144618281672 -0.613237809668839 -0.309579829346169 0.402536743113617 0.926699304490777 -2.05194403198547 0.629087218520244 -2.3955283350702 -0.0773590035172567 1.55696663711178 -0.994221100918422 -0.11540149626909 2.72121632916039 -2.46781231037968 -1.62164221230758 -2.91358480179108 -0.420786514781734 -0.834733431121007 -0.837928778355522 -1.16253606719779 1.16752548244204 1.82869384674998 -1.92612554042368 0.773893067888444 0.654253162901399 0.996440293650732 0.132124638205517 -3.55865886869676 -1.12643908584121 -2.02666240350986 -2.66509064080355 -0.41371246301833 0.934751401059453 -2.27171375302605 -1.29557499551197 1.11854649958096 1.96411186904983 -2.51744466280721 4.19263047629878
"516" -1.5001606953337 2.00461049651042 0.460712613524721 1.17415459433411 0.364978570991535 0.93060886630497 -1.12877697975885 -0.218730349591237 -0.44745000173921 2.72113719984094 -0.680123898364668 -0.70562849773843 -3.58059128503871 -2.12438926142745 0.762251825976459 -0.515212439738327 -0.092928741741809 0.503285830889299 0.136854865232982 1.65002455158195 -1.03992107490845 0.258967411002623 -1.07116708051879 -2.31399970124485 2.13985366373133 1.34245365576888 -0.261266404848553 2.52805403190972 -3.32556341134672 -0.547013707197414 0.841565962826548 -1.33954710826728 -0.0656549644937666 -1.59825512424832 2.08503033034489 1.33199621838432 0.463801958008301 -1.09190585720155 -2.01993502340017 -3.21703599435195 0.18607334492475 0.288215520731476 1.55267696083766 3.24266790892429 0.713088483888086 1.52112439847705 0.593419861834855 1.10233651563181 -1.84854176987426 -0.397121192601757
"517" 0.47057196277594 0.295568004942456 -0.288229077907029 0.742528451816834 0.2159766667162 -0.371500211475185 1.43771942558398 -1.40303613284166 -2.32722863233105 1.21506607117757 -1.19571034140379 -1.21157889104182 -0.296812841836474 0.0155075834088984 0.84320409302325 -0.479333766545098 0.860786473860605 -1.81367656751765 -0.502394824452223 -0.609557280876843 0.19282782215197 0.943237427644627 -1.57101072924724 2.4431536166473 -1.12068493657607 0.959394245190199 2.35564903093987 -2.79485245010123 -1.17337457050737 -3.11618301123992 -1.63895855778962 -0.303251375920751 -0.540135117297761 1.01493000664535 -0.979483152210593 -1.19210886977865 0.528436014557411 1.01457361189835 1.57270092097548 1.73899726903938 -1.21865812376585 -0.675749166616365 -0.774473199691988 -0.56078241348691 0.268141388812649 -0.551851138827118 -0.568917364303738 0.0359321963063998 0.332290599536299 0.853438365786657
"518" 0.558579217592449 1.88533920085238 -1.0610500964936 0.0513490932362712 0.957398654156579 0.162007518352891 -0.663059235055381 -0.133685629687785 0.00703348484906356 0.206388446376091 -1.49836876595347 -2.07881241207335 -0.276352675687667 0.858959576892665 -1.22592686657949 0.0691429004417001 -0.294625992732752 -0.2554624637498 -0.384130669526038 -2.98504948735573 1.49922491314123 -0.434485821935377 1.94027862990475 0.260293112508117 0.0767867664996575 -1.78161870901848 -1.80400764527214 1.68886593496413 -1.09521062898998 0.603578839908051 1.24969353574741 -1.64090940069242 0.403522660231455 -1.72905376887944 -0.102740859950408 -2.4360036340463 -1.27958819312097 0.495279029587815 -0.0731313798154054 1.05802939567987 -0.945858118692972 0.26121664600769 1.35151265859476 1.0240586044252 0.632465428093033 1.99622974108722 -0.0143493263605599 -2.10401503888176 0.431244573716096 0.582171540851534
"519" -1.99456661696052 -0.187882756529561 -0.427129988156489 0.61318837514338 -2.30178303094585 -3.24662650902791 3.80406623613478 0.903733669450579 0.302898807352652 -0.297068199814686 -1.54628769292623 -1.3500237037438 -0.487321881517156 0.345875267148014 -0.540283685913707 -0.256423445055815 -0.615491791152496 -0.897587516932765 1.04368209641237 -2.90025178622927 1.7857653525001 -0.0369589638280758 -0.825348485700054 -0.293883073112485 -0.23914405202311 1.04617150886653 -0.624371300681897 0.539112093178818 -1.28905999885468 -1.40941956267582 1.18398340044264 -3.09366238137526 1.02445429721571 -2.78413546105246 1.61780816884603 2.69350592523666 -0.236724698576893 1.66378344153995 1.52771317386089 -0.810838012280438 -0.125422582655775 0.393391121516084 -0.542942450080012 -0.20645654429003 0.0350893217857143 0.0472844628877245 -1.1429316729811 -0.506638543605548 1.73286791904497 -0.534645359991149
"520" 1.33022548708665 -0.14819138202332 1.70061844931857 -0.837747162690661 -0.949056535653826 -1.75392383381279 1.50528831953479 -0.0753475083844554 0.362268775296037 -1.22617652963211 2.03041166777258 1.04055468711449 -2.31927121611605 -0.411492756174152 0.567548478640549 -3.15342452452564 0.606148100561097 2.27841490311199 1.79240018437764 1.29584563958468 -3.10872154121674 2.16048849313328 -1.56255681297838 0.920623843600814 -1.2781745127778 0.653255693973662 -0.350976985165808 -1.63843653815151 2.18998755337436 1.80736473398656 0.47164138906231 -0.0708817029260032 -0.328194137677674 -1.98060629737027 0.246539209658275 -2.06919663402474 -0.88992970740513 -1.42730746401907 0.70173939148362 0.517942478624618 1.3592552612104 -1.59379820286319 -0.583008771382234 -2.52308479598166 0.791547201654326 1.44977437199027 0.910192375779087 -0.174169961001751 0.14821834074139 -2.10834745676924
"521" -0.0364656007962709 -1.07813915492334 -1.16658857244136 -0.402846091121849 0.659013371793585 2.62529745540529 -3.72749567874448 -4.26582613653689 -1.45127190171401 -0.252734091220136 1.77763757094361 1.78019524031454 -0.191969004356197 0.274252984481218 -0.862150738975694 -1.15027609271578 1.45210047909142 1.05630677944957 2.38772597923948 0.913869539015942 -1.79879801318784 -1.14094655692381 0.475710163865738 -0.45235849570164 0.931912991721874 -0.338575369225389 -0.127210696963837 0.758474063178078 -2.01721748315411 -2.01904588771768 -0.1067339910797 -1.35508359160217 -2.37587994488046 -0.156146593829969 0.0897327919170976 -0.119471178386862 0.020221388497492 -1.30523125440464 -0.5913047192821 -0.56689804955926 -1.22062598863738 0.277601499391429 -0.00635141884716842 1.64534837762001 -0.790736403363825 -0.949899461362288 2.05528011693567 4.32745743940492 1.32957340823886 -0.0461315459642203
"522" -1.52364429240093 -1.05065362957572 -1.28750608546884 0.716944287018067 1.61376997237234 1.97086040297616 -1.39362378060902 -2.26002282004591 -1.18864260256276 -0.414527121528739 -0.0781712646321567 1.05372091425267 1.48465358718171 0.305385771407071 1.52942044894964 0.044194922077909 -2.15637052754196 0.200579462445832 0.504815138192834 -3.5129951246967 0.926758602224003 1.23393770684934 -1.91589148363509 -1.28693332473159 4.06680162306972 -2.30538275791766 0.426669165925466 -2.97921182321318 1.37658256760865 -0.639951133438172 -0.319722912307251 -0.437567081919069 -0.610444946653511 0.509817854803832 -1.54923024417763 -0.899559730206939 -0.71091723642829 -1.31135179752261 0.175987594837557 -0.720083643893804 1.47462790633985 -0.564384373149799 3.56307320552762 3.23460567080539 -0.771970513440901 -0.586744729991054 -0.755137696591118 -0.29872344700936 -2.14377625061224 1.17556548426005
"523" 2.05873615983205 0.573169373671257 1.30952019172774 -0.643350632883 -1.43610405126908 0.193344966469603 -0.827396552680439 0.386400927243255 -2.917655041159 0.933331057428079 1.02336102278123 0.994728654273987 0.0635038611124639 -0.516910372377618 -0.695979514715269 -0.285612415307523 -1.83483091512684 1.70198091845726 0.502527108579327 -2.23630715728607 0.77705876856852 0.721020496132856 1.95921333459758 -0.913827844072296 -1.09140418225613 2.47588105717908 2.22288722505884 2.00268857981955 -1.77675699053344 1.09674118774712 1.31186319071704 1.10902327360475 0.939858255097131 1.32146773456424 -3.02450534832908 -1.64722623413408 -2.17125842682286 -1.00769793563375 -0.29817025799691 -0.918059288261094 0.577574944391235 0.755409169785676 -1.12030421695336 -1.82556635750473 1.54657455274632 -0.260258129624411 -0.63576290031193 -0.315944335070536 -1.96080982498523 -0.742895085818329
"524" -1.22912456302305 -1.75735465098831 -1.5639063273305 0.517069227614898 0.374683635373134 0.86656642839504 -0.96587643237056 -0.230879796413558 0.963666070720737 0.444286606992647 -0.14437601561177 -2.32753359150581 0.159450957275343 0.158678036098342 1.03855679413179 -0.392227612815686 1.45352852460218 -0.50735166738736 -0.530645602906994 1.52178785770475 0.553608660856328 -0.240304637954875 -0.660125398874439 -0.200094412179308 -0.461408258517143 -1.07587128251943 -0.0508974992474089 0.483532599932511 0.826175537766418 -1.09979973337696 -2.07971642477922 0.458007180171121 -0.0406806184588488 1.16610829568524 -0.421130313108304 -1.47762199506154 -1.35097235472733 0.610700555827527 1.25546401613614 -0.940577577893468 1.45185633303133 -0.0657338231322485 -0.183017724228534 -1.86819180575749 0.914025585263566 -1.23454917660528 -0.108195153409915 0.840614415726516 0.132307067171047 -0.107073891513488
"525" 2.38307794579162 0.162502869998737 0.24462920447738 1.90913720639948 -3.08102707250481 0.367126236152626 -3.40366112070685 -1.8220048623058 -1.54973471956826 -0.58296774843512 0.848165873740818 0.774209428288989 1.16630826048628 -1.5630506411675 1.62048434509794 1.46921351510808 -3.89033263359991 1.99784696543273 -1.28939038341428 0.998299629883413 0.0711002921912744 -0.14548859493652 0.61599704753483 1.07555439897703 -0.48287160903535 -0.396433884278697 -0.59232923746714 0.217880839921533 0.138077446439796 -0.797091684418808 -1.03048794967223 -1.92046061248133 -2.70097847246999 -0.0407409237769032 1.60901215273753 -0.978847891647963 -0.598980742934786 1.07089195001374 -0.850161940934648 -1.07856074339771 0.945063299156358 1.5211364600677 -0.992134514827283 -0.579485357359678 -0.559761315344852 0.405037826944808 -0.699613138891701 -2.984297481684 -3.89466428547834 3.23987217702265
"526" 0.549512556803154 -0.805982344702848 1.23488548825184 -2.12984857512927 -0.018264427753041 -0.26272486801874 0.489602741869184 1.16386956309893 -1.18292754043898 2.24416666088776 -1.12856978210521 1.3274269316744 2.92143679864835 1.82065371079631 -0.911262230099034 2.29887557096987 -2.11747619703142 0.698985761025934 -1.5676911370044 2.76026309575865 0.647631290495535 0.351029274269954 -0.64085972878115 -0.0414150950319199 1.80249983199629 -1.69836116579484 -1.53448756608539 0.511621337686685 1.59668473593886 2.49913587577123 2.97736058588566 1.12869668675436 2.95718455315913 -0.727468823039516 -0.404778136981843 -1.02852399710717 0.440407730907835 1.32620865701146 -1.03455572355187 -1.57871603411462 0.999194280244789 -1.32128101576634 2.08458861935413 0.751440298076485 -0.579873257358433 -0.852596527195706 0.0297618187187734 0.97399970149035 1.20379028038056 -0.234469826823144
"527" -2.8510444425753 0.840071457871619 -1.15682425807384 0.564358543753733 0.09853845299804 -0.442450812085773 1.47940220887012 1.24471902420018 -0.426078993615743 3.00067708488278 -0.39727480206693 -0.324565063897819 -2.92702252956716 -1.20897563937929 1.92025082566456 -1.63520982672388 1.07281554541501 -0.871695105594384 1.01699876890562 -1.98996869605624 0.484555514563888 -0.963165843589783 1.45960067043214 -1.66418955345084 1.86850737273035 -0.617145838486019 1.98089993872677 -0.792313520367491 -1.60170896753132 -0.949030435010082 -0.729261901947721 0.142067292254323 -0.666883032802539 0.856355763637555 0.626393723757054 0.854937570548442 0.938204217505631 1.31013304155569 0.401607224163085 -2.4212280472268 3.94076423251606 -1.13493630208525 1.56396528750191 -1.43899071134047 2.11530819190781 0.375646939566409 -1.72865296516444 -1.31234724420374 -1.90847180656151 0.493975792808194
"528" 1.05765667345423 1.11941093493164 0.449566670160072 0.771840582900396 0.1144766129858 -0.871799214500211 1.80415056786554 0.298958466529103 0.108046699154067 0.116386990954463 0.174377723923975 2.49209605665548 0.491930720819927 -2.96387165255613 2.52522676228463 -0.399278004338375 0.142166807009924 1.95847216412102 1.1225252186268 0.583793081714304 0.152019229687412 -0.768668304371018 0.090914192318607 -1.22744553001959 1.28257600661332 0.583012382386632 1.03414975668293 -1.21596337737652 2.69568033813717 2.02691343731564 -1.72188739027014 4.06980016889567 2.07983947443154 -0.656126130158304 0.538562377123682 -1.66363030861299 -2.50825246449873 -0.452514842798864 0.344248005225903 0.805387589417336 -0.0319445346997128 -0.734121993404011 0.426731336565411 -0.86830702070788 2.8452352104967 0.840538589598908 -0.583748332579348 -0.292692877961981 0.693925110575076 -1.8855844464009
"529" 2.72122982494361 -2.62150596864546 -1.45566264765264 0.805119171465548 -2.4844859278158 1.30071771359862 -2.30555578940729 0.565613787550343 0.210882145771739 0.535378263508909 -0.45476937759595 -1.39534734902111 -0.138299519896736 0.322014095527068 -0.0544893398611749 0.423953589241651 -0.19774184902834 -0.906469312686545 0.140612942184947 0.355567506618013 -2.35592281745954 2.14858745648779 -0.644055690371203 -1.11812571414019 1.68008958573813 -0.764493846222227 0.580975317252715 0.367655236117493 -1.20113936487991 -0.808742183957853 -0.683231688100555 -0.612449096157511 -2.13043417575144 1.03721258782291 0.54322752163719 1.30565750000632 -0.707212892776273 -2.55381496518799 -2.38647882647351 0.725156456827846 -0.367318730615352 1.43332418285148 -2.93096131242187 -1.79775016672835 -0.698256788141226 0.275454794319355 2.13131565428392 2.22913644187805 2.10179126163527 -2.51343915282064
"530" 1.04862520972392 -1.78581583663889 -0.0561221527369846 -0.0972178754142331 -0.382414973610229 0.210820389232611 -0.764915997246451 -1.5066373340982 -2.22360735030303 0.866645377465733 1.97354584562086 1.11964609970278 0.378513754088907 -0.238942384592404 0.553924373173405 0.364111595179519 -0.0887655830782083 -1.15547779131069 -0.363435635120834 -0.983391460408806 -0.987127348038261 1.80509656825646 0.639605990271426 -2.62629429633214 0.931408888823141 -0.380620813901748 -1.1112201260751 -0.0265079774284682 0.0506233639995843 -2.19567334413653 -0.0693530576478194 1.71064159615793 5.00754899502388 -3.56436700706598 2.44215345570441 1.2174091113151 1.09360545926897 2.07223537691353 2.05183052351513 2.34680091157342 -0.864581451053549 -0.182675760667859 0.357583068250966 -0.221371859479155 2.58335233684988 2.21458149961491 1.06629389224973 2.94217680228063 1.88485413484899 -2.46051239536218
"531" -3.10264894474933 3.6274455617948 1.26721486408234 0.59220805073323 -0.611698170842659 -0.346431636944215 1.3296390180641 0.218173130856572 -0.355881250723102 0.673900160974002 -0.895023267641027 -1.97690510793238 -1.63003322870815 0.140992206441079 1.35603718798805 -0.377802943703515 0.394717070030702 -3.08534161108081 -2.76691313123603 2.48330811062227 -2.87989541229149 -2.54140942780681 4.04845997796482 0.520139588426953 -0.799831099172057 0.370271457890738 2.047678161251 -2.23962387804416 -0.868511884870669 -1.255617564384 1.05671777859491 -1.12010037307807 -0.0754217596458534 -0.40862652840873 -0.383902474128047 1.96683617848817 2.37107393515513 0.648702077363619 -0.943981240011384 0.28888688352179 -0.576899523959101 0.139193309863087 -1.45435233478208 -1.5132011673489 0.0399100305518348 -0.191342375395356 -0.0169194731935542 0.0828682038399014 -0.989725275050051 0.0247592041846607
"532" 0.874108360659412 0.631215200611295 1.70157958068664 -3.68555361169195 2.28161600076764 -1.42379267683425 1.69338915309375 0.810586194023176 0.34643128709268 0.927122874587231 -2.7896346449884 -2.47258384784164 -0.084285633218496 1.59406627619307 0.042398266729727 -0.973522497004127 0.381085501294989 0.692518846754655 -2.30926510033298 3.59262192403264 -0.443210432449991 -1.22176121649853 -0.480911925983993 0.387684344742354 -0.773508730346056 -0.152692891750949 -0.525106355921945 -0.0651030821049893 -2.05373840258331 -1.72828591812713 1.20858728143277 -1.3506360569799 -0.217708249212523 0.453828239805652 -1.2248643392704 0.223624227098552 -0.763464311950932 -0.697255232192238 0.182691660735523 -0.683855476268051 1.89721941192703 2.31360242267249 0.227808255670537 1.52706331912955 -0.751122345058663 -0.222520114342543 0.235029669899596 1.37690448038194 0.28574211850636 0.693119488794516
"533" 0.0260674558924195 -0.087467735320507 -1.13233568099649 0.334119045567926 0.961907361313243 0.456669775135033 2.47783393860928 2.98776915324668 1.06094738119254 0.677154294716188 -2.73139157584866 -1.21056192077058 1.47368928770462 1.09628322255904 -0.122134543642436 0.979351955914038 -0.0264189824981051 0.0219500989312851 0.132293695622962 2.56568518405704 -0.494937032637405 0.7189823213857 -0.66299895650373 1.03130318361157 -0.411977569701032 -0.441222674175662 -3.26713281370377 0.487749673118065 1.46930026839637 1.80736178439055 1.99985976613252 0.0717683157821058 0.436835104533737 -0.241356078459779 -0.876337572783786 -2.15629078323367 0.536429757122044 2.25384038093216 1.77055675109976 1.82583470530527 -0.383950498533034 0.51077788887894 0.492689348493164 0.839919099218394 -0.340332176663185 -1.09717856771405 -0.361167160326533 0.814670025208395 0.531507572594275 -0.523619814702345
"534" -0.237910287939631 0.705958093721509 0.113967892808373 -1.37088106446787 1.71431910971274 0.713834837100023 -1.67664185669786 -0.732415964760844 -1.09589777455493 2.39932616819741 -2.62818598307612 -1.03286551579605 1.78507991687813 1.18267763438543 -1.33320052666785 0.871530145553287 -0.386744839200357 2.46600563650726 -0.110377945567119 0.378447533042967 0.536731447754153 2.22903110935793 -1.94833664246638 1.180564287148 -0.522489027209261 0.151153983673658 -1.0948954532906 1.60249534133922 -1.22386567709661 -1.58291086170315 0.373183164395723 -2.70197720922586 -1.49614803227091 1.04841481983639 -0.84602701269981 -1.91934382199039 -2.84710956098084 -1.42463466889758 -0.439137015061562 0.487186123258811 -1.25396648117228 -1.99336128291591 1.97699776131248 -0.386481762209337 3.37929499216855 1.50521651233495 -0.42697458383315 1.71203319836614 1.93869277038838 0.780680519434819
"535" 0.414575970814347 -1.97338051353903 0.0057428888868408 -0.183001741333186 -0.365920905687719 0.929861865266806 0.246161408508914 -1.00503448750175 -1.38649613045278 -1.83062647000705 2.10753886643923 0.538647126968358 -0.536568849801937 -0.0151807069840806 -1.19281938849418 2.1654779436181 -1.86071031330775 1.50571776376359 0.213767011487235 1.82669034244585 -1.24969652652927 2.48572137352551 -0.799672781004046 -0.495240088916741 -0.133773006036856 -1.47699790260254 -0.360760224875903 -0.829668111776508 -0.881525549030256 1.24773393937076 0.75888523924852 -2.01968856686166 -1.32599033748868 1.63381657176575 -1.49741920297109 1.15257047370807 1.26544901641241 -0.784450630665668 -1.03472964285847 1.72714526489996 0.130046941807662 1.20718890465323 0.748688906474067 -0.697971464811179 0.512910598611657 -0.368985780960686 -1.36110018795006 -2.49809441767831 -0.908752533362054 -0.020982089427348
"536" -1.38105209644013 2.16267418204315 0.945237274187176 2.08084003670075 -0.214647726741523 1.322655471671 -0.36107028001859 2.86056585714238 2.83115358669887 -2.86910729085727 0.691170960722639 -0.952471984916045 -1.53089931573737 -2.19699296288628 -0.3335472626082 0.959100293856185 0.626164603087505 -1.75461466008443 -0.94514672587448 -0.242580328385272 -2.31392364405183 1.33325244925384 1.43159376489095 0.277991360414793 -0.737929483694717 0.0186612941229632 2.54557811900568 -2.10342245183825 2.30735005327895 2.43632655423196 0.336453624365618 -0.271243598752142 -1.05447825809195 0.587025676815329 -0.186194610615947 -1.1963125497033 -2.53399794293919 -2.28964889766047 -0.906263047163417 0.984487975020426 -0.130516982179577 -0.958800758272295 -1.30380863515579 -4.23369489260531 -0.0952019279387878 -0.326092122818001 2.79873187222951 1.68774280758919 -0.158726362961033 0.150003997878073
"537" -0.105468487211327 -0.0580150347410152 0.321125030032477 0.692150377801063 0.100909659088111 0.775633606940968 -0.325573563395211 -0.173799810790581 -0.365125793323129 -1.76463333815134 0.595881133210566 -3.03851439129275 -1.5541436564708 0.48885252493268 -2.1530360992153 0.306449434674246 1.58432307377366 0.875794421158852 2.14168568417135 -0.98048914701275 0.73586843932215 -1.38386475147937 1.01676384283922 -0.256196522504422 0.43924344886343 1.61351417244681 2.38406622630357 1.90352980743104 -1.44780485140635 -0.5582289181935 -1.80179118468625 -0.245023490339808 0.761857992389854 0.527854156459066 -0.100003520042902 -0.792631326819491 -1.19680125912673 -0.384282545559908 -2.02415453705539 -0.649774457331336 -0.894475547220455 0.428477618550661 -0.923596018207201 -0.480779739114633 -0.51742834405472 -0.909677470975383 -1.91623637782099 -2.16036173564233 -0.0727527920976386 -0.522183045629374
"538" 0.0395878299258775 -0.964988119479593 -1.53602904686966 0.708307821643158 -1.28949354397937 -0.467695615373215 0.524071595773366 -0.290085164719729 -1.487763782832 -0.349813868243985 -0.178782927759851 -2.48516470263687 -2.36318280319022 -1.47957656741337 -0.357859637343093 1.34732344655017 -0.231398267354663 -0.0946482263083216 -0.658429671389029 -0.889796170471999 3.09557257433464 -3.39960373805292 0.906855623803074 0.714345919440307 -1.02127382815145 1.23761629060346 2.06268045182581 -1.55306354613424 0.207954356841175 0.774482550914819 1.38259361014973 -1.02179841508538 -0.776202169860532 2.17282628600266 -1.51493165451581 -2.16842780577333 -2.05112015854536 0.366990982290365 -0.496652038590272 -1.25398441178167 -2.49652612178586 -1.85992195929909 0.76606910397309 2.24665523696313 -1.95911708203503 0.31380520271742 0.187982799936047 -1.0811838801279 0.323670606825024 -1.29453025456857
"539" -0.378352082211367 1.97784774530422 1.4223668000698 0.956171446839711 -0.191965121567085 -0.787138481017706 1.11474211598527 0.0922753967095978 -0.745279351115908 -1.27229527165674 1.77398004170559 -0.0790732196464873 2.2291803156576 1.2671278808409 1.03205274171218 -0.196259908672812 0.148317989781251 -0.096741877506992 0.789046851831312 -1.08678892007153 0.214138046244014 1.09883114795643 0.730167314953494 -2.52507470884124 -0.00192735055153916 1.98679698638373 0.13422708227809 0.139763704130588 -1.50490046767001 -2.76791979983208 -1.39683610829245 0.0108656137455256 -0.617712549549176 1.30875768306867 -1.21052596972428 1.57403376699574 1.56197104135093 0.753229144310626 0.643728871304727 -1.57679021234117 1.55929140325433 -1.73474937397192 1.52933275343462 -0.899904177591052 0.957905223083461 -0.426945099190481 -1.62175947721062 1.70354686499363 0.481477597554299 1.30630202520027
"540" 0.936319285197658 -1.20470595682875 -0.537764537868481 0.0621616007570809 1.32757616733919 -0.404561872885695 2.15116371149293 0.843129919065233 0.514393795558406 -0.409045684784734 -0.239340975739282 -1.50000064681886 -1.63153315349626 -2.42940387496913 1.00438055683447 2.0315309661427 -1.4122401281846 1.22259972495892 2.39565955472151 -1.14090166627841 -0.797836351329844 0.908554073537369 -0.291802331298449 0.449576656777758 -0.0635541979004904 -2.27603033311623 -1.66338588227823 0.325096561525976 -1.11629749987548 -1.14059451936747 -1.95381824061298 2.03971342767715 -1.19287550857903 1.67402960938828 0.181838472236513 0.979923016963617 -0.199768157598713 -1.39666337093024 2.09155982373035 1.8971328094196 0.448613077974796 -0.684147441540218 -2.0914361769559 -0.840462519275958 -1.49013337360244 -0.447603432474574 -1.2139886069534 -0.997513187184754 -1.15963774339572 0.69733096339929
"541" 0.449983998165192 0.279719409791092 -0.338605847806916 -0.274744841257848 1.91657033621907 0.88738504590199 0.941953259948095 0.361566882532658 -1.13105038371694 1.71585328102258 -1.32086012287877 -1.5079571324653 -1.80303817669559 0.605473688100813 -0.312282440040269 0.45093235065319 0.769995210009075 -1.72508887545737 -1.03661415034525 1.52750886196277 -0.891766229293375 0.0115498271946134 0.868143690840115 -2.40023440377561 1.97041345040535 0.451287650902678 1.94105421904356 -0.697419880660161 -0.0747962385506249 1.21722251314242 2.53675466231438 -1.30059995428418 -1.25252860389858 1.51732964448393 -1.33572777415084 -1.2254748988602 1.55553239983688 0.722903398670367 -0.276637246248556 0.410149149195624 0.401513753758227 1.11175673280335 0.995956509936556 3.08215904295302 -0.397314565419447 1.702556093205 1.84658605747429 3.85830174193961 0.556861779014626 1.76441668646431
"542" -2.40163349837424 0.298815162114426 -1.19148743573416 2.06531089859632 0.629230482444732 0.142551838266484 -0.386585853002814 -1.89569405246948 -2.38251835873288 -0.151370215121371 0.313574132173179 -3.57070340196452 -1.07543783135974 2.97752806007354 -1.53055298942026 -1.14012230653378 2.20187850627938 -0.934485660556493 -1.62667109409728 0.95335819561964 0.46132889483758 1.42567039355559 -1.20645759630065 -1.40733657433173 -0.340346419303386 0.995627021895133 0.143528130466312 -1.31561486134017 -1.06482757457153 -2.50332751745569 -0.684463172008717 2.23965700739207 1.5813490288832 -0.0713432458135582 -0.153460867562168 -1.58682896983778 -0.241566973384897 0.219837123913473 -0.705773839678703 0.587537797014067 -0.528475128463718 0.429550001523762 -0.725772273255057 -0.175557942933721 0.973351201538948 2.78734479742081 0.233769484551263 -0.426096026587933 -0.00944011830976068 0.675438409784045
"543" 4.26289437172255 -2.83867451282809 -0.474039082555523 -1.75125526128875 -1.13433603913943 -3.55429629194061 0.594014150355021 -0.0334365825108516 0.703756731361752 1.21205297363641 -2.71188912472939 1.16129321477754 0.428765570628369 -1.46023806549165 0.341505841900461 -2.36155110224464 1.64123001420287 0.0425367480987471 0.759229463089588 -0.855592154575982 1.98963861751848 -1.76572146024261 -0.202774090423344 -0.682172191337061 1.53006499027157 -1.0191644225898 -1.65694766408223 0.209077812960836 -0.411147502504548 -1.10587318413518 1.38143746232097 -3.91494497223067 -2.75153105298012 1.85639897722444 0.601564347153305 -0.255689896733032 -2.45371605193913 0.129516241594599 0.761811447812248 0.435085173962366 -0.259721948464195 -0.564222142509092 1.43431570741904 1.11954317756713 -1.35876727014562 0.875922137117404 1.36670365057136 0.493846009656334 0.21981276397468 -2.33559024730142
"544" 2.17178445511501 -2.68595275104158 -0.187405583465054 -1.38732527777077 -0.674588295945418 0.236896420528816 -0.72325152376296 0.992634489335617 0.764186868423263 1.28947460380604 -1.19932048506326 1.16649497436188 1.65514577681715 0.958737317684386 0.472552029016181 -1.17583856042272 1.58187839256762 1.38517262372619 2.085670306423 0.972610078809567 -0.241537741317087 0.441056593355633 -1.20827171894483 1.62352078260284 -2.41821173256979 -0.0025958531154861 -0.109830341330072 0.988461677529022 -1.45476257988456 -1.15779847144743 -1.91452858206664 2.23791234262585 -1.26384574711193 -0.081331989960113 2.14749257055248 -0.272964139368138 1.56230944807009 0.458812016494759 -0.737430130699417 1.13174565039077 0.378262403707858 -0.601451480029226 0.0969327428251981 -0.864902408993875 1.75823968600801 0.801534827844381 -1.82139820408757 -0.29247331577384 1.8131654853724 0.128889731667747
"545" 0.117816168887693 3.97653939212811 2.79545139603497 1.43455062392949 -0.860633327083465 2.15649630819083 -2.39596424023822 -2.57329524408561 -0.911068581330966 1.21254597244168 -0.177002401824695 1.14928952577011 -0.0505118033137861 0.917364372333267 -0.770126089023398 -0.594978547822624 2.35483119981529 -2.80092765456987 -1.68359678995798 -0.477965738697941 1.23953092228042 0.834387651709951 -1.91057469784299 3.57351793855717 -2.72032615958779 0.880167312724646 -1.23185839466698 0.890671332637607 0.721131218189063 0.265482226786803 -0.331406550147432 -0.41255772077496 0.894843801744075 -2.78900535605058 1.19325554163788 -1.60078940122202 -2.21348556738514 0.397099730457858 1.79048406877939 0.465173778458071 -0.136619063341959 1.9988223926812 -2.41328101835135 -0.652020079359538 -0.848875274415117 -0.0770838038331078 -0.791875286733138 0.63205439003209 2.84736841620695 -1.02920936227194
"546" -0.0545142213550859 0.576408229212585 1.42294518296076 1.69027924160059 -1.968447537567 -1.78592228623411 -0.543106319524981 -1.4433533444274 -0.0508464929859877 1.24167082897653 -0.669626365358513 0.0773010049229049 1.38281392248505 -0.650601984334573 0.440933117409175 1.53872187367103 1.84312625822511 -1.29296192290224 -1.65780795528554 0.257579962393535 0.648782752572531 0.273930124859235 0.623342958917693 0.977690992480077 -0.425884047806904 0.714306925870531 1.57639681969873 0.106185538188412 -1.13988175068108 -0.734546692931042 -1.05625536764416 -1.60912756245934 -2.90142578883221 2.21289960047504 -0.641261994407262 0.365532242136307 0.199945330691982 0.494755106548231 -1.99188213830013 -1.63317079614755 -1.59630742050539 -0.697219415519466 -2.12819558985041 -0.435027176409076 -1.77513155009243 -1.0293712557325 -1.17034055531843 -1.30995040405251 -0.959980090352382 0.335094758644076
"547" -0.191334469822474 -0.227590069268464 1.17009729175762 -1.42964222746992 0.766324775780738 0.588808834937275 0.367736842457914 0.632408643274166 -0.248278119432427 1.24045332927581 -0.813997603896551 1.27421129755358 -0.0939678854096506 -0.393663451252478 -1.99234950470538 1.35536771314095 -0.565409088309514 -0.299396236958828 0.0961112726225023 0.124508537664985 0.670393296053207 -0.747620181793531 0.0377615402663938 -1.26265074394786 0.585105337169995 1.34460032676984 0.0978623874115717 1.85967619150736 -1.71776137783189 -0.355078063901032 1.3914130120502 -0.0419639003702632 -0.439132575788358 0.747251166828028 -2.27133974267373 -3.00435661653863 -2.16508238644764 -0.202252763890408 1.42226146227371 0.511059754444828 -2.36617200299164 -0.73313648646989 1.06779786972781 2.53457885552523 0.386538164590273 4.6727805394187 2.44566352359358 0.301450992146839 -0.420080967220672 0.571319905396714
"548" -0.214818695894851 -1.26615644904929 -2.63969046045881 -0.285093259631347 0.90741350082576 -2.66450880861027 3.25694664100505 1.79582120445509 1.48481025381853 -0.885395823913432 0.200479069379633 0.573249740731414 0.172847162397403 0.489049844913709 2.33671644044194 -2.75816796185268 0.169370165499066 -0.290442827946891 0.0894300431223768 3.80072527284105 -4.86755461771263 1.21621957238221 0.0794950650085107 0.456057955831788 -1.655489711338 0.826053419710933 0.639867756639757 0.277126284260449 -1.30002457947874 -0.74142267260954 0.196371102184448 1.84473022858101 3.57472063914096 1.73107661136509 -3.4307536263986 0.155983826368362 0.269329327631672 -0.441240447484515 1.63172557187452 1.73062498873983 -0.126297664933737 -0.1722793441021 0.479517725415584 -0.963073832521807 0.38694991550616 -0.725172921777454 0.264439351423409 -0.75027672727007 -0.472619784353435 -0.676342252134748
"549" 0.6780064935025 -0.70104676572179 -1.6535433303175 1.91476644709708 -0.20259250999349 -2.47477445325914 4.25773421835868 -1.06854885577671 -1.58311029029376 1.8905304937988 -0.672484228306987 0.48415799809074 -1.47758686667289 0.204206451546686 -1.49803501058255 -0.380706016973277 2.13919690843176 -1.34281015777214 -2.06807418327357 1.06670445807138 -0.149014310531028 -0.090604623321914 1.84439328881856 -0.295840353991125 -0.625899713241262 0.333519938446118 -2.45316826915233 0.868469591745039 2.28384481238199 0.505935068450967 0.450765615140099 -1.1110047563227 0.718262065571768 0.108567907844931 -0.24501140459096 0.744898566290131 -0.480141749643893 -0.861668553208783 -1.4302839665881 -2.79359272829465 2.12981426652677 -1.24828727506713 0.596847474929091 0.347943057567146 -3.13612308069369 -2.98007098575329 -0.0289795140749631 0.7233662290523 0.950118586465918 -1.2245655256372
"550" -1.06685857554674 -0.550198578787702 0.85202834288326 -1.29588343980671 0.208705706033523 1.36967980844764 -0.385300075885997 -1.80636344036498 -3.25697694858518 1.30938683787188 0.381352870011692 -1.46097354777928 -1.98758216629479 -0.788349315631509 1.26047857604101 -0.44286231988555 1.16878576702779 -2.93307708253915 0.432902350785659 -0.876276795289148 -2.05560181463172 -2.36533507452672 0.455376334783483 0.92901128003766 0.485783420027834 1.55885682146807 1.37066825735904 0.232084031814274 0.424114361648063 -1.41392105536094 -1.66953197284655 -2.36108098657878 -0.387965353385135 2.05432285214025 -2.27688597455178 -1.52843145604827 -2.95408142341178 -3.88747558652695 -4.63903893816098 1.21828362324055 -4.0813975723172 -1.59527283696034 1.28676627504709 2.11484962461467 -3.18251795273447 -1.28761630828501 -0.417111093833334 -1.79640764991075 1.37157533379991 -1.67292947327237
"551" 1.09569170588269 -1.11526381880132 1.54560428573228 0.467035891367233 -0.0252336544576944 2.34081019400118 0.844762578187324 1.61906413555453 1.34700560591924 -2.03655964186802 1.95387144909314 -0.116467313671375 1.90842653650007 4.43363807385064 -2.06997581840267 0.760105485000859 -2.0868091741623 1.60869776625541 1.6926959388103 -1.57946449414323 0.36743959587947 -0.47509579446625 -0.479224001311073 1.26663438054861 -1.67242078247681 -0.0170078327956746 -1.23944996673474 0.186581808525072 -0.98818703537349 -1.96510258279677 -0.204411724023771 0.903051164999151 0.60630108870304 -0.194612251512591 0.0952143788352978 0.597663872622867 0.438769545763845 0.923537780154374 3.53323935991001 2.80974991897116 -0.299697803479933 -1.18021931549254 1.59463372315306 1.71347096703422 -0.314287494292099 -0.0437945802778644 -0.715887749189206 0.111227124355634 -0.343144651031131 -0.380278303080763
"552" 0.0370924863037053 0.179847463695577 -0.0630766258798298 -0.165654074486563 0.48131580946045 1.02300699605883 0.431764202090296 -1.76885399007929 -2.14700841667187 0.0184496030216635 0.405868208516607 -0.514961388625346 1.87286799687847 1.37320178136523 0.808401604264487 -1.82169204964447 -0.408439820849998 2.67950223992875 1.82629583350795 0.705108868285645 -1.00885190239196 2.37224409325339 0.516504298044614 -2.31686015413021 2.39873214111053 -2.22810109926278 -1.54730075136494 1.10307790135392 -0.357118630792912 2.02497403448403 2.94918916342783 -0.51083441359974 0.49515531123821 -1.02408134135679 0.46203041721399 0.230236031396206 0.221961191934174 0.181199344333163 0.787971186584534 0.272930360511529 1.36092280100707 0.476452516878016 1.17283102243045 0.963702029541479 0.350965472861845 1.88694560032664 0.782490320738349 0.345395319149167 0.469495055079867 0.83657627863304
"553" 1.45914177712032 0.497313570558262 2.2600620962301 0.0889953395966345 -2.02741151958669 -0.796406017798678 1.69858521445838 1.13288779693855 -0.684054707164447 -0.664505435847381 0.102131485685281 -0.989903856624657 -1.74706583448153 -0.755874242140925 0.284989387681564 1.31870382485732 -0.512683133221981 0.32004656998735 1.21505802755733 0.926673505509116 -2.16704358766283 0.271941752673751 -0.212945204235913 2.31689090277744 -2.02675027398946 -0.453651569543344 -1.04129485794517 0.0892874622391315 -0.178565381849618 0.0229953488320821 1.65829010753006 -0.444197443789086 0.762726159709528 -1.09021462057495 0.912283109328046 0.536597292808773 -2.04768238616893 -2.39558310347332 1.00078588421525 0.513815335821996 1.45935545741238 2.07032102487622 -0.547906530859681 0.545877400135203 1.09703107499982 0.376875896151077 -1.02328178954893 -2.06490370249828 0.363807557751048 -0.989252199575014
"554" 2.46379819403036 -2.57566868467026 -1.05855976662174 1.44049468089523 0.0906967215073725 0.15582100537923 1.61240875862597 0.729305545006016 -1.99925117029961 1.25980033727395 1.66459992064148 -0.462273092286899 -1.77290532760622 -1.57508238919474 0.822479472539655 -0.527340402385085 1.19190931027342 -2.56521493378097 0.12845023920307 -0.79908745035937 0.165318785793988 -2.15609575828836 0.8101806054782 0.410211572001855 0.414793052172106 -0.0395269423310283 1.53178399627063 -0.826446562437848 0.478470867858621 1.26526737735024 0.321544845863061 0.946759974932222 1.23056378397086 -0.709608823326378 -0.166473321049216 0.196324689020319 -0.355293960557037 0.192214274772016 2.68871391952858 1.5535374802199 -0.469617203135486 -2.52270189376709 1.31784375771287 0.242921521527838 0.218297197180475 1.72642805007236 -1.94427607172507 -3.11706052030705 1.0593203989749 -2.79529936944662
"555" 0.717303177997504 0.254237481440921 1.62461673696951 -2.65384699197581 -0.267260318928038 -1.30424507495692 1.69649175408935 0.96785555680828 -0.386860908214297 -0.140388919662076 -0.251915343941884 -0.429220863535738 1.72941965485328 1.35253994289385 -0.682016218215534 -0.427242987793879 1.25418252331417 -1.11964002759232 -0.653443594455581 -1.92623898034038 1.87161506668679 0.908011388626375 -1.31300112349927 0.118502685293816 -0.138809358173138 -0.377732417288574 1.45176180357635 -0.697369014807767 -0.674882100311645 0.623841261551425 0.0342161627837974 -0.874063732637717 -1.31707616313955 -1.05557693516961 -0.543764563557552 -1.35515281877504 -0.147079432491233 -0.686852656233507 0.378856160320277 0.870112620877303 -2.03441971873546 -1.54626444943571 -0.49309985372379 0.30314260563073 -3.5993615826003 -1.18333686899874 3.01884581240079 1.37854994620505 -0.0213428270770151 0.818973764632087
"556" 0.628269397115561 1.42357023189076 1.97079673907721 -1.3667740111088 1.02291465342395 -1.062685811482 1.94883794888684 0.251515359158083 -2.18821070094174 1.45740082538715 0.625875707304223 0.549137473949513 -0.670683334598756 -0.462791353965885 -0.738941537098637 -0.223268404839133 -0.385907401512449 -0.194924751040404 -0.920403725287088 0.21960921783832 -2.92106024880982 2.94869883594978 -4.1401712487973 1.39038120133176 1.99804670310018 -0.840373655236707 0.130755930520661 -1.30954313944337 0.652898965249996 -0.49125117908931 1.34437550957263 -1.88720360671543 1.20584052161825 -1.50199276200467 1.35489025556434 0.16201446983228 -0.677068570951387 0.0970494704210271 0.264008169754786 2.67929406300727 -1.33341824595905 0.244512554918316 1.17382487405729 -0.319220924546049 0.104785748701718 -1.69731818762154 0.634863897977833 1.04452405967486 -0.722892224782661 1.79827145457672
"557" -3.42385260842712 0.875989253235478 -0.382710967246266 -1.2055077969515 1.81344118291146 0.81292573152796 1.48858306684337 -0.312291262300557 -0.600537900261779 0.623102101270305 -1.26223734443713 -0.0421255121785175 0.837586882923067 -1.5943258226092 3.19238507191597 -1.41223058418896 -0.345469992028238 1.05725277506961 -0.352505961545179 -0.14635414641284 0.61086488049747 0.430712573250249 -0.701940646519973 0.315990759284813 -1.25822034831101 -1.67774885865279 -1.5846772745273 -0.301103412687635 -0.194029741116498 -0.559573681011925 2.31051790554393 -1.8271991585636 1.67116048363448 -3.10669771446936 1.41340535152463 -1.53183472745478 -1.13990820770133 -1.70842368746085 -0.224994054850277 1.92257817918198 -1.10368935811618 -1.39270607319454 1.21385766542615 -1.13295032110158 0.49655093176596 -1.57664296108749 0.503273669315419 2.0175120189572 -0.774449319335393 2.32054170672853
"558" -1.4367279455376 -0.482683413547208 -0.789447809394787 1.4704788671064 -1.43965408325429 -1.01252215801556 0.119780521979162 1.49813609233294 1.34487890492792 0.800764428870127 -1.7830622946743 0.458428915223984 2.4908337864467 -0.670888175470213 0.873240916962247 0.348823093823965 0.754629897711361 -3.65652977034284 -0.467258885504044 -0.780662305415037 -0.762458122453803 0.264821970434199 -1.26832247671147 1.23680046323113 -1.08663771754209 0.98892613346363 -1.68954653127879 0.222260949731758 -1.03842818201473 -3.50566182970981 -2.81700961192542 1.0049255722262 -0.226574892714899 -0.689238342466696 1.17203898828623 0.743374175786899 1.42402057720401 -0.543593013641463 -2.19880584480396 -2.82830400653371 1.58985331363095 -0.215366274578675 -0.65726497705758 -1.725347935384 1.18775739590763 1.44660362676751 -0.0514818731904016 0.303564906647144 -0.0496713204240599 1.13879181353161
"559" 1.30339972336108 0.612479107989332 0.44291965925718 -0.55697349615209 0.353568092690426 1.24838591194625 -0.892386303891935 -0.273064656967904 1.15037640991195 0.274829935177547 -0.902654780032341 1.05183653306606 1.15052455693429 0.932963647954703 -1.1079369727155 -0.971412922250086 0.769910275719721 1.2972705992067 -1.09494191432623 0.0185104908138695 0.695898998571015 1.55996876030835 -0.740397848973863 0.559668374253082 -1.39535338937201 0.872106928990221 0.193062714222207 -1.22120661918503 1.03587066237361 1.77801944038687 1.3129793854132 -0.454200929363653 -1.70785984938487 0.858301399829696 0.0915170338909441 0.701680301308064 0.191484651091544 -0.38336629373298 0.622505179101752 0.316185298598072 0.286038307526707 -1.31775954365998 0.00205685682807258 -0.654641791905833 1.81821560862626 2.45039099811769 0.927123512649686 0.686876254897043 1.57052916431249 -1.0634323671073
"560" 2.48294969189672 -0.505060628161944 -0.310221015556692 2.44651495212102 -1.33366422255079 0.302217686759145 0.339150873759196 0.977092974571122 1.77729399773975 -2.49806234143945 0.0165322787234621 -0.342927219704371 0.815694822992119 -0.250891806071935 0.286475911369404 0.598512031107251 -1.42531850898552 -0.139841437162386 -1.08227853712252 0.135637123867452 3.33478078135278 -1.74620318763655 -1.81732530982692 1.72510711928853 -3.22024232063145 2.11260908512967 0.743416160299886 -1.10870675768744 0.133275100997561 -0.57346841824776 -0.305737190215111 0.582928124390915 2.51173716258217 -0.57596318043087 -1.00690200495243 -0.214174179557714 -0.300292628615784 -0.644908163717711 0.31673869892858 -0.859683520719027 0.712622134084108 1.1418103980987 -2.02485653576196 0.256362938417224 -0.825063362931605 -0.524687850677368 0.994639365430503 0.73999130990393 -0.237616544008585 3.24892343546933
"561" -1.30191091686381 -1.48370005460876 -1.1207568800577 0.595278770152986 0.907696965660975 -0.6615206767481 1.58454671089818 -0.122121304361355 1.04856101438995 -1.60267222506109 0.351636903606161 2.05120299890508 -0.724432062849654 -3.20080176027308 -0.898864019443513 1.48680708420527 -0.38305512014223 0.84335062682501 -0.402559852848328 -0.333745431050737 0.126604714776728 -0.0251701564578021 2.19618890456697 -1.85232291358642 0.10161950022729 -0.548286098401745 -0.361813783276696 -1.83810465395272 2.05737304041309 0.481774834450845 -0.586132899820083 1.66363960614796 0.313695876478321 1.13887893048617 0.117642752727369 2.16645546448632 0.150256325291798 -1.27623519829143 -0.241101251480597 0.232430395751649 -0.21499598451 1.75950703930645 -0.379164090048483 0.674101829867936 0.621898487340845 1.93975616278471 1.56995726599504 2.01444715067499 1.07936226406194 -1.74933803735538
"562" -2.84420751139348 1.1695256838329 0.198414589067969 -0.467839783620752 -0.218772496851218 -1.51030182299874 0.765714436106271 1.66082533170625 1.22413043661236 -0.717437445164499 0.416219608753572 0.0153390639662369 0.520552494472622 0.512690302667331 -0.631362336583016 -0.488908680879897 1.91308679485402 -2.55621495744448 1.03670743200607 -3.87108731553859 0.981979684264142 1.1310636586243 -1.34996859687916 0.933152320990934 -0.524627553564526 -0.0369009658737775 0.0797331998156471 0.919867943095387 -0.884629037162925 0.135940521246128 -1.83179025552751 0.902075491008214 -0.136634614217213 -1.511141759358 1.02077460851399 -2.32670394254338 -2.46265825947001 -1.73844328480042 -0.296490789945986 -0.112871389886953 -0.0693236846436513 -1.8745051259603 1.15497795409612 -1.24186200711737 1.12689644125595 3.13842023519398 0.110128096797612 -3.03975409834824 -1.22458606026517 1.75111931759298
"563" -3.21203938258746 2.34352444323338 -0.378604498635193 0.852344624751045 -0.214247320528024 0.661885878627822 -1.40010500038664 -0.708136783070111 -0.173190652742287 -0.294428362686263 -1.87644169201781 -1.95346286428749 -1.12069085745371 -3.63582613915218 3.09120240039464 -0.797721352989057 -0.708275756837044 0.553875534716271 -0.103955473245061 0.392359513492265 -0.139106198830551 0.682063296665984 -0.426896521786324 0.815157670897831 1.35333030446612 -3.37394811035984 -1.28547802340343 -0.417805758151658 -0.668712810238886 0.812587413343382 0.415048662080299 1.8778698561908 1.59037020760222 0.825217434670504 -0.266688973170465 -0.47806334129981 -1.34941558443906 -0.663705004986032 -1.2601905753274 1.84891611049107 -1.66442926010692 1.83030754831383 -0.381240014844425 -0.639422555472696 1.10814110069551 -0.849908741849582 -2.76757220164603 -1.46517908535533 0.877063951881161 0.265761265597018
"564" -1.06898440797037 -0.540893796642982 0.264826824284743 -0.446287252516892 -1.58601915417117 0.0654859722037413 0.286404355442247 0.355598426796353 0.369594978218087 -1.11531755119514 1.67604032858773 0.132712562356544 -1.55408163133422 0.321609688800439 -1.22908987076552 2.38402339843163 -2.07379190784705 2.19318166695564 0.312171809761275 0.896712542645012 -1.0640416095528 1.80569482376646 -1.39095403040474 -1.02244635715905 1.76534907097633 -0.202092181074056 -1.45772670864876 -0.776983186827601 1.07699736107415 0.668530643468861 -1.38839422066736 2.12194108150146 0.510206936125781 -1.34913173492903 4.33751128487921 2.29363064125229 -1.67438792446707 1.10774774575616 2.94849201113613 0.483129809663543 -1.21944906270319 -0.571110734904711 0.019625073315472 -1.24431296316376 1.81711440754439 1.17902870869991 -1.95864579998731 -1.211111198031 0.226523224956166 -1.36594768807347
"565" -0.818500911276397 -0.2777497640013 -2.522060422952 -0.106917737021986 3.0720590269662 0.901598779899349 0.85862250071592 0.183991076189391 0.372411164145696 -1.81436991867217 0.537884982686839 0.0752867306723615 -1.05806560503285 -0.541300899907274 1.03772860358764 -1.66149871083969 -1.15483573627844 1.82078008950348 2.09931171019304 -2.10125222406603 0.0903440773458651 -0.553267158184586 -0.503945522093937 -0.194807548667492 1.5973333223981 -1.47583575312281 -1.65629684798144 0.885556357349676 -0.312406548758996 -0.695769962160926 -0.441822691985276 -1.56805216201678 -0.708616429422838 -0.525937782865256 -0.934167193481853 -3.2768377068797 -1.44047315724513 -0.119331664799999 -0.930814295346419 -0.488920250088668 1.93680706853874 -1.34810304728868 2.0128403179847 0.0537833025456805 1.13607916308961 2.12700172775652 0.498069650840434 -1.24719335838184 0.822449634940522 -0.0744046777312375
"566" -1.04679811374465 -0.464368631419184 -1.28066045194513 -2.37686341707558 1.31172596939076 -0.594267819775224 -0.335999033039829 -3.21577948444806 -2.30087278307199 0.97467910091695 -1.38656765715631 -3.30962311634024 -2.68840421250381 -2.50265441729018 1.3232031135136 -1.20896127120059 2.12322619166254 1.48838829225547 1.57399322106343 0.905429394550102 -0.206228282810161 -0.0240867476404469 -2.18918607575524 0.925632062454168 -0.2537204037 0.253307498844187 -1.16146904595389 0.761880483340931 -0.969825330340011 -0.315620446700882 1.94129645299135 -2.01312486867362 1.78184769377892 1.93588525386014 -5.58225700369636 0.254562832887032 1.27814372182361 -0.328764650561485 0.580164971406168 0.22921797186268 -1.13200800147096 -1.79705112633817 1.96588930478402 -0.506369599822739 -0.186834122892064 -2.97582600070212 0.907167385971843 2.38216475213687 1.82587081024851 -1.85002409461404
"567" 0.668772814879528 -0.778516798181284 0.42471852199861 -3.60267781545648 1.74320788941245 -0.0501558200760874 1.13911757591629 0.556488218786172 1.56523080329703 -2.51899134528663 2.22069835236731 1.35050424102024 1.09919235949891 1.44233312186344 -0.283680651364105 1.4913190615199 -1.13604222224044 -0.216573717291529 -1.67632124477892 2.73846343044808 -1.06009544012098 -0.472310371121019 1.28096571366111 -1.49927374464889 0.0527933392593846 -0.903328325423288 -2.69312766773333 2.53639041629451 -0.272855361097153 -0.833800812368388 -0.171097892897872 0.331021150352677 0.82039749112049 -0.17286731352751 -1.24989019539153 -2.88556483395727 0.8661932017065 3.2091209907847 1.35662427944045 1.68041874009008 -1.78193724178812 0.756741125361431 0.268745303223799 0.10674849874888 -2.97023286486373 -4.07669089126363 -0.174888032380288 1.40233758075235 -0.920702455408967 1.23621457820132
"568" 0.111266759155309 0.537916721379634 2.23993565109559 -2.83681531610867 1.26773713867392 1.22961009956855 0.612027621001118 0.0563034334068929 -1.30048706496401 1.85843706464712 -2.32556819186721 0.538337321578848 0.137709335424999 1.2709665709452 -3.82430824740481 -1.59333120333826 3.94127801222243 -1.65231731359414 -0.148492560211473 -0.151547286791052 0.588598138292785 -0.629783442800345 -0.385365327628547 1.80349264820916 0.230052802610622 1.12862111040028 2.42781014026629 0.675630916027236 -1.73111892413403 -1.00317751797004 -0.456630625305895 0.751031384588261 0.777086053165081 -1.68547318177852 0.793689318076609 -0.252796152898592 0.184380683521271 -1.2021608673641 -1.592512204211 -0.0276131990009128 -0.774342091675495 1.25450643053247 -1.02770437532365 -0.0358347889453153 -0.491727933317477 -0.786428132682739 -0.504935235550426 0.363282641730413 0.311713743914544 0.490058600512116
"569" 1.60434887558615 0.0467271977891784 -1.27892262549942 0.317991591699639 -0.0931958536316815 -1.17839342727897 1.86704939588977 0.86162660430724 1.17581255621157 -1.09031884183791 0.0689149340555955 -0.736696377246365 1.51430779572627 0.246110223983731 1.52691947809153 0.969358520672682 -2.72382007613683 -0.377268608862571 -3.11391498737621 0.500443658209139 0.478888308234185 0.41790399865592 1.19318832348805 0.925804501817089 -1.90696466368018 0.487297311965496 0.464224116661955 -1.80993980051859 3.85005484412905 2.34203843095051 0.00709281154857722 0.601706637215877 -1.09264504034897 1.20544308337322 0.417178178751142 0.106996511189575 -0.132852051551517 -0.998074955466001 0.350742636188637 0.730632426205996 -0.324005849557727 0.304030499224783 -0.791945461182005 1.25056450697825 -0.235449306987393 0.838976990248805 0.53152483349634 -0.506660298175106 0.107092634458476 -0.647956890129877
"570" -1.66307018510741 2.44294978972717 -0.723832706453838 2.80595091377579 -1.6867112165611 -2.18659521239087 1.94696769528606 1.85454219429779 1.71364609035816 -1.26217324503767 1.11725530654713 2.24599130201621 0.214520533020519 -0.603495301426992 0.0727038646747885 -0.46285991851988 -1.50148547924013 2.31757225869232 -1.46980529767323 0.514809385034557 0.724283214606858 1.53940665804216 -1.27701007377441 -1.45175785192413 1.09928492526064 -1.86759359813338 -1.88309357820057 1.70522439062414 -0.398551094655581 0.694994724787633 0.971132766251606 1.03483664650904 0.243581492660758 1.18558932242491 -1.11452922246547 -0.61833293175555 0.890862647400651 0.302601697542025 -1.10801810050655 -1.09242547969432 1.27070228684142 1.69331946525852 -1.27461373174958 -1.24102570832346 -0.124654816599637 0.0282143280030304 -0.75841651876303 -0.806620501319578 0.00722361355006256 0.895347890108285
"571" 1.34435089943263 -0.399675717835694 -0.443188568858261 -0.116382813236644 -0.839740797485139 -1.01992981555562 -0.403750772731224 -1.5015407431588 -2.26658847817095 1.16709160238075 0.158627419928029 1.58373344526288 1.97994273203436 -1.22001390683132 0.909739163132929 -0.789108016277971 1.84382955240777 0.343810177300176 -0.851162878560867 2.45783656259618 -2.54944548106034 1.12612977091207 0.52827595629261 1.72239889308227 -3.53157256298822 3.15343268603475 1.09664033956543 -0.131353201953854 -0.259007341528338 0.72900980221231 -0.0530064318544444 0.961564034268752 -0.576267116796113 1.96085305628232 0.0376102727463369 1.02040311559227 -0.692100045510039 0.482181844451621 1.47530090092081 1.28485232628804 0.331376226374633 1.87884855594229 -0.626429291915332 -0.332229188030931 0.295857044620791 1.67921131255336 1.88118489877602 0.79200028045274 0.708759968368561 0.71082815396578
"572" 2.39228528641414 -1.71552684809805 -1.09254303405278 0.152147266614905 0.364840882181867 1.08471359480433 3.51946792589375 2.63757859524606 0.503919118674728 1.38230892628993 -1.66522863093531 -1.71289855058683 -1.39460773450834 -0.971272146360717 -0.851556047171029 2.22258955207448 -0.798385669451847 -1.08664643563047 -0.265391446200909 0.82127256665438 -0.225023858617452 -0.0571840838374653 -0.140236260790673 0.284163040509991 0.756961648976614 0.689112496136517 0.0458250188498524 0.0888438868856663 3.18930883936981 2.31516435538375 1.60026555345944 0.416840518506958 1.31819105941371 -0.272387072077921 0.0984234563748258 -0.0641600689927323 2.7922487571997 3.22695535125853 2.93549300157249 1.3769104023229 1.82074309274791 0.495355112530972 -0.526587737861423 -0.545664671611688 0.86845999337615 0.33370948611742 0.364884831129594 1.08130715270534 -1.49863264095041 0.962310305800494
"573" -1.22462757034004 0.474783837166115 0.74534191496738 2.14045153028053 -4.13535971437715 -1.01358177942547 -0.66088983638355 1.68536429815912 2.14321455691322 -1.21375687284807 0.656715571409566 -0.91072503418798 -0.127439113861009 -0.455773263860947 1.74345435018812 -2.18507873682733 -0.111120028206841 -0.259417997897818 -3.17721016279291 0.715488646337179 2.26941989410261 -2.37904217078914 0.681981997972887 -0.571058354650045 3.05467323509708 -3.32171755844604 -4.48315030794977 1.05902833839685 -0.517100268045074 -1.63068411944781 -1.74921310442628 -0.585146672357732 -1.8980509846494 0.282535449352162 -0.750711827232714 -0.459670568905882 1.71714780311826 1.82201301760156 1.89046796215076 2.41029407531885 -1.84617816021992 -1.50531458150242 4.22051911290884 1.60002351501823 1.92082602459064 0.142141281158516 -4.05142326809809 -1.53952656898366 0.525626902824956 -1.76888195680649
"574" 0.0487752482340378 -0.615645922651754 -1.36386196390744 0.532843997206774 3.40576211078616 2.91528695285006 -1.57966305994805 0.735644452574646 2.29283376140845 -1.04246045989268 -0.64891422216354 -0.699564786633901 1.10918444323849 1.49739324764775 0.549520899229994 -2.1006941657245 2.07994963537263 -2.72204033749427 -0.11012083743052 -2.02930923438813 2.02263334620464 -0.066908371011358 -0.458390760833225 -0.24107461777015 0.637514797674549 -0.588268520907838 -0.397016260247092 -0.926770812055016 0.262918157985605 0.148104068701166 -0.36262567633493 -2.30630984277788 -1.91690168821675 0.0469197885222704 -0.521207013214313 1.04484147786529 3.06882687203434 2.88750213895466 1.84662521170661 -0.141825361474681 0.996763836884452 -1.17111732150004 1.30930930881971 3.07031951594172 -2.45416537135407 -0.753063432637008 -1.57628062350386 -1.85414083854727 -1.21293722425691 2.30647834919239
"575" 2.71313738497679 -1.64617025922062 -2.89844598688086 0.94289026819441 1.19154767523975 0.588532804411415 0.476824479869693 -1.13632836888748 -1.9006346243194 1.2860099168363 -0.577715222847784 -3.83694985816142 -2.44351438872381 -0.544308003835104 1.47783374927509 0.128476581564974 -1.21229168801786 -0.297500353888387 1.22023207407678 -3.38483424834754 1.01954385239003 -1.10911378874951 3.52756994654805 -2.70631549237522 1.52405127405362 -0.0272723558414703 -0.479437084117172 -0.200340080232115 1.96929740294354 -0.588622271144651 0.183342684348613 -3.0568944771707 -2.58527846771871 2.73943468211342 0.0647419727563583 0.570071414185875 -0.632367770720663 -1.0060155146001 -3.49010140418154 -2.83461474678153 0.221689162535481 0.385855107820831 -2.05836871908506 -1.66701841838994 -0.0179664391131732 -0.558732619781259 1.36830184588641 -0.187479010876085 1.05704005507818 -0.651359765474019
"576" 0.749900139895443 0.496216242260675 2.09533440949441 -0.108134001935197 -0.229446223472613 1.27860064193208 2.1819997498971 2.2638669349904 -1.60867806441408 0.400634532551915 -1.0103322040967 -1.84286363577581 1.92562436913812 1.98341342697342 -1.66942691521385 1.81645955621647 -1.49774873779099 -0.546454818876807 -0.418776952767879 0.86386274136869 1.00664135294643 -0.858488325064412 0.849442753282695 -3.32373631070977 0.449179585641312 0.382974908796559 -2.6933047923653 1.89160215433343 0.396530784014832 2.2593364878575 2.57534342325553 -1.43574701872656 1.57253423731382 0.356101187104261 -2.185624492052 1.05299128161212 0.855305418879412 0.660233670877862 1.2371263765111 2.24567449928706 0.110282454379552 1.9335590008219 -1.33880380761637 -3.85851991543849 2.35765778497591 -1.7064707621556 -0.741477029981436 1.2096493247214 0.276877608659947 -1.63783360529055
"577" -0.629398976722824 -1.94348875894886 -3.2647734870425 2.23315954678497 -0.677461918172462 1.78151366436957 -1.93800329978683 -1.1725915679232 -1.35864269753798 0.725421161205187 0.0100268855700835 0.390405213943463 0.24801341762087 2.67053447455444 -2.87782072159822 0.556177323121356 -0.339571144723145 -1.48126166602407 -0.979621172607208 0.777741840470949 -0.61455082324945 -0.186716080527894 -1.41948621454993 0.167656590431165 -1.11347216881233 0.946094590575441 -0.264189367190027 -1.46056153283096 1.33136975706585 -2.18419050274417 -2.95633696000516 2.34251275430234 1.85842572676115 0.730045005016503 0.587362505371109 0.891896331981292 -1.95519243339887 -1.68414725174452 0.376910700247242 -0.442894343267032 -0.0391703187787401 -0.832386236058859 0.30972248382421 -0.216457828531956 0.986480440936606 0.447807855855915 -1.02265457243147 1.11629352294049 2.33251691169543 -0.374522454972918
"578" -1.44739418510281 -0.106052336065524 1.46945880901112 0.360748716243961 0.297357365117545 1.53188779279048 0.212581262920518 -0.536318876239294 0.959743698475084 -1.75112891910577 2.73710574568467 0.874827491552156 -0.842090374939123 -1.86786320727451 2.33175289154363 -2.01813102044077 0.232315695953555 1.09747483869919 0.434761601880868 0.73662729018103 -2.21845240182617 1.13775336165014 0.950603129078833 1.59405174673214 -1.87807668398312 1.92501556554107 1.54867664025894 0.102832677874177 -1.99402890770616 -1.22572108859567 0.903087386836879 -1.16746206114393 -0.0625749220401324 1.57814308602886 -3.10042829217436 -2.86601990139978 -0.281372079578373 -0.134539317524 1.07395367305584 1.38907031089411 1.60988773831037 1.10479031891639 0.614547067350874 -1.38823225586066 -0.0887792295444584 -2.47110686645347 0.531414671018257 0.658146711160184 -1.07500664064049 0.624012253694633
"579" -0.233339727306824 -0.964194759354599 -0.576053105853999 0.102647022237063 -1.48930312558123 -0.427430300164165 -0.743292329635739 0.826668494683489 0.373660623570934 1.07354772727529 0.495328584042691 -0.0294287381052664 -1.58330841956722 -0.987948121790179 0.17967527977119 -0.203904434713149 1.04558144217208 0.375794144928477 -0.775315022541668 -0.812435776244839 2.49888236401215 -1.46420421442387 0.0781213187825476 -1.4043383691584 0.334575105111379 -1.28323517931036 -2.90458529370403 3.52376393388756 -0.461146685318646 0.0271740117479305 -2.03340886007865 -0.098936919498899 -1.59114133639922 0.834629539855539 -0.987237103282571 1.58283676305797 0.415204810091331 1.42264610490393 0.665295031666854 0.179628481309534 -0.208240481725126 -1.73977722121083 0.656714154671399 -1.30385048027693 -0.80209039248605 -0.964661199689262 1.22428493190682 1.50863254279548 1.88911802335117 -0.479847185939149
"580" -1.04299582606833 -0.298875031758772 -1.37393203215294 0.343002952548566 1.71599930786363 1.41239110792074 -0.664477006776645 -0.0045678479266955 0.258094883161281 0.982846686988199 -0.397117279858734 -0.229355556487787 -0.553382968621384 0.893794953715711 0.251707273502648 -0.627368520280263 0.0541531727209313 0.42051287475759 0.0352183861774147 1.22267220616691 -1.06041890573763 0.674684311472658 0.559216733132992 -0.937599473314365 0.268890213279187 -0.365142849743715 0.312483082133011 0.353986214344258 -1.34129830218265 0.0710424824415454 -1.94095163902079 0.957728472280893 0.437748040732945 -2.28870046756575 1.74522454648186 -0.119844597383959 -3.24567984004249 -4.94604481511007 -1.06165409792206 0.233773500440327 0.384257774632397 0.665383352757393 -0.809091518944631 0.374500352217966 -0.165325079976211 0.95000961123685 -0.362615118086274 -1.41088024417756 0.651978847939486 -1.989709995475
"581" 1.4157015617946 -0.765166329198359 -0.545108913027128 0.298137453070718 -0.415937972029437 -0.69845737302017 0.718936877826125 -0.222518392656626 0.819974166120052 -1.62587502957625 1.01898292319489 1.07332686228974 1.81454570007167 -1.76284598448877 0.774266609793 0.873770546312359 -1.39325687324258 -0.19701065527878 -0.770785243786863 -0.19922039032845 -1.19417970163235 -0.171256649406536 1.17594855287548 -0.382290916418616 0.922211732569885 -0.903937409240315 1.62741423535838 -3.024199511626 2.13077206380203 1.47450099610054 -1.34209865634303 0.771010434921255 -1.31882502311089 0.666099176269369 1.89464575339624 0.538133091722825 -1.15291157928058 -1.74695167608847 -1.7261073347111 1.02466171002519 -1.19852816685855 -2.27254096899382 2.67698977556957 0.60700868995137 -0.530380842761558 -0.313994924208132 -2.54123639251376 -2.66651497689655 -0.887037723384727 1.45930369514532
"582" -2.48255570112889 3.06913896705694 0.85323205398855 -0.855424421640447 1.37056937277715 1.09907320568666 -1.59773463229712 -1.06459149949175 1.37276297505473 -0.88202749488721 -2.2733640668578 -1.42461377144824 -0.962473484514797 -0.678094572165249 0.44224322415885 -1.91842037025871 2.97632181187261 0.196100282334662 1.21712360118648 -0.031834868035293 -0.620315927669902 -2.68430945486942 3.15340424142172 -1.49935510592458 1.19484708665349 -1.92398739246348 -1.84657023140412 -0.478677784915938 -0.62121892714192 -0.675699720755573 0.888314843251965 -1.1955616538984 -0.579587105840874 0.433938093783911 -0.262318887769498 -0.869136818527663 -0.472910263402666 -0.773695062633468 -2.49225501776685 -0.915708714573845 0.16871579891219 0.152233275234141 -0.980467173323058 -2.03837250103548 1.89162122056951 1.93083958563744 1.85976412899352 0.520856779769778 0.391320013399154 1.70364785079637
"583" -1.2023566731868 -0.544881369707311 -1.01599031289004 0.778786408245076 -0.948045197667071 -0.958656085107275 0.957093763169558 0.741857631042356 1.32799273606005 0.656661716047756 -2.34901195730061 -1.42636065047523 1.97109217889288 1.2546581047098 1.42550770888721 0.221026656116207 -2.04406886707945 -0.314905072063581 -1.43140197040851 0.199784281667272 -2.03994320148127 2.37963718324176 -1.6709205195287 0.536191432315073 0.61231004655839 1.3735768666066 1.10137514372401 0.11243035386959 0.00398579767754258 -2.0073129989511 -1.60136285131403 -1.3302380079937 -0.958526248283333 0.00213877809416463 -1.70386596929275 -0.745432795618956 2.02325761110221 2.19080039405211 -0.446407532850623 -0.42161118670669 2.13458087156193 0.345792494923403 0.234751335393689 1.72604776189543 -0.957523373799709 -0.224325317617712 -1.87422760372535 -0.581696321481988 1.07839312723837 -3.02286971780636
"584" -2.04366695734783 0.769733662053501 0.794797445798836 1.319968243413 -0.658484764564178 1.97688186885906 -1.09492032734409 1.01011054590635 0.656772809574385 2.03309307873931 -4.0215006904806 -1.73385240212638 0.599604600273896 1.82135467313576 -0.735886131623607 -0.88358862859559 0.434350496980182 0.0907353670143327 0.368217725461307 1.17830172051324 -0.263422154022301 0.440030938437231 -0.992179657396547 -0.357285183953444 -0.231502238462646 1.69772523672208 3.29670381385355 -2.39428528496513 0.638176751983599 -1.34494148367712 0.0562276175601353 0.268315004250318 2.49153308495017 -1.12332004540891 -1.51470713062052 -0.976828558400565 0.41864262635286 -2.9462170250658 -3.66761424578404 -1.3116554041486 0.550080009887376 -0.188974104293006 1.14896419147544 -0.28414403982489 -0.470251445971076 -0.374094984121711 -0.659753580099891 -1.20002619114918 1.24684062157385 -1.17425037607907
"585" 1.30210055836551 -0.986444406748813 -0.65571306291603 1.04608262741472 -2.31611240334545 -1.10027079924627 0.264582727485016 0.706045116849211 -0.162283675483116 -2.48096868485843 2.06836241339532 1.27872591641926 2.53884711062678 1.74443219324668 0.430450316797952 -2.95245308797426 1.74165644456619 -1.81880665353858 -2.01067539998394 -0.709245957472472 0.915456138143185 -1.01305571967854 1.3532945534624 0.532903163542543 -0.000338756201349017 0.62156011178313 2.40639069382367 -0.69391574431517 -1.80121220940597 -1.17314391118295 0.984908920098089 -0.0280620999207681 1.19066144540627 -0.749763502769904 0.104591703777423 -1.03760133826751 0.439185946447404 0.0768873353426881 -1.86989523534893 -0.959884734661739 0.6710978888867 -0.43893332911395 1.6073190644855 2.24713588614397 -2.33792871186424 -0.736185709524001 -0.479058222380977 -2.06630721053746 0.716837776880035 -0.0438355473255844
"586" -0.905994633052537 -0.106419716021588 -1.46409531887686 4.02830385247919 -3.46262028913544 0.0498269328153943 -1.40257231675143 -2.19499397720966 -1.25421062705277 1.27066262759897 -0.881468240429218 -0.174984535182928 -1.72655323035094 -2.08393443365223 2.34206976361046 -3.46617620898109 2.84139884289969 -1.50474047930132 -0.986678005119985 1.78532467622082 -2.14771763026819 2.52684383497497 -0.657315881840415 -0.247962921266121 1.839062027936 -0.39238194453224 1.0484650963277 0.224697010661942 -0.239146534926983 -0.192684656879551 -1.71210184988504 1.75641586231502 0.711771900356051 -1.1469663675516 1.51865659845647 1.51037926548618 -0.0412681681484007 -0.607015337488494 0.0493726214147723 -0.436625044273171 1.39897550166244 -0.503752757742153 0.646656472410187 1.37468222746588 -2.93603915136773 -2.81520870184107 -2.42674953712988 1.69629027516773 2.05985340500151 0.475807253222848
"587" 3.00571963447346 -0.887735486197774 0.134037782166783 -0.443120508281895 1.13070641309739 1.48747554644369 -0.346397734910125 -0.0056736721921691 0.537974588925945 0.641061581085373 0.132861563590418 2.25762693964232 0.49634157813294 1.36709144975539 -2.66342413431926 1.94714721491376 0.663360783627426 0.354680366393111 0.271182178047254 0.577776500265112 0.677491307810755 -0.775119925390987 0.440298252474063 -0.57870736636596 -1.24330951643549 2.72644235134578 0.994748790839294 2.65362585068908 -2.648672169314 0.564235138551145 1.01277354206407 2.04974917154017 0.646153163365749 -1.54592578961803 1.41934532791393 -0.887534218273838 0.659244513885825 1.63512602090356 -0.174561050095991 0.697015056509045 1.01179945037487 1.97451336735618 -0.469937793483358 -0.546830817903974 -0.700132996296809 -0.917611496637157 -0.310769812815229 -0.349228534723657 -0.829973686397209 -0.00941765867197464
"588" -1.38132137012407 1.45275090446555 1.13876653804308 -0.803999980932194 0.636445810444334 -0.969603646506125 -1.49999128128253 -1.97770533752266 -0.157650112900788 0.72589073191398 0.0599543707162495 -1.01208042026327 -3.05136461855482 -0.545679660651591 1.41366083328139 -1.28044886049725 1.23703014903047 -1.614034643596 -1.09837533752804 1.3413825920739 -0.716186739653514 0.737803577575071 -0.444541608499327 1.16127366725009 -0.31760155744458 0.805380883530612 1.85950878753695 -0.549873136156678 -0.444943916304188 -1.84286616809663 -1.2914668650692 -0.474590611763694 -1.34957301061631 0.944936984382994 -1.03277131816743 0.497516643265099 1.23272400187749 1.0960066822089 -1.06323733162498 -1.19536244017803 -0.552534021815908 -0.59083263740477 -1.69559578048133 -0.16707039015393 -2.15569872897711 -2.51247070290488 -1.78124848496823 0.132590333956993 -1.34878317673938 -0.313682109804819
"589" -0.458559805721122 2.99106125001812 1.22192193317088 1.80353603016526 -2.79146421985034 0.260008207555685 -1.42269937465517 -0.383374839726073 0.856657480956669 -1.65421556072523 2.16510698898075 -0.604719001846268 -0.232079271195479 2.30155781138064 1.65240371109883 -2.17476457487574 -1.2208837251483 0.346081015444221 1.57000684782974 -1.98282373564677 1.56867794662963 -0.582226650491603 -0.626417639587532 -0.661743212758331 1.01781044049603 -1.87306838087639 -0.0187553186152336 0.13169034009189 -0.99617350618097 1.64865078887616 0.180871475580025 1.94799844839947 -0.123140122295753 2.0648105976997 -0.283059715232895 0.401325563088345 -1.47443776299386 -2.40663382467956 1.21445357601465 1.70182608290727 -0.704727421422627 0.547062762690135 -1.25614092638443 0.324164714056998 0.608713797377035 1.2088430315101 -0.645726830836719 -0.379647279759424 1.41581482690374 -1.59553036533278
"590" -1.09066170106841 0.631371381873422 1.58920291506457 -1.70170616319782 -0.092569708736829 0.0209195026740991 -1.60845200172413 -1.50732219906922 -0.0303452212689288 -1.96858702566967 1.60093043969989 0.49020721746766 -1.31063313186661 -0.265047804076765 -0.807471751828487 0.457005145617218 -0.994023792025406 -0.416432438726206 -0.0565627787973286 0.990132904759542 -1.7953118115587 -0.0882593566000428 1.41871548595911 -0.199755842088284 0.686329221284435 -1.53990387233482 -0.100863568706883 1.20637841341356 -1.7463704548985 1.96855958689837 2.23928930824786 -0.45680261927191 0.719598167439942 -0.603805823453491 -0.522548277244671 1.53704097705289 3.30906013199644 1.66546542544091 0.70267553530601 1.47245259949265 0.916133514964698 0.77123604664302 0.753735587622962 0.928568819886825 -2.73634095225252 -1.58254229848898 0.303603821725219 1.69762092518004 0.271443084045103 -0.66689464949567
"591" 1.75250130751353 0.162975150243801 -0.718028393331847 -0.114857594207179 0.36805254016629 0.180720285162892 1.64261208673903 -1.55083912194191 -1.54644925372145 -2.56878873066092 2.55317017758019 4.24276174404325 2.87651875179131 0.0537397414232568 -2.24503501755456 1.9730234475373 -1.01946505093623 0.672100605358822 0.447810021822995 -1.40900546370235 2.36783663379389 -1.37614702495577 -1.48566740104173 -0.0725921937436883 1.77538590490525 0.53266929985841 -1.69341790016579 0.26017495277774 3.17394536367166 -0.221797459511283 -1.9324456272098 1.70309239439917 2.56077170753996 -0.99825362500649 -1.24631919133752 0.258799648398581 -1.36787410571885 -2.41702070566034 -0.542487798518882 0.772070546789667 -0.484226625637168 -0.771621330950386 2.36825846440402 2.3045381087132 0.307387722362082 1.60646708024337 2.12859641651921 0.313339941433387 -0.421872619217944 1.67999603451247
"592" -1.75716712164372 -0.311432433005997 -0.765337455364291 0.560338314566265 0.107823232113186 1.13544980885977 -1.6581897506042 -0.969903933377631 0.82543914609333 -0.139214505589302 -0.310725091117761 -1.57686423509802 -1.28326768947382 -0.0685985015437562 -0.122756611320545 -0.302171993566551 0.157541895198044 -1.03016808865713 -1.35582904364447 0.396060815948508 0.0704209335767336 0.58533243491777 0.0361815896505176 -0.668619353708914 -1.23771268479219 1.2580515822184 -0.991752594618311 3.57765126758496 -2.83263874074675 -1.75400166440097 -2.7063551547616 3.94254463418615 0.950743733629228 2.50474387988589 -0.245489021121586 1.06703708164167 -0.593733943599278 0.57764204517044 -1.5316048287809 -2.72776298491414 1.07663708892391 1.73085330915629 -0.182500616250764 0.337715594915456 -0.179472598363564 -0.288843002555366 1.7147920142323 1.69952486577449 0.0443329997637717 1.91089506265586
"593" 1.45258849631587 1.21880456584341 3.08045936522613 -3.40575041403893 2.80820716959423 2.62037517395022 -1.60574478555138 1.62967519227798 1.65857074614856 -0.329464817208368 -0.245153652460252 -1.78570614870863 -2.21287071520759 -0.879849159721787 0.11946332205577 -1.28503491185564 1.0879417318055 -1.05281099107061 0.471284338927514 0.490622985742232 -0.651981452494641 -0.251176786230551 0.991960706679128 -1.16622834604106 1.43167410556835 -1.31346215239279 -0.326495939404437 -0.950055706614262 2.20319869363251 -0.532250376431096 -0.349128176967723 -1.07050188373457 1.58251688238312 0.754946476539917 -0.805695527001355 0.473809519637448 -0.168205632521342 0.459264221584283 -0.604923845356032 -2.71087749652683 0.67472095248238 0.0263276724876624 -0.734836264557872 0.646816699295651 -0.303167561198709 0.654725689429056 -1.2636707301294 -0.989913932877705 0.912404251083281 -0.490565732840127
"594" -0.666641649278192 2.71887537626626 3.13733504693386 -0.201705680245937 -2.05898264336922 -0.639409793283347 -0.688556715338317 0.226358280926231 1.81467094530262 -3.34742851401144 2.78314985127468 -0.0162231176884331 -0.317321217244135 1.59566218633441 0.932946356417781 -2.34669228785884 1.7350153683774 -0.508011135188701 0.780078536118214 -1.49287805227123 1.08336245087344 1.79072250841874 0.299226339868984 -1.55057532686943 -0.287292036257921 1.34671680767292 0.950197930819348 1.85487855668251 0.534992851445511 3.54249258131916 -0.160068229343838 1.60422504107136 -0.159478942225486 2.96568226505366 -2.2713889361444 2.09148978284972 4.46225727509747 1.14195386784405 -2.93726741529948 -1.67540255267353 0.577181310774397 1.50945264715152 0.730268837959924 2.69240253085815 -1.76950323153852 -1.90848153739536 2.39313243359009 3.32952741028102 1.02990758049256 0.275196308772988
"595" 0.712440994314167 -0.922536752308974 -0.232498994139939 -0.643147249103255 1.42283153798414 1.03317160215609 -0.110678295502063 1.5760752740316 4.00430148495056 -2.0580609999773 1.4654644239061 2.43888990305523 0.433321736802042 -0.346318905574666 -0.65537445227827 2.84319901390953 -1.60050380493005 1.24231022349995 -0.260776542032051 1.77466287463453 -0.89692980198984 2.03403551773774 -3.72146846400494 0.877639917520648 0.308532685996674 0.295431049153572 -0.472954136963811 -1.14885662465324 0.84452358543994 0.693006201728657 0.2215896325775 1.292539408159 2.0680474168723 -0.0289461432216166 0.508105800923206 -0.938272894403074 -1.61840734070153 -0.745316102743462 0.593429330834755 0.192084334143736 0.983223911103221 -0.54512587662861 -0.884351543040755 -1.06233383038282 2.12818872648443 1.65301675425634 -0.0362321254635902 -0.0378085728297823 2.80796078598589 -1.84154084016636
"596" 1.53572977088263 -0.16040973040258 0.327114973691597 0.0920267674116156 -0.109968275917236 -0.230058832439345 0.495592754432073 -1.18895737978211 -1.70243768525867 0.00773891260639584 0.147542952133521 -1.70402130018465 -2.05670620862473 -0.286417152757729 -0.175036706468547 -1.68236512802442 2.87465024363455 -2.40987756563743 0.301027202234722 -1.50101291966048 0.327822507092724 1.5056371848023 -2.65029872177053 0.125532249565836 -0.766185050353107 0.910037633329303 0.552025410319867 0.1808430027335 -1.08372497325143 0.787239710671673 1.7174054514731 -2.05875103373647 -1.44068083165686 0.671003672859909 0.354872996372861 1.82229381914232 -0.857805045971518 -0.820048745080652 0.596197638294524 -0.159371834209727 1.09178781578828 -0.104400234701136 1.42578137101508 -0.568275026210991 -1.46970043192127 -2.31565262619089 -0.258960903058657 1.80325260193855 1.76643016815877 1.00900634050484
"597" -0.696202971834267 1.67853935591256 2.05837661319834 -2.42648371476876 2.91440795642628 1.98564719071955 -0.783677209076361 -1.28008119120012 -1.99855528508962 2.09089065995077 -2.08935789469112 -0.442987581535279 2.82546558880545 1.14344643348541 -0.0593474769942776 1.16409153154107 1.74522992064516 -3.06406293969347 -1.52494698784504 0.0566400436902019 -0.565829825927226 2.65638106999258 -1.45849759523486 1.62103809680712 -1.24773252686376 -1.51929160947431 -1.73535932121056 2.63711449965222 -2.01453989087117 -0.323008651878616 -2.01749262364042 1.39297230316145 0.76603423014752 -0.310032534071427 -0.0550403759449662 1.7332823658713 2.73006814220648 2.05422554981623 -0.131338299164043 -1.50825661567059 0.283286103926477 -0.332656571698018 0.106996054622697 1.42859968240352 -0.085591929062273 1.04958610580093 3.10163680544882 2.71377942221068 1.43332108619559 -1.25894123458015
"598" 0.583379320320041 -2.7786711275806 -2.55980429687569 2.43231904324626 -1.06293302484231 0.910233066958657 -1.24285646177404 -0.689978107224262 -0.554632312875916 1.61505098089109 0.504645958819534 0.553084047627288 -1.61710611771057 -0.925676626896278 -1.11430468138252 1.18096819025775 -0.669622283695602 -0.460498985530904 -0.830505352714563 0.553192474224774 -1.55974563904232 0.870842728551832 2.02453636928561 -1.76359270959 0.852137897283166 -0.696887722644046 0.829184028373102 -1.95189812390427 2.01427812890948 2.33320187470379 -0.381265697836472 0.140370086326852 -0.686839536273278 0.921050639112715 -0.363662037979441 0.958427597971086 0.8804428707715 2.3155258247813 1.93464633426897 0.409713439209353 2.22275078737769 2.84597704917151 -0.957199220435063 -0.250330294897451 1.78019162229539 -0.65762324301252 -2.3527249117559 0.339800622151863 0.219671650959465 0.603902494749912
"599" -2.33531234853132 1.06302772383026 -0.436120510910676 -2.18519597782411 2.94852220348783 0.242980529514896 0.905987387022077 -0.759150390295035 -1.91101610138912 0.57452810918279 0.345884407506904 0.0858235242806608 1.45641743569587 1.02881948421135 -0.294671447923975 1.49636061039696 -0.45026305028907 1.70494687852355 -1.31547995606457 2.69847308981108 0.128840970890397 -1.27466157547172 1.10376640271849 -0.876956086489295 1.23479024286032 -2.55440776567942 -3.7841665495686 0.972698427507214 -0.618585409511161 -1.67403425597141 -1.49867325116177 -0.221598401972478 -2.66004255835522 -0.842559259706919 1.80325702994843 0.948494315771936 1.3713408661999 0.283414162029486 0.694184225919256 -0.728639968593197 2.46709968642269 1.38899078357664 -1.44798800711057 -1.78728393451598 0.821548381873285 1.02565864313617 2.33414606140231 0.277829419881267 -2.66207994422294 0.124971697139018
"600" 1.8138777777384 -0.064936881059487 1.10287860303065 -1.10034455874827 -0.869892280216027 0.229136348436148 -1.16414508922024 -0.937338605761945 -0.252104786658081 -0.0818779266378018 0.646506179353 0.216591737772191 0.180172986878298 0.27978464117316 0.532526392862359 -1.71325001803846 0.144008053860622 1.52267340131616 1.56007715319929 2.79973894781931 -2.99627319063464 0.138961415313218 2.29535184016034 -1.28118700587265 -1.21017637227854 0.363998111312138 -2.63949580634961 2.52275129376564 -1.07826483065725 0.183897260621721 -0.496568543936614 1.03676326207674 2.22090662985241 -1.31168220531278 0.41005284909314 1.71560309864106 1.15279637970723 -0.530322467114258 -1.81215677909937 0.346282745627844 0.210735942705573 1.53625098842045 0.100639708729751 -2.45797131712504 3.17117267157455 0.318408206421863 -0.471492489692226 -0.936698392750222 -0.00751133221234902 0.590997576187893
"601" 3.57003547930497 -3.48375682849595 -0.830499761975568 -2.05062134466058 2.81674145640118 -0.223589738597693 1.55429123447751 -1.36649513585598 -2.13058545389566 1.68199598382682 -1.48026766314451 0.310698362577231 -0.670334850766674 -0.317252510584013 -2.11036134699778 1.61480850209036 0.425994583629381 -0.360984785024753 1.1467931415252 -1.85656191373159 1.06683637423596 -0.0790274923469983 1.10890459071452 -2.30670025002284 2.16482368114417 -0.21717879803435 1.28315340135618 1.46412349347547 -1.39406318237502 -0.285963050646151 -0.840763926912256 -0.539183810800933 -2.30250029693899 2.45941195209642 -1.97552497247704 0.0785021041764904 1.02204082288773 -0.195038422183214 -1.56337330644926 -0.70231843237585 0.231013399261581 -1.15398906777731 -0.178869594416555 -1.33025660575789 0.105234386361572 -1.12432164978306 -0.81392300938389 1.0355998120571 -1.31751946383229 0.995915596427399
"602" 0.510440544854374 1.84455712220146 -0.220745361886383 -0.707949966667153 0.88321266597103 0.828064434096935 0.808721818255981 2.59237486956301 0.848502417452725 -0.438808137777401 1.97901017955082 1.58151184411593 1.16987101169731 -0.33864375654253 1.28442891729145 -0.169428391236118 0.70825366205989 -0.0995589613242504 1.61134059498524 -0.597367201964076 0.703215518497856 -0.428406876675949 0.423394342578799 -1.22230011435502 0.110273269482464 1.45318346951564 1.30953809570694 1.08693905450043 -0.299047061566952 1.05333316628347 3.38293309156604 -3.83325708549399 0.757623844233199 -2.05382575469065 -0.0431750899834509 0.756575942765828 1.04001921953355 0.0580916172726829 1.84105805982264 1.74398914932157 0.068813843724396 0.20749898645078 -0.0692115265525814 -0.430086570707217 0.8932854186501 0.58238934343043 -1.67642066322785 -1.96152683021476 0.258599463742874 -1.18125629462796
"603" 1.91342983936762 0.235118053828826 0.570538145972674 1.17514204425571 -2.7941356503314 -4.29409358494866 2.4873695714257 0.251498614264997 -0.401098240375895 0.199235613702641 1.86175219707554 -2.57275953688735 -2.92274002018762 -0.864160846128379 1.22104444418041 -0.273814375190744 -1.45473545518961 -0.720515530351409 -1.10291534738338 -1.4641958267806 -0.184073674294622 2.0377886612385 0.147125881461503 -3.04783353680993 1.94084767817009 -1.08989034630827 -0.615170736682172 -0.801769997503156 1.02284395524697 0.28881371336553 1.22875909258392 0.513486639796594 -0.138164641900559 0.0814726736978032 -2.6548159145587 -1.61346357259477 -0.934789081374246 -0.958262689185984 0.0132676353862353 -0.903008422311811 2.10674326467153 -0.468612183466083 1.00234942643002 -0.566746409310377 1.13971360526673 0.243830212045905 1.23917293891332 2.93189768445843 2.22799866422924 -0.388650293146937
"604" 1.46760957159564 2.56028613292034 2.06253516227547 -3.80159651764498 3.90648456532901 1.5813736613711 -0.221368585653177 0.695646704177522 0.0844600811804352 1.18646760283117 -0.655763533020856 2.31055672445588 0.132083412909069 0.142942943176352 -1.6541287224565 -0.45747152628266 1.75546775239447 1.97487591053194 4.55699052661449 -0.475354081617324 -0.153466785467666 -2.03899387059653 1.34495074824143 -0.419762892038899 1.32691920097486 -3.25622872390777 -0.435299740900651 -0.947525504218375 -0.854215472575129 -2.01168399566915 -1.37678799299097 -0.227647424390652 1.98414667864216 0.449101265200933 -2.18849207032257 -1.90029272436674 0.978143960958213 0.710594032926946 1.07303533402399 2.03441910793913 0.574716535201409 -0.855611086327558 1.68006611929655 1.13106767748778 0.576210732850241 0.270382762979507 -1.30356005376457 1.02203255009029 0.282260514714082 0.887467692342303
"605" -1.65978649255233 -0.28126314137213 -0.362580745159309 0.394074412334431 -3.27557054914483 -2.19949428309944 -1.63306926146208 0.561030973900379 3.24089196610616 -0.341895702872516 -1.15488145072226 -0.404414351414758 1.64322090984229 0.237592281371937 -0.797031206902677 -0.00553962455520644 0.653668993186164 -0.0223574800283634 -0.352972646172738 0.402029102566269 -0.892117444179389 0.543396884382915 -2.30693787373453 1.54888230670769 2.53498051673373 -0.855797113768646 -0.0883271122956055 0.822202253916072 -1.48611895957392 -0.744641551684648 1.44647935392446 0.517404979451297 0.604540144859952 -0.0339018493026684 1.37837020884391 1.27783131199169 1.85994123477102 2.74542030811887 1.38161532251264 0.734798435936988 -0.764926313111868 -1.77378277111372 0.40649223638745 -1.49973264601327 -0.67819014539267 -1.35880918513068 0.772870325452357 1.5202572416613 1.17540591837633 -0.55815856785689
"606" -0.851294559736303 0.0239704792808673 -0.842123382747983 0.504086856249738 -0.815721700222212 -1.7698479639723 0.309821981867297 0.763556413806064 1.06261395857717 -0.326006666285671 0.367550425710871 -0.0271856064398463 -0.630445663062247 -0.456510218763942 -1.0475173580902 1.29852752638016 -0.532852361002119 -0.317699333982789 -1.09895115801459 1.80206619503567 -0.447433065492737 -1.75404841928063 0.870442389304577 2.33653789141431 -1.81055999775373 0.583493332999846 2.14188511237133 -1.21004461168778 -0.657092727618022 0.366186387254297 0.464057900509842 2.44721795223629 0.619120672500709 0.923253674984207 1.21372457804436 1.6953143455307 0.36067628506323 0.251143071442525 0.217624134460314 -1.35576683882448 1.82653098551768 1.430962020148 -2.82305834290815 -0.714041154364204 -0.956365509923294 -1.40863819124047 -0.810845331350232 0.731536520970534 0.00749556221097351 -0.770199670255366
"607" -1.22540203857706 1.57752301313189 0.91172205379721 0.0161752710478697 -1.68337873822051 -1.8739584870702 1.21387943340468 -0.570306936995993 -1.33774140472923 0.299516368241955 1.54390184899861 2.44754947791168 -0.646835071908164 -2.93359870510865 2.40941712887969 -2.56374691922722 -0.100699967504459 -2.18993743763057 -1.71159118559406 -1.4944142534803 2.31696136184485 -1.7394761161881 0.428159190207415 0.18967551595101 -1.20611924289763 -2.38293100883537 -2.68284432061741 -1.06977727668728 0.3031956725068 -1.34452365838118 -2.12269670635875 2.00315412119798 0.244806934795369 0.871100069175351 -0.260850337314979 -0.263655474495864 -0.691263450774757 2.21014732189272 0.961107219872865 -0.747381152065284 0.688449834353177 2.62835729014937 -1.28061726824074 0.0665680295405599 0.937782534815649 -1.82785930523915 -0.979424649901404 1.32819539688591 0.794086514006647 0.275014185682421
"608" 0.268180475690972 0.416613945642766 -1.68459183478289 1.64780295200411 1.54223947790701 1.15440441528734 2.08573125036441 0.0733313349507684 0.0826837724384109 -1.35789628018715 -1.11839681567939 -1.36194502047088 1.85425050225184 0.172890857805012 0.503865386766826 -0.00969149861837366 -1.49982050053945 1.34861093629232 0.883342632471834 -1.46170241601709 1.25210412742213 0.327354127805771 -1.61331762539554 2.16498737412691 -0.909115906721748 -1.45014043597074 0.316072777993089 0.825975235514617 -1.46287780963443 -1.14768809664151 0.096068881932406 -0.598561149017813 0.0348549417034953 -1.02941811618073 0.779161966529985 0.710991028376649 2.19289710385773 2.72994936620199 0.414585678880345 0.378777343298848 -0.345560571593376 -1.66423415511724 4.60269236982187 2.4377227233237 -0.677694640204541 -2.02816477785252 -2.83722298365081 -0.674329843212078 0.883181366805812 1.20102961981373
"609" -0.844996066670913 0.596436007386209 0.913162913018801 -0.802699794072258 -0.0892646472192215 -0.207476676443831 0.0606735171527169 -0.657019819600548 0.28434681140033 -1.06819431756594 -0.791292031910084 -1.65954371280157 -0.850327029170254 -0.845169050739392 3.38183492171825 -1.60867709516577 1.00096371068624 -2.25081857919597 -1.43828005179103 -1.68674209344983 4.4608076318032 -2.82093790564729 3.04757827537964 -1.01469951945033 -1.11270364614318 0.947259262058154 1.58787547268385 1.8288014482789 -0.542221488888682 2.29418520368159 -0.540856855295947 -0.828461133612329 0.587772805961411 -3.35561181761852 1.07045404898369 1.03803220624782 1.23214176281805 0.186638819117137 0.333628344899036 -1.89626990044357 1.53655788902514 1.13230410152397 2.02520996722534 1.70370152965861 0.600405703357787 -0.526919596213084 -0.939393179878577 1.63838106672445 1.59891481409775 1.43390974077954
"610" 1.96885902330133 -0.835243517318507 0.384172780988691 -2.06690994006209 0.259622847897774 -1.18649794227014 0.918346916781922 0.0552120306350408 1.18030769861291 -3.30699857260465 1.62377532916714 -0.473744639752292 0.997121290967886 0.872744022707965 0.263295289253759 0.160423228465977 2.14585546217943 -2.24675337472805 1.28777083685871 -0.842524442304658 -0.124942194563682 -1.31919511744138 1.84852439611894 -1.67543957460735 -0.174461833355156 0.014940265640118 -0.16759821242147 -1.20431788039462 -0.713581538724079 -1.08188231104726 -0.0359970231391208 -0.544238416890264 -0.581118907446562 0.0416437880500779 -0.187559204411108 -1.1657565946301 -0.757277087298552 0.737219565694394 1.26537577103277 0.279779714104532 -0.6144886694531 0.186875491444561 0.31919979418123 -0.30893561793377 -0.167990788712346 -0.859541988102643 -1.27647249422553 -3.43983232141895 -1.99780456758209 0.176299573040472
"611" -2.03002454691886 1.46240948591973 0.392306799009269 -0.248642264309633 -0.877711495372736 -0.450303158767817 -0.444086306796259 1.33609027972622 1.11512902985803 0.969880291437524 -3.11374188065086 -1.32915704137815 0.418082817508324 -2.51435128899068 3.18708670324017 -1.65337004784179 1.7122132906813 -0.790732070438683 0.695356255719741 0.207508861669618 -0.222201037632045 2.05234156924955 -1.4177992679663 -0.291122951952001 -0.0809792049107957 -0.925189893788819 -1.53445345392835 0.0695695956470043 1.59356973078312 0.518574581098934 -1.24638696584295 -2.94994823827386 -3.10539689786529 1.07461422813169 -0.701512406337664 0.373635113711676 -1.28309188562792 -1.50967636666284 -1.13570578238632 0.944712850869346 0.684918445176486 2.86838026801607 -1.82238773734609 -1.17045107451591 2.53885090653762 1.19521043886243 2.2274847506334 2.02134476653235 -0.10554208644509 -0.191960879506788
"612" -0.152587866762041 0.516042129528659 -0.907880034889745 0.30457182257643 1.62757913424657 1.1515197978026 -0.581128965230472 2.83084378694765 1.61176816860475 -1.60822931379187 1.8916515680805 -0.901435563391101 -2.74414276494479 -2.38866865262636 0.668569062057765 2.05829203270583 -1.82886712928333 -0.334814255250025 0.145523413057346 -0.319153357167811 -1.11939364302588 -0.688071469575685 1.7032601390028 -1.63647228856429 0.877048917356346 -0.333957996892351 -1.51993414025488 1.40720554508228 -1.70553199369217 -0.504767955952051 -0.998587880990442 0.733373038547877 -1.30796500789409 2.15565728430949 -0.725946357071911 0.610558368224624 -1.15666985981018 -0.699666515038699 0.313958817128568 -0.369805347759415 1.25654362999942 1.00445149116272 -1.15277682345229 1.42965698705696 -1.1691722275663 -1.15649932116934 -2.18989151074213 -0.297264235041595 -0.880619351560441 1.17211788248404
"613" -1.29918538912267 2.40642291303048 1.50452190329357 -0.432613265039449 1.57964721498911 1.46346437106182 -0.605485173028177 -0.399193797939798 0.819014327823815 0.918242526254766 -3.16363760165636 -1.17757709174503 0.178254302679343 0.824258075299694 -1.51454645146111 -0.692702271088182 0.756867253956149 -0.0628327066446216 0.188617700478445 -2.93783445808282 2.31415182800401 0.0462813227275637 0.309884094598482 -2.50128000109607 2.4203095554288 -0.27013031072941 0.251313610699462 -0.218200697853245 0.413747345983951 -2.19183003422961 -1.86222332569134 -0.962344078747044 -2.18904103545543 2.02498176161657 -1.88357241540312 -0.276973117671399 -0.178825738323134 0.515810331404948 2.65019642608672 1.65424014289762 -1.24876334050631 -0.424995802405642 0.590802479022344 1.08144248973706 -0.930209100068631 -0.642207787207564 0.801573114246593 -0.6368870420317 -0.724077504391718 0.314374607010749
"614" 0.188255768089205 0.312004705907969 -2.3319745337224 2.77146138036549 0.0306867311660923 3.46028215217506 -3.2060783518804 0.79352094336489 2.1699240636437 -0.625465291993962 -0.840235979024871 1.00644995512224 1.22826178305108 -0.418585704935374 2.76952655110152 -0.83487195950269 -2.45524304797508 1.11667935045655 -2.9884299027967 -0.0718310817932835 4.07211832323956 -2.61464195476908 0.59501203275797 1.96586615951981 -3.67446193825593 -0.910861680560095 0.298972972393625 -1.40198811878058 0.0363043249233112 1.09139763230747 0.218891144390606 0.783452398466149 -1.54100539160911 1.45160899805274 -1.24260416087875 -2.8984237835968 -2.23639077610533 -1.8386774573211 -1.01164796601905 -0.0376229465818764 0.574602775713943 -0.857021800571057 0.634500217917393 -0.814384339553737 0.866089666564644 1.68049763171484 0.505185001294257 0.40634521522423 1.62231997098633 -1.21405546953122
"615" -1.6732685392288 2.1286199940805 1.31898070188966 -0.937560198648189 1.83390634818162 -0.688904760100824 3.16909380541278 1.27514962869611 2.87623358851837 -0.973214596370208 -0.460582676324403 1.56639260071962 0.585598714715239 -0.20453575674948 -0.848258389120193 0.829405343864402 1.26608510016877 -0.739973665018219 -0.140494693015971 1.49488738319711 0.4406999475815 -1.14835626715038 -0.702771973195059 2.92820053397341 0.369936502430999 -0.157155099788474 0.266159352126812 1.94249009712842 -0.593219272567771 2.267973493757 1.27865531038499 -0.00800688108102659 -1.68675790351929 0.2633231698661 0.857164487522978 1.66054249126848 0.526920870717693 -0.804771037685027 1.21252345909415 0.957898177720156 -2.2437314320786 -2.58149908915777 -0.258803519617581 -0.726867789871485 -2.45317431061895 -3.61753405089045 -1.15864348980457 -0.279957895215177 1.6695232996221 -1.43663268447191
"616" 0.706560649799535 -1.35396865762755 -3.9970887756489 3.57365083234602 -1.05311772092973 -0.337831967121626 1.09743183639283 1.3865971711048 0.00816515442484507 -0.286230137576987 1.4746613029645 2.64231074842973 2.22411751979808 -1.76519214094208 1.34803507298818 1.05289223141431 0.239230462737453 -0.888657250198819 -1.5984186929824 1.58411405017141 -0.764089323882668 0.926285977615408 -1.59728486420271 0.473092745100482 0.264454899220923 -1.4503625047547 -1.94101342375568 2.03010073673647 -2.83708397395829 -1.63436869386332 -1.20867078483402 0.323340099164922 -2.01019930471745 2.00855141766687 -0.12131738566254 -1.56394034376493 -2.07573554085141 -0.65334138547607 2.02828959865204 1.07678849023057 -0.199170449209409 -0.402816440009732 -0.867228892970293 -1.94237706119325 1.18202438663416 -0.409756021771144 -0.650138236821709 -2.10209077114188 0.400529750269281 0.0697435810353077
"617" -0.190100329437876 0.885312192751501 0.593292612986485 2.04727891572387 -0.729993118165021 0.169493540031993 -0.677439072396626 0.548356731724529 -0.256916134823094 1.00697873691257 -0.0124359897534502 1.09335495334609 2.62825129889939 3.38751526858835 -1.75239443895827 0.81872226977391 -2.03397762312721 1.18867060988048 1.75181101789859 -0.610017592667678 -0.666245220410887 1.16288727638026 -1.0318448348235 1.25960060858514 0.553505195820799 -0.467319305292724 -1.04811164659392 0.680273465859112 -0.721805560564237 -0.545875863469476 1.15176502943462 -2.32365686109227 -0.300654988867843 -2.04637913643764 1.75122530642881 0.615628780108865 0.0774678702073014 0.139317932768312 0.735269458729634 0.123931035642889 -1.56143242949914 -1.49675905570388 0.108559099868084 1.914008815199 -1.2354867407068 -1.59892765852617 0.16248768200867 1.1903773315419 0.0532226596875812 -1.16899907607883
"618" -1.87982090895886 0.750965742252937 -1.67954255187831 -0.254404561190061 0.190104233660847 -0.0511296517140602 0.497999063991865 1.34153382678381 0.636677875369309 0.440493711061056 0.280988504493054 0.626960881386996 2.03873344497915 0.882242864657016 0.467771436685373 1.37849605370042 0.35708750257603 -0.0671948042131083 2.23837445395874 -0.751603993554201 -0.45401212582378 -0.829830736826027 1.25536603971649 0.180530107121793 -0.66002356009712 1.31039533787978 -0.876471992070439 1.77026852799375 -0.030287890765286 -1.70920045081605 -1.81746129966201 0.741753114172828 -2.49108347697052 1.28250811603265 1.22002048448031 0.193185503060483 -0.655692826507835 -1.15480604874653 0.213264342143282 0.768070458718377 0.143215169604375 -2.3741352633357 0.521648925994711 -0.947947031466616 -0.224565619304775 -0.456146917825902 0.883919755646699 -0.412169474381021 -1.41498580193487 -1.2556605412647
"619" -0.927176007422702 0.66700420369608 -1.31268513140428 -0.696464405253362 0.438424976476439 0.82618253209598 -0.294489890233833 -1.03518036354085 0.361721129998051 -1.0812584063772 -1.4338983285913 0.573431754683126 -0.800564438648811 -3.42639095126085 2.54293131999914 -0.726111837538187 -1.14587030268282 1.32765834407103 -1.11789508168342 1.78041800502759 -0.984613939193133 0.546119132427873 2.38549900615378 -2.24286931009264 1.17040629200903 0.0262747483004343 -0.378591248693488 0.106715812027189 -0.604148228101098 -0.611953160207379 -1.8730790913669 -0.218007314544873 -1.03547756985103 2.32383298375349 -3.52199238254056 -1.35880264546028 -0.187025878200507 0.0838161066136718 -1.371556379134 -0.879463331344334 -1.59592456139735 -0.120608037105656 0.0761357583927686 3.08995774212957 -1.49090385112311 0.151203068334814 -0.936978097770497 -0.275558277284995 1.27462576186894 -0.0596112939287954
"620" 2.107146614764 -1.44443190391126 0.861976755317177 -1.90753623096588 0.198059615575415 -1.14796906438684 1.66770462384004 0.293556742078128 -0.396835754417507 0.615263871006007 -1.16367249972606 0.222145536418869 0.758763234907284 0.435093551693661 -0.464925523077545 -0.532354154835141 2.00196220858973 0.6215232574542 0.978950743754282 -0.385944959289187 2.8108981443006 -1.07740328099458 -0.158798609004263 -0.321497734189693 0.388779414507191 -0.529226148377383 0.421054231718136 -3.72808659737127 1.43234222365051 -2.11605442755708 -0.768341325899439 -0.261019841016973 -0.410364981495019 1.1598687161922 0.489733485849754 0.0563465939334824 -0.680054661265376 1.53756746599786 -0.191286720731821 -2.16314620861668 -0.399294170465567 -1.05447367282359 1.51634392446804 0.304147565890113 -1.01915536632774 -2.17369206018554 -2.12480418075468 -0.128625718130096 0.459911406751206 -0.546432874177936
"621" 0.498774664070425 -1.20653067300666 -0.980003877790973 1.51515417219195 -0.614966328799505 -1.05046498991183 0.969876006673708 1.84776010572766 1.6016955508749 -0.55341957976075 -1.54966899421169 -0.645128710513743 -0.779793144932503 -0.406698063320009 -3.16051419698434 1.74674186549577 1.06773246603497 -1.25016294347366 1.9437198683203 -2.11256341583055 -0.382739863565304 1.84817094243271 -1.60309462964195 -0.946818649367474 3.99253053532291 -3.86986472786034 -3.29275078297821 1.16280353724227 0.175681536334483 -1.74345217075037 -2.67005163177943 1.01002683845618 2.01596351703776 -0.88782798437374 -2.94237771556622 -1.96616383278067 -0.122841398880632 -0.778206621880401 0.900514090223938 2.32710143665792 -0.464629547187351 -0.0499316381538525 1.74231934222004 -0.550300357549008 1.16218773858475 -0.69827976514256 -3.1990464591617 -4.60180972539422 -2.12422192828884 -0.936593541151271
"622" 0.291113613270472 0.606615372717787 0.994333977540057 1.15394971549031 -0.59010605662964 0.079868965123397 1.00238917524795 0.406229451304678 1.14134590493815 0.361471441152915 -1.24517094880158 -2.15805268796218 -1.53855784659644 -0.717328677728157 1.80508439716584 -1.55121556739618 -0.421580199512164 -0.553949268679263 -3.10870128558756 2.23911743114953 0.00733061959893147 -3.06824981892986 0.311967880728789 1.27936906028159 1.75292971951482 -0.708586154812627 0.593917047709311 -3.20794327360527 2.56492655886628 1.44285788072021 1.6908119426915 -0.56712447350034 -0.0319055662294419 -0.503601238513609 0.827144398681408 0.681016283652007 -0.597215777900595 -2.6652513809492 -2.52473407714018 0.72987590095009 -0.68386586231011 0.810143319163808 -0.268384010346962 -1.02373862390386 -0.575251196866103 -0.727099317444982 0.144297257337666 -0.814435887598293 -0.525583813578354 -0.462416348451245
"623" 1.95860190492366 -0.92737387147687 -0.150465604704482 -0.236054443296825 2.36567053841339 1.39981017099913 -0.165257421143075 0.856329983152992 -1.12119153235622 1.56242403774832 -1.28977774236993 -1.58768906506692 0.248798892920769 -1.96968419124654 2.45528878072668 1.15673940525676 -3.23284490123664 0.592382859292448 -1.27392601496233 0.17524462364584 0.354661791277758 1.3518727345787 -1.76672098055286 -0.449808720088088 2.1251788134705 0.434796359169824 1.0645404272752 0.497509151087736 -1.63024247749388 -0.764216952853279 -2.7080868670419 -0.294821562579797 -3.47401900543612 0.208560076053912 2.38139582007986 0.859859808337115 0.710913864945476 2.88672544256116 1.23983060673511 -1.19214914879362 2.26822546960006 1.61199039189424 -1.76413381824978 -0.562454747553747 -0.270296302506697 -0.666016147825905 -0.825041645437913 -0.00502437097613366 -0.459684660038371 1.8197263471015
"624" 2.05920491968471 -1.29615213845939 0.483316359169093 -0.210877306552343 -0.518170470193766 0.362013672843406 -0.683381500488163 1.38878358653781 1.57845964472233 1.00777343783811 -1.68333226922945 -2.64312810154094 -0.932966110371036 0.195041492188169 2.33571662742317 -1.37780317523741 -0.204231923893753 0.176449998509958 -0.537105888061003 0.141629628796112 1.84599162731784 -1.70044354830179 0.0622490706445085 -0.841886171403263 1.27069544037544 1.62061979480036 1.89759968025999 0.941470795646333 -1.06564768817243 -0.787990185312886 2.3465024129303 -0.526659544883889 1.94948222497573 -2.80474185647238 3.38004363820493 0.621261466570208 -1.255061109297 -1.00332051235825 -1.0763720583917 1.19402407308499 -2.46413635485926 -1.11319475322082 0.237615677243747 -0.0925947184973978 0.673476733615254 1.17157328680384 1.62792275223667 -0.073201299807866 -0.155013516014533 1.18032793473329
"625" -2.00738240097995 0.830875397666067 -0.736236944949809 -0.583805346335213 0.978543890554035 -0.148904628849705 -0.671003720631395 -2.84887061214135 -1.25016484842605 0.388347646993063 -1.68659295667769 -2.2211876489026 -0.0596063611291199 1.09921758270373 -1.21271291925704 -0.291995220627221 -0.0615281321792529 -0.860794040707063 -0.826659934025972 0.518455621682017 -0.395151101252317 1.44380675549578 -0.190597844772438 -1.49248911685745 0.121242532011783 -0.147363300497061 -1.65300796543102 1.68498508009383 -1.31166584359877 -2.04393245093319 -1.78373719909875 1.84732350998103 -0.0638237851971845 -0.655257691385724 1.41333524894098 -0.845740031891821 -0.154609187232042 1.56184655239033 -1.8431383601313 0.618060503249595 -2.9413431210146 -1.5074169577835 -1.27249276187604 -1.69561802390531 0.684822319103013 0.826224940134605 1.29272329436197 2.0477163810103 1.51774411905932 -0.111296037693039
"626" -1.38721486341207 1.28380030069227 0.600303664173072 0.904402265791011 -0.429491654951419 -0.529843124979345 -0.0250855104819213 -1.43773599310176 -1.75676077564444 -0.696009577164445 -0.541745039787365 -3.67522868325607 -0.92591410360418 2.00244977962445 -1.27755143053124 -0.661439282018569 1.08528114014156 -0.0575131379808526 1.68427263527248 -0.912264494776292 0.397418716043815 -0.6050441794582 -1.68873311096312 -0.199521988130898 2.11260847923508 -0.657497771356446 1.47938522600687 -1.38649769770426 0.145019188674736 -0.661175846511831 0.309166500742078 1.01180121032391 1.90429549613223 -1.28445346285851 -0.114210648549019 0.853170310048404 -0.446329978025746 -3.61611127966079 -1.67485778623887 0.260759409072093 -1.46277690195951 -0.474474331361113 -2.31958880535672 -0.290485043907396 -1.36757749210625 -0.454138290691327 -0.795245877777484 0.392881627382476 0.582365686636913 -1.32331439232184
"627" -1.00012921090033 -1.58073744170107 0.124983216791696 -0.896016127964238 -0.453320371430712 -2.71417510866257 1.22268890101543 -1.33840513558673 0.72407139570204 -0.288084587329024 -0.851428868449592 -0.180339292398877 0.736874775838578 0.931779436017104 -0.137672554202413 1.52180001045687 -2.62832541058924 -1.25034710393925 -1.89324873238953 0.358231999293247 -0.70564148136332 2.0410620579643 1.89559968368054 -2.25529468378284 0.0526157247437875 -1.16488718729219 1.80430767702574 -2.68290755385053 0.143020972495544 2.94158185211238 4.03912389367654 -1.48595324844813 -0.812996717056879 0.177513413606964 1.4956898204617 0.720999715887231 -1.59747630992518 -1.28771775525409 0.296705310770851 0.201427489315204 -0.56549647578197 -0.00213777125786452 -1.28133953717226 0.188945556442519 1.07930115913025 -0.0155508708056418 -0.468489749463482 0.136551586614691 -0.407184318101552 1.20362454560967
"628" -0.417239080222071 -0.551507338124798 -1.89327190846185 -2.23711700831899 2.72766330648189 0.258136131735 -0.975521441024031 -1.53169920559448 1.17670333092846 -2.0214898308356 -2.53343826694628 -1.64582694231355 -0.26453346887536 -2.47560010676829 0.935662683764654 -0.231631554614563 -0.309975507985766 -0.452222028885304 0.337125466241775 -1.61578817289015 1.08834671112144 1.12655663668592 -1.23185564428107 -0.790713799463342 -0.01987284918525 0.63012035764054 -0.955939160207524 -0.807115905761675 1.91532842317366 1.61749932043466 -1.56347425322221 2.83579953794149 3.2739173637122 -0.622726257998402 0.800104817869499 4.00925972689227 1.98754890511646 -0.986001710987806 -0.923531557264047 -0.321807372347549 -1.77893725233205 -3.28737990704038 -0.410974471162584 -4.38581697634938 1.12667247620103 0.45071069791325 3.06046385783194 0.476552767714021 -1.88347157303112 1.99591214780576
"629" -0.290746662090707 0.920671271201104 0.706903761657529 -0.301925625363332 -0.0570154083033781 0.870919793161594 -0.632203325252376 1.14383015423823 2.91691206803265 0.137762472248954 -1.72506589579825 -1.61387942268019 -2.05263255057641 0.0254480561372715 -0.725665139909216 -1.2575175017448 2.3523702621284 -1.46153418619444 1.13067107443158 -0.202342726280283 -0.581154640676896 -0.398704451462204 0.520398968492546 -1.65309930117297 0.705454483022181 -0.445456697267297 0.251271407127923 -1.27313708048863 1.17150833102077 3.44227577461057 1.64575512005717 -0.428549949751176 0.324792432823381 -2.44025552579046 2.05220184604444 -0.717208201047198 -1.11369058087843 -0.2981159639216 -0.497190081444932 -1.41395220983474 -0.0303360693330644 1.95506079681514 -0.520195090749584 0.406831860272399 1.06115725880339 1.55208128018158 0.875509447808298 -0.855459987993623 0.181670701132172 -0.576602275564935
"630" 2.95344949778928 -1.14069481141542 0.82132263878912 -0.90879051981581 -0.074579658939727 -1.08019517451191 0.964587273880773 -0.446749731486221 -0.794185100721856 0.709370398217848 -0.598541941545614 0.0998669112432094 -0.0737206452304247 0.328856594946004 -0.81159656340293 1.44562469785715 -1.38997027089907 2.95553944639964 1.0535200461369 0.277306429178729 0.22862665619338 -2.71718345656092 2.57937773227662 -0.406984732679426 -1.30577731274087 1.16243433819464 0.805020062565926 0.824027313283679 -0.914563677333017 1.09302099032963 2.6170733679391 -1.50307434613438 1.11082316075404 -1.20284608562323 0.42904875327428 2.92882518553083 3.75568179158955 2.73041640919224 1.55308516064581 -0.61234562858583 1.61550350717112 0.995712373558036 0.511635417562021 -0.210889369932944 0.944097556114439 2.32672225416514 0.73473081446605 -0.497059148515742 -0.612867726530858 2.14040403493351
"631" 1.12528197468148 -2.64613988277908 -1.53794672231033 0.317084156668678 -0.206504671732173 0.169120343777928 -2.20847261771027 -1.26272485993971 -0.731287584879987 -0.850871470001306 1.22746880755051 1.54543270795645 2.35381480890872 0.0274251907655409 0.590430818211268 -1.82381541482558 -0.895310676213341 1.3334325785791 0.221517672566886 0.575104723120551 0.750839718364859 0.740132737361993 -0.133639145501315 -1.49423957676802 1.2337660706867 -0.225940699672963 0.0839719991891584 0.482083036079734 -0.360753703358385 0.822201093201441 2.00573612219736 -1.8400638721912 -0.850763729071591 -0.110782848279806 -0.823600942985818 -1.2249386592086 -1.35705661275013 0.530407925608311 2.6614615828372 -0.0956843239799775 -0.892922340685246 -1.42582939785438 0.179591530237187 -0.291998140916204 1.16397102905483 -0.402492648688988 -0.116786626478806 -0.789991441500399 -1.05225300476285 0.260581648435488
"632" -1.02866898542237 -0.0209457925587644 -1.66648345273276 1.16591945841544 0.522483723516958 1.47011112926617 -0.906695532409929 -1.64665670256871 -1.35364012747053 -0.766359364330997 -0.557269676161801 0.124575120171223 2.71319596906079 -1.25491120354492 1.28030243180758 -0.775302730999193 2.67814423609567 -1.46716709156846 1.19106990526854 -1.90708697292248 1.5074004815502 2.15943213419945 -2.81300117068249 1.43271696881957 0.203093683843752 -0.758358407400167 1.25386494780115 -1.13086785738079 -0.806055092803636 -0.785827080440984 -0.584733842025789 0.44072527946571 -0.386833528378377 0.664736495698492 -2.31567664164099 -2.62045875636204 -1.06797919823252 1.01473247528169 3.76698295663963 2.95937015331532 0.502084527865317 1.22129563083063 -0.933233493609163 -0.934687824194361 -0.0950191761110956 -1.32358105648114 -0.281847530275766 -0.0444138528331783 0.491761342040453 -1.02549009345033
"633" 0.421410023430792 1.13013917545184 2.18835250116821 -0.99641577334031 -1.1423500760372 1.76396078866959 -1.59768092895087 -0.890511120531096 -0.465552105543372 -0.534345965693401 -0.306293719675381 2.22801226922374 2.39217938233076 -0.519067499071315 1.11584473951255 -1.81166684868834 0.0147211250350331 0.117527475776766 -0.878710996570611 2.26832515117401 -1.52146119219148 0.492726515365235 1.32920975512971 -0.879810035230407 0.450427823393816 -0.893398388225256 -0.0489344267655224 -0.394482126434423 1.19402128273268 2.60543085150157 2.15336570706414 -0.182483259689579 1.42501124963774 -0.608804624455821 0.108326370756972 0.123525849156206 -1.70929309600957 -0.852340052941063 0.358829410544734 -0.136256821724081 0.19943787060654 -0.281812743013472 0.0561920024879689 0.238295685802082 -0.0914720789324923 -2.41385012264619 -0.935569327781932 1.73136840251209 2.27486131499155 -1.92391982622107
"634" -1.35260239671443 1.34158750612226 -0.432754245713327 2.21802411574434 0.236268464269072 -0.831895019052912 1.3025723084316 -1.13661049392076 -0.940937105636307 -1.88802059016814 -0.26162500121492 -0.819239181840693 -0.969466187070108 -1.3118816866378 -0.294440628280155 0.481406485839849 0.431100230703143 -0.979927817289164 -2.62520551588343 0.124613054163398 2.1350432239717 -0.35690287692421 -1.80391262707649 1.51141167193402 -0.148657232241183 1.16605435937553 -1.670147266362 3.76686539401164 -0.65809342210186 0.0729509555278895 -1.97391715640587 1.9636322447812 1.18097906248086 -0.0480815660198556 -1.45892859187505 -1.87979272037206 0.135821854834647 1.84791717002936 -0.21310196809856 -0.648847912665562 -2.14913231358218 -3.92278972924923 1.35792639727743 -1.38956773167229 2.21890264570717 0.250534482002764 -0.561493795568847 0.993370938924696 3.37118189778511 -2.6308592700113
"635" -1.71898181645256 -0.119069726480715 -0.0832323450007535 0.43458126122183 -2.30787412218973 -1.46814776140855 1.20382105047606 0.94783725670303 0.5045690239733 0.4905670364961 -1.11720696316674 1.72419663589806 0.882497169165563 -0.220946958890362 -0.210095542371516 1.01444365401423 -1.74988786676059 -0.483959853422686 -1.39085127714329 -1.92144311329199 0.365561120965017 3.02117253479124 -0.532597806058572 -1.95570429224424 3.51358363241209 -1.26491169930183 0.807878925825114 -2.3232200238859 0.895648580922944 0.376955623938431 0.795453361444089 -0.37222201207222 -1.1760395364699 -0.462904464973268 2.24554921956198 0.948072375825151 1.38987363397927 0.895055193101113 0.362509199009357 -0.786240693420968 2.26395575002328 2.14849005544264 0.232132742337775 -0.168763416838575 1.94947134077467 0.239994391018137 -0.219758466402306 1.78554115857592 2.53411790554057 -0.334592822842835
"636" -0.0725375029050378 -1.31906018072834 2.01718793118893 -0.298415635501261 -2.11769852088337 -1.24735620978429 -0.121141602591698 -2.16329352662633 -0.53075129520416 -0.0496187939716852 0.33118038592261 0.89073258806573 -0.672444039537778 -0.0967407734420815 0.333590070104315 -1.14665379058983 0.518041653491629 -1.21580421402749 -0.147166986892222 -2.23005525989046 1.72015998068617 0.540961159338141 0.425072344289463 -1.26607250201841 -1.36949647357642 2.44986266314837 -0.447698185640531 2.7827891399748 -2.20209290161222 -3.03954332037473 -3.65932011212476 1.73302420475455 1.89518901153371 1.85162895524152 -0.93900323369892 -0.236723140505454 -0.494418858544505 0.943006561898217 1.38628302019967 1.91164624159482 -1.22249318556643 -0.260229458036576 -1.20104753235276 1.03661976776851 0.161829940366087 2.78090875665844 1.65638911986572 1.46613837957248 -0.250953485618271 2.85813057123465
"637" 2.02320213934904 -1.8614352553184 -1.66474979701542 -0.257280326826202 2.38344861648264 0.258621475657962 1.01212433493261 0.507930219303545 -0.441469529497095 1.58321016571951 -1.1708425806366 -0.223917366724812 -1.91859090335435 -1.90390999025578 -0.417909987228029 -1.06978949388368 1.03402914845462 -0.202024606092585 0.588414607113018 -2.08298644071266 2.20321003735087 -0.971748053633292 0.17938774292169 -1.05916839594926 0.327797418278398 1.48702988924263 0.887975911083633 0.475756516417748 -0.211146871045582 0.818264080455978 0.927155808026888 -0.781435841076293 -2.84117628149166 2.6590011878843 1.52965967732505 1.76296970170543 -1.65799377881501 -1.18962134554247 0.32104010886619 -0.29308278484742 -0.449942811565543 0.560815826849448 -0.680042012388671 1.11150243901314 -0.879097881446202 0.122253399582819 -1.02809023400921 -1.31248314392023 -0.679612368274333 1.90688757165128
"638" -0.198951061000562 -0.0578828988683376 0.700822894679838 -2.00706178632367 4.1163294534109 2.67388464791966 -1.694389808892 -2.28346397858116 -0.7218453085583 -0.985875752951211 -0.258020372571655 -2.2044358033225 -2.89081295202838 -1.41225390420973 -1.49324787401023 -0.120722589173212 1.59475200409779 0.813602743874509 1.42649244431668 0.594403139341755 0.51571198441216 0.380462978269253 0.482908195881934 -1.76592186203015 1.19688638444478 1.18674594196559 1.49934506355362 -0.149974699138164 -0.255487063948519 0.398879986475945 -2.13855406643814 3.2019418537459 1.00899976337805 -1.23314027203473 0.271224017287753 -1.07678405347465 0.318007645729659 1.35890691527245 -1.48599046367588 0.0146289502279204 -3.28549239483277 -1.37543885999194 -0.912623237463171 -2.36903729419147 1.48698725974535 2.03110605308421 1.1183738563226 -1.10341029929145 0.561174038277569 -0.385823830978324
"639" 0.30799994642714 -0.632060972542377 -2.76363240002471 1.63605432783219 -1.01000774575955 -0.0870967506181252 -1.40471666372275 -1.2335968610719 1.0930043671381 -0.53612428440217 -0.144530362860554 -0.572932712022632 0.737308457233398 2.90589873730831 -0.703668082555462 0.334838559154612 0.36526264412188 -1.45569663975829 0.422102359614672 -0.900246456072477 0.636290181114198 -1.11295218052805 0.0710030787623679 -0.316844427290463 2.03649071821747 -3.27144671133856 -1.1379872956867 -1.15104216480994 0.310223465737107 -0.370714805551789 -1.2621170315258 2.039980213332 2.0774140355921 -2.03335505099369 1.48179802678182 1.12375338029036 -0.247655862889641 -1.73870155870015 0.0389845307086772 0.67692458716249 1.14247450280125 -0.674642371153552 -0.445267158691379 0.210191473048946 -1.67367408547796 0.434043546570412 1.65681413112334 0.917813958888928 -0.0257452937231222 1.70820158827912
"640" 3.24513081629795 -0.867570107429175 -1.60470535251726 0.19114499628406 1.03392902268736 0.424026859865587 -4.00537562547488 -0.933767415978079 1.88062157016916 -0.350497268967917 0.241349515137396 1.19462284130218 1.75019597847027 1.31078217214091 -1.00539623577378 -1.47872333897933 1.26039999556778 -0.746540479956415 -1.38981716001882 -0.86180686426946 0.0952929036672589 -0.625725777348851 0.0990910499365747 1.77709795991225 -1.02932382400926 -1.97317309911412 -2.38672851552502 -0.761197573985202 -0.0968245062032937 -0.859926408143011 -0.320631219902679 -0.804404837140297 -0.816453805365541 0.09259447827929 -0.257269023106342 -1.01978355746617 -0.184743258794253 -0.0210591706078929 0.367793100688312 1.38903381955393 -0.779153031829006 1.36048434591045 -1.89609273034703 -0.296555787827962 -0.375129200381419 0.640431447168891 1.2659854446778 -1.31398913110431 0.81561333321785 -0.339238494995521
"641" -1.23233819399696 0.988739086937069 2.08560294339519 -1.60920157782853 0.553393469863725 1.91337626969214 -2.71118156027617 -1.22458167092736 -1.31251995316282 -0.179819086168176 1.51483572062644 -1.06301324153849 -0.960372190882349 -1.82079220032496 -0.273434569019023 1.12971712568187 0.011096811145709 -0.922623954782138 0.52138839746478 0.734869815801883 -0.0122599922038339 -1.94672403317572 2.63688353000198 -1.25846223664504 0.139465380049597 -0.722998541169361 1.01597055591652 -1.20486453881921 -0.137858824199834 -0.0724583510907204 0.63758307048425 0.623662891794455 -0.216670969577925 -0.0531977158285116 1.79260334328132 1.07126815741117 -1.80920356513392 -2.03823156758138 0.499623788758639 1.41353849567137 -1.64925121418742 -2.32818478681988 2.15242774678615 0.501304333660128 0.490757727597422 -0.0423226892718519 -2.39291278535918 -2.33512215359894 -1.59948694677213 1.17860911540081
"642" -1.52868133903087 0.946406790999398 0.588577291430559 -1.15906659405561 -0.251917148642245 -1.31434540158986 1.342078002382 0.284540963146182 1.35945752113629 0.752111966948403 -0.179684865907188 -0.0908954118021948 0.494473830405803 1.7576015475015 -1.51539355679164 2.99746809183856 -0.0185241789361466 -0.692238571353462 1.67342715821593 -0.691490912700921 -1.11463420966799 0.616319199925272 0.636479357210498 1.01715242270122 0.745863896313439 -2.31782914578548 -1.89830778470233 1.14833384756699 0.603171441395846 -1.52500361685185 -0.706812583409747 0.916802437811827 1.11794933893874 -0.444130316217342 -1.23631037988784 -1.12755699051085 0.59798725989203 -0.647989043133841 -1.47219668521103 -0.514950147241261 0.812927942422431 1.08036929983897 -0.907003224454443 -2.59399997426146 -0.35180921954008 -0.980038199150581 1.5579088575182 1.30005275631729 1.06576929184836 -0.49032056363285
"643" 0.388579309726029 -1.98860859236635 -0.512916470189703 0.966788892842243 -1.99894101652623 0.0173333700212522 -0.437067669800267 -2.33464166847675 -5.08012017860581 3.00086949506882 0.0061854948878222 0.529809248378055 3.41792119596257 2.40593032956452 0.69939686096456 2.94752152866508 -2.3460452704331 1.98478550037926 0.975865188399216 0.344710025002814 1.63699966671674 -1.59973893638586 0.251499466771808 0.677322814406022 -2.20834887556038 1.13788376656575 -1.91789663241107 1.48113544980054 -0.134012022268199 1.09853176068885 0.90590875027517 2.19320688748955 1.26869178522436 0.034745265352445 -1.56372362066404 -0.374881226122388 0.0524546066037958 0.567338955077828 2.35083995733157 0.903823571816434 0.308825916393835 0.939903074984265 0.0290613499953407 2.32941590513769 -0.531411813325677 2.28364895774669 1.02037432449718 0.102313212883253 0.322075889144612 -0.168975397106412
"644" -0.221272290874404 -2.69160623286324 -1.52169707438267 -1.26375734065446 1.07530661955393 -1.66072865525746 0.142682991340356 -1.45554868694164 -0.419514793984205 -2.60725677703588 1.18230706375758 -0.579510719709664 0.635596670704667 2.33149577765443 -2.45532319074942 0.45421732250268 -0.540084445278511 -0.72266082276189 -0.759286448047727 2.46820204120042 -2.47471208049993 1.65740536230012 0.635512581356602 -2.3488395307311 2.22678486503916 1.25238718636097 0.966941348752055 0.175928819960373 0.920566244431321 0.329923586282239 1.74342540914353 -1.96934969888679 -1.34925117404412 -0.158779755073803 -0.34771668047678 -2.15821000876894 -0.648384869623413 0.832050915675721 0.898112252603564 0.410755668218074 2.13028605278251 1.61845072087213 -0.147633700767226 -1.1094179883973 -0.207710985101433 0.879236206346887 2.27081137902453 1.07746347699109 -1.01920407392077 1.32068304814413
"645" -0.191384479617826 0.0331316211733906 1.04986340324811 -0.502011105852875 -2.51716002108642 -3.53227668428041 -2.16017270297289 -2.83307808342925 0.143831315229348 0.0305512791832957 -1.27624753347001 -1.73778557345123 -0.493189976091405 0.781139291463579 -0.655665765389989 0.252444900218863 -0.944890352353958 -0.894168251346609 -2.59243940570681 1.16647503601273 -0.946372456720155 0.413621539843913 0.623536662024912 -2.57836961063341 2.73954612471248 -1.16057130377788 -0.499185675011857 2.29431671474849 -2.95117778302982 -1.44011860804717 -0.697848002982768 2.7380709077421 2.30534215987647 1.28788591837966 -2.44991741991459 -0.338965013062237 0.00776960945707979 0.424630737726438 0.429214979079261 0.0700173309091511 -0.920467834028969 0.0387683005079189 -3.03639956259438 -2.34044676345677 -1.79339918722434 -2.32849427647347 -2.77955767939221 -3.08378209065228 1.15719906736658 -2.24749967833223
"646" -0.878002634106855 0.537999664099596 0.00244011293372056 -0.203548716447795 2.02825598369612 1.2432339813042 -3.06589126666284 -3.05700295974843 -2.22756552696196 0.372324873441778 -0.504937451516314 -2.68865253769646 -2.44075331664773 -0.507992107355908 0.710816593152515 -2.08137646192796 1.01474805379767 -0.8911379224177 -0.69173051971846 -1.01588888417268 0.587080822469926 1.07082911181303 -2.79892493746002 4.20986759930389 -2.89070628071274 1.44864370688762 -0.480588416702878 2.77081680503238 -0.385340063412939 -0.289001987357128 -1.26259561815978 -0.97566750712983 -1.7570833578593 0.848391505871627 -0.703045698307532 0.88492459828069 0.910578311011391 -0.730896536974145 -1.58609566382311 -3.34358505807151 1.65624301077497 -0.457979624041645 2.77193880772354 0.962030101497322 -0.68350852174387 -1.96150284860559 -0.905219061007674 -1.65941412544737 -1.79298142695413 -0.725109194192548
"647" 0.465305962126339 0.245115674884173 1.51240536850057 -0.198792073277663 -1.80845622619385 -1.49701650892552 2.19640525019559 1.92386931790317 2.07623491925071 -1.71722218963487 -1.12806422073315 -1.01458204043813 -1.72920225886236 -1.81738530126053 1.43344673622332 -0.0970193402533484 0.222477998801374 -1.03875987757118 -0.0466203643311291 -1.95799849709816 0.418410114846661 -0.489915773014699 2.29874625395576 1.39070697972138 -2.32758237517278 -0.260040492541964 -2.69158411445335 2.69693676283078 -2.42039350328342 -2.97446311227934 -1.04345542088892 -1.37413964199928 -1.3955100388929 -0.464041583773004 2.08782635962864 -0.202029487389092 -2.74594641223179 0.419363938271395 -0.413491459120752 -4.25646877952988 1.80755398378073 -0.350127908059727 0.726590447100406 -0.842012587612458 1.95097647751482 -0.323822489830885 -3.14406666727175 -2.6358164953673 0.0644225129653287 -1.23259744725627
"648" 0.394803656429404 1.32537978869816 1.06644379115361 -2.74738386838902 1.11428560357354 -0.554865117754174 -1.44264618246472 -2.80996883093057 -1.99336209687171 -0.269651510025833 -0.278246583802132 -1.06718620500458 -1.35504871489977 -0.516996037958313 0.789242493350616 -0.420171128362443 0.127536590133294 -1.24974973598737 -0.998495104382841 -0.341386742082988 2.52883792235994 -0.666834499094255 -1.51667379684104 1.06583633381015 -1.19943244556025 1.25714049732518 2.72986266877454 -2.22629165994209 0.171759883542967 0.910948101392501 2.44409293449964 -1.10679525726404 0.334305112089414 -1.00930793960637 1.0471862142101 -1.50701469942521 -2.06145079582202 -1.51135321016816 0.612165701422769 1.62224955638654 -0.654605374608067 -1.727751086463 0.584926061610944 -3.33096791409261 0.674505786596297 0.281235002118481 1.68629215910962 2.37202450197173 1.27541957882876 -0.14691707085129
"649" 1.89273862585264 -1.28505831112418 -0.4393536606407 1.25032718253476 -0.856137640584954 1.25320777639581 -1.92208484441576 -0.110982534582508 1.01338369246339 -1.3252210901531 1.95935296679565 -0.374802176167508 -3.07031631966598 -3.19694542847785 -0.949390338682488 -0.354410127095294 2.39677240585354 0.140775311919993 0.172914986965997 1.11655161453789 0.0301234182154612 -0.426547155216673 -0.314145277056831 1.07026284088564 -1.35502182903285 0.63015125011854 1.30434455577275 0.205719227076044 -2.80855672597155 -3.64396971532874 -1.86763466838342 0.889375106951686 -0.450726607008535 1.67014692402137 -0.934994007491906 -1.98357103753812 -3.92819937628323 -2.3774431754821 -0.576335636145327 0.0823887069598103 -1.64232009401058 -2.49317595214363 0.915491715426172 0.545863609619324 0.402286842178427 -0.41873783466258 -0.759055408989159 0.889385289777446 0.0407429082662337 1.03303382156736
"650" -0.132039340113777 1.18324215765896 -0.867542973410766 2.43611943167587 -1.5582293910895 1.72211342231544 -2.32990374464859 1.37368529508676 1.04337991678275 2.03449659152641 -2.59904094822471 -0.629039346131421 1.79609882508596 1.21581936081137 0.0262609814082991 -1.45079194180286 0.180969961559981 0.838098670089776 2.12820186568693 -3.29796833089995 3.37556981995812 -0.88722193903548 -0.574318219571504 -0.434484088439468 -0.0599033713967351 1.64140004034237 0.615546600481933 0.0804214190280807 0.855188668110127 2.5057026406759 1.94820236821711 -2.34314382110498 -1.94879987730516 -0.692302830846846 0.878774281129238 -1.14195873544343 -1.54686821546504 -0.593794579519903 1.27375280955598 1.49298922681505 1.63746755283988 2.72849921647597 -0.171719588689553 -1.15253909877641 0.647929005781308 -1.28593985085199 -2.10869567392407 -1.12214898443894 0.791244759070024 0.301986243677386
"651" 1.69280178728125 0.523115086076246 1.11067872325681 -0.530426531622742 -0.397138298494409 -0.234435696378866 1.46368848147464 0.423161743051979 1.11478604852418 -2.46348257677625 0.320151895632773 -0.952731424598597 -1.31452729269199 0.109872967225629 -0.704824402318536 0.0532482083414188 0.3079964679777 1.33681180540792 2.68373749643559 -2.69725606363551 4.29994884962434 -1.8333445104841 3.08453232575233 -3.46230308301651 1.83149352448084 -1.55917623666359 2.10851389122171 -1.60111776417703 0.0566141582931105 -0.067909210974184 -0.0440338584528419 0.827216089425147 0.416384178879692 -0.694948513179663 -0.782375709533748 0.294926580904885 1.74842678456097 1.46947898442013 1.2024471894835 -0.334980764804161 0.365892105638861 0.729621360468545 0.20002517198249 1.5169977572643 -0.33505631487696 0.39587412218432 0.87683436695425 0.957502963698201 1.63164234844867 -1.94561312945645
"652" 1.97129866546857 -2.23797820242861 -0.407440528297973 0.455909843598693 -2.60402451014235 -0.538451514783806 -0.670569567380298 1.32605420412734 0.830340608851709 1.6036874698993 -1.3494233792343 0.215188480486594 -0.907080314041956 0.304293896675548 -1.96778402576466 3.20634146532189 -0.745989833491297 -0.231657649599117 0.429148339171613 1.69580007275964 -2.87612081391749 0.0460758606694807 1.63555420660164 -0.732049177721763 0.51223310345265 -0.321224750437523 -0.963739026190446 1.35163168977925 -0.255689098126582 0.332818306326155 -1.04223431410057 0.812002319158158 -0.184155407472703 -0.191671073590818 -0.888689279269981 0.643113845330479 1.10329174488753 0.160162043853993 -1.49588076535154 0.416465667521912 -2.7615870180092 -0.811219832537787 -0.38616146435504 -0.00515660352989222 -0.0454495814262469 -1.10017291992751 -1.98638104385281 -0.433871354700513 0.443993960888413 0.118463875219886
"653" 0.595567539447626 -1.42953739549806 0.617854272280212 -1.24305213288137 0.524150323416847 1.05383061816703 -1.0004785900343 0.141969549517642 0.512098102392681 -0.500618532918638 0.735051007508088 1.96554414220504 2.35894574228677 0.229254309103655 -0.180175271979129 0.746337603813542 0.257745203693998 1.41178949464963 2.55055810126633 -0.182658489126231 0.202118793319096 -1.23419449933112 2.98343654378341 -2.32047654711451 -1.642576217321 -1.32988998863245 -1.28022649190282 -0.122015522908387 -2.10365524567476 0.779038803557191 0.123498425469769 0.974746244453471 -0.155187831577347 -1.1432505665397 0.336935351716945 0.393890765146501 1.98495997474024 -0.0478383122792261 0.0317562590577609 0.0530832705351884 0.617033484864549 0.22864181718537 -0.950946108590103 -1.49747192123302 -0.753476516304742 -1.25035667801056 -0.669604844218437 -2.0070976176461 2.34302770091369 -3.98628481862927
"654" -2.4976892475457 6.32413364990006 1.17186080090967 0.974162147240457 1.97287028715543 2.79865723807416 -0.881862914784018 0.218844219210868 0.058043642270186 0.247726360509285 -0.130828562145593 1.50165668671376 1.53616338423382 0.500103621342956 -1.18461403500119 -0.156486434040411 0.723674141161627 1.56902631137249 0.754370114021044 -0.22394917960989 1.84641877232782 -1.78097181651261 0.196366089378654 1.10394281351256 -0.711136496781954 0.386886452532755 1.0859623048159 -2.06748111012941 -0.0781982065645406 -3.48588044411998 -1.92459309908836 0.923115413674119 -0.0822955880639057 -0.0974633146700697 0.06076442147644 -1.25698836473578 -1.34695871514074 -0.19387764309217 0.632689454214987 0.742366583989203 -1.7379832401143 -1.43693568330917 -0.0763367378318906 -1.3122510061588 0.218079885003451 -1.21047891245768 -1.02470341678442 -0.322223245390692 -2.48653493767884 1.31344912355407
"655" 0.380503257141555 1.05287511330748 1.01234319828772 0.559574300624639 -1.37807798135676 -1.1952440589779 0.15991021679324 1.82380614608535 2.0022718923952 -1.41566472162353 -1.91361985870956 -2.33725141439093 0.0411238340702651 0.481338953792693 -0.134155259619726 2.45759628386095 -0.386677790206734 -2.28524771626285 -0.14553223791152 0.32142104437689 0.727930659894395 -3.27971069779531 1.36884614322013 -0.280604854173743 -0.524259881253199 0.509413413231627 -0.0624923599425274 -2.07433667243436 1.7723992768038 0.6549418694615 1.04739626851175 -1.845975982971 -0.670344211149577 1.1397074360879 -0.70462283581772 1.29010592640554 0.836884862189717 -0.782418174691561 -0.86882383113387 0.23798022248344 1.21817570461778 1.43258423580959 -1.5951015895013 -1.46923726746783 -1.82450741057846 -3.00934735694674 0.308391950466331 -0.179645001467196 -1.09198291633481 1.18019215788662
"656" -0.316594603706945 0.0305243240254562 -1.20298612874431 1.06538192429335 0.249583180203482 1.08040836744237 -0.520108002992165 -0.352782893779989 -0.811958212158175 -0.6819732371817 0.590994606939226 -0.602251632493708 0.286951710105759 1.5583363746934 0.369325733278816 -0.257111592890448 -1.15535577511519 0.511803732187125 -1.32725454644457 1.25413738215373 1.5939706560386 -1.36862272793621 -1.8375802721594 1.7932576502526 -0.373589192522549 0.0177807229985174 -0.103539839850297 -1.49247716367116 0.583536162958242 -0.615678829881211 -0.162587522854528 -0.654998873455117 0.713063777901786 -1.19711450012585 -1.27179621831548 0.772623842811986 1.72657932868051 2.71455128358678 1.11197757121602 -1.88630466611666 0.591793473722312 -1.42813401328017 2.72233423221266 0.375538307830256 2.28174697130764 0.5438367189855 -1.0643109472005 -1.74215408578935 -0.325694494290652 -1.10980926056968
"657" -0.234706402231697 -1.19073286545622 -1.64255700978474 -0.0352144189377708 -0.421403184794234 0.533471649482517 -2.50758865160745 -1.37250950147819 0.723065463375245 -2.3928610511381 3.09537750425737 3.45837176627739 1.59330175336344 -0.385904335730849 0.611929616226571 0.166285968480846 0.287583371878061 -1.01988611732841 2.46673503094124 -2.4021722965684 0.824995266847031 -0.107593747159553 -1.48011838005133 0.254380215468834 -0.987996173516198 1.15637487159315 0.682973880664306 -1.49320373885965 -0.0933096008218003 -0.725214175364138 1.363154662158 -2.19633169409041 -1.17837016066433 0.609777722914543 0.396439564380389 2.36302510376121 1.56489980196349 -0.284529858087491 -1.30043708729331 -1.72521443416675 0.0275775905396179 0.449451514838398 0.674297450664353 2.2457896973297 -1.89932897902734 0.112778825913186 0.632118668413559 0.435026312599743 3.04609894468695 -1.6723913900617
"658" 1.58716012274384 0.48656611992252 -0.548773616155969 0.758557765751247 0.614066769919675 0.956369093576169 -1.35274736674478 0.0815766362116203 1.50229994491363 -1.08263308016931 0.0499933448022151 -0.154121319593123 1.26700082738155 2.2410283906122 -0.53518941398259 0.791400874057255 -1.33145016192467 0.805261318762159 2.12389018095297 -0.643652544843268 -1.05219232565292 0.457183931642205 0.181804763816038 0.277704821224234 0.64616299626178 -1.59870762454684 -1.48212188307569 -0.43276759523409 0.193978568357892 0.487273113179656 0.687905394300562 -1.87791256479215 0.720480721502779 0.0695585203531495 -0.659884585089248 0.557688113566711 -0.183725952840705 0.263582439825603 0.772082931750232 1.33722899916451 -0.884641770156852 1.05549221361316 0.293893970112443 0.109292326928252 2.94963319284513 1.59778693322695 0.244648223124894 -0.841064251654028 -0.0554589603409337 -1.15294099505796
"659" 1.04173102700357 -1.04601150675168 0.879368948385868 -3.26549933956111 2.05002480935173 -0.558852761963361 0.574962574882055 -0.481703446258629 1.41752038276579 -3.05385522665027 2.88817929016428 0.694692020940853 -2.80644646353736 -1.56626571094116 -0.307518930354997 -2.00972509177969 1.42014919089524 0.403572530661755 -0.434191840967307 0.56774193670727 1.68378580106705 -2.87305166574791 1.08902062532942 -1.02217464897543 -0.426513750863593 2.49488236126805 -0.437468406945136 2.11474998334978 1.52962382723011 1.87197892010378 -0.572435259776351 -0.0417820552756185 -2.68886831157858 3.05068741925507 -2.74873828782096 -0.698776739952721 1.16022040464421 1.65460284504799 0.0492430028208518 -0.562519435642984 -0.528245667339063 -1.54418445555647 0.0848201689459857 -1.75259578065325 -1.9446345679274 -3.52945387352591 -1.29370395300209 -2.70934886215011 -1.37603681084457 -1.02623624444895
"660" 2.12215202612389 -1.85426931164641 -0.998269886770625 1.66917133163144 -0.119630515262544 1.01830620616478 1.3748834184887 2.07094133636977 0.574423887174564 -0.413148887846051 -0.552626150580037 2.8624079519247 2.43637802732567 0.0365850940242463 -0.124505303214741 0.730534308224741 -0.458451893467269 -0.698817510557585 -2.70901330080496 2.39800534342522 -0.818090412529898 1.32289095321507 -2.41282715711925 2.09175553171685 -1.06303867528634 0.248557422811991 0.467300286161561 0.382200835467457 0.943448325291703 0.530319714376665 -0.213611228821583 -2.21937091238931 -1.53416495789591 -1.94414115125349 1.95580851939143 -0.245995068895505 1.09261935641926 -0.0352613489299823 -1.27283443290657 -0.0312977213612943 -1.46046647215151 -0.472339164053349 1.01375124239686 0.98007546951066 -0.716517958112827 -1.84394036602142 0.64309357253946 0.564916396903422 1.35548294875121 0.561854446234955
"661" 1.44824742091308 0.287279668722399 -0.260661740575794 -0.790052967913427 0.699432534565344 0.992150125443776 0.540482758196294 1.10224292326284 -0.936113920563692 -0.28068487447324 1.97517507830942 0.782729941180141 -0.526393076427579 0.947258245412742 0.464873278319096 -0.422312066550549 -0.347276884390739 -0.00359446902681984 1.11634950954481 -1.84806852434047 0.0610052262887444 -0.272936950811482 0.37306972772411 0.298052758803194 1.36815966741096 -0.893498636061609 1.08715438669047 -1.55406773952171 0.523590877195742 -0.397509021167407 -2.15062244757182 4.40367825854783 2.71208828082501 -1.87189908439411 0.733979162680023 -0.215141393793008 2.3163693936479 0.449386381518187 -2.73855939190166 -2.24468393342112 -0.80696046475877 -1.02078550841796 0.633247247125305 -1.64303174936109 1.27305684160524 -1.66209217394506 -0.523031811281671 1.54456557761472 1.55926694009815 -0.505502535883327
"662" -1.80697381686832 0.935038078571261 3.0067355490907 -1.37891151100459 -1.91460471432114 -0.406052835831297 0.275373008773652 -0.420362741416833 -1.39839793976011 1.99439621467797 -1.78966471986635 0.189359018994862 1.84697281447749 1.49491383852359 -1.26342893261336 2.05537540930437 -1.72482489796816 0.374690885562732 0.641210023678592 0.263306911501344 0.24327751582911 -0.649067352842366 0.522552223062264 0.752915104186597 -1.9113415301278 0.77574266502739 -0.6731182007392 -0.762445039214814 0.232268366783883 2.13515336486636 1.25806471019133 2.20009594008261 -0.722679201557651 2.65251727233479 -0.256105332230748 2.60074971009893 1.38826488152081 0.855080634633382 1.14891513551028 -0.61982003836172 -0.0119124953750875 1.5468353763924 -2.63565561991849 -2.14429853293621 -0.912791706209767 -1.5714368471301 1.3607861752452 0.449723407378201 -1.23309295645944 0.40929731444556
"663" 1.32462852917332 -2.53510693669972 -0.525385736553249 1.02490906620372 -0.863060680646183 -0.682401294103625 -0.574038150764663 -1.52726895420973 -0.749364050398439 0.550716726917362 -1.0367267713425 -1.86465886168672 -0.126350332708527 2.01746118480522 -1.33330528238587 -0.954628182445726 0.784759666640073 0.783921231878049 -0.35141038365865 1.51728988863439 -2.20912735990381 0.566117262296733 2.22981214857946 -1.96772656233968 -2.07158528298117 1.88407418873753 0.952435542355355 0.746191230114042 -1.95004806125795 -0.776722702192436 1.13249067963235 -2.22940593407595 0.340158508229539 -1.83237694110672 -0.415933274685901 -0.840423205603655 -2.341798310812 -2.94742614928033 -1.24065607963867 0.451326354577693 -0.944178168110894 -1.81119234738006 2.55764056989344 -0.596531486266675 1.60869276161534 1.51441630930109 0.20401522749229 -0.828787907167236 -0.954007931554032 0.694809178338396
"664" -0.21222321456783 1.02221487191514 -0.530051630595717 2.20358123839546 0.793090531352331 1.19162686543865 -0.708960075667613 -0.557236459552346 1.72284425465573 -0.930272834891033 1.93697936052564 1.77887927671674 -0.902094819289677 -1.66628256898743 -0.0388632401180542 0.162842566027218 -0.461821318514501 0.862337133635189 1.14600430766734 -0.806319139942198 -1.37579270504393 2.63679674356073 -1.32664168387406 2.34351849275672 -2.04070942712016 1.24367671103175 -0.572637193162688 1.35285381522038 -0.460331767862977 1.64285392885488 2.58442032790915 -1.91670693410431 -1.22242744286895 0.176807886824 1.02354317326456 1.31658364441025 1.96056576200539 1.29990338666816 -0.570599178515313 0.105388861657367 0.110032180168863 0.597470885808664 -2.19448541784861 -1.81987221529062 1.50342892590211 1.28460830056147 -0.871244075563891 -0.799151713342818 1.09714450460529 -1.33987023302404
"665" -0.887173111000438 -0.372996912355457 -0.463676418449106 -1.36013573335952 1.26062124871191 -0.565378578398592 2.15968145507956 -0.955205992230779 -1.47430476211717 1.02447113972208 -1.16506895586601 0.400137232410262 1.2913581281536 2.32049242611051 -0.551891969454737 0.898418946365493 -0.0428872902859915 -0.423684069827779 1.17222730112337 -1.63646480514978 1.35905502344355 0.634118800322271 -1.42212250384973 -0.407491687208012 -0.654855053833601 -0.0075659989832972 0.976282909654298 -1.41369911194108 1.06200410575291 2.39941963980689 1.30124552297041 -2.23689440683928 -0.693847664490521 -0.649156968265581 -1.26985487128902 -3.40852143242953 -0.49497015539041 -0.930229604894584 -1.98665943462867 0.82890670815031 -0.253573826858825 -0.584634174827428 -0.711832553549869 -1.97578235064622 0.746015965886438 0.641584510922882 0.636207590706556 1.03229807114658 -0.109685338789969 -0.874411428146166
"666" 0.042225802824267 -0.863945239886901 -1.05741247018957 0.0955201961601801 0.683419821547567 -0.205178092691002 -0.550431370201888 -1.16947301394122 -1.70781754953607 0.838545327173286 0.266209942090529 -0.0352226333726691 1.26733610701247 0.791010173282036 0.388118520931981 0.092017294663767 0.101087376250754 0.608963455514641 0.161705166854801 0.00808305938942591 -0.436826958810955 0.528804687576621 -1.03378120556928 1.9246573277932 -0.959718003494661 -0.345332185785041 -1.30038858369133 1.07919036269031 1.81377607055616 1.01833133549904 -0.093161961942233 0.242586305012113 2.35870562011856 -2.948949016042 1.80635053983578 -0.17574093044074 -0.710673760302408 -0.820189720252587 -0.72381692724049 -1.83259725324443 2.01897913934342 0.0929740573895024 -2.18579129126426 -0.78410810328975 -2.29538024615246 -1.02348734807293 0.0446739056120759 0.270767480866133 -0.364244568174401 0.173158465183365
"667" 0.636348338936616 0.161818611511714 0.715695916925517 -2.5076804746763 2.59951891404887 -0.512816984376198 2.35634010803321 1.0655328754344 -0.0542254572614913 0.697491799558689 1.14904455121764 -0.600263334963332 -2.06118448693291 0.958610468803163 0.889903175453721 -1.32334964550047 -0.228303142489156 0.609169825755525 -0.0109297888894031 1.58686178752533 -4.13174015366705 2.01360424930022 1.31748433549495 -1.10783425956021 0.472974163788438 1.06924435569036 0.902593016196998 0.804871287069932 -2.6649067949048 -1.20964620613165 1.63803859268944 -0.854147859839832 0.104798705614454 -0.19424923664353 0.712171208459888 -0.0897775727668439 0.357297867159668 1.02584485031673 -0.54509476015368 0.497789193007046 -0.581920154068756 0.49706380445646 -0.548525537371995 2.63092477522849 -1.20160501008373 0.35072987739553 0.805102892184759 1.57730638522221 3.18481519726801 -1.08662058973258
"668" 0.43101751804858 -0.396149017260403 0.253693071698956 0.058534271697338 -1.84268919053304 -1.21391600563713 -0.338020804230932 -1.0339261855791 -0.371015339602029 -1.68193104409884 2.93628049226458 0.0834956627971618 -1.60175806856777 -0.935090966955381 1.25520518387172 0.0157656354233709 1.00821359727889 -0.341853432623551 0.436596270062381 0.101346245641515 1.69940072122022 -0.436872269489263 -1.24096589960444 -0.762792174433852 -0.733584521225666 -0.725829635880529 -1.04081411986399 0.732219827901188 -0.75624373166659 -0.647467952516133 -0.450693206074496 0.176269172566054 0.644969056375686 0.0945109406749928 0.722151299316597 -0.101721139772663 -0.381730566655806 0.403969599938978 0.696495298495824 0.168690900381249 0.821729286712856 2.03345319014014 -0.866599752250907 -1.41811012076095 3.07100492215713 2.93910869301733 1.63353416416118 -0.489444188040208 -0.16159627335459 -0.202975860990621
"669" -1.16517331064802 -0.620971278552156 -3.92241946664004 2.67136760372974 -0.630288825237588 0.412750247072946 -1.7728752554758 -0.183522853637822 -0.259477477540542 -0.112815940173503 1.51969925823247 1.51027948999527 1.36479793569341 0.6119833956256 -0.94611583782039 -0.0820709418303608 1.39967837877712 0.456834972332569 0.861769112224297 -0.247462634330948 0.13073878968633 -0.645731241189874 0.0686794646226663 1.07486574575238 -1.32167053586328 -0.19155634062577 -0.505455982557267 -1.00253831277677 2.41278350274758 2.58526025013615 1.60166499344295 -0.466049868235572 -0.0706883012801992 -1.3022899467249 1.7033580621505 1.60679605981346 1.6208721168731 1.04462109835007 -1.03675478007808 -0.745769978701844 -0.386624260669965 0.334089202352228 2.54341841556266 3.30950778160142 0.712524651275895 2.78319291157632 -0.269173739293731 -1.96594545058908 -0.949788625870494 -1.29039876032812
"670" -0.7593696923693 2.30379742126405 1.19483685367855 2.52541538146046 -1.77494728105217 0.306160303888614 -0.619160538946406 -0.21071915660155 -0.272106059749671 -0.00474149859006661 -1.04898680827093 -0.837402348017794 -1.32476536601428 -1.22477480987495 0.605850985063899 -1.0249583384014 0.39006281098274 1.30367528946129 2.60785881360767 -1.20003640696579 -1.02810971525038 -0.133293949558868 -1.0483021703283 1.56139145330723 0.0196579869973852 0.284859014558434 0.254354579932199 0.786711148037035 -0.672851660534847 -1.17513702024823 1.55868799381193 -2.13476267926337 -0.988276750510925 -0.0263135508853024 -0.650823489538292 -1.24510246612141 -0.852948744461404 1.48121145655775 0.388663807634056 -1.89231641113925 1.394292371177 1.32874699447115 1.54075509466532 -0.383723714378886 1.39115009682135 -1.96234213516181 -1.44633430988044 -1.40622688487385 -1.7134939434074 1.89936191895465
"671" 1.50079811464784 -0.770524461971918 0.915721892550197 0.174876221079574 0.675143450900358 -0.271974821690715 1.62540967040375 0.98072295539495 -1.21065961568326 -1.168512828537 1.85998313872279 -1.20063637326539 1.60306899079938 2.38275259508203 -3.2261505902765 2.04843151451095 0.464096445181777 0.95432718228986 0.949703769144583 -3.16256908226593 2.86514725623329 -1.15234237738938 1.05224554585382 0.363951336207319 -1.28949443252563 -1.57206884056002 -1.75361458254396 0.0842806521836907 -0.871700302942018 0.371586683277642 0.361976399179758 -1.10517381690806 0.249506712560666 -1.23428156110525 -1.50369341257547 -2.50970037610653 -1.13191017357819 -0.111060772493614 1.40616479896036 1.32091685456074 0.905169785013372 1.29593095617022 -2.00575878863751 -1.34892644457361 0.985505114665091 0.132112786527406 -1.65544159141732 -0.902056202806336 -2.12868638574827 1.39175413390333
"672" 0.645550489375207 -0.531389827369919 -0.201305893526144 1.28065029244898 -0.0401140329758427 -0.186369716667224 -2.32340301870677 -1.46740761402599 2.27045477116509 -1.46846648327564 1.76545156572055 1.34544920736804 0.863134195548764 -0.613906942343981 1.41898655874023 -1.07533341351374 0.376730907680499 0.744882868949269 -0.129466553805288 0.294527370897648 0.106301630740616 -1.07502976095945 0.46285568458431 -0.622591637068984 2.15798494830806 -0.792474420774406 0.368250941554654 -1.36480509326088 0.9054757958648 -1.20477667197072 0.984734203216175 -2.17034251241651 0.579052964577073 -0.594007859395571 1.42800220754145 0.990895887340481 -0.704678594264841 -0.869165280899213 -1.85005039060212 -1.35862930532646 -1.29920770932394 -0.324486364470673 -0.608735961158982 0.0571557812867915 0.106816048885424 0.476500464003317 -1.68295489435026 -1.70849630836076 -2.5308742944663 1.38437718023451
"673" -1.788345846919 0.910438131070349 0.677664759544368 0.526736393186372 0.636428840577218 0.313891990888153 0.750095595668452 0.909302020747695 1.74480821317543 0.533433310429707 -1.10160353590633 -0.605175410478062 0.419303673377797 0.148380380338392 0.151563897218601 0.28298622872343 0.217577860551092 -1.15717038508852 0.348172475323415 1.44920416732861 -2.37950220038158 0.0320928434115589 1.61062943267173 1.33495744694237 -1.02010910705568 -0.536241598563313 2.08993391220191 -1.79419699280576 0.101650829608876 1.36143387576428 1.70154216986144 0.125848742462568 1.7646651172883 -1.39439253067374 -1.61438730086698 -2.57586439695564 1.09430249407779 1.10875749011752 -2.98766301738256 -1.67722105549191 0.253515847621074 -0.47157406893835 0.219088345845104 0.845147531626636 -1.32596189288354 -0.164940878332504 -2.15242929820338 0.357675629076454 -0.155557252237971 0.610171784424494
"674" -1.64278892435876 -0.334653759247449 0.227919171392039 -0.624392248400272 0.222013987217684 -0.417064695117153 1.5422154124102 -2.21537042754084 -2.22892445024069 0.218771672308047 1.58598810656077 3.07658560138613 1.9375426076118 -0.866296827247486 1.0299715259124 -1.58046447966687 1.7613416154283 -1.8833706895617 -0.98597822932718 -2.47412215401746 0.382918591686876 1.45658107002857 1.15055529537947 -0.733389514975976 0.614267277632202 -1.51907065326439 -0.403825183825913 -1.5411555014157 1.13483331738747 0.910991536180001 1.51941395106045 -1.06564034461578 -0.162281721225242 -1.33335632389307 2.24687770389618 0.988129285112123 -0.0184721222370536 0.600319140614731 2.15232385370176 1.43433023086649 2.59367709131063 1.95163677561061 -2.86327792608914 -2.16159890294729 0.834223117519846 1.91697179957522 1.83401444696821 0.803747764959714 0.729764554818552 -2.12504913918807
"675" -0.526207900683821 1.5943358154788 1.1196746714735 -0.170714723557689 0.659399034779827 -0.321959572038852 -0.313720756127259 -3.1719723407169 -0.266004235376471 0.0123260923524196 -0.727843212504612 -1.27240459527091 -3.31450612908315 0.171498772686408 -1.75067423499295 -0.629675285484228 -0.266114218703006 -0.33911979306151 -0.00860857927299629 -0.974137428906375 -0.0211547677082668 2.02328732152836 -0.767166682514541 0.103191623383041 -1.91068637798972 1.17624930470889 0.873056906648328 -2.26542137401188 2.81647170992839 0.275271594667828 -0.443063199114566 0.598213913555644 -1.75482664617321 2.02877604612236 -0.653835677761369 -2.26255336739316 -2.60330239683688 -1.46153004342336 0.362146177625519 0.0752502830364957 -0.64692630859573 -2.793174784404 0.583422866640505 -1.12038669224862 0.0115976909970875 -1.04315841874617 -0.148517896135642 -0.824360657792796 -3.68296396979242 0.744486018781861
"676" 1.51713468070495 0.119482025988846 0.679772641039897 -1.70109343694929 0.808780683003124 -1.39769249994926 1.49949545822478 -1.64071669006495 -1.99263478486851 1.41854154876296 1.51892544863268 1.56579937049377 1.00480821503581 1.56194413821487 -0.392062027513929 -0.743063639190437 0.55609856906473 0.439218856328223 -0.745508487270227 -1.0881245260221 2.05159397845272 -0.815366568002517 0.919479693466869 -2.35137532892913 2.65891754889339 -2.12841520943436 0.326237034851793 0.356254174642853 0.277332161446532 1.09938356076555 -0.941386748191732 1.01844133979609 0.788131205875645 -0.667392758650397 1.83407675358107 0.911828643250249 -0.180233294387127 -0.105847199408246 0.435021342609859 0.176828214636805 0.76531787603012 -0.468509206881922 -0.593413963757974 0.669436290988078 -0.636297828911551 0.074001245055144 0.118681326513516 -0.66919246193011 -1.02297666367745 0.226291561463559
"677" -1.26964289255094 1.83533898094922 1.9096870055605 -3.07588066507758 1.85636577003186 0.940333453076342 0.615439981851934 0.949791237792722 0.820729664615969 -3.59401409536272 4.38377727389667 1.56814105211525 2.18712633128874 2.63408724920541 -0.240381410512468 -1.2800238980973 0.312412298435098 1.76067205517662 -0.0947948275769863 -0.0870990459670485 1.22434094766082 -1.30901492320449 1.58783876485938 0.400238308880449 -0.686881486607069 0.0395952768542153 0.0745750113118634 -0.326784745512995 1.25340158962218 -1.30288660324791 -1.84908917849249 0.153434160100306 -0.384754079505123 0.108697737777195 -0.278401311271726 -0.109803188468175 0.967010256356324 0.394127762550628 0.267595656333634 -0.769665360896228 1.0958578011225 0.57765597974708 0.14626181227144 2.31841735204761 -1.49229811578477 -0.0444205862024803 -2.07641571684274 -1.1518940371817 -0.290924396252891 -0.253019130133809
"678" 1.48454169943597 1.24650717362235 1.60721098629608 0.0216284714060041 -0.30833971331709 -0.634872945531564 -1.16928091393228 0.350013624329701 1.70276485432419 -1.49156692952776 0.818189416456714 -2.27199047328448 -1.57962301364483 -0.763684473156344 1.91517161255831 -0.457533811372472 0.665662934606677 -1.69203641375696 0.429062338887632 -1.6769377717171 0.0837030928712265 -1.01253046410705 0.201356736512811 -1.28877252718896 4.2163606741608 -2.52353598411819 -1.63191277076029 -2.51024910275262 2.10200598188148 0.958348600322012 0.559876340603665 1.41608903512251 -0.457577167249353 -0.429843427106814 1.85486185780166 -0.362861225122183 -1.01422052355751 0.923422464613961 0.0575716447489266 -1.59883440601471 0.342029664683975 2.04229378297093 -1.51844799798932 0.273989820373714 0.49057612125944 0.859434492955161 -0.585219349665691 0.491064117816537 2.4855125407335 -2.71368895275778
"679" -0.670100233898346 -1.03835842401962 -3.203396439509 -0.362266673406946 0.807733605488249 0.0523976243611864 1.80238184348617 0.586025418914423 -2.4486370567003 3.30303298841604 0.447192541635264 2.51346215900073 1.40834842054743 0.952985557483442 -1.46011012410852 -0.393294744402346 0.0362877535612386 -0.889916519663884 -0.354885327238564 0.47271466523077 -1.33909719493996 1.11407354643269 -2.69575073066467 1.55994402051791 0.741328009782197 -0.814074120307324 -0.494543710934648 -0.830436864690513 0.487040630940893 -1.15474838346651 -0.877514284897127 1.16255845675736 0.176997320254757 1.55404031825365 -1.49116207361519 0.957711446308908 0.420286877641703 -1.0205971052326 -0.656172705325124 -2.20134157238047 0.831067421888198 -1.08848210987252 0.0876988577108727 0.207349600606261 -0.277274380647458 -0.678054356265973 -0.898542487892236 -0.580380117403387 -0.685997079892894 0.126349158685585
"680" -1.50168195835429 2.02078817850081 0.0206859731846051 0.905434823089471 2.43945070611007 0.0609549231410539 1.97808942500751 -1.78607837720678 -1.38559960615995 0.213838943160138 -0.944766774936861 0.663572360444737 -0.184429246969497 -0.612828437663551 0.270331264171708 -2.48669291971873 1.83563756971009 0.376581849042089 -0.645016515445465 -0.0200193235691973 1.98726780436875 -0.370785255374903 0.638943034627427 -2.18662950563752 0.214312479005465 -0.128623554217827 -1.15852558531529 0.587352687530232 -0.691379599907166 -0.167734828000888 0.704724412289939 1.21601215752883 1.69525142785215 0.0701828793991834 -1.54458714385578 0.00165636670708996 2.49820394925402 2.2643236052547 1.2255038690456 0.743374928996561 -0.495887999909736 0.617673816412332 0.0163046267925245 0.194368334085265 -0.0946314719501623 -1.81172842429835 -1.41494089177228 0.154307235426277 -2.08016558139694 1.78046972238934
"681" -1.20814151554939 2.41911593536973 1.99892633401912 -0.267964717677951 0.00756748931405835 0.110082605344263 0.115827553610194 0.1111768435407 1.68437542108313 -2.33590674149068 -1.87884414521289 -3.37468231666555 -1.38046853037299 0.010081890446159 -2.50014072739183 1.36852964093888 0.811514357152169 -0.417331765845304 0.649999212676914 1.65665732304606 -3.62501922849645 3.23595545242606 0.184303213723338 0.944683521259649 -1.28803503901937 0.529539800775647 -1.40394337305066 1.95947051726638 0.852913747402438 0.829084505004804 -0.45027121284338 0.658319876187834 -2.00569107869391 1.24490907202546 1.47214947177598 -1.28943495411802 -1.86030853605943 0.770736362980286 1.8256966553531 -0.855364177558112 -0.517738522920373 -0.792469722615811 -0.228929426832485 -1.78150488012948 2.64682027764662 2.24883067537311 -0.604206431138102 -2.44685143177528 -1.89812116724481 1.09556804003752
"682" -0.0970854415973446 -2.26226388859672 -1.90043294727554 0.423316179698256 1.60054435549444 1.79628300836967 0.502809132396109 1.55542271990987 2.34320495002051 -0.686213406953296 0.458548432710973 0.197750529194347 -0.665603322048974 -2.24345609864031 0.0348498368125188 0.10785948845344 0.852216938093002 -0.176502274941426 0.422000558363385 -2.55193469286135 3.72865559321827 -2.57111375232064 -0.0134261641293011 -0.683195980822463 -0.237902080934157 2.06336113930679 -0.117240697134893 1.03712957683507 1.08693490080483 -1.1440666430896 -3.01796231172925 2.2721106076369 -0.564967513367849 1.81012913163063 -0.0759029730998512 -0.905614090441744 -1.14473530056751 1.56437702454433 1.22073003580441 0.655643632668208 -2.31053727896221 -0.428168852680077 -1.01758685221141 0.0165879030725353 -0.669526655251953 -0.385680022104224 0.0732164016121485 -1.44950664864147 -1.97840427911859 -0.60443497696713
"683" -0.0237591841111846 -0.193867950294182 -1.6197999055251 0.72914528536901 0.671588657561015 1.99380144844273 -2.04563139022647 -0.179720839592801 -0.376494068308778 0.7970577479488 -1.90075866193341 -0.783408990006928 1.7035909563448 1.96439383262326 -1.0509457282803 1.29244871899088 -1.36839206214397 1.41301041433252 1.99085801519203 -0.687013454428218 -0.669855757435531 -0.943593778687447 1.62362845857933 0.279126928457083 -2.00566260881114 -0.836020229523501 -0.147006151832568 -0.964876918124575 0.829611632590996 0.329161730828004 -0.121543473273043 -1.57416605508446 -0.978277168199498 -1.2275746310152 0.428393808294232 0.841827418848838 -0.460793424827455 0.883925448713964 0.107942670868887 -0.660974687095666 -0.550641450792138 -2.94425243661695 2.1431307101967 0.192979898671238 -1.27607080204019 0.644615395433958 1.21222112006704 0.940570430289271 1.74530348700924 1.70214811938276
"684" 2.59446972034117 -5.34870148051294 -3.36694969276265 1.0429070185855 1.79196826111604 1.41184404156859 0.52543023293886 -0.690030010199083 -2.1890168769458 -0.172856805452702 1.40730373532036 0.18792603608965 0.137427884107854 1.10970276247805 -3.43841658619956 0.246274918914105 1.10410780555056 0.533822935043302 1.28918198295156 -2.86830965924282 3.67170308563539 0.593864811779203 -4.28039163770774 -0.652853408278181 2.70661168767597 0.682726157927566 0.954787293099629 -0.195314215251336 -1.3280429497932 0.635863837871556 2.78250242398837 0.0181882651325275 -2.20724703436267 0.398537046572117 3.2418046575698 1.04344358451325 1.50292532009643 2.27874485789951 0.731014181486978 -2.77304657752738 1.42267602254921 -0.984167251249656 0.572860016626897 1.19288116235831 -0.575206994227835 0.413464946778502 1.23544562869128 -0.811171588155318 -1.2016504072917 -0.546995152521964
"685" 0.92444448469967 -1.17192381883222 -0.632280859392438 1.68829615223266 -0.866649230241425 0.668504007172673 -0.379119443767973 -1.4008965557877 -2.90608262102634 1.07767713816241 -0.60859717494443 -1.11159425346013 -0.761615851755998 0.587733710489548 -2.10868629327315 2.58089654978193 -0.942529246321654 0.188922112821297 -0.217362238928988 0.198290759303279 1.19038975928797 -1.41964901854165 -0.365938893057177 0.710204289165546 1.02950469492014 -0.315818992793254 2.21289000169815 -2.57982927668303 2.61055513175281 -0.517702852612833 -2.84694677629175 0.993842179246682 -1.06675635167765 0.495411883043956 -1.20001177664364 -1.99114158086088 -1.00628349140191 0.805020703467419 2.14091018175172 0.279323966035333 0.380659302679152 0.113781253269932 -0.927065464569868 -0.0509009218643272 -0.333225176524938 0.611875221211108 2.1831546052996 0.776017645370299 -2.31797273591441 1.75256778761714
"686" -0.261333090713404 0.266320293264224 -1.00379874064707 -0.136429114231709 1.27909443657846 1.65079031094936 -2.34774999281549 -2.55777751902729 -1.97018549583433 -0.973500027186338 -0.653009037662803 -2.16407227362017 2.01154376666631 0.663153079746794 1.43128943658289 -0.594997688263086 -0.461209594839337 0.224702511025763 -1.70172483496061 0.824698033163521 1.71882416226559 -0.460464333023331 -0.660761016352521 1.17833459844478 -0.605924146523707 -0.00347262954558922 1.33738983565038 -3.27360800467139 2.32748161915113 1.59392392800426 0.731181607479237 0.963210131945291 1.12871315312868 -0.548200098767529 -2.58476549267895 -2.31828652221328 -0.0219395701074115 0.248302543121441 -1.97132345568002 -1.55260464785628 -0.919818268320901 1.07696057949237 -3.06644178151421 -1.23167501643067 -1.26593072090215 -2.03431879192902 -2.37676295198988 -0.392918628559446 1.69107034731125 -0.941425125710216
"687" 0.30488912122944 0.252648263259043 -1.08072607098033 2.90125217130709 0.330009700065285 1.18493889877085 0.201510837103793 1.64089701965169 -0.365796378725973 1.44442401244921 -0.0123280834616977 0.552348432601171 0.641199091190769 0.684636833855888 -2.17015919826886 0.588436179168809 -1.50215696681883 0.372037443751443 -1.67972688510334 0.227909860700988 -1.37140329217393 1.97615420529744 0.264555548007434 -1.72201971690613 1.51666878102779 -1.07719164818509 0.651131736524321 -0.663029720974658 0.769458359445655 0.822663037037382 0.817632847686895 1.02230526151276 0.507057712092927 1.56592017116746 -2.32332615373071 -2.81767216807463 -0.916222166559191 -0.834223124471837 -1.16078204894147 -1.39820571150532 -0.671965620540646 -1.67700501578442 0.113282114768862 1.13008696957341 0.333277754546793 0.98683501749814 -1.44377713222918 -2.05379303133358 -1.51284670096685 -0.252360769703511
"688" 0.390016403834212 -1.08922695941554 0.333514281172278 0.329186951204149 -0.0437315976193022 0.531530175912543 -0.116530736374439 -0.488470739238608 -0.583520508362067 0.861923646771338 -1.83751414840545 0.0369019544555153 3.15000011712047 -0.58829061522911 -0.0286435705534141 0.536158492552167 -0.15596743580902 -0.365329743287515 0.00180404476478495 0.855499474673 0.324489975086115 -3.15560744975303 1.34804453097377 0.0193651365591559 -0.41400534599231 2.06779083788618 2.30466161044722 -1.11483245356341 -1.34802568258125 -1.50620108429928 0.0270183096635687 1.53543958167848 0.389100527606943 0.370522069945818 -0.289581288535322 -0.502880034321681 -0.816397358833496 -0.206683962109263 -0.675470207454644 -1.23559512511032 1.80885028956974 1.38943475230181 -0.0204577991390755 0.277426403094567 1.75379078788843 0.682632218110319 1.59940749450179 4.11508011005737 3.07909464999451 -1.78843312101286
"689" 2.01676811182362 -3.15728934619858 -1.7965645884226 0.75550303196484 -0.898595997074036 0.483490005516121 -2.40891845349388 -2.53583019073073 -1.73822862494297 0.363217166429824 2.7476150382649 2.53294922445376 -0.200452683370117 -0.514944787929654 1.23905266123755 -0.267166044742943 -0.541307279704061 -1.23474820730438 0.51860781146102 0.299161586777365 -2.99113077937565 -1.10696661335902 2.13487939650516 0.451273465562761 0.147037333372694 -0.0856350811095152 0.633492352310339 -1.89114170343639 0.15856565917313 -1.69975737649728 -1.33441193201779 -0.771110791518011 0.684807383072742 -1.77613503190065 0.348645111256409 -0.365733669832238 0.629401505873444 0.484404759840995 1.13776045093858 1.42186032080087 -0.200168866525125 -0.815703636278313 -0.873924956945119 -1.24773120892019 -0.985169797865161 -1.12703219603636 2.33850438573845 2.89920475272702 1.08510078628569 0.101820718025054
"690" -0.361962939549546 0.951579474037308 0.59636666799605 0.841045016848732 0.324295857209125 0.439960712812326 -0.118075789862415 0.157854614493013 -1.44466048712421 0.61975911809935 -0.279889485738355 -3.02634231098827 -0.440944440519833 3.05413009350439 -0.0622539651750833 -0.139705389656665 -0.129023841225266 0.0326823510219853 -1.14255282444017 -0.51157068248517 2.3792643884915 -0.277408301456292 -0.683856362645911 -0.139976211698703 -1.18661614812887 1.32345717227576 1.63124804487149 0.0939248316384222 0.190176131599569 0.91414428048818 -3.75792812199071 1.07214645116336 -2.45058925263909 2.4658953436389 -2.70199682387283 -2.7372614423804 0.0161971875871261 0.750414548288579 0.654692004938124 -1.01661247422355 1.94400784614386 -0.849902864576107 1.67607076414615 1.30025409528657 -0.780587463902626 -0.551214038582592 -0.98052823111357 1.1198339353937 -0.50903896132919 1.04220452014549
"691" -1.4251421944859 2.4273944436756 0.605727024495379 -0.104431872412311 -0.727764682517925 -0.719234335797146 0.224825074692129 0.511558552943618 0.0232631203999314 -1.84634035255003 3.00397365445235 2.18042757631711 1.81916789515573 -1.5961618742913 1.46427605962598 0.881492935984233 -1.28429998290077 0.658689987659812 -0.108963177458454 1.57754900901613 -3.93474855249484 3.3028015277722 -1.39366773568631 0.144791499071178 1.1985817769226 0.387011466664109 0.119976681401478 -0.426655853136896 -1.3868700434646 -3.23573624896438 -1.00070641620015 -0.993367920510371 0.212335111171252 -1.20839429930538 1.5256129168939 1.32693575521537 0.599195622478784 2.64762627663924 3.08049144082489 0.0401646627946894 0.0890460892790875 -0.21819817524115 -0.773408499252352 0.58371534966385 -0.640493205531316 -1.34998285167996 -0.655583848557806 1.50275175364104 2.08083931461755 1.37413894120594
"692" -0.184669305183143 -0.122266044858672 -0.819864276963345 -1.11951306009972 1.08945623934101 0.968756747489467 1.25778879330912 1.4747440683626 0.553202623829389 -0.365512960296084 1.27587662569677 1.99222451399866 0.320161036916674 -2.19122793152118 3.12782626606741 -0.497414322772442 -2.00817748268268 1.32404281511415 1.65572801625895 -0.468034734523619 -0.121901298610593 -1.91521223739075 -0.512428079977585 0.491029124641696 -1.02510684068336 -1.10433848474951 -0.761977775520894 -2.12003794233347 0.475880352574064 1.54296353875454 0.532533783273383 1.24064707732106 -0.382555969137544 0.887856996828898 -1.48509974219137 -0.989308088710674 2.08193086290717 1.53598586632862 0.29789188051637 0.198163583713159 -0.00236761412620671 0.47480447868125 0.0681954996926473 -0.572103516746806 1.91541603628063 1.16888846666378 -0.443959254264366 1.83708363587489 1.27430760092153 2.12277692346943
"693" 1.65006206686898 1.68780236694076 1.89893084651674 0.615998770409238 -0.740853882914085 -0.0851578333609362 2.97490320361783 1.29585176125233 -0.283013553747553 -0.150270393948288 0.575484754838578 2.18180745047267 1.19065652702962 0.342754404845629 -0.912302170750739 -0.933879644373691 -1.86376814219352 1.18057285192775 -1.08402126370491 1.0955340312804 1.04623004667781 -3.45901329300622 2.0655149147325 -1.1650674335857 -0.774145045206199 1.89485892276498 0.559633576380338 -0.91074223671385 1.9288943419756 2.89436594022996 0.896393661530594 1.2659629414796 -1.1753770219376 3.38111192783011 -2.12285103995569 0.217905388144244 1.17483322265076 0.581859494432442 0.766853646339789 -0.157840028649681 0.71698618299982 0.805413478151268 0.461085853684979 1.5077001799759 -0.0414853948906202 -0.0407684145955306 -0.201035627168228 0.942655350553999 0.710239909223143 1.39286226603525
"694" -0.888485416945215 0.68875455329598 -0.873048476736628 2.38697801555355 -0.712294574897116 0.345983835167753 1.31927758550289 2.32070659773664 -0.58215887602054 1.59676021852658 -1.6505079375685 1.34273279330495 0.893486006894197 -1.17250515930143 -1.53707398975377 2.8146571523216 -1.08879790070218 -0.694845621940736 -0.0297598380345466 1.42999796514228 -0.785115036172009 -0.537803276608899 -1.75151180016937 2.82830578574809 -0.58390089140216 0.218906566615041 -0.473038094644568 -1.81875321501386 0.504168218918235 -0.614394339874816 -0.613698354684686 1.18468255809111 1.33042755933346 -0.0776527010028832 -1.01480552672389 0.685047436671552 3.24739981211476 1.28836388993808 0.187328812410298 -0.447772917485801 0.858585273818034 0.491715083753889 0.346830651343822 1.44424547695471 -0.195522252119712 -0.574394609700548 -2.20740642060166 -0.539875274886753 -0.357854049062323 0.865147257149898
"695" 1.42810999971332 -1.87737796390025 0.572761160429227 -0.137701361806157 -0.117385199014735 2.7331745474101 -1.59000848341364 0.088101075623573 2.06759835054516 -1.74511900266313 -1.46915445568972 -3.48583955036599 -2.72517044796356 -0.993517232863451 -1.18823739704118 0.89039216515669 0.869730748956707 -1.49461836904808 1.45501320073683 -1.42038468011779 -1.00642872287473 0.249757249499856 1.09949673669899 -0.574812184427971 1.39971938161388 -1.04293978993592 0.0899257658857529 -0.962863624272085 1.10224058333138 -1.35558002584907 -1.2287950367311 0.981941101317296 2.03992779263626 0.812972513398433 -2.65353378630306 -1.18287513341223 -1.16809771203811 -2.19797218710206 -1.87786628211593 -0.665026510286123 1.81466293015203 1.74066756320571 2.00073442407689 0.218374524429787 3.86818794379133 2.95567562623149 -1.04106217099646 -1.07507114116279 -0.524992859295276 -1.06174511088386
"696" -0.391939751928515 -0.444655971832883 0.834701276455797 -0.516895635192766 -3.56487203251171 -4.58737640740926 2.11798792286324 -0.127904331657548 0.259372817130603 -1.34370461827787 -0.557857149507762 -0.666841804657893 -0.0202870280275327 -0.0308861400894763 2.82234219999002 -3.26367445377741 1.8005748311179 -0.89254440068908 1.3944959803399 -1.05878148423462 0.147402957670788 0.205757626119876 -0.164036286470934 0.681312925216042 0.712801899542228 0.920520309172834 4.55129119270384 -0.770105808457761 -1.31389784788237 -0.605637338072757 0.869615099430488 -1.99473266064103 -1.55255338575063 1.46401055317336 0.532322152291163 1.04718902451742 0.608409375184663 2.5141598888739 2.71348756603163 1.84785137868813 -1.65940195045212 -0.191415151853959 1.24431959774122 3.02233763571061 -0.297392070196924 0.860238352704124 -1.90015544842309 -1.99716617231162 -1.31766595958688 -0.381755447830633
"697" -4.09912466956806 3.72991296370082 2.58123424759632 0.861133034728301 -2.26443464390986 -0.291998564828922 -1.13013347297092 0.878271770042254 1.27143317161351 -0.514552043731028 -1.82611189299013 -1.17625453973299 0.539355404279198 -0.924835595676682 -0.910008818221269 -0.976417264263175 1.02812239095109 -0.784296539394357 -0.588398021228393 -1.61884695532686 1.0842628279675 0.385393054126748 0.796750033780124 -1.05190611729326 0.252625842321881 1.39835351718942 2.11125202707604 -1.06197011084224 -0.770852391940749 0.508858197871037 2.44362470165573 -2.33068877083998 -3.43709737612605 1.27239000039164 2.17680593268904 -0.387337481600856 -2.98692184796686 -3.44939925741368 -2.30184342724914 -0.575245544487022 0.0647266411018131 2.21953309627779 -2.91210032429939 -1.61531616178595 0.0273949275054952 -1.79805785480759 -1.1542003213459 -0.338115751599302 0.536541481759416 0.466093285322372
"698" 0.427565392084676 -0.451174392947238 -1.77218190541436 1.12715620520649 1.21456566569014 0.149238877007801 0.539470124492792 -0.718796015851479 1.21943347275236 -1.81279947613692 -0.587360961905771 -1.95990721894367 -4.33944579340712 -3.70360946675857 -0.269425864671866 -0.454165228854593 -0.677229202796232 2.39693142300879 1.54884787551284 -0.483651591785081 -2.0517817682177 0.467393443846506 -0.134801892600736 -1.31776594812309 3.7230762945773 -1.89951606758796 -0.879654235311107 0.578108413186175 -2.57103155332885 -2.38352329004504 -1.35411680778311 0.963392278260492 0.0140484322109409 0.9315077651196 -0.528853653413647 -0.910919743302831 -0.00373369850360604 0.933745945835894 0.860751809025612 -0.862759577673845 1.67149120164961 0.682389689706677 0.252964639602156 0.0184050606486778 -0.663213520932874 -1.3973384979372 0.0772105943399148 0.771461202753839 0.315426774740544 1.0155828042517
"699" 2.62751698298621 0.166753335775063 -0.308369275878991 -1.15029032063203 1.58973626256209 -0.626069493482263 1.14062321908894 -1.66050862261009 -1.71504453169385 1.2767706852974 -1.96853554368598 0.272448620046483 1.04158137985301 -0.181788000697753 1.03352530706961 -0.403439926993433 -0.374036163088653 0.0949891692224864 1.76569590545028 -3.05365169293415 3.22981140562693 -3.39764130328067 1.86409917539534 0.496114896477074 0.416260608693105 -1.39933888774127 -1.77503913933768 2.39343154440646 -0.0975494786350949 1.31471939557402 1.37406301566562 -0.851628143166843 1.83123078906705 -2.03965944355851 1.5471198153653 -1.00299221189583 -0.881422760981277 0.687772350692751 -0.763114393826059 -0.116256578101801 -0.813888585004984 3.22850135871476 -4.36799723388708 0.892591184322163 -2.84579787141598 -0.438352215490396 -0.506080646239053 -1.64212338292683 0.668845511216676 -0.168404377978053
"700" -2.60432326320177 -1.02781876392895 -2.03014489332653 -0.746012319378802 0.345862697817308 -0.333700431887142 -1.0335191776356 -1.15267782745139 1.76644023557068 -2.94887715867116 1.50804658963201 -2.1748706825749 -1.43171810455546 1.46768912677216 -0.6480304429273 -3.00280876157698 0.656940652536242 0.865405307233356 -1.27193493548061 1.17150240589749 0.645129405973515 -0.488229052820173 -0.523100036669152 1.79040117038254 0.959629083905061 0.415097210701578 1.36571329651358 2.17379319854718 -1.51440296419487 0.113858583735481 -0.224184885131933 0.147801928750409 -0.677817164279238 -1.23433366248713 -0.621076652187648 1.21639106386851 4.33201011711558 0.0791963491793592 -2.62321416606836 0.534630435181115 -0.815095299086699 0.0898139105233986 -0.915448496311255 -0.655271532713568 -1.51535789849855 -2.13448671314541 -0.934576645006533 -0.724491917554474 -0.25853630692186 2.39684414554437
"701" 2.33077738828167 -3.02921221349888 -2.67353262464139 1.35031010782162 -0.285822192381746 -0.435810360962771 -0.168535759953195 0.28138223085131 0.882101426589972 0.594389224437069 -1.50233819067704 -0.840764403033895 0.42330930829038 0.0976318061457681 -1.04403589172095 1.26068839724651 -0.639573102891807 1.16480133921606 0.483258234531737 -0.625977999559987 0.198795436400645 1.14843817930726 -1.39255270022241 0.0699895915338234 0.631532044500469 -2.34265285502068 -2.50301650792751 4.34318736020728 -3.7202915845821 0.967777542892193 -1.04825015970148 2.90614889780511 1.19752615499182 1.692390227808 -3.14489151605641 -1.34446341912321 0.050378700953344 -3.72385005101812 -1.42427712674802 -0.588921155429386 0.163787006630512 -0.201208840213261 0.189929915722973 1.02418985071827 0.808410387055468 1.0233188648555 2.22018637894078 1.9900257439841 1.77761942414597 0.564594626828471
"702" 1.86272480995707 0.304633467413917 -0.455999691721536 0.245611066818099 0.30318745143833 0.375012140657019 -1.54063642252232 1.62759455088997 2.83887642876887 -2.49147524844707 0.0529023403684172 -1.77190471106541 -0.817464271921078 0.16938159037391 -1.37851928365265 0.744831141367233 0.346833999220984 0.942542700675295 1.52541498345419 -2.00647774544965 0.972304369228652 -2.19279942880499 2.06206297859497 -2.37880412498039 2.78894010153691 0.285061562264183 -1.16896711889585 0.654961806263062 1.3448778576402 1.87198902020977 0.770552056835243 -1.55245407777756 -0.902070549862486 -0.68731503584173 0.428020644303564 -0.533633673912501 -3.99798871044465 -2.70726002346631 0.0651422489070001 1.2919058179505 -1.66025903318829 -0.0153385037211021 -0.976986256952513 -2.09247263018335 0.701038026541738 -0.0805932578890717 0.405488892463123 -1.2024906456829 -0.589042872011467 -1.91752874256093
"703" 2.89098159332209 -0.552199223969854 -0.484988552289719 2.11237373895623 -1.10241347810901 0.90317688560611 -2.09171283217617 -1.3344959141367 -1.16398321579935 -1.97456497514244 3.34360851200531 2.19865485501808 1.10738948930743 0.92647508123417 -0.603844120807514 -1.4556464921911 0.196348933043246 0.931072414039393 0.420482589589402 -1.37155559187531 1.31263929016215 0.185354554123244 0.576792300495385 -1.10586415187217 -0.484671057740295 0.131145627299729 -1.80337943102688 0.940930463364095 0.542309426735819 2.43315593160498 1.07417797633426 -0.651455424700339 -0.485827510921074 -0.49090992743651 2.56170361485384 3.11825349914393 1.73749620059724 -1.01080443480781 0.199957429495586 0.137584457612139 3.72187115455684 1.06982495488288 1.26262786017184 -1.47670189828832 -0.696084163150358 -1.21005400372715 -0.263664631620753 -1.54357833258894 -3.15737922774031 3.25738336760553
"704" -0.868785369909093 -1.64091463714774 -3.10434772472 0.962785919349175 -0.196453799016363 -1.0469777309533 -1.3526410702113 -1.30995174170466 -0.244622160155357 -1.28940167732592 1.67689713147494 0.6366913782285 2.3515982375849 1.34430832558084 2.21757890098986 -1.44461572235576 1.88500057333831 -1.3225385515508 -2.80538313216242 2.27834980343964 -1.70748574833506 2.38694314781517 -1.1688844680936 0.192056010997963 -2.19447378235009 1.07540088515294 -0.925122755585818 -0.641718691581404 1.58816179112643 1.41063904612414 -0.84267551374696 0.629043886187066 -0.409876382972758 0.293323497537575 1.13075839757934 0.784827857698845 -0.169874363271187 -0.525539435568601 -0.511412939167991 -1.31959980736782 1.78963335514463 0.872038797093221 -0.749634831878998 -0.669836606178478 0.186220172259903 -1.42873440893624 0.563775876155271 0.95573348791542 -0.539668890188637 1.46403342967621
"705" 1.63343307885677 0.362683853763459 0.227225775340898 -1.19549182550385 1.64796675340682 -1.31050588080122 -0.537320927451237 -2.65240431424054 -3.05821539443668 1.13756367622778 1.63716199707737 1.13365298638302 -0.500849604303273 -0.68006184938529 -1.46802279088588 0.384344766354921 1.66783344499399 -1.35035842543274 0.819365218944496 0.173344755489246 0.482471773533566 -3.47932605979645 1.15003940412166 1.26234663341868 -1.61855761034 2.3453079840738 0.404836849755225 0.210563015058073 -0.00680272005211771 0.562811632964859 0.610183652719252 -0.913158206703144 -0.601572103778196 0.19779286980516 1.14055292176865 1.3209625005464 -1.20100567487651 -0.382889831588671 0.586842256205001 -1.14362032060347 1.16833217777008 1.18478105148728 -2.64006929363473 -1.86376479736947 0.100612366730812 -0.40292953054918 1.41778576212195 0.816078902074851 -1.45991882797909 0.0138328772398201
"706" -0.119032461808385 0.423385036116652 0.850366513846571 0.655154648852237 0.166758704979403 -0.588801076251973 0.48848917858362 0.201347744413347 -1.02225360860512 2.05988834964572 0.347748495636215 0.457340261827256 -0.380309410997189 -0.0925252174872845 1.63275770559054 -3.47925065847523 1.15073884166214 -0.666684422753116 0.0293396637261336 1.14754026930169 -2.98961569436373 2.87770703979828 -2.34629456615738 0.384779458024271 -0.255077781360045 0.837109156890365 1.92122722936757 -0.197987504465608 -2.32620016392364 -1.16963169552384 -0.213213783965777 0.482824829088288 0.65804579559168 -0.679965394222853 1.91233727875975 1.65467130876036 0.707714985327317 0.703469455685829 0.0609672663264112 -1.65401633294585 2.18410821621117 0.0146647090653616 1.26242089705661 0.672905737803776 0.430258716152217 1.13460752673407 0.488597914995298 -0.102626371123386 -2.43398697955259 1.8200466391596
"707" -1.36706111457644 -1.23673104441091 1.21711066678237 -0.388785359188728 0.663049737513972 -0.110905110477428 -1.03662171694816 -0.258097401297794 -1.1734563473679 0.648683314904428 2.54849539025009 1.17257338497118 -3.40014098659235 -2.33839578437858 0.625926611402239 -0.0447443748188296 -0.490669058183421 -2.86711605153267 -1.52856880444941 -0.125779186567131 0.248344814293812 1.01880713219207 -1.23275812778031 0.985743116253678 -0.343425611372632 -1.20918975939083 -2.33685707595698 1.00007836502192 0.643124835716296 1.48239083661494 2.42076701777945 -1.46666319005954 -2.66098410630184 1.00941737580265 1.88992675874119 1.36902525977368 0.0840243724582575 2.66693327440241 1.25586616774878 -2.10714403188387 3.2502541806423 2.53898461263619 -1.3873351526839 -1.76693568192695 -0.0471549934148473 -1.87501090553231 -1.78397278169035 -2.09510380636226 -1.34780646598142 0.0473792806817799
"708" 1.95829656253166 -1.03059074813892 -0.604820558511921 1.04679936346437 0.0378766233452238 1.81082171049654 -1.14931494423801 1.26738571783555 1.02750298884683 0.666932003580793 -1.68963813005553 0.400905667394236 0.601169676706227 -1.30060642314745 2.69222140595072 -0.439205374003087 0.732576812138323 -0.554371144076613 -0.553890740021063 0.726223028303054 -1.69911182468079 1.19084616666973 -1.1731923113733 0.899910460800942 0.378440853828042 -1.27673330321106 -1.34922528085526 -0.16643348263918 -0.461238205954512 0.86820529299568 0.773272850318603 1.60226038097295 2.99313314797525 -1.15849014857724 0.520603952107477 1.01348048758703 0.257757258470819 1.3820629877706 0.49669892832108 0.955185937973835 0.854173761232654 1.22507176145461 1.50691260775672 0.724935026863182 0.609365830193174 -0.213300947913264 -0.74300305556051 -0.347845576256925 -0.551073807099588 1.95069328915761
"709" -2.89753709094439 -1.02233839765336 -2.42159029122972 1.82447560696042 0.197485159306837 1.6983595414782 -1.48265408913951 -0.464867184405667 -1.1992665793139 2.54180579485605 -2.84701085971616 -0.831110076445685 -0.0944857540840783 -1.38932967261233 1.45269187258532 -0.141125354388722 -1.4308335691573 4.67530580989945 2.60411871377033 0.864231121087002 -1.84464725171469 1.75643335954117 1.20875349034282 -1.86857445626198 -0.390486868213227 -0.0143890573397342 0.0332839312323732 0.758251518753343 -0.612125933438443 0.572382232446014 0.623472114407719 0.472347718792082 2.37081279093799 -0.52280528617735 -1.81959138993179 -2.15989609979567 -0.315032490112538 2.142610611836 0.441370292534135 -1.98970896058408 1.42070637919192 0.486332365056214 1.22752386425739 1.08812415949126 -1.12620916120482 0.0975765347480683 1.01599653946594 -0.412649618903473 -0.711575109561987 1.34186743010239
"710" -0.624696553913325 -0.907312155203767 -2.24333939673359 -0.226245161630767 0.181617153729194 -0.967366023949293 -0.352180270742738 -0.61798773265154 -1.52847215823967 0.899687239684619 1.68892944669733 2.76339132179418 1.79554698298754 -0.383531765916937 0.757984946291221 -0.720406928695234 0.734104510779751 -1.69370201266622 -1.12691223472529 -0.491186135833008 1.40587875441671 -0.227930613402217 -0.560383880477698 -1.17102953788631 -0.187121894353561 1.51944546170166 -1.64069359165336 1.53085469379881 0.277621233627348 -0.23732130445956 0.687849818087498 -2.81395186206329 0.997554143362973 -0.0199360998339809 -2.62207969851848 -0.626444623048127 -0.31159050608946 -2.70373256076995 -2.19579455674631 -1.83584392396296 -0.544476213993423 -2.15128366258523 0.129381792791279 0.81079669866335 0.25944717877643 0.555750891741668 0.634007862446292 1.49455294519487 1.31947420932055 0.496135382709032
"711" 1.9849832564024 -1.11425840780254 -1.06969250630332 0.475251736669908 2.56395937221462 0.706827406320679 0.838309945765966 0.192902581214137 -1.76189582296964 1.68885970587727 0.562384584001556 1.30716319830967 0.527886987452626 0.966745956602331 -1.34830942610077 0.609533414915622 -0.155471863593407 0.0167552207853056 1.71113814994476 -0.962217181886212 0.878147967158811 -2.03803819233343 2.04494220325743 0.311889519432468 -1.40931495200314 -1.61124009719816 -1.23200335396073 -0.632632186368829 2.10143778661519 2.65417489477341 1.01134744086612 -2.2742948200154 -1.14670140196851 2.38714722602631 -2.90812616454801 -0.594207852345356 -1.10477724728719 -0.0137381295294725 0.032381774817397 -2.3420955420384 1.55832804464224 0.39080978770885 0.363134645259559 -1.58800832116582 0.988986605926976 0.111737929089152 -1.1567962934955 -1.24134590366301 -0.0253599454473256 1.09992115605712
"712" 1.00530313361488 -1.42075003335324 0.662862197835649 -1.6766458251828 2.75180420141143 3.53898571269717 -1.60617184928112 1.30182178868115 2.14194241049432 -2.05101803794904 1.28879024183194 -0.774054971807707 -0.766378059866251 0.378067356188169 -0.858744563293621 -0.492319189153511 0.254908423256983 -1.07011012436385 -3.35899431280202 1.16036476542791 0.499589945077113 0.841854198835996 -0.72077860328367 -0.495564529595969 0.462815926002789 0.743759116218042 1.67324835412417 -0.343883373759675 -1.39447615622724 -2.93767552695413 -1.90304602507374 0.30970332657759 1.26319025652021 -1.56072086809023 0.203968174975989 0.421299741107067 1.45735737212785 0.105642617283367 0.427946776212957 0.484607404936221 0.0332696271808424 0.519872452381266 -0.751582773822967 -1.65793352753185 0.377863262466303 0.500955563610075 0.494820408111611 0.444284752122482 2.77962571360837 -2.36459777463045
"713" -0.552327380095465 0.495163256395837 1.04345397453951 0.823087632589194 0.752330102997549 1.1135084652099 -2.30576124079586 -2.70625909025715 -0.315509601700225 -1.95643794689762 0.0226402262149894 -2.24893266631913 -0.217463179901433 1.33667416465215 -1.81449389307566 -0.114267958081317 1.03131024671904 -0.307452539004023 -1.28583165532936 1.82794257554109 -1.01821690075622 -1.97872695783927 2.05076496337793 1.85823023318976 -1.89891063486627 1.08808101835816 1.44098880347818 -1.76910569944147 0.275460952555728 0.685284637560843 -0.812018027978641 3.02529111369332 -1.47837756711312 2.18795542595628 2.21429483490776 2.66001134717508 2.46070173048604 0.631036459742006 -0.890255087288171 0.209399755229935 -3.78736145117195 -3.32115847793915 1.78498447985542 0.588610155958621 0.495632944942566 0.0106814457081525 -0.0280451323343666 -1.0861345173742 -1.38763184900075 0.698024831622031
"714" 1.0224845019063 1.52810266855522 3.17235889420618 0.223957445037433 -0.358034192817034 -0.277417467459709 -0.481584010740076 -1.87311186899932 -0.107685550409294 -0.58243076451838 3.07199275624156 2.44851952877087 -0.126521154262867 0.555717617020504 0.660545519836244 -2.15946584332101 -0.199545801967338 0.531022007976669 -1.98161047871386 0.798139359730337 -0.0515114466636178 0.478914654973891 0.832796323412136 0.965971104729815 -1.0905843170605 1.80442402920928 2.5071825891191 -1.18265609672415 0.758260807901193 2.49333403449494 2.07913283924253 -0.499886824495547 1.40420077107229 -0.530188533736542 -0.609170422084563 0.920486824399398 1.76128864658697 -0.860761876705587 0.864560238733539 2.57640850757807 -1.37893147559939 -2.34906265304129 1.57492026889299 0.519215633016673 0.110022324927379 -1.63740528358658 -1.05645235589679 1.10177830713454 1.20015287144585 -0.54052039594147
"715" 0.640257357987063 -0.839764348663727 1.35597108505802 -0.959572591452768 -0.747533166469878 -2.36664438612834 2.88460914491435 0.4885306445568 0.843080535952905 -0.389967084337405 -0.960227862864007 0.00904835975028728 1.51705294207613 0.125007780201982 1.40945866280796 0.914191181943428 -3.26895414356891 -0.098707431755625 -2.30337503758012 0.962346084741163 -1.71783626237367 0.025293380038028 2.78472007202008 -1.03530157657001 1.68432822842432 -1.70308890275094 -0.651686404212721 1.30037974762268 -0.437465682140107 2.3102919382739 0.786970073186939 2.92183094258697 1.52121707170615 -1.59246844594359 2.21139137498789 0.212305340310891 -1.57611773361554 -0.752433922867907 -0.505852522938168 -0.188249166064605 0.131640002988863 0.600250862116193 -1.13987023493053 -2.09704517873921 2.4098067212217 0.243138388193816 0.847070073484115 1.99703301251107 0.0368477538578352 1.00016257849187
"716" -2.03398746276449 1.12661554214654 0.906936635957091 1.10120235693619 -2.70972295420654 -1.53734368599063 1.23620256853193 -0.717263408626775 -1.39006202411413 1.86196221160656 0.285008111027245 0.628518003154306 1.95165429012223 2.65475890068044 -0.609809611355101 0.698051012679809 -0.936777215196713 -0.335098382642381 -2.34982557566978 1.56896329060251 0.776028423968366 -2.52090582542257 1.54200398875031 0.136195728588231 1.54257989834112 -0.673098779625234 1.58847137081812 -1.52074172736678 2.78915290462833 0.597660459192709 -3.49890396497782 3.58594785133366 1.70833905450513 0.999339646655116 -2.21585907400623 -0.442911367740188 -0.744925761784183 -1.96389572542724 -1.86520257921736 0.621191443089597 0.882167886215588 3.54290837698648 -1.06072740606421 0.688410980146284 0.568057636292607 0.706939286029273 -0.0470019749478341 0.0941482009345147 -2.44427370737193 2.97655936207187
"717" -0.0186245415309228 -0.883635622112813 -1.95154325541995 0.706947647330193 1.53019897094355 -0.239791730740011 2.63315147516342 0.762854669495688 2.40023055573884 -2.58901241698339 -1.43907113156179 -1.11659456874964 -0.419577127159944 0.0921676389092126 -2.60225931377965 -1.27489560211996 3.0323987442192 -0.941457253565818 -0.295805850270291 1.49312349751148 -0.52933808601811 1.11625759994922 -2.23695817891019 1.2296600443673 1.15872332083657 -0.441007762092535 2.0615649773638 -2.41437842575272 0.793865195466891 -0.837026743987491 0.0730534525096648 -0.690279187210169 -0.70657516606037 -0.382372268005509 1.38713385989295 1.94358762841302 1.10158801819839 0.606989469700941 2.26461332548834 1.77828038766583 2.19402597709024 5.16082153276482 -2.13049743502048 0.732169777302488 0.0560396136372996 -1.04590325584052 -0.29116489531342 1.1803724583084 1.26965977194305 1.27385010767043
"718" 0.51739411341349 -1.22483465876261 -0.647991826074674 -0.869029618682132 2.1987801179092 4.07296656052592 -2.96561236795802 -1.11841528015063 0.0770213733138388 -0.69410461188979 0.617772994217944 1.47642607650786 -0.320547346348828 -2.33973016479919 2.25716714739791 -1.12842141808595 0.297428791264863 -1.75349325302804 -0.777433863516872 -1.4574148509321 -0.144948198278348 0.419014154360991 -1.54996046661477 2.42438957674998 -2.5319276225841 0.832408013799647 0.317162559907929 -0.26740508317954 -0.441106172236615 -0.136894962907756 -0.680255037991669 2.31831739511305 3.13244087000719 -0.971213187234337 -1.44206863937222 -0.0915063897848305 -0.627395451742043 -1.1584963148677 0.0771661743007831 0.732331789438067 -0.0736035908071956 -1.04024606490762 -0.0333185353751553 -0.29243749390734 0.251844448512601 0.28895711948552 -0.247918068887892 -0.711391197355443 -0.847144282966959 0.784513489959821
"719" -1.41434675197447 1.31631140148677 1.67027691577931 -0.109758446460164 -0.112216453206106 -1.00076128476247 2.7429398516785 0.800015049915351 0.148049450255648 0.12698047064379 0.232681486094001 -0.481806227584648 -1.33150446522278 0.0536194558306327 -0.845108184908398 -0.954160352568899 -0.372587719700639 3.20587685787416 1.69645788431561 0.855128934719634 1.19058627213295 -2.37790647636346 0.955163559889766 -0.729113287718354 1.70169249147356 -1.0786158341563 0.0495601038477651 -0.108173972227273 0.281081397749031 1.05023372823485 0.631633037803445 1.84001462090875 2.65196354299928 0.306692411558665 -0.214046763020028 -0.863968912281124 1.40043219237949 1.61935407467965 -0.939157507431311 -1.52386178036596 -0.494603693447683 -2.80709980556596 0.467678532219579 -0.885788307544113 0.75262175253276 -0.527908717770239 -1.67189198028542 0.337374555050265 1.74250598833864 0.860556485313727
"720" 1.91494347588384 -0.814467087679571 1.85353284110743 0.585574519343874 -1.99097482075422 0.732503434491879 -1.18885601822324 -0.270208265943585 0.670661796548267 0.166757542432221 -3.33994421179567 -3.81196334208689 -1.29926507713191 0.0818902352353017 0.275363643163312 0.389636593918362 -1.84433773991858 0.171505663791051 -0.938242648289525 -1.14504249248742 0.276560524524102 2.17889062811862 -0.593731727546354 -0.44988013565665 -0.338883288095779 0.208342327637214 -2.25304163002973 2.21549898299676 1.65284897881876 0.357570930542388 -1.36828131928778 1.53605535994829 0.403831982900449 -1.94447282655436 -0.122545154814785 -2.1372163214534 -0.904498204602222 -1.94054387301149 -0.505007897365484 0.173375552660395 0.705237871964357 0.992135135023478 1.40946229228202 2.46776337486429 -0.234531274546754 -1.03333166766987 -1.2841248769618 -1.91154763408386 -2.00514238030778 0.994490308734725
"721" 1.60024005174215 0.841875047709058 0.55355130130518 1.06204059382675 -1.51837127236041 -1.04921646495483 -0.875811369802102 -0.537262042713124 0.875570999496994 -0.141332469506838 -0.908307452076475 -0.267323288158914 1.05278436579898 0.126863176865141 1.82140139402614 -2.02066796298045 2.38675226573403 -1.67362846513163 0.762224593292828 -0.576391461082444 -0.989083939226111 1.15327527157571 -0.346865234511864 -0.0279701942557254 1.29853280325612 -0.697604076114664 -0.182186193716962 1.72251699391434 -0.149954814823514 1.12330019855741 0.917631571775963 -1.88795581802841 -2.20314059670996 1.21907063392147 1.95836447731437 1.54059503772588 0.334411805338521 0.111579855578662 -1.23378146880335 0.0393426001874584 -1.33006697155264 -1.03309971440147 1.31578217635253 -1.00235723846113 -0.883985307630073 -3.10798756743322 -0.754501507472957 -2.1382884705746 -1.72201998527707 0.349991655825698
"722" 2.1993025838233 0.232811370110603 1.36035312940876 0.602900118427479 0.0684663269868903 1.7619649143062 -0.311261799409448 -0.663783859651756 -1.77061968255897 1.4165494599226 0.8093600565965 0.107801370107517 -3.07000095489484 -2.53217980524588 0.345803788221573 -1.09945849252978 -0.234062611331114 0.329959153441773 1.28210312172424 -0.164956849696136 -0.633274453968447 1.96700558224427 -3.24223285133666 -0.0637187780712921 1.65814558761355 -3.36499514418608 -2.64566630042112 0.813836611808623 -2.86293189415739 -1.25769779933833 -0.726927132364326 1.9239299374193 -0.436093128899552 0.743826194336331 -0.246186219541148 0.916562722589402 0.622660752311132 -2.87073104214205 -2.36424780123345 1.36949146052396 -1.27832784796748 -0.0815611356980657 -3.21440569392477 -3.12098860645226 -0.521444361092386 -0.266896624178829 0.730378131951504 1.04882891092898 0.771726099612394 -1.01326117485688
"723" 1.67081775810757 -0.369218704798972 1.39145704775598 1.24325807150122 -2.1502663909375 0.244366090273697 -0.326425759053175 -0.0846260618986117 0.2709367047565 -2.02053055307217 1.19954837744167 -0.840297045730614 -0.976157516902894 1.02418674886032 -0.377171593086918 -0.452074049741273 0.897551594694977 -1.50121191474219 0.981319152421246 -1.32343519354101 1.46330500617348 -0.55827467346042 -0.0514276350617493 1.41057576951745 -1.91735087543603 2.78802165042886 -0.96069517225054 2.68246308316847 0.866251432969989 0.877526649381284 -1.89156509626994 0.822867789788611 0.935583972123814 -0.115471787189249 -1.4052256482138 -0.194594182071464 0.142825341280764 -0.941210049492917 0.931221017523281 0.163147370960667 1.02865732592257 1.73679684776542 -1.34516080530505 1.29523706340576 1.07927957126313 1.91350602837911 -0.647818387331781 -0.420703724243207 0.84647178375532 -1.95761472841762
"724" -0.777547412535572 -1.26798947878619 -0.273142231798536 -0.434964857237997 0.674127461512283 1.88827469500885 -1.04685338527857 1.68720116568063 3.50461347399647 -0.462221668639783 0.153514607061001 1.77273162833022 -0.12532853343809 -0.871083038423468 -4.04450067635747 3.66464984689399 -1.00080396496366 0.0464683330817043 -0.276207902754695 0.0285784950952292 1.65542642773714 0.258531224907674 -0.68360274490372 -1.83023733645173 0.197551736312345 -0.394171378032168 -0.0560332835072139 0.602249429003818 -0.149615112820161 0.0791707232385354 -3.70137836227483 1.64353681843045 -1.51684219825818 0.761013865812707 -1.43553490279774 -0.332017307812477 0.0879151380310242 -1.85213790548813 1.17351560225478 2.88036878342703 -1.93285320162987 1.21595334643838 -0.625888905868428 1.41974094843011 -1.8731300505929 -3.55856604197532 -1.48075804522107 0.950503191345817 1.80876413923991 -0.065383616376974
"725" 1.94799747617402 -0.00575185991402484 1.52720543685336 -1.84434831495656 1.56709150996545 0.545650608053512 3.41336205889389 3.12398561827752 2.10139573276082 -1.16508974795976 1.00481605454629 2.59469414777195 2.61808334801638 1.20193605614139 0.478358538516149 0.380490168200536 -1.84078208727924 -0.193460696982859 -0.227397501022852 -1.77854801631873 0.640932677115646 0.0364905909108256 0.224337053388777 -0.0532434667123573 0.02243252236204 0.759052746624109 0.34797163457021 -0.0938468016189458 -0.370766317693924 -0.720062911463241 -0.532602967820779 0.707593677185503 1.19379029719921 0.968875470304341 -3.06938205293109 -0.577479991588063 2.23947077802445 0.666818733684189 -0.10254413351067 0.164912395087238 2.04071764792972 4.89395019806169 -2.20867058175907 1.06722783295361 -1.21080602302017 0.512414240310683 2.1914713955233 0.325676185695371 -1.10476956387021 0.428072727977235
"726" 0.665125989773498 1.2011251374644 -0.659696216319279 2.65704826795784 -2.40950912619467 -0.734186202453651 -1.03073510164418 -2.78649786782493 -3.04406716653422 2.784697790314 -2.97820106159473 -3.26494010482207 -1.7658030979932 0.385535542733937 -0.478019450559279 -0.882239366457963 -0.0994962807103478 -0.581135787419464 -0.751653220953795 -0.751594922647795 0.546645392020509 -1.2734072014894 0.425978353401982 2.21372900721423 -0.879026611289218 -0.938734793265443 -0.600924578330714 -2.57803091977465 0.703409905127975 -1.25202066281252 -0.255780267720151 -0.66544548098152 1.12836824058753 -1.50160444919473 -1.33010265559771 -1.48041488515747 -0.151313996064247 -0.245073465100437 -0.217993721719919 -1.47103339204434 2.24234040261344 -0.62176447087152 0.162568874231956 -1.71240841400799 0.966353448079751 0.577335238481537 0.179892746602149 -0.0791434738708382 -0.902850619379515 0.0484966055123632
"727" 0.972361256487457 -0.968859993858544 -0.879162879784721 -0.246186132975152 2.20495725465927 0.508491786722721 0.799542167472104 -0.178954163525406 -1.08003937416951 1.63943511435893 1.00123071957579 0.837473079881788 0.454049738426007 -1.42198849187919 2.59681103907264 -0.752231921616008 0.373089430432771 -0.334457604278916 -2.13838051435082 2.13330755404293 -3.12737123629253 1.67454337143896 1.49698793918719 -1.12389859688006 -0.486271035811372 2.3661904582897 2.65358495152559 0.045936523872215 -0.650028724851453 0.377497401951968 -1.06623681757562 -0.639750754460122 -3.64525612277657 1.27801184533552 0.135118301138056 0.722209637850165 -0.428656173697721 -0.337356380323668 -1.18445828675379 -2.71825088210235 0.66167633164193 -0.762193997320461 0.398582275618993 -0.966988771167438 1.70959724616263 2.49308679442003 2.56454410227541 1.12725056345818 -1.02852572117937 0.91097799445925
"728" 1.34265479874338 -1.36952457866434 0.988669534112187 -1.06686758232655 -0.22376186130177 0.162724575391068 1.70896091543918 2.11228265772062 1.27209965849811 -0.0215763868411507 -0.435868044911348 0.418720207845307 -2.6320727920939 -2.02907910348206 0.0342078084802193 3.31234754255223 -1.3041002382109 -1.75995418564758 -0.348593453405269 0.080460704975716 -2.78788617610133 3.40822674446494 -1.24399589679982 -1.01492285795903 2.4044111034925 -0.753820230884998 1.00961443093694 -2.08146718076075 -0.277141892823248 0.387332580402443 0.821366128981172 2.30572482640618 1.43183351230034 -2.13759843286002 2.73176457710402 2.67718876942201 1.12779005527052 3.33442281729402 1.55482577170591 -2.53708754240617 0.411865996942968 -1.10066378560484 -0.558153221918175 -1.58580905333496 -0.0442904388019388 -1.38586079335556 0.052393820534224 2.2447102827458 1.75538411786134 -0.475555909792904
"729" -3.56504201383683 0.807663568612149 0.538994239765603 1.06363416646237 -1.97033364946847 0.264201838798657 1.45630529548289 1.27169208171566 -0.00726935407382463 0.851008261647131 -0.715027696104143 0.802834967643501 -0.752055869302703 0.282882617055908 0.291279321155257 -0.137088434470978 -1.27861331634583 -0.581885057954856 0.392864630002516 -0.166216781098722 -0.980643186731764 -1.51492512355138 1.30267835424892 0.62506446304827 -1.28192570620189 0.272448101166309 0.676572663303741 -0.367183695924982 0.651194271159222 2.39674749285993 3.1475393433686 -1.52018536798811 -1.25085571830054 0.91030772986451 -0.0178771870349901 -0.452141879136683 -0.908766304592943 -0.495196509470648 0.0144963716797669 -0.586263304822347 -0.462886890617375 -1.1798700358914 1.0354283619677 1.63408248648563 -0.267320102955555 0.131447528895161 2.79080798982843 0.657515881861322 -0.761939282954105 -0.364246798483479
"730" -0.894489597919074 2.24272654795522 3.27588371804829 -0.98294801849705 0.426147994110665 -0.203929058914202 1.5859870031425 2.19858474607647 2.25372162943347 -1.30447346963004 0.613952757874901 -0.772823218559855 -2.59741676697779 -2.44399339401927 2.17552198059947 -3.37409418783583 0.729749742101837 -1.51260866268347 -1.26159769645424 -0.0413499898766684 -0.545524455913525 0.829204837898741 -0.4053355312025 -0.135073063078244 -1.55252882210738 0.774455603097512 -0.334224355999789 -1.75314509138232 0.227914397346746 -1.3715188680038 -2.4630813733978 1.36349430112606 0.0576584854873236 1.30309531203067 -0.845099494058441 0.457499107846138 -1.31439866675776 -0.131095368885936 -0.282299751979451 -0.0459777673309921 -1.89363010951836 0.626365943012404 -1.1379986469269 0.0685863281653253 0.105208646296092 -0.491735020710906 -0.751746819600055 -0.272902865120439 0.328199503243777 -1.30016622851649
"731" 0.404280635278877 1.30541744673571 1.03043881889155 1.1004259973292 -1.82697270201984 -1.89660573862518 2.18499380481077 1.9045333153444 0.279202897556594 2.21159539940365 -1.29584887757541 0.648816603501478 1.49907090711921 -0.404104855107446 0.609645258979909 0.456461728182069 -0.587092910195546 0.0197489056704585 -1.04264369949026 -0.554063120408825 2.14019346207073 0.747677653650065 -0.737112565526986 2.09885703555333 -2.08898320387283 -0.620448836920789 0.926630898830108 -4.05678755868289 1.99373499616915 0.520257760790539 -0.91957100997293 2.86512289715 1.72183701908375 -0.645845225974558 0.873184089234586 0.152665013513992 -1.69913551611699 -0.901395021320754 0.759836822993228 -0.492540060625115 0.924191992422697 1.40289359123483 -1.12821796757649 -2.35680099765196 0.856389029003163 0.935385240784801 0.715536530362715 0.78808850385891 1.63635076789091 -0.0014421287032585
"732" -1.56828553815525 1.7628762533286 -0.565529165664506 2.87524849869588 -0.583533666265741 0.807590106716476 0.123001796432548 0.213350755067622 0.0673220793531451 -1.90731668320282 0.98584712671057 1.00444099475652 1.645654813869 2.36105406495201 1.00462805666549 -2.30909098247296 -0.0741737194758582 -0.433620519534702 0.534534406704135 0.203985704044222 0.0518898201284387 1.46264337913609 -1.49133378120824 1.12834897128706 -2.78230626136092 0.388411877444223 0.611155896387262 -1.35313068514208 -0.687235484620974 -0.620139016381952 2.22693572642087 -2.34335204402459 0.46613405574168 1.5827733691607 -1.73986120381345 -1.58472129259168 -1.01800252638511 0.969796574962416 -0.236788355825513 -2.46378921107162 1.43150981241249 1.66132157110194 -1.7955610001255 -0.66837692853225 -0.0557874965045731 -0.00769964735592634 1.01929426218104 -1.0369392491118 0.279379705196722 -2.64913680216573
"733" 2.33505992801791 -3.40324650512362 -2.69592590709249 1.71841139763158 -0.1513136906265 -0.934174831344737 4.04991885688833 2.83616068765132 0.870480618274133 0.554072636540764 0.148883633863362 1.75548882343567 -0.483719072355024 -1.88546128137218 2.48382104026283 -2.20169036750573 0.217105946356623 -0.778718677210881 -4.46315347530225 4.11912899110125 0.659905846383886 -0.619239423611092 1.35928018961786 -0.0451290038283772 -1.77064423462104 0.818808910902896 0.567384848799419 -1.40271579440961 2.88855928111296 0.469167867179965 -0.872531269105096 1.621636331021 -0.653344311464704 1.44379857682478 1.36807123360002 1.80034711082238 1.06308419378108 -2.04069099683535 -2.42509409898969 -1.66780321774169 -1.10902740894716 -1.39263726228749 -0.186730325303734 0.0719072233646432 -1.32206379999736 -1.44011912741478 0.884890941775596 0.180547479515212 -0.998080992785076 -0.865138978575304
"734" 1.19285811038068 -1.11205800010535 0.703386371230983 -1.7781346141669 0.254645074054393 -1.90661740756956 -0.140327794097709 -3.12508112192146 -1.07804449363297 -0.704829238100914 2.20208300706625 0.785363532220959 0.761802571137163 1.96768691653341 -2.08099677195078 0.739315778869441 0.451300311853279 -0.525213222744829 1.18983738369119 -1.59249067667816 1.50136561044656 -1.4351567393888 -0.468905824827111 1.96486431933094 -0.0783290216618735 -1.0126856239903 0.567439985618725 -2.41183474716 1.02487623231978 0.405843684380761 -0.779113953879501 1.54915181438053 -0.703012728971843 0.249781149692422 0.897789281375961 0.281170123029385 1.20895869329187 -0.434309470802473 -1.96692139820538 -0.0053015384008753 -2.29651688986429 -0.186514982924511 1.35091784885235 2.20366686055437 0.479172468980119 -0.240572608221896 -0.0968832136034583 0.714583798380065 0.555645638579193 0.516068798749306
"735" -2.88354786436929 0.163671709508659 -0.824157709301514 -0.0361250425849056 -0.862371352729698 -0.544013509682135 -0.565059540418057 -1.43091023928016 -1.34913934711381 -0.899628523742752 1.93092251086174 -0.00717372137671748 -1.02723687071882 -0.545370513479276 -0.531177839734394 0.107288932326923 1.09476465896451 -0.91957575931565 0.702962514400933 -1.68651697007033 2.71350481429787 -2.7557485476134 0.361861533829526 -0.00150144789881337 0.186107584787765 0.96740517740445 2.04462854434943 -1.7313779480551 0.885853144569675 1.81810527013273 1.1536590420468 0.274610415554923 1.07630792277229 -0.280649472317952 1.59354518678705 -0.174601796774124 -3.00942134432024 -0.908396171279168 3.30751976616402 2.82491451891269 -1.93496544710932 -2.63017360902655 -0.0620557901671008 -0.943239294871492 2.68252830773301 3.09534317513017 0.453223594709259 0.932496584164783 1.52117746411128 -0.0530945465416852
"736" -0.000704140392348688 0.926723606912844 -1.73167048206189 3.02890154692603 -0.352715470228454 2.45163269795571 -1.8525451211286 -0.0359687711652339 1.25876109203273 -0.901776004484114 -2.08506023457498 -2.55274965080297 -1.44281448574679 -0.409824368028743 0.78544047030954 -1.9073278190322 1.94358486292603 -0.190834997936451 -0.203982617739852 -0.282378924471309 0.620192735491776 -1.18836344064851 1.9274857443587 -1.46163506198851 0.0668081043372993 0.354689283088178 0.807296684786738 -0.0445468986651125 -0.762707347804967 1.08097028929759 1.21050417580283 -0.140049930880204 0.910177607215345 -0.491764922836503 -0.154869994198314 1.70177792402427 1.24559498896261 -1.18306518555947 -3.28106740645951 -0.398422322459969 -0.648805566383456 1.99144632856822 -0.066142662853284 0.34577870851909 2.34718896584172 3.50979961545946 1.75193039932403 -2.14187372261059 -2.60104023912911 1.51156533526028
"737" -1.6965649608865 0.904258280932375 -0.501644209678624 1.23593048177 -0.74451937031298 0.0713858522458563 1.19741776546538 0.0809974869411001 -1.27369982650535 0.340205587541314 0.441895166453121 -0.4279449187623 -0.745937358240612 -0.627449726291178 -1.92240301003413 1.07871961837316 1.44046167299148 -2.07054191169502 -1.46586723584974 -1.1576819460938 1.69316381698452 -0.257541373872385 -0.020611149010701 -0.634388714775752 -1.90370307916938 0.538074323386 -1.35451094165479 0.911031126087134 0.250661071960891 -0.955726269255509 -3.48558138179479 2.5133031073978 2.04521750016461 -1.80342965516315 0.134830543616968 0.203458414330162 -1.29152914013429 0.155762964009983 2.16995079795818 -0.795912504932884 0.937944255852733 -0.511184527339123 -0.822132415862174 -1.53331503567975 0.719601098712609 -1.1513452459829 -1.03822978575654 -1.02240837147563 -0.252710959961249 2.06370812533951
"738" -1.52723274726471 0.812519402942156 -0.0757674381524232 -0.860043129736099 -0.502277533230833 -0.322574870768221 -1.70207617851948 -0.551690473507425 0.491932923272818 0.65064800917018 -0.256340907470414 -0.568564780426548 -0.203913176358387 0.0582767980414933 0.0777790836632833 -1.2366842425669 1.55878178989532 -1.01002195324696 -0.672590555405481 -0.472147853885873 -0.162811301894906 1.39194175081033 -0.900425419319597 3.35362053715827 -2.50996256678151 -0.339675725342839 -1.56041893854167 0.782972744189569 -0.648042214110763 0.218412291051558 1.58094864651618 -1.15337978460122 0.361812889045585 -2.73897966027039 0.581979007952618 -1.30041329456762 -1.30603432197827 0.145119092371895 0.523305296793195 0.855870703873695 0.990875943402452 1.90114378076861 -0.823203752706171 -0.00637059908231829 0.202673590663817 -1.35398563181365 0.592664899770394 1.51529317576874 2.26165689158968 -1.57230971092652
"739" -1.05410318545542 2.64635510925634 -0.210359133745148 -0.681838993902254 1.68855026578904 -0.868274249655729 0.988729627673799 1.13672039703956 0.690455760359032 1.92402606669194 -0.510732731158632 2.01376478454952 0.327900150619862 -0.41678049079714 -1.5658015300597 2.27531452738766 -1.46930450981374 -0.061371219841543 -1.20283352947502 -0.129417767220216 0.770080013403795 0.0782084421561323 -1.25826765607734 1.77223639871203 -1.32981567568242 1.12480400722384 -0.427506946149749 -0.109955109524872 0.535785197517012 0.588007030566112 1.38003419876682 0.103275304443009 2.42333012518978 -2.03830286750784 1.00055135278872 0.0040224918736689 0.551942967187952 -1.91273931363947 -2.43440451104479 0.340533385022614 -2.16973844811663 1.47976061655547 -2.12002629078743 0.141135263879287 -0.51582147196862 -1.9513247915672 -1.32365957507373 -0.335196633694956 -1.72623290116502 2.08237492179742
"740" -2.06374121762629 -1.87052812574133 -1.82560520525122 1.27044691551226 1.32149846464455 2.35880733585342 0.36861022949076 0.789495559102562 1.66434845841078 0.323228004324204 -2.85182633791676 -1.75970265777387 0.533496562551482 1.40169737795222 -0.372638712372629 1.31402942778068 -0.586797090637436 1.70411864101578 2.45069618269682 -2.36613109097223 1.37040965858303 1.08774182035604 -2.12734922084785 1.95473599126204 -1.23553908764646 0.402026790098236 -1.53496457617112 1.91056822693134 -1.36804735233253 0.632990844127032 -0.914585241879027 2.32419337440928 -0.102546529921711 0.873588789241232 0.741868509048927 2.63641569793697 2.32799912964111 0.0855565932681263 -0.650682320851109 -2.20306589363066 1.64620959240782 -1.3668243542928 1.15917846821055 -2.70613771440003 3.53468600712463 1.03184355784633 -0.224184570722179 0.0826120872557651 2.08811883038823 -2.58456806466844
"741" -0.0249678044275635 0.994481180702298 0.0966165128295945 0.443095066208911 -0.970091620267984 -1.28259942847836 -0.523500972616235 -4.01481863829216 -1.14603318622878 -0.449706584937944 0.5097583764523 1.67991494302483 0.85338199035236 -0.980343815278557 -1.78719991304823 -0.22477074092894 3.60580384018146 -2.21925504933786 0.149073747371702 -0.919510011002212 1.18376031308184 -0.598694752403939 1.05440089665348 -1.01672720619448 -0.467125875924451 -0.461042064782723 -0.631808797086661 0.0899084693245098 0.107814609022731 0.470334647924998 -0.482499455457066 1.39793500612606 1.16953390312975 -0.580734585355433 -1.40242366979812 -2.29580841441102 -0.831612713863814 0.493759437589642 -1.48901721115111 -4.4150654025668 1.65852018267357 -0.331264858513203 -0.561085380048804 -0.559822165469175 1.48631022817586 1.66223017329342 0.0847961977729497 -1.210864015268 -1.88005075309256 4.38675771392622
"742" 1.31130355179516 -0.568564982017515 1.59778742341064 -2.4284049606156 1.93157483013891 1.87934237868038 0.033531115060717 -0.0202824062378422 -0.579740653789783 0.5042684693259 0.282157454210433 3.04163609280603 2.6506084438656 -0.960500124294156 0.785545468240813 1.14661728176064 -0.954717699791915 -1.59714952346838 -2.85063696432597 -0.897919397046876 3.27131440949955 2.43680799884286 -4.72233454609159 -0.303165123125875 -1.72149665614906 0.678241689892079 -0.234433325035717 -3.46964279049254 2.68957147188117 0.78573526462778 1.79949383287932 -3.60405255760756 -2.95360399374678 0.829734960401045 -0.181530338462673 -0.328285246851816 -0.865038204031602 -0.283431496648833 -0.740115475084208 0.933357529035115 0.444614465599101 0.792191189624171 -1.06683971313289 -2.42662958224304 -1.40868135881762 -4.69110274819277 -1.9146021081853 2.91543375697955 1.08964830150268 -0.545893337599308
"743" 1.23171808007011 1.37165146002918 0.276461805463508 -1.27861619195581 1.60039699280362 2.48609042400419 -3.27789421063366 0.898910233900816 0.159686548114995 0.609327918963221 -1.92989086085754 -1.44550894404693 0.49673521954157 -1.61717574887661 3.76251414260663 -1.3746882542897 1.0713505373596 -1.50798040545034 -1.79166122102068 0.573513085971554 -0.376300020826323 1.56225567035932 -0.552791208080509 -0.453890284849241 0.778678580151439 -0.324949308373339 0.744440694723399 -0.612825008018042 -4.19622437640625 -2.44294786036707 0.999453015308549 1.18544593446955 3.85407658446922 -3.81773314600909 1.71340484220201 -0.918674972769873 -0.828590140211037 -0.732802296359416 -0.0838971451073795 -1.26563439505991 0.71168528580139 0.391948951110195 0.361582715683853 0.968806837701076 -1.22155742652051 -2.28720400958433 -0.927300838792568 1.03622793901837 3.8063560611703 -1.25686962759109
"744" -0.785674495855984 -1.47483899051056 -2.52348496512676 1.28048296718854 -1.79913638899481 -0.535638818089847 -0.0694059014723443 1.45060441866244 2.35241901795498 -3.21823430374722 1.05766208591461 -1.39334195112826 -1.89931011540153 0.515953780241904 -1.6893092781554 1.66249368414495 -1.51597674871147 -0.0154850525875525 -0.0169932795364294 -1.86058908261771 0.516550155911931 -1.22331482280675 1.45384025345657 -0.436325583650163 0.642618878866902 0.333153988489242 0.316171288597981 -0.17926640719225 -1.61220189672874 -0.630202221444906 1.10379587320951 -0.172361118141977 1.52233526846614 1.92839296891254 -3.24174941691805 0.0931552778847865 2.96834125844961 2.43010120999719 1.63128710195673 0.508732465019314 -0.781338581283503 2.17594300857203 -4.51136831475573 -2.68848272102592 3.13346208998099 1.21733816398387 -0.0269468397721945 1.36642602825426 1.53042493434559 1.40726307129967
"745" 2.32808776300157 -1.93638794007233 0.28660748472682 -1.63800580009538 -0.0207173784175052 0.22587949380854 -0.725042205508775 -0.0966502504011899 0.807530672560886 0.180930382121893 -1.18874386781514 -0.290393794185247 0.0724368577925711 1.75715256221938 -2.09689912844752 2.49582217923962 -1.7343698418302 1.895167807743 2.28201355360909 -1.17560009734916 -0.492452137543171 1.73674997606809 -1.27085858811534 1.15188406018272 -1.46881298224625 -1.66890344601398 1.2664068008382 -2.06821803832982 -1.13439878244293 0.807521575280639 2.91218901183362 0.118236279569259 0.719949067737161 -1.98332057709347 0.746848896347964 0.631821286739321 0.745841537605467 -0.996969370239905 0.173547568094619 -0.597622412268965 1.02530601344691 -0.412410673102656 1.3840081909399 3.21950623711721 -2.41624608859015 0.924332614867355 1.09607483107408 -0.239088345051751 0.0657106887937439 -0.543974417080926
"746" 0.481045841535261 -3.52167837209147 -1.22740440779385 -0.543688040087461 -0.272543740027134 -0.624119532407164 -0.868026916614257 -0.201621181414071 1.36277143567471 -0.570740958856925 0.296550745876238 0.814896938189137 0.393244069298275 -2.25145226562635 3.44406583880729 -1.80619091195412 0.977908280726371 -2.92260180754592 -1.82698926554773 -0.805738858360167 0.135550517348161 1.1814590408316 -1.53910079828867 -0.432088363072783 2.03397579512633 -0.257943030761146 2.29376554407294 -2.54482529831303 0.179112286409719 -0.909773564475367 0.154284094895249 -1.43294392238943 0.797352457945942 -1.07558955832931 -0.0527946971943089 0.757719262733437 0.412552648639286 -1.72902238645906 -0.518046282261487 0.117539498868273 0.0730391553474261 -2.4869701216819 1.87053737802191 0.111698694546926 1.22119147440868 0.865835052222038 -1.00491140182126 -3.88513147154451 -2.87552179517287 -1.69598322928943
"747" -2.21950518872533 0.0476307634335029 0.0835099081491513 -1.92980682649352 0.70777807765549 0.325580641481283 -0.570026677408269 -2.06747462774077 -3.64055935023435 3.99334192418957 -2.34879498631776 -1.32129453871757 0.736558949647594 -0.00364513973302022 0.723876069942963 -1.15488967947921 1.28742765979744 -0.451125378845768 0.474958804843776 0.593515302022495 -1.67947922042905 -0.194336016880774 -0.914760336800745 1.97531897789304 0.369695305039967 -2.78415935906769 -2.73023493949121 -0.263698197380939 0.102764514294744 1.06890030466995 0.696288111592621 0.240089430037274 -0.950978319507449 -0.132314342811949 2.47125069106705 1.87967308959632 -0.725589544404411 0.0271277120778984 1.04728702344725 0.938896475027723 0.911944588964164 0.853422045199964 0.248320896544849 0.414923954044376 -1.16444040362311 -0.00781470827992082 -0.118320072549803 -0.94501172663244 -0.483047052999526 1.04582523745175
"748" 1.18083151344613 -2.97124320737452 -0.775433235008841 0.00559973896055448 1.09930217584355 1.74554158044489 -1.38762596152291 -0.156622325617724 0.780116765873455 -1.29827514418444 -0.224131745010751 0.854360276784713 1.48336219300027 -0.616388644976982 -0.0166229965842909 1.1460996121688 -0.157006974183616 -1.00628661349969 -1.01590466381792 2.43372544683496 -1.28206337815406 1.07112138004062 -1.76600609220305 1.20741042283967 -1.33756136829416 -0.840843797164405 -1.00438990587245 -0.605067537842292 0.822566275626374 -1.60466257166167 -4.37357936319516 0.574401965640885 -1.39983540668177 0.769031744006195 -1.4609102510528 0.66955227810821 2.13637636127342 2.04890591667227 1.47942934804065 2.41159749753027 -1.64151753652266 -0.852730996184989 1.65823340781389 3.74170150097093 -3.80816963338901 -1.71196758237084 -0.0749056335479215 2.4805827543192 4.60722698053845 -1.17002595500293
"749" 0.786523316059325 -0.350824573346195 1.64928586371476 -2.63613870744935 1.08943802020044 0.178126031467196 1.68839682182959 -0.0677611500920173 1.07211242456284 -1.61195938074928 0.107668471102259 0.624004662680221 -0.313887876166556 -2.16404903351061 1.92976441648213 -0.419598661173592 -0.882939890972913 0.833994890767986 1.09754590119753 0.112680667154505 -0.82359743340257 0.603855362695621 0.0920855357795272 -0.45181603306608 -0.381057664814112 -0.277674639356846 -0.981766130520742 2.51632414461308 -3.56172045346732 0.0867536873819664 0.165810771457168 1.38770343180232 0.0263740854101609 0.332215732677127 0.18942374400728 0.642811974200456 2.07892549665428 2.26312703807586 2.00432586091038 2.66029148852626 -1.61645881031409 -1.61520656893264 -0.794832310351516 -0.0134158819923711 -0.399198872795746 -0.577265491476184 -1.68275940985493 -0.496213481366691 -0.918099928717233 -0.0156958196698612
"750" -0.466916778403715 -0.193965448989062 0.265978153517024 0.707292764738146 -1.1960931624727 -0.229303900255832 -0.392394704538897 1.48906124787316 3.6350346712716 -3.44031125889422 1.43935277792477 0.885907709814372 1.08355890573298 0.65435416709465 -0.34075345244396 0.060256562764435 0.270945765000931 0.690211975372504 0.323955399270102 -0.120460291964395 0.658934761533527 1.17804878790537 -2.47500360497425 2.51083456554336 -1.75010687389931 -2.16516896421415 -2.12783057082463 0.0445720816202793 0.722782705185124 -0.671106012771595 -0.484332419574692 -1.25338087027311 -2.52511171184971 1.26397184648457 -0.717416343307723 -0.111480412345969 0.913648098575393 -0.522640734291026 -0.203477127403501 0.390340137034353 -0.141536689203571 0.814110940797719 -0.291066557078354 1.33847437718007 0.824066971092108 2.20148013520388 2.28420959688209 1.44898860373159 0.825967432312617 0.684259534294325
"751" -3.41514974050604 2.61947799104782 -0.0513261875331286 -0.979489191910317 1.47091248136418 1.16291417657367 -0.715444084044423 -0.296577747242633 0.940841594314532 -1.29618507589895 0.0771699336504643 -0.47749644275221 0.539753533835567 2.28453099599797 -1.48984243894925 -0.691229297610195 -0.185966062681655 0.6871427423482 0.624972001896976 1.95842614886353 -2.98897985418592 1.0389552553725 -1.21682671735461 1.41809555946676 -0.582131122032427 0.655401314173819 1.16915270525893 0.394584062497657 -1.70774141958157 -1.77206733751327 -2.82568253076347 2.02600919780058 0.12060713996599 -0.0931204372774291 1.66073274217312 1.07990744659772 -2.50934066550351 -2.09783140831309 1.02353920541683 -0.557388746848676 1.87877422560076 0.64765824953026 -0.143819461983431 -0.322417205854404 2.10159691687142 1.16683407006443 -1.74084084002448 0.123311029566477 -0.543842188354532 3.87651755095311
"752" 0.475088118349304 -0.753022053656551 -0.336712949103566 -1.3781874313789 2.74204812092002 1.17401298742596 -2.58479952994561 -1.71601536582641 3.63453276199487 -1.22835829964865 -0.818244022149133 -2.25830111575216 -3.03759955357134 -1.54604237473886 2.0289194561031 -1.21132279069273 -1.14895198520376 0.606983159170993 1.48720446495754 -2.74495149379346 2.4870460485562 -2.91048000932678 0.669440722189526 0.477611302162219 -1.37386154641028 0.874745616264235 -1.02418002430556 0.89380668122059 2.37833400598882 2.13441516329798 1.68407122666855 -1.22738096529741 0.235997164787686 -0.65588638922475 -2.25211385940155 -1.69238311316661 0.251725112327578 -1.10551469500613 -0.849360226114218 0.342039364084983 1.38142341768115 2.43055140137769 -1.65550666616216 -2.14076212671633 1.25106033956925 0.0245103870314765 0.162495405375349 0.111077893831151 1.26825274014684 -0.547721506762039
"753" 0.228964673508968 -2.36488791401183 0.390478855687838 -1.15407070458388 -0.361386755861529 1.29915158250127 -2.76814818849275 -0.144260231431705 0.740619403634908 -0.238305111828203 -0.683120033193017 -1.31941845561411 -1.81102878891965 -0.730327868989361 -0.131591196092322 -1.40098042895479 2.1111259030908 -1.81225799036566 -1.62221146650495 -0.20523240498019 2.9878751063595 0.710286657981592 -1.87904189102103 -0.489380948841241 2.14672048996964 -1.27143066011556 -0.529411648456479 -1.03832873539878 1.64308709560084 -1.72960819021361 -3.01585433837821 -0.491664865269283 -1.7718494190312 -0.471200809143891 1.3788176797934 0.304774612637514 2.29552317933784 1.47248964010471 -0.599878390225122 0.825115966950096 -1.80316336067921 0.608922417516439 -1.88438258516513 -2.49970415239704 2.82183220805296 2.67378565477362 2.34525177194254 1.32880213682798 0.825439795688708 -0.261703751564077
"754" -0.764140560173446 -1.52005959173096 0.997305033473878 -2.90703338733327 1.88642513703502 1.15071587974548 -0.675635726159963 -0.457996101470624 0.328185316297774 -0.775087577764747 -0.410537871416592 -0.626037327444582 -0.123312430778015 0.654217748530258 1.38771829151407 -2.46106909837979 1.49535905667996 -0.477018866247805 -0.442941006547577 2.95744201493509 -1.71962721831133 -0.304999978442656 0.627930872955483 -0.75297852782293 -1.86935676264479 2.21886682492576 1.48868970365349 -0.967982056055976 -0.814038947815511 -0.361223641041568 1.48161264674781 -1.37494507004055 -0.124075382547701 0.545457922567737 -1.32609321786724 0.548906533636638 -0.75126230774411 -3.05488909358343 0.337838564926286 0.777267571143511 -0.25993221961027 0.44719920601332 0.753282824847191 1.60549821155461 0.173782180774346 0.0107531410556597 -1.44358798744257 -0.995636091039156 -0.26132231557616 -0.850075538161182
"755" 0.736744303601654 -0.047790675412314 0.634255624048667 -1.71663298856403 1.36556485850191 -0.499198800185849 1.91553308526111 2.50094464417825 0.117947110068174 -0.0131145600576406 0.485094129339678 -1.05710024835914 1.75036272865554 1.21844667303448 0.11308803373324 -0.274619710680568 -0.294270938946782 0.966345785986975 1.1964885656798 -0.844425441122206 -0.548819378751881 -0.167298879441762 0.383699754128917 -1.18792339584673 1.47630296272172 -0.377354851197601 0.52003103110395 1.04099768652429 0.621153935685169 1.39968841938211 -0.0580809830143881 -0.446498065747489 0.16698454524501 -0.570050931789447 2.34687669004189 0.983344723410266 -1.18999738281658 -1.73741524384888 -2.45636094533804 -1.56330155157468 -0.134574119214568 -0.652392447271055 -2.1035039624401 -2.56064155851047 1.03228473251374 -0.558676031950846 -0.471960206772181 -0.154576623639359 -2.0716371366233 0.752996529256596
"756" 0.788076877187647 -1.15489690504023 -2.1475278042921 -1.28835951883332 -0.626693976356784 -2.14623881487837 -2.0388772430715 -3.50718323719141 -0.905078938653359 0.0194882301719668 -1.73774882955001 0.169889552491417 0.170305324391003 -2.49892473894715 0.627054331383501 1.11986838263435 0.893611163580674 0.24559165894512 1.3394604948402 -0.563389726362663 -0.64532014653982 -0.346601551890834 0.68267603625469 0.894373199177604 1.40777123107798 -1.73088509072126 -1.26521906158972 3.41411104288098 -2.81045950211562 -1.02427540431484 0.0153902954201539 -0.157569251499652 -0.449166664584416 0.714368999398036 1.20118801629459 2.27898700085076 1.6318357488337 2.34485483887088 2.44637931260669 0.301366579246405 3.04343039591318 1.74376858397215 1.24051577311471 0.516942690791857 -0.163118321130883 0.484272988289051 -0.0433330894909742 -0.894672359042614 -0.359626939340717 0.264983075641183
"757" -0.114868274908508 0.824669437427424 -0.292923063592309 2.63274006744007 -2.58584952309658 -1.32703741235843 0.312750180168699 2.65120555020226 1.65124181494882 0.315433542089227 -0.830388111144102 -0.0352428443471969 2.55421494058253 1.90434248132988 -0.0186679783557968 0.182241146805606 -2.2055270269082 0.565339942894567 -1.12820526868609 -0.793234380582183 0.382598234657823 1.51041172450233 -0.780021090733012 1.50556596912948 -2.18319626743632 0.28117726525483 0.919827321733193 1.73669218451561 -1.22874293548877 1.21930701897 0.462409041987844 1.75555184346705 -0.261589902269452 0.256069734885111 0.475356624560884 2.6165999560542 0.752405302156478 -0.655844080197799 -0.924390005315587 -1.68305627445527 -0.394604552384357 -0.64688654792337 0.0957723087392481 -0.822100780984901 2.01148910605065 0.4278749152395 2.00033091729227 1.16015678159333 2.74730572479812 -1.45056032351289
"758" 1.84661074495401 -1.70776734795391 0.678023046135342 -0.858127109030486 -1.02376781487723 -0.418403921852729 -3.29694169554168 -0.85270064508735 -1.09617006042617 1.48711167423442 1.16419463057074 0.53602008215768 -1.3944219601481 -0.147079048316478 0.0776104416848945 0.646181512080232 1.3702319662324 -0.181524496740445 -0.282091419129242 2.61653279363591 0.799622268347079 -2.27281654673575 2.47650944526231 -1.31820612952596 0.696840741212543 -1.46671021821401 -0.706174304740206 1.64883937474205 -0.996847435891816 2.11715598307541 2.1494518914658 -0.642702728649017 1.63121735944701 -0.545443682527963 -0.573802858407695 0.413338122534939 -0.602370606779865 0.92150240646553 0.266810400093999 -1.25104856011956 -0.456412059200401 0.78174873112023 0.56486301395918 2.82555593951511 -0.60797704515875 1.36189832114771 -0.303362132163739 0.361842385303579 -0.169140288915215 1.79961953184181
"759" 1.62885008233612 -2.09599569876258 0.262235522146157 -2.63438500758711 2.24988810298962 -0.429559109500251 0.473447068523918 -1.99152077760527 -2.61575461194379 -0.580464217455873 -0.495276943178323 -1.09338474383886 1.40365093211292 3.12000408727754 -3.05025801947166 0.678693515530093 1.15372490792429 0.772421864825183 2.77931862084361 -1.03856066425205 0.655979751899651 -0.805772728960628 2.29664209659442 0.394643178787506 1.71496551076295 -0.402527118227535 0.731429005877441 1.76072231156759 0.304496665660112 2.1854197326397 1.51074990610265 0.26750772868176 1.73967766438212 -0.287460899171936 1.11851204834719 0.361490128672546 -1.17397822729728 0.208525136468335 1.96944578999715 2.06512976170923 -1.82162059784533 -0.89859662310006 -0.463556638823195 -0.177842976958061 -0.0719493218780412 0.833822010113162 1.48171294822947 -0.323726846735603 0.0469088453689665 0.0703673646690962
"760" 1.47030169041105 -2.19266462456969 -1.9624306773899 -0.355263888712993 1.77658882130053 -1.13324259760975 1.69439341086594 0.593086893656998 1.25853289898048 -2.32187714503704 1.04529524631974 0.392941219218082 -1.07311368942106 -2.47539823942629 1.32616752396035 -0.935363189462375 -0.285867981848327 -2.2215961799729 -1.19898945691927 0.976919705349676 -2.92323537326232 1.48187394557481 -3.38373312702345 2.75801741867687 0.994811564753146 -2.3915389292872 -0.606048443809496 1.82371699069449 -1.52014891611352 2.02052754564344 0.262021619629854 -1.13657892538959 -3.76274906443448 3.64309630348294 -0.81411892867347 -0.719264200560507 -0.537973740452808 -0.180907553271042 -2.39367571650082 -1.82848954561591 2.10430039163525 0.0714353493370284 0.545719938981416 -1.72294645816993 -1.00319357387976 -1.32213791966549 0.0406691370862533 -0.296889276278203 1.95409967819427 -2.62431892212663
"761" -0.0801943718551614 1.53301095255681 3.70512556026054 -2.48059072665332 0.00137028707611328 0.134372313442389 -0.25663103833071 -2.31670387068364 -1.18313549562747 1.64262980664665 -2.0939991668591 -1.54388980573315 -1.02831597193617 0.056266334608608 0.525467673049558 -0.259749652388196 -2.38060077795491 -0.209907181154419 -2.77265175764666 1.72446224235734 -2.10378715151375 2.50603035483571 -1.57073269110698 -0.0246025536910213 0.489501090223128 -2.34842391100439 -0.655601098013306 -0.588818898073256 2.0385219160821 2.26509465959376 1.71310506448683 -2.41555106597182 -0.846223912291335 -0.997760172930808 -0.00895321966075052 -0.859772809859219 1.25927898703248 1.76395459802122 -1.10868334757134 -0.55091272366956 -2.34865269470642 -2.44524133586158 1.03319154910083 0.886037490033133 1.47616761403146 1.51460385411197 1.36829067215612 2.64236242830038 1.0792690353101 -0.612598614705738
"762" -0.62809036808401 -2.03382069979221 -2.67515209400204 -0.214563677604307 -1.20600614990404 -0.668273872167825 -0.169816898294067 -2.62801096920804 -1.12833146647175 -1.24955619917056 -0.405549696483006 -0.223657489037956 -0.637547819704501 -0.489238976596029 -0.189105240676197 -0.828692934821519 0.139761676409065 -0.791786190662428 -0.401575679535741 -1.55364137139894 -0.730474259766259 0.674672969898005 -0.455146945174276 0.632209314308043 -0.592194315058786 0.15093154581663 0.0322137639187837 0.0883201097585089 -0.0138937273421413 0.951214806080956 1.16240561094109 -1.37481518577108 1.38241563088846 -3.36205643729779 1.38968088577402 0.724010486083674 1.76506506581405 0.147932737305654 0.501163021106546 0.247542505758657 -0.379026212526222 -0.102819432297001 -2.61079858139042 -1.2400408926105 -0.394781780279766 -1.69810994761827 0.619892041784839 1.43801471641593 0.754893596975515 1.75848544431756
"763" 0.19649720440302 -1.5848680711115 -0.895789964617534 -0.323910545886658 -0.451817513587177 2.47215074839835 -2.84325756715503 -1.33788630702694 -0.641885043315367 -2.20427291562829 1.6973259921785 -0.295159228012173 -3.30608930942252 -2.15005644648431 0.822074315053613 -1.46239425701498 -0.49009467975883 0.587765410435493 0.982563145812604 -1.5077941929927 1.69289672412481 -0.713350029904538 -0.987283070027149 1.63366330901037 -0.485844174194218 -1.0203499235116 1.6972669127536 -2.52623860150596 1.02933263682491 -0.835608918359045 0.384585014217433 -0.590760334928718 0.452488787569083 1.0163582920087 -0.128360573078883 0.0158861531298158 0.464073604356752 0.458082619106506 -0.082660378941969 1.46436682870966 0.63495243308265 0.805365132605004 1.32621393347186 0.0595722957187957 0.311612640306697 -0.299812143664908 0.173386993849511 0.446457025114936 -0.489287330426332 1.69268759856555
"764" 1.62402759814675 0.706707221033641 1.80749249640926 -0.29628145147364 -0.795241841230691 0.0944029299015988 -2.31177375570056 -0.863265557253552 1.79520746680802 -2.25386943187677 1.50723508903977 1.02536508601632 0.292854463590526 -1.5183461856047 2.84241160368405 -0.24027816041358 -0.844579365145095 0.512325077687585 0.332012793793445 2.33347646905608 -3.50870996314471 3.86806565969318 -2.38492030053415 0.00221517164227832 -0.78261771095384 2.38613538400148 1.82610643579675 -0.493880181078716 -0.705540272391681 0.778032172487385 2.60593605018143 -0.791026469737423 -0.0442363732675204 -0.549523415660444 -1.8938347281999 -1.44612180427931 1.96883919492137 0.363531979780347 -1.60359851266423 -1.58306366075968 -0.456423990667169 -1.27195612653859 0.616732268975708 2.98362052663697 -2.32907733718368 0.738644782869636 0.0252368665125474 0.89385461198231 1.10367722178257 0.721643190147123
"765" 0.383953066745931 0.146859369362905 -1.39059746961545 -0.218414120572244 0.400112245691378 -0.227084520328635 1.26720350232391 3.28841921977041 2.51034813371546 -0.125783176306061 0.645030668696886 1.43647770013577 1.6040511316848 1.85081899467171 -2.24407648634886 0.836367919237675 -0.261010084628837 1.01873862999939 2.1563411833364 -0.584457381790537 -1.14434966939605 -0.0849140252799666 0.0344610585900649 1.47225289556759 1.42587003470682 -2.45893914113604 -2.32509332306669 0.838559728129074 0.589284756638121 -1.42802397886942 -1.58098766382037 -0.35992196739254 -1.41997742675052 1.34661394400787 -1.51990188144003 -2.33245628450973 0.560383463847434 -0.170191622350632 -1.63531434625947 -0.54508500498048 -1.5256526292488 -1.74505559117679 -0.894938037981973 -1.51377465094916 0.442271685083066 0.29517195569641 1.8549148590701 1.70750679556264 1.49400944716634 -0.0337611178297595
"766" 2.52883596724058 -1.78893867586271 1.09809714297891 -2.07368820412685 0.709409171768287 -1.54361529216666 -0.136261652039271 -0.861462614762606 3.67829972357185 -3.64179398702999 0.757838700371619 0.0615035039464795 -1.50312801609849 -2.20617177163 0.965933482273263 -3.70217483916617 1.28477005948631 1.24447747801811 -0.397743688991212 -0.783109166941156 -0.229268818182019 -0.288091022647865 1.62703901691947 -0.95381554064605 0.0537057574545598 0.674316758809123 0.919430343496754 0.666314228942985 -2.32533767957205 -0.350573108114069 1.65039636597577 1.95548480280046 2.77647564388563 -0.0237776127439364 -0.961044884907052 -0.732269338434135 -0.727366712079492 -2.28787335467722 -1.09115314123172 0.790655212606419 0.576057328274538 -0.978928919073574 -0.593499067729082 0.0866814822748824 -1.09546265308295 -1.08930279322263 0.230660489947185 1.90625143929808 -0.251168392834721 -0.736549877819822
"767" -0.082922961228288 2.96893498554019 3.0596849618547 -1.8459245350736 -0.119634575849475 0.312855853206097 -1.20841221102797 -0.0741925814823129 0.622227272091967 -2.79520677847374 1.07493615197139 -0.470381950539041 -1.38296214189568 -1.17199680075198 -0.908963182071848 -0.752903650150223 -0.0663499343506506 1.07810035800956 -0.0699188755341016 0.851945941664624 -0.21034323623045 1.14646125780216 -0.11728751930332 -3.28471376971222 1.83137942466351 1.36094465991741 0.847051712735885 -0.967789747338139 2.63521540616191 1.24859898266419 1.00284295728956 0.975204970967715 1.273626402336 2.441902195462 -0.987246070781013 0.557731683758885 -1.03029568612896 0.58941170337038 1.27124926735985 1.78717706075269 -0.903589748891154 -0.00103742341019677 1.17920874399719 1.66697388218596 -1.12994062428947 -1.6958814421385 -1.33532757652705 0.620709291702405 0.475802140881183 -1.86702169415765
"768" 1.09398603328249 -1.44669443393509 0.186354376404031 -0.920711988464179 0.12905165612455 -1.47351350672878 -0.395427799813989 -0.338939230407209 -1.1032715201365 0.533746737788277 0.166200286058551 -0.400888603778882 -3.00151820466083 -1.77063129133126 -0.136960788002469 1.65253021304313 -1.22532706160671 -0.579609369801488 -1.58543484804159 1.91445022429389 0.160773544864715 -0.43824778606252 0.298966084670106 0.440346994693711 0.360466652573681 -0.330534091733916 -1.4082551651652 -0.434929120395094 0.179934755776322 -0.374117210465643 1.08419905981452 1.53070928984644 2.11357324976253 0.23691076407563 0.400595021603485 1.53389172869068 0.193194548686927 -0.615511801648345 -1.45340071295472 -1.25725399397076 -0.433954433456076 -1.53153553006137 0.915992111027032 -0.209199354460237 -1.31942227828956 -1.02956573393588 1.39020758927853 1.9208144222399 -0.428801941409605 -0.590165936284493
"769" 0.470722780965466 -1.8184138081738 -1.6449752289676 0.574890152458514 -0.722792129570077 -0.396419920197413 -0.258443457448427 1.17988607118451 -0.31381193924672 0.396757443011842 -0.5929997394859 -1.91341522005761 -1.58210566733765 -1.63458534275828 1.30915572759082 -0.171650680835245 0.555458572489764 0.566547543777673 0.730626723191709 -0.539104624118807 0.195912548848624 -1.09522601739561 1.31362629612272 1.21895420101349 -2.62617575714862 0.731350043556447 -0.614664775322802 0.172981667831697 -0.055641336921012 2.49859229021807 -0.895844290637436 3.33188031220275 2.71965774477563 0.864191342986212 -3.03981137439081 -1.44643563669173 -1.24177944339226 0.395744462108207 -0.100266933830678 1.6241195174047 0.35093978581977 1.22040318863558 0.55201828930939 0.109805116039445 -1.97434826457691 1.52335837781534 0.0485915100531314 -2.35236387909784 -0.231165949091144 2.17040370162622
"770" 0.446528102525333 -2.56155678320154 -1.11652446363754 -1.24863096433415 0.568551246488436 -0.428870766256149 -1.85526688886491 -1.49926510915619 0.467168595254806 -0.95357291531462 1.48707197851329 -0.726568625358288 -2.06467713604087 -0.508021234175123 0.740955725863467 1.2137922319307 -1.66087253194312 0.357435835027194 -0.0432939440399473 -0.971906088913325 -0.387797001438342 0.879823842078356 -0.465326893450455 -0.548322267169769 -0.382316418622486 1.7182028196964 1.0596895789139 0.202749421505872 -2.2068757875609 -0.536222472515732 -0.0779290893550362 0.764726852012424 0.0189620963369953 0.342874933018714 0.0684255826298688 0.359450025394103 1.773379648239 1.15164724974034 0.772378197118295 -0.138126590982528 -0.320252854725629 -2.35578768329736 -0.625018414153303 -1.13291202071335 0.260041905876012 0.85907092369219 0.432528152368619 1.48260586185338 -0.0568198612519327 0.0568246015715845
"771" -0.439044128439974 1.81739178333896 -0.140561590957893 0.430696310971839 -0.339573683500724 1.63044988938457 -1.40067934921897 -2.13543039730159 -0.52826990925194 1.02091444950143 1.06017995403106 1.97442054997244 3.0826330513324 0.754232248174584 0.467037428936044 1.0311492646898 1.61097212988306 -0.865510452741196 0.957982555861229 -1.03659882397364 -0.734045003934449 -0.201835354133588 0.710128083834631 -2.18323386676056 3.54087845120928 -3.20510292161585 -2.73373608220035 -0.392360953242127 2.17786955596916 0.0590975628143324 2.67373733778065 -1.89555057944824 3.231822157647 -2.23977233112046 0.898485166455746 -1.15147083223942 -1.0411192896523 -0.79706997368715 -0.779425211078359 -1.35786735081692 3.41971534611097 5.40125026747068 -5.41077248591959 -1.50870472165738 0.38485443562288 -0.0561177323917578 -0.0265460814564574 1.06365286632233 1.62702079495833 -1.12469476226205
"772" 1.01253353567046 -0.865220767033609 0.106439164602892 2.55841935380923 -0.7755849621531 -1.30362325653719 1.38197338155189 -0.366917196930989 1.47533059003199 -2.69287731823523 1.66144564315972 -0.982948666559523 -1.49766020691039 0.425347398082521 -1.67892931016768 1.48375771315758 0.17988630428761 -1.005597945038 -0.408540656203667 -0.955062695145199 1.30646629879502 0.699307539344621 -0.213777980305492 -0.486905138760335 0.582878691492775 1.48734114688524 2.02517990067218 -2.24914632310723 2.28872605352624 0.258780769445142 -0.424116540523297 0.385110242577569 -1.02956719815243 -0.978299089336733 1.52969148720684 1.31363555113538 0.1627584255606 -0.267026104175748 1.50789164796606 -0.336629883844508 2.0856092553177 1.8909482963325 -0.477469035413832 0.0574906615605597 0.505745314257372 1.1471476431959 0.373147410793232 -0.705301719994888 -1.30609914411559 0.77122229721089
"773" -1.01840781580289 0.881536327918462 -0.144120914583428 0.372280921850373 -0.650440506907133 -2.07666003763274 2.85050692194795 0.179894414281497 -0.0866857481641752 -1.73281057395244 0.241669283430347 0.198005419156298 1.76710300994311 0.242265894325947 -1.28397834715832 4.12588813488607 -1.72155004256771 -1.09285021146615 -0.605247341459222 -0.251299537603604 0.590527445232986 0.350643141606188 0.132623417843323 -1.5085187758087 -1.18673363832193 1.26270472272511 -0.236254921327346 0.57541770637079 -1.42971859225127 -1.56898253099114 1.21094124906854 0.284950697493512 1.34825939424418 -2.44247418834273 1.15153215177503 -0.42453272817792 -0.416013426067159 0.709434178558059 1.94779562523688 1.89863384711808 -0.610957700294036 0.363240515373978 0.589657633587107 -0.652464873706696 -0.942147982325098 -2.40262609619918 -1.18565684799041 -0.559699642886771 1.56768408955408 0.0023927366637189
"774" -0.0480978097274179 -0.633223095016709 -1.93897484151322 -0.117705191158547 0.526822337634044 0.936468638153932 0.500111824957066 0.946805081363443 -0.0301636193659048 -0.35697713498132 1.79606110561176 1.66261092678631 1.44917496432352 0.973245209192735 1.19915229363794 -1.70402686499639 1.57407013131196 -0.902116482489066 0.69878553541472 -1.15231049379367 2.1773569279932 -1.00236971979755 -1.18664694819746 -0.613470376501814 -0.49528433146869 2.58739485845493 0.236216379994075 -0.484946896417011 0.0826910965706759 -0.331832440138119 1.17065834694082 0.708777543469819 0.319164121676088 1.46343003360419 -0.0368470500786973 0.293528229647674 1.00720524161524 0.899426218287919 0.168742539248 -1.94730767172774 -0.349628636882492 -0.452325945905865 0.55584272398231 0.0745826136168603 -1.09389033917827 0.482776616954161 0.869466474012127 -1.70788674729896 -0.766107291715237 -0.973709869469249
"775" 0.351591590334246 0.990739777808422 1.18842668996673 2.5453477712773 -1.70112963111308 0.520342779188028 -0.163666495637398 -1.73383986722894 -1.90823195195232 0.321914952390622 0.159855056013229 0.591658342641304 -0.195423098246426 1.83685013264844 -1.64449470822624 1.23462759106062 -3.14667420054212 -0.905570442774722 -2.37605557865306 0.389003841416238 1.71832207885288 -0.753382245207089 -0.0697717230086447 0.652312902958867 -0.310898739458579 0.0103064888150302 2.01325585041624 -2.40295348321537 0.885294056053208 0.907326836626752 2.64793397859013 -2.92246717000735 -1.2027781008526 -0.236075135295892 1.5277208691144 1.83576881138047 0.747812115471176 -0.99232261951691 -1.10181189326446 0.0872857051755194 0.719435304584275 -0.847993271984202 0.865057266181871 0.0563091440200085 0.875489575414138 0.729725637132147 0.0717083196942306 -1.05252691948538 -1.25193517018338 -0.782041843627726
"776" -1.93924835491159 1.05106038666671 -0.0194590287527194 -0.489408782188875 -1.63778516307541 -1.84610808983904 1.38336651390815 0.815295095130702 0.0525212487702138 1.27936463072093 -1.80956356045259 -1.05233078280045 -1.27366710820813 -2.41663158305362 1.48036120320793 -1.4265921878973 1.5700673045257 0.387872071215282 1.81307308992637 0.2541245942992 1.01113539408503 -2.73993511186707 0.909241447130111 -0.521372013637863 -3.39776543750373 3.73313683869757 0.428020507749195 0.461733593396741 -1.54185382397643 0.00199816222826863 -0.346597834892826 1.81059537223978 0.915234883096235 2.0293161154357 -2.62661515733442 -1.33261250634881 0.243685396308978 -0.314902726907285 -3.26966536470742 -1.42735666792344 1.58565663345208 1.4721126463511 -1.6843964691786 -2.51492634260855 2.07880315887075 0.405140155679592 1.31309737549286 2.15185550350378 2.50527279763973 -0.545189842362363
"777" 2.78701333519256 -4.1657661025223 -1.3396777844684 0.035658510482819 2.44417572958063 2.08406692375027 1.04365460885908 -0.247661950534319 -3.53571951204072 -0.44609200686232 2.10219239209965 -0.856731826371912 0.846498140052222 2.71640638240813 -2.39068147628103 1.68526185883509 -1.85040274703248 0.895408988338411 -1.22937988891606 -1.87759693426858 3.49283011871103 -1.95731687296975 -1.82258652045778 2.00594012550064 1.51283371389053 -1.64061924819032 -0.171779788115355 -1.15685883135582 -1.52940616662837 -0.256027086360924 1.63163472552377 -0.444149424495607 -1.05324330491564 1.12908549154959 0.16764700555846 2.86138065362915 2.46414915582789 -0.142096142606648 -0.165592687302017 0.368428985726238 1.33649943312538 0.360154363171909 0.500752001685676 1.29569070332271 1.59404494771453 0.746393724092962 -1.46560736859499 1.32730839117223 1.62516108575329 -0.514429300598975
"778" -2.04452170181366 2.65833739949858 2.00357921687987 -1.30557403486683 0.20805305201559 -0.525997056109889 0.497759861898836 0.365836222633754 1.79007291874608 -0.170078380378652 -1.06318615982734 0.555394402701784 -2.08503852329857 -0.643936160058457 -0.625873726563325 0.350566616015921 0.129552129196737 0.394170202665253 -0.517475673915454 1.45005747847228 -2.35221472666676 2.19663819636714 -1.87036021066217 1.33427201990506 -0.987990604779792 1.03249736097157 2.27047801185001 -0.488960829017556 -0.00925681643099224 2.18042964425306 0.690328579272366 1.48981992156107 1.87810968735158 -0.730511529574436 -0.307155093913322 1.59795840836759 -0.381480097085188 0.706088551047252 0.709150670502892 -1.06119076018075 0.107280430055461 -0.225487614373328 0.961513346755541 2.08868322377308 -0.692344497961517 1.31144754340422 1.41597827922737 2.30783622788645 1.86931655733159 -0.0642560533316643
"779" -0.189990251336549 2.45271572101007 2.64891928625705 -0.223686312242574 -1.0334129849814 -0.568339825090942 -0.80509177424769 -1.74421681471814 -1.76424764977489 -2.22026292483171 3.14848034035562 2.48455462120839 2.95208277623515 1.36889216773397 0.059634127430096 -0.204112696857005 -1.72308942734338 0.314307682625231 -0.834004910298838 -0.479788607579377 -0.243318544515313 -1.23175517114488 1.88314325869591 -2.35544311903544 2.01183388837236 -0.422265903936115 0.806921502397371 -2.45605532037763 1.99785604393157 -1.4351163195288 -0.674388885360777 -0.165817772419373 0.785402222798185 0.116870816821697 -0.01080291617455 -0.1906696015174 0.184835473988345 0.0203873390135848 -1.01489385106832 -1.99479061257232 3.96006810753231 1.2134378224964 0.264363890684112 0.791675406697058 -0.560059868755937 -1.71032703127841 -0.428030239626837 1.2563047081497 0.361703944047042 0.0209546109382492
"780" -3.20446883674077 4.75682619457783 0.685128354674734 2.5280270295109 -0.681432863566162 2.18634163761542 -1.97356879585214 -1.34489611393151 -0.820255617931663 2.27355456414094 -2.11592614886551 -0.294974616181591 -0.349587183898996 0.358894582486889 1.87167485995983 -0.571830164812247 -1.20127192700233 -0.100663366746434 -0.75668733353883 0.429109886996783 -0.57747142889491 1.44869576871839 -1.22376248132545 -0.44085591850973 2.57774581675557 -1.48935271604492 1.4141874539336 -3.95895928319913 2.00759898781561 1.50941273001341 1.1503625957641 0.262155166423406 -1.60754338735423 1.66075222285025 -2.2849722800288 -1.31498686497148 -1.96939729326598 -1.8556778368581 0.212664014362872 1.84136342606612 -2.65080031663389 0.0421601952250038 -3.12874917800236 -1.30123179600143 -0.961023272083616 1.29302364710816 0.87027649701448 -2.05314741328824 -2.91489854215122 1.35698412124596
"781" -1.6461170918877 2.11660135757963 0.187032426467785 -0.321894437024324 0.796614552765976 0.207381760535882 0.934334723913156 2.70129405754227 0.794488656285059 0.871185310459005 -0.101888051484721 -1.35954908081763 -1.90644620285886 -0.859730215725627 -1.08959273209396 0.769905246765486 0.139888183967724 -1.12304231362414 -1.47818534719562 0.366417520157945 0.635392671041281 -0.22127704985409 -0.17737547674736 -0.713403788325912 3.88754175623085 -1.53036403176925 0.622011505196009 -1.06042002029629 1.26046407126427 -0.478685336357341 0.593211527164681 -0.417349088506763 2.14173329222242 -1.91101229802868 -1.07786969501654 0.377960657968696 1.21676383213967 1.42887111172319 2.94686066424195 1.57044747146289 0.620106993251454 1.88519861140196 -2.46183896814087 -1.36252878047115 1.23626795268263 1.24889051727017 -0.502178161042753 -1.1570261056909 0.0877858537593839 -0.907198237313315
"782" 3.00683691039035 0.681810685578703 0.010736843702704 -0.564020611783067 -0.843783151215288 -0.316358825878101 -0.270784506301779 -0.120501941841517 0.878012287427612 -1.7348548006419 0.156172818311246 0.524706213131054 0.767010521670214 -0.00613900936516352 -0.0550814720423 0.513862260254054 -0.164005594063932 -1.75405035981989 -0.730341707015248 1.80643843813202 -2.63596969822678 1.32441752289462 -1.92127254183368 3.13434939576203 -0.224538120076896 -2.76995736388097 0.412844359855896 -2.73863701480972 1.69150363214315 -0.118656696237585 -0.661304915606954 0.762468716604713 -0.0144080961312111 -0.251392581878423 0.128273351895482 -1.34894780089743 -0.758059816992758 0.75691557090553 2.33721735502313 1.14600683641741 -2.14414621641824 -3.70507970810647 1.71232860632473 -0.863314785712182 0.684857623215854 -0.829161672218356 -0.649310980018207 0.154804146458501 0.284505943848582 -0.651184171451538
"783" -0.964842562791726 0.503001407836867 -0.61192898697617 0.139334166051259 2.46133202399888 1.67872341854506 0.278176029307037 -0.785012057369224 -0.869383866302759 -0.234800498763212 2.16742736312959 0.445385758047233 0.177516619044597 -0.582230683935041 1.08544881001244 0.549510184213516 -2.51175173069742 0.77022344133028 -0.569985820469762 0.65959905851791 0.359546570018969 0.251724247639698 -1.21526187178914 -0.802819153675304 1.55644711615919 -0.854287684512395 -1.83526181735118 0.651098578831443 0.936067511807883 0.0843820680393026 1.92712878570167 -1.28399930686466 0.831877126131223 0.401597673396957 -1.05102089464943 1.56169250063933 2.47387574616422 -1.04286217767984 -1.8495696842424 0.227883721526571 -1.12973566615881 0.524426920068243 -1.64096990894401 0.563445762472339 -0.320506358121976 1.31600074685523 0.6881661818408 2.5162331865519 1.8439350577089 1.42627681900809
"784" 1.54377710016826 -0.956494699660815 -0.891903366556479 1.65064751426665 -1.35803970976713 0.145477239541933 -0.44234717508733 -0.415553018592536 1.08457355056053 -1.8377818875364 -1.27133407593979 -1.63477304247196 -0.389538584516099 0.676699178080166 0.884388941543968 -1.83934670947795 1.12587671231183 -0.961627924489069 -0.275271279890472 1.4224262895662 -1.13523784067006 -0.291017723362365 1.40985762067351 0.846946215170946 -2.85688982096696 1.91562700243687 0.904577482597177 -0.609987188958678 -0.441934626532455 0.873419105068989 0.318265203895351 2.08158724578033 -0.449634657321691 1.36229177838667 -0.202329868034447 0.774727949019102 0.0729613140403452 1.79127129690012 3.0696791860218 2.18235286016805 -1.55542577868365 0.403891401455027 0.367297318702294 1.61784521937301 -3.34632786131626 -2.66419693412603 -0.729498218070248 -0.532471898065184 0.532736251827187 -3.29362540098424
"785" -0.0501037888098573 1.61493580491403 -0.605234115145495 0.90570055029224 0.449335155871145 0.906853723043087 -2.71780366149466 0.68632907422751 1.8689812282169 -2.01192563458364 1.7904545743458 0.491549902998023 0.95145423992411 1.15573909378398 1.478919932469 -1.85086204983238 -0.367770105842637 1.16899352551724 -1.16671752123653 -0.508099149259963 -0.598930294896455 0.743145502644264 1.26411149665062 -1.95403627283137 -0.496847006657551 1.28330712236805 -1.90201053438585 1.14190868257653 -2.95181249560167 -3.17794035550256 0.759546215651173 0.00766264236284922 -0.00166835769908803 -0.0717026281249084 1.00670999026496 0.254105842356106 -0.905895730222154 -0.321181874384524 1.53454630486745 0.907420926485705 -0.426438542760202 -2.93152794438692 -0.0440325556870321 0.19519194637194 -2.21610100066379 -1.53723332657007 -0.632424507645024 -0.121139860103342 0.935657686365982 -1.36404311144616
"786" -0.493415655935989 -1.33339747477426 -1.57446133286665 -0.190835973371367 -0.325889037982916 -0.732116501691506 1.06911102665811 0.321313934879096 0.295406538183898 1.1420165288641 -1.75948698217363 -2.72230468479163 -2.70153622086606 -1.85847684228631 -0.273600123670066 1.19246471524447 -0.813357998832305 1.96836297279032 0.340119633876407 1.52952404602792 -0.663858309934138 0.0172917061264864 0.910846280050857 1.32782238720215 -3.47267167702664 2.42775751103298 0.671434396412225 0.75327671574189 0.216793162090415 2.69466146781755 2.264942774727 -1.47905246875726 -1.3873141282472 1.0532938978962 0.391013305869263 2.06242406540643 0.770734015305161 -0.907045069271384 0.0549218847354694 1.23547717519287 -2.15320342269827 -0.0447608717604846 -1.62653213032883 -0.422685649182204 1.01735810343392 3.1909719218052 1.69956495502509 0.59016203450167 -0.373780548713285 -2.44612140219587
"787" -0.0268532126033275 -0.681751706891388 -0.345669280813751 -2.7079476789271 1.21220165185466 -1.47411890136319 -0.843927355117866 -0.955395049923183 0.0515692952289333 -0.582340111535838 -0.573078042551655 -0.892017093629945 0.691768266574938 2.4422548214408 -1.42775791211365 1.80390209365778 -0.724066898605227 -0.177197277610683 -0.584164685936066 0.52081760795627 0.589403100306363 -1.14999171074655 0.686108965403439 -1.65576514013477 1.53536648676404 0.123594209284589 0.763482473468453 -2.56908399825403 2.73705305824662 1.63799349296434 0.304028117471163 0.792061681859698 0.501141248814392 1.15150500712477 -1.09355178750142 0.354855382076009 -1.31285108426004 -1.68615780169195 -0.482213377715619 0.0790373660805791 -2.12136343262947 -1.36007421189431 0.345579610749499 -1.29553295730122 -0.585099831939308 -1.21424771319026 -1.17530584254365 -0.995541339252017 -1.24649593221512 -0.663820766213871
"788" -0.706913170573554 0.469796326821876 0.766564424381549 0.0504012473151983 -1.23872026701568 0.364895016797664 -1.30041713753377 -0.622216221182803 2.22061421041944 -1.73348157262777 1.43335411532987 -0.330303469853634 -0.873693867668588 -1.54109319612693 0.603637535278233 0.0641011245451614 0.0183751065060597 0.887062817387127 0.59282822266668 -0.282695544221705 -0.357220374261919 -0.825965208461748 1.45356391150571 -0.788925785622082 -0.487247288369813 0.366132783432915 -0.811119056490552 0.0669698928442302 -1.27582082122583 -1.40795791207845 -0.0103441202178119 0.389940610506556 1.11380980126964 -1.68797208255478 1.06425178953651 -0.736991505088076 1.29707508245674 0.898637521459998 -0.5024989394078 0.676599432638936 0.789900647318979 -0.942464953147653 1.98517903781866 0.521874420005422 0.707701466909499 0.904598489675486 0.603326916322259 -0.93053374407737 -2.95314591623625 3.07263346454071
"789" -0.831341133680361 2.50715347406048 0.550683018174751 1.529222071052 -0.00265235212807925 0.797695564885432 -2.52605198571888 -1.66733080353788 -1.35654564982796 2.62755272559641 -2.73830297938368 -3.08898869512048 -1.0406666480574 -0.546310784466689 0.034103896182334 1.26609030980534 -2.40917074638015 1.8818193181292 2.27336311563633 0.47772460882069 -2.32345807666978 -0.994265411974833 -0.108130357921572 0.546571254785999 -0.357361333481653 1.43125193466341 -0.984791435568793 -1.526170402034 3.36178972607841 0.200888664545213 0.179471312168811 -0.911653767022276 0.724152841753466 0.076866831662095 0.134169051665854 1.53283787738747 0.748116015419466 1.57846359464889 1.54193988101628 -0.0828640109980325 -0.270328574958776 -0.0692784599517501 -0.771566464945677 0.558725344368174 -1.71890157494509 -1.13063377428781 -0.7657127643297 -0.302619670172939 -1.67095518833905 1.70345784235955
"790" -0.778032117304006 -0.439751435040032 -0.293757299729518 1.25208312290337 -0.520884570925915 -0.696098629244651 3.90112784574355 1.36128655807056 -2.53353914751019 1.22689795930272 2.38690210430334 1.95238882013213 -0.0809010085417388 -0.211579615752334 -0.833054466339566 1.43807956493135 0.220970929446967 -1.43241109487856 0.454826888591936 -0.751167983074152 -1.18478038977138 -0.4797776849564 0.349886715974742 -0.642885239316452 2.52222595189062 -1.27735056767003 0.979301686278039 0.999785935866275 -3.27841609477451 -1.49504979269318 -0.643861774202021 -0.218977480570337 -1.8518813998051 1.69681793478266 0.240069655320356 -0.887815635909635 0.335382699859361 2.65696725586657 0.881812627465509 0.623594666171696 1.27695121248928 0.12465195075765 2.05496900906443 0.305613794861015 -1.15422027772932 -0.696415489889475 0.057037949218662 1.74525449340356 1.28405386988262 1.17782380061675
"791" -2.44621122814593 1.33387833231846 0.851802562662812 0.344332010430168 -1.33764004907933 -0.282478433763911 -0.874354974137057 0.808318829167627 -0.562763069792184 0.589837841915238 -0.0729898857603567 -0.98782092113669 0.363417374491248 0.637101157327715 0.414020973133349 -1.85448770569097 1.28414957926629 0.302807721282365 0.914024263629471 -2.06515198881766 0.678494122531387 0.529326376748457 0.684053827522569 -1.2962637907708 -0.963254999900672 -1.14155349346349 -1.7554609547334 -0.25764383525505 -1.19741731807676 -1.21272095674131 -0.000651562302047253 -0.75254841484808 1.1192806418817 -2.12044619288329 1.01629710332785 1.57167362770444 -0.222041103472811 0.23318169499805 0.875420249775851 -1.03528239752554 2.04251064216042 2.56774206614457 -0.530194197334192 0.789289779818741 -0.815696928064864 -1.30211644154889 -1.20870927902645 -0.108572497612288 0.331355505499257 -0.979480206307445
"792" 3.44537085035642 -1.96390436455469 0.484561505983429 0.287851775481813 -0.65108815402203 0.174025100402156 -1.182067785517 -0.300788023009362 -0.352887818108966 1.35754584437225 -3.74599116618278 -2.73092638119385 -1.86364207535443 -0.262429635095675 0.352326380140045 -0.991188623270674 -1.08518685805877 0.0621385564760759 0.650930054767057 -1.6974639903225 0.881589091270266 -1.9049301182143 -0.396182829089992 0.495315107840547 0.335112296345876 0.28486167604654 -1.80645173303623 2.03387015739869 0.151925916889578 0.464271096863738 -0.258814254712003 1.82644270485662 1.5792462002813 0.203519575461308 2.90244368947057 1.933488883249 -1.57703288144742 0.0718934101526585 -1.85712376518961 -2.67058227970137 0.0568019737667551 -0.689353214642431 0.377371107982555 -0.457760692091242 0.0140558482734578 -2.28393184471858 -1.76586262812059 0.827489589242411 1.77423347691377 -1.18730574642209
"793" -1.56023646411471 -0.0579982981019415 -1.07651676796574 -0.784896737336176 1.05512531374472 0.945870972665943 -1.20537053228682 0.91597553036317 0.25136548369794 -0.556212340332241 2.01173222169065 1.64326114057235 0.655528418173043 -1.44771456930003 0.952408912436263 -0.370952203360693 0.66382823334811 -0.236461829705242 -2.8634995479777 -0.0485042879874596 -0.926372721726082 1.78543032480334 0.474464001963637 0.261952560188396 -0.973296999194418 -0.56568168838185 -0.919621409828152 -0.159809824731871 -1.24189814067107 -1.96328774855425 -1.82588246668578 0.820226515579117 0.620213386762379 -2.52786293801538 -1.82658155910049 -2.68759479003413 -0.0451159015183077 2.2818473959213 3.23963016887073 -0.0651089764673509 -0.978650963250128 -2.31680303966597 1.07249443945945 1.69218956467869 -1.15961670881851 -1.87299370645605 -2.26561627749367 -0.0971741209440981 -0.600150337337421 1.31499023090549
"794" -0.261745369871992 -0.232496665693288 -1.00415363146591 0.521394425599419 1.42509833530648 1.06113005031946 0.392767304103497 1.56832806042901 0.245703387943834 1.52734216171582 -1.09745562468265 0.132553176075174 1.16054970380492 3.45004248922454 -3.73707613940269 -0.388001847578585 -0.101419740474204 0.123219250049175 -0.669217416600631 -0.472701261949743 1.02538799582659 0.104162044153686 0.022145378122798 2.22172191579397 -3.0092631915855 1.06434403798581 1.06720618702804 -0.840137430146307 2.22140492022409 2.5998990995017 -0.224349364724724 1.29692749578485 -0.462523458231925 0.72964626453012 0.2956281175607 -0.0901821971004673 -1.2677516044859 0.194603272238338 0.848795356019274 0.453739371029991 1.14237409981653 2.76940113311724 -1.24206311439614 0.219923599190371 1.84088573263359 1.56757352621108 2.59375666832489 2.28819138933119 2.55892735872421 0.626658013594609
"795" 2.19711402589135 -2.53639384257994 -0.503748274721773 -1.63828833738847 0.811628085544353 1.13880012661115 -2.94413579187203 -2.06207103725793 1.49189856804162 -2.06872858617842 -0.0241365744848918 -0.00364857239920498 1.16748566805002 -0.550817175365921 1.80898774926802 -0.192526001665371 -0.38812683647818 0.167000901919207 -2.10139541426151 0.700653539437061 1.18418350484112 -1.0569723591369 -0.346675667674576 0.131112291570836 -1.85983132942142 0.857436437387783 -0.961143081529989 0.43471832440125 0.416203502612983 0.91628482226668 0.759857367694198 -0.817243630374591 0.519923817879269 -1.36155258265432 -0.100591815541729 0.411572993167317 2.36897504416589 2.02585944517029 1.99004628784457 2.50441139881973 -0.860887337607715 1.28781200897879 -2.59138132146572 -2.42514051557196 -1.18776405421903 -2.02329754361953 -0.308699172186424 -1.42992470717647 -1.09108095393076 0.141000330430585
"796" -0.925350409412339 -1.62709654893929 1.17412281155663 -0.241506845930685 -2.37797354936075 -2.30777683214975 1.51024588969283 1.36309733676019 3.17390824642828 -3.60268094048163 0.224105297472578 -1.98188773889367 0.48075491929395 2.38687433103535 -2.43644255583511 -0.917433734288584 1.15526425826555 -0.00173157091675404 1.79829141741046 -0.10118986581355 0.345725590184745 -1.07028356111281 1.00599997204926 -1.21770454972884 0.521959133197695 -0.672691420398193 -0.441697289965058 0.140328972871847 -0.722484140591055 0.883083699583718 0.82967151321747 2.44118035904299 2.04989591906403 -1.27701134023245 -0.909986710995084 1.93050161746187 2.62709658779321 -0.0587710760334623 0.865864792303997 2.20178270803779 -0.934887651027259 -0.779000039570724 0.0231700502027888 0.155245790478395 -0.0466373906262011 -1.58872605935347 -1.59555440747307 -0.785732853015702 0.270755294062711 -2.10413738532627
"797" -0.361425286998219 0.19884575935214 -0.0152749008675897 1.89151990945995 -0.313364355618905 1.10777000424564 -1.38309481585839 2.70637371729292 2.35387326775334 1.47215973890226 -1.73238438707526 -0.97761175437571 -0.600465079916562 0.763251381916047 0.58138545618077 -3.4789513034936 3.01523076107281 -0.348462941128909 1.90188575815101 -1.73195320336784 1.52138737370077 -1.6336964099653 2.04540358695434 -0.684381478571035 -1.10328376421512 -1.50549082692448 -0.9541188821631 -1.30295231605283 1.20405293437673 -2.13226890470979 -1.34697944119923 -0.0842937044814759 -0.708076397969277 2.95334540369811 -0.647795013891591 1.08883049739608 -0.411555036399129 0.289402727402795 0.217440412632321 1.75025307883299 -3.59653349520397 -2.92547851665585 1.66860147952061 -0.314294975483294 2.4821932110242 1.14968513343855 -0.342505843949984 1.13455219893349 0.78409960210965 -0.300097511305285
"798" 1.80337645729793 -0.295075337338886 0.0875456073348309 -0.98080908900452 1.43322862460221 -1.134595842728 0.581788390268302 -2.64084119437572 -1.021674863634 1.05986220883531 -1.57381869714323 0.566051532114036 0.846291407002679 -1.90910046657417 0.0124678374364738 1.64888958499571 -1.54104553889505 0.975110588049958 2.24550406051099 -3.62191922352884 2.33106495746988 0.076350424123866 0.497784491491907 -3.27542817710341 0.850601356992124 -2.23202872684826 -3.00888379837216 0.267994031401425 1.17177307843607 1.01007826615164 1.61137680904572 -0.892187284309728 0.653412627766933 0.598983182464641 -2.37870501749543 -0.540251550190208 -1.05748215981862 -0.930822290995203 0.834569142646915 1.01157105743401 0.439094203689471 -0.0493356377222593 -1.22532209760613 -1.88459296535728 1.95883596343652 1.83588994194621 0.0490781579395971 0.376020958291213 2.36255742041675 0.480469952958022
"799" -0.340380040062807 -0.89964949083699 -1.13737567782743 -0.153441831567888 1.36440969822314 0.175847160425235 0.119188208849147 -0.13189708199528 0.220076788681748 -0.489307888849288 0.525443055511727 0.440655385467893 1.55083519159331 -0.346227149392231 1.62116495075675 0.971864006861074 -2.16502911815437 -0.0743313168893432 0.0688320641747852 0.333429206241114 0.111281295389584 0.197893079127782 -1.01654228643579 -0.116251710949147 0.463815560466946 0.536498639463892 -0.695828768127261 2.52294813345482 -1.98706174950706 -0.661358086863272 -0.52138176427908 2.02255908779589 -1.01975603868525 2.90979704558988 0.689786801424158 2.78275733809186 0.25678943119402 0.46040279400655 1.01229083565221 -0.364112537206038 -1.27471963163271 -0.699964884045254 0.791760225964682 2.76769854070834 0.922090726626928 2.51810260999763 -0.899446003892237 0.672343067158746 0.393714946523483 -0.137765906088914
"800" 2.04864031175263 0.665951510089272 -0.300994016159152 0.363438293452098 0.672430274693665 1.00916827079199 -0.424727286830072 -1.20092034531421 -1.20372936355891 -0.550411500629863 0.306478371948919 0.603314873251503 2.36692481021071 1.3422222320622 1.74188821002051 -1.07356693438605 -0.223877376046723 -0.0292583614957604 0.662407895136308 -2.41089178135707 2.4932852932957 -2.27035018353112 1.7038970333543 -0.965861181612864 0.711542631491661 0.403387413188916 2.56613842100167 -3.06500272855308 2.19375005976565 -0.533092754750778 -0.284624129046798 0.125861330431469 -0.887479914305681 1.5078471370362 0.113224038410941 -0.621043911344686 -2.0410814434591 -0.408302730279772 -1.00563197232218 -0.63071151617187 0.899872285838611 0.0941045172289575 0.741280615798829 0.512722980569598 -0.795240898430741 -3.14712492267973 -2.75120151676823 -0.727733652632881 0.891011532852629 -0.0812140643070481
"801" -2.71903059471598 1.3438295035136 0.258203941943338 2.44498209401801 -2.57971039182631 -0.380620280597813 -0.085059143634613 0.257750535189676 1.87875083407684 -1.71741262600244 0.302551137934372 -0.892507379115957 0.631163122843572 1.05865704565292 -1.4916411018113 1.17874940590417 -1.09479184188936 0.914742769022111 0.755982871827981 -1.04479016340662 0.779913303373184 -1.14152122801902 2.08128866262678 -0.773077685526223 0.53512198144506 -1.13280070744412 -0.786965754607808 1.23840853440325 0.114211656575632 1.05720185142753 -0.870221122360287 0.992304496181157 -0.350937285774579 -1.58744248316363 0.152820125608127 1.10098156908084 0.793826282956712 0.386727242561869 0.67933895382526 0.982240521591404 0.320689223534172 1.0191964888189 -2.05648965302865 -3.518313790971 3.72882582330243 2.13627524144612 -1.19160275457547 -2.46374706099982 -1.39372592339101 -0.605146650660227
"802" 1.30045022463085 0.323160699185055 2.74202046521022 -3.0593256391562 1.39483994498843 0.572649051270463 0.979276612309931 1.55539303180683 1.5601495639332 -2.25370814756727 -0.345105906061888 0.100050772617224 -1.8325350480394 -2.22989506461889 1.26682740178501 0.257875857230479 0.294219724534723 -0.405125808820134 -1.05560550680503 0.205272033586555 -0.0906388736120268 2.40454677392982 -1.23407615949865 0.0351163156442961 -0.0640892738080642 0.722320241518761 0.631255044668785 -0.517299210719813 0.881890338588972 -0.035327179387964 -2.1058573815518 0.738065511138775 0.294623230812863 -1.18927832747123 0.961977407988956 0.30523105756115 -0.116043708879963 -0.216750181384672 -0.983174107811467 -0.422399207867873 3.15680931246477 3.59522267575363 -1.43171155559588 -0.0285785395289047 -0.079105784776602 0.543592711669099 0.17347213846977 0.808360850356843 -0.0921420938550106 1.40517227040513
"803" -1.16002227897719 1.40752194300775 2.29108193457821 -0.737329489761723 -1.28854917053101 0.0130222209806343 -1.06111907758295 0.344402009081871 1.41755648818193 -0.694033678799301 -2.1810561603395 -1.60746433821194 0.567944053129639 -0.317710603744759 2.86618048170341 -2.58990762843406 -0.185068540434216 1.33454452959195 0.0456525614822987 2.73382381846207 -0.884583213897954 -0.430941719498418 -0.347702695031482 0.58294009705851 -0.601104713842933 1.45338007922551 3.22109128959024 -0.124076281623244 -0.70346529726751 -1.39681640501226 -0.512448111288188 1.18234642446794 1.32227792487826 -0.694926158718633 -0.0239038136881776 0.865066658025816 1.51649727616835 -1.35262202866762 0.572170284729426 0.199157816177377 1.9981728484435 0.8162690130697 -0.27733035783169 -0.306626567802149 -2.31594188412353 -2.24634262996161 0.990099414328374 0.414446739156847 -0.342482826980521 3.0520193280282
"804" 0.385717628622617 -0.378122267677408 1.61629404210702 0.944862602090385 0.45436266315492 1.13306691042594 1.13743385947914 1.4427442507251 0.805532087314881 -0.524452889421155 0.824710609817712 1.52316632976985 1.01000350952964 2.30053598319899 -2.37317348044035 2.81978591532226 -3.63335893588729 2.082433982752 -1.32134269510467 1.67339686180991 -0.376325173902805 -0.301651669514533 0.542027558853943 -0.462023992965152 0.451732317637082 -1.91257172801798 -3.52966092262222 1.98940357265527 0.601787206399875 0.683630015235406 0.0208881622281366 -1.1032845382886 0.137294174132216 -0.122286147408519 0.489231427051081 -0.0125347382860123 -1.21365602101631 -0.0635990423206271 0.355961659051784 -1.0946704012171 2.0414789427198 0.295266071343323 -0.370850045791946 -0.168939369879289 -1.09918068854444 -1.76032981241282 -0.922998625771631 0.508613821849722 2.54737700596865 -2.43632481890894
"805" -0.621834756908398 0.416265753563389 -1.20148606380331 1.12580900390093 -1.30858781947801 0.0681055768042836 0.618355549923664 2.74010167923802 -0.334677605978571 0.00564253878425926 0.721702905859586 1.46233649803682 1.12279067224943 0.450697662648314 -0.597793299726199 0.0463991021216432 2.09705476535617 0.567371530421501 1.30795249376347 0.976058064148894 -0.812163559575837 -1.87608564490496 2.06403373888381 -0.296431952951793 -1.56504881473103 1.19069478906986 0.451457798314684 -0.696995870775148 0.418123663826132 0.3405644163993 3.80364895647383 -2.90915139397818 0.631325748773965 -0.612557418971693 -0.850086246284969 0.185141322008649 1.63887204861987 -1.4325691511315 -0.200944228018008 2.7131891861052 -1.95120923686598 0.547928459208514 -0.309769153905673 2.14559771207051 -2.66837288791822 -1.39293390342476 1.19282405088894 1.04652722374153 0.323831748078273 -1.42146812028723
"806" -1.80962667450754 -0.799591591681005 1.48667013037689 -4.66093786562471 4.19596384788023 2.87259692216622 -0.49200669797846 0.808944102781062 0.0328618178603511 1.22299143675277 -1.04727317957905 0.453803099983986 1.86053412557987 1.99943604530634 -1.06430609651638 -0.995272334211016 -0.367726921963885 -2.25518665479278 -2.84287190410177 -1.47092887272363 1.75118597801281 -0.965714236238925 0.604236199225952 1.23097979805038 0.311686800664913 -1.02546818285558 -0.0231464781984396 0.744781334261381 -2.38012467948087 -2.82127386443048 -1.43517184644948 0.767600039198911 1.01763860380836 -0.447439843871968 0.809246319824083 -2.66931386000975 -2.58875276822641 1.70114448595318 0.0488642329345569 -1.51554728688295 1.6077485964244 2.25967953129623 -0.375599830297579 -0.768040491010956 0.959492508754758 -0.822304302112919 -0.651596761546344 1.51252553869135 -0.41276816418463 1.63266211461843
"807" 1.88477640284794 -1.3273011180364 0.0193356999699121 -2.07145137752567 3.38291193457701 0.918929698197022 -1.03530975705193 -2.302644662578 -1.63200104941575 1.76632820446058 0.250973675491706 1.14898305244553 -0.142069567167473 -0.6831685502045 0.513786781892861 1.86649648648852 -1.88108404984562 0.309946637527104 3.20964712367335 -2.38896929927277 0.267502710406903 -1.57371589212097 -1.02917260715689 0.460021921687967 -0.126175358029903 1.31317161940615 2.07456855692373 -2.37760770389135 1.61012581163124 1.28201628879012 -0.495467581246559 0.28837914165002 -0.413629351613677 1.23838013220688 -2.74496411128197 -2.53012251484164 -0.629503075984136 -0.19953382153984 -0.234749265560799 -0.450404965596927 -0.614131277452649 -0.156932857893728 -1.10217046676542 -0.869943500879304 1.89303998251344 2.01013139132424 1.78728172671039 0.730259488843069 1.13287892242884 0.448232191087109
"808" -0.542848515248402 -0.71994688042603 2.56420750529698 -2.36042147406138 -0.890495244112831 -1.15468449672227 -0.994734809875578 -3.43559824647198 -2.30449469436207 2.56653888438125 -0.662131193485419 0.464174754577608 0.123469886449365 1.5891622025128 -0.3729763319889 -1.12490493320014 2.03215985900973 -1.16916760908979 0.613377149503765 -2.26048206048926 1.21792234214858 -1.44824833057943 0.109336631927882 1.68864948066075 0.100891260979947 -1.53980459241619 1.87106240178973 -1.25419357943672 -0.0015493352104776 1.3379135133487 1.21547625100685 0.741123869867526 0.335637826766486 -0.637862410614215 -0.111317767658317 -0.792794468302902 0.206838374766857 -0.84784303912173 -0.400391313312216 0.413258568054693 2.10615146448664 3.21197207111453 -1.0940404675155 0.396841878651667 0.817077443293078 1.19091911613815 0.636533187469606 -0.157750594631775 0.0877623958563604 -0.67709863566043
"809" -0.695680390212709 -1.50816603897714 -1.63003896391726 1.18732715205245 -0.114912290930245 0.681153964053948 -1.83220396625615 -2.85252144570092 -1.59750252644328 0.376962813163061 -1.38984676916765 -0.637482588130427 2.37138320769671 2.3445813402939 -2.7325783163044 1.56294162646856 0.222819498123728 0.37998504843268 0.774192016545322 0.180305979968952 0.54603388794851 -1.2649566403515 0.37867604022556 1.03946620722947 -0.704849427165517 0.730647280851809 -0.736830263432908 0.964087299028019 1.56513361679948 1.28049054945061 -0.725711622359798 -0.184612465930273 -0.866023711464123 1.13081993826537 -0.948995161180853 -1.27904532302513 -1.35256302011821 1.68384777857528 2.3625636698832 1.67903894110541 -1.76575529462397 -1.07488872545201 0.575307736422322 2.14614995261912 -1.96906258452623 0.395731619021611 -0.752552771429794 -0.930111640720371 0.260637113004982 2.49000561673253
"810" -0.12232520200803 -0.038916836700469 2.30653932384606 -1.52322974195055 1.33621572307467 2.62738580188007 -1.7133924929724 0.243522218545399 1.61190189166269 -0.287148668120963 0.817729736461131 1.56698706319271 0.20473224381015 -1.96477792986191 -0.0707135740635966 -0.356774007772757 2.81143099386825 -0.675523964851807 0.0359241519900741 -0.403687707854725 -0.325741466343676 -0.245315165523483 0.366954761706617 -1.21889670818047 1.18312209002646 0.465599655768538 -0.508995344583267 1.14372949320687 -0.369373703678411 1.52351508979825 -1.56627446700565 2.57800277751994 -2.27583192813887 2.60344308576136 -1.84420828364294 -0.296795266329932 0.891237133757692 -0.277075734572458 -0.11322991080815 -0.76495706314188 -0.998376048317447 -0.578331348469783 0.382935214779629 2.64420573879143 -3.00923601512029 1.04873213906978 0.577989006508589 -0.510004747899199 1.3906748018166 -2.28694316580642
"811" 1.71225134478262 -0.275900613141206 0.412629177001536 -0.844172660459105 -0.312036062937706 0.71110148040998 -0.706678345291186 0.61218671656531 -0.489601594885858 3.12814977378036 -2.60208472776304 -0.865804110461138 0.755060108437075 -0.794573311490753 1.15625292162484 -0.372924192804762 1.75777005853942 -2.32361282891334 -0.175745419335702 -0.178672577747276 -0.528205051955475 -1.85677007306463 -0.593883630599196 1.86194625381246 1.78882833791911 -1.46913797269668 -1.24111557467524 0.682327337062587 -0.355713738992422 -1.1669306303099 1.08291261822905 -1.62092833512443 -0.814047890474589 1.09324747826229 -0.413704548534755 0.537414202801998 -2.87546746636434 -3.48779912590855 -0.408338801170873 0.793463410868277 0.513054903214614 -0.0250753683664776 1.42075338933503 1.41812268479312 -1.71068517573751 -1.80017390760476 -0.848166174182672 -2.09511581258248 -2.30539198563202 0.309651996574267
"812" 1.39192737381366 0.368495442847206 2.42452203245088 -2.32090819290596 2.64367024388134 1.88853512582205 -1.13190525937118 -1.26225784658275 1.14962119445418 -0.0792597205484592 -0.45195474352536 -0.307938643681911 0.203106608323214 2.08697118623063 -0.97294841078996 1.50899804111693 -0.816945222994585 0.701330483950609 -0.538325352351473 0.582573198679856 0.492661178271652 -0.772480826653782 0.447162043209652 -0.273459422245505 0.21323936093159 -1.43275436001049 -0.0328179031343433 -1.78634443895856 -0.176562353422282 -1.77636905463852 -0.232547387740367 0.316021352007074 -0.199045671503167 1.15697679555334 -0.512197923731478 2.45383607834822 0.953712261966535 -1.37591026459701 -2.56938491411819 -1.30078479485803 0.372992383281128 0.518320871693472 1.3651863897058 0.993935899400632 0.942127660095439 0.26421134516904 -0.53329862206993 1.9138652123978 2.58052925700061 -1.98416100038746
"813" -0.0519521802737652 0.0271697329659489 1.64099568163117 -2.21089212966477 1.53852731967571 -0.974358981682722 2.32271714509349 0.0525301977710832 0.47919317324343 -1.68427787428445 -1.42422644102775 -2.33953470028474 0.194639404689785 2.69948671303136 -0.974993801270198 -2.13534790325738 1.87152167450836 1.73557517708409 1.89133131964981 -0.821793904928192 1.00120443076271 -0.786303188861284 0.884259554610548 -1.53649139514463 -0.530616578784852 2.60711015953992 0.751415134172966 0.756228067211144 0.125369434754338 -0.667131366560298 0.733474252912611 -0.0767498559491455 -0.785995353579656 1.78731694467822 0.159123447987162 -0.173834679874719 0.828926605109248 1.65459220591686 0.171329333415372 -1.09496375591214 -0.349285584657513 -0.383665991715565 -0.468279965094386 -0.684413339800783 1.93675532750413 1.14647902011441 -1.16760065055496 0.811415812032698 2.46696930786915 -0.721357378058781
"814" 1.26491045673178 -0.641794854808017 3.77773978099235 -1.85669030606686 0.113317089513375 2.0640014523513 -2.47178703688639 -0.202029473676624 0.224437746022816 2.56295011542788 -1.2841519706459 2.83611161276504 1.08053934299699 0.323792138996215 0.181129735198296 0.147160474963586 -0.192456087715405 -0.645923748823664 -2.0183800007957 1.34812630470513 0.140983753202772 -0.584581738725949 2.00040497802566 -1.18142393493683 -0.992101144394052 0.881879968927726 0.41881111534704 -0.474823370887006 0.354874406961882 0.147235798816223 -0.171252080503336 -1.21997934442283 0.543063568203663 -1.20888889986606 -0.340712649876142 1.19003763159453 2.28986556266722 1.64885909092789 -0.377488069408601 -1.85618976768907 0.210751623660358 -2.42843229347727 2.390761239267 0.898404278776287 -0.658963180011898 0.298589354760893 2.27316780918888 2.47724040955769 1.5428484458528 -1.08080311305491
"815" 0.842738352980938 -0.985348411683155 -0.869051756023958 0.69162258031201 -0.129447441705568 -1.63640724624652 -0.976908707511244 -5.13313544935136 -5.33460930637811 2.34199013863565 -1.77937537676533 -1.47606231858152 0.526212400811022 1.72679299582177 0.650134151158633 -1.59721029123249 1.43701025299179 -1.15332807174679 -0.746517363405761 -2.19135927812347 2.02146798090976 -1.22360747100926 0.639669088435278 0.265766830534587 -1.17686966529389 1.8087865940075 -0.00633263515056762 2.15963221735422 -1.59519545574254 -1.29287685154958 -0.93905199317928 1.49021593867193 1.98988983580432 -1.64956977526478 -0.126398067058576 0.660726103598744 1.67125619526679 1.39687948676998 1.0192810529555 0.846944973074239 -0.0533205873992373 0.116378993471528 0.00437047104234757 -0.383395899075251 0.299376877852189 1.92742589254157 3.46708698235649 -0.510458824352414 -2.74350291929519 1.82112649494968
"816" 0.82179889611448 -0.647121878873712 -0.694559698411655 0.343264183824597 0.168320860134785 0.545094200611079 -0.292521601251361 -1.29122473446164 -0.662794932582172 -1.33493059368244 0.323527598647957 0.306191522188945 -0.93651275446782 -1.78153680682608 -0.507051383977604 3.8279536630312 -2.20796621103333 0.206340367729406 0.460696561929082 1.22442416650669 -1.63190124667061 -0.0713609307032701 1.90801566308023 -1.03321792001259 -0.378390050595296 1.10481219336017 0.950318904942068 1.43356616979212 -4.01624655076852 -0.657150284318388 0.364738054897376 1.21987683497564 -0.432562019031755 0.878194414000713 -0.0132245508730669 -0.487199365327075 0.401991933902355 2.24956475384771 0.0927725338858371 -0.243214423427461 -0.415488728299281 -0.946707082072978 2.58055533868868 0.626437896730735 1.21945652904996 1.05526437259609 0.115039168591371 1.13716936735128 0.422239289646756 -1.57609176504895
"817" 0.210072063800204 0.946508939442549 1.00781579602716 -1.20280529139911 1.44590036952877 -0.0931851265553255 2.11066105861333 1.92599441152252 0.787038675123528 1.64995353443938 -0.816178971596893 0.697225360929686 -0.857244853203483 0.536603880330759 1.92963284734242 -3.30509278430471 -0.040066827108574 -0.44033492978272 0.182212182250464 -1.17892685641411 0.572022634697091 0.0448990283548787 -0.469634446235075 0.984675819369489 -0.346109664017056 0.193982513975284 -0.453378831112521 -0.192795707264641 0.00777904745550028 -0.0380719754834429 1.09364090450802 0.61318659918091 0.802427407163515 0.0403045806441571 -2.55584165990248 -2.28166019700163 -1.58156499577307 -0.771508927888408 -0.48519588110829 0.399069511480358 0.729657868186479 2.42585882052633 -0.671910515755803 1.27919996653812 -1.40170518653708 -0.075055102280933 0.649944152129299 0.747834835049452 0.184743317638153 -0.460936502775936
"818" 2.38218386245042 -2.36233055683548 1.46096463803937 -3.02890004309979 1.59560421789975 -1.39725318290414 0.26734518462068 -1.41662667189063 -0.614668570527409 -0.544899166067082 -0.890280615625158 -0.308557406941739 1.88495075157451 -1.11984976194692 0.674356457831882 0.743640907296773 -1.59549182920243 3.51077415309824 0.470908660850072 -0.397023658234952 2.13281218369502 -0.567097089020967 -0.464478540687744 -0.0877905260110382 -0.893027919910808 1.26338231575813 1.16867439024565 -2.72580839864816 1.32471594271964 0.0975217506221951 0.115331808648484 0.489888098073165 1.56195097581047 0.31952794878138 -1.17401755288924 -0.0942156921369015 0.880676462667527 2.37882408354195 0.986123523250869 -0.405662852293238 -0.639526611048631 -0.238987301242988 0.443138275941233 1.29070748910264 -1.57611051296257 -1.63142507961244 -0.206881720538714 0.174556558933323 -0.734694926159205 0.164791972858207
"819" 0.512991772451046 -0.368051402586497 0.989448967135943 0.539833299821081 0.0147505191486629 0.625110970186368 -1.22170635535075 -0.683896379270298 1.67116905633091 -1.40333139602243 -0.73554914279507 -1.2107537276813 -0.192881025041975 1.4718953073805 -0.934765152472744 0.528011156681112 -0.396822697241255 1.00028902187119 2.69549303414004 -1.66901499867641 1.69744629613732 -1.06566927596746 -0.130164499635237 -0.239023034395319 -0.33248365370938 1.06014968093442 2.02189553530697 -0.142003144498783 -0.0338358032145418 -1.28444962856861 -0.571756459195186 1.16286765998076 2.45806258090047 -1.44421373661877 -1.2420163565398 -1.31099905633993 1.92202893007518 1.74776105030481 0.0918380539056744 0.474910941037438 -0.924046182071686 -0.948227399723103 2.54859074366939 2.99344066934554 -0.780189535172712 -0.702796920204644 -0.829005775598196 1.07900744045557 1.79304982502638 0.33430867321379
"820" -1.74422041066332 3.23066974286136 5.66859894876924 -2.32592019211197 -0.815849556792921 0.451568755334675 -1.60137140049567 -1.77446630118889 -1.27226322753133 1.20158443249132 0.677527979992464 1.97617649892682 0.776415875467313 -1.95544801878848 1.96897221518066 -0.770825231892717 -1.8350899894577 0.523230301967665 -1.22881042369506 -1.68018926311027 -0.249090995702183 -0.221712679528561 2.64200514303337 -0.508029227625067 -0.176502999315225 0.593862377443641 -0.0430701400575801 -0.142809637893083 1.08028336358001 1.39792554503247 -0.00405404466401315 -0.575414632958462 1.60573019934261 -1.9117269051214 0.700578323999665 0.601557371939355 0.504487077420832 -0.291637715349796 -1.06638354292041 0.906973286156041 -0.969369206685016 0.587190428108243 -0.840538239901332 -2.12589526653074 3.63477253468642 1.36615619519923 0.485846999185448 2.11155689184523 1.67842222938519 -1.66173520777283
"821" 0.465215947779421 -1.7511343593834 -1.2715715475942 -0.239853216337699 2.02726737257211 3.44212330791001 -2.25740233137915 2.63760584369717 2.8758259845985 1.04008161628005 -2.32858918064286 -2.13102499818733 -1.42221738132548 -0.63159312476551 -0.219054251428 1.46182217141581 0.0604907227840741 -2.31174773774729 1.02029011725332 -2.04955953160654 -0.82984725889073 -0.200804557481884 0.056968085426498 -0.5485857811276 1.14594948047035 -0.725327650948784 -1.12902465989744 1.10178542146615 0.948290882630122 1.90251793219097 0.663727976718394 -1.29814820401179 -2.95033854778953 2.43489216316014 -1.34235727495085 -0.580976324397928 0.646022622522593 0.318212365105944 -3.13551410070677 -3.97988551338024 1.85688890492091 0.289496204058665 -0.730105615106454 0.0871580222918656 0.266921334759606 2.76779427521065 1.21457389691289 -1.33005357080974 -0.598168559690236 0.59232077344647
"822" 0.785157273678001 0.0890567028860714 2.76768171495715 -1.22611509348508 -1.78040079988567 0.654852859402444 -1.57750822675739 0.643113204308044 0.45637415254914 -0.304796447336355 -0.799271250638799 -0.376869587976706 1.85296957977539 -0.430108649245858 0.693334834825198 1.02444252132116 -0.957894462518864 -0.157755459596637 0.00381156904058192 -1.36541777219856 -0.708267925751483 0.217885787766697 0.126656782351315 0.121397922573856 -2.21648770542385 1.21203826045507 -0.757774417541637 0.719348999806857 0.276853634690262 -0.316815526507692 -0.550563959172605 0.267734890828304 1.6732469433997 0.425594875881101 -0.0762010226991546 0.207592083115536 0.472697018611302 -1.7672182715248 -2.00099231219943 -1.73733915941883 3.2252138821641 -1.73732481614421 0.761964679981372 -3.07104793282381 -0.90392694981828 -3.77061838851544 -2.28091275750882 -0.234495248093882 1.02403779517881 -0.239234835779194
"823" -1.77393199076004 1.52478570691435 0.878215322446958 -0.539711790969848 -1.92177326737087 -1.09040785136189 -1.34649756107893 -1.6826767721752 -1.79522612121629 1.88642303092496 -1.74898080330355 0.90831171824553 1.8575623949354 1.41336820918995 0.937873654400378 -1.40646331554444 -0.605862145715581 -0.467945896301034 -0.970386877273684 1.1871099524314 -0.45706740615672 1.52327324512546 -3.59700468968305 2.74938894065897 -1.05517455687581 -1.38332230146907 -1.94886002639172 1.2517924572729 0.267454410454109 3.27942764508148 2.49751873738231 0.0704498477950696 -0.414287128822077 -2.2603188907719 1.43391677112848 0.965833086427958 -0.365614179969926 -0.696580289527448 1.01589942913628 1.74712471844851 -3.43070372538871 -1.20404439155092 -0.272956250398293 -0.691216650677986 0.534515701016169 -0.186209023631076 -1.28148655183288 -0.365843757972922 -0.126031132517875 1.87656863631367
"824" 3.56305492102127 -3.06831810866962 0.147366169208609 -3.24657017369215 1.73120043096864 1.05240374946488 0.445229630217747 -0.360950093391669 0.828336265699761 0.455226168598988 -3.01245148991148 -2.31469288939359 -0.566255244271789 0.281246722067098 2.66612176699349 -2.57905996854626 2.07522474430717 -1.22283876414409 -1.4961359559189 3.00850968494587 -0.794037567756793 -0.547281971675344 -0.96599354891966 0.255345831294619 -0.21252502164321 0.675693462575648 -0.696005755149844 2.13862612974937 -0.477494016627341 -0.155725126829514 -2.63767301019653 3.68053485322381 1.67205453401607 0.717893762114445 -0.161863521890845 1.1936715066045 -0.960243500119844 -0.846754147330611 -1.2881140774683 -1.38591579492785 1.58397238852746 1.14847366499438 -0.423074688000363 -1.60132955020959 0.0788273551764867 -0.337883275939406 1.80929267032586 1.03910557512508 1.2270101273665 0.0471026172687759
"825" 1.01281472985309 1.33499048874808 3.09435988516154 -2.72075729037852 1.0960390844427 0.434560092150373 -0.737432749158747 -0.773230181299867 -0.790705588149682 0.83227199771148 0.107555808655472 2.45471792584955 2.63002741548323 -1.14853631958162 1.61305194265955 0.715459112076117 -2.16830190993248 -0.722642982503263 -0.561548093296659 -0.778711143476799 -0.314252508382695 1.42723333919458 1.12406471134782 -0.273170637096747 -1.14648309860739 2.06276677385803 0.865039970328652 -2.25339764505031 -1.69085496079957 -4.26671572778263 -0.908115379394798 0.408394768317221 2.04698946094146 -1.36159989760835 -1.06716327589069 -0.535748144710779 -1.0269915929049 -1.69257226370519 -1.11661314298165 0.675711882375131 -0.748803988937469 -0.107192917112953 -2.15340891393658 -1.88162986588197 1.08243740648927 -1.61217461642488 -1.86678551529226 0.365322199253286 1.85805283684652 -2.62673876531321
"826" 1.28948543147851 0.861498316599352 0.477994795077148 -0.785873948841807 0.654722454388399 0.0644177974236551 -0.858911167579059 -0.653978452906059 -0.324945879409697 1.17675695420538 -2.6529830122853 -1.2553995318085 -0.521266404945443 0.22045209414052 -2.3305098529884 -1.13237568907383 3.14679819129621 -1.81881977427411 0.949133472135784 -2.03015624378191 1.41137135538449 1.21885735431561 -1.13085621348304 0.584887546654262 0.131959223847474 -0.0321155798363961 -1.15883461164326 2.43881547055131 -1.23479519896073 -1.14887832184064 -0.758583955186066 1.83324468840982 0.594886980578995 0.508032818688808 0.892119514867057 0.612538537028157 -0.986701790339859 -1.27576511244419 -0.0624700976804866 -0.477219962275704 0.532364614963223 1.71667112361153 -1.1461948171164 0.825054287309194 -0.436513509669084 -0.654719802221206 1.09971543156935 2.09950484204688 1.9610878450155 -2.4582238757346
"827" 0.806604324913403 -0.644208285767296 0.998731661810381 0.157962129935498 -0.865502060827072 -0.387832130351741 0.622279604714637 -2.68094555994918 -1.22411605563767 -0.43255416915911 1.3540325193762 1.68899711483844 -0.628416887049372 -2.09864607784521 1.67796964741603 -0.139636481406189 -0.909642449117579 1.06516254829283 1.04866223630313 -3.42445600728039 0.896814931913266 0.838628946664937 0.236292541446591 0.535287020719543 -2.29747168901677 0.939250352608334 0.482679466399609 -1.37679037853669 0.0857611812779665 -0.523206046197145 1.27318419730793 0.267688611010773 0.912904814303081 -1.78960200033641 0.791125692172439 1.02548600027754 -1.1481401720588 -2.72905683749969 0.365025009730714 1.34833249872717 -0.540633635224194 -0.0795766532912178 2.45464472999224 1.37434064153521 0.0797744416724449 -0.470806967033042 0.0735364993756522 -0.188777608026645 0.319782786665623 -2.05913226906388
"828" -2.92324223731834 1.0767240878545 0.712357877580398 -0.110596083873904 -0.610025044886857 0.264238155911419 -0.430672697760132 -0.338516682270847 -0.812440699206837 1.07544298881573 -2.0187727760937 -1.09257258148682 0.968757712788337 3.05345395986131 -0.207221610806076 -1.68450829524205 0.713463340335851 -0.795543970689321 -0.567324012249274 2.55571079537244 -2.21328331016902 -0.765515610530292 -0.274754536990187 -0.388258476073149 1.22697268679655 0.456816834659674 1.23672190419483 -0.551282565980584 0.887876414061524 0.116314457494077 1.00839376266907 -0.156096800535405 1.18589187321944 0.402199542080513 0.97876611123056 0.0989774651665394 -1.10536773887513 -1.59370354583051 -0.684834491014793 3.63788178820708 -4.03890108274498 -1.73724889665072 -0.294859918756451 0.233199155849387 -3.26875205262896 -1.34663714018831 -0.589187549613343 -2.93839799819315 -2.38480677182436 -1.41384421863936
"829" 2.58446926140137 -1.98729920866193 -0.870979435288713 0.0835888187104116 -1.18427584559569 -0.917771374612798 0.0863235717117039 0.333949350849909 2.73441562557961 -3.07787392447115 2.99242662277729 1.16469798437449 -0.981403460593651 -0.175276607352769 -1.1490532418669 0.757009761509386 -0.438052523320667 0.558293451123062 1.32099798324666 -1.430102081447 0.860208578749495 2.42481853083973 -1.17193415829545 -1.3564352229532 -0.659079513294533 1.08105703967451 1.08667994338523 -1.18857776028177 1.28294988006893 0.923080883926747 0.0699110009448617 0.4151638468052 0.0953396673359982 -0.404649276988992 1.31549804681909 -1.6348229286315 -2.6646321925946 -0.830827904729853 -1.01766071692789 -1.96422301483851 0.326439336249549 -2.84663536589161 1.19728236714709 -0.859845946822668 1.07413963432374 1.21003098959916 -0.545624541601218 1.96529186087091 2.02203702888342 0.342415990453002
"830" -1.13452552249229 -1.28003599858308 -2.20152819944804 0.326270112430685 -1.1331403581981 -1.64854527795977 0.158803729956107 -0.992507242005348 -0.954063851684586 1.62313205888427 -1.67867240733184 0.739354911494361 -1.34151020251536 -0.180575165447906 -1.48370766058064 1.76869309760219 -1.0710963361598 0.47320127714807 1.75267619730757 -2.90331723990072 0.644420549358489 1.79128526606531 0.837008929165524 -1.30961976457515 0.951956844980146 -0.336013848046273 -0.753313610119769 2.97952390281684 -1.55773443089118 0.281095562437901 -0.69587132347988 0.998309636186962 0.973005077205166 2.73222750500474 -2.51139361989211 -0.473452392211074 -2.55772791543993 0.28678559167142 -0.241875277907951 -2.75062342633675 2.22128635117357 -0.39934182943108 2.32827539320128 0.247051518353206 0.919616382565946 -0.0994199520520455 -1.30295499491428 -0.985889923418871 1.10311076335535 -0.162872678972324
"831" 2.10836885779249 0.0770859629753593 1.0636571931242 -0.789806553882887 1.67129865703439 -1.25860897103566 4.19038064528791 -0.653088230322647 -1.01433484201751 -1.06761918906012 0.843710637032095 -0.0257444853640551 0.017915626135765 -1.47318389382806 0.575883326704992 0.236858208181739 0.551339528338056 -1.78430869211301 -0.297219043324687 -0.606337562093674 0.2111105453265 0.836079069189583 -0.850073480518794 -1.21791119179699 2.09024597340401 -0.626021466609114 1.40926567695258 -1.01478592978 -1.55165257521168 -1.73974595496492 -0.682238496914663 -1.35526020456296 0.269376927553566 -0.221494540018466 1.83565139165679 0.52434414626493 -1.56083269683375 -0.238201055663359 -1.38374796425545 1.13354796119392 -1.87819432003142 0.976217466268173 -1.03023129915327 -0.747056325445243 -0.345232712718753 -1.11478007639115 -0.778787546449939 1.00553685338291 1.75635204150084 -1.19974740137203
"832" 1.50848617088489 -1.65411639158826 -1.19443570720543 0.799277243627337 -1.39469449942717 -1.79937194126991 1.90124710174361 -0.572387316032769 -0.352057492119098 -0.603623448948524 0.060155184539125 1.28653306164643 -0.95286650227588 -2.36934485386371 -0.355130591099979 -0.978449929580058 1.5785089319958 2.44950323818078 1.75981453771981 -0.305406281244249 0.583166939909223 0.144317853343368 0.722316577333425 -1.28832738901837 -0.875706667528104 -1.31056677113397 -1.7787967178454 -1.36082298897692 -0.942932431224738 -1.50525975738434 0.315553613744528 1.03160540720034 0.31339610801625 -0.244380482169251 -1.51278242016779 -2.44904150184668 0.640171566988243 0.778193577110749 -1.009433274037 -1.54960344534551 1.06712616551962 -1.60163427462836 1.63598539443448 0.00669870384363301 0.337481183638718 -0.40438742403521 -0.843582586780352 -1.29034815542081 -3.0724939073749 1.62878064764578
"833" -0.59996850466978 1.15320102342592 2.76327615759319 -0.357089622976485 0.0897280181982728 -0.148288230276905 1.80339735183069 0.60036830171382 -0.631276732080376 0.832344700676472 -3.15846773038947 -0.462326525049818 0.267336918575072 -0.551580728460548 1.17538927870845 0.0545822378077031 -2.32680447170398 2.20669874965294 2.45477356283859 -1.80157014434353 -1.12006370390221 3.4595462336838 -0.934168756773873 -0.559246210253586 1.71867760654397 -0.65665024728451 0.746278148469634 -1.21209156499239 1.68057133472466 0.799417717415689 2.49464398957826 -2.59958532578909 -1.11205680411455 1.62898804204219 0.0788289967167343 0.830438589842193 -0.0757285793688385 -0.39863843903807 -1.55571620067541 -0.819446785722805 -2.54328958953591 -2.87422281343636 1.10721881367758 0.314242730478507 0.1274822667599 0.280753307159544 -0.731349511604522 -1.37511499209766 0.31269253943079 -0.484509824332065
"834" -0.871191876067208 -0.540437164085106 -0.725098144347261 2.83058283497624 -0.676307389379529 1.72074357945468 2.81536406908879 1.94221302909323 -1.81365026353086 1.63436194627614 -2.22763633025058 -0.937655554239058 0.473160172621688 -0.192670365616017 -0.357832672241492 -1.5467917125658 0.556476690055159 -0.06921759407875 -2.40372538031043 2.08418952929979 -0.898849056770126 1.0785700516981 -0.533437985521328 -2.24148020200021 0.509710720344523 0.779377346980531 -1.15939788303657 0.0912406360736739 -0.0948479278346764 -0.639393153761101 1.49586244552566 -1.98992624126902 -0.966065133969903 -0.533921441050961 3.45117452987839 4.80852041936201 4.36986129860833 1.88436763958321 2.68499763411242 2.78913658866573 -0.259347833182786 -0.857258381303498 0.851415555003122 0.119580498967226 -0.282923686436912 -1.29911365740517 -1.77668805063581 -1.15731194127252 1.4013597789087 -3.14198222624166
"835" -0.351738296642399 2.6911469227833 3.69084856211762 -3.91468516886601 -0.759469271460112 -0.855168037635233 0.192706331640443 3.73676678500977 3.20740179653804 -0.849425126262831 0.483780715271355 -2.14665803545953 -1.63376255954546 1.03546729605901 -2.04833916330212 0.919338435097336 -1.82815948338306 1.10431088245712 1.07470657338786 -0.859451872111009 2.80131883584521 -1.38420953001125 -0.362662095068267 -1.70163646926167 2.98089699802592 -1.89969540177122 -0.988157912006372 0.932416165351936 -0.221418015465664 1.7917882233199 1.6348210644131 -0.480742895578443 -0.674270811661537 0.899754289272257 -1.06269636212854 0.386260517790342 0.98631023064782 -0.254406208672476 0.203932843691446 1.36053879331758 -0.561650024418216 0.693937474034792 -0.296257538265206 -0.270918501122854 1.34856059060081 1.24316751101463 1.49067297371162 1.77111519096514 0.536381881704037 -0.280473934075982
"836" 0.266128477719617 0.227904879505544 -0.513016574197392 -0.838171669313509 -0.323957036943584 1.05642393768286 -2.20310634917109 -0.430421630539468 1.76843272307269 -1.40677032881566 1.06063038808041 2.24167115436427 2.70715122844643 -1.80762802089776 4.02795546600891 -1.60442236327007 2.19949641505449 -2.20411388300444 -0.417729986656717 -0.369210539263834 0.856694122115883 -0.960138219777085 0.57107008352609 1.06301078800383 -2.29642319001348 1.5180531901943 1.00194132605794 -0.122614533868986 -1.42234894017751 -1.8716846457752 0.278994677462176 -0.632985427323567 -2.00721872624689 -0.318460281164659 1.76327458190878 0.380614949772208 1.07657264183058 1.18024274018871 1.83889019405238 -0.0187088273645212 0.717564451646692 1.08719058333978 -2.12754770377604 -0.628184654628948 0.617936182947203 1.99954226222218 2.10465789178449 0.250032526515783 -0.495739113591551 0.666626987708385
"837" 0.798353221942568 -1.48791796931703 -2.69157614848692 2.26862379543908 -0.85395195904511 0.651061090617536 -2.45341730460232 -1.59936008195283 -0.23580289009564 1.07357643092486 -0.240639093460247 0.19914146540426 0.363922832190373 1.48844111088065 -2.2726865993635 1.87393795737001 -0.994343265509478 -1.61230572225237 -2.14079772857912 1.46284797578177 -1.5726688836459 -0.69677106790768 1.82688269138885 0.318378641544865 -0.450573062184451 0.178640243738343 1.04564055424089 0.635870776582611 -1.65784407898852 1.00913266951321 2.40646659128301 -1.64628732367802 -0.669420680883989 -0.00740518456516429 -0.0275147934639595 0.439017190834424 0.625273196754458 -1.11947193739782 -2.20739071255692 -1.25890468712945 2.44403281977361 0.0143694788535449 1.15403982998813 -1.08085051348429 2.82487172420077 1.15239855272739 0.790355558921928 -0.246153422335895 -1.01971973115803 0.899846856687903
"838" -0.360512194716897 1.01556456676695 -0.689672914245365 0.0551568349766505 -0.976095157703008 -3.41039840490108 2.36236345607889 -0.452969282280962 -0.287897774016699 -1.592946951553 2.06525768736063 -0.962343865444014 -1.67320234657854 1.45054773307753 -1.93242683253556 0.864395737662703 -1.38830059880644 2.27262736087474 1.65884140192167 0.848612301751117 -3.24181551249224 1.64259858045443 0.71318045951509 -2.15424130533277 -0.751482022190285 1.46901881991707 -0.230391262253076 -0.502291617384698 0.333361801207595 -0.833989599845001 -1.03965091357132 -1.40043166521339 -3.03466735287251 2.0649685728288 -0.373831623428291 -0.325483269013811 -0.900607323793747 -1.67235065812533 -1.48960222437341 0.360251024675575 0.338087943845414 1.47226369849183 0.206849447029324 0.0317657444957228 -0.295964592639125 -0.472187581535908 0.55544326256797 0.501863061338973 -0.280745999285513 2.78408323408073
"839" -2.65080526495953 1.22770568182166 -0.0636733214521965 0.350098025312265 -0.581405102289075 -0.307986003639091 0.708212981422121 0.00547182311789317 1.38857870020341 3.93707226054869 -2.71214087069814 1.13149977856826 -1.88503208246773 -0.490234529620936 -2.35782932134345 1.73099974399745 -1.96964336891965 1.67460088151613 -0.342051009420614 2.75593218534197 -0.789382503626097 -1.59521739161432 -1.20316533006055 1.57913375340745 2.22930827542856 -0.419727282369731 1.44869892487748 -0.364966983518903 0.949682130096172 2.41933108382632 2.31229139659448 -0.863829686416079 2.33697925637567 -0.999303200897635 -2.11155582197263 0.327690983354264 2.92433472436065 1.32173764594176 -0.210156550453804 -0.53077720230639 0.963170454289105 0.155615298263019 -1.33831292390563 -1.62973033632997 1.05699692681324 0.573987517707589 -0.756480155198616 0.310232427257884 0.231056117924413 -0.319053193622018
"840" 0.902109217605627 -1.18021074558257 0.767137711200024 0.536590282679662 0.100503198565594 -0.143259808956598 -0.617334299833807 0.946859510635976 0.222783224808856 2.02173291950028 -2.50922847950754 0.0037164351265938 0.959309014018538 -0.402919287063439 0.881294388398055 -1.2738437066476 -0.564841055468091 1.54496326489956 2.70618572867317 -3.14058936312521 1.60261568670448 0.386878916415412 0.988174952383209 -3.60429286013867 0.876868901552844 1.35705604887769 -0.24419094929638 1.30904493609005 -1.49354488342058 -2.43856070899508 -1.9194664499541 -0.511453133903601 -1.62243579913114 2.92565969131295 -3.66357718108811 -1.64647971189643 0.0619594646899672 -0.278714108391364 0.603774851999077 2.78540832543346 -1.94788566335389 0.163920073382005 -0.98167707863059 -0.979881006751199 -1.15608458631637 -1.83050335245766 -1.27192543456784 -0.222180677465096 1.77167677304058 -2.30453131713502
"841" -0.559133839395755 0.284032124747541 -0.559493483489725 0.61291239923851 0.056584501714122 0.0771025347332719 0.0497261534361621 -2.22073966831008 -4.6264665006534 2.53046226118818 -0.422579378620031 2.27188835635726 1.57036890391258 1.33306276490196 1.02599019651782 -3.6238406198484 1.19446863456636 1.05020568608919 1.20549290480709 -1.36771373217009 -0.0260255705550971 -1.08530998998785 1.17399562498664 -1.17680771442493 1.70367866850501 -0.6770823710069 -0.0886249675102319 0.672372570552029 1.0887641006642 1.3879984076036 -0.242425932116639 0.352244911591746 -1.35647684137845 1.63398539953043 -1.49976927766553 -0.594908708741166 -1.32200004161204 -0.183969414100907 -0.0420924720337778 1.9771683126496 -2.19518981290663 -0.828868018559553 2.24741423420326 -0.491936067570151 0.0242435177694144 -1.51200446063527 1.20636559452983 0.540300035596046 -0.82041693316198 0.590828250372769
"842" -1.38126692757255 1.59390638364887 0.520454007717816 -0.892477181196131 -1.1312857503567 -3.95163658683156 0.84253841486883 -0.891354609413867 -0.676619093176233 0.82548263348994 -2.20405397356943 0.262624368557702 -0.363079528695833 -1.44995540196326 -0.0110206051882822 -1.45352101693283 1.77273899170561 0.934168734441506 0.259494989122659 -0.360103211863386 0.858906877018365 1.28131259743219 -2.08262976241348 0.0813691794921709 -0.034550181033087 0.906469704634897 1.50502995489027 -0.762561446520543 -1.29649032374324 -2.10714577196724 -3.5880392371026 1.73380277131976 0.256754816293792 -0.238782256139849 0.432432728742628 -1.00978980038104 -1.41033940676835 0.615056712588055 1.53703731293534 1.52435104430965 -0.866029775364784 -1.14311558950237 -2.50987135122876 -3.56148931868975 1.4040097659573 -0.64103610976747 -1.27960152167589 0.0237090991508413 0.012658162644702 0.530139253054805
"843" 2.26564442527983 -1.37004684525874 1.72765282226253 0.0575196416827025 -2.47575639117404 -1.61464459281575 -0.394891271421002 0.481957180268872 0.790941385119729 0.730382820746816 -1.08582442900736 -1.42336933439955 -2.06420119142141 0.157269912740156 0.583792521334502 -1.5289317871879 2.1299309305067 -1.61647991718757 -0.856062783462222 0.335566373175691 -0.632774771978313 0.883842954489011 -0.464328654967227 1.70079565012488 -0.483092949063237 -1.36243821986975 -2.06083645106096 2.13613285741678 1.82392017925842 0.217561268113298 -0.099328112492432 -0.939863494135893 -0.897869050176489 -0.579129154030259 2.18209436583965 0.274179640176104 0.441705475737391 0.735832387958258 -0.872380537164318 -2.19443841534546 2.03597821589161 3.35706545091985 -3.08573036168959 0.385444845664439 -2.68366086806979 0.559046622691473 1.98762038915802 -0.404691690939764 -1.13356748793889 -0.0667530250304024
"844" -1.16195555531637 -0.17348655687749 1.30682558875279 -1.14032798209055 1.93767220527642 -0.199018568145131 1.1275022172833 0.339008955383347 -0.259021505303458 1.36257494548141 -1.69655286154671 0.172578594914603 2.12294376747186 -0.755723566888677 1.66405643298347 -2.23557431636464 3.85984392621692 -1.6852641005762 0.571801255658874 -0.850380621760595 0.492859384409692 0.982712035300508 -0.865196530707395 2.3506731772118 -1.69201676646239 -0.913326144590945 0.645297398692224 -0.439098260384515 -0.549354304274919 -1.57738334137007 -0.89023628277616 0.152446838250631 -1.08095966765931 0.256723679046292 0.400736088117553 -0.226904805270616 -1.88166008970855 -1.94232490456892 -0.933624962503113 -2.2524547501971 0.937221509399915 0.531515048115066 1.16377621899884 0.578541622083659 -0.29511546810892 -2.13545936777933 -1.13261875501336 -2.26717821029482 -1.25424037742147 0.273072317626656
"845" -1.76160710598192 -0.918443537991074 -2.47958205804887 -0.587831797337081 -1.02554697579796 -0.552155481815404 -1.15102198440869 -0.26805579817338 0.150846403039659 1.23166528342472 -0.389160966924203 2.76195720107024 2.57409249789874 0.608554712862821 -0.665074611620443 0.623858825190223 -0.18563567491916 -1.63272475209013 -1.42336281331401 2.1283847834563 -0.214063527266471 -1.13114351277454 0.152619236039604 -1.123857207533 1.98116405102273 -1.68171091188943 -0.0394615028110247 -1.34069271277851 -0.643852249107813 -0.56707314257543 0.401811233706924 1.78201505976931 2.54663203912289 -1.11253023896766 -0.654352881688736 -1.58034432374128 -0.000431338655106235 -2.08309299406604 -2.60000666570557 -0.507767172817267 -1.70131668448281 -1.29294111437918 -0.114750175967805 0.991719565537072 -1.42690829480605 -0.263617370437062 -1.7452261857533 -2.55280657882704 -1.59229392685525 0.301746654472424
"846" 3.11464454583285 -1.54799337380205 0.0353332303381799 -0.0616729219476336 -0.177844764119687 -0.378346428024469 -0.213098138133693 1.56778811067334 1.75149345268062 0.603015788200947 -0.43071516151479 0.114546326148709 0.00990227901702349 1.01132732388546 -2.93536112255682 3.77993674065416 -2.27608844102772 0.259090902788549 0.684047258766922 -0.14085790211261 2.34912118745329 -2.30742198119858 0.853599455289309 0.313998545192872 -0.996044119030627 0.186491557544187 -0.645133771030414 -0.406690881011715 1.32507847237146 -0.333269573546466 -0.236359897831663 -2.10374940172265 -2.58150798204218 1.60633835071186 0.740714357395806 0.178769483368199 -2.66224806428136 -2.13287155898802 -0.100773367486134 0.0378274950151617 -1.22983172765351 -0.4923211809445 -1.49277611356781 -0.520431502749477 0.640832453465637 -0.0651243756936471 -0.505024420581207 0.0695498221193064 0.577605506788954 0.180494813257414
"847" 2.54056985423071 -2.91015598629135 -0.655264826152821 -1.20550467505577 -0.776791345923052 0.0827877862306108 -2.35427725501026 0.10484772117764 1.00002452615551 -0.304086648757794 3.16303181640581 2.72580080189656 -0.0633003299718136 0.525733802946306 0.0220558068682592 -0.0597361387005873 0.348417107019987 -0.188208747303935 -1.50354280865727 3.34205859621526 -1.00448255860521 -0.331370322856851 0.129374567603681 -0.458699350208344 1.03020060964179 -1.32170196075465 -1.21447625221499 -0.355383923227587 2.98621155156522 -0.0231038239078847 -1.40158378064143 1.46110847717424 0.375583281549877 1.05233236793567 -0.395152318376648 -0.452422726950729 -1.56623053645912 -0.5894437142568 1.41557156214944 0.43952406748606 1.32355317454926 0.017906424609695 1.40263703512722 -0.0542944110253062 0.654124393400409 0.597170768946362 2.96932200287321 2.09426125014812 0.0406492792648246 -1.15488179761263
"848" 1.33039694434097 -2.30604624369488 -1.1644322841268 -1.7901227830845 1.14037642373892 -0.332137055726305 0.328182010180211 0.46924320399257 1.18430076141247 0.890056700454699 -0.379165339261125 0.329848762936957 -0.223926055440937 -0.53684413084952 1.29496173825516 -0.209221884358326 -1.19277910926676 -1.2877955532327 2.04861294477411 -2.0465254860622 -1.49309200396083 -0.398257864635676 0.688000533979986 1.02159169323956 -1.09510880604121 -0.0673876010812492 -0.0916367520036016 1.93718946010756 -3.04977313513832 -1.84422129055173 -1.10963748113549 -0.867101846335023 0.397062514543818 -3.39576022250706 1.63789965242747 -0.105966017345123 -0.0930944718907633 0.116868360186918 -0.84715406908846 -0.366054019857846 0.206173682388432 0.11311801241232 0.610788008408903 0.521094936475922 1.02718260331176 -1.07482562987337 -2.73288388866512 0.175935943383113 1.65438110379618 0.529128927513247
"849" 1.44367146572847 -0.808082031011026 2.67169097512451 -1.42039884175168 1.53499128477778 0.91653426129491 -0.0375688650401501 -0.109678587646195 -0.226862111532326 1.85046175044198 -2.77428245961436 -2.11690240379399 2.32440451876873 1.69853247021811 2.5449355254066 -0.580227028834476 -1.16978834687417 -1.95145231193545 -0.998810627926856 -0.424382578566273 -2.2320241716627 1.15225449073766 0.853488140871515 0.743844757662339 -2.21823682292065 2.1039751638172 2.63363747519817 -1.64117483266359 0.0974124622893958 -1.26147913848855 -1.6195014997781 -0.10818041532546 -1.00236395848083 -0.693543642509047 1.71221964477249 0.654272508734204 0.497248215993997 0.936149838119938 1.21049971696107 -0.0106931618111802 0.517383269583807 0.877317654948448 -0.452804793658517 -0.644285848763478 1.96709579282608 0.721068606200097 -1.37824733905092 -1.0577284908617 -1.18182284224951 0.0696330475169142
"850" -1.09512569706825 0.354698873622569 -1.35350560268992 2.17054306415656 -1.56963180021507 0.322980844209158 -0.0526440539227719 0.382093301289943 -1.59404476248504 1.2023474506956 -0.145906814178715 -0.275942631003075 -1.55918711124529 -2.04916638051231 2.40289724435701 0.032470982158656 -1.50636188981166 2.07923960947202 1.50399219935186 -1.4477471242697 -0.0442952262392618 0.664290554774824 -0.500787975645756 -0.611336584241143 2.31418868531206 -2.11216156783332 -0.649673637275838 0.94029058251944 -1.61964969992223 -2.27359152207339 -1.05381383103975 1.7810208939755 1.70772429315752 -0.327014629883906 1.22786676748134 1.21994762860084 -0.620455358004041 -2.34500213664848 -1.04403802370372 2.49618808673204 0.697447839539975 1.0592382880136 -0.650564664311749 -2.1297842762971 1.21045688387077 2.76341271519603 1.64508269593928 -1.06475730311912 -0.403168736095222 0.122850715686834
"851" 1.07760713269678 -1.87628220482992 -0.234529610838851 -2.06313858039778 -1.51749185361938 -2.47414279535774 -1.44140260455648 0.383167433970887 1.42038251279936 0.0885035471279033 -0.54484154828987 -1.00457396430849 0.215615244533596 -0.313293986186454 0.158780608256981 0.833437881127781 -0.735352516835141 1.35237381534508 0.981266977602013 -1.16485827077902 -0.509523706193283 1.34290462772236 -1.30880981246308 -0.774468807260236 1.29659208873197 -1.07298618370759 -1.5324211315969 -1.02973384884738 0.112019379328744 0.0238408497837307 0.848818497065046 -0.88053378739663 0.320941376641362 1.30532630536475 -1.08348528735791 2.9481281196456 0.978155824070628 -0.898123218225787 -1.24495434516285 -1.18363738167149 -0.63629957892725 -1.24145679069227 0.828995617829199 1.30467183715418 -2.47429380146175 -0.857936155210902 -0.466089266090313 -1.47362264042393 0.221545592505453 -1.57333362123248
"852" 1.66297472218599 0.392841507203439 2.32917672821326 -0.479164958998506 -1.2038165525985 -1.04224679396186 -0.981993555790256 -0.0628668953867613 2.29198030780491 -2.85677978076052 1.54610999673437 0.0462069107980503 -2.11732682845297 -2.59156526556051 0.926743349639144 -0.595691817704198 0.639145676526492 1.70487313469627 2.87803864299517 -0.331752367619152 1.27461091918554 -0.623662899601906 -0.739317694608295 -0.111882696237762 -1.38867385226941 1.28119256715124 0.513526929994285 -0.104669642988238 0.433897608476512 0.828987421520965 -1.91315729400924 1.56458702501996 -0.417790033390561 -0.656712118643595 -0.327565703081795 -1.9655757864795 -2.14152082166074 -0.516636990561497 -0.553573100921208 -2.36574472395047 3.19844407290814 2.34396657112775 0.80442194352049 0.774010154618599 0.568865339100639 1.91735795153547 -0.91089189750753 -1.52128229542819 0.164265529442884 -1.35777358946238
"853" -0.483189450804736 0.115326823172331 -1.30495301661919 2.14024717607063 -0.616789563381549 1.96292872081463 -2.4924319167864 -1.64653100976744 -1.68730515770087 0.358369198865834 -1.28635323889146 -2.519035692079 -0.27746193129917 1.43171936110205 0.203919172744454 -1.24491676467615 1.89096381574079 -2.45800607475215 0.404956874011978 -1.92629590642282 -0.821422866362463 1.16489239261892 0.612664055039133 -1.00594356256444 1.49274350021157 -0.465859353520041 -1.50447388296412 2.65679962432885 -0.270505484636177 0.487258389195762 1.54956681359307 -1.57389479885571 -2.2457431776318 2.26078490861255 -1.64718063167172 0.701531187830453 1.48320389306343 -1.40919258115304 -1.73363619950968 -1.72235809592853 2.7954196116711 1.19540261851123 -2.08418768915096 -1.35675298192024 -1.19685341800966 -0.726030115158782 0.863763460131438 -2.87252923040019 -3.5484365814173 -0.789557975826203
"854" -2.45223970630248 1.30958661331496 -0.858068008064579 2.02242617431263 1.82036661793525 4.28035100439572 -1.43356900291668 -0.411201471155123 0.143402522792112 0.579365812102261 0.755474109038701 2.20219055339096 2.28506871924958 1.19891154474276 1.12565518977485 -0.467078855485254 -0.198207390553778 0.821599440262532 -0.38635154518391 1.42839071122814 -0.880414081135418 2.20948666560729 0.014968816098507 -1.11128978347774 -0.446672780641339 -0.211685846794893 0.934648311215523 -2.2571979353845 1.32460585873157 0.547467057799082 0.294314372371882 -0.428056872920348 0.828332007255871 -0.27030905220641 -0.699624342088623 -0.5290066521345 -1.64294336602144 -2.21230624200748 -1.65109707019155 1.16067076947584 -1.16266772390842 0.438708878221833 -0.538672390258112 -0.168996531817271 0.38247072861356 -0.344982756240876 0.868833507917117 1.26060813300037 -0.631537392977414 1.43021490764
"855" -1.4830362261141 3.85863212048328 1.44282502137167 0.152118401291234 0.0235473191726814 -0.444495450121834 0.9605280568012 0.629055022975559 -0.25056946882886 1.00836511195406 -0.447018336441784 0.660220527683271 0.18537120499488 -1.59164923504912 0.940180448525849 -0.902078182087969 1.09527710054852 0.644451496052349 1.75697529355164 -3.11577219285997 2.00586541866454 -0.585712750589815 0.690124213370554 -0.327060518182736 2.6008159655089 -2.3192130484758 1.83391903340066 -3.39014587399483 1.2207360869859 -0.51492463601925 -0.247013502744849 0.159179209491867 0.595310537996227 -1.95155559461003 2.67127866261596 2.35427725383994 2.06447465255305 2.11717096434772 -0.191076023845723 -1.00104322743511 0.148741744967315 0.96917770579001 -2.61857392682959 -2.50273147293235 3.47640206135969 1.67411367194245 0.406912443959405 -0.310960438932872 -0.502576468902751 -0.351166790653669
"856" -0.800799267900489 -1.28085888745257 -1.33472238863857 0.425780868004288 -0.908483039610638 -0.364981412550778 -1.17049110012132 -2.06115560680237 -2.75075947306339 1.26710627453452 -0.630336324675751 0.452748632591338 -0.779828502556727 -1.97934663550637 0.449434916112816 1.99495507377674 -2.52220148126141 0.67345073069699 -0.503031543982482 -0.382786562218886 -0.830572881008083 0.894097859241772 0.462287410064163 1.48358083092189 -1.91438493802279 0.580961724326741 0.784629480890783 0.212988522196504 -1.56402449353401 0.42373521447604 -1.2270533039415 1.13815523144704 1.92227934459745 -2.58031250245542 1.3825311525913 1.87553663291183 1.54368938904483 0.197870699765157 -1.85744474993749 -1.71810131128815 -1.76254478578898 -1.01382787711052 -0.187906952343219 0.864129116807324 -1.79980663399805 0.368875258548437 3.12989038799814 3.03102210358286 1.34353970502574 -1.59630481672166
"857" -0.684021285726427 0.63912556848168 -0.72324258947137 0.384813418615717 -0.881344933704161 -1.34315381824004 -0.942911506460615 -1.03579752107265 -2.14143741792092 1.32611789524447 0.182203876908126 2.00790998760769 1.33309542733502 1.78318764949492 -0.406438954395809 -2.67284536373055 -0.290914033781857 1.92732769656928 -1.3337845723546 0.519551378036896 1.41015850420208 -0.663131109764332 0.642685432972052 -0.2293757892914 0.0538432189865134 0.618175237684304 -0.420977227947725 1.89081018616249 1.26340071679748 0.607648695667027 0.0666960350134813 -2.45647168024526 -1.06462265034619 0.390028921686942 0.76024948967627 0.621370420538639 -0.980934223758609 -0.442271481446681 -1.91019919481888 -1.35816196661962 2.00482846897113 2.75370197181315 -1.94183903335359 -1.87255458415259 -2.07089151354608 -0.361154418773798 2.04223049673454 0.380023061117829 -1.24913754198998 2.90397130224055
"858" -2.66834165757216 -0.344402726894572 -1.58790787049549 0.916902383210088 0.405932180529318 -1.53395816957344 2.13503245706818 3.49693517633093 0.372040808762414 2.04064182069166 -1.08538648485413 -2.056045151542 -1.24330124396392 -0.654810498916536 1.29744351456496 -0.513288478118573 0.0985310784898762 -0.823089183759504 -1.46739242377386 0.76641711584653 0.552550928990739 2.93899486721393 -1.57056842684955 0.363088447035063 0.366418509474489 -0.691903733261653 -1.21306507367896 1.80398675250063 1.74717816257538 3.03808754438567 2.71044018204823 -2.2772917362771 -1.32797201977017 -1.41335445838562 3.09927635279214 0.462530632161171 0.868394503555457 -0.080070546939949 -0.585969925175864 -0.416604242893402 -0.528032451960575 0.302014190415576 -0.236039436658192 -2.29242473784192 3.7034015592795 1.22620891911863 1.74547065688841 -0.371739979185118 -1.26386160908911 -0.172360738585047
"859" 0.0892956105871089 0.005376452582031 -1.36037996115073 -0.353508804715981 3.10181288164451 0.0139559605447007 1.96889616277267 0.63811698338221 0.358396505375834 -0.119667903388041 0.993321931326126 0.585986619435094 1.80813061726997 -0.291476297352008 1.70041360483903 -1.35630099160443 0.521767052173654 1.97487548137537 -0.493090238121335 -1.58874000366153 3.19294509815336 -0.861166799107091 0.948311246451104 -0.226330844240753 -0.586922046062119 -0.0556180647949757 -0.923674050015603 1.84797447202922 -2.58586152980565 0.602500029943593 1.16597321872993 -0.914724359306634 0.950318133780806 -1.25036985844009 1.28140382009826 2.7969897854489 2.68255650848512 -1.05920240939231 -1.41547173648785 0.420307912290191 -0.932414691972295 -2.06066118026803 0.220846321044918 0.36635834595263 -0.65783821946531 0.924057133578767 -0.786152082527028 -0.189056230459824 1.71309938995317 2.3660063939193
"860" -1.1177530297676 1.28862825364568 0.750197934755607 -0.319826693438115 0.245527643363525 0.911253842123738 -0.332245934490547 1.71555820522862 1.73761664868622 -0.957957122410795 0.226757010473988 -1.90979613565032 -2.77075470024649 1.14943602882857 -3.937106113685 0.740368091524796 2.25937605869463 -1.03873646128348 0.659935207183762 -1.90018998928668 1.11281542477443 -1.38131496732002 1.90700321714762 -1.79734688865374 1.04064726348991 -0.120199804516449 0.533244442648974 0.600184639641164 0.315467526034736 2.14486059249866 2.80278281650239 -1.39238590424718 -2.10361486303166 3.53288905815598 -0.531549821598839 0.985686994919418 0.137121632093782 1.09000332204443 2.13316317498094 3.12446753452986 -2.91504096466558 2.90272178566695 -5.91287850955016 -3.3192198882164 -2.09433611009996 -2.88258057600624 -1.25305965560953 0.0160680919886981 -0.348147957705533 0.245981012925517
"861" -2.7322259817635 -0.502697835793943 -0.588183685572511 -1.4424093630237 0.512413182644705 -1.5566211701713 2.25951268719018 -0.488726974759023 -0.342229471775542 -0.783473284883832 -1.29712085783615 -0.351717812118751 0.16889081962814 0.473228403702124 -0.268103710683033 -0.149249094871304 0.304426580938491 -0.88292488235658 -0.858974722723024 -0.81756833965089 -0.412034092425418 1.35161819751744 -1.12585752979773 -0.0213375761515295 2.25110739509123 -1.6837760042263 1.57655146163473 -1.72501692421583 -1.02005169269293 0.329443086720111 1.43359268900778 0.125903327898697 1.67167502619407 -1.61780950743954 -0.169176978508045 -0.378291996641325 1.11012065166608 0.631544804652376 -1.04682067888954 -0.0975312785962856 0.49158402770425 1.42747859752501 -0.57173434202013 -2.15395543274087 4.08353906625028 3.05810975817643 -1.4058969220433 -1.2299234595824 1.38653529535087 -1.581137567579
"862" 1.87070946689929 -3.75885822529167 -1.97153811074858 0.622283453549781 -0.591673789984533 -1.04900348691369 1.61141566322591 1.21474019219206 -0.699593356258133 -1.1839632030457 3.66901195318036 1.14773251617712 1.65034400241168 2.22773754965557 0.799609316756634 -0.604075376887919 1.53862532411783 -0.619448513059962 -0.352790808704062 -0.0576988769929394 1.39125969655439 -2.07437655925196 0.725721389853767 -1.55875109855419 2.08348833741882 -1.04275037585253 0.210308287175204 1.06009640907236 -1.81661589950088 -1.68626663068724 -0.483038257212733 0.158884872001252 0.313164973741477 -1.39454939747182 0.731676960829504 0.565497174272092 -2.59600159291121 -1.50156653706785 1.27731173212757 0.899268107567855 -1.43972522118973 -2.45488257013442 2.26709236226852 0.227007973621268 1.18041969734141 1.40674431176712 0.874842942794584 -2.05298298383231 -1.46242138493373 0.432854065671976
"863" -0.555588497676229 0.905861208804099 -1.7148641965302 0.855570726536324 1.10407617595281 -0.170050718486449 1.42305861934427 1.38555462639553 -0.0794544761718175 1.9467934812568 -0.839900309748883 0.88070006331679 0.228554688829676 -0.0326470659709277 0.0999533284058916 -0.0277969646668468 0.314955683435913 -0.42552021093479 -1.53521258516426 2.1753008185676 -0.107346395825859 0.285267696662354 -1.59733804865355 -0.89045956362072 -0.35851205028855 0.409515157583192 1.714806527904 -0.984121192804466 0.741007996238323 2.48607407751516 1.5903070192729 0.809269500875504 2.01940907850892 1.07353766395764 -1.5630543837031 1.59086459737646 1.05849623593034 -2.83093081805451 -3.49524166601971 -2.42161508552509 0.458064643046745 -0.548420291498362 -1.89417207220665 -2.19031878198384 1.33229371192447 1.0591403315452 1.50134941486324 1.15794555968264 0.88721635911134 -1.10892359858123
"864" -0.610351539460145 1.68763435686156 1.42892348346044 -1.93931800830245 1.90782383923041 0.062719090813945 -0.547232860559054 -1.40549375252157 -1.28258995319119 -0.558008622058668 1.80991163697014 0.536716970815705 -0.122950158783802 -0.0663980859031988 1.37695632411608 -0.341071345087836 1.42872384064325 0.0977999991542511 1.0597678776941 -0.386277604900076 0.106336014026809 1.32370203751303 -0.602444528887396 -1.84003604331109 0.735754243326371 0.0457961577851976 1.60276408001547 -2.95851528725036 1.39779517710819 0.811140489953745 0.908644034061036 0.0564424837741304 0.158493193183922 0.821624922653753 -1.75927645330033 -0.813059865765473 -1.90483238793979 -2.61786698008412 -0.804431010260481 -0.860921483497349 0.597596708027131 0.75782482861301 -3.11811337006545 -2.37284845795474 0.0875809156307464 -0.326226094193301 -0.773864441969672 -0.460237360617863 -0.806478023538622 0.368738319300428
"865" 2.53530003174018 -0.539283973984549 1.94345741640759 -0.451873373447783 -0.884834749630528 -0.863976234020398 0.276924743714571 0.829167272726798 1.80301947469378 -2.77468561027605 2.40287362396767 1.30941433911272 0.719705601203645 -1.83778643461435 0.881678771998354 -0.58021913609785 -1.35216586783867 0.166668196888985 -1.87911504201722 1.4152991297085 -0.176904220269183 -1.52840132851817 1.51617577278579 1.31284474688585 -3.20437641071133 1.47489808551849 1.91586474171853 -1.27111731969593 0.495155260036245 -0.268450982210002 0.686346836968065 -1.16184566665373 0.729618819385608 1.5338677112506 -3.46903191730132 -3.59398212225275 -1.93386833377503 0.913563678382983 -0.193577550492912 0.42351444334638 -1.64991421363816 -1.44098422216462 0.712985455591238 0.0504465978954941 2.19404346549754 0.918604072011244 -2.24280048843767 -1.25844733222228 0.721834599834573 1.04154417189406
"866" 0.899298447569149 2.42154052985415 2.40478618582903 1.13908182195416 -0.350863519072306 -1.69561378403128 3.36556100668553 -0.670188421576151 0.0610009222540062 -2.24509492765642 2.2045231724464 0.966227376254147 1.34289252426597 2.28901977984256 -2.00698835662941 -0.442744097933628 0.177885065610388 1.9643354277947 0.687510706636941 -0.432606786305809 -1.8354033244288 2.42514823843087 0.660341533429872 -0.116534222002689 0.602662871364512 0.540892032439253 -0.24729949938846 0.605135607375102 0.886698401810457 1.36621482459005 1.09592159520594 -1.57559751648864 -0.972593644139594 -0.019070158000359 2.03197080999001 3.22454421951589 2.79566064274443 0.647413682815577 -1.06504870865489 -0.00426876181426947 -1.00642586523787 0.223230799241589 -0.520198605692264 -0.182581038188661 0.895480677195602 0.121873425749221 -1.53550449924929 -1.28914186417331 0.229009648422253 -0.481182362164739
"867" -1.77891729833163 1.1416299356783 0.0873014667536058 1.67045731119095 -1.38943859137188 -0.143657780693911 0.819708842367624 0.285941125001678 1.05508518726819 -3.78723489420718 2.80599646297137 -1.12511573208323 0.0430169689596204 2.2820213425646 -1.04743490440249 -0.63983324193841 0.190848977828315 -0.719224269324331 -2.93502516029697 3.46882485634772 -0.447575281853331 -0.6127905771111 -1.23252330881627 -0.785511123606969 1.31797619195387 1.77096310952396 0.552297431074672 0.758458526631979 -1.90306437416643 -1.97028565383615 -0.466665618269347 -1.18770936588177 -2.92831821158475 0.672094857327387 1.60924040033193 -0.472466505526934 -1.73733327490261 -0.156027387411463 0.519386010198489 -1.15007134144023 3.28238777810896 3.67005924930731 -0.0830275099023381 0.58859072524585 -0.771989464042812 -2.44902241894184 0.839270162979631 1.91114721254032 0.787931813432793 0.113087968105574
"868" 0.590256464358985 -0.731266455539594 -1.77157956483665 0.213268185875532 0.506637526052109 -0.441078502857588 2.4557594732504 2.19253933502833 -0.590819809024794 -0.151164541179859 1.27952110150678 0.473365156646504 0.178819624963441 0.2078084108753 0.199292254937253 -1.21457822612945 -0.109400614208409 -1.44782816342656 -3.05011937818857 0.0732849435868715 2.04500938630744 -0.0622444308999765 -2.69526188848143 0.981542372631813 -0.847206013711075 0.64300549896783 -0.0621880313837897 0.301272008454713 -2.13119546472353 -1.38897980096413 -0.0254957768462738 -1.27098410199297 0.145027472704014 -2.92043101053554 0.570894338193267 0.878880834351153 1.77683270164546 1.2951408372031 1.5705425937152 0.810114779093988 -0.168165238423515 -0.111102167269794 -0.864250405838724 -1.53565814124562 0.0530380886883818 0.736858212459009 1.47643002256089 2.11068689642807 -1.42328668409193 0.523785073782797
"869" -1.15340971599543 2.24823954918312 1.96546088867899 0.23308859617869 0.610378803132978 0.300804971464366 -1.81553500344311 -2.28466158852098 -2.20664729982193 2.59260224146306 -1.86671181941039 0.101712795840698 0.994459126359035 -0.703823980960096 2.54786281339162 -0.0843073757623929 -2.23710318634394 0.90887604646923 -1.8651246038667 1.61608559327869 -0.514860930586374 0.0646923931824204 0.609843486584252 -0.564274418934999 0.439093993705786 0.207104558216871 -0.816746664230661 1.32916631607926 1.67424658992373 0.486518158511623 1.19092213710112 -1.47497840592069 1.24854549727074 -1.33113813181013 -1.06100640922932 -2.29656836077002 -1.67608417962108 1.29491536771252 1.09691839513814 0.948236224271739 -1.99108914684902 0.11429795870923 -1.31633363685874 0.124136723242292 1.37513320935251 0.774216578555388 -1.6684634886162 -0.679587452927799 2.75901236871051 -3.22997222164648
"870" -1.7939703725708 1.80070661862911 -0.171914475426209 -0.149992031376606 -0.0793911910665739 1.54575212497019 -1.73503257252933 -1.00270323500193 -0.300206681872605 2.83996620747267 -2.20684457320976 -1.54321528456011 0.165226197318032 0.912477414932472 1.61889803319438 -0.506107912006098 -2.75468088471537 1.91600866201277 2.29406494040692 -1.74424603659753 -1.01737569389165 0.653735672450888 -1.90774047813855 3.63540978952665 -0.569645913264999 -0.658317554224048 -0.806368722401338 2.10053933973306 -0.293168425529641 0.78443437164558 1.72532636211149 -2.10403709926677 -1.45294479352817 0.559611652883427 0.652438764314182 1.47846675131113 2.08959544527144 0.899096118662667 0.532103140842711 0.583027321573988 0.254790675155683 -0.823020720010774 0.68117813927215 -1.41323482237948 1.05877532691061 -0.612384956921067 -0.366733892766652 -1.31271451340229 -1.32516103450272 -0.265178652523468
"871" -2.65868165489465 1.86494740727736 -1.81477717023226 4.32378957371291 -1.70426037482168 0.0740704067991552 -0.620900199964075 1.40295218869229 4.06533426253911 -2.86975051222128 -0.635245112083671 0.210335748226442 2.42050195234257 3.02786602197567 -1.57876359030356 -0.97709592414184 1.23150901590153 0.717278351189126 0.171081377627073 -0.16254156186598 0.147648550149793 1.30416363689672 -0.872673680261382 0.58280817690918 -0.178665814113649 -0.317545717510189 -1.95636994078548 0.838153278731733 1.63488665571948 2.18921802068614 -1.17313630126592 1.34417726318305 -1.14216208184387 0.475158545012877 0.703302489576076 -0.915154486867909 -1.47544777260173 1.32836883345827 0.884059082667829 0.282406123317944 -2.31204245356799 -1.86063824064539 -0.797695796205144 -0.43312329960478 1.22297657038923 1.18980045363667 -0.393160395163841 0.251675386830585 1.72341347330951 -0.763282359286467
"872" 2.76387063639777 -0.993398111188949 -0.112939699016507 1.7560863763851 -2.37749913607614 -0.22184730697307 0.498915988273753 1.05136333147874 0.799619305465478 -0.186010828550837 2.00983932366342 1.10308447492844 -1.44990249162996 -0.972581170690373 -0.89072865494865 1.66475313327292 0.990975297374802 -0.975405071554107 0.850125607762134 -2.5647793336176 0.996180388126834 0.761408067657741 0.413241798258491 -0.101847450698208 -0.0228404395019999 1.16299851879739 1.94220401790788 -0.882109408465058 -2.32939328921954 -2.66332557233906 -0.647004098597874 1.41098357834405 0.968067986995668 0.599187348261047 0.53424553513874 -1.35587331968416 -1.96327984888259 0.546527101730947 -0.917377062896299 -1.23436966507983 0.415936543535421 -0.93889980130536 -0.199334342841541 0.218831782640107 0.700071207541053 0.284780143018895 -0.808604342391747 0.268066432624605 1.17749212188599 -1.75920802404564
"873" 0.308197580513474 -0.521112895886373 -2.08454666705139 0.484237528546309 -0.704721215952526 -1.92481516944718 3.35684421100936 2.3861184352895 0.890917407422 0.454222743303873 -0.693211958775458 0.57247792496281 -1.11119601621918 0.802771932789603 -0.418336698840665 -0.650007706255505 -1.38530891564809 0.385711662898176 0.57012534011102 -2.31087726357467 0.651044263394712 2.06726828210302 -2.984941600632 1.58069205960008 1.71780890906364 -3.14116901794711 -1.52474998953026 -0.0261054426025704 -1.12291855942403 -0.499625984458675 0.210059999765557 0.308655067444436 -0.109250451002927 0.75932761118431 -0.124742632440553 1.38939122952435 0.439590061711352 -2.31354883705628 -0.912586798419438 0.254830374793066 1.75967768365908 3.57396153714659 -2.13595155450798 2.51508429321994 -3.02249748189711 -2.81478160194298 -1.06505533616348 -0.466078783162314 -0.248397765974741 -0.200768909651749
"874" 0.594327005312675 0.713289280053857 -1.09366746719394 -0.587559603508747 -0.20172307810726 -1.4859650319949 1.07626131893702 -0.14002505214694 -0.0598420460789 -2.41737784834396 0.603726082678907 -0.282016031775875 -0.50087848769954 -0.955275686269895 -0.332143555117263 1.01409628898817 0.766568742357046 -0.586089743746636 0.0943165338159927 -0.390371655585589 2.31428588981215 -1.63470846467446 0.510017023929088 0.993710839190838 -0.483685134912115 -0.0599369940898043 1.1716393028939 -1.88711137706301 2.03355621813616 1.00932381642821 1.30858067864899 0.964508411015734 1.37031689505435 -0.369111929017167 -0.990301651018426 0.351260230513988 1.52640475732586 1.60737768336242 -0.242025963355319 -1.61050880157107 2.33436999961964 1.75096399475626 -0.758209314422032 -0.500081633992411 -0.372872467208587 1.43576533427936 2.08273984711798 -0.207283155068482 -1.3923380179369 -0.159594266136827
"875" -0.533197187119332 -0.601534268262914 -1.17908122521681 1.51256568041522 -2.46180229763793 0.116818851757282 -2.29697663084386 -0.9930551758622 -0.35504201436008 -0.882195577270242 0.463913979659242 -1.08200807088825 0.0205797122088445 0.184629664243723 -0.394153430134336 -0.6305930675218 2.19469632145046 0.50297710390632 0.302072555489309 0.896667096549707 1.74098464293015 0.439906069640008 -0.738479220293219 -0.590205964695901 0.44484109967769 -1.66577442500326 -1.8205191447374 -0.275779027010869 -0.680856788728154 -0.723404833711184 -0.233032948150105 -0.446084764951057 0.298944222915254 -1.06203707211896 -0.0326230709784998 -0.525253524459927 0.711223997783462 1.13152003451974 2.15744014397022 0.778876406693171 1.29172392322994 -1.95750002645853 0.769433586561206 1.41446437836605 -2.30683023908808 -0.389467277783098 1.21731248235861 -0.793658499573301 -0.294120417586603 -0.470364844970603
"876" 1.62744258627024 -1.65966117138235 0.236682744602771 -1.9548748415524 1.74445344911379 1.46367763340487 -1.88406728701287 -1.40353783433948 -0.62380642199071 0.015128000064791 0.610189879006537 0.11654446435309 0.165550183548398 0.885678781962024 -0.722632132402146 0.94827195591595 0.091748834451993 2.21235599503294 2.11308255915311 -2.28035209514375 3.15503909882652 -0.510931833604806 0.314606555093943 -2.35100493614784 0.0969312966176964 -0.428703510217037 0.894709607694297 -1.04793044547709 -1.43428230318569 -0.737599492402017 0.103088279959167 0.586809842935943 -0.11910776795113 -2.57986213270349 2.96330884291173 -0.762506023778551 -1.28362081940683 0.32829804703289 -0.904410484868243 0.603895218570737 -2.41814938005546 -1.15891193123731 0.646580347742553 -0.279470797497017 1.71806903018439 1.56918776127531 -0.38503855511531 -1.11474910253188 0.18896113999421 1.25623332555918
"877" -2.58865377928933 0.401242902969581 -2.60885374383626 1.18237596863003 2.50724629684912 1.66719662786293 0.895074418580793 -0.256917393727933 -0.81323667515815 0.466445323319151 0.138867353933974 1.17517381856057 2.01324952125518 3.50231459586595 -1.69728619182054 -1.03398239135835 3.2133475630437 -1.69372783811258 0.363133535628291 -1.10333414576589 2.19545933592901 0.528821565291598 -1.56724281620684 -0.34631747554197 0.982973195803839 1.4302618450087 0.812811029515834 0.0530298577911511 0.0998506518551475 -1.36164160650207 -0.194036445809633 -0.720791894178789 -1.17811710354908 2.23521109279751 -1.54651594655078 -1.80900423334742 -1.1314933958804 0.274246066654572 -1.512828487452 -1.572638708255 0.871485566365371 -1.13422771180458 1.78758143364542 2.62898561505763 -1.44516144340917 1.02295565530053 0.74771431116445 -0.0967697217876182 -0.0512624765117922 -0.186859146573698
"878" -1.44944553930255 1.23670507360963 -0.00468795548156659 0.724280358726819 -1.40915175599085 -1.82266500384942 -0.953620862959538 -1.28268123770196 0.448943430085977 -0.0197437870723463 -1.11429277423042 -0.690409752492872 -0.533132359185332 1.87509939994763 -3.73082335608865 1.65372804555552 1.03302942350461 1.25676767031531 0.641670664233239 2.07836804283146 -2.40961404248038 1.1715208759024 -0.303535477840508 1.7835830752845 -1.83553352599352 -0.838360881536826 1.06579602118966 -2.5612388331656 2.04460058833255 1.37143446989335 -0.0593999288391712 0.246268608046554 0.246423152046708 1.01935129032626 0.626861995879857 1.66071003311825 0.444484350203988 1.29790031987357 1.19184106296754 -0.893474488305694 2.06845355288955 3.80532141962475 -3.73456418025323 -1.16175375489219 0.112656659166076 -0.416178654177927 0.021286290709186 1.49169393578093 0.73690642622885 0.164794779067673
"879" 0.0934739681179307 0.594295072513889 1.09823931565989 -0.195636029489245 0.2921065217716 0.318988257170244 -0.772894138204697 -1.26355501245429 0.909244617143894 -0.917131245037325 2.79906807858285 3.32374844025854 -0.151540140819237 -0.840674420106095 0.508101793579097 0.615038602960855 -0.175620382816041 -0.448009916752532 -1.72629631882226 1.89166374663458 0.0775525526777624 -0.0971039989024425 -0.739365606613901 -1.49631233012261 1.39848933562862 -0.269556222553658 0.513625805815353 -0.312729819821765 0.285516015670534 1.59473178249268 0.257347642075576 1.42631293980186 0.777747717032359 0.846961087833938 0.341783015938372 1.05671339097796 0.84988576863799 -1.21327575806678 -1.36557476004199 -1.9169096122051 2.02141882800789 -0.451540893780902 2.44117925621344 2.39641816967391 -3.26736239409088 -3.30322619666493 -1.11385607541645 0.844998664410468 -0.0441656862655237 0.561553098482129
"880" 0.127749524293528 2.69400129088332 0.599184329504105 2.7877789555872 0.272302415462458 2.26599723004237 -3.3394578068647 -2.28642692159239 1.09635831041831 -1.56929434476448 0.049842412029728 0.0119628528505718 1.39368431164799 0.93128151766932 0.671507059456777 -2.39112316541905 1.06378961049538 1.80414401001875 -0.108615670454455 2.25104108341541 -1.56867250893136 2.12534770167001 1.72151159055699 -2.63202483083039 -2.21389471419108 0.64317668147788 -1.80701075605139 0.0502608217126422 1.18477353117906 -0.550394022244525 -2.82313496162805 0.731526026462465 -1.65674119738458 2.17810248473149 -1.42328884525943 -0.0772142646873769 0.674052673454637 1.80449345328531 2.99707955165719 0.967852849327372 -2.64720453667038 -1.34696947958441 -1.30095749907491 -0.65563945472433 -0.384097037664805 -1.03367961532351 -0.98944795445733 -0.857315170400401 -0.364557046976602 -0.461463341600747
"881" -0.240450438059913 1.02930832622915 0.55955475146984 -1.91321461465541 0.193039597316658 -2.71769157449864 0.632901887796199 -1.16815117213991 0.242506592263012 -1.47190088002837 1.80912042368478 1.77344442075842 1.63100665392653 1.7079052087056 -1.93135740150916 2.5552950741087 -1.86185938717311 0.229439828949236 0.88679698880927 -0.924116321946213 0.533814764691788 -0.270690301408615 -0.672677756196633 1.20550624441174 -0.518883565233427 -2.66789057823356 -1.37119872373436 1.13602082079592 -1.71027971051553 -0.759775764641409 0.352733499836143 0.798216956823387 1.41670065860422 0.682541092391098 0.0142916894348278 1.24926037911118 1.7567198728525 1.18554976763421 0.524431261237009 -1.20214765646933 0.878797021372093 0.75559422842434 -0.820703305286671 -0.287473295157078 0.0275617211315778 -0.00529654819206855 0.898381629501284 -0.27802022582133 2.69106794684901 -2.50430817780229
"882" -0.641558132593356 -0.336780840972151 0.210297046754104 1.97328538176053 0.203947492704345 1.63874348197032 0.187744321934609 -0.178270120568716 -1.21572841004315 -2.00345022402076 1.71120049697973 0.0785455210907438 0.640364671206157 1.34131436603587 -0.973451768197634 -1.42163539809357 0.619587784342999 -0.352147212976932 -0.183562633183084 -2.44852689965269 3.20987836067694 -2.63290685728229 3.31393187401069 -1.48785051756895 -1.14538356208159 0.0910151065939013 -1.15547873327109 0.0532435345521711 -0.28951165613003 -1.20675393107608 -0.0398602751014254 -0.944091545181137 -1.29597641494925 -0.814988331601778 1.01866992011947 1.07333140236183 -0.605906773633352 -1.00000228388306 0.00993930299494805 -2.86757167247197 3.18665212186708 0.0715370332804296 0.63384141562641 -1.45357203601424 -0.0360177425954535 0.4295261969579 -0.103779688239721 0.0209446636474243 0.238364908241327 -0.633078155678205
"883" 1.48256634281847 -1.36137064676757 -1.65035464064497 1.8128012577352 -0.846610352303186 1.3713947591675 0.449742026464952 1.41318222413419 2.15207467019003 -1.86765145147945 0.228095404227806 -1.75329880245272 0.608768389648238 0.96209445510367 0.962794313802016 -0.87634030811207 1.95359938883369 -3.23267474624198 -0.214084138817008 -2.20787342254878 -0.0312489336387042 0.589447020572878 1.20887903083133 -1.66632894763992 1.85658914331634 -0.116613719080477 1.44969774217827 -1.8299107085189 0.347907788470847 0.232051052007027 -0.173040095283553 0.591233311886792 0.285488807003121 0.422545440383142 -0.31267573455955 0.863105805832836 2.41342783417281 2.32631961454452 -2.14902771115213 -0.141657135456943 -3.03086728742827 -1.39249743044853 -0.132733009653777 -0.62502754589003 -0.553889384303678 -0.24064714191821 1.46007046134708 0.566406936850928 -1.25028859523454 3.11365520630841
"884" 1.54862690758828 0.23932170086354 2.21203938259785 -1.91933267691046 -1.43635514737907 -1.43405946703098 -0.688215506899585 0.806129375781449 2.7469987518493 -2.77638966107357 1.59848552596493 1.12581337825829 0.426368718634989 0.529171257051911 -2.16347476462831 2.68035173261701 -1.12897286875282 2.1176618035993 2.9660251953782 -2.82070290198339 1.77982858426957 0.788509489754727 -0.952089919899281 1.15337350202699 -0.0399924116717292 -1.46710297328226 -0.765237759106176 0.249567110836978 0.0120232805908168 0.43011901740788 -0.42151685535655 3.38882242165034 2.36827328640983 0.600027553846362 -1.66452994489776 0.764323843794672 3.17666685843495 2.38706638788211 0.800787758720043 2.01494203662824 -2.85128289662361 -1.90122263466094 -0.714821653658808 -0.493336813231683 -1.16826321484136 0.189163155804573 -0.597919450306032 -0.67025773529348 -1.05581087103652 2.03943701798638
"885" -0.674041216459585 -2.32649860136449 -0.0109766678078279 0.0162647420430808 0.848780430341804 2.00450146801731 0.192907678018741 -0.019660937745282 -0.771505765552155 1.7462853983024 -1.73854302336029 0.138664341657827 1.14054881996226 -0.781541827086643 2.98376050122797 -2.98153899413011 1.90819509500378 -2.07135300732713 -2.08261967866627 3.26557354086834 -4.2327654987066 2.26425153820527 0.640263103285952 -0.101105845668324 -1.1618936806986 1.77357482872824 0.873436540937028 2.50602018709421 -0.73016224047569 2.91759463075677 1.25243833632882 0.240115323395219 -1.14727285321587 3.05768900504478 -3.15112549734 -1.01972621076914 0.393864237216894 0.206015514249559 0.450777505223598 -0.0495918079172673 0.822742005988921 0.378266552222594 0.46202458632203 0.600784270748803 -0.571318089232038 -1.58890524157077 -0.276508498675462 -0.686147339876932 0.184970279811466 0.0884872809164589
"886" -0.902651067232174 2.22573945526542 2.34261231103026 0.0982027879964531 -0.539375931500547 0.894300241849782 -1.80914422074913 -1.86208190251916 0.103334283709196 -0.461523045293858 -1.46091647091009 -2.90175981943251 -0.0609167631261821 1.79395818240063 0.227133919531906 -1.57567382630499 1.99408888963187 -0.276716397037183 -0.136211511917349 0.86741550612418 -0.738644955632074 0.14627885242435 0.827729853833641 2.63009555111104 -0.441591599256268 -2.06915551165858 -3.35194940281809 4.04951523069908 0.291097602058819 -0.0792677379887151 -2.87005572226438 2.0090843724042 -0.266468886206795 0.78135249223246 -0.249156425855054 0.700629680962706 -0.90807674920604 -0.562450873713837 -0.401085865380297 -0.081645945724766 -1.73621360554714 0.0962783670387686 -2.9173107718181 -0.158623289927335 -2.71310501918667 -0.245671255688952 0.394945796150141 -0.0373205883612146 1.94819730506218 0.430502652688118
"887" 1.86901248350069 -0.694256852582816 1.09621947414767 -0.876015007963813 0.701204990458072 2.07692798359158 -1.82562656217983 1.26759620278153 -0.0811267106346963 -0.252749971730161 0.97620200903932 -0.573537946416604 0.0686133785802481 -2.48856514986316 3.27983641320915 -1.61810642563794 0.890640262603056 -1.88679171520964 0.104054420493147 -1.75093345152788 0.951207621117336 -2.17881258954151 1.00471306700513 0.811696419224487 -2.23496916789662 1.73958889473701 -0.444852948795287 0.0129205611365015 0.153722206320581 -0.469645799946235 -0.0315904243278895 1.45495823932418 0.843673348929172 -1.07131293044224 2.35657698393169 0.0186742801391267 -1.33563569078499 -1.44879798238152 0.574510913807648 -0.750349843514957 2.41413890073119 -0.349633796534209 1.30155475503 -1.18539006188957 2.01571187611869 -0.348350183105035 1.66453221205676 2.52148443882191 0.304662973086727 0.316225205397461
"888" -1.15232975935942 1.75264223266977 3.01526589428805 -1.47104699584909 0.739725259440353 1.03398113986022 0.917157713840389 0.967536574781271 -0.354299310857394 0.976279728983358 -0.164896617471786 0.786437501566492 1.34126529127981 -0.674222705162198 1.56487433469122 -1.47951043547112 0.0603169834736817 2.09588799630387 1.63165800102018 -0.328203996978616 1.55449006561647 -0.232467279543593 1.17706936352804 -1.52531598934065 -1.563284804844 3.1216930470914 1.14108571893634 -0.507224285990354 0.96792524085215 0.365481489151775 -1.02635485174439 -1.6401636058371 0.434089380096778 -0.2233732299408 -1.32497671418273 0.707185249313446 1.56833514392193 0.274915688267097 -1.20991049124636 -0.712429461283522 1.07988798020051 -0.881473019054366 1.55942367747541 2.51674531839045 -0.918333747690252 -0.103449985871236 -3.00686635839176 -4.29541507402545 -1.13877662159503 1.98688996024732
"889" -1.72846480359032 -1.24587990398749 -0.772490367519578 0.127758794584823 -0.754894798787225 0.00620828161842826 -0.272479323551081 1.93536501395348 0.785961014302027 1.7084271642356 -0.879799253918008 -0.505739236077669 1.17347115876905 1.29896877353775 2.28839005050932 -2.67859539033251 1.4294563079954 -1.28052879187191 -1.54247943723745 2.03525106170788 -2.35766980864386 1.54087270973212 -0.660534588504722 -1.11184037469589 0.744088769964669 0.0759338572411876 -0.0755561174301542 0.688567094421359 -0.0747593205564672 0.909102138979484 -0.612600545056785 2.82310429544487 1.13265831575084 -0.420275508893228 -0.0411394816183408 -1.32026653688344 -1.75670975870192 1.73649527926892 2.03593857988226 -0.361796612697629 -0.278584030437164 -0.0807102461764503 -1.47953085091333 -2.28968819676304 1.18086552249702 0.702771722696439 -1.64852978851989 -0.669859076744645 0.402232913151931 -0.0957744095406397
"890" 0.82994317556694 -0.424029921739843 -2.92548522213699 1.91180910407631 1.81057492901801 3.12311389414516 -1.80726678916157 0.937854391671065 2.20376319129195 -0.508193528531763 -0.0904145990290448 0.746766316646798 0.161662254886076 0.552718338671462 -2.36132763216483 -0.565652635536598 0.06389038603731 -0.341459901451208 0.0776498017825004 -2.63902759557048 0.200472322313994 1.47082280213658 0.283075417823392 -1.2940537031896 0.140012602778074 1.27432111156952 0.316861034004359 -1.05442797591202 1.65858544526574 -0.132167152931002 -0.87933948830291 1.72467453633503 1.4006272693283 -2.250898340346 0.0531031045383171 -0.756449025860211 0.221792623305872 -1.13898244439173 0.871494348263006 3.51176741358796 -1.5316187562459 1.52990060349136 0.510856504445736 -0.167487279996578 0.114903803868901 -1.50769392488131 -3.27219517700549 -1.5027373713179 -0.70790178474835 2.2994112777329
"891" 1.05313956498996 0.58081998896378 1.51809481836866 -1.04059955942878 0.720247351286398 -0.275742262611288 1.10858610668144 0.813938373065892 -0.360013463540422 0.339380394507234 -0.718814308861706 -1.76203707322203 -1.83433055025402 -1.97103082779342 -0.152278467703541 1.04233801483158 -0.778092716444085 1.70221370088575 2.08101140341994 -0.995665800187478 -1.54223352766281 0.000835374754050295 2.14873937404146 -0.972288365905609 -0.970094758626834 0.770204499084415 -0.884240416669706 3.268141218981 -0.586637507798417 0.784957365257647 0.521600921031119 -1.6052815732545 0.00989878116131989 -0.854603597858303 1.1391355870364 -0.0691881885244391 0.35377311427399 0.79310996433374 0.735961766690451 -0.388857440713897 -1.13073072421988 -1.92173399208133 0.420594112348394 -0.0875664581441615 1.34060107424611 0.638819684121985 1.62258611531276 0.332917656741662 -0.254662755602342 -0.102936799448164
"892" 1.56150925047066 1.79815428846215 1.98031877534371 0.362341343205631 1.07362914310082 0.539350598916523 0.842116137284063 0.753493561928873 0.65090334845858 -1.23442896027129 -1.37012407286946 -2.71750840400792 -0.0871245108198129 1.24815417865431 -0.205199671731384 -0.364553306435627 -0.576458884498781 -1.5718493705114 -1.03158651759174 -1.14710647386303 1.90697498938635 0.809961783160462 -0.450118337606035 1.07345033179097 -0.784833987030638 -0.380864299937306 -0.881438514948205 1.23386076491107 -0.0546527304562898 1.2575357558124 0.748662489643407 1.60627132293616 1.72832953880796 1.67716632815289 -0.892000241114978 0.64232149615637 -0.946233739957778 -0.24026884431474 -0.230495585429385 0.671930220328485 -0.46126053607048 -1.33473759922765 -0.00594345526215626 0.100868510298634 -1.47206284017819 -1.05221195736142 0.445659336685711 -0.901105278773386 -1.99563266249669 0.669633746244437
"893" -2.17431202174419 0.56931518975171 -1.22767411063476 2.55833230509144 -0.659827472530176 -0.298059078963681 2.27955942621769 1.87890816835973 0.0258223358117122 -0.273900937078642 0.6950035406911 0.713184615566302 -0.384419345474154 -0.840393745375741 1.67948872510131 -0.554637393433682 -0.971579773030616 1.92974953768933 0.372279529517506 -0.497268907251704 0.948451189111136 1.67756258644909 -1.52354660431988 -0.699899942289311 1.47877257858573 -2.11282210518429 -0.949834711084502 -0.0884568380565316 -0.130671323389428 -1.15039811022775 -0.568764859974408 4.02842635551821 4.95319749114801 -1.83051979084515 0.804571860261393 2.22641531444303 3.69441675078883 -1.1976593346377 -1.63557255233107 0.635903295912452 -0.193261932815345 -0.852383038640216 2.21622092086849 1.73117200247898 -2.67777025559109 -2.17312905195173 1.11506979298159 0.776603453763483 -1.10103599816478 -0.253947866957081
"894" -0.978303727652629 -0.0528894652047338 -0.232826184663322 0.978662070125691 -0.659534984270745 -0.358833525202069 0.480378110192174 1.16045412756849 -0.193765267796877 1.40692813565282 -0.399383473993836 -1.59206322912826 1.02269049018726 0.531547185926813 -0.809745338261144 2.00264248722502 -0.381539296642365 -0.426473047526351 -1.07088966950239 1.2052761336505 -1.80772694407726 1.51054621340436 0.111842346405192 -0.154202951229953 0.0965948686560282 -1.47171783273076 -2.63196642704757 -0.216470723976675 1.56653334849261 1.28399741399962 2.10370030796157 -1.97435921286402 -1.11798712742554 1.91583959935608 -0.512937156732415 1.59512047530204 1.02449052911994 1.79582984752481 1.21774195511438 -0.0589505286686964 -0.245227709173487 -0.780601012981102 0.891675169104899 1.46108999469231 -1.06194643127654 -0.600188098706362 -2.69742071836208 -3.59403234608479 0.666869410024472 -1.45464729225321
"895" 2.26927985510424 -0.74752758432588 0.851091459753891 -0.385559660892075 0.122558491526809 0.302985820059227 0.0867556115314941 1.81268598057803 0.785530345691053 1.20045045808639 0.217147409819045 0.965491429667796 0.373911698136934 1.09876798260171 -1.81931071064262 0.799914940142886 1.86966950290189 -0.731492376143964 2.23686849417792 1.36256575568829 -4.13818027831671 2.30085508317893 -0.31498434626122 -0.125499299653547 1.72426496597417 -1.23713496549175 0.523333960985711 -0.00665262673916351 0.867335691538704 0.392193658915421 -1.79935322207122 0.339979568308226 -1.55947105575871 1.53339504613951 -1.7805271011322 -1.9228853482884 -1.55678409617564 -1.74976584971301 -2.21769311665409 -0.883941140721712 0.708334484868216 0.0695140146927974 0.148295693671411 -1.90796295104844 0.514779201556618 0.367017586699045 0.850918812741519 -2.34519389092773 -1.79855032738818 1.1597834377239
"896" 0.33997080339906 -2.26648800178375 -1.24203357570563 -1.1837893771155 1.56060257317748 0.273292905850083 0.250452136003892 0.879812793351946 1.2119517148133 -0.423830266154439 -1.66756361171715 -0.576076092628121 1.50235367115221 0.665685221264777 -1.32546774718176 0.911308337577543 1.42309352358217 -0.972369496108392 1.18379069467742 -1.28093070673676 0.0913362026942955 -0.189857913021588 -2.07084519289923 0.598071446765595 1.16712433234113 1.91523395094183 0.170400820847758 1.05166732760359 -1.76496771681876 -3.19928048288336 -3.18449383341993 1.921328303644 -1.02904528656827 1.58730511091668 1.80143401484499 0.903187280738667 0.361977992289664 0.273921456226088 -1.77785211404307 -1.99525989560985 0.522403613002651 -1.76980379227782 1.69946238197093 0.349920812019355 -0.196888024605519 1.14208329204741 1.64679491502154 0.502405144138563 1.97654199018699 -4.58964859185043
"897" 1.37369558536601 0.178422883136873 0.905459808928573 1.26549156027666 -0.60952966861622 -0.033625780679048 0.817099486636855 -0.914000902028478 -2.74605925858191 4.10852680968647 -1.68597560002742 0.867132849570297 -1.60280674408083 -0.571644336632445 0.320280815813658 -0.422071448000694 -0.90709122694299 -1.01304738470017 -2.29577708818199 -0.294444658554334 1.14201223052981 -2.01188549956464 0.511498010664199 0.599894819539076 0.95624190810535 -0.740337349983488 -0.840794170397668 0.322754899401037 0.187153765442876 -0.271341650216489 -0.569910555143192 0.254668274713355 -0.436153460094815 1.92415313997173 -0.871589492312385 0.107484075424699 -0.759552239618737 -0.334916502436108 1.24320167681374 0.0916938884282966 2.30461171726945 -0.171705773326774 -0.357202281539003 -1.29895446992623 -0.227158856382988 -1.44766703900002 -1.73463235691878 0.649019411572589 0.985572757744614 1.98049634933014
"898" 1.64675562262893 1.02518108536458 1.42096271047915 0.0189889823496925 -1.60121092524237 -1.00311775050057 0.81367045771027 0.924883570610696 -0.737847380504274 0.694065678108442 0.109331524013326 1.38823762285499 0.871551014032547 0.05445178282576 1.29324591636498 -1.90825291529896 -0.592599108307647 3.10492016455817 2.16628583520956 -0.577187738438205 1.22632999045793 -1.65722910019965 -0.330204830933591 -2.21908314854962 0.544488635388841 1.23699660367346 1.70472945341696 -2.09183784880285 1.83683072160398 2.22161522413084 0.735565740029458 -0.581165447934053 -0.923549661763624 0.415483248767604 -2.03966483260175 -1.64414396143752 0.044376490240802 0.504433577079547 1.05062663438023 0.737015454081237 1.39020957515997 1.21264042718917 -0.292902723998109 -0.358253778972559 -0.220830184270847 -1.27289011891192 -0.196794991586444 -0.105366499409092 -0.605155043290372 0.936826487537941
"899" -1.75021534916061 -0.1430454003096 -1.06311375005314 -0.00922830279405037 -1.08948273123365 -1.22219897001932 -1.1269741408197 0.084077139806244 1.88595577930364 -1.01033932942915 1.00803090650571 -1.94661666614703 -1.09414785530433 -0.211178534278331 1.30313274174493 -0.36325104796794 -0.44113397388112 -0.0396344776426293 -0.280758664978127 -0.300112534864134 -0.328433542913668 -1.48125399882429 1.67193561271965 -1.59240545045816 2.44970243849554 -0.40710202887117 1.32563950093776 -0.918618601317066 1.69737544349903 1.94722818167541 -0.60005334031148 0.597934041349787 -0.418685278028855 2.59352350054333 -1.71118752820032 0.542777356544303 1.08331845306399 0.856118074557367 1.24649176404661 0.68827493304827 -0.15715689462394 -1.39584674204896 1.17629261570561 -0.259017621404399 -0.965558259384152 0.0245686742280986 -1.50003511203995 -1.70742574134959 -0.407550735685434 -1.28483802227567
"900" -0.546776783478044 3.44550107912261 3.05940988283683 -0.877415587973438 -0.78698850889001 -0.758436856040919 0.64474359661202 1.68967994566612 -1.29036356112164 2.45514909912278 -0.772735979774133 -0.333457784654592 0.105345538568654 0.94944912927798 -0.113765603395485 1.01712608117827 -0.27732313168764 -1.74708833316783 -1.75230367396148 1.19031236343092 -0.101048047332671 1.03595507021404 -1.57534021180848 -0.27134861730875 0.421471685112402 -1.50839859564461 -0.778571647873365 0.225402518923728 0.35556172950293 0.88531607559887 -1.76719554115496 1.41313215431893 -0.808123332504308 2.65997590899106 -1.77643167601713 -1.79335220107605 -2.42653771714985 0.319903197773779 1.80417979106808 2.32431201140248 -2.50438018398913 -1.9407736071111 0.0978671717846086 -2.15919493713952 1.51125016190471 0.650522741528442 0.691772985412059 0.600194034376403 0.313667365258708 0.15377339669217
"901" 0.354852218717202 -1.32527721727283 -0.645970899416092 -0.482761304123314 -1.26822175016689 -0.992946422149146 0.50182772523061 -0.516740316619427 -1.29241829627491 0.432968115040197 0.132502773713157 -0.636358839830963 -0.0151457525887323 0.482596467585204 -1.15147225536068 0.491418821480004 0.723426361230129 1.02463069018127 -1.23578933797207 0.867954870099077 -2.36895310331834 2.37880544783446 2.11704482261371 -2.86895404907982 0.932488101402536 -1.22131565060418 -0.951429874269845 0.236264065448164 -0.501122129716372 0.47168613012578 -0.586393795408677 0.334221662289449 -0.923902462117472 -0.293935523031348 -1.41209547389349 -0.446848284348332 -0.293471476866805 -0.198240205553609 -0.251969031275745 -0.526108348353492 0.00802662936528308 -0.742060390448506 -0.398318291807401 1.81820452496346 -0.790462904925367 1.48692638885433 0.532783839009498 2.0017508751904 2.8137478396453 -1.62793011797498
"902" -1.13712280908084 -2.185963379212 -1.76920104133187 -1.3038372844465 -0.000802032491784389 -1.66036638920183 -0.545691146711346 -0.671044571859143 -1.36083862035451 1.94230176315526 1.20859782142132 0.713141193986552 0.578951072171335 -0.207048702906407 0.828121499389943 0.0486873442871086 -1.63827415775173 2.71735513038366 1.15584048527882 2.09688169654723 0.192790809095581 -1.40153348803723 0.0882720395597312 0.929275302618735 -2.40434625601795 2.2431986058569 0.76551712324169 1.82818241093346 -2.72081407364908 -1.71050945712183 0.180212091248884 -0.984933049087857 0.154737376527203 0.541417670166306 -1.45685144818744 -1.38632347873033 -0.448873990312372 -0.398645847552469 -0.191325040605975 2.10910259249338 0.616907705341873 3.01935353305826 -1.96482724215611 0.063636731057822 -2.0484732715014 -0.485562048366952 0.932033067422186 -2.35249320620273 -2.31375720644109 0.9762475861121
"903" 0.666258231901384 -0.102902242017366 0.0608416700803643 0.498679063703312 1.14427388326398 0.543713420127023 0.687560965589886 -1.09617830423123 -3.05907019292338 2.19254597672718 -1.10573873367165 -1.23352330166363 -0.601194225939101 -0.63072611196652 1.59844423054973 -1.80930148069183 1.17811403878985 -1.72130711131815 0.839557406111603 -1.37282826428086 -2.2782277077059 2.27369796819142 -1.12492591681305 -1.95077286314943 2.62877185896254 -1.32679378742691 -1.22309641603096 -1.60782616057417 3.03494743146071 2.03198041368104 2.7525106883751 -3.01967391233159 -0.737145051580545 -0.987827529494534 0.93233247949765 1.74467176072288 -0.559609946829197 -0.98863115404349 1.65621091739841 2.47134994135255 -1.49772660969348 -1.09095180935516 1.5214473621507 -1.3287976884418 -0.855653448601364 -0.331751002558861 0.236399240680979 -0.028752467826241 -0.346588617826011 0.437261982852162
"904" 0.129930606127408 -2.13864030969954 -0.975644481392461 1.26431059907071 -2.08187877488114 -1.30908284641744 0.713366184723691 0.602361970407626 0.88657502729023 -0.652379903973952 1.51056184869648 1.4723887140107 2.4915111919024 1.32068764564694 1.64031561220353 -0.706649894267777 0.205767214400694 -0.954018988524048 -0.102363103287153 -0.409587949075758 -0.989747258210474 0.466153764854401 -1.07970338913284 -0.309458224171011 -0.159621383094476 1.92232666539732 4.02369386689032 -2.69276579730618 -0.288475998221138 1.74063758664557 2.33883824372435 -1.47219042063498 0.454688312364448 -1.40209553435805 0.975745738152082 0.209224520379475 1.18907254813444 1.22966844833339 0.843757785384367 -0.575036281344572 1.70592313914662 0.129872774665858 0.977760010229497 -0.304614715598896 0.827280108712704 -1.02684504953843 0.32175197814772 0.845907222020984 1.13263654128027 -1.94090273484524
"905" 1.046396233386 0.354172819282822 -0.641131794547314 1.69538419091981 -1.41023995895555 -0.105467388423165 0.869735017302018 2.03569967066726 1.06004219318464 -0.583368986799345 1.18754743785033 0.1387570886467 1.23344635191569 0.130747857551302 0.881947053511881 -0.537425715192098 2.51900373077422 -1.90632172124197 -0.283758822662038 0.876594849337925 1.06957420852888 -1.22366855863036 0.384442034921867 -0.523455541567857 0.58010390105984 1.22129154579998 -0.166011135668641 -0.338002867865372 -1.24787945224023 -2.59579984936078 -0.290157726993264 -2.829210673039 -2.83115186043284 0.957351073607985 -1.87776646925066 -2.81197833103256 -0.62753413763709 0.251896787956418 -1.33129396404583 -1.18173483522196 -0.879654027446113 -2.55406751748604 2.88377362714515 1.61649594210203 0.781208752311172 2.079453759192 1.13982225928347 -0.214403100837955 -1.21948117552091 0.277888546522288
"906" 0.168099274955845 -0.576121073768834 -0.500038348377537 -0.979474091960485 0.836352981443563 -1.1802170978909 -1.48241274457681 -2.97452934299135 0.55149693790601 0.00113298093425798 -1.68993864363132 1.3423981918076 -0.533274607225093 -2.89044735085877 0.951049148288436 0.71410847051017 -1.12841849195932 0.770817391524633 0.485574137567868 -0.431233327772694 1.72682944817852 -1.00220091668931 -0.927531452101811 1.72982349112895 -1.18786506213587 1.83094942451319 1.36650337435304 1.14370413729002 -1.59373719560655 -0.70252707814702 -0.652503075186654 0.454612974844182 -0.239819574129877 0.195285301964769 -0.850339990870803 -0.310255015484644 0.956070678061641 -0.489730087484485 -1.65233827812862 0.539516324324737 -0.547389689179926 3.25811271355287 -3.01749372361504 -0.0640332264995465 -0.216857515762115 0.303024821256404 -0.261235831062707 0.0585120827796648 -0.176386089640327 0.753874610289127
"907" -1.79403387124241 -0.933075521774536 -3.93779464139497 1.19741470071211 0.505527195276659 0.575376787410317 -0.832106042763282 0.508517378974325 0.0350345574908995 0.769832161897626 -0.993357416511317 -2.08536111444702 -2.63230778797975 0.216854549807892 0.682507480149544 -2.14984765758383 1.58842658222642 -0.233160176430016 0.298785969059677 -0.773146868556781 2.3201368961747 -1.95356478067166 1.17444940567111 -1.4315923335628 0.0481310473529697 1.4617926118634 1.60603498235215 -1.83372996787617 0.468235751694101 -0.432135565246374 1.11412568297554 -2.2965591414801 -1.89957701625802 2.0239371412064 1.45983014548327 -0.870048840359538 -0.80414229899892 -0.217297201120314 -1.48858627651094 0.576254071670038 -1.98539967191367 0.419869790990564 -4.07972805010986 -4.78001942553132 2.63387902603494 1.48583692884389 1.65591304704221 0.593963702652161 0.689057735034012 -2.2565349168528
"908" -1.0636974792264 1.73043033139008 0.769919655167692 -0.120926997400173 0.655486908845299 2.16326219768132 -2.13472418071393 -0.547434291610289 0.52467676955655 -0.182695572346582 1.48664895242535 0.452838425207324 -1.19796387766898 -2.18772053761393 2.28430885873263 -0.292413533259456 -0.963272001929173 -1.81661663136327 -2.98322269900511 0.609590468903436 -0.109374707850306 1.10326040695326 -1.39928526056636 -1.37206273174396 1.02004936278415 -0.523537422276221 0.743080516627482 -0.61908150400976 0.15427016880924 0.471322773506092 -1.17164655710766 2.0031061018668 1.1825694423936 -1.94389964233069 1.26718702371552 -0.155803345425173 0.746405054939084 0.616871379320607 -0.556846987717166 -1.43023603525575 0.170974873049947 -0.960660896837569 -0.889942574529194 -1.30396916684607 1.78786091191982 0.885196660776065 1.71733389055639 2.76751622204657 0.116026186139171 0.415303316532956
"909" -1.47124445697227 4.12560099447031 0.766832792025982 0.123321211474975 1.00341588924833 0.117066247271999 0.428305616610734 1.87145674349411 1.10772013030634 3.54144865771187 -3.16894340060444 -0.0103725054995798 0.1460966602468 2.12734329363507 -0.736916991588546 0.221516701366762 -0.89605155346777 -2.86740869338698 -4.05716477138838 2.2800187454805 -0.146227207823099 -0.131696988715605 -1.23046083881122 -0.297789035282794 0.419180654980519 0.534224536348573 -0.654522741423158 -0.81957288505558 1.82977691434703 2.71839452275064 0.552863772631655 5.84081082042711 2.79037837691961 2.11190295253375 -1.34775155812599 -0.164101157304954 1.37403987009155 2.41359874506279 1.42927394491519 1.74796676228661 -0.636037212437584 -0.179640920824055 1.32532283743072 0.754060277464945 -0.445901315728811 1.24209777905445 3.02836382594361 1.50128605592137 -0.738552769161384 0.0798064450988601
"910" -0.664575359761003 0.168110910024494 0.599346448848601 1.55068824193441 -0.689839477397176 -0.0187748771578775 0.229016493353726 1.02098116363218 0.561730439627273 0.282729780266163 -1.03830327114609 0.402045874685581 0.27997646968024 -1.55824964892577 1.54906479632451 -1.05742720366821 0.556596021860185 -1.77865370097464 -0.407499147589878 -0.662931703757534 0.872049254594579 0.89602708215039 -0.382424431658989 -1.84628958074146 2.08367962044583 -1.24022441824052 0.895587666143526 1.34506346535981 -2.58065636217426 -1.72893350066743 0.288673302343817 -1.43781183026279 -1.4987738643433 0.100481050119467 1.01425076097581 0.292393945399723 0.88577202144585 -0.154875252803131 -1.65777972059143 0.543675270182604 -0.600312248758633 -0.259996207625394 -0.89129183752805 -0.760265600010993 1.54438393100171 0.858483122268227 0.991005543148948 0.883220223306063 -0.943589275263589 1.14258275058046
"911" 0.298527786397667 2.1888688833536 2.27613422402833 0.265966405484945 -1.39750390951841 -2.65085723572751 3.32936228737064 0.553470170357929 -0.264300687776272 -0.669054430985119 0.341802255860299 -0.852865792558125 0.566703414091408 -1.12667301953546 1.69686788582826 -0.0774712082888342 0.303278165635934 -0.542313081394789 -0.755582648303569 1.07811875562011 -1.25998762387642 1.46257840860625 -0.833026277671967 0.731803979676129 -0.57624037458344 1.93628731235642 2.11631760004921 -0.976182742348779 -0.403144187381691 1.491801300968 0.931200207300365 -0.261046581471782 -1.42212159466804 -0.0385492795866959 0.00097347966482758 1.00550056471581 -1.52544927471265 -2.69823150993698 0.145297819824146 -0.327122585161479 1.12613023456989 -1.53141974082361 2.14091157598167 -0.748341415767719 -0.0811033518938679 -1.5700488454663 -1.47857893752758 -0.972534012967538 -1.8400728399612 -0.432362492808582
"912" -1.29907837965799 1.46504289559879 -2.04206407013059 1.9806364623488 -0.761870194297301 -0.14764990747823 1.5376767438122 -0.33558756321498 -1.99454056001461 1.14251042542963 1.10219907757017 0.615141583232397 0.88766216270605 2.58556698500576 -0.692570999034048 0.26420560751318 -1.01850005475807 0.551526430115995 -0.252102202475172 -0.476441083506108 -0.664324930937882 -0.250312114637434 0.067203335215377 1.3296786274773 -0.189327820022416 -1.0463076891516 0.855643844755079 -0.126475244761576 -0.120722178135834 1.54648945408461 -0.779379231280396 0.117574504924231 -1.3986023411117 0.00131538737409764 1.32957226756197 -0.0955324873466686 -0.326279377477458 -0.0586565748446729 -0.303515596841833 -1.47037828695585 2.01441434497336 1.85208842155676 -1.19773931389916 0.720238126554528 -1.6130768083022 -0.625026628162223 -1.09322823463065 -0.860844431812447 0.385280812049741 -1.04656468975036
"913" -1.19572563345664 0.413644566962749 -1.2697922716467 1.44501844604736 -0.641676051969776 -0.23034968011265 -0.160264395966461 1.12119706641564 0.147878555287122 0.600919390409901 0.588536632843374 0.363910462200116 1.50214158509176 0.43430173776587 0.206639193462847 1.29583595374783 -2.34467978983936 3.73057067734715 2.33165337391337 0.765919882943763 -2.45446711222423 2.13117558255576 -1.26338206789473 0.542859928262577 -1.02378392493803 1.18371219487794 -2.09763295136287 1.31104484822257 -0.140230454224141 0.283437021777591 2.15828481270851 -0.000331288275075846 -1.19419202140097 2.65703162595862 -0.798340464212429 0.147849079430494 0.219351345515507 -0.515554078166067 -2.43224619533405 -2.33050174510233 0.568198164077463 -0.556948979545009 1.39974879445165 0.562671169452952 -0.455941966751711 0.0282163899432262 0.258303881920583 -0.654138219734841 -0.450240777584868 -1.08991334327288
"914" -1.04735509463797 -1.44674168261284 -0.0154428055047682 0.354934188134687 -1.77393151104375 -1.28553306107498 -1.06440282431574 -1.56697166588578 0.811178724528628 -2.31286722588886 0.945102137503368 2.28139596078568 2.35162642940697 0.343494428735002 1.03100786259624 -0.772510228456198 -1.03650218004808 0.512940083846326 -0.746118674806043 -0.737690598401637 2.08348636194062 -2.56375338717416 -0.205624587105577 1.44744736537828 -0.563665978520159 -0.62287311272819 -0.0299054958673623 -0.62858420820867 0.0473640755734037 0.894975522299282 1.0304450836084 -1.42152031543224 0.150574047712356 -0.489810693304427 -0.304980743878936 0.598214362430205 1.20840317517774 -0.468382537518938 -1.12778351161142 0.884783918534815 -0.0676142050476626 0.113842735098585 0.522365096493924 1.10072219343186 -3.94164231527053 -1.71403105321325 2.79119016176043 3.34652335089953 0.543948346503645 -1.3546203032478
"915" 2.37327782313098 -2.03340093595801 -2.25512017014242 1.75263585865158 -1.7695944932319 0.538257959016401 -1.54179893449226 -0.379845278622003 -1.54271158511648 -1.69264631051226 2.95641553822899 2.7603447208615 0.22042107011655 -0.998450282061559 0.460631610839213 -1.8141122933656 3.08187277990553 -1.52325322684203 -2.29541590566865 2.64356339914347 -0.681089905424459 -0.352327929029276 -1.27414990440069 1.38495735293483 -0.258323209310675 0.52311045927182 0.862824554590318 -1.59632995058191 1.33522942150343 0.119631421114929 -0.42859883127247 -0.750581845269734 -0.210337578413058 -0.114033563333766 1.07457994227105 0.161517784309737 -1.32041407551336 0.999956963139321 2.49998611432546 1.93976562525387 -0.00852615989891678 2.25997824201539 -0.896019146146117 0.360871867396787 -2.19535627112176 -1.76706282143026 -1.31958572684184 -4.56897085669346 -2.90423666664201 -0.295859713710962
"916" -0.446248578372771 0.39146805569728 -0.628577293115596 1.75116046021121 -1.10482426349512 1.29334063290432 -1.76019413724284 -1.86373016951096 1.06099845789088 -1.9804075123187 0.165788146798155 0.134984918406412 -1.07857791441795 -1.9719852490047 -0.19184901379814 3.52527848004358 -1.906619418848 2.5111862439394 0.699669896676067 1.17491913696555 -1.27628250269484 2.22925343346906 -0.931732020784321 -0.726003591021745 -0.91003228751009 1.5149827318713 0.504264484106927 -2.02432388275025 0.535795837979657 -0.69144706013728 1.33055379800299 0.0096350519707484 0.0255464651920073 -0.415940608266804 1.72758070518991 1.79112846083665 0.275875742398993 -0.683000136391897 -1.00472159273911 -1.1864269321144 2.21459031440015 1.47395148223695 1.01166929580338 0.305167887312969 2.77962059002361 2.59520629086144 0.280755658559693 -0.664061263122649 0.0935602714233424 0.119221093838434
"917" 0.376204696251217 -0.0181709946122382 0.0634484127889947 -1.68405462892506 -0.121166796262057 -2.2728214556023 0.615376586854438 -1.04091770597364 -1.95511028268919 -0.0278390274611426 2.07461230658985 1.81023920437501 3.69109984957906 1.67654114885786 -0.748383898548474 0.351426380613524 1.21802035871047 -0.366695820829488 -0.486903089133941 0.0457897593256159 -1.43137665621446 0.138567191849206 -0.359874608143116 2.29016959538076 0.195665478732074 -0.119609585210843 0.751354999485258 -0.872973450953923 -1.90092445472484 -0.933714607626729 2.24666644776958 -0.00662543842583232 2.43591075640153 -1.18910598478663 -0.875010696885168 0.174915452245162 -1.91061123576446 -0.939067011811387 1.9630183852984 1.32725836550723 -1.17132221730244 -1.18284521378757 0.839640003907503 0.99819320528199 1.53767792356164 -0.847484399250728 -1.37849501088178 -1.24459611612226 0.416478318695569 -1.93983308321769
"918" -0.507778235460557 1.17806199890316 0.921439862136577 -1.62860711045736 1.82664881525514 0.288929820027586 2.50450513110498 2.50040476590586 0.159071485770139 1.11057359318527 -1.63291230475927 -0.640627011630201 -2.00846524648939 -2.99399124150268 -0.756676973882522 -0.157160144504458 1.659710755143 -0.815280502182418 -0.270283641561618 -1.43089049500893 0.550989580193652 0.515857828828898 -0.588164558892743 0.0666173994064708 0.469908115725284 0.18503153459477 0.00233859169183616 0.569541592551098 0.814386697932552 1.06005830120285 1.06110785388081 -0.618384658815665 0.73767178289816 -1.60171694355465 -1.11717293987547 -2.59822834550982 -0.915908112263468 0.68539468265037 0.969960195284259 -0.497201915888823 0.408883320117096 0.0919552570330787 -0.687417695990605 -0.053289188732669 -0.113628281331042 0.666180125270908 0.0154874990383102 -1.22628923067083 -1.00431753313144 0.892262651949413
"919" -1.0733557661601 0.419418259401782 -0.365860205108103 -1.28686972885135 2.20299307490469 0.799842164179044 0.565204990419619 -0.787760137606321 -1.6889311545628 -0.485531211469502 -1.40907844361917 -0.683966497999697 0.0365505018644711 0.175953001726345 -0.923583547951838 1.49512465344725 -0.409783653253944 -1.96577329214355 -1.03053509814519 -0.872801108630529 -1.03297863895046 1.74800458536912 0.241538159869455 -0.705579470117677 1.17008139844952 0.0486121382986899 -0.355581212238866 0.318275540976162 1.50778270633909 1.35163998922252 0.23726873692214 1.21853221784163 0.943207184084113 0.318601975974638 -0.0875658586180614 1.60009167083379 0.870732687093773 0.223308538709832 -0.394561022305933 -0.549573977295459 -1.30654291134527 -2.77806154023893 2.66269593981543 1.7310892590706 1.51517496382182 1.21957665590876 1.96389151579394 0.241673682960521 -0.42021717206432 0.473655455658149
"920" -2.0546089292494 1.66376731358336 -0.194277644317424 2.47059488688821 -3.17936093518382 -1.02389957252075 -1.26154447410562 0.305348719571281 1.39404634569281 0.799073331603343 -0.679730715595442 -1.18398281033843 -1.08310479141875 -0.788466869323198 1.21899654100095 -1.23129740303562 -1.04635406342989 1.69199824874815 -1.33346843311855 -0.300893969299853 0.995949753949079 0.942900956881813 -0.768099545335237 -0.332945400491906 0.101328485843962 0.0257862572270219 0.843057780112894 -1.56131386165725 1.34980051248031 1.59668964460468 2.21272271947962 -1.08299365702712 -2.43838190395663 0.771785769072984 -0.200631104333519 1.70146855519376 -0.130822932001696 -0.724778895283734 1.7505709646684 1.9611673599274 -2.64981753642981 -1.27475812376706 -0.357628403678817 0.677593879694378 -1.81743083745765 -0.315482118007334 1.25051567632481 1.98215236644545 -0.26920386572879 2.1136392160694
"921" 3.68775906344233 -2.68292779558309 0.0623010704017433 1.1999422871337 2.0302996081967 1.38974083494664 2.60393781043354 1.32942011849492 -0.984567623029632 0.609587847125663 0.867059827737065 0.276828943278117 -1.32310781822632 -1.16271853173897 1.37595718127453 -1.95909306211634 0.535315137666906 1.39052749895639 3.10690094677694 -0.415439792432339 -1.51430716591252 0.202600383754145 0.872255798455528 -1.00839811062197 1.74625631946517 0.0614853302665715 2.40386877013591 -1.39466756742519 2.58533958629454 2.21942788837255 0.291550207142036 1.04191608600411 1.69020328978858 0.178169872756713 -0.945147375579814 0.49982445153351 -1.3540530567551 -1.36304462711474 1.31373250793129 -0.675370512601893 -1.34895699281402 -4.24505462733064 3.50355991421622 2.15492145016882 0.0881115774180851 0.779662873944477 0.47167708509439 3.67543579773771 1.6073589724845 1.51900439821978
"922" 0.811260526579086 -0.221271124626407 -2.01238620513486 2.4154788408742 -1.7544044839647 -0.000219169663707195 -0.816631672298635 -0.103416021232293 0.157417777518469 -0.245524986525854 0.744268549506695 1.34719416992638 -0.166809522120218 -1.80796129448513 2.74063632220785 -1.5932222322734 2.18837075929784 -1.711598458867 0.392032081338347 -2.46563374651306 1.11379954992038 0.994004503858275 -0.253013941260385 2.41928868089345 -4.58380377329994 2.25583652843326 -1.26497334064261 2.2944942100132 0.157577023118425 0.946589431811118 0.88426485116758 -0.0209298641026035 0.796422078644312 0.259839806403177 -0.753274910071451 -1.05778905369446 0.0364302565219683 0.908509966862729 -1.45406676334188 -0.0857437923466411 -1.39175473207314 -0.0990701113147858 0.989902221016379 1.43315333695319 -0.992278782443242 -0.90934703994685 0.808546543826423 2.09373567784473 1.6826249621155 -2.57975692189209
"923" -0.527430978655107 -1.29627042234981 -0.331160109104723 -1.88998086929701 0.159443992244491 0.982365231382471 -0.544963694297496 -2.68828371586056 -2.28311698929515 -0.496625349985255 -0.762730947775123 -1.79223225204895 -1.30765775611188 -2.78969950248409 1.273097729967 2.81730623634712 -2.13218402890902 -1.14346159563004 -0.623948780425538 -0.629275059600255 0.519690620406873 -0.654905779714124 0.271317064596246 0.580894378838266 -0.596232080628232 1.98501062214682 2.16896733724607 1.0744540564707 -1.52687994813163 -0.0697826973769236 2.19866352243451 -2.38102667671349 -0.519397571964197 0.0257718337037272 0.464021792105401 1.6230016698627 0.224528107178798 -1.18098669575495 -1.50896907750208 0.99603354388435 -2.57096413616489 -2.90749831796295 2.03987560233565 2.63818602707308 -3.5242449446122 -2.33791478857598 -0.515498565223852 1.32911280018712 2.22890409856832 -0.644445007950679
"924" -0.456707564778939 -1.36420473075613 -0.309831359783346 -0.418169104389192 1.29253812513715 0.0152888503887933 1.58059657732617 1.31003303280192 0.780554659395553 0.771035558079963 -0.495037001020422 -1.43068116881194 -2.94364965155664 -1.36255572820239 -0.957753738822942 2.29883465708909 0.167971305737838 -1.11910720024874 1.44505207839999 -2.95952187710624 2.70806460710788 0.641998473759709 -1.17979341396505 -1.06331397265532 0.0132302853624432 0.120085515682102 -0.0271492677045837 -0.162861916492502 1.58467199548682 2.06030478790916 -0.309145016991046 0.813286192831645 -0.0151085531936487 -0.275358841648426 1.25228473531812 -1.29269160621637 -3.25914032483114 -1.47628043769822 0.0951534464559939 1.03468959796652 -0.620578489483153 -0.414903033326438 0.760829067633817 1.94411172872588 -0.485661653780079 3.30735016909696 1.993875412265 -3.30790714418209 -3.09876507117418 -0.371486940504956
"925" 0.588824212098578 1.84961377863219 0.34990687129501 -0.80254062358946 1.90732893023912 1.45598443484265 -0.325779800759341 -1.44578462284745 -2.60960156565011 1.02838725871589 2.01668489470751 3.02715182176867 -0.723776578061295 -1.76412338993357 -0.780408638379927 0.983081156948878 0.708816911775185 0.400036536408834 1.0488598849506 -1.9924450842978 0.914996873172919 0.494619418550431 0.797584223911682 -1.55076476272347 0.2617015238868 -2.26714332482261 -3.20286985531711 1.57157145217798 -0.843026626110803 -0.807658135138112 -0.150949083560839 0.457661707781431 1.44902661885242 -2.63762492101064 2.7497891560554 0.752608453599117 0.658601160279644 0.789818884346142 1.11452406445355 1.13666519310919 2.57035683737362 0.672315623977758 0.667891378128773 -1.28386560618254 1.2132640417144 0.0619504462008042 0.2795711386492 -0.308642562263413 -3.09999916022098 2.42892855901247
"926" -2.05922269820657 1.95144483331822 -1.35292410395355 -0.14637479656902 1.52886012471781 0.58743732808396 0.567006726052567 2.34495167654799 -1.57921213215745 0.46818150862592 1.82348910163494 -0.397671317456618 -2.2360908676415 -1.41407402452489 -0.213738685620081 1.44742069835288 -2.03803896330404 2.45433623654782 0.80277839150451 0.0305061982644718 0.0294597432706218 0.594627374150591 -0.188015257199578 1.35054248319019 -2.12512699574223 2.14548525556961 0.244461949250951 0.819674998894496 -0.505726148300066 -2.24825759938543 -1.56059807542851 -0.139393192141762 0.491564891661603 -0.359728597481696 0.566949704373814 1.78859438490582 0.777631083819188 0.189095040737726 -0.879043571154153 -1.1697792706303 1.41111079632802 -0.447017836901083 0.599265012768537 -0.6496914256252 -1.04647002316531 -1.05727916819803 0.751371378337038 0.539788515190393 0.193424641965867 1.07361656885692
"927" 1.25951570493562 -0.186759380002139 -0.911642967676033 0.995436661456756 -0.22256777218319 0.459191968476737 -0.91695884496927 -2.64008240077264 -2.72599434056022 1.55332382898655 0.513139331414811 -0.608539772710639 -0.904546305826431 1.13992246538974 -2.46319857549715 1.26829087091158 0.40036142322574 1.39191277331759 0.209136484458442 -0.984093622553401 0.753256463891126 0.731835403108186 2.82202532832479 -2.11977730444271 -1.54709123999295 2.3989023145447 0.385207215882872 2.0511680963529 -2.79830459675824 -0.363797883305877 1.42113279798962 0.673329604941102 2.57541350775551 -1.57680147963889 -0.279988814675875 -2.51764974304608 -0.945907828231838 0.344373410249569 -1.25586379798184 -4.20789703487778 1.66733289058911 0.698864020089757 0.793189569086723 -1.30732015717551 1.53476002600472 1.37423807257659 -0.154102774928553 0.000309373499564016 1.03560413215735 -1.36155709020151
"928" -0.775627512150351 -0.363719012470787 0.561806072818326 -0.571888495723734 -0.299198332126221 -1.05416020053086 2.16989972643976 2.39130843099473 1.46082840809739 -1.40003300821839 3.67214606067674 3.26741813128335 1.31498815704383 0.949854611882251 -2.0255713526514 0.277589719395671 1.36199370053134 -0.449401474036074 -1.37881413493703 1.24490522382729 0.0684670618208573 0.514800988120768 -1.07288575128286 -0.631878189052943 2.84879023803746 -2.20574911058642 -0.883137030478958 0.437873756184976 -0.00754179951851263 1.64329169267439 1.34782018380204 -0.634080481129506 0.0674804185416916 -1.07049260604736 0.135969491072152 -2.49756019542919 -1.51638837789709 -0.0117333728103198 -0.931127154274168 -1.00869811963035 -1.8926195644596 -0.310189473401236 -1.52608388641666 -0.448159948489658 0.837005194194807 0.575553422932083 -1.03635463167504 1.50826474671228 1.16505115231596 0.352501144790472
"929" 0.279422500759066 -2.34964878390457 -2.15675421474149 0.885482587219779 0.238444700714478 0.371037565854775 0.0386322926691256 0.617775431734263 -2.01387263999498 2.41621057537008 -1.73003243308247 -3.13643198146232 -1.99722943213321 0.993616430221693 -2.84456236606526 3.07668507488737 0.0974283640072395 -0.0959577102254004 0.490719820845871 -1.59908556088619 0.899896716744266 1.52239351473268 -0.798760945436733 0.970872041693102 0.4207788081589 -1.050621101374 1.1530479826807 -1.93385093545159 1.32886888045475 2.14693710442663 0.141351517233443 0.552093395430805 -1.11752435265919 3.39940061095207 -1.90927120750161 2.43134572614255 2.75557671165075 1.61208540516739 0.994377728235696 1.94916856933942 -1.59658416928659 -0.840979796862851 -0.554835507062268 -1.08608133920594 -0.318918238646303 -0.660164570395608 -0.548517001106047 -1.02100056107273 0.499219864837884 -0.422053442258809
"930" -0.306959854751724 1.05096728984634 0.972531492173993 -0.0946318226806957 -2.44579150660627 -1.92648658307816 1.30545794563365 1.25066028688472 2.44074294077466 -1.1811187578134 1.32792289406203 0.78530658704622 -0.326102176701186 0.549135307464217 -0.879795069964019 -0.424921091561453 1.35780780901478 -2.55283527783514 -2.1027404143323 0.587159303540373 -0.0899777123874346 0.544083582082986 -2.36195945698336 -1.41315032948427 2.30886371983677 -2.38196163952889 -2.37013671116967 2.80888375869965 -1.87649655217259 -1.74653083962875 -0.416424557592512 0.875288576724915 0.469238802486368 -0.207302484873514 0.388853334255067 1.43367468012736 0.460554967420863 -1.72149303511299 0.695309851936576 1.29374383794727 1.55633143578138 1.05916953597339 -0.600056891495678 -0.214539105523676 1.16513988670784 0.978567507609345 -1.75403153477813 -1.34761125807304 -0.251052052413698 0.211488017533046
"931" 2.32545125523413 -0.27421600024157 0.0722529600782706 0.951482070780909 -2.81040694412778 -1.23265474383248 1.26290650466572 0.625668498561928 -1.6419291468806 1.27540706059041 -1.0020386290392 0.876004626344508 0.83876711892496 1.72205450464456 -0.204980701278794 -0.574255300537299 -0.314434388675528 1.12476978057083 0.328006191451574 -0.608929668053856 0.108472140232829 0.376235777114628 0.236255453122089 0.703567078455796 1.4786273241343 -0.784392108199015 1.7736387064338 -0.668815611592232 1.05987456252826 -1.3262617758098 -4.39475344583755 1.35899330202362 -0.510306034176047 1.05427996517364 -1.98394758547703 -0.922536277256491 0.734597815321526 0.605671704133511 0.402650152417893 1.29843232696697 -0.99184020886615 0.579850985698028 -2.41173829941211 -2.0469672561495 -0.18937134232267 -2.64021965349303 -1.18341597192404 1.35212550785299 -0.201700194435603 1.0680875697251
"932" 1.32409789366661 -1.40623713719746 -1.19885452990901 1.13696912021738 0.210268827546939 0.657050012777539 1.9380876994815 1.66066387957251 2.36508706393842 -3.69458346713001 3.91975899704524 -0.869529421517688 -3.65047425165444 -2.4274206195928 2.0012614661527 -0.161492898246778 -0.152666333372374 0.911266191576274 1.60263423712883 0.126446507685023 1.07576782056211 -2.2224008754645 -0.663463937427502 1.75874067909727 -1.59477163236854 2.51495111266081 1.36091920233657 0.377174529525197 0.706561851729923 1.76108366471122 -0.348927086871239 2.11632243150657 1.3756598850751 1.2010321224759 1.11805821566577 0.346432504789584 -0.225936071908243 1.2280145699351 -0.822190567658001 -0.607787421530063 1.5035480290525 1.13766261574833 0.240707964381346 -0.958533299677241 1.55739542732778 2.39386723856138 1.63152716250675 0.504241556387905 -0.230027343221669 0.260307452291009
"933" -0.752156270079952 1.82917784973583 0.890642939705226 2.09654238902515 -1.84513275683695 -0.501916663652771 -1.11390932715707 -2.5950966479606 0.258635223856383 -2.93508794378631 0.590650801575637 -0.512468906450909 0.282317820559826 1.57456631850309 -1.3929900422607 2.05771588276939 -1.06987456720333 -0.000527020732645364 -1.48005173258626 1.44396211377714 -0.136706026123516 -0.319625491838138 0.416049705523448 0.7602587437536 -0.600340289170511 -0.703065914719364 0.178434746467199 1.49143036251802 -0.173559221175514 -0.122851800588445 -2.86368086439127 0.906078176160086 0.103566565717276 0.919674288651279 0.928154559953523 3.40984703624795 2.50459017156023 2.80711269296983 1.02381894961849 -0.0976450550694957 -1.88554070308453 -2.22929185222267 0.335321224041938 0.0467572416532957 -0.0738021465546352 -0.868748684025287 -1.21549877130408 1.28651470653573 -0.557462999982922 -0.939918330808305
"934" -0.751590951985223 0.103243896766228 -1.36275647177095 1.48226438318896 1.59485669050505 0.862853345590026 -0.747499267592964 -0.83836400896457 1.12590144349353 -1.09780266611459 -1.50102701447123 -1.06926445600059 -0.0455415969360137 1.98641310259122 -2.39947516113503 1.6973885279003 0.220515344630866 -1.09485757530855 2.52953363191006 -0.726791670836591 0.155889312037811 -0.557792922803239 0.376532283544199 -1.35190729331771 -0.317659127081554 0.0559267802797736 0.432225088513902 1.49665938663568 -1.84660085953455 -0.200069930097613 2.09536893283884 0.314978186262174 0.881114572468072 -1.03399610447383 0.363419530292449 -0.790759145985861 0.243819146263233 -0.500830642686932 -1.58074105189062 -2.32910418221948 1.73564895239869 1.24142087640247 0.570337711376999 0.387429840834171 -0.289920145637011 -0.29015579689228 -0.219124140678986 -1.73972013836806 -0.615038480097729 2.53661945140576
"935" 0.993587134722058 -0.573166341739488 0.473550026495772 1.20910284140905 -1.45210931937065 -0.357384265026967 1.78054240010613 1.15352452337267 0.247855163653813 -0.385557014670743 -0.454806526923426 -1.94142144966298 -1.82011176463528 -1.27770873521838 1.09379221127973 -0.028948296910489 -1.29833969950796 1.89253845701979 1.03138576306488 0.0702798489955671 -1.2786001403887 2.23161938033489 -2.798986516604 1.74171959150355 -1.00173034940904 -0.0616515958800616 -0.806383443050944 0.923651389270597 -1.05770014567375 -0.863264662605111 -1.52087867248234 -1.27940440155011 -1.41495281006763 -1.47850475515249 2.09096182632429 0.0219470649831403 0.579204078949158 -0.131805608114883 0.61266491745671 -1.43415325033794 3.83184681385651 1.97310534756279 0.604444436561526 -0.0331701402069689 2.1837449582425 -0.435953698888402 -2.23121132477535 -0.53465383878725 0.843832008968916 -0.69130492127279
"936" 0.449582041796461 -1.09231487655353 0.41516082613689 0.197943138235206 0.419095150672575 0.329876048540678 0.65666213326558 0.111443387793819 0.283127660168747 -0.878147413456032 0.240986826966484 2.35730443212444 2.40991595954264 -1.74863231968288 0.847723075204485 1.79860964077155 0.856683993111893 -0.543929186524479 1.91144396919907 -1.01575238855863 -0.0272094804870236 -0.0673338456012092 2.24410541789733 0.692046484244695 -3.8865561285564 0.474548615003327 -2.11495183310084 0.238152665512731 2.13163882001688 2.07451694973688 -0.732175563994709 -0.200284037159325 -0.82742339779806 1.03740429898413 -0.825289861890026 -0.351457789758292 0.183718135576006 -1.04748434565898 -0.822731558656866 -0.734848807035464 0.221243451901019 -0.460332746385162 0.335821764995349 -1.60377265392261 2.0749078406832 0.520119928382444 -0.619491254371516 0.0145646976249511 0.0675694887813718 0.493761707241432
"937" 0.690342920866589 1.74528963279557 0.770096169672692 1.09621724063482 0.108476971674097 1.19599200773164 -0.244344358719632 1.48480583693621 1.3721136270162 -0.162608907684063 -0.614729294012591 -1.66200326481819 -1.75748624708086 1.21540052920392 -1.75926600431266 -2.02434193932392 3.68246762116252 -2.08193748528604 1.00263449340106 -2.64254954019269 2.75724819817958 -0.470080323880496 -1.91892055183235 0.589458956071488 1.40849804916205 -0.845525273213704 1.01451126630053 -0.126715489719846 -2.94908999709206 -4.24870242774279 -1.47029908437231 -1.2200431173927 -0.165457612478324 -0.336786421207565 2.11443637226812 0.67677736762577 1.1113602750811 2.0894969652459 1.98945092332955 1.5943271014025 0.438381396678364 -0.0406016431574926 1.1270424876906 -0.424988189643839 1.90822795844165 0.74891855553456 -0.246694347834496 1.38570414087212 1.35586723579661 1.52827566485159
"938" -0.415676771890928 0.426140217407223 0.940758023648884 -0.281334948074518 1.45218151046013 0.793974849026809 -1.42769285353293 -0.665646968040405 0.0952691647752948 -0.570475601510437 0.6071174218138 2.40753781780148 0.73652242210107 -1.19947082207174 1.15785986354131 -2.52285426702937 0.333244664615975 -0.0792989212637588 0.16351364361327 0.89214872208102 -2.66894822710876 1.05062878723868 1.57560078023772 0.0216954416200197 -0.892543943564816 -0.64993544080309 0.0972679412229955 0.643966629169977 -0.236363038657081 1.26242531111967 -0.736259846580836 -1.06376915637329 -3.40347477894592 3.76474402483302 -1.8057291704784 0.662626188698635 1.62461158006919 -1.08787246479519 2.18361956377064 4.54132666681455 -1.58184770279564 1.11401770496318 -1.94682665694629 0.241183608839287 -0.238435797485141 -0.798444029259681 -1.59504486313455 -1.04819262401456 -0.1716602863592 -0.933924922646572
"939" -0.70632840671393 1.74091132485106 0.68269470614264 -1.64289860558976 2.24272466066587 2.03426763892052 -1.06006917658704 1.21069571320602 1.31083081784902 1.6943880486172 -2.55398294593996 -2.28248647142303 -0.821395284805373 1.36980947944908 0.356944935409671 -0.817859036848358 -0.103505393864769 -0.395783348485994 1.34797253747284 -0.810248318704964 -2.03917736402148 2.16606479497451 0.979167669423323 -1.65556845423987 -0.719171052350672 2.90290188092844 3.49096446331424 -4.54919840919015 1.55085904127372 -1.20730997248181 0.67753466460394 -1.44354188333784 -0.716536984710425 -0.142399290038742 -0.919086656982974 -1.68798684844744 -1.50800792044081 -0.406042668379912 0.191134662894426 0.590360189212145 -0.863206767005416 1.16430745710714 0.36836617892241 0.905057609077371 -1.78900514864684 -0.913426303203102 1.49782251670469 -0.16087338212822 -2.4941551758197 0.570012038304831
"940" 1.29493134748711 -0.607477550249822 -0.0744540384465716 -1.39659750498856 1.13421178593163 -2.18115075555342 1.52382979687919 -1.57908845048347 -2.19821792388707 -0.90611598789079 -0.374206881215343 -2.44499155323435 0.0527023367086977 -0.981143558904043 1.91620305847041 -1.02787204289273 0.540461763850012 2.15293622150912 1.601184318734 -0.844521901967048 -1.40837288710999 0.749126447374176 1.54117038954342 1.22760865582013 -2.50510264054922 1.80293957920676 1.10895479266554 -1.04824256138075 2.06814037886701 0.000667038935623934 -1.63202105175417 0.173838240854892 -0.421276368073365 1.43706253816211 -2.29308349651644 -1.91563997864395 -1.51887001097537 -1.29179480014236 -0.15514400223011 2.26724164493475 -4.0247233383455 0.0507345941077966 1.5091648537075 1.77192802314156 0.10144368948278 -2.24522192513101 0.990654915495874 3.54747222955081 2.46345229398248 -1.2489327655647
"941" 0.87390658837332 -0.266408976250578 -0.736839961640365 0.429465532744563 -0.456849920324261 -0.153039076596834 -0.252182435590824 -0.124886446691715 1.42729145281765 -0.227432390664339 0.600250917706355 1.45023210705119 -0.695732553788623 -1.6394800194657 1.91598619189383 -0.794639954137544 -1.07514591393327 0.147026317385968 1.32386639304824 0.390331017724996 -1.67526616816654 0.0309353984495913 0.753049504278511 0.348063613317053 0.469845915984756 1.92531812745345 2.14112610938918 -2.12950456404249 -0.168654402088573 -2.04756713987994 -0.88799545352072 -1.52969970561552 0.493647747751687 -0.821095871398136 -0.824776543108894 -0.392972503406848 -1.45880128788996 -1.46153835827901 -1.4441906136445 -1.11171982801197 -0.707819569927512 -1.81346303387619 0.947580802071087 -0.773148226249494 1.37301476902088 -1.64291558193186 -1.60646263178282 -0.10783833483119 -1.37346401045925 2.9103933207737
"942" -2.30358407336047 0.66511317910725 -0.247509858764576 0.203815180440848 0.600431420618631 1.26052851580763 0.191454781837041 -0.99238512226366 -2.56488539280583 3.51685926430626 -3.66799579247501 -2.06615417994699 -1.31441990445348 -0.468310873419123 -0.254499076724328 0.754805709675782 -1.06182310678938 1.39033860871169 1.10994611471021 1.24433346365291 -1.37849607946563 -1.51585995316596 2.00859586250826 0.468344902552786 -3.12368273690493 1.62011561486746 0.0183657240522476 -2.43569447333037 0.282510934407535 -2.01787493255493 -1.92774142237335 -0.0268338793666582 0.513258394390896 -1.46360718471437 -1.02734764034587 -1.47167571690799 0.496898325707096 0.423935847038515 0.242825512762713 0.844714549330768 -0.874502694157031 1.03324128663302 0.211104693304009 -0.332343729146769 1.4346403019799 0.818438909791002 1.42198014960382 0.892493004950153 -1.33883110572934 0.603730572443754
"943" 0.873642039980315 0.103668446703883 0.815847782548987 -0.798142749286981 2.34115553514554 2.69602499712347 0.208828601455632 3.54789417083797 2.11869879914741 1.67107210841919 -2.47883434383061 -0.551772142209761 2.28787892315313 2.05980328834137 0.669311227105007 -1.41939341130093 0.618806414264848 -0.723919728494681 -0.646494906282738 1.46486255745827 -1.86928177270634 1.6119720733392 0.182335881514583 -2.08312411352428 0.665773702189915 2.37416144002379 2.67550183024736 -0.0126268573255375 0.975209516095909 2.08167921286542 1.32242216615461 -1.31772876437941 -1.03049400927044 0.489148370150269 0.875176425292227 0.221266944852509 -3.13713517667402 -1.08147835913225 0.430606634374809 0.799426334307168 2.07749524170365 0.348061701793665 1.5684672130617 -1.00022489260534 0.784882922450193 0.0306525938574389 0.439750950150522 -0.883255900343825 -0.259208020212536 -0.686882854453162
"944" -0.107621357746222 2.62444036790817 -0.0276358641365935 2.26258680456467 -0.459053934874797 0.824116402420971 -0.0465269808814187 0.34711944211597 0.789274388281479 0.312634741454833 -2.11947627251944 -1.07917108259071 0.167964971377222 0.544780436108259 -1.23435166281745 0.392065518662619 -1.20466990460751 0.85525361822761 -0.443593246893674 1.82003042405159 -0.294672695431602 -1.23909337870877 0.158457085125637 -1.01955779166526 0.864646590129815 -0.959444753717674 -2.54310653167197 2.47113409551345 -1.37135758096143 -1.73008800758666 -1.04536443461649 -1.46371976707658 -1.37277051873628 0.752691106752401 -0.821731906618409 0.686380403634211 1.16288461417195 -1.21255583927405 -0.699816975458727 -1.25885844763779 1.89945066973441 3.04629544404605 0.329358029900971 0.483102776403241 0.152258077285778 -0.0676999344175966 2.32073251529411 2.8254352239561 -0.934722442136012 1.4797966756216
"945" 3.02438800127781 -0.691592093291187 1.19331874000307 -1.9361996142394 0.653610179549067 0.458293165653849 -1.27020401503562 1.26457269537245 3.06034455760592 -2.12478029679415 -1.95238387842015 0.415436623619935 1.74121534683471 -0.0556207344239928 -0.198317989692774 -1.3125342115265 2.37163798033593 -0.735537539911461 -0.999472031001238 -1.45628213045392 2.30074452982498 -0.498726884210347 0.955449607599032 0.0915003875771244 -0.444713864723988 0.37014338650441 -1.23188800793469 -0.334880508244649 1.07397175347754 -0.712026870608604 -0.106214360401731 0.69804324012175 0.484660377098233 -0.385604059720473 -0.969562778962506 -0.984780191063457 -0.448201410650209 -0.168799102800017 1.79684996125481 -0.445875539676367 1.83033576228542 0.663718062837021 0.21891520123554 -0.172845690154693 -0.174110455834041 -1.78545792374007 -2.45378676676019 -0.687085174607078 2.55652361968131 -0.797831105874187
"946" -0.123397921583032 -0.795491612112962 0.6976742912343 -1.58905451763211 1.24669648883991 -1.84758046503278 1.86775875163418 2.65572644405025 3.94986942456148 0.328922766374083 -2.43047139437763 0.400557192936763 0.561997321555563 -0.615722066514701 1.38757953357624 -0.509301228898392 0.0306080087572127 -1.12080875182184 0.0188017310874835 1.19987910250158 -3.16938089780254 1.98854894354819 -1.39154581177648 2.14060569653459 0.251226561770646 -2.27704525907085 -0.70832720729684 2.12012998254673 -1.08215775573525 -0.95716137907332 -1.98060031821356 0.152517073208665 0.0153404476311201 -1.38855335338157 1.17612819967315 -0.425698079503223 -0.852496181006441 0.881688198597389 2.2737622426315 -0.407580644833515 -1.37440835774491 -0.708617221342756 -1.24712745073818 -2.24491941027213 2.35087426317924 -0.676341289771605 -1.08693873438212 -0.987124727463017 -1.87813813659852 1.42051577437916
"947" 0.0246319684687099 -0.219847637439857 1.46686582642511 -1.21996893228204 0.0502387813031155 0.857891847489208 -1.81099927811161 -0.348239144833434 -0.00718346888186737 0.500090448638888 0.0901436079488972 0.0694907405136727 1.11093438160682 1.14195532480251 0.099902617602557 -0.340372609724147 1.22681032654797 -1.66934765380547 0.55187499102599 -0.678591285838122 -1.32289482460552 0.210226488057711 0.300789643336199 0.811512633309074 0.169272124032863 -0.0088938416383372 1.66236259494636 -0.767169010075258 -0.96348646295525 -0.296958195702574 2.12345202234722 -3.34266212936219 -1.06300826813179 0.937856238459052 1.01111836463506 0.0890264445963149 -1.19680599660144 1.28988710171409 1.96823052238603 -0.0132713443886924 2.09829628350068 1.4520713766794 -0.583589661016875 -0.730110914974325 -2.46264748873096 -1.62115301284492 -0.0378775173039544 -0.633670239230156 1.06390784618708 -2.13974018193812
"948" -0.0662653204273348 2.11317972782787 1.24751335043833 0.993445944092011 -2.16711714828297 -2.63362291414549 0.938149328136154 -1.78646250995825 -1.04497503239232 0.352202885928422 0.724863070026494 1.57628033089866 -0.77374560539181 -2.75243389585947 0.599658026464852 1.26161540656861 -1.96198010474993 3.55747734426032 2.60552729196787 -0.655683283057952 0.991240801970698 1.65291390533546 -1.52298237210199 -0.0312189499891114 -0.164020288700565 -0.831449378787315 -1.25300980463746 -0.00145460897255893 -0.05160425615055 -1.71788146664698 -1.51715016289845 0.608943722238958 -0.911412764156743 0.65006180432379 1.05655977390144 2.09457556026352 1.25284011633065 -0.953648405098735 -1.02353031326948 -0.211905568369405 -1.14279785158838 -0.788821837592915 0.0927910772202516 -0.627533266346489 2.69740587069463 2.370419884628 1.32752227747425 2.05011715383942 2.06345703824085 -0.31974757028006
"949" -0.212299066624593 -0.676439823526387 -0.107526548914517 -0.872960741469951 0.409703475098093 -0.612796359950809 -2.86189091178366 -1.16655171889164 1.83438821514514 -0.399028846374084 -0.36226619680379 0.994482002993995 2.5656960655219 1.83681402885102 0.54447698970105 -1.3753129298591 1.55147938197491 -0.055206655497567 2.53846006690504 -0.294339505755332 -0.142131911725714 -0.503587329003213 -1.19240582259597 -1.00701237490167 1.34390639960713 0.635911924354885 2.07486602417245 -2.4960908384701 0.736451144681596 -0.0496341690874562 0.481568783131321 1.4927296641057 -0.693650182916323 1.37056992376114 0.744372376964344 -0.915260573357207 -0.785406003440338 -0.984986030563942 0.245017306596092 1.1229642475729 -0.0672270396419027 -0.471269554345029 -1.37800848756457 -0.593808662178815 -0.276791195949248 -0.310213423915375 -1.35305950263473 0.0581543919800543 1.96662901676168 -0.145799330280616
"950" -0.661635443043643 -0.0135942953607923 -0.944353280735683 -0.851941899518277 0.753819145063593 -1.86770088284718 2.29785195808858 0.559947582419803 -2.46223592869389 1.61277185597108 -1.14371519930506 0.945191812685819 -1.11750472873018 -1.90766151674668 1.64714478196949 -4.30382074473769 3.41837774045767 -3.17364651439976 -2.54689373993778 -1.0962015799397 1.00843392865824 1.15241004473261 -0.797213957042327 0.414878745078236 2.04344894597725 -3.11384825530538 -1.10104990879222 -0.228526401943576 0.822574419669499 0.471415301606536 0.15489266542575 0.509079014901277 0.53546472577563 0.947377365315675 -0.820376663600131 0.906387990674262 1.16093426879028 -0.220805665768132 -0.994515215611151 -0.699115020620462 -1.27825051630913 -0.248035824633165 -1.93167711625417 -0.553183887631957 0.636330558165969 0.731548410569361 0.551405230087133 1.20062161067521 0.0530926358146516 -0.144079970097891
"951" 1.53433643498305 -2.3083666251757 0.650354045616225 -0.910632092998042 -1.35374728303823 -1.37112989990385 0.0215197360263504 0.596834149582251 0.70522266521066 1.71321173157962 -0.477167015355379 0.563809408981979 0.590987696386342 -0.244715401278693 0.629645106562806 -1.7100870338434 1.41117937714589 -0.473561482853114 -0.296108629657769 0.540651720380663 -1.03804110100848 0.753373447464308 0.418030515548041 0.727085577072147 -2.26335413191773 -1.58690180431712 -2.63289254580822 0.877931741881889 -0.625416203982312 -1.19369198621248 -1.20865761390132 1.61812280178301 -0.00239384903650023 0.280126231295524 0.868855413960469 -1.61185835017625 -1.35731368460637 2.37321263206775 1.17233342637432 -0.452607996186431 -0.596868832002431 -0.207776573008063 -2.10922386346939 -1.58622200135818 1.91958320991381 0.0284016303381215 -0.621210464637856 0.362179728157306 0.939079849722075 0.112094229825219
"952" 0.155108635275128 -1.27556788019348 -0.975191147358614 -0.315627632397219 0.555152631517304 1.48655753184834 2.25357427904446 0.914118441392751 -2.32297218337063 2.1352116940654 0.73450665826923 1.23584468594412 -2.26760734002304 -0.605861308274942 -1.8370711534618 -0.231019823766021 -0.117593486754703 2.00694298799388 2.19904981154043 0.0435718490326374 -0.312562376202668 -1.22465299908643 0.328085535071814 0.338979689591254 1.35294302917193 0.904561845954933 1.38313669186518 1.03643583651941 0.173585921940524 -0.566383859583046 -2.24745988613512 0.740595905114166 -1.39672481609396 1.83833860876442 -0.321916771512371 2.33125733757656 3.59676721724224 2.26778931451545 -0.541143379251661 -0.888267609379131 -0.617740413499286 0.717998573196106 0.283115964842848 0.263794474448729 1.48518277442232 2.2034896480734 0.806495876062456 -1.13927448843076 -2.3778025560259 1.72298083704894
"953" 0.573342958881293 -1.62342991145285 0.509701939624006 -1.85052506120321 1.31608907938647 0.882071200101196 0.759982898490511 0.831926120629425 0.466338916206384 -0.28312969185712 -0.29058507954224 -0.226475053507951 -0.989643445722842 -1.59539923467938 0.487423647693963 0.492701653515369 -1.51058408697582 1.31322596866052 0.134941902126276 -0.947561138329278 1.96183073562011 0.741036269084065 -3.46305608537861 0.609192842412947 2.75436254402542 -2.49046275518329 -0.69720235647595 -0.350305157803848 0.196863187004732 -1.8293298036182 -2.33921277743683 0.0659381389157283 0.55387159251144 0.307380342463484 -1.49304916151744 0.151395541926044 0.477748093961442 0.0655481984936355 -0.103707236303069 -0.646221433469974 0.596633321743319 -0.984957753162688 2.7453735466695 1.73685271574539 0.200386068017152 0.100933270892992 0.45362461397229 0.0799100831567337 -0.592401543459089 0.667198028218517
"954" -1.92244436047058 0.703177461271926 1.39217325018481 -1.73095643571115 0.769599353161933 0.829207727505327 -0.127328724958288 -0.400263749998194 -0.837932875667957 0.348971911703576 -0.248422033534828 -0.43468900226741 -0.486172345221786 0.341229739325132 -0.531281967874881 0.135909716772609 -0.7007333586055 1.52365888126446 -0.32562720445013 -0.409628720602493 2.17115340442289 -0.945164402975082 -0.7814598551429 2.2540841917324 1.17999357786304 -0.450425887162703 1.27565197129814 -0.247485371948523 0.696138266118086 -0.448044709853186 -0.539659257230766 0.560790021967833 0.643753554547449 -0.739691290780471 1.72558193583037 3.70025528212389 1.6945971625273 1.04125092491699 0.263598641150416 -0.213473150344343 -0.0441350211605629 -1.45313778212236 1.32327240532248 -0.28948083931755 0.943731479650541 2.92999544840043 0.2942985841677 -0.758716410658504 -0.57378765347859 2.15859077778202
"955" -2.21188271155642 2.08831316572585 0.662081270789607 -2.4289020703932 2.58981618817753 0.842013771025134 2.47884158814732 0.955192452433908 -2.09317828756977 2.38700289505533 -1.7329899984043 -0.931550498502958 0.248306973770264 -1.59791780051746 0.921674829143188 1.45730066105438 0.594037846629137 -0.68081923175395 1.44847865963422 -0.925723902588652 -0.740723137324661 0.436202637390435 -0.334525210398606 -1.51980020492423 0.54734032625301 2.46276371701737 1.3795202276051 0.33004869985976 0.944104521809879 0.134713921336628 -1.1711969592149 -1.02098173879083 -0.616683785520752 -1.50975615912779 -1.27971569765221 -0.0352416445656099 1.90374373493526 -0.380369951199213 0.408576080722718 -1.24674913423855 1.09519941353923 1.06180051358566 -2.46884399793133 -3.96402725864151 2.85860312853247 -0.331610410326896 0.538984955149479 2.16386835204179 -0.547940901054801 2.16879457704955
"956" -1.11667687776071 0.383095786910714 -0.378587754289118 0.867478783864025 -1.12938798093333 -1.13669108797561 1.65352143397515 -0.054446958057756 -1.27720868410747 0.143365699113308 0.751765840279827 0.703237272067924 1.18488438144483 0.879301889690884 1.35133022384952 -0.769462559993065 -0.89206080058797 -0.174662184066901 0.70045621602106 1.39623576218419 -2.10186381215293 -0.439999843214933 0.235806896713752 -0.0200076231766618 1.69238513897056 -2.50470391814438 -2.19488533940121 1.23019811995166 -1.96318115148279 -1.45865451733688 0.588358499220479 -2.81048415770571 -2.81232321138531 -1.22167385452126 2.7117290410287 -0.515196983557466 -2.34444077975099 -1.98209758197831 0.396450874224055 0.477805383542834 1.14200605845695 2.91245746771257 -0.522751284673851 0.286734502345502 -1.52656331002484 0.526818527404048 1.87464675140177 -2.87162938876282 -2.73099511699674 -0.876546099759458
"957" 0.95498048267788 -3.05327346474879 -2.35070085120312 0.556782829613199 -0.966486708046643 -2.86018794131497 1.51438244177594 0.296969124154453 1.16628278663016 0.591588972675221 -1.1215878196162 0.250019284565014 0.769934092751308 -0.397167359285858 0.852913394668415 -0.197124396907884 0.507585775679844 0.232289554324568 -0.36562053657628 0.438595617940227 -1.4557312826882 0.0249830068359731 0.797511260641405 -0.451944219720256 0.412299406534102 -0.57645324643446 -0.244065288080809 -0.286983547073289 -0.188520004086288 -1.19789729473733 -0.0894859226128631 0.810098097731107 2.27755407404224 -0.159889347583166 -0.0725467647053348 0.87762102963428 1.40394368780614 -0.949936215711253 -1.21830235461109 3.56636411063782 -1.07805374873692 -0.503527611661145 1.58422885215484 -0.155396341363836 -0.896138085186399 -1.60344326501979 -0.181883642466329 0.516870112130814 0.831926976336377 0.876648343699955
"958" -1.24224948592926 0.591930928750788 -1.19272650882538 2.16380502401237 -0.872331240350313 -0.982047503196732 -0.27420926809708 0.21484906143988 -1.1414157875748 -0.38435212604541 2.35711460284006 -0.705174890138759 -1.00583791842108 -1.88460827291227 1.97330283838968 0.0203187685741405 0.15822384175592 -1.99950412871785 -2.20328846599162 -0.34431695152404 -0.37954057921173 1.63242303258861 0.316717609553573 -0.4504394344607 -0.348305874941868 0.872501400420908 0.238254471691593 -0.12930176982238 -1.7139073596726 -2.45521983822127 0.0659509833609377 -2.83903570283424 -1.4025702943314 -0.38371887625395 0.507245861699306 -1.36412919244743 -2.48001107139362 -0.455772925038174 0.999450635041191 0.0725699293818038 -0.14688776095759 0.178338284650053 -0.270844835297533 1.74897207428243 -1.91822231917099 0.546378256301927 1.47636439215454 3.12756203135768 3.74182758311942 -1.24240100967333
"959" -0.17719398569134 -0.889288225450891 -1.57803636411684 2.58928875149462 -1.17292945196896 1.16315471673482 -0.208104830054043 0.537816334621218 -2.90700520289202 2.09637761767347 1.49464916549102 1.44290575522451 0.988706051524632 -0.183604842477458 -0.326726304458307 -0.923056863447623 2.79368557965202 0.467382446972148 2.74749805428907 -0.0546002970912568 1.30381702203344 -1.72459583100259 0.209328523128095 0.709132671556472 -0.630018331915162 -0.223959117045725 1.51467802574814 -1.90602078572725 0.720168453708252 -3.10157778040717 -1.25816598887643 -0.521216226549912 -0.0403425137936787 0.793551748159532 -2.11151506715876 -2.0485349551259 -0.262556427854814 -1.09255051208385 -2.27003921060043 -1.42898091972037 1.60576122367438 2.43674312629217 -1.33476793561063 -0.242969186450806 -0.141219000098476 -0.58430094740049 0.090682707783164 -0.9579776385651 -0.479300998898044 0.704357275726462
"960" -3.19391827836749 -0.116863931703235 -2.28980219168751 0.828146326928231 0.619829879511765 -0.788227946128608 1.00535520812211 1.11067850666642 0.0289685440837986 1.74251639691104 -2.09801650144991 -1.38165347109621 0.431675276956157 1.81026063345004 0.117433298883148 -3.44399898527061 2.61857998616811 -0.373708918360545 -0.73317205001969 0.0113634097468846 1.2934197963494 0.837766651157788 0.757663395550022 -2.68670017561753 2.6946774024947 -1.41391020062504 -1.89202291073539 1.92969457274844 0.436342674972599 1.86048075303161 1.06582413176063 0.22977980853534 -2.08177890317262 0.129471784235446 0.52289211511299 -0.643937007687096 0.287506177735473 0.332883603386443 -0.389240355373898 -2.55358434463166 0.577976067777829 -0.0428372686757904 1.29346315434548 2.23012503271001 0.417448068592104 -1.71872130054805 -4.63666329625284 -2.30534633009858 0.311999079245921 -1.41920639603565
"961" 2.14891410075246 -2.59653153540827 -1.4994270863552 0.111072192188428 0.235626263715386 1.0954433791206 -2.11862008680719 -0.945956753004386 0.563636700835793 -0.547746026503806 -0.725653798023927 -1.21649233920693 -0.882384334035687 1.46315529211515 -2.35206215508894 2.28857547846755 -0.690305283679619 -0.708745707909872 -2.29617389176435 -0.649873956541579 1.16832312858531 0.847175670834118 -1.37119594827973 0.845568349196859 -1.37683526349033 2.73334289396432 1.69488556735467 0.379895221432807 -2.43582592172535 0.174310291318839 1.96032832675126 0.439942081369892 1.22128893068527 -0.577356380764311 1.04773017239538 1.72126956137607 0.755117088268251 0.240948325100551 1.80518990272345 2.08864317221684 -1.00692280597221 -0.246677743853876 -0.604264332621857 -2.14506368612383 0.654460680850654 -0.405410971702061 -0.0714185935906813 -0.337489455260246 -0.662341093240085 2.42225720273752
"962" -0.728357558360325 0.567990551273335 0.954806194734151 -0.90715656242141 0.631316615140068 -0.507565649734082 -1.18270109523279 -1.26507784004403 0.461970804698839 -1.56271312168861 0.20544315433302 -1.87104121648688 -1.20615745941185 -0.590463050012005 1.34642969674925 -0.553321016138997 -2.14911564346255 1.53302456005565 1.18081681943493 -1.3692428312376 -1.76927512949574 0.230458576934276 0.53342545087679 0.448183090962193 -0.773381714291503 0.57897006737962 -0.24667185876274 1.41280582919195 -1.48830048241861 0.271013639932397 1.70404609830157 -2.71837258417053 0.103296266754044 -1.01843696032208 -0.553348874004923 0.373609416962459 0.071594602434356 -0.363176971648921 1.30211096847814 -0.542411337371533 2.08581010784323 3.08521709118542 -1.39417401038958 0.59597846235022 -1.70094649047139 -1.53530208544788 -1.37003445990775 -1.51359212486931 1.28279635039117 -3.32103990266795
"963" -0.781218043250529 -0.701355841902446 -1.14552649814672 -0.170312802608999 -0.566693191436851 -0.689613785126722 0.375416012930876 0.100044869357078 0.511432332242289 -0.425357046081595 -0.760110346460274 -1.63495107276122 0.446511265281176 0.916145813578755 0.710703820082627 -1.59774208426755 0.274434181661344 -2.0720647269937 -1.86181084560656 2.25438886335671 -1.69181462514146 1.26637274476895 -0.185397924809197 -2.15452915871017 1.9420197811049 -1.4152181435799 -0.196819058158475 0.141725100119737 -0.401406173031674 -1.89967839688237 -0.00592390223775663 -1.36074664183326 1.80482049457257 -2.46245591737799 0.307951459863376 1.0158105868698 -1.43451408126796 -0.296514817583363 -0.120858960637237 -3.32472215109683 0.88253786287642 -3.32954636834573 3.32482666936142 1.51273180480969 -1.09743734860059 -0.649280063183576 0.148853376288179 0.301639771987581 0.227620229677479 0.33182553885676
"964" 1.45274792580851 -0.238660514262702 0.633290123777121 -0.890611261305995 2.63870159525816 -0.042356432217903 0.070397872929243 0.237811951572038 1.95242327237516 -0.691468899958344 -0.273103826360351 1.49699877310706 0.788770552250231 -0.604736100557484 0.936896428030471 -2.08400720354161 3.10825890919576 -0.786645489904213 -1.09339378970011 2.25295055331085 -2.09940851918662 0.765606503906927 -0.605908825415896 -0.0352622415996016 -1.53025292758763 1.61150792335667 -0.34525900026579 2.62623253357437 -0.608668970505969 -2.26103099397253 -3.03342503237207 0.745391896864299 2.26628422821924 -0.181261911725214 -0.856188906706622 1.34691704670651 2.37444032066973 1.37949183172582 1.18845660225692 1.16125636283013 1.86813299001143 4.43982550990895 -4.49704441740269 -1.15208901294956 -2.74783625501854 -1.21178356204588 -0.0227748716670955 -0.63627719924063 0.0388405269939485 -0.585123327252462
"965" -0.972615050493167 -1.02132988357357 -2.65373244311117 -0.238994628633152 2.2595639826778 1.4774624532825 -0.979131095363827 0.865741325618314 1.92615951265713 -0.406539699940487 0.821988749631835 2.15283421291601 0.162533208091568 -0.951397790488241 1.34665263112253 -0.75480728758623 -1.28809593885266 0.45775694908136 -0.786272879423423 -1.01650307405657 1.03530700680782 1.0723658900821 0.026629932220654 -1.30950087837682 0.906304717077403 -0.00453121492043388 -1.09549655703133 1.40247521745747 -1.14355470509018 -0.582254686722055 -0.962523402580744 -0.830754428110644 -0.500291707922353 -1.1562136171022 -0.889126937939364 0.29203084374539 0.716218895527724 -0.0110832182218783 -0.0387210271446664 0.740897757744585 0.671395283481697 1.19096943185226 0.877698815490756 2.01718844777204 -0.696780726807106 2.07402611502936 3.89217645753375 1.7090891023348 0.790415649443934 -0.378110918672635
"966" 2.25659142154337 -2.79738863728397 -1.00081191328304 2.764509869166 -2.90864318242878 0.601219601453431 -2.99547860610884 -2.04678810292804 -1.61120561197569 2.85109581854778 -2.85637105495444 -2.43525153485699 0.757168275034424 0.606328434153063 1.08920014877003 0.87161806226129 -0.171214586079221 -0.164098788869648 -1.92270240043344 1.54189467384497 0.312556259974982 0.548000317118086 -2.20869345318647 3.77094003582513 -1.30605388557057 -1.04579397519762 -1.29120292140718 2.43623726509314 -1.52609125353562 0.788326487612294 0.355144150159415 0.660837087444324 -0.340551453227737 0.160426759203051 0.650372246513663 -0.0324475860185703 -1.31968799517744 0.318325499887445 3.12722671774824 2.061048817089 0.776699096186999 2.73144208321478 -0.755900806060875 1.90560417848926 -1.37540156872556 -0.832896892160089 1.74046546064345 1.58108889261148 -0.308398151406199 1.81650491185214
"967" 1.05431695841859 0.379506482580816 0.487157521724968 -0.33525979481283 1.56675873277842 1.99066040917972 -0.649925325164204 0.614921958537721 0.470036817796372 0.270916120826491 1.00043665200655 0.763332640952582 1.30546367479685 3.84848909103908 -3.02630699332292 3.41779548551102 -3.24162680452345 -0.584665136126426 -0.204288011820711 -1.75926395807807 2.56333930498312 0.34490616158287 -2.19263567718427 3.51735100802156 0.292626779622363 -1.03864269325505 1.85069104867356 -0.573125120994465 -1.68766144663115 -3.94735540810888 -1.05028018765074 -0.802615975807007 1.03455507989737 -1.02185870862153 1.26189893048152 1.37675639066541 0.210201619865669 -0.288429551182967 -1.46049104885597 -2.50577423363686 0.913399823512409 0.182602403237697 -1.56313233914506 -0.984811192011663 0.415363859611817 0.727416813661952 1.38515704699285 0.603352540797761 -0.302204946415798 -0.0679087692177215
"968" 0.492052268532236 2.44233129385823 1.71121850313021 -0.185009050758606 -0.0740848661630624 0.4556698140104 -3.07384082384645 -3.99425866905338 -2.89525908491366 -2.16737524983353 1.09025208780956 -0.312619190018216 1.57730275208119 0.378790985222172 1.0474840001457 -2.16078809394137 2.95582942791642 -1.22174027912593 0.809314957274776 -1.84005413444144 1.59787156230882 1.31698192785996 -3.31943646405534 1.68365057015869 0.95969294825819 1.27157870156706 2.83456697340839 -1.10821331381313 1.29980672837355 2.34742528784847 0.13057677833102 -0.322865371645443 -1.90939319567687 0.988861633465027 0.497929794457231 1.68672971294576 2.7095647212708 1.99162822590864 0.137537904461688 0.327837364621153 0.241906854995096 -0.43494254693893 1.86358941433211 1.26898218275016 -1.30029976440997 -0.927018302363853 -0.961214728189723 -1.21049416271135 -1.23721366272069 1.26874306794347
"969" -1.26006873600621 0.994172966582516 -0.471580831677633 -2.49008520550753 2.50488273868452 -1.74370670792948 1.41107724740902 -0.234973990354336 0.563973405158038 -3.18966337862773 5.36780371634481 2.56032509319273 2.31575405150795 -0.299056904096144 0.637535149109005 0.423017363989731 -0.0809975951342595 -0.666764064582842 1.08893486334313 -1.37548839262545 1.32501109303162 0.94941073677323 -0.929284364275231 0.219732028746079 0.500992660880999 -0.685500793126047 2.78757203312193 -1.63751499550446 -0.31836810299817 -0.194757484921497 1.36211602666655 -2.5299245395752 -0.595308238532467 0.894341556426437 -0.655265018731553 -0.65816168001516 -0.585394516458318 -0.227021776990309 1.52732577061751 3.25179961033326 -0.536770861197216 1.15959624907317 1.74659246411194 0.836879251392546 3.12603554916193 2.26151588604776 -2.06375784162793 -3.22664344868659 -3.96655208080193 0.212562435071964
"970" -2.03832429932413 1.98510206686832 1.9744163390551 -2.51873416136786 2.14633675862609 1.02460245952095 -0.955458678435076 -0.160894891863012 2.66320312953525 0.692270838174911 -1.31118165248964 -0.193585369229418 0.566050683688492 0.334249696496346 -0.874197190228738 -0.956776848007931 -0.498787487239854 -0.248752635919968 -2.2147480210955 2.04094575640537 -1.62028566644442 2.81263518194708 -0.587517175111559 -1.58283914640194 0.739382585985658 0.463616765198509 -0.838954639294948 0.570812054779478 -0.640986138428252 -2.58165651032922 -0.659294733362438 1.12380710190895 2.46403146135685 -2.20581979427379 0.295977804605997 -0.824383572903412 -0.0271114692643403 0.640766080215171 1.83921877474683 0.21707685030253 0.450925354780575 0.00489364001151813 -0.601454686454383 -0.0924537973798156 -2.95940321843243 -1.49799714504298 1.81263173526202 2.42108925912364 1.30403816801595 -1.49815569764727
"971" -1.41316298488241 -2.50296895551246 -1.97400687468531 2.68487332588172 -1.97992568729573 -1.48887755172132 0.51662305708758 0.419137109108111 2.2617583552891 -0.470667655774164 -0.8742758265745 -0.912921252545162 0.334234470721791 2.36532229608596 -0.650486195557732 -0.446110528535552 -0.93994256259487 -0.224337728416708 -0.988253044687182 0.942045471403885 -0.123726478541053 0.454506117891893 -1.00308460014296 -0.671374218492427 1.27069984653471 -1.54597242909704 -1.85606258841043 1.39489226471789 -0.855858446179784 -2.51828125792378 -3.19417359820167 1.96036385535239 -0.499988125237869 0.813711159333149 0.723365949241203 0.860741204871482 -0.424456817961737 0.444631765546277 0.679186492913814 -0.90244128643991 2.42180766506227 0.821562082878238 1.11242753862959 1.22634048709432 -1.7526894664776 0.162230781281963 -0.546544900881757 -0.103246394913649 0.977349020206174 -1.92492093740262
"972" -1.13493075497778 -1.66499782261437 -0.816752508762425 -0.772234085295353 -1.69895450751085 -1.95409786406005 -0.645962128364422 -1.19343741458218 -0.168543178320726 -3.16925038693392 4.06847647232564 0.215954058737962 -2.19326456349065 -1.17193958883772 1.44113683931015 -1.87208872721908 -0.269259622353741 -1.34306207367207 -2.4538510490062 2.04517756333671 -0.832994010664883 -0.148332970465259 2.65014302156789 -2.40973349425128 1.48731046546974 0.787850032042834 -0.0156255474881706 1.7547474617888 -0.0691223215200579 1.16331950113092 -1.3521341471219 1.13381781596336 -2.03257410502154 1.54087752453491 2.27514473158104 0.921823630121607 -0.192852291067579 1.46366660761742 1.73364056825327 1.65154791434128 -1.13737763569931 -0.485015839454638 -2.46427580458136 -3.14598342390963 2.51039728108489 1.57402170670678 1.41221070276027 -0.0543126229929077 -1.74977824859866 1.54785344932688
"973" 2.61224634304407 -1.32879562166366 -0.702909733055953 -0.457472080813405 1.97987215315336 2.25162388651281 -0.623512024850525 -0.417227250330424 2.17256595347933 -2.02429295534563 1.50167264901361 0.328547341423978 -1.42758847297904 0.228978287617146 0.431785799639831 -2.24793473406477 1.91501508033119 -2.87895626615824 -0.42218670654485 -0.843558219392351 -2.08499996179269 2.04798674883328 0.129600075336492 0.248199216050746 -0.824954071024216 -0.978570813610838 -2.20922805083389 3.06871995629259 -1.3199750612541 -0.482775991565536 -0.442041137173933 0.32883502903279 1.22089039332652 -0.626047883086681 -2.61740638172276 -1.90678790984187 -0.933506722134809 -2.08703657674976 0.46637455927399 3.29620115804229 -2.13078681307806 -0.0905249568389568 -0.547151611697839 -0.519851139968687 0.302643584237314 0.865917998736766 3.67917544247906 2.49224330243908 -1.32726972780052 0.651200350504717
"974" -2.34631490919479 -0.340484910804769 -0.43973944917355 0.65727949607963 0.045573058020338 2.14045303601582 -1.41151027373176 -2.5197210169871 -3.0549937722327 -0.169802236957988 0.746877781159176 1.67369080702833 2.058677137267 2.50208386919505 -1.20768494635778 -1.39198689399768 1.35192844014167 -1.59719588744187 -3.09670768084263 3.6575089350049 -2.94038159133041 -0.389080802706001 0.51966161756781 1.25423762418074 -0.377526365530499 1.41793059046265 1.77014641789413 -0.227943075695223 -0.93201085450625 0.047636574738459 1.15464051130428 -0.951426166547407 -1.32097152555951 -1.05987544663659 2.25478261343634 1.7662254906712 0.541707412006832 1.18573145761891 0.191155034161073 -0.680526383633533 -0.605511178391294 -1.0157507333437 -0.673941280000834 -1.23250757924698 1.3745428684391 0.170188205025638 -1.69827247202391 -0.506553296627527 0.667830937735089 -0.698847975680592
"975" -3.12124159569489 -0.681376033252438 -1.0561133484363 0.505220640708298 -0.0801413300341314 0.879855655800856 -0.54786659484227 -0.162018078416879 0.975514716201396 -1.17885309873435 2.21055218993312 1.28215927371556 0.206873918622479 -0.692541211142812 -0.279918660505839 1.21025257476442 0.165307365554524 -1.35604609184697 -1.38098093957144 -0.906813211824197 -0.44498573554624 0.439671080501862 0.26513800902198 0.634289279087065 0.647086922885912 1.30995587581144 1.69351101382707 -0.868537166385505 -2.93852905326225 -2.13722547693673 0.585301328698568 0.0413051094778094 0.489552726409076 -1.31822361801472 0.136179324320533 -0.977271630674116 0.712066980080257 0.884279818349731 0.00886240048157926 2.00074956035665 -1.25572332308404 2.21418568249329 -1.34196002553124 2.67946546983637 -4.03497020499968 -3.17775148486952 -1.77302181172341 -1.48046213295115 -0.946577539618792 1.81854782728423
"976" 0.0439430737115915 -0.206181829474551 -2.24239399758859 2.07055167468742 0.497158617751939 1.41042734487676 -1.0802987654093 -0.413434182913991 0.0693295079843529 0.498886476457239 0.675818755778089 -1.68882638346522 -1.90685534628937 -0.284467715789158 0.166118400456069 0.613946672058377 0.239083970822457 -0.635925980664434 0.36536616171507 0.715173471557591 -1.47896524327085 1.30722555570126 -3.01200137547572 2.53952515694326 -0.464583871217375 1.01725299597079 2.92160124305666 -2.39099313964308 -0.665185987256701 -0.75079104934721 -1.25528032300427 4.0635228427319 2.76312057486573 2.50868119484079 -3.34655396357792 -0.660772428542719 1.01581086011309 -0.437964426984066 1.5190421956262 1.90826008714868 -1.22394522551336 -0.547486998291413 -1.02112346231095 -0.219606855540227 -1.70556293536303 -0.442546120031135 1.06953627637549 0.829250486430825 1.81911515667809 -2.05863737036144
"977" 1.21873830416087 -1.94492215084182 1.91203849581639 -3.66527189663813 1.16464223080011 2.26981992847863 -1.19777917311159 0.46976832100678 1.48213890608801 -1.07725141517612 -1.08610640613994 1.28962074818605 1.1444167167643 -0.707271052759151 -0.232805561413354 1.90143263394735 -0.0224585250708091 0.00786858771168716 0.0736280989043295 0.90977584629908 1.35724005964371 0.562036490709829 -0.273132360580666 -1.2246452372144 1.21329925606694 -2.04334871497311 -0.160022904012411 1.04148942552021 -1.99695340929831 0.221736519293365 2.48427274182843 -2.6735744819479 -1.46596624475631 0.762400637764838 -0.774474105201516 -0.185274147234919 1.01458610881974 0.355284501487603 1.1160977590096 2.6321667324507 0.877494323249736 2.9233528949694 -0.136353343954022 1.85356306564529 0.235166572630123 0.572442801350551 1.96291370163767 1.52858027013083 0.149469558256791 -1.55361158408556
"978" -1.4910932422864 2.28657086198698 1.34598978276622 1.06569837392931 1.98309110873684 0.261340849375929 2.60124797094153 0.659164483554389 1.08283679494715 -1.69086648242384 0.0521265220459709 1.63758583156235 0.96872250132324 1.30217192001104 -0.494174175866674 -0.717960452551487 0.169903374441684 -1.7560782286071 -1.47901317910017 1.07882680390996 -2.32014779318943 -1.28435313888977 3.10613078207924 -0.826520012186247 -0.922381693850997 2.3860287125204 1.98346154436084 -1.29383890635369 0.876266626384322 -1.97604118452419 -1.16607192985221 -1.65208444887701 -0.805312019715831 0.0575768348945947 -1.04551561200123 -0.746946675393314 0.90204416973278 0.859221504669305 -0.862307988348177 -2.58727284303989 1.94983742483175 1.40525268102063 -1.31618093053459 -0.612309553130462 -1.77102519285017 -0.622754147838861 -0.728909206565689 -1.46057928593879 -1.25721746143633 1.15072131854243
"979" -0.179256387075599 -0.690437541284346 0.00737721270705395 0.429881533771355 -2.14831764943139 -0.330945235937492 -1.1181831831773 0.345054331413875 1.06047945965068 -0.513989510246339 2.72062088142506 3.36370295243349 0.313510929625993 0.890552061961217 -1.48379533747654 0.378586693352193 -0.969171415910336 0.939697088680264 1.85789269943611 -1.18604321918059 1.2309173362999 -2.42619790785071 0.45466585555399 -1.40539101423214 2.10809886361836 -0.464629100670197 -0.391387930300974 0.671264539841946 0.82048152272737 1.14614559338672 0.250290602343638 1.12248806461967 -1.51807987730469 2.36572030267445 0.294337460816783 -1.9045454061585 -1.37788084197018 1.07172396706369 -1.3611614816507 -1.823164558756 -1.11556465358746 -0.27429425980211 1.31340765976813 0.220286205289673 1.83282739191441 -2.25885838906204 -2.97893619028075 -2.76446538128585 -0.849156507531346 0.508222123076219
"980" -0.0599521727242491 0.632527251169129 -0.0875396888516465 0.676754004913434 0.55491918911708 -0.259503234742426 1.6280850634869 0.455311393495115 -1.7553686125883 1.01990964010291 -2.97380638206162 -3.82140642827873 -1.67908229952366 1.69093898850051 -1.70308390622078 1.19335154119069 -1.6048962674486 1.10963143851178 0.651778652623763 0.605856869042581 0.498443371469425 0.629407078222356 -1.60143433519661 -1.18840647587631 -1.42715036218704 2.57478994375327 0.478400476044967 0.958262547728436 -0.982637537846594 1.19742676707186 2.10671974077644 0.0322750872421116 1.75163693518764 -0.318214466718306 -0.93720741517255 -0.31586353893507 -2.10865523010044 -3.36089322461873 -3.39699175013513 -3.45610515354901 3.23256322517347 0.713816261838028 -0.731841650495261 -1.14205816965646 -0.3896393464182 0.722756975456583 0.674392630696552 -2.94043509777906 -0.95607402260008 -1.93517976729525
"981" 0.781333268645986 -1.43900061114131 -0.0566374203498585 0.418307911598336 -2.68436631720245 -1.85781475591673 0.529934503371044 0.260002371564276 -0.92144330231906 2.1039639487816 -2.82763278029592 -0.764981446112978 0.707934925595127 0.351573228448684 -0.326571385593904 0.533817349160927 0.234653450131222 -1.41405067708128 -1.04993315834804 0.179674479230956 0.460836820753274 1.51136074885371 -2.77199495977948 0.196792672831355 2.92445276829225 -1.70729855777147 -0.010255095101808 -1.12325655103989 -0.387472473245355 -1.56093263530729 1.03453054456234 -0.875044799362856 1.25519120204699 -1.12783754125762 1.18481555828572 0.105584773640747 0.4856575490324 -0.624616680697615 -1.18038534607436 -0.390396898914745 -0.227956719578977 0.000348950040949686 -1.5715490147199 -0.642298709174149 -1.32897677194147 -0.989778677914064 -1.44855189067126 -2.37374953251131 -3.22967990662101 1.12413799307991
"982" 1.2791013247675 0.945870794310233 2.60816314805041 0.223164923742107 -1.62018790684851 -0.929564791815321 -0.565006210337804 -0.285773791040278 -0.517977343283459 -0.243743348404087 0.895296555464556 0.0257156604307678 -2.07626536816965 -2.63941654370871 0.151387095597324 0.0175001738437637 0.320482873657917 -1.11778424419643 1.20286974351222 -1.77807354440703 -0.817519484320392 2.28772432816332 -1.16590869127978 0.9431998733465 -0.613169455500811 -1.53572119884999 -0.0507259653366905 -1.43673719864886 0.406466432566368 -0.780580911257004 -0.397283286231817 -0.329618390003805 -1.25784368629307 1.51674871375221 1.21389514340395 1.27709617227615 -0.827481333096632 -2.54943495654082 -1.46280239847837 -0.294085395498906 0.106471940630175 -1.6236113811983 2.35729183499068 1.2846823138153 0.243724394923341 1.2943413354368 2.14067974904409 1.17030389031434 -0.806490719299286 -0.273847243845509
"983" -0.33828758872271 -1.2131195959287 -1.54947512395777 0.0234824915444696 0.983716731851756 -0.837812501716168 0.931226778363976 0.524544255601471 -1.06030190392937 1.70492319668642 -0.168537325429065 0.903038898675339 0.376367254375192 -1.16172094497063 1.16146894363185 -0.0657151161600273 -1.67286356108963 0.219215331955403 -0.970165624554104 3.17068388931069 -1.82487768616049 1.07766412444787 -0.99974218726834 -0.638343192802475 -0.47219842016475 -0.458964011777588 -1.81803819956233 0.741260926055507 -0.298926597349813 -1.36550327414036 -0.96005504128476 -1.15790070977721 -1.31486667154743 0.0405743573365836 -0.308545057686279 -0.114565889526565 -0.411976936483274 -0.466996739150834 -0.0243388764959091 0.981281170966089 -0.297420766952941 2.0743832063453 -0.850203372366051 0.329744049738673 -0.218663615471012 -1.02276854603708 1.65497524581929 1.82618242355197 1.59348140584734 -1.82130822047145
"984" 0.231290501773735 -1.62065754430079 -0.103488781883717 -1.2077633717902 -1.76325312934076 -1.6805178499552 1.34370193847039 0.474495762176279 -0.503430348029262 0.0180502830613512 -0.152545158859438 -1.50650165844318 -0.427185848232952 0.960218777218302 -0.56006082725846 -0.388333187247305 1.68986271761562 -1.3035019558698 0.222351786275057 1.33590345368062 -2.59330146347556 0.285245777400785 2.41708191608427 -1.01525040574069 1.79366817942928 -0.0276596792574718 0.91646045927122 -0.0780099355342469 0.818201022700254 0.708873224027961 0.172035484998892 -1.92501488274726 -2.0761700610422 0.813607063402711 1.34425942279123 0.730579762264205 0.177987698843631 0.0135635496460935 1.05987849183456 1.85283236264381 -2.08447238341906 -1.2935066003203 1.05716083395911 1.02237924064961 0.246379305766874 1.18312149345737 0.693285038133606 0.5329657083368 -1.63188785972773 -0.736413778990487
"985" 0.635826089860504 -0.157077320812602 -0.593411639068197 -0.366558532635769 -2.4640159314288 0.0179447637514704 -3.33659063561632 0.82715415568355 1.75422005416676 0.112312311298996 1.49957458156528 2.10904115763937 -0.133159521952625 -1.08931622406218 -0.554120112929969 -0.233850740995545 -0.0212710917449637 -0.172817589363776 -1.24603677475985 3.70585453584459 -3.27608214979843 0.900487712669679 -0.0946874674803268 -3.33179740768041 3.27311148769301 -0.582267449566439 -1.58142279200167 1.54487221101407 0.928881093300599 -0.663068334328883 -1.26003769441422 -2.2307537208082 -0.71845520809756 0.781864996583141 -1.27732422458909 0.354858831199446 2.03294904435339 1.55454574701131 1.39018381105145 -1.05771775063592 0.944819371111637 -0.869969758815566 1.62526938585138 -0.382872026383616 -0.0428097098662792 -0.527982573332032 0.349495071351421 -0.56078548559128 1.30232355507672 -0.523004272747155
"986" -0.242820971503622 0.700454778618661 1.82780081386091 0.0370366213432041 -0.483528391851012 0.375905529771725 1.92928678895421 -0.84483508199261 -2.67235421124228 0.0167408301252356 1.62970587795452 1.99895280628437 -0.589143765036482 -0.789424625245383 -1.32229835870672 0.0959644154618619 0.901445547371441 -0.286683026418569 -0.511720764659669 0.0986987781330587 -0.358807361007172 0.541826715857939 0.0592910964802288 0.76917214824693 0.449695419557846 -2.81126249943404 -0.144128025150787 0.149674180437102 -2.96758257576766 -1.90170824423087 0.848061236513629 -3.08220134116259 -0.603092496307995 -1.3671440199569 0.538497390771915 0.843665622329793 1.90843920336715 0.12860551624273 -2.16440558408645 -3.01256402689674 -0.932565097416969 -1.15699085226076 -1.28753931629101 -0.98017064221141 1.86008181259458 1.71774285476252 2.34591738020334 0.275107890371392 -0.408843862406124 0.0114426563453025
"987" 1.62498053824407 -1.00115009590089 -0.791886001862953 1.19442593794394 -0.824019362319573 2.20566991676846 -2.86374211073881 -0.53932022174239 0.821569790961647 -1.60063762423929 1.8344350477009 0.460612747865415 -0.891386390189045 1.9306903500493 -1.22708924093781 -1.19118581881352 1.18288318498241 -2.0546280049754 -1.62014604839568 -0.817434482505924 0.245392286039608 -0.867189096458908 1.10726251401255 1.60572579066904 -1.81481600352631 -0.743936988353161 -1.0184781372812 0.441096971606352 -1.30528278634525 -0.241115482593844 -1.81265967377328 1.7690351186556 0.674645164576259 0.583175178566033 -0.12985947070689 -1.46728467255065 -3.37155575086157 -2.90353387503308 -1.27886578004382 -1.03370630310231 0.871633068452793 -0.640877849776776 -0.0310968155468036 -1.8527110010229 2.08009757642109 -0.420292127970149 -1.78195602673399 -2.33585372179292 -0.175504383481372 0.776002438942494
"988" 0.188958698594727 -0.305971887375057 0.453277502861033 -1.17677489050318 0.763793311445358 0.555825422511042 0.138683502689268 1.29874968601442 -0.302671329186713 -0.328590510094502 2.91256600159932 1.24470395945431 0.98810640898236 2.72250709563583 -1.19943500405214 -0.727299340539998 1.11335293874012 -0.699678893443482 0.94309441125295 0.531856014977574 -0.727886948442514 -0.320059553138771 0.0855533732801413 -1.14278281806557 0.199307500103739 1.23366670135298 0.887900730181142 0.250528591678415 0.536246750276717 0.17136505467465 -0.672648542351876 0.81547517108711 0.771962668266836 0.805025121455961 -0.828910717956511 0.99616188275887 1.296449694118 3.15126263264285 3.6714334425983 0.63511068645285 1.53072587835019 1.74928783771335 -2.30903934054141 -0.913811574194469 1.38769491152853 0.992156905360937 -0.699068412985843 -0.686412393430675 -0.649945191585838 -0.201825722572829
"989" -1.57860347744001 -0.0780562098266931 0.899307965596039 -2.30847842947816 1.90687803239898 0.016496286598312 -0.0536648946021803 1.9020492081646 1.97049239913741 0.00853568693546843 -1.56129698240382 -1.16199090091213 -2.48137977167436 -0.88933377461938 0.499087932956749 -1.53834925948567 0.903807899529988 0.632772072347502 1.12944073992573 -1.66763744103128 -1.0680549672504 2.21646354176978 -0.952626229538004 1.76040140962863 -1.39130818242927 1.43801648946276 2.39656065276094 -0.255276601165558 -1.35551907473195 -1.5934684275006 -2.13177270299157 -0.508786302713766 -2.45013255107057 3.71862098978378 0.146143583848124 0.80593578941131 -1.50328662724446 -1.46507971548872 -0.474496865037163 -1.39429408477648 -1.28024346533931 -2.40088371463688 -0.204148697265746 0.360272379745129 -0.691035993963142 1.106620135649 0.492664270073656 0.16943981163691 -0.937225143911813 2.00450530009237
"990" 0.509522974097157 1.92969894863474 1.82644450382598 -0.938380420709228 0.369600136743991 0.844764837616302 -0.277664957713406 0.33669287548691 0.997855297507301 -3.48113994758051 2.99292248238376 1.5200474234469 -0.197906611577158 -0.405876542747961 -1.22846530606632 0.153802475148861 -0.165348436200525 -1.10731121321089 -1.06516183927246 -1.35240967324899 0.296168742557659 2.09084025173657 -2.29750544873463 3.04295822826071 -2.85281004431129 1.53158807507485 0.70615502078776 0.838182141298198 -1.13358260049115 -1.090277205221 -0.921311881337419 -0.371819786139751 0.464082750467065 0.598290760978526 -1.23424609727251 -0.336991238188186 -0.212558157680244 1.94020824831145 1.04376363194477 1.28087990418924 -2.79184664156767 -4.10946511755736 2.07674643653827 -1.45364908043779 1.46504986413222 2.00305899400977 1.11822423319002 1.13893518549717 2.14724926063914 -2.09455079380721
"991" 0.267051223959478 0.119495760575861 0.0976873383819928 -0.258056483012147 0.471615275622575 2.06840333886803 -0.752533620623501 1.37291565202354 3.36184705197013 -2.47429680719538 0.881495967275248 2.0114971185106 0.583110672055805 0.101058693197648 0.7517358877662 -2.88114951171824 2.36337904150181 -2.48247810745301 -3.05538923544259 1.79379000940328 -1.13972535687133 -0.687759698569624 0.363354798652581 3.39459670889895 -1.5537255626631 -0.15770124763578 0.00659084867070356 1.10072325297558 -0.148084318848084 1.54475619032054 1.12978965812922 -0.543421003488234 0.457453028711861 0.543152815647286 -2.09717380502322 1.03331017020644 2.94274931892849 1.95812443140546 -0.239595732497592 -0.579486056191515 -0.815191619254558 -0.811839200050177 -0.340039514141634 -0.251654024350602 0.777515383422033 1.70827780273372 0.0334919657688953 -2.36946541175319 -0.371898267490974 -0.652450853112652
"992" -1.39375394119523 -2.29055077417382 -3.1031068148664 2.22035110851228 -1.16638677433565 1.72341177599653 0.642611953589103 1.30570608884531 0.0967032144661786 -0.0166560109684548 0.233077637855397 0.775812382371216 -0.837493746657421 -0.469126328545408 0.999443942031055 -0.823347469790018 0.0918128663438328 -0.691805686881976 0.0695917559207258 -1.70267551692478 1.73013606461634 -0.474883347604738 -1.03396835266345 -0.662447529022148 -0.932948445770505 3.67694728517468 1.2384805083067 0.274158445844804 -2.06923880679369 -2.7781253885646 0.0969114412599642 -1.55280727382953 -0.291549275335571 -0.646524343070102 1.19433970468768 -0.473586506284093 -1.51732844344359 -0.593366203570337 0.721176319441237 0.930618212862114 -0.546707769756324 0.944131872363065 -2.15808032493691 -2.20284088839367 2.21736855308123 1.8977708532984 -0.0130547338763727 -2.12008126888202 -1.24414623702621 2.4430919640586
"993" 1.65012800368226 -1.33576795908343 -0.147785502966615 -0.364132717995234 0.680945070329741 0.758358307480352 0.940813338814873 1.12196894846406 -0.248131996706236 -1.04049909215316 3.00533163329618 -0.125439112208907 -0.304793830653131 -0.470859873784594 1.04176217700515 -0.970371721514719 0.204097188624252 -0.809753013010637 -1.4871021052991 1.54684340909829 0.311578251342033 -1.44050659578772 1.33533725295043 0.207909293779435 -0.437058083079615 0.200107643529613 -0.896468457604982 3.00053851450725 -0.868954224305114 1.04587598079005 0.628456516061112 -2.37261199888754 -0.528517137328411 -0.139509964666299 0.437315362876588 2.37286614662795 0.380473884054371 -0.965457747815865 -0.362707221469978 0.351525739647261 -0.204026446084636 1.4316500337571 -0.789110795125937 -1.3361189823465 -0.49362573700948 -1.42311370791394 -0.934202951872619 2.13309567055783 2.00884011877488 -2.45808484707968
"994" -1.57494965259866 1.40422819821415 -0.0803196160666757 1.36404573887594 2.62157544801092 3.5525727519213 -1.3925275924511 0.807078014809139 2.54217709907735 -2.1696498207905 0.477859474731018 -1.11886821701415 0.78791372101439 0.155947497290323 3.29570045863471 -1.05137506789326 1.29305512113167 -1.28250869637311 -0.511611673170876 1.49930568604359 -0.336934521931688 -0.254988317409714 0.214713337462975 -0.921086778266744 -1.00810723033768 1.38336589560028 -0.68957690728369 0.607677179697937 0.975344399596304 0.248507202694223 0.0985689450639838 -0.107548243397311 1.13670521068072 -0.952860298373561 -4.01962134921734 -3.18537492318772 0.645564232609838 -0.986409950466553 -1.0957324375292 1.08326704135291 -2.40824715740535 -1.65080122263927 0.943924398224617 0.0209310024204582 0.541900063770425 1.52770803112508 0.195469288166378 1.03893976956544 1.24256008222125 0.276266410858494
"995" -1.44441007998316 2.39598704908837 1.0174303241774 0.696027590875705 0.748167828275858 0.654833592217641 1.22074596044085 0.400919840495572 0.124855253700607 0.159843710948818 -0.114326310228878 0.875826310424496 -0.353326633757577 -1.29589615632308 0.340260370189141 2.08879671000701 -2.1435766615957 -0.52621088784382 -1.1736720403603 2.84383907740905 -2.94755812719034 0.100563706376177 0.49013211902394 -0.416016896238958 -0.686507045507655 0.684885955535441 -0.223272794554764 -0.785619102170279 -0.671046744574438 -0.769429983366917 0.319716590500286 -0.164421858180021 -0.982133087890448 3.01088110485489 -2.32371170523969 -0.455134134340695 -1.18798382107288 -1.65142494511914 0.94079017971969 -0.834134166273769 2.00352165222423 2.43949103112286 -1.99039058032484 0.898387709907413 -1.44891504473803 -0.176537929748245 -0.0805216212581137 0.338457087696234 -0.551012600794381 -0.211274436665706
"996" -0.322576100720072 -1.94297974416729 -2.0779420427523 0.553118524412998 -0.244096002295203 -0.875907862193971 0.942123723665385 1.9311998594693 0.511979328413155 -0.176420206591808 2.67310548326223 3.32600921466843 2.09935285938297 0.536204036804547 0.650216342056934 0.346078043007756 -0.240895264646389 -1.23755275787578 1.41216374643142 -2.07077878300809 1.64557981198161 -0.185871255935854 -1.15501596182649 -0.634463909363254 1.21860394446941 -0.606694927413389 0.107219274746311 -1.01564909983329 1.33251034275609 -1.20983887851754 -0.495038489947788 0.299385379415521 1.30786921844725 -1.17098471578019 0.463322561153417 -0.275007291166156 1.02532394560693 2.05545441212866 1.98063545980921 2.30063709865363 -2.39846080395098 -1.9100800671147 -0.243483310152996 -0.716299782329223 -0.769096342431298 -2.74625008181671 -1.13463530362688 -0.132778063216778 -0.226272346776271 0.393677285039423
"997" 1.46095319951423 0.152934921658746 0.564129553899587 -1.51724829681145 -0.669121890009421 -1.57518502243796 1.87714500301624 -1.71242063269119 -3.46621356142836 1.98285962251296 -2.7335604889835 -1.51104015865727 -0.291640954463655 0.861544892886105 1.04028805708778 -0.322719393855071 -0.981424702511606 -1.5069362452282 -1.0612107549116 0.490835378330774 1.33419930305096 -0.293016904228187 -2.31910729146322 3.58367933352995 -2.04170686457721 -0.32444162063968 -1.78190234513687 2.22845466752939 -1.58781591698024 0.627824953127554 -0.681180243891679 2.01977927511884 -0.590078341200435 -0.415083529240041 2.13596466817008 2.92339299194927 -0.0681713223208289 -0.792586159714893 0.244435953911026 2.57232495535124 -3.8091475842954 -0.0540546313261188 -1.90735650032834 -1.88960456267815 3.45826644082603 3.68334321457054 2.3887422196738 2.67854766369382 3.10529181513446 -0.563746469341383
"998" -0.500478632216343 -0.207836356784206 1.50454260741462 0.00719143633011856 -2.43748724724719 -0.59823361325343 -0.585854014038509 -0.302927542339021 -1.07069713878289 2.01865296789759 -1.80115751644304 -1.63209984318883 -0.899307267102872 1.63005491954308 -1.04209575938578 -1.09362806329227 0.337845212881439 1.87645816647751 0.131274595897954 -0.317048155479603 2.24552363259591 -3.9269916604139 1.09815213520427 -0.0852816436362007 0.78930727430907 1.11855832524748 1.43326196109196 -0.766112934402517 -0.648407121724087 -0.504149892850162 -1.34091310064478 0.462655910673585 -1.54717635361973 -0.304713128215051 2.51596798662549 2.46287509201593 2.00987673216348 -0.648193752405474 -0.0318833363080009 -0.914436650484834 -0.762608848112753 -1.85630177172495 0.612535245812573 0.851497535119054 -3.59568558954552 -1.77184817092604 2.61767405746522 0.393330472587076 0.457868360185908 -2.87319438476933
"999" 0.140259228077345 -0.381658337732483 1.76479581361405 -0.363896538340564 -0.916397095849802 0.369985992332917 -0.788086723734474 1.13896029204159 -0.098299668698253 1.63353453269654 0.0963449926400218 0.766490518908188 -0.318678472800547 1.23141067749611 -4.17545536599586 2.73782597257503 -1.22731838212419 -1.23010691634192 -1.43230458531921 -0.208291188323087 -1.12830059125524 4.74627864542621 -2.56997174816059 1.68378272994303 -2.15152763936692 0.605532654965176 0.799252373049084 -0.54857533225823 -1.10900829443965 -1.17830037337846 -0.401867797194647 -0.501417730850697 -0.251085881510109 0.828807993589709 0.361310238078765 -1.28399813456408 -2.04254358412029 1.62697698610888 0.066271007731106 -0.566766321251245 -1.76949021142373 -1.62626725853363 1.94301194200974 0.601216595649133 -1.32170770182005 0.436566039764792 1.17289262679782 -1.2821201004875 -2.27535765489806 2.53394947925477
"1000" -1.32333536655355 1.02182840925001 1.43123913327476 -1.30188261877872 0.803472161757321 -2.4760438859356 2.55707092331851 -0.16985186909805 -1.57557870871497 2.12961178521702 -2.37310630721143 0.154644347344396 2.49532684645677 1.04518795951849 -0.152870043367645 1.61771589937033 -0.540533347862288 -1.13080764716024 0.774206660900952 -1.38352705427376 -0.155834992972268 -0.986470941740694 0.0221572700993151 0.396068208462524 -1.32041514898779 1.10775872292886 -1.01864337881981 0.136800841157577 -0.247302038599064 0.0809682740830092 -1.37234700658515 3.66194484590866 1.59002285510471 0.259530041173539 0.861046097141906 2.37231581318273 1.17569498782114 1.67884147495573 1.29282726002673 1.63449254620447 -0.0218407129972485 1.91903884297807 -0.435462775493059 -0.184962205976379 1.779424423358 2.01808428517759 1.19131001711862 3.24085761453425 2.08664864023592 1.09220204437201
