"V1" "V2" "V3" "V4" "V5" "V6" "V7" "V8" "V9" "V10" "V11" "V12" "V13" "V14" "V15" "V16" "V17" "V18" "V19" "V20" "V21" "V22" "V23" "V24" "V25" "V26" "V27" "V28" "V29" "V30" "V31" "V32" "V33" "V34" "V35" "V36" "V37" "V38" "V39" "V40" "V41" "V42" "V43" "V44" "V45" "V46" "V47" "V48" "V49" "V50"
"1" -1.41399862242493 2.68207265336696 2.69259800640728 2.51886544620411 -2.1326557559474 -0.306570040807913 1.49784740151941 -6.2926281739908 -4.40547650855603 5.46981126545801 5.16511191509047 -2.55302691554594 1.23152916163405 -2.74304355101003 0.608955200463538 -5.21997848079306 -1.07021241986174 6.78952085672117 3.99883375171546 -0.797787506917617 -3.19785505798702 0.736368049181556 -0.641458847224154 -6.96503482791335 -0.018838005708561 -0.945089553597942 -1.13456033328781 1.41498021241922 5.51561504182355 1.17089346516124 -0.12062845553695 -3.29236735001336 -2.10985603803206 0.0811443442127962 1.33198492945502 1.98780832910967 -0.496883164375455 -1.01136796133802 2.38628320732514 1.47010009624732 1.42876045264138 -4.70150287701348 2.01265183948221 -0.818018438863955 -5.83366333926218 4.10992318068529 -0.0712084398030585 2.02254259225346 1.10155506782503 -3.9157209388305
"2" 1.17930519734475 8.51602797261277 -3.93122141277207 -3.05389159153404 1.88797250894864 5.1475270513987 0.415566011302663 -4.26008915729354 -3.63196937458912 0.847827463014279 1.70994961845471 -3.46251582240171 -2.27315629047601 -1.58267649625003 0.380586572362021 -1.07746692172612 -0.461894735817407 -0.943553564292896 1.57029538974629 -4.10670082993556 -3.12680874526116 1.22368878528978 -4.87363365515634 1.21656348065216 4.95988034946696 0.444878567125436 1.18226157308548 -0.542194611433363 0.254100382602666 1.29863555931085 -5.01469790789172 6.15495442887999 4.96307531441392 -4.8334438959556 3.02654429282813 0.663499412712099 -1.18912415926869 -2.45905120444649 -3.86859971041116 -3.62239861066695 2.2981840420808 -2.00479168503012 4.92096831945141 -1.50732285295223 1.99660766907221 2.6579401088737 2.47795897441287 3.48314746984144 0.696956713964482 -4.5814266750573
"3" -0.795433137714225 -0.334772178106546 2.52267982370798 -6.20459250366021 -2.34295942810658 -1.37748994531095 0.478948724075537 4.0343286301914 -1.49106620675916 1.93319545552537 -1.60063094992796 -0.199977068211658 2.01749549643715 0.166359715822828 -3.33254725898803 -1.28532917294768 1.29951116372449 1.84795876215176 2.03650389492395 3.42912903653953 1.65237585219067 -1.68313482904416 3.43903866483799 -0.887793206503439 0.533013400217406 -0.193640105378123 -0.868697750013158 6.04454127843858 0.457864344164112 -3.41336949524638 -3.28477182211579 1.74150247032366 -2.34646064035035 -0.651915712882107 -1.91054943674007 -3.09017490807582 1.97501846864765 -7.62979249919371 -1.16815920052421 -2.88484647078558 -1.82767316802215 -2.6036635503238 1.63153225653066 3.29204925114343 -0.642998606650754 -4.30536306510653 2.90183671879482 1.72801585510057 3.68830018082724 -1.14718148060181
"4" -3.29490536802879 5.76043601094772 -2.00237018796392 3.20536315815115 3.28111166802482 3.3397792770076 1.17802812461736 -2.13886380423249 0.339517962582144 3.58200883207682 1.17604649999503 -1.79068157257451 -5.03373502387271 -1.50390367966486 0.990121468208735 2.42214698520623 5.23351462404983 -1.00994227141945 1.23865330649316 4.09238149358512 -1.07213435359955 -2.69040199333754 -0.477425046242672 -2.01307258068104 -1.45774012777747 2.65214325773252 1.04897594171732 4.99966882971313 4.39629819914125 -0.454973415046099 -4.00667363499279 -1.0590049101233 -1.81061440625872 0.249198259876982 0.117933579846626 2.52381894316851 0.553356340108884 -1.68984053030441 -2.7735553115738 2.07487187991692 -1.28068845794618 -2.11844628935891 0.278108200330134 -0.163269843805826 -2.59777587120515 2.14516756491461 -0.20083186991529 1.49870866627709 2.10602285082287 -0.232291658909173
"5" -3.84035799733017 -0.291957473346561 -5.34269079473936 -2.17914234863018 4.18882568333677 2.68612432839677 0.555112342261708 2.9237745160959 -3.23571875570926 -2.44071975269173 0.105278270871602 1.31557500699194 -1.22870115254022 -1.03930341369549 1.39660637538789 9.65906592294989 7.41317316266663 -4.37107644568897 -2.22512709226061 5.04855990329223 0.000626723831506424 0.349236475116923 5.71758288587569 2.15807961177391 -2.07286307522907 -1.36628132910861 -6.19452851142784 2.77562729393763 -2.91513267610034 1.69538976200875 2.97530625370416 3.87209818692489 -3.5704511251443 -3.52551723511209 1.12611342297501 -6.58581287672761 -3.84877166859911 4.88351902542781 -0.406809284804231 1.63898044920586 -2.49815875649125 -3.65105580161745 0.18852660617358 0.511914248794449 0.507294558873276 -2.58283837053059 -5.3575927885607 -1.15239513801022 3.22089642250768 3.56599246198512
"6" -3.47204093728368 -2.08443972581026 2.52224361804986 3.08829258061144 2.97052837011765 -5.21922419733402 -0.0424100047660994 3.6677847963571 2.64953866823784 -0.311333079855557 -1.41013822478349 6.22631625143077 -2.88722183331987 -3.84225448136912 -3.46758094797353 -2.75334137586281 2.89371632141271 -2.25267324301346 7.72528496633896 4.89010898505733 3.0897374441803 -0.357703433401198 -4.57305864665228 2.05176865139158 5.33053294961047 -2.0726083683962 -2.45851696598534 -4.49870524598318 8.16486276217917 3.24491056533375 -1.56683015006107 1.09707964313591 -2.37846613739559 -1.56568962695188 -7.85478383604048 6.20826530227602 0.437728846958999 5.68995040565665 1.63364215447216 0.683462984956757 -0.164295920889754 -4.9167612232959 -5.45866053031402 -0.0604853815351979 -0.450406077069783 -2.13968278297749 4.55473656651554 1.63164943560035 -0.66970409634733 2.64862115409797
"7" -0.28347564825709 -1.62325630189645 -0.604840794257172 3.00228704464155 -1.86149119775784 -0.878477993314327 2.18819780819177 4.32953742790501 2.80144295391186 -1.02427529326396 -3.81973033968775 0.5985523793784 -2.51039159418838 -0.173533739159826 -1.83317760207408 -2.31484005308149 5.5592606498747 -4.77982289341261 4.07154224580636 0.498660065307882 -2.5537236817454 -5.80058965394966 3.32570222445464 2.70505690373937 1.77174633650817 3.03405856622932 -1.98615260988419 1.80668810607596 1.70696390591738 -1.46933541807652 -2.79466710730124 -1.57619813120293 -1.4969667976603 2.58750516763288 2.16273324658879 -2.97739135066931 -0.57415100837201 4.33932555510554 -3.49520755108141 1.84684219119385 -5.85339648329938 5.29173686714457 2.91993365170072 1.28937696643934 -1.13300712717944 0.675343269415529 -0.932792323370015 1.10382842555572 1.09141770616731 -1.15222563680286
"8" 1.70835360750069 3.04293739438593 -3.92068511277664 0.232354296205217 2.32522559694123 1.62475199431749 5.25361021121341 3.66991000236033 0.816877453197482 1.30924143164215 1.30486098233481 0.789770019716235 3.82935470465536 -0.948317798016054 -0.124878490501538 -8.73075749241228 0.115067245220778 -3.88113679953291 1.168128154559 1.12071839703589 -0.65942984661548 -2.68094269222924 0.675593286474303 -1.10871106261366 0.339510785320647 1.19016177443048 0.376823182726664 3.62535785722367 -4.2360740721303 -2.42811810364808 1.68699821023514 1.54869578536564 0.508590922976747 2.9405247712915 4.06701922248507 -3.68520881914141 5.59637713485818 -1.95943361830028 -3.40872746870701 -3.29679860024482 0.817038538299731 1.32014812276972 0.587073834524054 1.44832809960148 -3.70893058613382 -0.777257429849195 0.106488430662717 -1.14145135432237 -1.53682000910367 2.57871374321536
"9" 1.44221919833267 1.00316069445964 -1.65304607136466 1.31652543776373 -3.0858061484218 -2.3561869077576 -1.64518884523414 0.0907029222391221 2.6251893109626 1.18613490000753 0.0208869783238427 -1.95165863425553 -0.553706381831969 0.969849113682784 -1.202755561397 -2.78575387957038 0.63509025667159 -0.89624228899707 4.62371367925152 -1.31299011880734 0.685501416946516 1.71866416585224 -0.272109471775375 0.58974765198363 -0.366676018933788 0.366296700003002 2.4674677363037 -1.18746869256839 -2.892048481795 -5.95009666187754 2.30896632452752 -2.61730489032922 -3.25356673583701 1.76460481388241 3.89558577838839 -5.35283672164107 -0.449519242684802 -0.17674366659077 -2.16201136681508 3.50398557980047 -3.15364855207515 1.97673185506963 1.59178788197707 -1.48016748886676 1.51644696281342 1.20652764184261 0.967796038555813 -1.3852338366514 6.48307704963349 -0.497074088081648
"10" 1.25327548913529 -2.28868152663573 -1.07542233081911 2.91833190003617 3.07729851358221 5.0172260502486 -3.87342024588328 1.46037874981094 -2.8511242815774 -1.26727451941685 2.39715558964987 4.87713107086706 1.49342259016404 0.456620063338002 1.93211032300173 -2.80491939094075 -0.116989272267953 -1.67723787424131 0.983405270955317 1.61373684154872 -0.823513458182796 -0.140612111571123 1.5404366871959 2.03243131246041 0.671429540390141 -1.64051912126654 1.27396230663111 2.81116257820573 -1.15540290952532 0.611050509181655 1.10442053519591 -3.63886400754433 0.36542112719117 -2.72525028943345 3.32432563597578 6.11158940376729 -0.635856342002954 -0.206430608681204 6.49168374451817 3.50430348136584 2.33701545944359 5.18217772612093 -3.87669344031206 -6.72531191922154 -3.27558878763023 -0.217185367065735 1.76240356733109 -3.66535488777321 -1.74270288330069 0.160415672314152
"11" -3.14327764105198 -1.69316470454253 -4.01082525133753 2.56948337379453 -2.21489212260823 -0.605404458963804 -5.89321803193304 -7.81523643011516 1.74351220551353 8.18861658896505 0.523738307574207 4.07727108636564 -2.75312327114154 -2.71362405284712 -1.35762884631807 -1.59975523480454 -6.68843280431297 3.62553888527269 0.0148944518606873 1.00850808589065 -0.715054694711823 -4.18191521219638 -3.33488979201961 -4.09162387930557 4.9769888862755 2.99247708596714 -2.18936312542771 -2.29025899121412 1.02359774988257 -0.058095165616364 -0.19428342285398 -2.53215992609478 0.48531662120841 3.38629353355897 0.833520189487006 2.91271444548987 -1.60729678653913 -0.232804898123351 0.613880457920783 -1.34097415865501 -1.99117000651031 -1.93773299540918 -1.93289998112632 -0.0753916306604224 -3.28558642263636 1.79069391461507 -0.0963742443030053 2.2589954322187 -3.4067757399686 -5.92064949370019
"12" 4.66349721644337 -6.12496381045124 1.62642447007253 2.22576997045901 1.82460939041327 -1.29706777866438 -3.46021620390378 1.7768386449367 0.210619044743377 1.70790100012826 -3.16994219676634 3.90417705853642 -0.0251024538565875 -1.47905581037719 -2.51431908052929 1.15058103160397 -0.0719525365513449 1.4493081566409 -2.19822660170076 1.05458218247455 2.58744901443164 -4.59902386506526 -3.21901887277296 -0.763295315060042 0.646369470441127 -1.19580377813746 -2.6423186056494 -1.16848345622777 2.20476242902781 3.62843790924318 0.524823901029426 0.91207189128062 -0.81941947842977 3.20534451629434 -1.48861659329503 3.14814777940383 -0.206058728990859 -0.424460278225249 0.321253344637428 -1.82138736400381 1.63653536196008 -0.0441135355355378 2.40942245339523 3.31505097380695 -0.749476868944936 2.73226061240184 0.431029694085319 -1.06261893979981 -5.23885909346939 -5.12831146401223
"13" -2.62320076425606 -1.20491625670156 2.15582149452018 1.01101004091163 2.91936748270337 -1.36132637237121 -2.54667141858493 -3.07328140454724 1.72562998126457 -2.05967333547415 1.46646478171159 1.91285160456722 -0.66586305061036 1.662972819205 0.515286320145837 1.44710967533771 -3.55612197081461 -0.360521034979702 1.13831807013398 -2.78651678400063 -3.42781271559229 -1.28501386623928 -0.607434230530454 0.501626279619917 -0.143572261798578 -0.390560571618368 -0.309988869921359 1.14807915987179 -4.05959743775027 -3.42092520079259 1.31542016575395 0.432637234272042 -3.01695936238005 5.78309224567571 1.7897540959831 -4.09810063847535 -2.29081578687573 0.545656528491523 -0.147050462639625 1.01644303548125 -6.93448171133879 3.70423125918023 2.31694078061775 3.29417976849564 0.123167871566817 -1.71686642650196 5.16280120846979 1.27783728292993 1.43669502170944 1.27252878745047
"14" 2.34760956477022 4.36228383666606 3.95597218989882 -0.027907325723688 5.02765621541811 -2.20407889446885 -2.25443046778047 0.452438949332124 -1.57528980956462 -3.11774403303517 1.19188833119976 3.43643924941341 -1.10896730310123 -1.39398710965655 -2.4213277866681 -2.84378286199662 -5.27750998020765 -4.66170006589511 0.0136118529959369 -1.52841383521366 -0.86159056691172 -2.89378469493286 2.14114869374489 2.44033541734606 3.69725264979176 -0.437979145865813 -1.68783079970857 3.01245500720658 -1.27785550958482 -0.807283585384495 0.876336777304999 -5.28991239404217 3.02458626347624 -3.1335354836709 -2.23678210548663 1.33421688047751 -1.09166607579816 -0.542863583347163 4.92335633845116 -1.39624928088308 -3.08328246058795 0.183878651235715 2.25029981673784 -2.83715718480563 -2.42247551679135 -0.938191151927138 1.13073131716468 -0.268898267370039 -0.908113110096555 -3.04135190072821
"15" -2.05676376755831 0.202235806359482 2.03301492022146 0.940410252447666 3.21357616537371 -0.77269262572638 -1.62355642184886 -1.93324419483565 -1.41384634071699 3.87243893069085 0.56981782292852 -0.926374376945477 2.59744601481492 -2.23345651081381 -2.27189133799569 -1.53595324851278 -2.2213277067209 -0.0577513719410934 2.56737390324054 2.05861125965648 -3.35561197005247 -3.17845485636403 2.71096456247458 0.769446225562331 3.32555754524637 -1.91782154188826 -0.633298528190886 -2.01524260822892 3.41348022640516 -1.5746482542124 4.63679727743248 -3.8530654715247 0.632375281468858 2.32641725210709 0.914193534254282 -3.39580931693291 -1.74126291056519 -1.32170021926582 1.37795724162449 0.872792728999629 2.40609475260995 4.4765572244921 4.26723487711076 2.87168182618245 -0.0809669509457751 -0.0982063646177844 -3.9254329140374 1.03714666141833 2.93406327582551 2.79987467401161
"16" -4.54590506998314 0.209474494294335 6.92222974774173 0.814648241901871 1.01634668080604 -7.30649647614168 0.62872444878345 -3.13303996269705 -3.26797856934438 -3.65587117843084 1.72788697005116 -1.93046357677341 0.495792814974166 1.97492313566002 -3.79936036205486 2.18135961586655 0.266604431599655 2.37831886965593 -0.135135858599749 0.722247309336977 1.79463177173306 1.89512668137338 -3.50168489494213 -1.82158345627927 2.28747182454309 -3.37416487743712 2.68277585402751 -2.11195398478868 -6.92298012136436 -1.27754476971548 -3.66330442236981 -0.349009119825354 2.4413608411344 -2.58222734057717 3.2405128427285 0.218311466469145 -1.8408408918768 -1.58084866842023 2.58640847173944 -3.54677925551867 -4.39283560540697 -1.56884336360683 2.05100321247987 1.98401072494074 -0.0141829449937414 -5.93867112851201 3.1838280506056 -2.27464451997345 4.46673625670796 -1.81281107432811
"17" 4.60315512941895 3.63882626029644 -6.78572394367351 7.51644591949682 -2.35628105050989 2.19733491852434 1.72186415015416 1.76420153786876 4.62623566223218 4.2831394171409 3.4857101187281 -7.31596330798452 1.04317261791684 -2.56271154778601 -1.13670816766042 -4.12768888910723 5.84954061057363 2.64676843977581 -0.144107318100596 2.8728160824064 -3.47354293573539 -2.89838590644659 -2.36340179307762 -1.39498991211661 -4.58738124304076 1.62562910148393 -0.595283343500246 -2.57951420179497 3.12284962314345 7.69717316427274 -1.22579026261934 -1.05247651871885 -0.827880435802182 3.21769967215227 0.312650166270758 3.11920725399722 -6.22967582594647 -1.01723489101354 -0.210916635683796 3.96234520177221 -2.6220862260164 2.74620386913609 2.3020062957301 -1.16591115350673 2.52933929390776 1.66828501565819 -0.334329696916246 3.46746870418149 -1.14147449821624 1.12196870550007
"18" -2.93368481528202 4.93950532462427 -1.20937971006197 -0.022148522820805 -3.01669975029417 3.40544737053067 1.55398805678768 -5.51510003309682 -4.10018926190757 -0.742043443852991 1.92515765500275 0.274344417238466 2.8975181550463 -2.19116370311415 0.026126315865593 -1.2674579013712 2.93118317166306 4.04147159557589 1.12363116027913 -7.49777904707939 -0.904888187806349 -3.07424918430903 -1.7579647194615 7.66125948119776 -0.21247922663322 -0.381672878464103 -1.80273319029277 -1.0303013193746 1.61291683597357 6.77511330762594 -4.069428883225 -4.23762507540009 -0.865807935169249 4.40438693830771 -0.88038825441468 4.41381933180387 0.708162177064985 6.38158228468019 4.96531931382357 4.12851529916911 3.08167532461281 2.3138131926698 -5.24785366664921 -2.20497842566092 0.451933742222428 0.763645233083425 -1.52587098634234 -4.67971594138616 -0.361129001357958 1.60506849514466
"19" 1.84650531783234 0.596131084350323 3.54181338751408 -1.77374450130713 -5.12269915351639 0.681478172231867 0.99496946864322 2.65140438432785 1.63531312069931 -1.24994104143528 1.00122199826299 -1.02872276626678 -2.84946079712423 1.41428347116295 -1.0912634201318 3.34535171300776 4.78870467023086 -1.3076851348415 -1.8863202849083 2.3426232160336 -0.274633414012632 4.54816079268597 2.29307310084723 -2.11136628693645 -0.68766730679261 -1.77558691398605 3.9828852111242 1.57999532948134 -2.26098491923924 -4.52679211908677 -0.971981112920175 -0.664951931494501 3.8060281979046 -2.41501914067096 3.60894535058351 1.39900980400808 0.89878345645201 -0.370788592830665 -3.90429341845234 -3.34721764572812 -2.69023791515623 0.633334403887233 4.47238294002515 -1.30228397940585 0.0120746345290574 -2.59426739433699 0.773083802172584 3.69651644193429 -1.28290570942404 0.280278752490103
"20" -6.46566638174437 1.53495327544914 2.4537353027247 1.54695611574075 -1.56120261595771 6.11580792687803 -6.81477352820521 -1.01584775536419 -1.63128295023638 1.31589177375663 -0.186329050474022 -4.42804148623784 0.897545767896269 -4.21524312705618 -6.21411047349483 2.45738793298485 -1.96192731523812 1.02578297450146 -0.660149282676579 5.42875352595807 1.70110522866113 10.4973252965187 -7.64867235156131 -3.79353033600346 3.14824014273345 4.22123939311102 -0.708618492864845 0.391481316029792 1.58801415661305 2.66503226809726 -0.81923925891624 4.35815005651098 5.43700664620026 -0.57517257158431 -1.07321439749525 -2.84190988663565 -8.55622549684182 3.24452578297321 0.977019642408969 3.78695112406382 -1.45828608796743 0.300576039001619 0.179232058190073 -0.750661281679489 2.4228912644117 6.92323259410156 0.662477583747108 -0.334466365726805 -0.187373682104611 -0.790972971692159
"21" -7.68525229197223 2.08600667720376 6.15728597587168 2.95028384907999 0.740885373877641 -5.04129737249243 0.572647052541842 1.95204509821631 0.79031599049557 -1.95488616431471 4.83003292781038 2.00797516804696 2.76353533994952 -4.02310525232088 0.281526033167563 2.56993391938817 -2.71647983365268 -2.47022468159461 2.08445702850471 1.48683101597272 4.62464075635305 1.66279865968958 3.67183089083693 6.45706222605384 -1.87311181665431 -7.21071361959771 3.60223959412892 -3.06904145981512 -1.36912056066275 -7.49523329992891 4.79729424840401 -7.86504540516753 -2.45009731341022 -2.29604323307664 3.707902550017 -1.11441243887475 1.78887447885588 -1.17599678295167 2.51831252282601 4.74684504288194 -2.28638316155227 -2.45655529232302 -2.15525520593659 1.32703695924692 -0.978301084572309 5.30305415912684 1.13522626089543 3.76308598868127 -4.33326046475394 -3.26122774662471
"22" -1.61775705745828 -0.330239192803907 5.30078571262766 -1.16577431049565 -3.45467484892736 1.55936290431286 1.88113152623355 0.688562094279933 -9.42143460092637 1.69113185464705 -1.37436886797504 4.48600960107349 -1.20871727209101 -4.61599456337405 -1.20096150495296 4.28394873544751 -0.154196961245623 -3.42817085090279 3.02811223513662 -1.21832970938013 1.19337986068432 0.65216051374623 0.54307051122883 -2.46104566993584 3.66678247191335 1.91440053243842 3.36799262846613 -3.39942875089772 -2.36661275627478 0.0152209244695193 -1.84365178694595 2.42866807921445 -2.54012441517243 -0.202969385269889 2.86274605605209 -0.589922531104623 3.79188864699566 5.19450854187754 -1.76691075843629 1.29757358839504 -1.81895772581421 -2.51707332753333 -1.08599119148258 4.25318633508836 3.28506298459378 1.55009523812051 1.19866443521443 0.282482779967036 -0.714010585791439 7.10559727559406
"23" -1.51013406490119 -4.45160966761976 -4.41850666505296 -1.00452050788487 -6.16072804326248 -5.38631986956026 0.0651293218860307 -3.90649012354679 3.7598626803673 1.54824577739712 -5.14476605879481 1.26911712891105 -4.53716207917857 -2.34966004658634 3.26406476250734 -2.2624389599453 -3.21026438127439 1.27742310050986 -0.452451759379263 -0.855780248884868 -1.7220452988194 -0.982555740775406 -6.99579226765389 -1.3121893897774 3.20881807303636 -1.82615926221677 -0.658064265767059 0.848926168401878 -2.00834106671871 2.36584407576205 -0.272183443481886 -2.0970747525401 1.63250029972332 -0.286642585400132 -3.44852059161508 -1.27134446555982 -0.825300634303555 -2.0891674730405 0.972525879151262 -1.9285944125677 0.032547712059792 2.21867481255051 -3.38907871189193 -1.29164808421902 2.73280315517714 -3.76992678897069 1.76907455133724 2.01120059239767 5.59781610969151 -0.422503458216519
"24" 0.921593259426082 -3.21481435976602 0.707989720359751 -1.50077936310231 -2.33310409496326 0.862445261151634 -0.798914017346337 4.95367260401374 3.45390631904604 -0.961846357874453 -4.88757811629581 2.42540366523679 -0.0579533324774163 -1.4285263901027 0.970490773464293 -1.29237606773732 5.29860089081155 -4.15123698647974 -2.09865940207205 3.39494167787884 -2.28233441023724 -4.57917156937557 -4.05593226406195 2.75798140303184 -0.552654186635383 -2.16653487826384 -0.0596156912169704 1.3371532400979 -2.40650078013673 -1.25199999919527 1.50508635274026 -3.4434647886375 -3.72758483992823 6.02135805953514 -1.84428437079223 3.78881565302427 0.0646688958232733 -0.22483005791819 7.18686644456682 1.869623430843 -0.709808812268623 4.441674656862 -5.97836635883496 1.7221447894097 -3.13421747413341 0.414180696062701 -0.432261185942803 2.51039950805206 -3.05384392729511 -0.115711521072546
"25" -3.21844235916173 3.60973194676999 -0.550599606489203 -1.21339352364381 -3.52020866545198 1.73259784844763 0.499571953839815 -3.31077386979726 -1.06410850825268 -0.760538501816146 1.37108094165721 1.55682634667367 6.49802509832473 -0.0533424173823095 -4.2840198934242 -0.555587059024569 -4.29431177431157 -2.79220068402961 -5.59757312180936 1.70303763372886 -1.14074193621919 -7.13689627425625 -4.6671632951607 1.28332270786506 2.97512673272081 -1.24916012350232 -3.55250518895815 3.53601333132466 1.32403345411562 1.72438525051087 1.75298320339864 4.48378192272194 -2.92209416632173 5.36850893528394 -0.781841041323535 3.10185437335966 1.12113007720695 0.930477166955487 2.17450426367473 -0.882772915813941 1.72491843526149 3.31921543505081 -2.84697698324158 0.216748504052498 5.64226173269603 -0.380252446245235 3.93696512845198 1.93550061292287 -2.02694632316638 4.08110345083373
"26" 4.67384017313528 0.668276259685761 1.41105006122712 -1.99899003486992 0.300867667379026 2.29704895089574 1.47575625791415 -0.867488689975847 0.319698750298165 1.35886868220133 -4.96937021533085 1.6688050786595 -2.83294612477163 -1.24731168908134 -2.25690819315949 0.812797210918472 -2.71486592403753 -2.78029928624534 -0.126355616750287 1.2691392022324 1.02841710526707 2.43333161334787 -5.83120415456271 -2.8532170753739 0.834876009726457 0.721527475033781 -5.10129764861202 3.41000379869145 -0.776508349231572 -1.67036045263093 -0.204377112407875 -0.13428419015078 0.308505406717809 2.2076677957678 0.349140645052447 -0.959400870269513 -3.56590958951554 5.53947514499121 6.68673403158442 -0.97948356008208 1.57430803109035 2.40952348587129 -0.452764521861825 -0.460973717249835 0.665384046333757 -0.182082871885979 -5.09600355348081 -0.834586518667311 -4.70579374262374 3.22363308856303
"27" -2.59311581695372 3.94464857894411 0.151482303439832 -4.08865214577147 -5.72657356588386 -0.521543176681001 -6.12876911751481 -2.05659197150627 -0.307178442754566 -0.974147826909033 -0.729745687662945 1.2318731867283 0.00944993898544148 0.800786602014759 -0.432023655391419 -0.732413679535279 1.97112621689752 1.10950559937696 -5.29527391757101 0.628220781015449 2.51636320934978 1.34088494883921 -0.325553754065928 -2.24982083589725 -0.684266875536153 -2.80738255620037 0.19858271016128 1.11879481870041 2.72401155322375 2.99395138457572 -0.0601439389164952 1.20721621269109 -0.228285039313686 -0.795635937964399 0.157911696710347 -1.0857780633689 3.58505784764043 3.32778916839859 -3.94541354023412 1.98571778737902 -0.987763276524945 1.8301121777074 3.48292973799576 1.43173963798588 -1.14152141121662 0.20889440391178 1.07068361124408 -3.12872321518084 -1.73681584450401 3.03646246607683
"28" -0.86000231547022 3.45038361564941 3.13250584359444 2.81714371296606 -0.496741587456148 -3.16567957343876 -0.248687910956346 -2.21920942702057 -5.00758652520691 -4.01640394752731 0.498364340481235 1.51097462477714 1.98840367427731 8.00364084459138 4.42041641316812 -4.16613789764798 7.41865048585016 3.98698925010847 4.77920100852466 -1.59359103565804 -4.28711320460568 1.85183573967596 8.82567478261276 -1.61910714968456 -2.35419883311907 1.22397318613927 7.33039772531219 4.7640035515664 -1.31731727673247 1.02525482902749 -1.37218135828295 2.11235903850558 -1.37032050675418 -1.35870784612817 5.3799283677369 1.80982844073787 0.434533804785161 0.0322575289687738 5.45097739659677 -2.61483570773634 7.41326104956985 3.37449243736512 -3.78017756168519 3.56256842852383 2.51198484889385 2.6527440759919 -2.57276991871092 1.60449849570941 -0.566120560902408 -1.1385656832253
"29" 6.97380100931152 -0.873171927587302 1.07044867964206 3.80376261211329 -4.88722531262332 5.45000189064197 0.0285969415491504 1.43259279867277 -1.50453631047722 -1.88432860614196 0.995457689055836 0.208130901384258 1.89955586731613 3.44281112011283 -0.356017144766234 -4.48431227160472 2.43277530209087 2.15930516666505 1.62302883891486 -1.02142095717794 -3.16545540854688 0.141436429023888 1.90523681587741 -2.04139026255908 0.320868199095948 2.95549615296104 2.83271460308599 0.708924866130489 -2.33021425417626 -1.45168350504976 -0.510362119285389 1.55373034961882 -1.59246051815741 -0.589886368175967 -2.93878278481657 -2.75020804098438 4.30898652689131 1.06765092571271 3.78198111006812 3.14539553484137 -1.57127998244641 -1.26007409007796 -1.51511361167307 -1.8592106425373 0.544060928798652 -0.714571998348979 6.46277131973956 1.17860346116149 4.84811244920585 8.70479004039995
"30" 0.207105927321119 -3.10175998928531 -1.93715459106977 1.65657629905614 -2.51172247332592 -2.13534347613857 0.864811156459675 0.370214647383679 -2.62871705747397 -2.9687647913812 -4.64778606877397 -4.77217636284419 3.10851111412337 -3.66144863356529 -2.83089351879162 -0.870586140048351 1.07098007314414 6.06132370831371 -3.6323974129787 -2.4142891493882 2.99547130192654 1.52642371969224 5.54243545946698 -1.17980781516981 -1.00109322657964 2.25903966266619 1.32270230679795 -2.6789042906604 4.57176142175483 -4.11201062471626 -1.33328037906582 -3.01639954649768 -4.41542508785105 1.15089495461655 0.191074303388238 3.1682821237189 5.63038456448263 9.29672140219299 -6.65550110639257 0.134469540328717 0.0471611258133642 -2.81529532021815 -2.68303716069642 1.65408681812799 -1.90721516575396 -6.68988091980225 -1.09976041639279 -1.35302134925025 -2.81070470333103 1.90519808438829
"31" 0.91510833469779 0.305951768814397 -2.09069692901033 -1.45093960882507 -2.42570991482515 -2.24917294986364 0.267293693523336 1.98049748197222 3.09173973662955 0.505962120021447 2.5148972681302 -0.987072749337013 0.103352797593189 0.222881921377208 -2.0795428420704 -0.336648805087364 -5.7830655153181 0.972368370350693 2.65135178522295 1.19805440281203 2.85564669645293 -2.68338103157992 -0.536936826314372 1.60015683430826 1.86481086059808 -1.07178969490906 -0.408488411836184 -6.10055680522463 -3.36056988582268 -0.200416233022892 -0.596795094489597 -2.70636399374194 -5.0403810438044 -1.67305503053555 -0.935221221503723 3.18374809132547 4.09892616598373 6.08396946767377 -1.38944316133239 -0.592550943555966 0.205213578140116 -4.01837161002972 -3.43456493104712 -3.97154922295799 3.00517565375451 -0.338721482150291 -2.51666428053811 -5.606650786912 -4.20878443352492 7.08056328977367
"32" 1.31669186455856 -1.59586054457225 -3.64874099207643 -1.7992748707717 1.41520582757979 0.231237137745313 -4.59990901836156 1.71593521842305 0.596783495724983 -3.86766736487081 -2.63394561332384 2.93186509296559 2.12063038817509 -2.06148955379242 -1.45884117144714 -4.19768914407853 2.32362005858967 -0.671757623226169 3.34270168866871 -0.458791517768786 -0.301306962990748 -1.5290490778682 -1.02810556803141 3.55284850329886 2.49461165359952 -2.33120046186301 -3.33173614470886 5.95042185195106 0.604874804578406 0.128534176786748 -1.74341286558298 -4.74040189972716 1.93767810490765 1.81398900277532 -1.48265249287314 -0.550620792316837 1.63128549849876 1.82798778800224 1.30170644562759 -4.47673185854618 -0.125365767595644 -1.0204309560324 3.69576449826015 -3.10732591112946 -0.0407171352706958 -0.0807044141763071 -0.198463863241634 -0.844914773738344 3.23858208469337 5.01539427356273
"33" 0.956319794384844 3.40111313490528 -1.73644273318165 -1.02286159373217 2.53905728133421 2.85717960374942 0.3347848254801 4.44635854238881 -1.61788395437095 -4.65940506545812 -0.126799210395509 -2.93380682783436 0.312759353416674 -1.95604289850023 1.37020856194129 -3.94022756836671 -1.60777289677931 -3.34046339699886 -1.40893702763607 -0.929451587047616 1.77479345502925 -0.911658439592421 -6.3871740998635 0.622693942582874 0.697324021160681 0.836986403347371 -4.71715021668934 -0.558224075577033 -1.45443008015027 5.26137810982373 -5.71074385551975 1.18101060081592 0.100725272338114 -3.40781542505357 -3.29103775331989 0.708134095562427 0.300174658503944 2.97765927445437 -2.825011772698 -5.1960331851604 -2.45800031936303 2.57539230394078 0.63652908899934 0.626760704130961 -1.31460078593803 -3.30606770923044 4.72900412829609 5.22514137690015 1.00823068169632 -1.50535185161555
"34" 3.28276252271292 -3.72935219311419 1.26799741180425 -0.775818021942986 -0.076467384987762 6.95998868306033 -5.85277822308315 -1.02643380364333 -3.59264375709911 -1.02253377595633 -3.05505637911499 4.1411528730028 1.31264409590037 -2.70309865812266 3.44834026037815 -4.35634455977162 1.46219533518031 -0.16083611247388 0.010538638386069 -1.5422107525641 0.483722726573555 -1.1265215944428 1.07000829549894 1.79778163361139 0.916158529912323 -3.14343814140495 4.61358449185394 -3.74358820811392 3.39163235559918 -2.36907699093313 0.968166730248733 -3.94167981067569 -2.72449930252796 1.40847491192727 -3.35811615333465 2.62244960042634 4.00252752680547 -5.38720154905743 -3.47315670830123 -3.91702462781843 1.84675551589588 0.440578381992793 1.18054410817801 -1.88627175291233 -0.175958786158576 -0.505586064592269 -1.24741667919772 1.75222683468202 -0.660180883927117 1.7199261438858
"35" -3.06605147548911 1.36118047452049 1.37703974658131 1.2759791424514 0.129914244151273 1.88300740760023 -3.73848007451501 1.13796158775173 -1.54707214100155 -2.96090626512953 0.647986381763314 -3.4989863112117 -0.97393079552023 -0.0811403017126124 -0.743436453126752 0.576152097727207 0.22251853860911 1.25963031182622 -2.60379469593309 -3.60260419056624 2.07920000928601 1.96836671455951 2.18102032777999 -1.30807648882846 0.900789850854092 1.34292439740566 -4.46633176133688 5.20002334301978 -1.11498722901398 0.738754064776401 -2.34444196852105 4.77121536102099 2.5807669460392 2.76140356802735 2.56652958341018 -2.55835279777676 -0.680054754973633 3.11850148156256 3.68811716818903 0.168320012300047 1.08948811355674 0.837179225239691 -0.380285351835676 2.51314717416791 1.21761318303198 1.56117072458533 -4.22761245513706 0.0632180840870808 -0.112334165824368 -3.07850791897513
"36" 6.21424848098592 -4.74470422379455 3.12442888532909 -1.71356471321671 -5.81242733208562 -0.74175268577379 -1.88377017303527 1.86893930192906 2.17767564442127 3.35340167417205 1.67090076600815 -5.87413505093825 -0.310460947139305 4.39734241378463 -1.99481632724724 0.338037394120339 -1.95454074214272 4.16558103916737 0.837309830606858 0.692681190030167 -2.1864164090423 3.67274738840214 6.48457962500263 -2.35283220380814 -5.4251111041324 2.99212314724186 0.707856293880893 4.2229313086171 2.50222622517398 2.30258890328167 -3.25793507908911 -0.690639366678825 0.934583314951332 -2.6848773385382 -1.221333216404 -2.73153720605786 3.75331531793736 -1.33971076122698 -1.92046890867993 -1.16663161651638 1.7546492569324 0.0571882295138984 -1.80433848914641 0.152027368371251 -5.92730789616924 -1.55904466024516 -3.21556473159923 -0.0514629484917857 1.20052427512603 1.00358161479511
"37" -2.01464570212796 1.77811526109047 0.0785605948787984 -4.18804659578664 -1.68687717612214 0.187526945593601 2.47894359315174 -0.61754086406043 4.36794980974543 -1.9048105563223 1.44163225011727 -2.99315997535467 5.83475368806314 4.03789006497896 -2.52695018853128 0.509455079181516 -2.18401254602961 -6.69253005303039 -0.531522422514369 3.29537813139517 1.458741062377 0.814135937465806 -0.0423760376732917 4.07072994644602 -0.40131534947125 0.879618002899833 2.1022821001438 -2.04818369714788 -0.657162707542426 -0.490887499518393 -2.66693672303152 3.84906009063279 2.09015922464216 -4.63878882983066 0.48234625498233 2.89332230704647 3.13325684460746 -2.43646617654795 -1.81329712344669 1.41220527653573 3.7657804074947 1.3104115074558 -5.88405564074155 -1.64967474306462 -3.82783819109902 -0.932090834441399 4.10270793982634 0.139178711662409 -0.512213493986689 3.03162372632773
"38" 0.80426209906077 2.3805255241138 2.15901790469719 3.1439678397538 1.36252022159913 7.31796242825947 7.49432789035633 -3.48821529586846 0.723428956740317 -0.950478808666953 -0.314659999750578 1.16028727484494 -7.05377861915149 -2.06428819087452 2.56850591541956 3.79823616241929 2.33997328897416 -2.58119615464842 -1.81890391858474 0.497266235469187 -1.58015631708066 -6.0307202296584 -4.90837936301367 0.28809031573197 6.0590027568078 -2.3949805879613 -2.2790982555222 -1.16569996797305 -0.793577929416936 2.72208855203156 -5.16534566148001 1.40209555844098 2.25551006881387 -0.795125900718524 0.538751735656491 2.00833752534299 4.70328289134367 2.3620862479778 1.46340008367849 6.36479105879138 -2.97661077874868 -6.29398871078684 -5.27811417821068 0.451027247363308 -3.5203266959596 -3.63817715192342 0.618014112231223 -3.59906415834264 -4.47719114677101 -0.831836622662662
"39" -1.54596270254951 1.5020728891296 4.18858159523854 -2.88231955971528 -0.212992855454412 -0.832777441328431 0.293946095283056 3.82785800732088 2.29332285205842 -6.5546387312089 1.80667804640295 3.21940103767749 1.86337753260606 2.60031398002252 -0.27492149130043 3.06531617497133 0.55144258842346 -8.76855974121359 -2.51613134942933 1.15580085400803 4.24542330741399 -3.24247807564932 -1.36637968654588 0.585430308640914 -1.86481351816414 4.91991412785351 0.107132290538256 0.3886707948113 -7.20541370555134 -5.0865040212657 -3.61895112246045 3.23200022771303 -1.51216463106013 -1.79502776278902 0.963648047084331 -2.6797433039574 1.0977589851369 0.731678735048125 3.5108121738753 0.478494716866287 -4.53139167924224 -1.83346049366419 -1.64317019875148 2.39365193677113 -3.2520629774352 2.451968140234 0.66556573656515 -1.70417310088458 -5.78407991949501 -1.24602798279212
"40" 1.83210421023654 -2.06155521179114 -1.80543925360437 2.49373271756919 2.10920780242221 -2.00892470774031 0.415364885198373 2.97955283698505 1.93466428368959 1.35148141970714 -0.197118183457558 1.21662843272327 0.317294304557304 -1.73525679314759 -1.12916317384008 1.40153569671194 1.8418289437864 -1.53693840277483 0.94487962677295 0.466593482809681 1.5784619724601 -0.0120436342508924 -1.29636578489685 -4.26339399621332 0.818303264943295 0.82614803232106 -0.214295167795525 -1.6929904842042 3.40854210987121 4.89242570719632 -2.36981054395268 1.66499560493607 1.94904168948906 -3.88637476510925 -4.95056288016139 -0.48788456978105 4.04837266065347 -4.23492932986342 -2.30073238896928 -0.238634812248625 1.35487393257116 4.25769289766297 1.88633315812903 -2.83000258865124 0.750559364867982 -4.22721089098246 -0.37243524671193 4.29003081762893 1.94269151690068 -1.53741341907253
"41" 4.90053093004841 4.3433629813327 -3.45027679676244 -3.47665382593845 3.28022469158393 0.0739107144941537 3.21653934296295 3.20923227006719 -5.17366731224488 -3.68785762002333 -3.59078622071696 -3.55969505056092 0.8091943412577 -0.767642649259353 2.35234907061266 -1.22101635452464 3.93693482914468 -2.56843569218868 0.214828314726867 1.18689087000994 -0.926269388421353 2.77205271755016 1.91405979342529 -2.09595166771689 -2.16019001926415 -1.82524495613867 1.50988144832359 1.50191241758612 -3.74169607036183 -3.39555750633197 0.813572620747486 3.12762302326307 -1.21760673924666 -0.258680070285977 1.94777175599216 -1.67352405539252 -0.439226316504393 4.9482824639667 1.43515883211033 3.1717140619784 -5.9812476006563 0.290750085200725 1.73698643306377 -3.31556809745635 4.57809225761414 0.893010590854504 2.49499951799547 -2.07293640829976 -3.13858206117281 2.78059961155162
"42" 3.80002636246918 -5.38868906870252 7.03783376282932 -1.61345610009114 -5.20094370866389 -4.02171545630669 6.95321957664301 6.49398441287908 0.00986747971987058 3.46517445979095 1.26962066840156 -2.36711627131828 -3.95807073552654 2.26905829274967 -0.376789580111247 1.90063066814271 -0.558079624039011 -0.463198107726617 1.94270205885207 0.598322803602779 3.57601827653632 -0.700249054311709 1.13536728795598 -1.16350841244498 0.0554133342941592 0.76886633505724 -1.41669779365267 -1.72074072902546 0.590945714564042 -1.68465746005309 -1.17611334525753 -2.4359818199705 -3.80092877853078 -2.05871674018668 0.736134759188455 -2.47185691806543 -0.74578076023121 3.28238471206939 -4.7222482870571 2.34943909838579 -1.04872890811763 -0.0331125509188918 1.86921061572866 2.51393733082399 -3.33742355699053 -2.36827184276349 2.8282479118956 1.63564098860934 3.48385111894865 -2.47952518601411
"43" 0.652910391643736 -3.80648100764603 -2.87669573014562 0.135070747050619 -0.452240673548912 0.801872662440614 -1.30199943561352 1.0198094095914 1.46811028529253 -1.29347218759477 2.91035994813406 -0.408735276862277 -0.859488303875945 0.391903886720147 1.29034291066447 -1.83614312167983 -1.21675317972456 -3.62260926560548 2.28258115105072 -5.44247202195496 0.71412477358787 1.15337565658714 -0.948127760630703 3.90447081491041 -1.13629575227562 -3.30770413784347 0.220655879949545 2.02968845507785 -1.80913253210821 -1.4587067759123 2.06281101308595 1.48369496745979 1.4080813325483 3.28989224033196 1.46553107698906 5.39561326075036 3.09395164143341 -1.44713486245111 -0.294367616686018 -1.67448105473993 1.1364285040694 -2.40389722404766 -1.72356415516984 2.17979542364074 3.74581286373923 3.38341930660972 4.03323436685844 0.106917577456594 -2.11761928498149 -0.282700089010717
"44" -1.8974420697117 4.2039905062714 -2.56506883936277 -4.65603361421202 -0.477363642804919 -4.33210737557945 3.20065977263402 -2.16354747217925 2.04273216683304 -1.41297357387735 -4.30759445214461 2.56325337802642 -0.507045894981125 4.08849450016738 -6.39714704107046 -2.4598942822377 2.40176732221263 -0.366367622062904 0.541062248750528 0.16836334453911 1.47244190702056 -4.28619310300265 -3.21029613228865 2.47981059257273 3.40020453623716 -1.12565348334597 -1.67126399215415 -0.808323480709592 -1.28833929709402 2.26610841126974 -1.20034251490832 4.02966402857372 -2.45419386684994 0.833435981804542 -4.50178880663244 2.65028436310635 3.22411348755994 -2.8616694890888 1.99307784272935 -3.14928653676251 2.86070568416995 -2.05658498024167 -0.876325599445434 0.765388913656802 1.462658617855 4.5398095292908 5.60737791211354 0.934083922784202 0.961226778197593 2.52593786429199
"45" -1.05018348865044 0.72951836952466 -1.20738767270205 -4.27484155729041 -2.49080182309024 -2.16787069610862 -3.03501584564865 -2.49174325328919 -5.53067108423132 -2.98091601392598 -2.16830624719147 0.574238591648692 -2.44379221389855 -2.98697007865626 1.04659098749514 2.64146543857392 3.57261675273195 2.49201830034427 3.46050470569663 -4.31279980716574 3.83580053847832 2.2069759315138 -1.20327776106607 2.95003794730437 -1.84970655598418 -5.68137935356026 -3.630373616505 -0.728556371003007 -1.66215154640963 2.23126512935477 -5.07257083991505 0.618440652219347 -3.82280816894385 -1.07163530558644 -1.741273739692 1.32961475032365 3.26286728418348 -2.35299451537892 -1.06807821577743 1.24209174848178 -0.813160680815931 -0.468345897579199 -5.77135227059155 -2.2803317436388 -4.55285186965366 -0.454718717161732 3.46854301870882 -2.74263738627241 -0.486214242181002 -0.905184293451464
"46" 0.10909853043025 -1.1364669977771 4.57600614156175 3.8588728125209 -9.70510164597238 -3.30449331347647 -0.144409660430869 -5.08742833698439 1.5174988657256 5.12798854298699 -2.47746613591562 -1.17860711075822 1.51463171761844 -0.000844125406240405 -5.61283097323696 -1.75739524975766 0.621572311672555 0.191975996493361 0.394808768721869 2.15764211056819 0.992287383656472 -1.27662260122497 -3.91479547680445 0.31727691043211 1.11216576973677 -3.57936769442119 0.294059806512872 -1.36085697190073 -6.19215969723991 1.24456339195874 -0.630504041107061 4.16628494032374 -4.50846676297342 1.74504996116181 0.478219382786998 0.635045174357306 -3.16011158514996 -2.4740366392153 0.341742704174226 0.773620402208617 -1.2586702960216 4.48966520062404 2.10035344324671 4.02300265063274 -0.428440110158221 -2.77664647106587 -5.72386479282105 2.86261073861417 -2.54273239594409 -5.17358857656528
"47" -0.673995218261179 -2.94540258865505 0.968027924667479 -0.409765312514346 1.76913903097145 0.111690066403013 2.81460815153067 6.41803887826895 -2.27101411926384 -1.18159507238231 -1.42689899054917 -2.38564362628662 0.988958466896327 -1.28881270065164 0.970148931517839 2.15913810881915 0.156529629118948 0.726352094044824 -2.32068417357433 -4.599571326306 -0.602045962014634 -3.56246941966106 3.84330241939325 -3.14184196400021 0.468372612319652 6.4080132929494 -2.06191823619638 1.14503055286395 1.87950131508982 -0.0335174877821223 -1.71864462619903 3.40720427213979 1.11280670526188 -0.464119247863875 5.4760725075508 2.09295652367117 -1.75587229493609 0.284606074891065 3.61362978360633 -0.228614660368705 2.28246633657866 -1.01686715218926 4.18234584262913 0.69459856846652 -2.03187500835186 2.19785605833283 -2.90525199438136 1.964426577205 -1.91179073873947 2.38929540555204
"48" 2.02737302922171 -2.59337012046293 3.64959779834071 -3.59427492274888 -6.27297630270632 -6.93348710128111 2.41686550539726 2.1594403056423 1.11286245840494 -2.93609530000854 -0.77726764524951 0.625695636788416 0.747289081885797 0.141912200431187 3.19906871367744 -5.24051247754548 -2.56411126810733 4.26187147998441 -5.0199622361335 -2.89579638343605 1.61960494246556 -1.1946962464504 0.552566902284598 -0.824594431803717 3.05405864048181 -3.89830458366758 6.05768425788855 -2.82184456383653 0.0401819927876549 -0.913288585124941 -1.43778230731957 -7.1446579441146 -1.01197502465762 -3.67435296072195 1.55961285682467 3.0114188772173 2.26684132999336 0.268867059946428 -5.17681421098573 -1.68433391992254 5.53915975841736 4.40807950758286 1.62363486201993 -5.48346179338497 -1.37416846608122 -1.79782804026039 2.11348569872259 1.03709649281384 7.13873287131924 2.07605662158351
"49" 1.06668891886266 2.59376233703994 1.55597220401214 -2.15475171743704 -5.90615276679006 -1.74159092496256 0.628018024275525 -0.527040420565214 0.505907363618464 1.85925045142571 -4.03508547076589 -2.4388958066686 2.52323701827619 -0.319067774524527 -6.15680781531835 3.46544280616395 6.31927419178384 4.95016527171026 -1.14387559445892 1.17268405601136 -0.643432005812975 -0.560929387421758 0.323686391386079 1.83393193422873 -0.346140484646752 -2.61667197792117 -3.18893560037422 -5.15948447154228 2.58032003648974 4.25651822019652 -2.6318445423492 0.967899131342307 -0.670676995451233 -2.64151038956244 -3.25141872290539 -3.18003731708313 -0.376257390891438 2.93505548037339 -4.8481997812925 -7.22120718211203 2.78510867278511 -3.22716966697834 -3.29567195974363 -0.324784770303502 2.98305665194386 -5.75168493961432 0.914543722010985 0.760452026465051 0.946974124094613 2.76709620742552
"50" -1.1782062388203 5.29653534293811 -1.19188636731974 1.17062354780008 3.30384703375681 4.54116107804767 4.74827218380595 0.745666119952824 -2.11265845992042 0.127686978581866 3.30774501157631 1.21004685212377 1.91744362206523 -4.41980200904145 -0.617415357710784 -0.786114704520154 2.52967544624512 -1.9217872674782 2.84190648297454 5.10644760503431 -1.83210403700505 -1.3302375529837 -0.662480721444948 0.167528204849627 1.26898762916277 1.84476586052685 1.05433712573292 4.12415321035994 0.306910657924496 1.03265210073885 -10.7912558386595 2.09334996315901 0.59323375240866 -4.15444551059317 1.94461244191831 4.93769673440866 -0.251591820490212 0.982828848152848 -1.20967200830164 -1.22195844230232 -3.22302375738966 -1.30002864987552 -0.415271480241827 -2.49553620660523 5.23276175170487 -0.976270909490548 1.63435290278751 -2.12774252331786 1.48811220372232 0.428076834432576
"51" 4.58635957890834 2.93357951742314 -1.73424020355917 -3.16215533435633 -0.383741797043508 2.62543687951536 1.02667265713854 0.988193360715133 -1.01835788634383 1.24639203487136 -0.264449416230742 -2.41354895623076 -0.340518748998856 1.74626691196237 0.217904432429972 -1.93065114447587 1.22415322773849 -2.89073054535749 1.18752737802104 -0.562305387638775 1.79726946258238 3.87547913811078 -2.36240977033625 0.34553005871902 -1.55129738330242 2.07066953476834 2.11654599261652 1.37443182830302 -1.49107031920798 -2.89976197022337 -4.80116244313532 0.0408201905503355 1.79429925990342 -0.515697497482425 -2.69614540452408 2.32393366837977 -0.494881878106233 -5.82605130613484 -1.86546208553075 -0.214508001726408 -0.644675219716657 -0.645946065447705 -1.44157738865165 -2.94612657771603 -4.29719748383674 0.99745098790459 -0.164311611200389 -3.74458800916985 3.81034472799877 2.43712305835721
"52" 0.335984405692477 -3.76930404379375 -0.138372672132001 0.701184160278646 1.65242029986252 -4.27046580378727 3.47730518247306 -0.848756113511488 8.2936772621705 -1.38601256553017 0.872936861729917 -1.08558100373238 -3.83070792004179 0.311493011936479 0.265506786258273 -0.107513789975486 2.00010657683696 -0.611411263201944 2.47118103005672 -4.47465909384182 -0.399750016549406 0.537143440517919 -4.37874698433757 3.51938253673737 -1.66517818398893 1.11053648853765 -2.88208030825819 3.88523939148508 0.689397455222751 5.25671938477826 -6.80442259266531 -1.34256148247685 3.39950365321466 0.926184896357939 -2.76857454493005 -3.48117807160711 -0.75342626448886 1.44856846654409 -0.241285878536842 0.0745026274311302 1.57717401256862 2.86674192223151 -3.57506295459877 -4.42872611767705 3.67401843536092 2.26158243720662 -1.0546242440099 -0.381267975928437 -1.99857313878401 -0.351388971524735
"53" 2.76257392327007 0.093094007640963 -0.460414300816954 -1.82602724781805 2.06404084517823 0.73236804644192 3.38146090411968 -2.8623832480068 0.0463868530108788 -3.19658658705669 1.27380012929627 -0.51437890610212 0.749888527140467 3.37433029797295 2.96101617998945 -1.89712561807164 -1.75355186745203 1.72579013791919 4.67104939473008 0.684801460410382 -6.75077322143614 3.61425315293786 1.82989083150347 -0.797001342660976 -1.00699321775215 4.00280834707448 2.59737522607347 1.37982945384875 1.56014965944824 0.976012529308793 -1.12072977906137 -2.92178858737056 3.48386164287365 1.50102190419761 -3.06857794365832 0.492089678386114 4.09730377584396 -5.86137512300867 0.598508156601494 -0.925161471198017 -3.57317831135177 -3.8577452846733 3.03219549573433 6.4018584029739 -6.44716477715125 0.9840582655565 -5.14831921190348 -3.32379492482239 2.5550483790255 0.901440901158224
"54" 3.33128892954031 -4.51635196088194 0.644103720742761 2.3295214955214 3.51643972219835 -6.01887653003285 -4.09748361603049 -0.503261975825118 -2.53539702431648 -0.762762456019421 -5.3677142986076 1.89643914179041 1.05210896377753 -1.03871136970616 -4.49282293513869 1.01671023196886 0.162146873621372 5.54702243674185 3.77840645483159 0.317881227882782 -2.66493010452226 0.933621027810418 2.12493125839239 2.26290815515047 1.63119014543653 -2.68497385978772 1.77056680496423 -0.826010884173112 2.69958292068461 -0.683423370461246 -3.88693085818175 -4.5418642010234 -3.89234761763304 -2.67573903377719 -1.36816567116046 -0.689422661924642 2.91931276990928 4.83488310605387 -0.629969816017277 5.25142945182112 -5.14117815204148 4.12211018792957 -1.35087386511302 -3.36136524439254 -1.18234745657937 -1.8240148907259 2.08249297160107 4.1465591108587 -2.61754919550834 -4.01178834990134
"55" -0.164694229584548 -0.942290603066401 1.92147239385697 -1.54631876525334 3.70242704768828 5.43821089260938 1.01040978534255 -4.12601965412595 -0.414273642618506 -0.630061436569244 -3.45306346515585 1.67255443832853 1.50337166417873 -1.45461890189636 2.21482545227541 3.93191879198196 -1.24304822212018 -6.44288620781587 3.5185310449361 1.84236520742844 -0.951497275407626 0.447393592892174 -4.42843856206989 2.53281501898286 -1.34646030199048 -2.11162754409246 -3.53284433016172 -2.87046854207918 -6.58506866591605 -2.40885797086753 0.528311846191537 2.51664181760158 -4.09143608601925 4.07938597359916 2.55815941826455 -1.93147458741393 -0.0767257358549246 -4.95162101681216 -2.43484902334933 -1.55702460859885 -0.0937696343552245 3.33040445448635 -1.72019225258376 -3.08554607582133 -4.41190741754053 4.42470381300725 0.0876539159491319 -0.123180769297794 -4.16028132096098 1.33276389186502
"56" 2.12226894950686 -4.99026421417832 -0.32872303735254 4.37977591010424 1.44839874127576 0.496199499357432 0.640051056127035 4.01280024213036 3.56162912880994 1.84922056465937 0.32660500979079 0.419387801699607 -0.5866431206169 0.827403266706664 4.60528817006012 0.791873250131572 3.01621805264452 -0.0740094219804619 -0.749475332890506 1.00070723056365 -3.46844914068646 -0.880431028735942 1.49818525095125 -0.581116506226134 2.14716839650772 6.90281594600506 4.73097256348371 3.52348930158719 2.2562216638799 0.269616345037236 -2.85526457402833 3.9312601483549 2.99751035977665 -2.37365549508882 2.66203247384458 -4.66377015431005 -0.936177730442464 -3.05032344051663 -2.83768578774801 -2.63055780276003 2.59890354504401 -1.10848242553364 -2.91318049544381 -0.86795834192839 -2.04737624257721 0.973489145603002 -1.07284272597048 1.80884441729747 -1.34700405645143 5.31066024485885
"57" 3.22923575933534 2.87393869733568 1.67501327398704 -2.11411594980879 1.87868531125999 2.98566883924562 5.68196721137504 0.0185648954463978 3.24448486841264 -3.20207224978489 -3.58409730594611 2.45442742101818 -1.49684912661297 0.817716949827092 -0.277495882508566 -4.77566704933231 1.25646355398665 -3.46270545821836 -1.37331960784617 1.37867241964221 -0.237805864820484 -5.03890763246046 1.04178428052759 0.150069607579385 4.576834188938 -0.738257432086923 -3.10800903348414 -3.27605886719937 2.49209263533855 -0.793862761109902 3.40842597059286 1.05532208031103 1.05568161729889 -0.75508478906391 0.647440216701293 0.289988877067301 1.53457476033876 -0.2233723173783 0.920262517659902 1.91842110074963 5.96654856674563 0.10395283080518 2.8031686042321 -4.16208576103467 5.38882934387559 4.48027875931544 -1.42883452256812 2.18022128193656 1.12851594093681 2.16154979054952
"58" -4.8231461333468 5.61328622053665 -6.59716121297416 1.07660424212265 0.815391071106864 7.32228183107753 -0.883480651093149 -6.32183835627043 -2.60215982656411 -5.16415586338169 1.76673643049527 -4.78620160546054 3.74022464149156 -0.630732365975974 0.75489634322316 4.20277138367426 4.18269082477775 -0.554578197528278 -7.19310359699095 -6.40769118910674 6.21822978857199 2.56771097702998 -1.95460573151034 -0.498575751161742 -1.38688484201394 0.387516629917664 5.4839969048333 -3.49706624715045 -3.11073646931084 -3.12695279503255 -5.2074050086306 0.96098201324802 -1.88190993897525 -5.85877994120426 -1.41177343123077 -1.49761754665978 3.23020910381174 -1.00105278029859 -1.71114049012301 -2.11610751741507 2.81130477345183 2.32988624683856 1.81665140449211 0.94365227873433 3.44391292854065 -3.31674633831063 -2.62763703414314 -1.63645033232464 0.700719973777426 3.98085034001943
"59" -2.03924137723593 -4.26825867531684 -1.06644188376828 -0.590117195990037 2.02881130828034 3.27413232910417 1.46821142541208 -2.02159642788084 -2.96431294784476 0.535709035058131 -2.9658639837137 3.9782846572332 -0.778076280039904 4.81783423059919 2.13462212033787 -2.03493314522988 1.9738241420473 3.48700344475967 4.43267362274764 0.525818561821386 3.63431364371467 2.44964069833256 2.07073204436609 0.200690562371117 5.0332507983462 -3.00430218102306 8.72527192710846 -3.28161647470658 -3.59415557759444 -4.41841106673053 -2.72309215726826 0.325287607515232 -6.6568791439748 -3.18254246520298 1.08145629931018 -1.82889942734067 -0.240504384509191 -1.82985205892178 -4.41552058015058 0.287360985355876 -5.31429694627055 0.66287115039883 -2.80376174928732 -1.692687982335 1.16645945549465 0.666980486026563 1.81387542683958 0.0829941549125525 -4.93776021318665 -7.7087348719243
"60" 4.05579818379244 1.87902687158839 0.531210175574545 -0.90807185794972 1.61531233607272 2.53098027114343 -1.21514506948256 -2.63979969131186 -1.04759766126365 -1.68153611546414 -5.31158369351347 -0.130841371341521 -4.21077071234698 -1.34947371201042 -5.13873246818311 1.48960760248438 -2.5922364842889 -2.32369629002383 -0.0965848892952695 1.61329394132382 1.66295299871354 -0.935983035242755 -3.29312428169354 -0.210937765335057 -0.465831555209373 2.22237794296678 -4.7729575502593 -0.142729590872144 -5.39659298341567 -1.58736633868704 -3.34401668041933 0.874279422564524 -1.57875946724491 3.8239795148996 -0.883681276741597 0.286385497411781 2.1423085695276 0.175083243934941 -0.293494772798202 0.790807198358178 -0.108944235542676 -0.948089169463046 -6.15107148246408 -3.77414394962923 -0.662208430988881 1.18354662447381 -1.17631869119418 0.0588938251169834 2.95408900676363 1.83339760234462
"61" 0.937653963669871 3.2099629336237 2.99366038602733 1.14225628767614 -4.28767696893935 -2.971805103476 0.389745386400321 1.93394541480027 7.66021694391976 2.62090431853453 4.08249934960469 -6.78475454580372 0.756173474587412 -2.47694125486997 -8.5997497379859 2.60252418157953 -4.42473467415986 -3.97481472835498 -2.33853060463713 -0.939992950330324 -3.55861720905091 -0.0306103554067265 -1.08673835319261 2.12291494430163 -0.619254621513883 2.8716552368288 1.86135161540951 -4.07837274229289 -5.26614553185755 -0.202848973141187 3.06040230703009 1.49194464814804 1.48808235638941 -0.81638565526528 0.252890818680838 -3.63358891249905 1.77981294036651 -0.934808316172215 2.54815393984106 3.52206229612913 -1.3467377314048 0.45055132614926 0.426690696716231 0.667628910669178 0.502900842626545 3.33889462681218 -0.838116653692127 0.931040448872016 -2.22918643096582 -3.09356521453997
"62" -0.180938086721919 3.50441036009432 3.59961087404625 -1.35784123993362 -2.03586443369822 -0.800175503533546 0.0884554875215381 -2.86544198336412 1.26698206573309 -4.36654348834002 2.46050522505776 -2.51878313859759 0.00966877459924058 3.13510489468952 -0.314812149138772 -2.67241467759868 -1.91730554999892 1.66916772084493 0.251997163988798 0.441553960196916 -5.34431251548762 2.91667485178487 1.78474208734085 1.48835054459822 -4.04824044281893 2.72003623055119 -0.61499556392058 4.21229827779284 0.0184695709323088 -0.352025060729797 1.59878370546787 0.935742303277529 4.27009779956816 -2.23517721695512 4.76184114619586 -2.29294630651215 -4.17626955181668 -2.1185534321195 -0.760075433586779 -1.79451446256098 -4.00111751854434 -3.50717559523541 4.08994874863932 -1.0296167858694 -1.77872526131876 -5.12128888816301 -1.18522058000302 -1.182883896567 6.1088768250097 3.29937053017663
"63" 0.402215202849389 -5.73810007973301 3.94032241579484 4.84171385656931 0.311595427769462 -1.07469161808219 -3.93422130458595 6.55829815761999 1.52276019006751 -0.260477778752535 -3.21333374377843 4.37137913837434 0.14007104049745 -5.9051154182185 -5.37623264737379 -0.184481165059685 0.31144842850782 3.48382968057841 -2.84990684027119 1.3539737520789 -0.421220949160354 0.435101907301605 -7.1962568833884 3.80890200001622 -1.45109308551906 1.8305287701052 0.760267893372848 -5.74656347063193 -1.10748857584381 8.51567997293356 -1.62538925468883 0.471155772192349 4.68270880024473 0.889359183664053 1.0451199706071 6.28556851760564 -0.385819926493358 0.301168060973689 -1.62994683513261 -2.89451345023913 6.05854913703715 1.42269712757412 2.91764604576819 1.36168876664208 0.975049460770563 1.13815062392174 -4.09385333871661 -1.85348307977648 -0.0682018663049139 1.65157528838632
"64" -3.18389030198144 -1.88122852692258 1.54582228767451 0.347092225742162 1.94214673771808 2.56638189933127 5.81329553195054 -4.89198989920633 -4.25661317241565 -1.13818257975576 -0.70262168956138 1.54846604599055 1.93886549960338 4.56970019576213 2.96666987442672 2.99786023860247 5.34721611584665 1.85147739504376 -2.34609400536356 0.678185374564046 -4.63847289952463 -2.1197375899951 3.00552898326104 1.47536734972662 0.182273383562097 0.398894369674645 6.02125697184607 -0.0431374406642422 2.08605597069758 2.7048926411913 -6.85706384113844 -3.90644321105257 -6.03368063459152 -2.54213723994556 1.5047816618425 4.32003631859697 -0.686356516195887 3.53287253268728 -0.44211052682654 -3.45548646398484 -2.14377658291474 1.47983762983833 -0.770051638315452 1.79936526339932 -1.40919060604126 3.11997539360314 1.46814443319505 -2.19417286508996 -1.61334865739489 0.146866053007663
"65" -1.8527250353216 -1.11413062496036 3.18155213138826 4.66606249599021 1.18337315332654 5.42492817934285 -2.63164847156567 -2.05692054293436 2.3236407271281 3.39357495462668 -0.0893063308050614 2.93532606034682 -4.76505413667868 -1.76933570242792 1.68794319562962 5.17108605724365 -1.30367987633466 1.19499510491085 -5.56179837322712 -0.988614804482385 1.14547205357558 2.0803779666153 -1.76779635890692 1.18750642917038 -0.0533002012113502 1.02813077886198 1.664536137846 2.14706566003799 -2.38918346837415 -1.8481469773408 -3.8799048679219 -1.33192925743361 3.35206852769418 -5.03667651880523 0.523295833250549 -0.686174523879226 2.31013910955611 1.04202818093608 -3.64470311302539 -7.21368448807099 3.02133489003876 0.142552841016355 -1.41389984713924 -0.0902759885720405 0.0788453350090391 -4.73118273748895 -0.268976864170677 0.757301146150785 -1.59424727900773 -1.26297366014784
"66" -1.29341290223098 4.39802466737971 0.332446725052012 -2.64516951410918 -1.51100074187557 1.96473632432098 -0.554294422671477 -3.37615797796795 -0.925965713811394 2.31293617128255 -0.363723253465705 -0.997220784917622 3.11526485582104 -2.38541472755156 -6.63182317683096 -0.249725710071596 -2.56852576037882 1.11690176426849 0.591461362782877 3.61146227668625 -2.08437084597629 0.25671433989717 0.0425282608210203 1.82871967486706 2.97164507978955 3.70151485874363 5.0536816062328 -3.11717366070029 1.67397452020734 -1.9980040772357 -1.1333099808365 -3.20042374439569 -2.01108813909173 1.17262792885138 -3.60553308611997 3.72528050928823 -3.7561377111953 -0.0973717403898224 2.23731976475866 -1.26983575007305 -2.39737900126435 2.58484042345106 -4.06250233109013 -1.10752274761126 3.89362674077161 -2.05112659655367 0.860764713332735 0.454871068645312 -0.294629265695491 0.263327677127544
"67" -2.06897510670796 -1.66729469768358 0.395668256658028 -3.98437229812832 -4.390713894587 -4.08226578836059 -0.438954039212717 1.10804626508061 0.863272721670548 2.08041627652426 -4.40909622267649 1.72984638099259 -2.17565343593947 -0.416696491663855 1.11880603254521 -1.50805536183226 -1.27172707689259 3.44625854866425 -3.35403518464548 0.327643351614973 -4.58703364912762 -1.80455955152764 -2.05842548645452 1.00717693760297 1.93104376144212 -2.94987663667315 -0.0547204371644555 -3.44145664847598 1.43176450008579 2.32798073393172 2.01850830849839 -4.21322930243823 6.15093194618218 -0.595744875478293 0.569286242352389 4.83277732251631 -0.035574474928073 3.46531227226868 0.253204143826678 -3.2985312813342 2.24636220196691 0.00633373206047511 -0.355230358599664 2.34357061537031 -0.162628748283788 -0.53556951334578 2.85819649896363 -0.719471931159524 -5.15477478097664 -4.45811550081205
"68" 1.91875803116162 -0.128222570298033 -5.11471182764066 -1.28890445655638 2.12418477166296 -4.88861248864876 -1.35683199155873 -0.379291902406328 -1.78485233355645 5.03198607275569 -0.755338463018053 0.315953834297467 1.00857954742596 -2.18769654527808 -1.62414398245376 -1.63929596117375 1.00945900659089 2.16957442533718 3.23438090159345 -5.97476621414221 0.0263348555483704 0.0296847485820263 3.60853294383241 3.22433254802558 2.85503863164415 -2.67043188410848 3.9587648777673 -4.87352687808767 -4.52166929311198 2.47839123106596 -0.97672506455298 -3.76715958882728 2.65073967581215 -0.213820850661767 0.354993935569483 0.795964868794651 2.58308500417653 2.95814948649036 -1.34974746445352 -0.779766596357098 2.81583028562413 -0.648338784235576 -2.57082640805724 1.75450110016081 2.041820742694 -0.459696077804425 0.985457322383973 -1.52066833053412 -1.92734580898288 0.336108735454549
"69" -1.48325918708413 2.66096051800476 -1.06534827694006 0.784010644006618 1.97729198455656 -3.10739334690027 1.73582281483125 -2.59253183625316 2.17869718401283 -3.72386940486177 2.77815880891282 1.80355817278889 -0.351907416989856 1.65027845542273 0.188777801307729 2.36933576108116 0.706341254509537 -3.74530315114831 0.350078504244758 3.34758300502021 2.75810709907077 2.44074733820676 1.78970175265243 -1.69293581000588 -3.55777264540801 2.42505094847635 -0.693570132182058 3.93763136552634 4.41755119885776 -1.18802852696765 0.172488823572954 -0.291442831106568 -6.56496178963305 -6.2951647373022 -0.819986407243487 -1.05095339662373 -0.231381397787683 3.4363885226891 4.44308662208997 5.16135385369974 -2.80914387857079 0.340715357776644 2.24445371955805 -4.40390516851592 1.57198419127038 0.566807931133285 0.00438774184846196 -1.20596536780129 -5.36278654849867 -2.41259323891479
"70" 5.67666337523956 -1.17633271988162 1.84261462791518 -3.67848229743159 -2.88140483357836 2.27506047294787 -2.45291026307243 4.27324638919968 2.34393542790672 -1.94062895048452 -0.706999855563884 -2.05676510839319 -1.87303054340692 0.248813372452704 -4.0632969341129 1.37083872616955 0.31271635730612 -1.15457788254167 -2.15560485862329 -0.830155719443489 2.79799677768352 5.09779076639025 -5.93848509224631 0.886923355597544 -0.708971180620967 -4.48196442376614 -1.94897807680612 -6.8829742746188 -0.778994779445398 4.7172872513104 1.53027754157567 3.92709767782722 4.34739841758701 -0.287226451358029 -0.896650108361129 3.03799714276233 -0.319387162282677 4.09045951678253 -2.37518972171127 0.807049218844669 6.51331344083959 -0.596487749371304 4.72950824703332 -2.70878093966298 5.85975081537422 1.72487452698032 -5.87937473636726 -0.441095173964995 0.186629630871916 2.07546346022772
"71" -1.53855751975652 1.60620116433115 -3.69391349303332 -1.43261595926722 -1.38612791923221 5.15755919936141 2.40083466298741 -3.62526294191823 -3.20527145879014 2.48373966826643 -3.1495809640528 0.794906838976284 4.5808991507658 0.808672774545728 -0.612768778012585 0.71059970383424 3.02908540991819 -4.48279419519495 -0.246587813186447 7.20025035554434 -0.768010598402241 -5.08580185609336 3.29273028286586 -0.747726168730166 1.28993986800678 3.62220531571102 1.56745330977397 -0.501984175944462 -3.26213176001759 -0.706275655503435 -1.86753993133399 1.0280072031049 -2.37996465703939 -1.64200157433058 0.823748329857654 0.0930950665390642 -2.84870065630891 -5.21585645092942 0.597807232767698 1.97738975513553 -2.41313704476506 0.230783120416473 2.11260723453303 -0.446695370329281 -2.67219089444815 6.27862295777949 0.229016882493875 1.46866371694748 -2.32840399352679 -4.03851485241307
"72" 2.08509339618455 0.386710151173755 -7.9327422294428 -0.320067512091567 6.76993498952424 2.6129003778155 0.518938438748529 1.33948438877564 2.14453321199723 3.02236280775467 5.9560750743324 -2.7352606478137 4.41858285360768 0.741541644611375 -1.67044851669723 1.27274526399068 0.924715991878304 -0.704854194917441 7.82108797596599 -0.424859190862774 0.243158603557773 6.83736760502678 1.5502852340128 -2.19896415772699 -0.358580714838405 -2.82553379996568 2.0101441138303 -3.31430532896895 -1.33982412846315 -3.15031964524137 -2.57062400242555 1.0950599217982 -1.96463086385666 -6.50882677337489 2.25718829846622 -3.49712732205186 -3.55837498907357 1.74917467070622 -0.948217296849102 -1.41860665638842 -0.75978143122233 0.506784825482219 2.02991930883613 4.42008873919576 -4.79059976106331 -1.61683374895518 0.645131177372433 1.14197739702103 -0.431549439599424 -7.13982694781279
"73" 2.79888378712014 -8.95519650363223 -0.266452657337416 3.53179190077262 1.18961801777964 -3.95495567065987 5.31257101924381 -1.50603494395424 -0.479593849613557 3.18251444044593 -5.55134123780009 7.04002424543404 0.207206656787823 0.838222401321765 -0.815181839379166 3.9461380925191 0.644571324062564 2.46531354065643 1.52054181062322 -2.66723376088102 -4.70730474087547 -5.23656042098997 4.98005744943535 1.02045945371545 -0.7660053932911 4.09352571321279 -1.46118715409135 -1.18311555121729 2.13475188640197 0.636024467669982 -2.67056102434402 0.751454378130025 -0.269999290155791 3.39129437804126 0.35893243700645 5.29066888208209 3.20596976748632 -0.83738608732496 -0.93164865189935 -3.4901076633826 1.69703272594896 -4.68756926914634 0.997768315073229 0.84657436519765 -0.405294325406347 -0.696991296080706 -2.61053890394431 -1.15192778606749 -3.13000973553787 -1.0678838941626
"74" 1.36048436915998 -6.49464927239024 3.52213676152875 -4.1772609102313 -3.74588637268487 -1.02522858872907 -0.343828399839143 2.27268589747866 -3.59899126278448 -1.64350497709367 1.34580298940131 3.11086259003339 -1.02582048186994 0.885910281431656 2.88422018454029 2.62302226887499 0.0916036482640222 -0.475242571151044 2.29317765342592 -5.05296030130737 2.76848555584995 6.71210938775218 0.584639046501104 1.01902633359852 -0.477258422024193 3.61888662728323 3.59468260048795 -2.80838700836578 -8.53248408660757 -6.1369302915482 0.272838166639912 2.02368490361051 -2.60759964972101 1.64902922033263 0.638994795750411 -3.03410350150578 -1.21384891665556 -1.13987572700663 -1.40331409128459 -0.701225275482028 0.310142343753055 1.88159016592358 -4.16676680930262 -1.79505683250568 0.0762923476326549 -2.43728572495114 -2.87362994768114 3.26436794994306 -1.20336925482529 -0.983565213794057
"75" -3.58655688722987 0.424697527396062 -1.16457876573343 5.00159456936399 -3.26309426596609 5.60054799769856 -2.14354427661392 -5.83800349948609 1.15941276969272 3.67067500469794 3.10147218744237 -4.51213857770349 1.76444949811866 3.61437502603694 -2.57694211884388 0.303828715219348 3.20107648702008 4.85590607630432 -1.85362654843786 2.65248430606781 0.248837818135557 7.48848176754495 3.30444427375949 -3.31305140304807 -2.15777565068219 1.18660807045131 1.18030871559493 3.64338948884617 -1.00891099732106 3.23694284461645 -3.62744579385268 8.11331523456931 0.864204164499013 -3.79288336687903 -0.762691643707244 -3.18957016652481 0.391384875381387 0.944092506058241 3.05073420250064 0.206835116077769 -5.00974685393353 -4.1876107358362 -2.66284181963278 1.44301438254529 3.72567970120031 1.18796041874746 2.92929088271094 2.60243023139803 -0.638122025989778 -2.81898032799384
"76" -2.07696369042593 -1.14226806919067 2.68332795475832 3.51637047847559 2.51503470016985 -2.88204543109232 -1.27871076677324 -1.26220707194224 0.728877211085471 -0.718415689634304 4.54932288347693 -3.34819535417146 4.21098065186329 1.12952905750265 3.49037170661419 -3.32046741722226 -0.451843327357236 0.395792756452434 -0.313532199174244 -2.77653196190915 -0.215406209378389 -1.36161478985917 6.92487698218081 0.900888505403185 -5.69991263344272 0.961229218718801 3.87313468483616 1.25244200633451 1.29144671345772 -1.985936175605 1.81181364992354 -2.47452363568666 -4.99379193253778 1.55960009729788 -1.74103161696917 0.268618440648669 3.63505537890566 -1.91587756807335 -0.989804106830828 1.46666129615062 -1.43323783319197 -0.412089512165876 -3.12066834989497 -1.10373759317006 3.629476889517 1.20545722040332 1.37096398754477 -2.06596633758929 -1.59659207846767 -0.375357670912992
"77" -4.6489186918392 -1.04007559526763 0.550221018675777 3.50892872284459 -8.83478725439553 -2.67851860241383 -2.53782392425113 0.48369092624519 5.73839734166899 -4.2911586672729 -2.03219491874446 1.28861482662747 -1.34246960468899 0.278486403738833 -0.813680470871866 -3.85570372950562 -5.35720790405942 -0.543910074300823 -3.30346898345504 -2.45154456904805 -1.13804358336422 -1.92881147858037 0.147802516976096 -0.205990418738416 1.43741571388044 -5.00167472080443 -1.28927488722533 -3.63311896621599 -6.85219048457134 0.852117854058737 1.75672583347941 2.42251476044414 -3.17097955755352 -2.72619203126165 2.21257520633641 -2.42062157946493 4.65845472081381 4.54826810413322 -4.43624357598915 -0.063310431561717 -0.195937151397908 4.94017812098736 -0.595888116261958 0.794059863168805 -0.658335105505304 -3.74610212238359 5.46174920334092 0.506096724690998 4.65766941769382 3.9101342637703
"78" 2.30823797966548 1.78089247258491 -2.83580247757906 3.5225058991565 -1.42558474054398 2.22888381748634 -2.65137925505658 -6.71553149912266 -1.4205924534419 -1.38391654587797 2.09443920008925 1.83006538523941 0.902378692127579 -1.98845460798535 -0.496041957401212 -5.21171738790969 -0.265946092167741 -0.978297135679852 -1.04547380809746 -2.52841560609136 -4.96737890706975 5.97582640481905 2.23566579589498 -3.05185672826498 0.602463267875036 3.05899759961473 5.40632060995625 3.2679118738931 1.12156605185633 4.22663873864719 2.65731252265627 -0.103281517377689 -0.0479218025347798 1.21130976744039 -7.97287609630473 -2.30192870423564 0.987701131888407 2.24172270199697 -2.67401912927373 -1.38741387357288 0.193116458681356 -0.369876423838451 -4.40297985657076 -2.29289412037955 4.77530553631204 -0.457910808143792 -0.861856529605496 -1.2646648348274 -2.26824382639382 1.13614965043159
"79" -2.65819481612769 -2.38268681832421 3.08483216022216 5.10152765152025 5.69773130789717 3.78036326550624 1.19496437075413 6.38053793307998 4.6312918296675 -1.85984552576732 -0.13649494784658 4.07014734742612 -3.98369336042908 2.93811371061874 3.38966827702458 1.66107458578072 -1.9094128204204 -0.633837103393097 -4.2684081222061 0.538182194887816 2.57281720705231 -3.34605532268434 -0.549082855996447 -0.785410502266668 4.28680220216628 -3.85304271342822 -3.21517982161277 -1.87610914906012 -0.138061025404973 -1.81037194554394 3.68975075241956 -2.82928743437103 0.540565580262281 4.28344116611084 1.86947856901117 -0.465940290574817 -4.61859019441451 7.23864065633767 3.21069825334244 5.57282675701389 -1.33847470132616 -2.50498854660325 -2.75488391967446 -0.850672629093895 1.82119655325872 0.930816167856567 -2.61890698485509 -4.59871778392064 -3.90616069060188 -1.63838784928239
"80" -3.2855098893766 2.75915402273064 1.33983312195871 0.909345906442915 2.17756222875316 1.17804099008345 1.87659414964366 -6.81771091215244 0.101605631013839 3.95558148122175 1.99595416620781 -1.29598753371751 2.35825977010969 1.18734972694547 0.609486526453978 1.49155985663012 -1.63933357660899 0.433117534636746 0.934584468309439 3.13225541175286 -0.0271919877209032 0.719174261350887 1.19901445523604 -6.30614560423593 1.28848334705231 -3.2046063070771 1.41168898107268 0.0161430735200722 2.87341782583606 -0.861020410481638 -0.727381529021847 -0.887165616162902 0.197634673234345 -2.54063291689105 0.251357290146518 2.33034600518584 3.38485227633849 -1.27656990392737 -0.132043263699635 1.93387859331886 -1.76773341227321 1.81658908622054 0.640948907455824 -2.28917702644128 -3.83173439332109 -0.965176929549686 -0.186117402597328 -0.121617085426014 -1.34857584846695 -2.43685729976457
"81" -3.19711921924872 -0.774939021996012 4.38692324980418 -3.52926866036167 -2.34660999159193 -3.66909008269175 3.68439022545113 0.809332092113222 -2.55125683183307 1.27426197577088 -7.0663896738196 1.69935312587947 2.67875031033037 -1.16554179428585 -4.14275184852155 -0.833536779310059 0.0111003579904053 -0.796038313992111 2.95635340027051 7.01638106031444 -0.0252140981247136 -0.289187418808539 -4.30152106188582 2.20335763857176 -2.74845227087393 3.90637587311107 -1.1829149118075 3.56036077591153 0.757439257104766 -4.57594593661382 -0.973872986566393 -0.125464779938636 -0.451819170544997 2.06997213020796 -0.535049845194867 0.664163507113629 2.77890766995204 -7.40576953539926 3.27376235922479 -2.35445968881613 3.17478386328388 5.46203586620335 3.17660372880027 -0.630172171482102 5.17350481608154 -0.809395998712782 0.377821653688401 5.42908594808174 0.618271860838549 1.17891467868179
"82" 4.53726093949517 2.61221336951413 -6.54730761320136 -3.49493275594596 0.0205600203581113 -0.825893825593219 2.61006719366882 -1.60894745856425 4.99529546108393 6.81259306683094 1.44967535287231 -1.59299915510629 -0.674199979732477 -1.31441327535812 -0.649199290714172 -0.354688471850381 0.754845933072974 -3.13716367455732 -0.212974414753444 -1.15053588686726 -4.34676123957005 -2.30302782280982 -1.25828404935451 4.03279950870447 0.941603265126068 -6.26080347808495 -1.15698640620258 -1.30362848708325 -2.56968698680087 -2.70827816151301 6.38737442823437 -4.70891936500644 3.65153613791362 3.77079677846331 0.404220732848343 2.31611585151551 -0.560848615935185 -1.09451623595304 -5.37431098332335 -0.511531912050292 -0.817198682540286 2.06331403114461 -0.132130482605221 -7.49412064400196 1.54629043459418 2.91750704353053 -0.322398903219705 1.33306996441675 -0.668874881633056 3.59751724454498
"83" -5.37539392849735 3.51648867142727 2.95041862290058 1.94953551768855 -1.6032110119224 0.434981853183345 2.21905712754659 1.55924115855744 -4.4611053539113 -5.50173420563408 1.14706890861675 -2.03539482921517 -1.54095796761841 -1.22430360656668 4.39866529170784 2.87245996262024 6.29087640550672 -2.08985941344356 0.602245622079373 -1.36820211924508 1.94514716703504 5.34481787006223 1.01331919542743 0.946732214922392 -1.07336318465758 -1.62332614174752 3.22986492248195 -1.83391736679892 3.66358550153823 -2.97491360999906 5.1207170859627 3.78514556544081 2.40939645812188 -0.235395699798293 -1.14317828208241 -1.08244539586597 0.444444605045469 -5.6083921571885 -2.56402371280881 -2.81554484085066 7.56044606286875 -1.26505979976577 -1.10906205268426 -0.932452718533053 6.91961513860294 -0.547921903922069 1.84448841883727 2.35686652029105 6.76133772364664 3.7777477219651
"84" 0.463934715665157 2.06568593480014 -5.45671110609984 -1.41688850223389 -2.88067267829018 3.53050661696801 -4.85829623589513 -4.11651785308046 1.63741747626301 -1.73126842205775 -0.759050891005745 -1.00080620332648 0.20771551049748 2.31553355880266 0.69631926483672 -5.9817660554085 -0.805951718501711 1.45245814592656 0.406976069998026 -3.8860150231257 -4.49403789043556 0.549770803305939 2.17386806478966 -0.383390363696141 0.728683344094055 -2.48907655041006 -2.40917724897324 3.00024039226706 2.06402132375404 3.21308265248043 2.37438562772958 3.12567662026807 2.41991668474409 -2.21726167922139 -4.62833973017081 0.148938581508565 7.63450152131878 -4.35881083413425 5.1121523425814 6.23536160840079 2.56726245837703 -1.70432580153574 -2.17156537215921 -1.66007631673114 -3.89185645469724 -3.85056925725984 1.00839369906262 1.63718655480403 0.853170991140486 -2.97750378592635
"85" -3.40638671497553 -4.43083471060555 4.71918214117604 -3.19184661222783 4.15892156778445 1.09323862270202 2.49739109597407 0.067735455725393 1.17871295270449 -1.54080142734691 -2.05575422958534 1.45647397117524 -2.62279895105552 3.5353677513699 3.81391121676647 2.17142816768737 -1.20980422869541 -2.21465672384308 -1.67502174854884 3.61713767750563 -5.43508473731939 -0.777736102306913 0.780265296333574 -3.4067271299427 8.12987362072375 -2.62709799377614 5.72746984179558 4.79300142373556 -0.883427475559098 -1.63184249105761 2.96735765697174 -3.52510224785773 -0.274403342834027 2.04294548603878 0.00537944095170182 -1.14523909438646 -2.23467495530282 4.83809161368774 3.47168162004663 -0.128160716808689 -4.40815901020824 -4.09170444251701 0.380940402749793 1.98079148418318 2.45828633572663 1.52125449746501 1.10218587089615 -0.291765005059146 2.79240903663723 3.6338311215634
"86" 2.62506127832317 -2.1155800235457 -1.75532090824514 -1.64257561848624 1.07600811148929 2.68828950042976 -0.641181730169454 -2.31438898821608 0.461055394950039 5.58050481203559 -1.00729649032653 0.307321829385966 -1.17334162896679 2.3606569101204 -2.63558586493388 3.61325604906072 -3.30430674091871 -0.58390105139596 3.5207532988186 -2.02379178090189 3.53625660349334 3.30847148213687 0.689853936049911 4.12939662975598 -1.37000842454542 4.29424218653078 -1.73427164816441 -3.3624907669265 -3.95700248743729 1.60736936277615 -4.72839004492044 2.80151025402142 -1.42619394195728 -3.24350976004621 -1.1110126184546 2.49915847590353 -0.66090495534503 0.341986863713489 0.836403436363063 0.210866087219806 2.22856357260248 2.21211830218824 -6.03923201832399 -4.0246108018455 -3.55182368409754 3.07418432513212 -0.357490329570045 -0.0384184627582146 -3.05962500745608 0.806128254451372
"87" 0.195497946622441 -2.19733309539353 -0.323412364978798 1.53829658509715 2.70639317868047 0.939231340617353 1.81130558392793 4.99123709282333 -4.80715770002811 1.81222482410638 0.297443761951948 4.78493639747713 -2.12465798329025 -6.40248609360412 1.47915002225601 -2.66588513928494 -1.67391082708621 -0.543177319168419 2.19373831131792 -0.95059737046206 0.811914393187872 5.67716644899004 -0.649577562321399 0.625747291513573 1.46047286039411 -0.240229736776213 1.57162859260059 1.65143163034654 -0.894656809552547 -3.48070317977688 1.72889552214248 -2.41638014951869 -0.395051774318495 5.62015218096538 -5.74330001705865 2.00237862572085 2.70341973692621 -5.18748963242946 0.384591985853548 -6.11572953458601 -1.65403452314129 -2.85043587359826 -0.328890132577915 2.26021961024708 3.47101759881519 2.94914013722188 5.05180184047745 1.66074568722535 -0.233508411189695 -1.14465132401778
"88" 0.553158042563152 -3.54863839492943 -3.17752646861588 -2.40514464155156 3.31479162698564 8.92378669019031 -0.418675096132757 -0.00816500842189337 0.914895965380256 1.58436664320106 -2.11797227476108 3.01562389567186 -1.08231235122532 -1.72239836759876 -1.99058387548947 0.076587719735616 4.00171962120535 -4.86876643885343 1.66991892897318 0.879905711946003 1.64574923306483 2.98897061961424 -6.51357969515121 2.8425026309868 2.38482210497658 2.6056846857759 0.168103744658406 -0.896000234220358 -0.691894356185186 1.84967064163849 -2.68958657662081 1.89725245643519 1.37188240442968 -0.33217072010831 -0.602461633713276 2.37096718907562 4.06119687636894 4.21367296618782 1.88789720151243 -1.37699091417724 4.13650665020919 0.49594503282342 -0.27530499261998 5.00306899467178 -0.209391451348365 -3.32636819507487 1.4239300931907 0.267050094773047 -1.90017966477534 -3.25124401167387
"89" -0.778658391738086 6.58187210803057 0.731837382365696 -1.2822621634461 0.0971689655616193 -2.73031616012768 2.10096356835192 -0.87567937013663 0.748571746853717 -3.64573720329902 -0.573154827406004 -1.23247356246307 -5.20288001859232 -2.25317886586959 -6.46727869468044 0.833737959378092 -0.400166700842906 4.38573194471304 3.8697174095942 1.75687109249998 0.190730839297607 -1.45677855132232 -0.0791375253701877 4.70706167010239 4.8441660857501 0.149606191198012 -0.159448871838743 -4.73061769524642 6.28315668428013 -1.1071894634567 -1.33250408477183 -8.55971782438757 -4.56262785851697 -1.97146065830391 -3.44761348484186 1.24322727812524 1.2399753916586 -6.66419490654379 0.871921798040968 5.35691274380012 1.13398643776067 0.787448288421778 0.544180091881447 -5.38409936315301 -4.39662449667708 3.88698162447862 1.02074075631307 0.739951267146124 2.01297954855749 -1.58857341545929
"90" -1.63811219971108 -0.46658953261695 -2.27293463156386 3.00811225657443 -1.13140254083673 -0.8202480929553 -1.72753989018247 2.49116251710886 -1.62932440177996 -7.33423814632184 -1.57907002212825 0.281556022655385 -2.81903471945758 -1.68177411277633 -0.910967172728298 -5.7017313206095 2.62921869868623 0.609752079532576 -2.08061955385894 -1.5286529678162 4.25432401127151 1.81913968315253 3.08118627647944 -3.12467553866074 7.38486240824697 -0.431610970686097 4.1770352836806 0.418396060825615 -1.59354979214388 -3.89634999895077 -0.837355270276186 -2.02041981614743 -3.18621940923498 0.340990694439788 -1.92363072484516 -2.18922182874214 0.626627005032809 2.39816883296959 -1.94618938248529 0.242575516116055 -5.43539113960317 -0.31475019504196 2.61578161077702 2.37709820146454 2.13755958306353 -3.5415466648578 -0.202368884372809 1.23762030478439 0.065009996391262 -0.463298782866541
"91" -2.52101793552197 1.90866709659553 1.95221179556779 0.468312210708525 -2.10809182637924 1.48478899369838 2.11938272081868 -2.91747924493747 1.90097290561832 0.362623814744282 4.29648476346069 -6.94418308873599 2.74860820908782 3.16747487449559 2.03170425160909 3.59392626899373 1.26153977779903 -2.06190265181015 1.05951192017653 -0.669870652168622 0.748886059878427 2.91578942442756 2.17911171097485 -2.84480576378788 -1.11147245226677 2.16780800251176 2.74248830506294 -3.09070695733582 4.72500256863126 1.42524235633548 0.476366340733881 0.193570869657362 -2.21280738452284 -6.32372283897406 -3.80275016167958 0.607804709494318 -5.0274978784931 -0.867480361498566 2.84520726328371 -4.18678298183536 4.97045144711451 0.378220050104906 3.96696554689593 3.91547196499694 2.44308354710895 -1.99969987130364 -3.58246573567227 -0.93935049075412 -1.83416312311393 -3.71854363140652
"92" 2.4057823706639 -8.08097221456611 -1.43477455536159 0.954399139424626 4.47566771783588 0.990237293858533 -0.294805627404083 2.03624791028848 -1.37928655810189 -0.595065977245542 0.920088822770321 7.19491198341602 -0.570319034889571 1.67586083322673 5.7634055714764 0.768433723493661 -4.36925488745766 -2.4691293126979 -2.1017291140298 -1.91254480918565 0.275683121470754 -1.13388991634215 -2.46268356661705 0.0227001470918628 -0.479378939217444 0.476716140630006 4.10712507899018 2.15966379229383 -2.368025743333 0.846497289126087 -2.32038174022701 -0.00633837723989404 -0.0609475920782126 -0.54312092075833 4.43397493593929 1.80089902755317 1.15087572476365 1.43736951742799 -1.64227434985979 5.92422773050548 -1.04003449419467 1.59000335365106 2.35347967325284 -1.80579537247358 -3.2186712997077 2.13387227678229 -3.32404158761629 -7.39181403884321 5.05655111475346 3.10447745570841
"93" 4.08978369094911 -0.302012825022466 1.16198444646194 0.784737283178413 2.61631511036046 0.642271339655713 6.06334468791104 3.5152965893156 -4.10518318683734 1.70279731018769 2.4288674986541 1.48868802692847 1.00333133802099 5.78966130866093 4.84828893858772 -1.07267884313213 4.72736582797224 -0.599042026520761 4.88667776251701 -0.495574971352657 -1.73681739128603 -0.661620296679496 1.58269420051499 -0.237525591970312 -0.442447650386178 -0.120947917401326 6.44831847147488 2.19576574201287 -2.87224750860893 -6.09564985133279 2.11404059459228 1.22306784811704 -1.72835702141636 5.22963767914506 -2.80180407973847 -2.10115554587387 1.59353990728607 -6.02554451008683 -0.512334105373531 0.190398039023096 -0.540945092063789 5.52469922692368 -1.44494583376397 -2.09579506794898 1.61214229248813 3.13320427577823 -1.16604975186245 0.948287598308608 0.923951123655904 -0.415743552372372
"94" 2.92848458622145 1.95693623280377 -6.35273294334651 3.29070621372161 1.288042773247 1.6473941252659 1.20778355046353 1.73438450892402 5.87635603542309 2.34258446762346 0.485603080124463 -0.314805405876025 -1.47456789532241 -1.96570716714473 -1.23524285396381 0.609700235534203 -4.18405834185992 4.44233595676248 0.383857517919144 5.39798650035234 -2.50465590525579 -0.191016723665629 -0.052166171016957 -1.10962235890996 4.2392475233888 -1.20117047659867 -3.17852701037528 -1.2768696493104 -1.22917835674718 -3.85606936700618 4.38508912274563 -4.40761408724242 0.905323039379085 3.82189398351488 2.77832915295912 -5.60777136422786 -4.13529407721166 -1.06501556978928 -1.86982964078497 -2.14077277432453 -2.9739847406282 -2.25097383356472 5.96131139517799 4.30360053094943 -3.90722854131131 -0.328484129231152 -2.05470854638605 0.175707746330963 3.55957806960747 -0.942271048837912
"95" -3.00364471822073 3.16354462173753 0.98577539992389 -1.02836613238743 -2.01536119510416 -4.1945425185634 -0.0328484518952837 0.503026496614325 0.425994529455698 0.831274923599013 0.762125718102359 0.286947704283251 0.0288289522622431 -4.80477285763872 1.44064077776001 1.1464974008785 -0.224496171123122 -0.154784442800154 -0.414925692803587 -0.45137235359392 2.12058652360063 0.352132339385366 0.0482000973595607 4.17847534015121 3.92751346905403 -0.524675984229064 0.952341073466636 -3.43134861934317 0.628057088376125 -3.9174655586132 3.68518312314675 -0.0123975062384822 2.76744016974646 -1.70086747560527 3.35134149058419 -2.72738119749649 -5.59029433909949 -4.3797287477931 -5.26377134777873 -3.42777138165925 1.30427585948988 -3.04011995594217 7.46469797058362 -1.92218956484693 -0.353143390446006 -1.10198437107914 -0.910284019686588 3.42201446319417 6.15575538608623 1.94257228501432
"96" 1.54745226711593 -2.01921510769712 -1.98287519470923 0.190453466309919 -0.937051493763569 -1.61635125390129 6.11951709006983 -1.99637788281609 3.0277275143885 0.22017996539031 0.186844165624454 -0.447751205575723 -1.11136572064869 3.40529306465557 2.24751600099064 -0.689930987881705 4.7984104284568 0.798865462365992 -0.254585002080645 0.780142835082794 -1.06640468119548 -1.41249891295249 2.75627331878873 -4.7465769650273 3.55049890988622 -1.52775773430978 2.98432220885541 4.12252813747957 1.27210418033195 2.78905166136131 -1.32827437345582 2.32048398361588 -1.62307321497699 -3.85401411132929 0.615775857709288 -5.65417999388926 -0.657533069047977 2.08614151006273 0.00597834304494758 1.42624850423943 1.28429373674396 -0.00200726218293919 3.3138567324194 1.53656821031103 1.46592111030211 -2.30305211964067 -1.5951534239103 -2.8236548923947 3.4359636420883 1.89001426380927
"97" -1.3373313710098 5.6342360642654 -0.0126665541170098 -3.2137490775411 -0.510809821167346 2.60812033354237 -3.51740358733114 -0.222685587945698 3.37041284001765 3.70337892928535 2.46272784052388 -5.77732045454938 -3.4969519019555 -3.65408591970698 -0.964452340545251 -5.34184141944233 -3.961037786985 4.61010737699217 3.99888133856833 -5.8800530215617 -2.52845573814201 6.57113943741336 3.10612370391459 0.267213081528322 -1.17010320757641 -2.50575643332632 0.441798383142774 4.25462044737006 -3.31617617825621 -5.36919356417859 0.718981521320139 4.78388923804366 -1.86116760585687 4.15614691435909 2.34101193665817 -1.2541025958721 5.3504135276816 -6.32811368092217 -0.791918659685348 1.65487349989776 -1.15485995693883 -2.24236476558155 1.97680030094527 1.55330281803273 -3.30249540423346 4.48996717068232 -2.60093170861212 2.33378333725149 0.31385742103806 2.74931572694228
"98" -2.11190509324042 -0.22542154357013 -0.678546871055065 -0.624535448938012 -2.42287154037725 3.58230060783252 -1.98051312893155 -1.42563874900449 -3.15560235822787 3.58329019485778 -9.9971600582295 -2.60294361372345 -0.337323260282879 -1.44467743916682 0.558398548457495 -0.700581505814675 1.12652476640095 -0.346512064916122 -3.38135038782552 3.38665959700142 -0.0682235668874349 -5.27485483331934 -3.318972895298 -3.60941307083983 -2.74637055574032 -0.806606467192656 -3.0174299494602 4.44782486492077 5.0039031146433 -1.61183753963492 3.11733062231608 0.525605015313697 0.752436789955385 0.0321000140069243 3.17935841015014 2.64261266261533 3.44042976205346 0.425925022307224 -4.46848055314873 -0.808908129009006 -2.27203940230691 1.79370963149426 3.32601625159055 -3.69096470894498 -2.84463689162482 -0.919094422793509 1.63959509724642 -1.87550221636507 -3.67715442005541 3.94144530775623
"99" -6.19350102148847 -1.0155600512883 -0.972813139239203 0.396253759399828 -1.74987095357493 -2.09724916834517 -2.2778251591055 -0.0289007413215758 -2.92073643632764 -1.96971972576796 -0.340503301850617 -5.10008622979958 9.5471742539811 -2.01150451308042 -2.71014002215646 -4.7497299056019 4.67779960356836 -0.64007720682674 3.88966466876461 -2.05950784122693 -2.32953117731187 8.1451265001603 10.0902035565734 4.99422754248926 -4.30259150226631 5.33222805005685 5.35578025761602 0.447928700226961 -1.18805507871315 -2.03776971472065 4.49079266743899 2.12007327626429 -2.46438992285196 0.101439772877839 -3.11429416453378 -5.20430962562868 2.1622871772617 -5.72928063272 2.05599734485808 4.19108024685964 -1.29039205064503 -1.70790084911418 -0.572917596353708 1.27061707759095 -0.978426490379585 2.44802229279639 -0.805712958574094 -3.71410786007514 -0.893156540581469 -2.50337013872927
"100" 1.88896997015548 -3.5555505915196 0.769113587633272 -0.205858131231202 -4.10780032384984 3.77884021327669 0.518053982377776 -2.23914160187262 6.15818520610135 0.5883771603481 2.52308177246904 -2.7033851366437 2.73336829147488 1.63295423233126 -0.68116448242614 -2.44051210666276 1.0139689815929 -1.17154783221796 -6.701151308345 1.88262684956601 -4.33705183667123 -1.16317217936555 1.95050519626185 -0.343157227001401 -2.36501125302036 0.482649167790432 3.04561927431348 3.26711246865924 1.36477286385536 0.689070344538751 -0.495639800837965 0.540952968125416 -5.11225911549705 1.74255525019755 -0.661417590368755 1.92550161827 0.315251398020765 1.88297311188674 -3.96163395303203 -2.30333815451056 0.0633071599194021 -3.66717692233619 -0.809127229596648 3.52270855272204 -1.01880586878045 -0.0220662862023142 -3.60263999756476 -3.64404819043501 -4.30304864458397 -1.36461246736161
"101" 2.54546977662219 -1.09759714071847 4.42322901432015 -2.67041588529007 -1.31624469841813 -2.84077514461656 -4.02598275209496 -0.883395184968082 2.75780232362264 -4.18320284626113 0.411305428257475 1.75471541325571 -0.814517519614638 5.12219857252577 -4.34129777778243 -1.44866128846813 -2.40753319760822 1.00822573164577 2.92760950939004 -5.2922909153554 -0.586886873674373 2.05239308173615 3.93778949003517 2.62574051074896 -0.0340168948943844 0.657844645503286 -0.426454648140565 -4.11832690899183 -2.71701226144756 -4.51481591559272 2.15792854549372 0.199655665733885 0.178490258205253 0.411136481042109 1.77350483318086 -3.75090490563298 -1.01100495023128 2.91848856059117 1.66015851891481 0.350996263153939 6.37673862456075 -0.94553689742119 1.26685746556433 -0.990405044606893 4.56962666064546 2.78502888088976 -5.01272829857535 -5.44439132886822 -0.92071965011111 1.03829794136791
"102" -3.60724662388503 -1.70566917863849 -4.1664262775243 -3.16622190150903 1.33675811571142 0.480574520274546 2.87414731695233 2.28506595831607 -2.27352917191367 4.0741557712705 1.66216238787254 6.18692667140276 -1.06448920669916 0.99505008115893 4.38107299425111 5.56947559089815 0.63809162360223 -6.73656978623962 2.12823339337054 1.33983503870341 4.1414163367796 -4.71237156088025 -1.28848542909489 3.24216002821315 -2.21533109773352 -3.01922859332066 -0.374075094273823 -1.29696240617732 -7.33552113740646 1.68835156244584 -1.12917594727175 1.31813030883439 1.37858618968689 1.73460472084655 2.39341266500516 6.32230809366776 -1.48676006395145 -3.76739904449894 5.09532360602438 -4.95292415745252 0.177099159852523 2.88731678481661 3.05598782407628 5.16884434699908 3.61554923858081 3.0485155026566 -2.05697166740384 3.46345992848836 -4.37041615238605 -3.96797750524272
"103" 6.05953204844735 -0.139071889141542 -0.970216975534932 -1.87032227741055 -0.127332975351474 -2.03961671386078 7.5689460338173 0.0885364670187901 2.47156597671041 0.181359580639648 -3.3726913856448 -8.55859838953597 -2.40325002947764 0.877348052096086 -0.867209192796664 3.5869098486701 3.3745597973228 -3.88397796048529 -3.10918624327947 2.43144713967856 0.666790833099955 3.9032961304089 -1.57928601217637 2.31146357841689 -1.31487865791725 -2.12154573436315 0.00624678743260832 5.13580008650772 -2.90724626110337 0.0551890943565097 -6.46749961525897 3.02622409027244 2.02826944177528 -4.70639920330847 1.83892098985556 -0.509041473119054 3.14450399980318 -4.77801689327816 -1.69476838991444 0.416881371800614 0.00953698282748841 0.626012293901038 -0.482938740226423 1.26580807420925 -5.7731874436698 -3.73732346251208 -1.79688861479478 2.02187441478778 3.99395947689661 -4.69796892110629
"104" -1.17974435957669 2.93676026231559 -5.46989483743707 -5.51872855594355 2.35277120637567 3.28639304375157 -6.72938205208226 -4.76633855990489 -3.16669212420011 1.91397688056998 0.105581355937511 3.74589707696396 5.03216566752528 3.06908418203831 -0.0916663034618732 -0.280228097230762 -0.34163754047266 -1.48567786408638 -5.12389459524674 2.28945621735161 5.37223887683775 -2.34456255140162 3.34714420312321 -1.42524758610262 4.41859678160776 0.287504005361745 4.10394532095104 3.43670516571243 -2.41432303473601 -0.442074322738544 -3.37782133268198 -3.56421595431241 -3.01498324181826 -0.665361806031768 3.57799682734868 1.67154393486087 0.0541124571179217 -0.654937829726045 0.439996977727914 2.84309543073224 0.847364992357443 1.82607740540542 -4.88226770994084 -2.08566761380085 -5.01914962384793 -1.05620107635555 2.33913000281923 -0.257101591700583 2.43059493931159 -3.08715169079756
"105" 1.19583240875785 -1.15195608326082 3.36570323136075 -0.0631236010510149 1.41415096467092 -2.73544107559718 0.0751060624614611 -3.76272724118378 -6.2186645330079 -0.651754310558289 -1.73062011286028 2.13640270978908 -4.75386288733933 -5.57187226239625 -1.60145129989281 -0.28227573260332 -8.43697587317856 0.840381770770963 0.681245600730538 -1.55473359399882 2.00453914890843 5.1616242334825 -6.25273327190787 0.221646776413755 -0.0111131409589992 1.11391225448 -8.03329881394264 0.14886255190678 -0.14411342534787 1.16702837644335 2.69936133913985 6.53975468399595 1.98614207997758 4.46263401436019 -0.231421805500115 -2.6698646582013 -1.97828327501982 -4.51835585219709 -0.463745313492256 2.19691985407359 4.38705520962636 -1.08494160937967 -4.9712501856229 4.31935862495332 -6.12390286242773 0.1522059022304 -4.58158254745899 0.80853239154739 3.42311136827996 -6.38556467097751
"106" -1.20248668757961 -0.612199680358446 -1.37737351828348 1.83340115798194 -0.386576055930176 -1.68052109383413 -6.48093550489511 -1.44978322236413 2.54329469568162 0.762059031891736 -8.75188575028601 3.0283349692181 -0.900750416050951 -6.53979349796221 -4.17026075539936 -3.5100046633818 -1.17752119671599 2.0983764293838 -4.30673451768057 -0.262992796553995 -2.08296087187427 -1.8626361818295 -4.11370382297607 4.99878912868355 2.03932483186906 1.00982662936046 3.89757505344238 -4.53346983885045 -6.4642405101947 1.02170688693838 1.09020561189167 -0.356864013518033 -3.06615438515379 0.570544890944018 5.35013686817604 -2.23659238192248 -4.51204831671345 2.84836378785521 -0.266373468301536 1.91455395359394 -4.20424350728382 -3.5553628091884 -0.474368312449832 3.85846595819168 -0.876996322926133 2.11468877972655 -1.41569446719683 -1.17524250112862 1.37475310370395 1.33166213616268
"107" 4.27099010699271 2.89213056562697 -0.0448167660358329 -6.87484429351141 -1.02280688064406 -1.55253887646463 -1.14126586928463 -1.33943062684279 -6.89404073803295 -0.781008806097612 -0.694486712980313 1.35597090187091 -0.171480317416553 -4.90707813572228 -1.21420298201971 2.90698935281468 -4.36634710760952 -1.33894925000371 -0.342858680355413 0.619193103296689 4.00409238409075 5.16721257642982 -6.33806918722165 1.32728845564424 -2.33220918882305 0.540200547045235 -2.50125041434996 -1.17366205472245 -1.77477875435996 2.8901940585331 -1.69779825161814 -2.6856234202405 1.65357714015415 -0.477022514063356 -6.45736916363622 0.737084877813548 2.50493838580595 0.671151182248373 2.01028608540931 1.02477088438269 -2.27198530803511 -2.27397082399464 -3.15724738251408 2.58703688329392 -4.28582051373616 1.19827232913355 -2.69989069129558 3.55090154283254 -2.00811073074739 -1.08339192013474
"108" 3.29096664613266 0.423796363989459 0.794677000781474 3.4234849212342 -5.8926779650762 4.16988922655352 -4.94488664743795 -3.12429377921771 2.13602633798727 5.88207352429779 1.63875105142439 -4.40950980845583 -0.00895553405065232 -1.32555533669597 -3.97258746342348 -0.353945372904752 -2.93063393655378 3.54921561537071 2.54460486820531 2.06155541057472 0.545633170773664 1.19293305851476 0.379173201396378 -4.00619655393851 -0.299106080910633 4.58280063922468 -2.97208151921876 -0.521044744078134 4.52355022413939 -4.19976494311782 -1.17171231664898 2.40561520255185 2.63565216624344 -0.544840720368977 1.32393508464213 -4.30981311515817 -4.50058666414603 -1.35692633285777 -1.37773337101654 -2.82794119775197 1.29910646908231 0.50723023193061 3.67489193365271 2.474565773813 2.28398992366102 -0.0473565107006347 -4.12181344548812 1.29179654477018 -1.2985382573854 -0.409855047833011
"109" 0.461676693505013 3.52086744338573 3.85141507464897 0.363474688997546 4.8940870552018 -5.30043043128994 0.331367910010261 0.0691155439695481 -7.11967715676137 -3.40204840768077 -6.06423043163074 4.21496844487108 -5.13853347775016 -5.01257015150916 -1.58671776768558 1.72722043148163 -1.87116048412925 9.0010016870009 -2.45635482430391 -1.28893592640727 0.547046928149833 -3.02602463393637 -5.38675988992672 0.641566419554456 3.91485682063969 -3.8432647648492 -0.459541103358421 -2.58126006214505 0.519006483191617 -0.167456376806515 -1.76881342508771 -2.96836148163818 -0.670236787143217 0.22701491638403 -1.49505365447903 4.92746392753137 2.39039281843291 0.73586663448475 0.198616542017409 0.705181609019937 -0.247084276445577 -1.81280486337231 -1.80915614877391 -5.10762188381467 1.43332004353151 -2.42554784287875 2.60104350447466 3.08046881223332 2.91692170196106 4.67805730312024
"110" 0.98620622382007 2.10252204633891 3.20268373052628 7.3376603576511 -1.66753216861158 4.4662802403329 1.03803954767604 -3.54347025170565 1.6739677627094 2.46870951490913 3.46564040887825 -6.31800431833913 -0.488576566703452 1.17914568803179 -3.83277746230947 2.19208916595367 0.605295714041742 -1.06514193659979 3.49382959484833 -4.04001352903105 -2.88440637568763 2.54602533271153 0.287166775767521 1.91701891005439 -1.91179183087934 3.81559300089666 0.0116295287885667 -2.03637809343605 -2.88227975211782 -2.2891730806514 1.09609666008797 1.96822385356622 -2.15927128440138 4.45752962862374 -2.06424595896342 1.36610552680015 -2.3851091724106 -0.590714944526828 1.58751676061716 -1.18745070206957 -2.86209491463555 -6.03462271009511 -3.09067120824389 0.188233523904315 -0.723263541915273 -0.903647152101987 -2.03922572892739 -0.946753072711192 -1.62990059515242 -1.26540107234616
"111" -3.26093548308 -4.40978860460655 2.3374205205515 -2.77563311624184 -5.18557067335504 -1.85050159499247 2.25786414415103 1.60946232115528 4.09783778205693 1.87203431909929 -1.43487443134738 -2.54537437875802 0.600727573026121 4.59408451360825 3.75823769208161 1.66293553447593 -0.894034658986037 3.21123045931436 -6.67380924190988 3.08524740192963 2.89508873924806 0.183943659587827 5.05770380241877 -1.09182057967513 -4.14418865694988 -2.75888065875872 3.27064744174592 -0.160760796912793 -0.768051960125061 -4.56534231223373 4.59361671455916 -3.48834963576342 -2.8419511679654 1.41358648936305 0.442089604591353 4.33498508955188 1.10404793156715 -2.33883858151634 4.23719756024261 4.99396902992904 -0.534969078912341 -1.13673144450697 -5.37725423671946 -3.62316355092923 4.01747342485329 -1.63402119778601 3.66332702080284 1.98683065127001 1.82929357656882 -7.91899952881439
"112" -4.0880521803967 -0.331672049574822 -4.13781068030889 -1.67097222285348 -0.328496116212777 -0.16071212563743 -3.33773460954026 1.0237566707135 4.81566248209475 -0.98904711439729 -0.203061873443168 -0.126270877297308 1.51913886435714 0.162401049488448 5.99252367951822 -1.78944791745795 -1.64595695009441 -5.22089569133398 -1.68143699346128 -1.34313148476877 1.36688976164887 -3.23180473859368 -3.04445918171185 -0.678141231913123 -1.32206190295936 -2.77806706188456 -3.90953337408965 4.00417951519361 -0.0508581091940894 -1.19618852032889 1.07896162445404 1.22224161034201 1.11225045559178 1.29792726200467 1.48006171951856 -0.633274543435782 -1.07503976925086 -5.80367587295826 3.87675653799691 1.54156014498685 0.622597769373861 2.11812155498798 -1.40148564366073 1.31516086682304 0.786546657000521 1.4783934986727 3.58838225801777 -0.262596310251085 3.55911195548171 -5.10681402819548
"113" -0.0178689287727707 2.365461447134 0.130417914884287 -3.69987277036279 -1.1701781741811 0.633652657648748 0.0942284978445933 3.92763219865809 2.58839386414535 -0.512603309640444 1.58168886317177 -3.62075247556165 -4.20600208404338 4.70624379551736 -0.421073455050723 -1.03525691063339 2.44246643657445 0.7034499646514 -0.511581863212508 0.255401112766777 5.01118719764156 -0.236461001133119 -0.771878649927145 -1.48606636192209 -1.76124327458702 0.686526409599229 3.06744622663885 0.330419601247607 -1.35071041061027 -2.08244419701923 -1.96064270422674 5.81846950607976 -0.901988914689755 -1.35381452545128 6.16634939261509 1.45993776278872 -3.99235851629606 -0.202430384159025 0.5433618977743 1.62476973966757 1.32280719063386 -1.53116560617824 -1.07560506575447 3.74935095145317 -1.32691964778849 -4.2748177257787 -4.17136663704101 -4.76403668926764 0.35025477133295 -1.01005820318329
"114" 3.94309647455419 -4.38819574487251 2.1329322304651 0.32254519392098 -5.99819627267918 -0.797366166305192 4.61820571651493 2.77719244806231 1.91820477130044 0.380656578881589 -1.95901887679135 -4.3662621662175 1.40789308881907 4.00437784110459 -2.17117247581819 2.08950084980874 1.78109155470804 -2.08376925553946 -7.01486403429278 -2.50191388632049 2.95541702932791 -4.69460644892069 1.54598470239872 -0.709980115816656 4.62923356557183 2.51436017999582 2.43669988218386 0.00562329033098677 -7.26962277455961 -2.08508763991763 1.78025015318996 -2.22409861638126 1.10567881353181 -0.338965282998797 5.46387655958349 -2.56124366151216 -2.65886004143288 3.47092734640273 6.10286870939564 -2.09298393104186 4.1832936562328 -0.501380683975531 3.74466125232968 -0.028627054119397 1.22472308927721 3.10542502035508 -2.41747691550804 2.26578335386637 -0.0701444286752714 0.94800724099215
"115" -4.21539990613861 0.424229094549339 2.22354046967811 2.88992136856845 -0.83065695380917 2.10194364811362 -3.52596098669339 0.97951035161444 -1.65115658651458 -0.139656110668161 -0.103175536032003 4.92637422251618 4.59807798535712 1.19831167491989 3.87531655378071 -4.21028067762684 -2.9720893369744 -1.57821853159577 -0.0735311645812391 0.926841141475627 5.14482880818728 -0.48834124545916 -2.38506309315117 -1.38007694616705 -3.8308655643506 1.56560214918356 0.261995388348438 2.3039368184933 1.03836601987791 -0.106907904107427 1.05673583095985 6.7727753089813 2.64004169261488 0.965206338230533 0.713510438782145 -1.34028544257539 2.35676632053168 2.16979958130757 -4.74714143737972 0.208508985601161 -0.0978437125362998 -0.98779381242065 3.96211041932547 1.28721022427565 3.27014159003346 -3.49431517510524 -5.11862406390682 2.51655692705491 -1.50613488791229 4.98576572757572
"116" 1.54444261654034 5.37327566723972 -1.28561001945141 -9.37299180825591 -3.51876485024255 -2.09855812307708 3.05214285804771 0.106412946063268 1.97548765271174 2.29286482368749 -0.141060681945226 0.0589563567737621 1.7184206046365 4.56798030150899 -0.716355872355563 2.85936987799433 0.610153832079398 -4.19981874405804 0.938631080654053 5.40989413523999 1.20406501780754 -5.09517911267642 -6.90833621021241 0.0415314516856702 -3.20518596768214 0.508872548196809 0.342157864072945 -0.0956511928057053 -1.38105149896431 2.4076565505897 -1.1492508161316 -2.37507831217046 -1.11384970008806 1.95265232298813 -2.79676347326916 2.79287971910816 -2.16289251988554 -5.78111729992736 1.42813680718782 0.457913574655623 -4.3034661409105 -1.29485909531371 4.18753083901893 3.32647956629384 -4.87021990893844 4.13382328025331 2.73240187378196 -1.10550191837686 0.916193677082836 -1.71357128780533
"117" -0.559028642758642 -3.65516353473573 -1.50473438818627 -7.45761263971569 -0.885425245563793 -2.71270811441515 -1.65114855868797 4.40759396425063 -2.83271084170773 -1.86366283465237 -3.18497756031055 5.44551383161627 1.29071944711895 -1.26219751227952 2.27996202678244 5.21671787797924 -2.18102812855652 -4.65607371758729 -2.90576254866665 2.90150555264765 5.62594053677779 -0.607643214359976 -2.70148030138292 -0.829078433927057 3.08755991577181 -1.64844789841895 0.781275448840417 -4.93854722538923 -0.571817623051709 -1.7736628550767 3.36510218946717 -2.1277059729236 -0.355007181350824 -3.92157316007842 -2.50328235898338 -4.66087909234697 -1.5503823340798 -0.92431648453757 -1.3229728124425 1.38995277001606 -0.884521051128985 -0.295806687538481 2.15338215603131 0.920601881920407 3.37180414575101 -1.44628994301163 1.75432209474034 5.53055535199636 2.57389225928816 2.4134635576355
"118" -2.14515568036921 2.51592102420943 0.728422221579735 1.30621499365326 -3.3546110378935 1.59942498666496 0.266859627980478 -0.184539589218609 2.17695981313333 -2.1489601680558 -0.386673402779016 -1.53756782232008 0.125974959857238 -3.47261410554958 -0.823347727999688 -3.01027683701537 4.27643310358228 1.75071416715278 2.32489503185998 1.77754908018991 -4.86711795661354 4.80043709269479 -0.683487900384292 3.49334513556568 -0.139937884099121 0.531114401210894 3.13550817822401 -4.71742846864765 3.84652390624423 2.19299488967005 2.41254757497652 -4.09804479827638 -5.29363222811795 -3.45983252024904 -10.1458606475711 1.64977598399711 4.55227322088681 1.46195320504576 2.15316913091068 -1.4032876775521 0.76913587879644 -3.59394346884423 1.08497916610711 -4.77880179761049 0.640384811783402 1.37112880626526 -0.215905608137258 1.38210290939643 -2.85379415410791 6.80560681779726
"119" -2.60258362393592 4.15195795555681 -1.50840617999703 8.83761891465416 3.1132236350711 -0.876105043220959 -2.56108588232194 -2.3929489368908 1.40954966042662 -0.144982148695621 3.11299026529033 0.5691318635148 -1.93092287941359 -2.76482007384042 -3.66701423926661 -3.9697956885288 -2.51243826827494 1.46694704446445 5.47689964088891 0.695774006772613 1.41127026021345 -2.84573279940925 -2.21625981716957 1.91493269457249 -1.0191553376892 1.77303360938858 -1.65966739769398 -1.0007030323519 1.52958288925715 2.90190574099305 -1.0040414892711 -4.5479620268463 -5.83363296247642 1.17423324348031 3.88552126883928 0.792665818737371 -8.45607045895651 0.321184521341908 1.67931702384377 0.329985256689054 0.769505099345899 1.30395676696446 -2.49629463987007 -0.691939710133964 0.334723417991952 0.263530346716227 -3.95459581648574 -0.438429688784647 0.237137101857185 1.0088162619662
"120" 5.35093697225468 6.8447345593459 -0.653214772973587 1.80927487809105 2.19762130414533 4.82401249931761 -2.75577183146101 2.19904265101429 6.00901047638441 -3.12335790898094 4.19556562146344 0.25072689046617 -4.46398208243574 1.6926556379782 -1.68860666475476 1.01378848189532 -5.15534817345256 -0.849074300754699 -5.34128840619923 0.699473420556296 -1.64904843968621 2.36445180697328 1.70690189666794 -1.92789186181144 -0.118964789139234 -1.17402879384521 2.87389679481465 -1.01609364282325 -2.4425614598606 2.58081153949941 3.62070370245027 -0.610237735929225 0.69808369740708 -1.1732284748553 1.86937306801055 1.4207951669589 5.37589924487279 2.42636709888076 0.222068822330078 3.42169014754771 0.252395837464459 0.647493848593391 1.76513111614358 -1.09435695482758 3.26122818416555 -0.202311470738993 0.443249131711738 5.92584019396977 4.80789479256775 -0.180551798631862
"121" -0.767632959734733 3.96720761720754 -2.46785337150473 0.298351339659306 3.53326086655023 0.321691545544823 -3.95504251634914 -5.43621507790297 -2.79996007785239 2.42011771033921 -2.37626554074113 2.17602106559656 2.08472375829884 -4.50268471481718 -1.01536135176853 2.7317701258511 -5.6972286042491 -0.412706420604482 -3.82906997937478 -1.90616289305559 -0.881628561265212 0.246645812503813 -2.55767287876693 -3.01791085718305 0.121702502799074 4.98836374500693 1.70254314529172 0.496010860101802 2.45161858931637 -4.32584123994198 1.30982230634443 -1.87744624702265 -3.0215868879079 -0.976796125110103 0.0123442819862686 -1.19057833797567 3.12592295792456 2.86865915497457 -3.9527506039052 -0.43770301645021 0.608645624528357 0.0681907323676287 -0.62404471581753 -2.12561288376005 -2.23207115970536 -1.52990633808195 0.930716821603043 -2.07836860440991 -0.716723363236232 2.94565748286101
"122" -3.2006517098493 0.458021786803452 2.16473049789893 2.21362266564376 1.77982006248599 -5.11760910429179 -2.89144124392291 -2.54360866670281 -3.7576882237123 -1.3468104132057 -5.96104357945533 3.23319285725851 -2.81706613957152 -4.8439714790739 -4.81135366246391 -0.0445084863463141 3.88088684156802 1.49269560841666 -0.551051069285149 7.2588968707991 0.466592534123393 1.19438474149735 2.32376320435573 0.114728320918556 -1.32761079564566 3.75959283035446 -0.497499949808849 4.52923533353197 1.15838569977114 4.70714668260319 -2.48721343442401 -2.18845173689125 -0.841484344438993 -3.39176004992944 -1.75044575819 -1.92037999919804 1.01868764287754 -0.679342188728878 1.27069102939595 -4.67215836797724 3.29000443637604 0.100996184169751 -0.965840812065385 -0.975172434851591 0.863890113099424 2.64145166299874 -3.02223824972342 -6.10222510734436 -8.48353454923164 -3.67572520455319
"123" -3.07372496040802 -2.2238676420132 3.99148005097656 1.42588799231155 -1.03658775778983 -5.45836630528109 5.56206466839317 1.57131263144951 10.3737181944452 -0.850995552079883 -1.03158984989457 2.13196153589628 -1.64077282197331 -0.597443818726859 -3.37042493296263 -3.13582085323454 -0.829184987719099 -3.09473371985501 -2.12997505351494 1.20012937098549 -3.58912155219334 -4.02690197743203 -2.37065969846908 3.31068570335527 1.19819027046409 -3.59134079039317 2.0650368063709 2.90718780666508 -4.22882123479219 0.171827843507061 -0.782145778835372 -0.558206779343478 0.458810118222675 -1.24954016576332 2.95419130319372 0.489417358440697 5.56359465022804 0.329852022184066 0.411613878098893 0.66730905140333 -1.73286777135188 1.57033064455317 -0.870073339901197 0.0166022339710702 1.69379393549992 4.84264476708305 -1.01190888653821 -1.11237487500531 -3.87259236784054 0.298010370289175
"124" 5.84258094600311 -1.73206083092335 -0.0369939879990743 0.749476878192375 1.66758119419326 -0.501040579988869 -0.375949143401682 -0.201783263725069 -3.60494901319688 2.64235504279184 -4.00094223674419 1.19718562881011 -4.42702543296664 -5.4369414211679 -2.74141865849208 -0.553288151987757 0.273301143794445 1.53259902107153 3.15719846986553 -1.37233379397653 1.6324909828461 -2.07374560839215 -3.52187856265664 -0.690677318884744 2.5984816095001 3.3491872150791 -1.70009385849154 1.67458743922001 0.201191222200749 1.94738930631628 -5.83693498094728 -1.78493877881731 0.0415855945198844 2.09161017890994 -4.48649929543538 3.2864968333059 5.26674014737199 -0.200547478319634 8.23837702022885 1.79211775969165 -1.92161803967881 3.00350828384297 -3.50279574934292 -0.207938527947941 2.73935671036727 0.979083940868376 6.21857615658595 -0.691276966122814 -4.71551956461487 1.86272508966632
"125" -1.71387468120942 -2.25298642657083 0.157194448170129 -0.210575848735478 -3.94033113588025 -1.44117202335892 -4.78027518671428 1.51952156440878 4.50956347501238 0.0265818860857248 -2.10603839037578 4.71053922680895 2.17749827698631 -0.688227527594032 -0.296268449104733 -3.95257812122788 4.64607631140424 -0.911516687175653 -0.000308482940445503 2.50674767739023 1.66144666760109 1.05715333609452 -0.475703352722521 2.16100791916941 -4.527431591181 -0.59389513826906 2.89581036302101 0.518803802829902 -4.64075420914447 -0.964016497874035 -1.29541649816249 -1.15851919143771 -3.64469316893501 -0.635444786879767 3.1937042126789 1.73315527916559 -0.50889365604845 -0.102892054284393 -2.36410115250231 -5.4280473368853 -1.23398681708172 1.24257146114369 1.01358501959752 -2.63702974305237 1.95486179372965 3.46394556928426 -3.00467377229949 2.40043238519735 -0.54891380964525 6.3022310872969
"126" -2.38199817791158 -0.460750772825911 4.46375881885621 1.64744178206124 2.76391113252236 0.711927542885297 -1.35962994898632 -0.378460075403507 0.314692099060002 0.365908526593335 2.2063925242692 5.33361357523813 -0.207492978029782 -0.0471063364954946 -3.13696639974415 -0.322474586457831 -4.85122592715803 0.491658669080304 -0.571152227467272 2.83741669727025 -0.258937132645575 4.32189104076649 -1.08622834394557 -1.99007283875185 0.0248470517410929 4.7875318520118 7.68607671968861 -4.10357745800644 -0.274469833933799 -2.77865841069785 -0.869263912613294 -3.09858364886076 -0.555601695704577 -1.71846879898867 3.58311735697011 -0.778805477165845 0.306097991126838 0.730258226393068 -5.50661823020212 0.855063058421163 1.19828057149955 -3.74257434860583 -0.905290214243316 -0.0656587307740974 -3.52495762340778 6.78114105445295 -2.19025803743558 -0.943362663922563 -2.38185421906076 0.641892783054213
"127" -3.34283854457934 1.0005671593673 -0.350148952944589 -2.64427850886578 -0.376038791689069 -4.2452669379761 -3.48088500421326 0.199891146191166 1.6613027554931 1.40347103676606 1.64122767814759 4.31344321859222 -1.17088804424655 -1.74486442573636 1.89041869762396 -5.56615925817652 -1.80918011859402 2.50114885284799 3.9066119533439 1.44345844288754 -2.76559533426871 -2.127780775502 -1.96207431137346 -5.9437658208583 -0.289429781282642 1.60007378352452 3.54764166220704 5.29995965583474 -0.0143513183344699 -0.221550934253634 -6.18010923414122 2.6718202452197 -3.4456597953149 -1.32673599940636 -2.40006460768691 -0.122525696286561 5.27936253879904 -4.82185885077145 2.1625197053689 -2.20102152581008 -2.00759713952268 5.27363513001562 4.10538491335179 -3.85565602429234 3.86792322564769 4.69188859529534 1.67009139179953 1.77097087598838 -0.117488196045851 -2.67892845002182
"128" 0.576348257265312 0.457490401537822 1.99554716555626 2.51160963708422 4.3559539531643 0.807698446274161 -4.21715756389629 4.23381939451707 -1.09988165514827 -0.487333400693621 2.34019812419233 -4.17996070712247 -4.86258536785662 -1.68471337086051 -1.00590401623373 3.28714970401739 0.826788085778802 4.26694924831787 1.74718699310802 -2.64521292926808 -5.15611759901628 5.87114523467262 1.16441466708594 -1.93630450971696 -0.747380511736585 0.912250471167135 2.57488079448569 3.57533472595197 -2.82462352091382 3.05490576556839 -1.33367501355578 -0.89524786963186 3.64381194342784 2.9025589554194 1.17616825751548 0.870065644003402 2.22417943931303 -2.77820226913664 0.911427841148989 2.52142083203657 -2.07741802089566 4.02295843176146 -0.779751383162101 0.373816055819533 -4.02764116235808 1.49599195464039 -7.62430076511455 -0.278149217907323 -4.4327013938499 1.13663381335128
"129" -2.02873578528829 -0.646154018911161 1.61293169230567 -1.26893211507747 -2.75066681831995 3.95996389794522 5.60189402014505 1.33789982957911 -1.10411145756272 0.789684635239858 3.40465438636262 -7.5147156152662 0.646690691030272 0.625495820865697 4.54462522216819 0.222716107745549 7.11256198563383 -1.06333162457785 4.01278543484076 3.7422701917475 -2.68519984221306 2.27301021813849 -1.57305600833811 -0.873206372212691 -0.130850111405888 -2.94778759395193 -1.54814390330958 -0.801340963970984 8.79501098519127 4.94744600322234 1.88647171136744 1.83616345138992 1.55788700543626 -0.0558387274662281 -0.752423053357993 -1.51194562785649 -0.834076436146337 3.01795621451216 -1.36845560775064 6.2425764848656 1.90902519871669 -1.12715736718174 -0.658582132820011 0.623356803525395 0.135149522682384 -3.72937917250668 -0.898514770304515 1.30018209066034 1.7990135273326 0.587007900781908
"130" -0.610672133405897 0.486712835356882 3.26427516983971 -0.633575196134264 0.141879666555792 -3.01191070619883 8.91566542109828 -0.416842699188239 -2.46706269140389 0.129840447555433 0.901903885225166 -1.36813782630233 4.64437071973942 0.731644502080836 1.78509252578689 -2.19146247543518 3.94125114697209 -1.80620580199736 4.16260238897994 5.61095792788892 -2.72587578433306 1.62172916675283 4.74548868684805 1.39542335306264 -3.60509364888731 -0.0939523826745182 -2.93095734526312 6.60731470112803 3.50839733779461 -1.42193833562739 0.787354225345738 3.02994198039412 -1.52084183743889 -0.155680252662829 -3.37889539647013 -4.9163805182743 0.814661097376536 -0.411384414025749 -0.952695761704098 -2.23859484542236 0.0659910894204936 -2.30830292022073 -1.93578040458261 -0.0034582887400414 3.03403271478763 -1.49014008154971 -4.63505098916591 5.55091376752302 -1.07070863890131 3.99954028331392
"131" 10.6929067595135 3.16463076619138 -3.48323151118733 -8.97660453777632 -1.77865954996904 0.576472305219388 0.359086868442916 -2.73934188146097 -2.40705266732694 -3.3253367760417 -1.50640950143733 -6.55733604888593 2.84378330140177 -2.69595175123056 -1.62471518428736 -2.30843286519104 0.320025743268794 1.63424243780034 0.327925980452841 -1.57957862293317 -0.454225578523004 2.76998117346946 -1.19111727903351 3.58003562051892 -4.55977789813775 1.39212295879719 -4.30584941978326 2.43211205393664 -0.448157527417662 3.92117651820274 -5.05647098756641 2.16143590905593 1.61538528666214 3.30491893858814 0.315915120424591 0.220665137189669 -2.2022272356285 -3.24987332307476 1.10185036715946 -2.88540143882889 -3.85217498964752 0.328100895409536 -2.43167834269058 3.26806753823845 -1.98299144096527 -5.42285308188669 0.914004007780629 1.22498782353721 -0.501951480168167 -1.9641773308744
"132" -0.181203396870195 4.32112061257963 -3.11991365199943 0.579533114017192 0.704773027401707 0.258402700543029 1.51572188646661 -3.15777978520851 0.027771786044283 0.210222568088023 0.646992575338774 -2.02354862831503 4.53755768138404 2.49739814157586 1.07733408035311 0.476216579081249 0.590433892118316 0.192041764450907 -1.99485576794909 4.09314938186333 -1.03349453471015 -4.46579037570957 0.843829203053942 1.43678644936327 -0.999055658686945 -0.753848790792341 1.00997092100934 -3.30099756100805 4.84589375512816 2.65781004551708 1.98630669188717 0.63164566341979 1.73472325888768 -3.4433437522967 -0.495619325801403 -1.63117549581008 -3.13302028657565 3.92783907388082 0.241613484988458 3.4407169380161 -1.87545652053831 -3.59373193720281 -2.23409232401438 3.9239755083159 3.19477286550075 -2.89825196654933 2.68051501594378 -2.78808558277505 -2.96418792064435 -2.59976141499018
"133" 0.180637941810844 0.584586777782965 1.96783614424019 -2.48673311053449 -1.60983699365145 -0.369990525976759 -2.80524474865805 -1.49739522315655 -1.71680828276622 -3.86961311970906 0.273568082811802 -0.744076434849003 -2.3893897095376 0.829376535164428 0.343632680996555 -2.78189330971954 -0.997460033626046 -1.10869120099396 1.45890223405324 -2.56196577338562 -3.24832424140205 0.417939289945505 0.549760162847519 0.796521430636785 2.61902515682522 -3.27327367198256 1.18961084995823 2.28817324263663 -0.512880319930564 0.0211866236411403 -0.275048828711177 0.644168506718576 -2.7577954907115 -1.4703797156802 1.14539729363054 -1.16616900363902 -1.47155402614669 -1.34342575725176 -2.97668780099128 2.82188846179509 -0.108940062991285 2.7630217830882 2.47974179584589 5.52226893275247 -6.84342150881802 -0.214552175096848 -7.48095607657167 2.70634360523113 -4.78394042017495 -7.07963481359454
"134" 4.7980972731661 -3.96005843103695 6.62791763274504 -0.390064108928964 1.22986495157807 -2.12681132106938 -0.900585086316157 4.53088752426568 3.38129329201561 -5.67561713318958 0.405512039276322 4.5191289834087 -0.30150988922839 -1.26656763470957 0.209128449794073 -4.27320199135282 -5.02394954450259 -3.12748814644064 -1.40309038353597 -2.79077880882435 0.836144931612 0.017748200435592 0.606609833419065 1.77313164888204 2.67385291898011 2.03673652053276 2.92379176112729 -0.138677945674397 3.67728390928454 1.84386899604147 -3.31427072226346 0.322941067291104 -1.80054003451655 3.93583073630685 2.35027810938384 2.49353422650838 -3.211092396597 -0.365189965622092 -3.85011292060401 2.22598528243518 -3.74926260580435 4.81498301078715 -2.34209968966849 0.0615859524163986 -2.49632383128216 1.13982741559034 1.60573620050759 2.07109375513523 -0.842828134841746 3.10930859239322
"135" -0.978154140703264 -1.60574553934607 1.80694679653912 -4.49741099062238 2.48115825993526 -0.357954611832682 2.13899914456723 1.9849472353711 3.4336502383714 2.35862060231665 -1.23615075840365 -1.74131687521124 1.461640154498 2.58797911108555 -2.45143235391108 4.89822271491547 -1.42540511004371 -1.10330896687052 -1.60353215199144 0.908391069650681 -4.08872311553731 0.425372094493885 -2.21572071880801 -1.90791755614078 2.45875442888734 -1.10498036136176 -3.50369240211321 -0.86018599271994 0.379617944738199 -3.37750708438713 5.2579601288278 -2.64225612449391 -0.77080631861024 5.44336810052424 -4.00401484373908 -1.90621820809425 0.00371804727261353 1.06470867931216 0.62888395272711 0.855059569830427 -3.604743404612 -1.54047116513519 0.651444669182756 -2.8299962510011 -0.641345195942767 -2.11617877402835 2.27384311274852 -0.372684294540142 2.26404090502141 3.68342362226963
"136" 7.34119120611922 -2.47412978632181 -0.548556430844283 1.18601776501586 -3.07235832678901 5.96469224466287 0.045786196521697 1.52165321621234 -8.14059095676264 1.13377054703354 -2.8536530107369 -1.80806955928098 -0.422667297916761 -2.29133499090963 0.109019468505129 -3.30933471542596 3.65602112945247 6.81923967545951 3.05715673083747 -4.2949009091508 -4.63755303397411 2.92481278741512 -0.725566103447939 -0.994890939166066 -5.00802577443344 1.47806515831792 -3.85407307345274 5.41926584049243 8.73100189635115 -1.16660736550383 1.53901221350045 -0.175935119228219 4.49408838447311 3.41200757933054 1.38060186457557 0.206938495680463 -0.156806569030602 1.07316132301371 -3.60084923690156 -3.74116011399686 0.464245543480028 0.240077076477782 7.03090836557554 0.905490807293717 2.80114188918387 -1.85608413789873 -3.70048529407953 -0.46399848532704 -0.622887315049352 1.94960016487962
"137" 0.489827071368714 -0.911453892759325 1.97506811096468 3.65887245626957 -0.52588403178892 -1.76063823996622 2.36064729528388 1.28715447183419 0.423775841805565 2.17604794665144 -0.328318044666815 -1.56675672198404 2.05722674577473 -1.40084272171656 -7.43233171459265 0.608160288255679 3.79226792539747 -2.07604303022277 -0.329014536149182 4.75736430259987 -4.46037547224776 -0.456485462000622 6.48701210387263 0.166632226307471 3.89381800438236 3.69727996744784 2.73097393519657 3.06797020063228 0.508773524180418 -3.22704474694979 2.96175230941132 -6.5335592440679 2.93430628056668 5.53765400414649 1.59361003255642 1.1317575379718 -1.16173116492035 -0.941508175061235 1.39292657111295 -7.34102828183227 0.292100279006914 1.27395666365748 2.185327560049 1.61672356348599 1.97249874873579 -0.404234501440448 -0.274788945301663 -2.82684312004592 -1.12570090108084 2.38149799508864
"138" 0.737610230800624 2.45127455802628 3.53048710729771 4.18360606791664 1.6235850908979 -2.72443571529905 -0.791373072265713 0.905683506580192 -2.36101205355569 0.717480777798006 6.45494897229209 -1.61939919664859 0.484376368895426 -2.24183971676492 -3.85286051140094 4.46255676053562 -0.802594713419733 -1.42413510260606 1.60242342088828 -0.809790730949961 2.60341975997736 -0.992060996542964 -0.348174384358099 -3.94199630500393 0.515518238593184 -5.76453003669627 -2.90472797324216 -1.46396818073931 3.98690435333089 -2.36633327182107 3.11677631149429 -3.60261998108482 -1.96229151018581 -1.80904632976508 -2.60809365113293 0.354557016842851 0.182914208304871 -0.658349164087389 3.3421548411746 -1.36224103404893 -0.547091542070352 -2.00763863249282 1.57468483446737 -0.290148726279887 0.0656887557259705 -2.04374805036099 4.6783778526462 1.2691106013447 0.67069571947484 -4.70084107103539
"139" 1.53311126221637 -3.90188835413948 -7.51800950073343 3.52356978051632 1.39289829268104 1.35727924724799 -2.56868490076598 0.388658899993602 1.08109375877755 1.34116119769654 -3.71308654928501 -0.37014949044515 -1.27897209717039 -6.8774236053443 1.77924859524995 1.11907686349046 3.1195686582102 -4.5782141248668 0.863133693615107 0.184759332557973 -0.703484604942008 -5.14045544663806 -4.44466273194343 0.24854312168587 4.66051482785879 -1.23088807968083 -1.55020162247335 -3.83741335507261 -6.28681633155578 3.81976103415239 -1.97615499286981 -2.38282421171349 -4.13860958211452 -0.332125058080939 -3.71989882280358 2.44735187215528 -3.47364790752339 -0.0598817634766476 3.35110815454885 -5.70221042171604 -5.20870564179817 2.23812218417528 3.7300736537521 4.02213227486754 -4.22613920843931 -2.82454936596187 -0.55586600961095 6.11241687091857 -3.479027009964 0.880325527515981
"140" -1.61654901069292 2.78734279861708 -4.2307734778204 -3.63918430217162 -3.99851363829599 -4.7979567396661 0.977098607826371 -5.02166404298687 5.42555364590796 2.27431490885542 -1.98812258442214 -1.71670361241869 -5.16795521011397 -2.48177520568008 -0.305464638499709 -0.656403371143256 -6.78890823634384 1.19592945556565 0.0986947649473877 2.18717480243094 -2.78740696111993 1.35407905535754 1.20207396206808 5.64767425513071 3.55419794672964 -0.741028113296254 -2.34790798390469 -1.9663964393063 3.70551332198065 -0.135293347254222 7.09824519317267 -2.15860134095992 1.5579294463197 -4.97788956774064 -0.559137024611459 1.27364771009935 1.8926449562651 -0.682662264666221 -4.44906006027095 0.00739053563219132 -0.130587362969051 -2.60075669905229 -0.0243132261609178 -5.21606998406246 -1.58607309589642 -7.13805431094715 -3.34269887407107 2.85457063561072 0.330042759770861 0.0567339607219453
"141" -0.882257682269708 -2.52938031971226 4.07445341998413 0.374481924977807 0.929730450072186 -1.91039340284712 -0.780881689499119 -0.0401042303647456 -4.57055290027378 -5.30239334558232 -4.54466505510487 7.33554717958108 -1.28532968371912 -4.19317549564924 -0.955333589725213 -2.34060443715738 2.90358361230024 -0.424672865760805 -1.20377943717782 2.50476164399273 1.86538123342296 1.44641337366161 -4.3889323120599 3.35361573994827 -0.779795038667244 1.67406951561716 -3.03597495285485 3.4114347804848 1.30055549002848 1.80042118759867 0.464065083925559 3.08021294876242 3.45721957919834 -2.16559055249973 2.57920795750364 0.219055270680903 -0.484018122520286 -0.849668122549411 -1.4371496536909 -2.73801896251515 4.5007172097975 1.55886499855276 1.16614674747326 2.97851550455386 -1.12641887414201 0.281634071509223 -0.674161333466899 2.3693601635388 3.18210787067463 6.43319977591617
"142" -1.71479233198853 0.174334261491052 -0.682335272211565 2.77342434594955 3.11652168432573 -0.28037973915367 3.11881835033589 1.49489959907816 -1.81747973099331 -0.329850103953653 0.170306993267927 -1.50215835290926 -2.04963775464742 2.49509546408936 3.6533208109822 0.228432861676033 5.67525661881225 -0.948250435455698 4.8871475261123 2.7301659807195 -3.89856059848023 -1.38512017508392 2.58504731281405 1.93152515514365 -0.299699311990595 -1.78779564361645 0.964999804676279 4.20677134994775 -3.41900483587972 -0.914006982359601 0.609201843873014 0.86999906018142 -1.69728615111094 -1.28475204587428 0.475551771850128 -2.44325539977738 0.524361876191233 -2.64626633551385 -2.26168923354533 0.922946177221311 -1.08766772162471 -0.940416485167556 2.49082088522921 -3.99568442811512 -0.136914657303912 1.47353331314181 -2.84348741630103 -5.428596429437 -3.98904443323959 3.06022279296989
"143" 1.02071870103515 1.23799528921116 -2.63421149782843 4.73165457390384 5.07173306315091 3.4322228009784 0.639861155432599 -3.35702949146748 3.47403170515654 3.94686367925898 2.87686168340832 -0.803993281163178 4.96273085284462 0.309983442277429 -2.20859755273362 1.76908276396342 4.82472134466317 -0.123617281455329 -3.25306778802447 2.57817759976346 -1.42795475569015 -0.876412318482183 -4.82532932402893 2.25416843643715 -3.823750543203 2.65118963633275 1.30887266411634 -0.33300952669747 -1.63120874501876 2.53116600735092 -3.2229586017035 -3.26120953689874 4.68390169554793 -0.398772304398253 -0.476553448711952 -1.90781275234788 -2.68429138948228 -0.0132035304025519 -3.59319967476503 -1.66240204297695 0.637650225380003 -2.91434141691082 -0.381655258857834 0.661414075943163 2.4212381439519 3.51204287755435 0.265705392138738 -3.48785097880253 -1.33946338166596 -1.13693038138129
"144" -1.52602543769883 2.78698608960415 2.62684794960332 -5.04945527548884 -1.53333301138926 0.248990636364068 -1.34364952145342 3.52237240606345 -2.84679185138292 2.45503800851863 -1.62317414640676 2.83247833484064 6.51323954392079 -2.37424650275131 -4.25540738010731 -7.285917746547 -1.44083059354585 1.02216445081963 -1.2291780943425 4.27993287413554 -2.65264788568969 -3.43945603230102 2.21325460558322 4.64163547020978 0.859135626084024 -1.03146097124861 -3.16022190782998 0.646787874736252 -1.90188018577309 3.40164931781286 -0.62133792748792 -1.37930635082226 2.81492605808321 3.03951775166452 5.46365446438034 5.162467031983 -1.56447726821986 7.19883325387286 -0.935997411075523 2.09101161864267 -1.34429293831504 0.185503114784172 -2.23364951718954 -2.89253471653442 -2.04183386930579 -1.76650884948935 -2.98839000843476 -6.38573343795688 -1.95146996376187 -1.81201147976454
"145" 3.11661658811766 0.795725664698288 -2.06319620736754 1.97723813731929 3.00356839587934 4.08081259825942 -0.180525431179125 -3.86083529522947 -6.97272224693507 0.463689565515558 1.11131191411803 -5.33261437544287 1.67477303577182 0.37463827394028 8.55916023408481 -3.80007835871038 0.622698108799539 1.16519603718113 1.78440208985107 0.0833202740789104 0.688510799013233 -1.08673843442417 4.33557889467152 -0.732830273189441 -3.7893373868592 -1.31432664048491 -0.0866864570102628 -0.491077731365631 4.26545524824017 1.78953227263657 4.8639746418096 -3.0763155200608 -0.703216488279135 -2.72655579648092 -3.18321818985854 7.36232024239015 -0.482179612556817 -2.8703356629 2.15394147746599 -4.66414972835148 5.8960532355309 -2.46839875511648 -0.0627613430702977 -5.45697787056921 -1.7368933945654 -3.05871302385557 -1.43158153873166 -1.65824037478024 -0.207969165971697 -2.52081348471917
"146" -3.24722827336954 0.170936882140735 3.08401731397211 5.81887726457574 -1.38596721481165 2.05822238293805 1.52114979415585 -1.30940963370732 -0.656514480146159 -1.75099195208799 -2.52373427727997 2.73880539969903 -4.07394604155076 2.71041176433194 1.79913940609245 4.92937360822026 5.11917046055952 -1.21021629005722 -0.576718845111907 5.44639129659552 1.59815925309711 -0.020508737932096 6.61934055269456 0.136205186301893 1.07760786899197 3.06718403072216 -1.71789934612402 3.11203415651052 3.35803857435208 -3.24653922114528 0.102123529399582 -0.510719817767225 -2.97147673193886 -5.03480802510554 0.71583073066216 -3.34143180386983 -1.05681710654627 -1.32081781880625 1.62085206955458 0.104385327498001 -1.75697931465376 2.60095579916265 0.892166403254468 0.853674397234625 -3.42229465404372 -1.0413674827464 8.0714199144366 -1.56130034680931 3.72925989272099 -2.83119492348467
"147" 2.35735347012349 -10.1232688120695 2.35337734780715 -1.87673381906728 0.458192727577312 -4.47003000798624 0.421038220744434 2.42136843696357 5.76255155922206 3.91109766508103 -5.6531679044773 3.784038807581 3.99994163119827 -0.906561101828825 -3.77385074536133 3.0967649823749 1.1440162138083 -3.62604063341549 -3.72827000039324 7.0142674806223 0.885323957843469 -4.92361359200052 -4.36697224144323 2.45368486415189 2.46419707669603 -4.72458455904622 -1.16298383695434 -6.6662921505959 -1.19799469401505 0.860603722249793 1.54333598401807 -1.26299440250325 -5.30474978934696 -2.04197247927434 -2.74132256309618 -1.07441328628088 -3.31751527726061 1.5963205183758 1.66287915692613 -0.307636605684618 -2.35500213391316 0.863217506041028 -4.70509127809312 -0.904164774094221 2.29430376527556 -2.43666359738066 0.882451013973711 2.07514245732018 -1.14002241369 -2.67415202751161
"148" -3.07847085993787 -4.74503389006981 -1.57559382373552 -1.5326050218389 -2.7477173975616 -1.06772750998708 -6.08403536896109 -0.30008088387345 6.16123066148379 -0.922214070480913 -0.0611540249710471 0.134612339938741 0.296027073085303 2.63909791611677 2.77636099437045 -1.23446027181837 0.420472257031017 -1.63561822970889 0.910277846708264 -3.04985547684855 -3.29270121697717 -3.22541202019625 2.21302887819097 -1.62097845119818 2.68920955126358 1.87070940820791 -0.951601917558365 3.41409515278165 0.212184537930723 -1.72012763511179 -2.20233039201218 2.09041497529809 -0.459031773807943 3.24127810935913 1.79777096608122 -2.34994846409384 -4.96407439663461 1.55446373395852 -4.17872183303565 -0.826897945153571 -1.0722353030853 -0.759540960263843 -3.23317480558561 -1.37028327281876 0.127304199580197 3.54889337364647 2.63913992393178 -3.07199532888471 0.98032679515392 -3.85575074622564
"149" -3.26981465083181 1.57815968291336 -0.651031359854184 -0.793285964526336 -6.55942673369721 0.200868053631806 -3.03471491502659 1.99033662361781 5.9727500789388 1.01611010438312 -1.45641798705828 -2.48794265197926 -4.16456928819912 2.38228994031232 -1.73694653495003 -2.47000670400053 -1.16082003310459 0.179863808186177 1.61917399190029 0.405977946641196 -0.398038130121573 -4.28386018546674 -2.25869580154186 0.720277384088828 -1.27701554929763 1.20602645486527 -3.26595963545864 1.28638520081296 -1.04066556150542 -2.47730590744862 -2.41323605864372 5.3872029021998 -0.0880466682646848 0.168392286578904 -0.147610941512609 3.06182621960352 3.08949506137559 -3.28733271851463 -5.58163234880885 -1.82633920218998 -1.62779981457428 -1.74983635140912 -1.42566594096459 -1.62627221731805 -2.25521894848825 -4.93992036185664 3.99540560635747 4.79600350015311 -1.68327728181191 -2.59842205084341
"150" 2.73654709280053 2.2371572132729 2.16595275541177 1.09838917532243 7.1357852370813 4.72151430203415 4.78381795733297 1.70921886924904 1.94605728923681 2.64995993690289 3.46713095248908 1.50633751440423 -2.31732020651575 5.51705250750152 1.90431542292154 6.83235406723745 -2.36553920641886 -7.76009555598911 -6.98638515417082 1.05026989170049 1.74694321058562 -8.24277088230716 -6.04420643204307 -0.262558966218118 -4.22894602513646 0.859564272850002 -2.77917633140326 2.94605565398574 1.23387397467499 -0.0679253286603475 1.89118974212121 2.56232172163656 4.25526439198028 0.687274394188159 3.23454385954679 3.93651375587431 -1.56819463419494 -2.60832842202941 0.848113333586566 2.09503335893229 0.210108098430583 -4.85266263165457 -1.71282197156081 0.710079688682475 -1.78675963680079 -2.50256446480905 -0.844431887929588 2.63716447969018 4.83611585497282 -2.78401979783755
"151" -3.25906531398894 7.51032179478533 -3.11311060863793 -2.39125593543535 -3.05708485894983 -2.67577050480899 0.601947876237907 -2.61892008261764 3.76087827277801 1.70145412607486 0.600813990524268 0.678609653693131 0.238684745724334 2.13828752629169 -0.778236613954205 -4.28149435070394 -2.00238097359071 0.738422099840083 2.36051952896809 -0.804990182365674 -2.98705848987408 -3.15742923007927 2.3930798820238 -2.37425324143621 2.89758763555398 3.28102640899362 4.0104334950622 -0.609035855042321 -1.65420982964228 -2.00350123012014 -1.87258673470971 2.48895212033081 -0.347167142725805 -1.08936910132757 5.25979139919373 -0.372135091981899 -0.463751875844199 -1.85560522639852 2.12034570056378 2.34866817936939 -1.34629163622813 0.460342242827509 2.86271657385711 0.128675911366226 -1.44100597277554 -0.344661344217362 2.70340619564342 -3.20719008819122 0.817314493249612 0.170103965249053
"152" 4.46266808997013 -0.781528171436728 -3.6315089121234 -4.15077781023885 -2.77320048795312 4.49339837388704 -0.4752253464424 -1.10316897275673 -4.4406614170784 0.0700236543331103 1.76108917524287 -5.57674302902532 0.765511985477622 -1.0880625529218 3.05325146385305 -2.03762169238274 1.70330900678247 1.03018357223111 3.62862701928767 -4.85213080023557 -2.26034520141639 3.54385295231002 4.2407381379033 1.21415196843543 -1.81096692351237 -2.50575999573127 -4.48540140717973 -0.612238974149816 2.59439029858051 0.855214113858668 6.42675372894463 -0.603090961282377 -0.667560652625696 -2.94339686007816 -3.6630576080812 0.195889416416846 1.5794705494305 -5.78558891775407 6.41051606589684 2.18260471365899 3.44845924173231 -2.50454875734432 -2.5263433233892 -4.13249103892815 -0.474769802450232 7.83694314109916 5.72575256479091 -6.08647944078027 -2.41138356367565 -2.49389734534757
"153" 2.39572962377511 -2.61603619560027 0.893637426195673 3.11489866976965 3.33579041236352 -3.26328814452041 0.260798553478835 -3.32275849610166 2.16393075119055 3.11467333659441 -2.76140597905483 -1.87615351716213 0.441448269547027 -0.271386038254531 -5.46882766715744 3.07284963401981 3.10387342615586 -0.348521846568453 2.79192615713963 -5.38882357862228 -1.76754502767323 2.1963517856314 -4.89155915458464 -2.14165493793694 -2.80630667512784 0.392628443242053 4.67703104216523 -2.63359841507763 -0.0806270580427528 -4.73972425199995 1.41762136725589 2.99585502790007 -3.70688405136516 5.1018942047598 -1.8130592351659 2.24721854786138 4.56224188596861 -2.372555921336 -6.3326451737735 1.37205778227389 -0.192560021576981 3.56524983857477 -1.03076489213113 -6.47224265592761 3.26229856994675 1.73881611500621 -2.87498646630241 3.46779347532615 -0.37095188551875 1.02736491010919
"154" 7.72377681042835 0.140637169998765 -2.78237782488798 -3.75326034292149 -2.17352766651648 -2.57119397450481 5.44020424763288 3.32773964380343 -4.1249417117273 -6.04920862925828 -1.61599621812196 -2.53059558923219 2.43324457611085 -1.72661296479921 -0.910312129241487 0.80517193060034 2.85535895059952 -4.47492266978609 2.71073556402925 -1.41328001072038 0.384997570293671 -4.80760327512933 -2.04253114843922 4.28545864333315 2.94263234889577 0.269379421134187 -4.0720086615567 -1.20824001469277 0.837784561995637 -1.58058718618867 -2.09932584139692 -0.87681852792677 0.703319546802564 2.00665851888629 -1.75123270272218 4.70733444187341 -0.264807049320355 2.28246917942669 3.73420989178116 -2.87909989373266 2.61659027030744 -4.52210153525938 0.297024823155113 1.99592081541146 3.50648487000121 0.270774138020777 -3.22620933182029 0.861349407393786 -4.19619789752512 2.02629249409722
"155" -2.93200809567436 -1.91452307029526 -1.5205491652248 1.30465118415106 0.892360437218528 -0.423771140018274 -3.007680793072 -2.50970519029454 3.10209284643098 1.11510420715835 0.212610484630346 -0.252908461007008 -0.0102422380032844 -1.19022952254142 2.27855837243953 -2.34649948600933 -0.376187955479195 3.06143114164821 -3.81594587401547 2.47836610408684 2.08610694015824 -1.52534114196255 1.51236453638656 -4.10553423021519 1.61386432923312 -2.16970343180281 -1.90067203420118 -0.0865619520590917 2.42158241923387 3.19306254886356 1.47830639492853 1.54172753743394 -0.564874685065491 -2.34924122725745 -1.74244097151167 -0.546405876286952 0.687078689380657 -2.32848746795983 0.139857936651866 -0.432447914081642 5.0142331098891 -0.477853946614457 4.67825926931716 1.46762069066801 -0.943186985488001 -2.79408315970444 -3.97569039876494 2.80286644636627 -1.73444178739281 -0.611943604669143
"156" -2.79705496830282 -4.40235057821196 0.390183162177538 -1.36235731869234 -1.94853008941261 0.112872227955839 -3.93989788930335 -2.72796574925434 -4.82217633192702 1.20643964792914 0.0861079135291263 4.08995932407708 4.15291761940964 -3.08686068905616 2.83703303433471 -3.73287754759194 -1.97635427469065 -3.75122180529779 5.04595682864757 1.59555425220649 -2.02528673113145 2.93171190575433 3.92354244223452 2.95659482552614 -2.06361752957236 2.10496675729284 0.565142026758895 0.85645980278787 4.27616067505247 2.77094567494997 2.01123335010588 2.08047819131611 1.16400336719234 -6.85605328503434 1.54965828840436 3.25526325664515 2.0958342151495 0.0932441512129135 3.16321158045533 1.96537544912096 0.615278062382556 3.60274524736926 2.00550266685518 -2.26683889060852 -0.364293337646348 -2.04401004438143 3.12637441794991 7.29796956319427 3.75515062822716 5.00448724697519
"157" -0.546807753736228 -1.00805456966264 7.8603257608413 2.47125282153441 -7.74312043049612 -2.65518569257825 -3.20675270988126 -2.4909578256427 -5.98609999401259 -1.10847673794815 -0.479108310002437 3.3695517327396 0.411127595256668 0.646855501951253 -3.05935441543493 0.0765351339571646 0.528577519130246 1.05893130681494 1.84083267995329 -0.0699292598804872 4.26892606728917 0.389641860231839 4.50107044118342 2.94054978597247 0.351405454226163 -0.328973069675759 -3.40895523632279 1.42580159317786 -8.75098971994873 1.00697437228122 -2.49116667866964 4.0537553727176 1.08222140104507 -2.64122785793537 4.47530095841717 0.313406570292999 3.59394961458803 -0.294530700873815 5.47113557560853 1.59744673331289 4.05463551257437 2.35186506588168 -3.81045895168314 -1.04312059745333 -0.92607670741894 -0.77720032874267 -2.98841506404614 1.85933565642472 -1.76950547379237 0.555638500689368
"158" -0.0282777838115291 4.43192175749572 -0.529706240371694 -1.45784330742609 5.74792906040724 -3.11691785469594 2.8362408281012 -1.94161377236357 -0.945469452134285 -1.73542729039979 -1.18562458721294 -0.663656849008849 -2.78141417311422 -1.5387194649925 -1.85310928612721 -2.7899776032526 -2.2175646102314 1.75463822846698 3.74250148053974 -5.01305011475622 -6.93669453793771 3.78917222707144 -0.555536609013894 1.85298163430429 0.914193253531007 2.46875908823599 -0.854480068688138 -1.87095421013669 -1.66458989965845 -1.77065998627327 2.16980103465706 2.39944683537515 2.98227393008381 4.17484474747669 -3.08203481050062 0.501823831671229 2.60873210389379 -2.49338992076492 -0.66648190514742 0.567770928894424 -1.67443731012919 -0.403434979005246 3.54904487939485 -0.352056019143429 -1.16507502206723 0.448939412059993 0.0140860691915428 4.37759687988236 2.99830222333262 4.35976792146838
"159" -6.17004384096934 -1.11157999390321 2.62777324081017 -0.0610635935674194 1.46081044529887 1.33746060733582 -0.956598833537731 0.191143153057271 -0.00827434119202024 1.11653282556225 2.12798729676258 5.0805236749853 -0.440949695851912 -2.86514552052827 2.8295295530424 -0.883780694855593 -1.93829243178357 -0.104786398323344 3.82268315437872 -4.70697185359659 -0.480244909778436 0.0164423531777308 3.34136377354639 4.57061544059785 -3.76463299236404 0.128677343348939 -2.62247234398972 0.0116368662655586 1.6720195722279 -0.842918308377207 0.999379886607614 3.42198918076769 -3.60103428467573 -5.1717212227683 2.59432975718018 -1.69185547642686 2.64574045089606 -0.0323697947413752 1.03835440197231 2.02671841885657 0.680400663707447 -0.506526033493154 -4.12452756520841 -1.88872797376358 -2.72169976478497 -3.70197131552619 5.8801629819938 -2.36553609416782 3.16956016392173 7.12916645159238
"160" -0.729671968628624 2.35794968546497 -0.123263322357404 4.01919901394642 -1.36511105444454 0.553011915235515 3.10489976915649 -0.0462850760256511 2.02645521843373 1.38985824788256 3.27059345277195 -0.649573219300114 -5.10547113026808 -3.63881871142823 0.944801546912749 -2.75493892848962 2.96814368652982 -0.557680040333618 2.39045046638944 -0.831875402635739 -4.6350636466961 2.2071772462974 1.6760418168477 -2.28379450452139 1.35549751114035 1.24596870684948 -1.55952749943623 0.469676437852835 2.0910742295838 1.8546482006499 -1.00600205528562 2.68536229379027 -1.31850329199806 -0.112826233373868 1.43486920731181 -1.60290145581894 -1.62142409368123 2.23614650829947 1.27248217638982 2.13741816902798 2.47961856378993 -2.73570329555619 -2.02935869013305 5.23592683436744 -0.677896224585806 -0.469724481665192 -0.425359560009014 -3.97247337753497 2.36276781429648 -1.65307994781005
"161" 5.88747151883515 -4.6110168129056 -4.98540989419695 4.59586175058426 4.51929525017482 0.734285674152954 -0.213128977114606 2.19437921940282 2.99721545068006 3.92811174295559 2.44649344037241 2.12345714113095 -4.19012631933956 -3.00833407690209 0.533089224345858 4.86446774643934 -0.634634723120568 -0.975755574213969 3.29036807081948 4.44483252116792 0.152568761351292 1.02258752122897 -2.55529092319625 -0.985691440049837 -3.93434550322014 0.902481527020171 -2.10830750934688 1.42137219604977 -1.21597820475533 -2.32102385354917 -0.306870470274178 1.19357460211743 1.34119273888819 3.28410897692444 3.45032470511839 6.78453527371412 1.25903875513948 -1.27915374250891 -3.49593816802577 0.283122910340544 -0.675095365602165 -3.96405235650354 -6.58069775865292 -5.40956757987625 -0.929445261815687 -4.76161329170692 -4.52343033443217 -5.65596425121418 1.31980404017935 4.65435608628653
"162" 3.5874296610674 -5.19364287648187 -1.06064824441269 -2.88156875660073 3.53510407681028 0.822159736045654 1.75710191708966 0.124447919196647 -1.23752313196549 1.08036972396976 -2.13837475745692 5.87164446165341 3.21529016279168 3.59360574282678 1.91988669382898 -1.05428086772987 2.21885662906414 0.748729429877862 2.00285123572994 3.80721543567241 0.013248404431849 -1.10525723434125 3.64156882441072 3.37742274178961 -3.54226519346537 -0.0227218251197357 -2.92506226027102 3.23281430402609 5.80845512385592 3.27987915620924 2.60756507872853 2.17632761111342 2.65793007162166 0.479839214995763 -0.336704983033845 -0.575303036482099 -2.09423800849223 0.404797889892347 1.78966831952786 0.184286442548245 2.57256993230155 -2.3666671887163 -2.68768939124114 7.60658190293626 -3.37509955354866 0.0450394586542213 -2.3208499971752 2.64834894129708 -4.36247973009922 1.71124465607262
"163" -4.34624632854634 4.23027498454987 4.48488722172502 0.612523896985621 -5.06986442480932 -1.73601830113162 -2.13638923099311 2.06588832387882 1.88307791454381 -3.53468158301771 2.03917281389102 -3.31590977624365 -3.14614429896289 0.165411609919621 -1.50900600807759 -3.50138332113654 5.29565919150051 -0.61440686946438 -0.30884914858042 -2.96569454650217 -0.815306909222195 -1.05782900385123 2.20889595206343 0.112885130242175 -0.19282334086957 2.20593569002407 4.0934888696889 2.41295652657985 0.658389372806758 1.4856471844984 0.633124335863653 2.5346206582903 -4.65612237400788 4.55574207459103 0.248120851504597 -1.69351873686891 2.57172062041063 0.628157941890688 2.99371119404549 0.990433407469583 -1.22072243159767 3.36328976270985 0.540370794042334 2.88504093429622 4.27805464635802 0.41698458994345 3.46689775624944 7.00278519134929 0.745587928073987 0.379063852808115
"164" -2.85893657999285 -2.03318471108507 0.165083916269467 -3.02362211365849 -1.98364491270125 0.024294997354001 -3.7301837414101 1.57354467205482 2.09671567098434 0.729271575128496 -1.95361646032687 1.71812894206199 -3.68530624214692 -1.2948830579297 3.67687848430088 2.97538269314197 -5.03847070531994 -1.78241699322401 0.205955850660904 1.05299600796379 6.03506765175053 2.18283308932673 -5.6089743902418 -1.92477265800763 -2.15964681655661 0.68829948522637 -0.573079453327085 -3.46806327723999 -3.19733859654916 -1.63237098079867 -0.5914254487873 1.69560192337563 2.1858397089811 -2.35366947113428 2.69664705069004 0.959731973249033 0.5543225512388 -2.14037859981366 0.448724133078008 0.508511009628113 0.411931551864931 0.285804266879445 1.64542142964075 -3.97924890305465 -0.606918490394191 1.56245873858651 4.15981696791154 -6.74251132645031 -0.114232964506708 -0.311207957966654
"165" -1.47300402581798 1.93170150785722 2.2012169320483 1.90619860715172 4.17337647597775 0.293140522890541 2.68971847673919 1.97225966758567 1.5928360570669 1.78753452960676 -0.220150880151389 -3.25720847974985 4.90714951697383 1.15948968912199 -0.260681398104699 4.94460330505758 2.53262115890507 -4.0306698188753 -0.323943465307479 3.41233649481409 1.81875585358993 -3.73776160079061 2.77547561896426 -2.98400167176167 -0.222343674937644 -0.0926274636140514 -1.48571342366545 -1.90907567617723 -0.582098803535086 4.10693587707535 -5.19923756905777 -2.4549405595279 -0.947257684015087 -3.47725492560592 1.51412049289483 -0.94133510367549 -1.04938089922577 4.67056707815917 -0.66530468328217 -2.48767645916991 2.96806162536107 -1.00108559760549 3.47468958325045 -0.576435311570137 -3.05745400580209 -0.327593080114155 -1.23183513319725 -4.85917590408425 3.23683320029064 1.3512683924917
"166" -2.56601140207599 -4.53428711832718 2.78225611038914 0.448115736495777 -2.48547612136784 -3.75812680229626 -2.1798569227634 -3.91029655492824 1.27378013976459 1.21691013669917 -3.4612689208553 4.04641867249501 3.77872839287413 3.2327840190497 1.59336002305103 2.69606306887081 -0.568884295642157 -0.901846396714621 0.864519201847184 3.5876947242247 0.887277294663294 -0.277808922813696 -5.82712570977546 -1.77616407130544 -1.80178555390634 -2.90895512283363 -5.23486643485782 0.917116501857891 4.539655482569 4.4849979685703 0.531873791387861 1.5117676755872 5.41940739761528 -0.113801195483876 -1.6035184759922 6.3471995547617 0.17951444049077 0.864066101365062 2.02526377263256 -1.90242357508566 3.00923282551145 -2.01674285396812 3.43753197791958 -1.29411394257379 -4.54872944536307 1.76747127216667 -2.20645915818835 -1.12884984026066 1.21142495357167 4.36426491204444
"167" 5.64719400049158 3.27899001487465 -4.50794016863851 -0.627614085632873 -0.121283545477565 0.526302110474282 2.05603481214918 1.00176566980656 -1.9939920390903 -0.612468878271686 2.86513342414131 -3.95929762087407 -0.693761430028257 -2.55994665821713 -0.503137903853389 -0.813932395189167 0.238847125402197 2.83559783373804 4.86680019635756 -1.75812643712391 -2.47130595328516 6.170435173766 3.11474169003696 -0.109658172177347 -3.36268837349148 -1.42927265701182 -0.448063635890198 2.86751337546297 0.306472413695259 -3.15523086954218 0.329910952531247 1.11005871872446 -2.91464347309478 2.42063700403326 0.765585158134534 -0.872342616104274 3.17047834898302 -3.03351934335834 -0.880952746263404 -0.51105382424231 -4.39113502618488 6.08951726632811 -0.146879697643906 -2.60976700496363 1.67200375510577 2.50668835109927 4.94788867692587 3.89715975457318 1.41779125995384 -0.718532120031255
"168" -0.111426890004087 3.70844766680503 4.01876944808079 0.806460833413848 -0.691682207999662 -0.953157523124968 -4.47208639593604 -4.3104413678801 -3.3040728669273 -5.82209516545692 -3.20077245018043 -1.10130340264452 0.549101045503306 -2.00249532661306 -5.9679693453913 1.58900240803163 2.11062151300305 -4.60336857854986 3.64328829208511 0.652653512365762 -5.08606424078711 -2.72924915030253 -1.60424992774475 2.53620710615792 0.367529278819929 2.12138654807382 -7.01645188055614 1.66851789702761 1.98967299875472 -1.01844856603787 -2.71811146003635 3.71631485612801 -1.187236256591 4.81064426296631 -3.16087645785452 -0.315349737613553 -2.89916977464857 1.30110377814276 -1.74610504563736 -8.14581631693399 2.54353080939946 0.402896709098443 -0.214189903782113 5.64167296718261 3.97751916148178 1.56841682831102 -0.608461495674972 -6.29893031856228 -3.97889096124949 4.209659533616
"169" -5.77046098893614 2.60967614809054 5.00395964131362 -0.311308099935606 -2.7101389158029 -2.61293199640839 -1.30346974451535 -0.116927203205305 4.47574349438266 -1.75037735819274 0.76920685194231 4.16140277141187 -1.95395757394424 3.82078216779907 -2.2165903646794 0.50059448261598 -1.82528536367182 -4.1560723843037 3.53106378322849 0.915706519650519 0.988259240902486 -2.96268102036566 -1.95280082852002 -2.77960719801568 -0.929406008234526 7.34809031751689 3.13055532842637 -1.39380821239789 -1.72154388771125 -1.62067721517851 -1.14722828578904 3.51661529539988 -5.33640039457372 -2.01378761694438 0.859588493555177 2.34590833903203 -0.656101295955398 -4.590906841392 5.42399068879651 0.402183389597301 1.79005914721489 1.56284682476777 3.51055002233491 0.778185499631385 3.08984063925066 5.39167878226282 0.817393536703404 6.56978736656921 0.8979126816617 -5.17129073393381
"170" 0.568682432823195 -0.814315570191603 1.57503718121555 4.77107276010418 -0.212058617397197 3.33929414848346 -2.58618992911754 -4.96205250201049 0.700412869431382 -4.89459120234138 3.25372940485681 0.79165027807487 0.758911216263568 -0.939754239013157 -1.27709752539718 1.54598094720031 0.0375060282508475 -4.63583637094501 -1.78680008317992 -5.45995957208932 -0.892336972639526 0.685886170068328 0.242138345646448 3.27145266460742 -0.898172220653791 0.450884842697388 2.14015842718112 0.445512642441232 3.20138140113632 -2.28806181836656 1.69794645577243 1.25810046926873 2.18500708222349 2.09629598886896 -2.53608894551896 5.65366701098063 3.32484129354667 -3.95490391078911 -2.74690275430769 0.250428772206791 -1.81704873667589 -2.34547733786037 1.0054048156346 -3.45662540355949 3.39009165219657 0.825143624920752 4.45893488857168 3.1765335861006 -0.120737276265719 0.781740295020652
"171" 3.17748059364691 5.19748292256156 4.8541409100214 -4.77938474020313 1.84999141864098 5.25588046998945 -0.886824397545465 -4.18141330695667 -4.28873808002659 -2.5807978314758 -3.34280640494528 3.23351318745917 -4.89131677713794 1.53114064761132 -1.20038642884735 -1.76090357268193 -2.80009000067721 -0.126715915839785 0.951836508027161 -1.15472969193852 0.226838456236731 1.90404148736147 -2.0337361516377 -1.88325999962929 3.1894866246071 -3.23380487234788 -1.31060042507121 4.00504693170806 -0.240264952332892 5.24852429371953 0.613464500988376 -0.555416591509037 2.02948004856686 -0.475630630401916 2.12119281853505 -1.36596529894828 -2.05456676324839 2.05564389689361 1.4740868257614 0.296996841343151 -2.63147800443687 4.68548779850182 -1.45054303907928 -3.26379512744713 3.08246783048897 -0.32124402987346 4.96997595922386 -1.67877839402899 3.4400571063903 4.41592048433139
"172" 0.887416328671943 -0.393635880959388 2.33151147682174 1.14673621113332 5.71340591775228 -1.34415295635498 1.46681874708725 -0.816089505558512 -4.38535454907799 -1.75720786779816 -3.08991144048577 1.85583481658198 -1.18650745477233 -1.35003798005602 1.25414527583322 0.12135801727453 0.376605365013939 5.53065387054827 3.75343964453529 -2.41662134896038 -2.14438985449299 0.87044233006955 0.195675792675831 -2.59464532436902 2.93941067060714 -2.15452881066876 2.16283743223797 -5.87025511231916 0.890147484127576 4.56283334429172 -6.77772135850959 0.755067389012595 1.99414436858925 -1.10847645410349 3.83890106632219 3.26942797447485 -2.32677391115729 5.10867256029811 -2.68974070232655 1.10386771463941 1.97619004742917 -2.53941878171398 -0.410306578274512 -0.438734268020862 -1.15093638479511 -0.363547939171341 -5.15044912536489 -5.83431881414035 -4.17836770750906 -2.98081429679885
"173" -1.03922141148964 0.418711499731746 5.67198841657356 0.477028142797527 -1.8067305311623 -3.81115561271768 -0.398502190457561 5.95892342789988 -3.48331131864314 -1.93326530441844 -1.02698381425099 -0.402267590164855 1.03535118498558 -1.58865984996882 -0.312968525681964 0.413453374888546 4.08945474991508 0.77051532964695 2.6341920601009 1.73961340423818 -0.0393413926150492 0.170983177821426 6.17785094384435 -0.398144128862638 -1.48691120924423 -0.395814454143904 6.34169084046935 -0.867525176709626 -1.45888135795898 0.630782333080406 -0.57684460340587 2.01251866294587 -4.00064675439958 -0.778070418192116 -1.33675337846772 0.230110438255618 4.676822061378 -3.28191242913842 0.0540129165160997 -1.37907734791442 4.49231889650494 0.5837817278306 3.28376442514094 0.960797545674395 7.00812098940304 3.07471618241601 3.03553703554017 0.212898634480803 -0.972861448557932 0.802519673230588
"174" -0.747287012181497 2.39841340285338 -0.566182486693885 -0.52062236271273 -4.75057056989177 -3.92995766939136 2.97508085024341 -4.84714709908225 -0.176561839599692 -2.92289117295776 0.500231847895604 -3.00503369308052 -0.207559887636444 0.70996472739014 -2.66079272512746 2.22765203092426 0.0753598394570605 -0.669625002406711 0.607952798479489 -0.793007655543116 -0.639318828945149 2.78288487294445 -4.03594799577114 2.4280829542934 -3.4938883442554 0.654764087671526 -5.19921979985564 0.900223280875506 -1.89617223605493 3.51625692584826 0.406831985557744 4.50135738862074 -2.46619018335068 -1.61455523543077 0.902829699264536 -2.11492827334124 -3.28091776028099 3.24895854901052 2.64448998387352 0.789155689797376 -1.08098533787996 -5.05267679383085 -0.677288134813245 5.26250453916114 -4.38098989252546 -1.7284995703685 -4.45931402510769 -2.97111092497272 -0.491904097779178 3.97976322606165
"175" 2.79558764506935 0.506284304428366 -0.123919740265541 -3.00922960692226 0.131396969875195 -1.10493872557186 6.77525459104029 0.794331920479895 -7.01789137166002 -5.48404513892903 -0.561486840435505 1.68322972199073 0.885290633648611 -2.06701646663029 0.320918185668386 1.56740831968016 2.13495654469159 -2.75895793134858 2.14670132174893 -4.01433569341255 -1.11615189901574 4.83609388774486 3.91434388010933 0.596087730692744 0.425101181581239 4.55716900228677 -1.83653268646531 -1.19302476058927 3.29202253707399 0.546115178725976 3.00318064023118 -0.193897080582705 5.49165163007288 0.132881553766018 -1.68622798471346 -1.05146910776724 1.21418684399659 1.64557086021457 1.18955603159235 -1.74702573944357 4.91632372078572 -0.308719141945256 0.450832515805888 -2.40489981501442 3.68010207728299 -0.147201582899628 -2.64835982988673 2.51647235872545 -3.36058801005521 -1.30573978643211
"176" -2.31081290220411 0.407429899854008 4.75958955322692 -3.3337199539422 -6.15961030806771 -6.71270751893627 8.72484974106933 2.2508204885149 0.762679581506847 0.951029474933767 1.69739132766374 0.639034799711772 -3.52095484416195 -3.43521514060372 1.16475792221689 4.43110247229304 1.92151935552367 -2.17313349374779 8.90875737212115 -2.19224081082931 -0.973579651936068 -0.236154936998997 -5.38330276778069 2.02947059333732 1.28552401884934 -0.973434203518952 -2.25861214500045 -9.20000542711841 0.175968355617704 -3.66400267340033 0.567114177728913 -2.8308378594125 1.52738081363334 2.74768014280226 -3.23111856224691 1.9367127438946 -4.5738097181065 -0.65071466651796 2.0844303261305 -3.17908059562637 -1.61949215818064 -4.20078493361872 2.16961409390179 0.288367920747114 0.890529944011736 4.06873441754504 -1.28579565440291 -2.60814795268095 -3.91740181494291 -1.53006015285422
"177" -0.251237249361272 -2.71580828598196 2.264715961521 4.12592177493441 -1.40713242906111 -5.89920147150841 -6.21205186998384 -0.459397132272275 -1.21884476860036 0.791074429868896 -1.56815072744756 3.13299174271748 0.0963558778708086 -5.92570275803554 -5.31769599856483 -2.53719234956211 -5.75849212521364 4.47606029134055 -2.47335974539123 -4.35868704183848 3.19959917931044 4.36083818133078 -1.1712953487296 1.09493842227916 8.87011134637635 -3.88894442948367 4.70953850366768 -2.32196388229978 -3.65015034567679 -3.69692252865203 -1.32518724758945 1.06223251767015 -0.26370293856247 1.93875488574167 -0.806920346437537 -0.117330521086845 3.14095479509333 -2.22273153167132 -2.54913768518293 3.73114639763104 -1.76472106348363 0.646515428514482 -0.303728968043309 0.922091415954843 -3.2426289657112 4.33167540658093 -2.01576821238234 5.82781828803188 -2.78907303464772 -1.05783985635651
"178" 0.026105519424499 2.707711604193 -4.25555032030487 0.8055921126544 -2.79196775559528 -5.69217182988662 4.21388629684938 0.0931836689022173 -0.205475182576844 -2.57541105913923 0.131192720352824 4.10480674630362 0.0938289029913975 2.39656289637184 4.59615700368491 -2.190714557955 6.04021863823338 4.77660405377849 3.00087585490658 1.14331611338088 4.61733082905198 -2.38045932572509 -0.748046177173095 6.31570633096764 -3.80334088386343 -3.72355010911474 1.57972318859648 -1.83165801743233 -1.18528700522054 -1.73080079536416 -3.31856770497284 -3.27109007388193 -0.434796488698217 -3.07654770613715 5.89275373600538 1.1823757264981 -7.43339525886765 -1.37294984086575 -1.08750050150847 -1.71499570103836 -3.53552110960118 -0.0146650812152335 5.49740711510774 2.15587788243266 0.767052217868968 2.44009884808842 2.12405982645784 -2.5088420521734 3.84545968309122 2.33104349339794
"179" -2.22558604962007 -0.409219947002674 -0.0557052522339422 3.13622950889441 2.63278830274617 -0.453121517912538 -1.98831307009192 -3.95129756441698 -4.26088284286373 -2.55298593466459 0.342322959762825 1.80752107252474 -0.752954004017385 0.306370610576002 2.60973558091732 -2.19703723310431 -2.19530165477153 1.91207399840485 2.9906292651763 -3.19185545179051 0.843659765813591 -0.133580782508459 4.81230606982257 4.44944401382089 -0.928533022567084 0.137044146927579 -4.25099664471451 5.6074077681047 0.169161071997729 -3.32380601327878 -0.873032263399218 0.359825173793181 3.01543586407845 -4.01953332539165 6.97024203219642 0.335504272661155 -1.32770892450176 -3.55710376234222 3.51642576234239 -2.14872893072058 1.51228588767618 2.5258581112978 2.87673403579825 -0.665437375579488 -0.847337451007364 -2.60527693026996 -0.807334290075848 0.889651840091808 3.76405739190962 -2.33566669706135
"180" 0.021857383478216 3.5041678097244 1.12676030787746 3.60456237978905 1.52741904488643 7.60365144603739 3.45347956657245 -0.818193814444598 4.45982523322322 3.34565934818106 5.21783721279142 -1.98196712493459 2.87849329575663 3.05463258226483 0.525883355749873 1.66251079991743 -0.471197957932455 -1.83907076424097 -2.15326542923958 5.71550021290645 2.07163835667243 0.834099733311492 1.91042988704708 1.30774501903804 -0.185367918181884 -4.64687977402391 3.35381130243868 -0.666445121975501 -2.13994128685576 1.5464751509516 1.52890011636346 -0.545550644580981 -0.0313171144543468 -2.19002396206412 1.12631792313065 0.358403372596892 1.92472716643212 -4.08132368997584 0.115553482048196 2.88909712405592 4.36969970760513 -1.18612233015076 -2.32752583133416 -2.99314939358182 -1.93604248945284 1.09184468038309 -1.81590696244479 0.0242320573825987 0.716694855583721 0.501636347783328
"181" -2.98110958340904 4.6146897591333 4.78059417801602 -1.74307264819427 -4.78438086770762 -0.0242359061228931 -4.38012029717755 -0.528224559070039 -1.54830528142269 -0.530062318269931 -0.384401707042964 3.68759592131771 -0.68061168219343 -1.08229463398717 -5.03385402716427 -9.23763328495215 -4.32252053779122 2.0801522705506 -0.130893043601984 -2.1823266112635 2.6227514504129 -3.92046513419927 -2.90940559513988 1.53341452795653 1.53565157345301 -3.20394507128246 -0.449585608617891 -6.61120551045269 -4.50322460417662 4.30399385876411 5.20670558671958 0.0587325406415472 -2.35440050949631 4.08922770785669 2.6391706087087 0.839136370199838 -2.34503380747298 -2.74721536156521 1.02166090101721 -0.00512126891986764 -0.0989254860383541 2.66513237200329 0.330036624216617 3.18732220199559 -2.4935847717328 1.24537863343145 -1.36064270599528 -2.68284998235226 -5.31770112646379 -3.4843265657306
"182" -1.6620667248426 2.37868198150685 3.30353661566534 3.67372198108188 -2.94089749024975 0.871784131696985 1.31996921269503 0.459871674185928 4.80237937372574 5.67835584791596 1.86205305055145 -1.85431890694403 3.13039841646366 4.77228521059355 -1.49204787327082 0.202422074565941 2.00064105619387 -3.78386745331395 0.512014074013404 3.82954198545738 0.363880637116647 -2.52837537170882 -3.7594803494418 -2.99723313118308 2.74682813114977 -0.103014274173865 4.34972837326191 2.02379708032153 -1.12089765274656 -5.07837248216215 2.03093401969689 2.45667940273476 1.69467565383827 -1.21365765195266 -1.28521988246633 -2.97023575909979 1.62142842651533 -1.47712503524915 -0.567121780509424 0.484664489195112 -2.49007795935044 -0.606175428562097 4.22065536797531 0.223180212044326 0.639929548810526 -1.63422056956363 -0.458028888098307 2.20881053298095 1.08376149647738 4.35042791779309
"183" 1.43832997300587 1.258166889574 -0.947640176584884 -3.1400448988951 2.89321269386684 -0.765805202338682 5.89055926454372 3.33306303627996 -0.122103555274385 1.83978014713419 -1.92919378320612 3.06568933814692 0.299707876759803 -2.53504567945967 -0.368300039790867 -0.92757415419745 -2.22222464648386 -7.46331681502244 -2.85996634893643 3.48467638551999 -1.00651288173514 0.405487986173134 2.28642649596948 1.49697283895914 0.442312785626398 0.612332981316215 -2.34787509655204 2.2697396049909 -2.42803656250458 2.66541118228384 4.50336924385996 -2.53470328128792 -1.97155529601432 -0.141741305681456 -3.8147462112879 -1.15302217242473 -1.23995904494775 -1.19104003038182 -0.328444217054445 -1.40344632847166 -0.610530195793063 0.662021229800078 -2.61129041876609 0.46191535251611 -2.02533708679107 -0.333532220035002 3.00213300939712 -3.8508419026821 -4.79988399755698 -2.17225634260498
"184" 0.594079133841724 -1.13576019152307 -1.06780308640698 -3.28011618156819 0.166720540367673 -1.89675929657717 -4.0442998642905 1.54401889122319 -2.11442397668475 -2.17659442263515 -0.0921666483681347 3.75216379722744 2.03981983211013 0.313081073033753 1.15579324129152 -1.94292628772065 -0.339267458590021 -0.0190856335315647 3.9948853629876 -0.46833736341769 -1.23174257456586 -2.62386421051527 -2.00134987827602 6.97903709581773 -3.06076296842288 2.48828230458769 4.57542299977666 0.489743718218331 0.489777372015256 0.993060218307912 0.0248029361879811 4.35837500698914 5.74786110113952 -3.83718588227768 5.037063042956 -0.584609247060493 -1.0078979659149 -3.28473370692953 -1.07598368357024 3.0010325926031 -0.279293360473144 -3.4808424076941 1.17283119736942 2.6088764257203 5.03505875510345 1.81882133174767 0.239678273755161 4.05211402633706 3.64335540056228 -1.16333311417252
"185" 6.48853055020627 -1.45321944053616 -2.58302758928046 2.35609707228032 3.67889276270933 -3.67999604145322 -0.161526351020664 1.28853803020664 -0.493950096765171 1.85381516566954 1.81394164541821 0.980645566078145 -4.4158656678105 -7.62359619741034 -1.99508060434484 -0.114073671424217 -3.25582542056154 1.79380227695272 0.213293335073369 -1.0201112031103 -0.0274684456396049 0.819297057984708 2.53746733932103 0.655125944643244 0.911620674338493 3.35330400764082 0.135082527172618 -0.235166791734561 -1.32451469298374 1.15198954594741 0.870382762668573 -2.63298294415996 -2.53430335724589 -4.07838257929326 -1.51751867994031 -2.4575150818182 1.00153852497577 1.30941116211998 0.252901396117679 -0.188397308979834 -6.91896456458159 -0.0925713226115069 1.55390115589979 -1.66552751429322 -6.7971293275448 -3.00672541580799 4.22357039195408 1.25040630708112 -1.32217090454281 -3.3010089398298
"186" -3.82155884741734 0.195046257339466 -1.08325090914771 -1.91237046204327 4.8424454529684 1.37740701605219 1.88422558602271 -4.49472276362884 -9.35905755960935 2.07764068050017 -0.544149694808185 0.778109211788785 2.52307679594627 -1.17771152659467 3.66772450547463 2.43227559272644 0.622920915715954 3.01797936923265 1.42205568723106 -1.88344219243882 0.602203018582495 0.683465338988065 5.91930065160788 1.04536782645265 -0.45176049700042 -0.220117528139454 -3.2059686081943 2.55120051978978 -3.29831619831779 -0.207922225149838 1.9350018962665 -4.06152183257294 -2.73428690410439 -3.71993125956619 -3.27635243599373 -3.77595888537195 0.214584875205363 5.60351347652304 4.64297702987056 -5.16258551101405 3.60380329609817 1.99217616420554 1.92338141735234 -4.2245773611045 4.98856312919687 1.41308142917789 -3.82608891198819 -4.48412143009826 -2.12329294786783 4.28380024217007
"187" 4.88670678637324 -2.45562870342856 2.06305670678886 -3.75273923706245 -6.84940629083092 -2.47808364650666 0.29934373411033 6.12487004625669 1.23757656256918 3.23548349903814 -3.4567579423179 -0.370128953622219 0.0515029644425396 2.78987598558554 -5.3150424818455 -0.116923513722047 0.475316985670026 2.46026112025224 -4.33012420298543 -0.324742426527319 -0.00108241637190991 0.116675463848356 -2.25741996939734 -5.07079478683549 -0.988133650300196 0.876498764687659 1.83262714081557 -2.29920857792753 -5.66721322178889 3.34299278024714 -0.0437747315985327 2.12414545020359 -1.47101765330299 1.89844910172601 -2.88090340529596 1.10185144020183 2.58328260528507 3.78982833227629 -3.01302996220462 -0.794652639052952 -0.68238821666034 -5.1090335374209 -2.40924965095878 -1.59785614311372 -2.25335774386471 -2.94347617178115 -6.99018295020049 -0.600583336541719 -3.2841313561264 0.992523476390573
"188" -4.11622352597389 2.42413501642956 -6.07310476099676 -6.45249458799076 2.29021592815416 0.0518426419032233 -3.39878056712209 -1.21719565315311 2.86287371924189 6.41525349955706 0.951036733606995 2.05032980960571 -0.163741810547329 -4.64582697941854 -1.38645255638818 -2.97386923263165 -6.33039316458547 -2.18130347095556 0.930356058866479 0.83245751481034 -3.1462441912296 -1.65954967480318 -0.00612320074461779 -1.6848856773529 -3.19541861290231 7.2044584771209 -4.71121249290784 -0.771052659351451 -1.57086552954061 0.124538035401829 5.47009748932637 4.64358022404778 1.92943640046093 6.09732433482392 5.19783544153295 3.3008087603633 -2.66474779240639 -1.7293532421593 4.25190478689127 1.56470740285743 0.0620866982499913 -3.39107022201883 -3.28572718147563 6.32879236045939 0.84308889523628 -0.494648759393152 0.0558877734197263 4.23989655703405 0.281760280488465 -7.63690109341827
"189" -2.75035398532257 -0.432614338419314 5.39418559327163 2.45328303170819 1.33877966646933 2.62942652226858 -0.00367571470915355 3.90027459050592 0.808789159145026 -0.0220431768207053 1.62426163125568 6.65661001520681 1.63116196525354 -1.22799861275518 0.945550331642279 -3.55355299925483 -1.24885182275796 -1.598755274103 -4.88000154358263 -2.12723693805846 -1.27286032391954 -6.88377220149252 0.447740817397481 1.07467734248414 -0.198422818282658 3.91140331784029 -1.42500213119744 0.762100148979571 1.61952195634306 0.0340402074783414 3.63586042841663 1.17956300974807 3.19112039356168 6.42666029972434 0.255241032727987 3.37295389791521 0.536101713028247 0.289180887873661 -0.254806913367379 4.2174096196848 -1.5578536477522 -2.72599588523628 0.075987438633457 -0.209138692921144 1.13038342618278 0.896539821513633 -0.915661280253781 5.25408344236156 0.627897126516992 -2.42980946240474
"190" 1.57468625784158 0.552646734081376 1.16650889207978 -4.75733623297726 -2.84840026392304 -2.78742968843065 7.7671296222181 6.63200202065488 2.40572150104284 2.94783347260916 0.819317174085242 -3.44352400505733 -2.30765415775605 -1.71713567020824 3.58685283401656 -0.13564095702752 3.53959417253123 -2.9776123866264 3.69292677905448 0.322452192801579 -6.85340765290389 -4.48398058189344 1.70069362070766 2.08841169906376 -2.31241366674491 -2.57519448316449 0.275449844666689 -1.43029348998768 0.725971518300992 -1.09652873535875 1.01337454251117 -0.469333519156209 1.06701712125667 -4.21672030982287 7.82676258281156 0.918045650808383 -5.85229892119174 -3.08588185003114 -0.981428262139189 -1.28529058150825 1.45989971302937 1.12425771804935 5.98658565120951 1.97382387382521 -3.62089059167954 2.61502912864564 -2.12532344955353 -7.66559852714323 -1.86829123154811 -0.23208185820024
"191" -4.41911922996535 0.354207315887274 -0.781323301428175 -1.72716700857967 -0.436957586936574 -1.56272875599705 0.988394950319325 -3.09221596472012 -4.74485129025679 -2.47294578017906 -5.04015221800637 3.62535926452607 0.330979410953068 1.5685991980014 6.05352265860634 0.134706579580832 5.48150268631832 -0.171046045397943 0.346427090909672 -1.30805229645305 0.554193549562954 2.90085808359665 1.41556934435985 -0.100185416381077 2.08334680559641 -1.19682497540936 0.9004171345126 -0.818627562823281 -0.0422914396234345 -3.724975580444 -1.24545961612628 1.35083033045373 3.28139795760879 -0.0119225641586135 1.55667262366826 2.89808833616835 -1.79449785406631 0.619018199997397 0.854695545575171 0.408898202408307 -0.933010024584103 4.07280233906307 2.93237097179499 -1.75456104285497 -0.852190169615437 -1.95509246212463 -1.03917248443552 5.09133114611028 -1.24126115428165 -3.01683738924385
"192" -3.84826926695454 -0.118546992277266 1.10469252775179 1.14400013974569 -2.22889875601901 6.24904539061053 -4.4382148917841 -3.27652207809978 2.20693897605683 -2.45068779519163 5.77109775092046 2.72129086869641 4.44362128654101 3.5279365838936 0.427498528668972 0.367746420976205 1.01246455693068 -5.81449477440678 -2.91787812743217 3.05193371259084 -1.30935044135915 -0.775951111006256 -0.126661945742257 2.4781454017643 1.07740371464504 3.63751868807311 -3.98702385184756 -1.71990775719932 -0.229199993202152 0.582440125120103 7.52954756578314 -3.16976498624135 -0.36559990919204 1.66615209560096 -4.89590750048683 0.0339073852720543 -8.59797158656312 -0.33350459229661 5.35143381305721 -2.45381476756628 -4.10042809650878 -1.96984031683639 -5.45109804416063 -3.19071244765834 1.83557242188511 -1.1965047225848 6.04848457214914 -1.22950170028686 -2.08973309459739 -8.62271212711221
"193" 0.440861717595608 -5.25830269941609 3.40979368387044 -3.40408641857796 -0.33013902326025 -4.14562886708818 0.0190982646343725 -3.2028558984941 -0.869634266048247 3.3405227134589 -0.349724901467071 0.0659331562340025 3.28770475528181 -1.52150039183017 -3.52138421782076 3.47730455267986 -3.10675881156457 4.05319907837944 -7.24706870383647 -0.0148672137539162 -0.810075873020842 3.7591571018959 1.3576618770973 2.14089442486493 -1.14583994558086 -1.6879352808723 -1.20626898243862 -1.85048230257472 -1.83810367054643 0.461859329765639 6.88171432535167 -3.01048690623466 0.145697057489629 1.04782692470248 -6.2576924108821 0.869306681873275 4.11315060582214 -3.4592199763912 0.136966329943921 -2.6804794982095 3.00244914885651 0.0889285984993683 4.59326683478526 -0.616464863336505 -1.52350192108876 -0.440007174760112 0.173684991729206 -0.772689285506572 -2.94418153821029 -0.221267433207497
"194" 3.35784449077681 2.27862804156602 3.75705966536693 4.10458642401928 3.07255135094451 0.30734674979174 1.50667450184052 0.458662764909541 -0.62894402469938 -1.03083604143642 -5.89484478506489 -0.00273855879870437 -9.83700678239012 -2.70011374356166 -3.35695634903586 2.20522924141481 3.21241588605622 2.14148972208182 1.99081246544501 -0.448555523924917 -1.66790529411249 0.311939682234984 -0.629754257758791 -0.191805995561734 1.27816502705312 1.84890334934824 -0.49493269437352 -2.60175357283872 4.74981031415539 0.601084499499459 3.49649898222465 2.1449746763716 4.24857710056145 -2.96415975537212 3.20069458149615 1.65954927219763 1.60572770438114 1.26201150222509 0.755765824298978 1.07479815286933 6.46227383199267 2.03852973573835 1.92199363158631 -0.775808160660537 -0.50324277470295 -2.44454786714585 0.397819480012404 -1.18952806451453 -2.93240714232786 1.60714588985717
"195" -0.039949983409119 1.0279681796423 1.45812437992559 -1.50312538160212 4.14917415101185 -2.30568882879321 6.30876156232295 2.58046315593185 0.600589134561282 -1.60611687001052 2.88306705346375 -1.65327067900403 -0.884989844571891 1.35466870742262 0.709431298978483 3.41272952270493 -2.93281902510911 -3.0110568391123 -0.302214913457653 2.60018827532265 2.00927465187649 -2.64366306071326 -0.156136627955931 -1.27938816856431 -1.03942097495849 1.54532581836904 -0.0354337268174492 -2.06545420982767 -2.24299274854245 2.84110265883091 -5.7979655282 -6.36831145819167 0.623017584639322 -3.07601755988657 -0.156316549933372 -0.779189425138377 -2.71185553432339 1.8409731876369 2.45730719524165 1.29773824400057 -6.0563584014956 -2.84572803849922 0.608817730119969 1.44428797463055 -4.65401849863319 4.164912714908 -2.01494404903146 -2.5665771184718 -1.59137077379569 -5.65448799563832
"196" -1.4519138141633 1.35671617411936 -0.606018020655477 1.52967421526774 -1.29881127606316 0.424241944960512 -2.67485678454943 -0.931309320450215 -1.25652065359603 0.568248646340913 4.31426758410718 -0.394902580504316 4.13662887218353 -0.37581543955081 -2.17363107462339 -1.58006435064184 -1.24303194080458 4.50981399853088 0.0853613815913133 -3.92946040618562 -0.201643871944505 0.311403236411054 3.89934637613329 5.09550743091835 2.20622896083079 -0.355478783238821 0.571728843048719 -1.71088902172891 1.70420822920264 1.29969296658379 2.36162217581104 -3.1547653751722 3.30850069443685 -0.703936762853296 -1.95667416335864 -1.7249135379661 2.2976746060773 1.31043351894044 -1.14001027408352 3.55682539275278 -2.28494721545064 -1.24618820646928 -0.552676790277568 -4.89138243570217 4.1479376893697 -0.842403597765762 -0.637626809276774 1.9980103034418 0.234239182641621 1.75929003863965
"197" -2.3898531384192 0.15527829676913 0.796237229023904 -1.02528611948227 0.580760269332723 0.114941068819476 4.07254308559655 -1.13371905603522 1.88396677857783 3.78156934616112 -0.233115320410455 -0.906301818351559 0.609853613568056 -0.860135021717511 -0.2022437342281 3.28000057865568 1.32682448874082 0.0636751684063653 0.549821711931422 1.45668177796215 -1.88701716754064 -2.14052956252187 -2.56608588249198 1.58254942660128 -6.81738742030651 -3.82191861710294 -0.361675902348696 -1.66252057914901 -1.85660588250732 -0.289998397657798 0.409422493385024 3.6629001097866 -5.59985057308946 -3.42155068182277 0.726416355336624 -0.227612054038349 4.56630915223277 1.44851505803238 1.58985732437082 -0.277452202886215 0.78401545909415 3.4944576144888 -0.394374242437402 1.0432877303704 3.77285219218802 0.364309571315503 0.85729144409202 -1.18392835730905 -1.29043478452372 -0.148186548573084
"198" 3.36971638625977 -5.24501293818035 -1.14108842111549 4.56732089989391 6.34512389496889 -5.53752047894877 1.46662658817352 4.41431603280493 1.4671161027305 0.665253326610386 -5.52495832797899 0.657801060065739 -2.47528393191409 -4.19427549719746 1.64241819424643 -0.533107743834753 0.932034351188447 0.275285319172823 0.53677633614239 1.20390760844771 -3.75643562469848 -0.483291636494102 -2.44949426470402 -3.66534500584358 -1.14804668100234 2.60251026084986 -1.15936439366068 3.70702050375376 3.0197902184234 0.54563247292028 3.45425272609238 -1.99908994372724 3.6541664777042 4.43289221393939 2.82897591164537 3.15335408034293 -2.28942711265527 2.47947674062282 5.4513533655534 2.26593316747044 -2.35845584426451 -0.421972761280109 1.27797389807159 1.45920097810552 -4.76799255787754 0.147606491495551 1.81565293269185 -2.32440534299172 -1.48081747258843 -0.326529312169075
"199" -3.6520960360525 2.26225658870031 -0.60206661769248 -2.3606456763437 -2.84312475929713 -4.005628255261 0.723628613766994 -2.1140425745362 -5.2470616926393 0.858027763833813 -4.33748759003086 1.24708574723155 -1.61683872495467 -3.76950234359011 0.706827679918396 2.65450676659277 2.11128953272887 1.71957709339993 4.04249712398162 -2.67220909082174 -2.65662068263928 -0.145036519109409 -3.36882121322389 -0.676257771707557 3.85353648826141 -3.6793245667695 -3.38400368225429 -4.1108116357191 -1.12378556889188 -3.07491196192418 3.06339931128122 3.92109636218808 1.65595457908605 1.84254190395613 -3.51693158586846 0.268652820814423 3.98783195685316 0.710249884045577 -1.40128616631286 -1.17736110984444 1.79469871907746 -3.02749534431638 0.953128213301157 -2.95135772890919 -0.103038798629307 -3.88776724479931 -1.43424595946434 -0.183979520695485 0.60098322397206 5.50265283395573
"200" -0.198790937594494 -1.68339396469863 -3.88333230356957 -0.639037264593623 4.38209970596395 -0.511778571415586 -2.01868810994633 3.13893098068992 5.93784562488421 -7.86862733891544 0.597582389723531 -4.13426818177343 1.89426786596505 -5.01216764274394 1.19244301498216 -3.98130629793834 1.51308623412342 -4.60334300252828 1.88357037242648 -1.0127812875277 -1.43848035495798 0.471280489041033 -0.436194323584492 1.13304138672669 -0.447497094043166 0.926262194915957 0.782004566031279 -1.58327854328535 -2.95836500052242 -3.74966304646162 -0.775372618688887 -1.88776641887035 -2.74451458798407 4.15054442435736 2.78986957966577 3.9947975368977 -0.49412371925441 -5.09956700973076 0.543486147805262 -0.906947539142326 4.10034968719422 -3.73516164473598 -1.25681088208046 -2.99296400346081 -0.181539288075259 6.57719484823843 -1.85695076489067 1.83769365497271 -1.36896322251121 0.122206106000363
"201" 6.00051834178522 0.339393929839541 2.15871039056266 -0.289493464614004 -1.4691312695562 -2.58888148867749 1.07457933981528 4.36318701975878 -2.86457125168712 -2.26517264197113 -2.3900241540863 -5.92891720134126 -0.463749922245331 -1.87199781729522 -1.91367124728406 -0.425995342893604 2.81506772387278 7.0684338609151 0.862711467595744 -0.937035054697256 -1.84697049467592 -0.38982764585223 2.17055604201381 -2.0134301536727 -1.8518835769128 -1.02463174171201 1.50886537342514 -0.594034071750556 1.37464644818451 -0.474829275051769 -0.104820011321648 3.27915045546313 0.883263833159671 -2.20297252511402 3.53533161537883 3.6051599192179 1.86824194912194 2.14896520112037 -0.753579098364266 2.62793645985264 -1.43429882875751 -4.14077257613228 -0.342054629766028 -2.48731209622307 2.43387577103518 -3.72099856316523 -0.344837637234898 0.146273011669684 0.866544843012481 0.309471691916122
"202" 3.16568099233271 -0.863647278485842 -3.44981308908826 -6.06411513866067 -2.14088504347679 4.34440912146541 -2.73350358080345 -0.444344671281085 -4.63650874096545 -1.55904192545933 0.319262086956244 3.54064973644612 4.80498095310691 2.17801104767176 1.08678971135111 -4.12159605103962 0.887908635481978 -2.0697752950103 1.20203139276482 -0.277791253748024 0.308408786969884 1.43956543567558 4.84524943816476 -2.67259943514024 5.06072060097489 4.5105882797213 1.44894273320106 0.134047013948455 0.454319233915173 -2.12293529699477 0.342705832666478 0.539106690873583 3.68080022782869 1.0353879749896 -1.19175757569881 -1.88037654714202 4.98418232642697 1.47937114097165 -0.515282150231977 -2.18258586731692 4.47725740849231 1.12855916677493 -1.86004020859156 3.51085734943842 0.031996854702544 -4.88850391031789 1.79812683421269 -0.0891383956221477 1.22751939150116 -0.454921114773184
"203" 1.65340522950018 -2.78525683039371 -1.67317531659377 1.19478467740868 -0.115542313930298 0.331174831646573 1.56711093925002 3.45726134864932 -3.11843868370778 1.49592991469493 -0.361758853234977 3.24762386343131 0.00356447486377944 1.35640154048229 -0.952368797280777 1.79234375471029 3.11716138448181 -2.65677426829741 -0.271279288495765 3.1998690513512 4.57653330299357 -5.79779692228063 -4.48516875551885 4.48160762929013 2.10457803387724 -3.50197699844533 -3.79340614070346 4.18604853431729 -1.04879522997963 0.703295884660244 -3.59297306701584 0.770598279678766 2.60916288988087 -0.186722325600269 -0.217849170851145 3.69601406611962 -1.22326439918013 1.08029414544993 -3.68590178769334 -2.460274441246 0.340469105460232 -0.146366070492225 -0.0513894143666527 -0.886485737299202 -4.8015886423672 -2.82510372551114 -5.55851784717934 -2.71675763890232 -4.42286121429809 0.755574499345017
"204" -0.372285832475396 -0.934485184239799 3.80012463388072 2.31023169453713 5.01341978797829 3.23579736690785 -0.140635909708584 4.99948144993044 -4.03723937862158 2.7956457501591 3.26230852838873 -0.573346778584489 3.10564884597829 -4.23913990641106 0.769429909441452 -2.26918843358643 -0.0811012226607899 -5.03815134816195 3.26747267676445 5.42312533368513 3.13578949116395 1.86767071036518 2.64507129749953 -0.227493643137162 -4.86701939983115 0.586799030763536 0.404370404764543 -1.53959190210548 2.20167022623369 -2.99521801976044 6.46038925517686 -7.43406384924777 -2.73507575333314 -0.138146388299413 -2.03153989280848 1.65019048552137 5.37472514036525 0.885711659826828 -0.480639183614945 -1.09804728823393 1.87815060316074 0.276528069267533 -2.93017822707885 -4.79995729068114 1.64766314767296 0.104106918525062 1.50466530164867 -2.12345175009698 -3.02808439006244 2.73716446394969
"205" 5.32389088697286 0.277189852962891 0.849852122779111 0.329116218802275 3.6522828756571 -1.28768486345004 3.62986279484994 0.216348152522139 -0.921031470749104 -2.15256942821393 0.38578295132323 -2.8495462997744 -2.28705578380705 2.33483560308719 -2.10776366605234 3.26894737426816 -1.23859666278949 0.66398582354892 -3.66467366110198 0.96723371294299 2.40143110444314 -0.846001801292209 -1.13043140142143 -3.31828370618757 -2.03893084495943 -3.80570741712663 -1.43715239579852 0.536207790747912 -2.6939782711828 -3.74393674837502 4.77742367533312 2.50782851046195 -5.18682100705789 -3.86442966884656 -2.53954796073636 0.746880905144457 7.04750735135083 -5.99216415741656 2.55695188103542 -0.707339405782225 -0.760280068035373 -4.53188137791461 2.97800416172384 -3.29067870102518 -2.16369405771841 2.03861658233676 1.89897464560651 5.89102914460196 -2.62943824741508 -1.49160914940207
"206" 1.55375283251708 -1.52589037166575 1.54176102965121 0.738706962799404 4.13119691644844 -1.5901509904223 -1.29408927551257 1.94361592215319 -3.23209344456127 -1.09265277228954 0.705722933434245 3.9694962878091 3.73484967630591 -1.9485860827562 -2.2314525216232 0.418430092481457 0.686505017348691 1.36979210494762 3.12198309379634 -0.0610311948474207 -4.66470866684942 -2.65814106184799 -4.19880505059248 0.0869839787643713 1.5985391972423 3.34328252725146 0.649036410386953 1.89238239977296 1.06038706414703 -3.0217962754954 -4.71213297292079 2.18122306761988 3.50812539044478 2.49186708553811 4.04698465896614 6.82953217531659 -0.761994776136468 -0.730750021142876 1.51636262508489 0.853319082766349 1.26043724582159 -8.90123147221589 -3.48886832099537 -0.0117352813059757 0.0432600596769876 4.46410176899988 3.67350556851246 -1.94528157351263 1.50389177101756 -1.38804560658409
"207" 4.80352179933882 -1.02495232992318 -1.48015653687792 -0.335607164668486 4.63468840857239 -0.686719984256975 0.425058025098005 -4.81932862564616 -5.0616673129175 -3.58391707006291 -3.82672735595931 -0.457976819390795 0.849265821767964 1.71369483070708 4.81914182032098 -0.914024795257632 -2.67540204480928 0.373368597235467 -1.71079197165323 -3.71543205460959 -0.613018370400111 -4.24341093398472 2.11232950600452 -0.316852245817019 -2.43734069344791 4.95022159287883 -1.74687748238507 -2.68735259051205 2.1523574573108 -0.53971702790524 -0.494795575549522 2.59202999283744 1.35223489728782 1.19296456778685 1.55662320075861 -1.20356570911982 -0.0764639174565171 -1.29085161001937 -3.5336556425588 3.53752051804325 -1.06929843024412 -1.91201663100873 0.350935342497637 -0.895435406989486 -2.24380045802749 0.925135209863128 -0.860034894877068 -3.28040740485421 1.82984704112967 -2.81691572416707
"208" -0.0489702910492842 6.81775943179101 -0.694370793309723 -3.66805915135111 -0.0865575036931281 3.32957563822468 2.3462782163161 1.56060892518712 3.16179053349646 6.32202577142601 -0.564236474011695 0.0553381537881295 -4.37018072606939 2.86870284432297 0.235248874426365 1.02107225853311 -5.04457290893667 -4.41111265541386 -1.6622136022822 10.9523880053149 5.92283640928373 -2.31157813715345 -1.72549480173641 -0.315515922991106 -1.30122267904977 -5.72730505764138 -9.01403063175073 6.37480814131462 -0.575227736623742 -4.02799150058365 1.02859117594498 -2.6959156746006 5.01154957003195 0.305767388167532 2.35342282011686 -1.22584472955597 -2.21787695044459 5.33353535542956 0.492881130847018 -4.31040886740634 -4.11257042812053 -1.60441218895341 0.00850587443444098 2.71461713002434 3.79048934290907 1.12289169450394 -0.817094389240067 0.419446302852478 -6.50738467497809 -0.365816303072653
"209" -6.54621167947261 4.57386591754894 -0.57054767277282 4.7411758702184 1.19407493417929 3.58739706205046 -0.706088002309457 -5.38884108231336 -1.84657401773858 -5.21421588329009 5.55314939900225 -4.93156175817681 1.11076371790924 3.20687972348318 3.66485375291502 0.238531693547887 2.37902460373235 0.575807440316714 4.00646274708521 -4.88021905330795 1.41560784247881 2.00906546812162 -0.986784248344131 2.5835990332891 -2.70427244104331 -2.59452275773533 -3.04277692082918 3.03630575112521 -2.5151993870372 -0.634491534382727 -5.71207617468132 7.3154152226474 -0.68895774420163 -1.26935270517614 0.382000527172451 0.460256263911815 0.96894502066783 -2.39069130925838 1.072082750572 1.6084300494744 -1.61898660940055 -0.374595322806014 0.0493614474551881 4.25611471254526 -3.12615347109307 1.31177417893688 -3.40046048974625 0.550817359899062 -3.10639315885274 -2.87477356432828
"210" 4.07885943777804 -1.48985080011154 2.94681929574002 -2.88935122100982 -2.58750065770814 3.1570571262007 -0.473501255336108 1.00937880252695 1.10025004135426 3.26461638479057 4.91347497346901 0.0661827988684435 0.740132581022538 3.88836373276073 -0.57731568752724 -0.164174984055526 0.553020594222068 0.342132473891462 -0.045544185572741 -1.04214706889769 -2.13431359845413 -0.735073075540914 1.7475781207845 -1.70532644095943 -1.41091375044848 1.42849571087395 -0.105206160526278 -2.02324290367401 0.326980621438263 0.368349538319515 4.82889075241495 -2.21525152768992 1.30647555632397 -0.258022687025412 -1.89683294882151 2.00536344974991 -0.107579044398216 -5.16898874011123 3.94622523744086 -0.0535424634912225 -0.0851711540157235 -2.96113151980218 3.41781884055507 -3.2904282007007 -4.39186081343763 4.07968237928808 1.15343131327103 -0.831926107355976 0.334774297163923 0.719249354743035
"211" -2.90777330859877 2.53506646249524 -3.890781082399 -0.0853270670508729 1.22194649839665 -8.09295493047856 0.359766245848448 -0.27574548657846 3.75286432174267 -0.804563059417763 -1.54865356749475 2.66075013973584 -5.27795920442983 -1.05070178125867 -4.32527260523112 3.45841314912618 -0.162449981871635 1.01324167682388 -0.320605238814506 -1.5631057703272 2.53969939687392 -3.21730183023145 -3.35342374022128 -0.770292818492188 -0.518638005922537 2.25477044660014 -3.75254046619837 -1.01022290309973 -2.40233895143434 -4.17591398168936 -0.543928324126997 -0.580407446267182 0.840413014250873 0.314026015125988 -0.0367728993793605 -2.6471794347734 0.660711487848309 1.37484610457852 -1.98706191010527 -2.34291543940366 -1.07957483254536 -3.74191352309293 1.84676481067886 2.14563913667551 -0.89847622000272 -0.048618135348816 -1.3526973677305 1.52937986063011 -2.48936286496871 -2.03725713122395
"212" 2.41127659754712 3.72625583035291 -7.52825863289004 -3.98249991675323 0.98798308852656 0.324570900268899 4.84325793264669 3.29985346648464 5.49151236138696 3.05078048584207 1.31996969479914 -3.85720786621186 -4.58729428801854 1.49483377910156 3.42825392540902 -4.3895011297554 -1.84760666935639 4.97655765623139 0.410101149989199 -9.35408474535886 -5.51300477787981 0.0143103760728832 -0.586256059405459 -0.52529464914545 3.79157847121269 -3.32951330363081 0.925419397324035 -0.396094300694848 -2.21354442891401 3.89553820604355 -1.82863924394032 -1.42393300427466 1.95693758347194 2.99913586327987 -1.7967221540707 1.68642296449679 1.34137516260651 3.37191423567374 4.41013983119627 1.63022640624782 -0.39096138370991 -0.516283605973545 -3.26833053420402 2.17449463591589 -1.78935484332115 -0.190729526502172 2.23858580601222 3.74533109302193 -0.579545256740593 -0.413729673340869
"213" -0.708444464928843 -2.47985560403616 8.64569711598018 3.43848938930071 5.01558824129303 -2.41779158160894 1.79520222806148 -1.9090855159522 -1.5323331145204 -3.32749935967712 0.245919704319684 4.19380308433474 -0.909219180918853 1.65201624900225 0.493863023706784 3.32605689468645 -1.52207685693833 -2.55405060002332 -3.78989429118457 -0.878449943137301 -0.83466601044493 0.735946894467515 6.43147633242747 -1.60146774035712 -5.82419400858718 0.884043165126575 1.74074428649756 1.07505302183568 -2.50590348445405 3.66689940048415 3.38581195948009 2.91511146938308 -1.86532446717382 -1.16582546926386 -1.17972380604058 -4.58708416447568 0.709004650057192 1.92309237108801 -3.75600844245353 -1.65647028100311 -0.653394649320797 2.14917534660715 1.4119390085298 -2.85912384181222 2.73106888982954 1.57718126106162 -2.3985011097718 0.548286660220886 -3.01349662499882 2.30199197453948
"214" 2.09659971476988 2.47183389066938 1.24859043081925 -2.26216410118299 5.79527163688219 -0.807738475356444 3.33919684216893 1.54585086950968 -4.51577295891512 -0.665854108096027 1.94249929425713 2.12045374540693 -2.23099028930957 -0.54622429004249 0.955287780958099 4.71409577496571 -3.23704549766081 4.04411148465435 0.338118293569077 -1.45893392746631 0.348548492834896 -0.877757950920511 -4.06787254607249 0.151732849301617 -2.05410592564146 -2.29819121822513 3.45048029429703 -2.0172230808875 -2.44995250167061 -3.52376073398592 -6.3859837167163 -1.22472677043692 -1.57773886808789 -4.00828459484265 3.45217118422279 -1.02067858876213 2.75542249304618 -1.74917091360963 -5.81790441270188 -0.651435845475663 -0.241374882323496 3.08788094850355 2.76486547978593 -0.628813424070953 -2.67225948956145 1.07401215641653 -3.95267345137067 -1.96299228819015 -2.58399853713398 -1.26120920228103
"215" 2.77436146262407 2.68187417576876 0.170531871960707 1.21323714272862 1.68040746465882 0.353952075851857 1.64780426150272 -3.0443404530988 -4.27225561359095 3.18289919041773 9.01572972755382 0.0368533222245732 1.98645881467162 -0.0962215261888446 0.80566684378148 0.175655362005001 -1.40518244533032 2.04748182461846 -0.289863611984927 1.30216401950095 2.50921606845465 1.72580714763726 1.60342111579146 -4.3340629549675 -3.71215720883672 3.14713825861298 -0.645976092378672 3.52341603648506 -0.536099619328979 -3.21230050193042 0.883738139118152 -1.76573632924583 -3.4984706377103 4.59695527857959 -2.23147546220752 0.882527375824106 -0.00243593835356422 -2.28922907766638 2.04486236028281 -4.47450232828878 -0.399423168867281 1.44048546410281 5.002794508802 -0.411704384686424 4.3928231824361 2.99930112639776 0.31304557017647 3.0840167536696 -5.19774211669362 -1.32135714839887
"216" 2.12372081544549 4.9244136828106 -0.406640392899633 -2.5156490597447 -1.1618707247809 0.264716069554652 4.70438936172141 0.0386155229112792 8.23216427039367 4.94161774910463 2.33133440614583 -5.9755241904496 -4.99718258714151 0.503201374030552 -2.48000741704124 -0.288236292399878 -4.5829564041231 -2.11213363026756 0.362855031650334 2.15359376801079 3.32332702726848 -6.02505015864757 -3.68379749468089 0.684351490745884 -3.05535351474931 -1.91195314001278 -6.7110168530324 0.920742829566484 4.16493851822079 0.70189251578656 -2.34887172869601 2.99670669176558 1.00159884940698 -3.41870601602228 2.13004433694697 -0.319435141912327 3.14396003324908 0.619309982729283 -2.74234064569884 1.91175466013687 -0.919652961510832 -6.64684412805034 1.66176644606009 -1.44534966887488 0.391306169641687 2.06065364340664 2.28185941148267 2.4823857679511 -0.218941034910996 1.43634592364666
"217" 1.95897610988973 -1.62258602907944 2.52710880779077 -0.0809742347962517 3.91275319027887 -0.988550372467416 2.6473880640693 3.73194225679761 -1.51077102114183 -0.669980216394784 -0.361650067513198 4.10376960665048 0.599330031427292 0.336272479013946 -3.05442481430193 -1.5572327962284 1.32967428990569 1.98995037966021 2.95925760811913 4.09957009860868 -4.91933761305315 -3.46748894699999 2.42605808895655 2.37689105233385 1.02722507388346 -0.012517914497173 -0.0841827067676463 1.11657208043316 1.04547508003928 1.31120907398921 1.97694881892159 -1.73097616258269 -4.08392764779132 1.49924222499289 -0.719235833189624 -4.85795893027107 0.397797465313844 1.14478563840938 -0.449550966924218 4.15911047505773 -5.65596609737356 1.28506949059754 -2.47639870738083 6.09756671287126 -4.05386609361787 -1.38126328020097 3.30845070781262 2.40512820506529 0.776457741786983 -4.87278704243421
"218" -0.518450055336509 0.174154917229018 5.26792006321534 -1.69599145087613 3.43243677242397 -0.101352036310492 4.08820015603002 4.41258056065831 0.0337993631948533 -2.43851909026389 -0.901333132163405 -2.03988939932352 -1.88515026071047 5.03815060151843 -0.367088332204945 -3.45772570815379 -1.60578608515213 -0.421710694639729 -1.14794501579384 1.99094087847702 5.05549131397644 -6.09994843686193 2.66322965956112 5.63054443826133 0.580559460697005 0.243684666634776 -0.122140212726077 4.67040396693163 0.808478487025837 1.74059778759588 -3.17018220553632 -0.492060611643335 2.13300924080826 -4.5168206087707 -2.00133379043765 1.55954628577512 1.93324804597615 -5.85887891269338 2.31023752412544 -2.13445049762387 -0.458811087212034 -3.71195793582015 2.25711299599444 4.22920301230061 0.931217821324341 -1.94486511023379 0.807920603349399 3.31614239007225 0.572411492329105 -2.58316779596919
"219" 5.14202018167349 -6.45161059972251 3.55195137591493 -4.75767416316519 -2.28767621475956 -2.61583085977671 -2.11790280183283 1.70853147183047 -2.01297943725976 -3.11982071904421 -2.80988005208041 6.69410231827595 2.78139210057757 1.1315325807961 2.72440060239312 -7.61521308573168 -3.01665582484058 1.82809239976087 -3.72940467308267 0.791985166629624 -4.11104165446098 -3.41701648250454 1.41749801543011 2.80137606850172 4.16217074064786 -1.13672058370417 2.54782632030779 0.0393506191790896 0.214924900758769 1.30178113283035 4.94317658170494 -2.93337347179877 4.26143606612957 1.97307579687531 2.38993319322549 3.84561350370966 -0.369379935562588 -3.09302396550694 7.91990100767264 3.29903497363195 1.03425001030937 -0.736176652590354 3.64036470295803 -0.315231127010283 -0.424975634589378 6.11416301076076 0.560919141446281 0.544129043343452 -1.76971953958094 1.83737210261884
"220" -3.71158169055858 -5.33287796647239 0.141921750261045 5.56859049135813 -5.2624775304061 -1.11013016369461 -4.19867831285536 -2.38564611227672 8.99791383577793 5.54930850856161 -0.354666865446509 -1.48260242665156 6.78042532880297 1.62014135517175 -7.25788588756498 3.59504456705609 0.784214957038572 1.63660637765705 0.167877124995839 -0.0662368752361688 3.5788676750898 0.923990615523517 -1.33795217808921 3.01913449042338 -1.35282774387881 1.11551251498167 -2.92949342921748 -6.03283934812652 -0.741650999717972 -0.134440186962152 0.0440315742832499 -1.01400356320958 -1.64072484918299 -1.29944059387427 -5.47849248945227 -3.7632129836342 -1.04907346464498 1.27773399072045 -0.288737135664773 -4.00076088075128 1.25631717533798 0.124080274436795 -0.47774699083859 0.714403096215104 1.33801868994987 2.36236609597447 4.48074542974144 3.42694142512324 -0.111441989853359 1.46858964459633
"221" -4.85264715998374 -3.46792092590382 5.11193638938533 4.04088544779985 -6.87976824067812 -2.99885120332657 2.00889280852549 -2.58892263730594 1.34231621047344 -3.37838776021648 1.2379046328121 -0.76271414377461 1.88313414019397 2.09244795784099 2.24601960004688 -1.26493085124811 -2.40313040348987 2.38628907567188 -2.39208509204642 -1.9388717299313 -0.561793392913102 4.31097135101593 3.4537023858641 -3.24141394756781 -1.57037589316406 1.77039010703284 1.70290901127735 -2.41423762018528 -4.02483909118191 0.00720333315835293 -0.675571030011515 3.12328327232009 -0.468449153649396 -5.47475383186846 4.66001228575764 -3.58062194173839 -2.03632812828017 3.69142605869857 -2.18821062705516 1.14866415545784 -1.81982871598399 -4.32866241278245 2.42850940926449 1.94238655221492 -4.00087602061485 1.4651646950307 -3.87438302376141 -2.59144425533433 -1.48388624365635 0.424694413114525
"222" -2.6973041485349 -2.29139251258509 3.16276308458559 0.173492753165605 -0.487231867989937 0.756200091068301 -2.41227920486296 5.54068232793193 5.51596673991458 -1.27451308040183 -4.94582006367625 0.873834859984286 0.0673536992200871 -6.17876636240333 -1.84100542543629 -2.50504479348437 -5.49799238645971 -4.28932208957541 -3.83378627420754 4.45448028878892 2.05486553189704 -2.2574227166753 -3.71564952693061 1.31326560030847 3.01664913976761 -4.91472009616637 -3.98373779566234 -4.63043374295788 0.25657345062587 1.53557026169905 4.68593822992865 1.61498708296453 -0.0331901300106631 -2.94213522422659 -3.72446544753842 -4.91177979165298 3.21607646507155 2.16625281095335 -4.92052658498621 5.06584740404167 -2.46456476846228 -1.46538524715079 1.54155035824918 0.0127344920980533 3.57162636016228 3.66001701782065 -0.710148552050921 2.85026502299937 1.47636261794897 -2.53211488253402
"223" 1.81674683250194 2.00589570478538 2.01772858031331 -2.44414795333561 -5.34969842700363 -1.36150180492495 -2.47574670975801 -3.45745887586571 -1.68974739829702 1.00861154416589 2.19841436076979 -2.08967577348444 -2.35914898421765 -1.00295422286498 0.883367788341193 -0.245084076987468 0.522932448288878 2.56387667252095 -4.51684098275878 -1.126198861536 6.25618659362477 4.38006142188546 -1.54559436072369 -0.511310878527612 -1.65231697438912 -0.0888103380574538 0.780993899909458 3.28833000771926 -1.69033288552128 5.02090292338803 -2.32851197794878 -0.900921673951494 -0.0680430140062436 -2.60561006158113 -1.14410983393739 -1.74768716701377 -2.00102246182696 0.256245828613938 -1.72523308618422 -1.6453269444807 -1.87608955467158 -3.20274182726381 -2.85553374407503 -0.655189702160145 -0.949484214989978 3.05470461672413 1.3643523252576 1.24564544749483 3.53161278078922 1.07646292870273
"224" -0.819311816594366 3.80147191486079 3.14632054702333 0.762143468695515 -0.568656894409297 7.00502357149773 -3.681432166424 2.77595863271672 -0.0342181957303816 -2.37902825309846 2.57618136287749 -0.233230420798949 2.96595245446342 -2.84723760753785 -1.94521102630589 5.17670212053009 -2.45788976390575 -6.18406439224649 1.58201924148582 1.76897538356776 2.29880225087977 -2.34613212170202 -1.12876546494017 0.560730583246254 -3.2940408333991 4.56570352022888 0.549488874428157 -7.46934312957964 1.07140379641274 2.01189871460926 -3.60142433861298 1.07287061443496 -5.95043888104837 3.23560115547843 -4.21301667644852 1.44973842472607 -2.16036200935522 6.09067285219701 -6.57527973664163 -4.08671473517958 -2.07990859339899 2.216416177847 -2.87596767912157 5.15938262268025 2.59460799189537 -3.63836260652223 2.99614522313903 6.74772022242589 -1.59867928622725 -3.24053962176471
"225" 2.81600834215431 1.66723651560012 -1.29409405184318 -3.41183453947465 1.60045271720219 4.73612576087286 4.1303832424044 -2.49253495602397 -3.6672565741404 0.350603303919164 4.65041219306662 -2.4805868145899 -2.55318258108696 7.23939331214859 2.16506163226139 4.48209504168651 -3.51697291093772 1.10087358613725 -2.25617418708153 0.326147619092934 0.536562657452593 3.90049150705309 1.15291237887163 -1.77169031169227 -4.77883452555535 1.64200529186221 -2.81896216957439 2.52006703408388 -0.346585284866991 2.60552728413258 3.31693012319403 5.85538236138178 4.40977659875753 0.943644375635255 -1.15411763443149 2.65530190714922 0.252002214740122 -2.62004231002296 2.54130084121715 2.12230041091892 -2.53162421540632 -3.69155935569071 -4.60182194408701 0.114047571480142 -3.34815178531589 1.66891186560803 -2.52284744682108 0.0217856627529714 -3.81164276559674 -1.17922805444345
"226" -0.404139265078775 4.82591344733594 1.26099888856664 -1.28185674019465 1.7598023817123 -1.55813528711945 2.12193336469423 -4.07474527534833 -2.86109878075194 -1.30625699345555 -0.319096301600494 2.06502328107074 -0.949522108195579 -0.278559957279117 -1.53885500566317 -1.31649889177982 -0.484652279293701 1.91446766117954 0.656529838611995 -5.04935175028226 0.395561446577182 2.36267452008345 -3.43300997715168 -2.98795707189415 -2.1617315822255 2.19060559164742 0.62644840106295 -1.82975128441466 -0.0543804812951935 5.37273424757824 -2.31350447240711 -0.246492375266696 -4.7741481329745 -1.50519945600121 -1.06472372259541 -7.18474042925529 -2.26247045899251 3.27202304364431 -0.57281333566877 -2.32407999394864 3.57181647875748 5.71718560362402 1.84521805344887 -1.24060302884221 1.0240603165168 5.44991287943178 0.652410317025397 0.18186303932097 -0.439586342283254 4.48605557442099
"227" -1.16312078479619 0.314901487442482 -2.5401532870243 -4.12007739997786 0.871957145154338 -3.13133758266901 3.04442174239602 -1.22474099241834 1.47245834168378 -1.43723891376789 5.09807706027832 4.55802523037945 2.52301391115995 2.31625675959706 -2.47914151343517 -3.87520057315301 -1.62989348531712 3.64549993627065 -1.1361554510765 -0.894648063043435 -2.85862788104692 1.67462065035665 2.06016918033683 0.621553154770335 0.434474587774879 3.46911280680208 4.80928576633733 0.77264424174888 0.344036901877428 0.330426608903131 -2.23273966608299 3.98488434571391 0.466317132958373 -2.18376858008076 -1.8281009252894 2.68435148080348 5.70820236074807 -6.1002621596131 1.48514452365652 4.03811488224622 -0.983958874816767 -3.57010361134065 0.45047674700548 -3.7759755576496 -0.687695360185915 2.62539807306865 -1.8998787568857 2.98206088032499 -3.60452428129179 -1.66186515698224
"228" 1.90454557646518 -3.18121482338123 5.54766860752324 -1.70333933121928 -1.46478933507618 -3.12008442159176 -2.85225347119535 6.72922994573653 0.771663975001793 -0.147368509255391 -0.0676659208062381 2.60217940619551 -3.13761623873167 2.27810537578027 2.4297985467218 -1.80405379245147 -1.89007765494226 1.51177807705807 -5.3749107382145 -0.12491945241379 6.33827358821687 1.45645057758001 1.87347398752551 -0.826260316677269 -1.26214487015574 -1.05598920472002 4.51011353156129 -3.93178432999051 -3.35033211573913 4.00193123617692 2.60850671193536 -0.641029185142888 3.48109424381211 -1.00223567398888 -1.74722235760243 -1.35755401703852 0.250105627008909 -4.09532557909723 -2.77074725754501 0.902114478532635 -1.42699024811357 2.08169428935543 0.456972632226039 -4.17324877785199 1.18033744181325 -0.223941156051058 -2.17778099943302 1.16441657723079 -0.699851606347735 -1.25506432577929
"229" 3.73671653662667 0.173724961156317 -0.138118355025444 2.65276323884822 1.02447319849609 -2.40510687072572 -1.5713804283859 -2.31961631172782 0.0677631083816516 -1.48235540644434 0.2792896884753 -0.854366429444688 -2.11048593016912 3.74021569356593 0.00856547107184148 -2.98419846548114 -1.89624175270498 -0.480406338567044 2.39140892657582 0.048899333364423 0.986341913287289 -0.476897837840001 0.12405615452505 -1.19694672648936 -7.32090273249635 -1.96836418732711 -3.85830101608559 -0.488412423911292 -2.02271716825028 -0.466466894275252 -0.714037180435605 -1.82927450066437 -0.204334013854318 -0.523538070610724 2.7080304652321 1.56580234591499 -0.822556049891173 0.485859499483318 1.00272738577316 -4.00947884757709 0.765983690145862 1.69904082623858 7.60917654284467 1.80507330391119 3.83446613005646 2.22943956201099 0.161889449619699 -0.488866342384952 4.86415897726566 -3.31150624320513
"230" 4.89684427494811 -2.75091313484755 1.69376938597745 -3.39378683614963 1.53927361752054 -5.33368340605392 -0.721092031847359 4.72483543010148 3.03536241293981 -2.27798349496507 0.35112494531449 0.220099588238159 -2.41418857928932 1.29813075814053 2.41207635877545 -4.64700373366131 -0.415656347006525 -4.26925490803717 3.33477395503575 1.14820710529401 -0.562281939524668 3.61511496509993 0.685124447440286 2.26929820225152 1.19176838429113 -3.50248024777529 4.03841941934615 1.19635616671069 -1.38395436514373 -1.32468751548899 1.71172942745021 -1.02333683149392 1.04064317323069 -5.20620855397826 5.49464490795218 -5.18735879512904 0.432531263717244 -1.45518415314577 -6.91491029302256 -1.58311683602188 3.08126924777901 1.24084692140555 6.59707982946117 -1.41920179955891 -1.16981228809213 2.57771786871267 -3.69315211029048 2.57717597345424 1.18740728977326 4.37954769154151
"231" 0.370132239292882 0.0143468131543911 -0.774488045439095 -5.12881393687464 -0.131784790401976 1.07005388422867 -2.05693023994717 0.583050235972808 -2.96459305158185 -1.35620382107662 -2.64411497309642 3.31275146695752 3.03678101861762 -1.27796114143724 -6.65109659921552 5.49187914669922 -2.19540218725401 -4.04774658884218 -0.0092883107971456 2.51769770377451 -0.2430834654406 4.2989701635158 -0.145270798430533 3.28591140719568 0.493311649438866 1.91139509185856 -4.5800549536866 -0.456644762770399 -2.86536115826772 -5.50258390944155 4.38448326522381 -1.06508136985035 -0.932711532368295 -0.0111990097946236 3.93448223581246 -1.4988290346705 -3.93737070149709 -0.817334833906828 3.15089437884275 2.77251988068637 -2.86555347590465 2.26534747605415 0.856565548013939 -0.647905088517524 -3.46609251103186 0.11105605095872 7.26393780852432 2.81676505794117 3.32847267757097 -1.24558011502012
"232" -4.41878533599758 -1.49926043744675 -0.536333480006023 5.22932827277176 3.24959573005755 2.8152793257226 -0.344965009179216 -3.75416727632415 -2.64429784690554 -2.11486223458752 -0.788090985309013 5.19343840779815 -3.58804039595443 -1.78011227913568 7.78660610130879 -0.339207330903635 3.07448355866671 -3.08003256571707 2.61856256254922 0.187611671416146 4.67678993521073 -0.192528708169772 -3.27876714222538 1.71740945160361 0.420386962020928 4.11942276692725 -3.47216564783963 2.51327435807151 1.55612446056357 1.3048911078913 -3.69039215740418 8.62179599417964 -2.28096608050816 -3.32289150334105 -1.82682923754498 -3.96850199340431 -3.72225886090733 -5.44545927049356 -3.70960757712949 -0.141435263485737 0.414983475008889 -0.134447951818432 1.70797369893279 -5.11885900651982 0.887755901565761 2.75999773184743 0.994106935393807 2.07122059616608 6.43308284086112 -3.19187295046065
"233" -1.10737930182523 -1.93238923926264 -2.88120887897575 -0.553409487311034 2.09901148940384 3.66751932139818 3.56561881221146 2.08068517299105 0.450905079952774 0.998134454735057 1.25435599112963 -1.49533230726378 0.0861397797325662 3.07324854258592 4.64578070167543 2.67048365461352 -0.739951505297048 0.249385371466834 -2.69375355990077 0.818097553395299 -1.67931345557976 -5.1474479847144 1.29604555705935 -5.74988582956281 2.33689187765086 3.28540514645652 5.98833050633567 -1.49279954789125 -1.78423640528973 -2.87315421048567 -2.26030216323001 0.32313912596307 -2.16414239880469 1.41489466378739 0.802998291415509 1.06754751315264 0.00200783164222353 -1.45726668959709 -3.03816228157445 -1.20974635511523 -1.58126512256059 -3.61972708748914 3.16335645593209 0.0806807528442745 0.771629662660539 0.669467395072068 -0.672102682069664 -0.149907858616401 -1.18555076729272 1.64884466870357
"234" 0.841621137442245 1.48653364890278 -4.33671409200878 -7.39024417911906 -3.04060024705152 -1.09240714396045 -5.3034465210501 -4.13223497781617 -1.18853020071712 -0.826679733176849 1.13058358290962 1.51556791508403 -3.61562062250671 -2.41410715721427 1.04504434211508 2.52318918484735 -0.150085457532072 0.0764896834385885 3.242695618531 0.016379609057271 2.20828073624741 1.89847796563365 0.969835154720318 -4.59954340604314 0.27455244383752 -0.788070881074944 -1.72786596530054 -2.61215492892581 4.98969681637577 0.911855703357417 0.00772300118146892 2.24567734957468 3.3759507939414 -0.824829759564142 1.1676856108455 -0.631646713012001 0.163382801109999 5.62934715509881 -0.86306368642747 1.79567654796473 1.47147333473827 -1.2221194630957 1.08653001348017 -4.03464198997184 6.40617709117648 0.783492182766403 -3.87085103276585 1.2293577638403 -1.07033971681323 3.92183983582589
"235" -2.20841046315659 3.56054318900041 4.33559678945044 -4.32413430961608 -2.99305635888904 -4.2201950360592 2.12482529912937 -7.7559125129869 -3.73863461021223 -0.0145679243583542 -3.11991338574131 1.55055758657683 4.23072322951949 -2.68553636701279 -4.78662504366681 0.776672132109183 -3.33831992596949 -1.03022913073047 2.35740941137448 1.21251375336687 0.554771775436667 0.516544306871872 -1.21097328110258 1.05267749031581 -2.85369544439329 1.81413911590347 -6.18762957634637 -5.95291602775676 -0.0486848733876205 3.10746833719047 -2.47044666448094 4.42480209686203 -1.02715795526434 -1.86695306228317 1.55074409692667 -0.864859783191333 0.806520942570801 1.95888363331721 -1.67701349464984 2.52634128089133 -0.502940172935834 1.09673806789847 -2.76889831675495 0.969645763390509 0.649762040825221 -2.6494394184628 3.90563148839117 4.12761285830322 0.732071183073277 -0.925713707632928
"236" 2.37120293038709 0.762668536938526 0.387402764318491 -0.623293720142931 -0.105949520055029 -1.72681098062704 1.91517061124069 -1.9974769568693 0.765499700446408 -0.139530081111549 -0.46842687987114 -0.332736436373856 1.71897262746439 -0.700616999333468 0.462018455732881 -3.19579952155197 -2.01519743715492 -0.999482728504859 -2.14677298607605 4.06672493919084 2.75932103728172 -1.94151335394748 -1.12853137122578 2.74345468189784 -1.08877628343545 -1.82181207149424 -4.50505072692104 -1.00831685096846 -0.565762333725624 6.37991172061848 0.443587639517382 -1.08179931570887 0.887109461723947 0.759786587120459 -2.08386518042759 -0.21558990091098 0.259491056817877 -0.933584876785114 2.85378900966762 0.6664690774219 0.727615508191345 0.4269305603612 -0.728323999953274 5.5450845450416 -2.90704687206426 0.475595756754941 4.97409431516176 -0.676826840630473 0.336502946383097 -3.10887561675397
"237" 0.986004372546704 1.13933566375795 -3.84780029328656 -3.06536289659499 -1.436445613355 1.81125026031056 -1.06334061322611 -5.62418741046145 -1.38548324957468 2.38723835425623 -2.80034620391475 -3.46261928870856 -0.947625458809334 1.12645307930327 3.80492712426807 -1.13804774519275 3.02648942128904 1.09571634636973 -1.53354873137723 -2.45845424421651 -1.65167751999654 0.785796088456911 -0.591376994659573 1.27215984578869 -0.6699348016984 -2.2710525364841 3.98479170951793 2.21043929167128 -1.1024207690694 0.428488690535631 3.98208686234309 -3.77332280032828 1.4983374986429 -1.51123943963753 6.02241302526284 -4.310405618127 -5.65889500519482 -1.76688340597 -0.251892869210797 2.70807316267348 0.502408845206827 1.01536103291654 2.98256046614532 -3.73103373489466 1.6027996138589 5.02504925062802 -4.21330255977508 4.30988766057159 -0.910767208055537 -2.81592172590974
"238" 0.661995982980664 -4.4966300192364 -3.07877695990786 -3.62601496174833 -0.749475842674183 -1.73743778581017 -0.778477834256951 -1.5064009161874 -0.562354266486428 -3.42746615973375 -0.695887038990964 -2.64266634543115 5.82407424982571 5.46882029634094 6.30800377639733 1.46081152433801 -4.96984159551847 -0.396345371602425 -5.06236252416137 0.658236934261513 4.70381439493789 -3.92489985058218 3.5376856206567 1.17483721687895 -8.17649764029146 -3.00090567715276 -2.04844908782918 -1.43644047318911 2.40242416055481 2.61133087489238 -1.13563466014633 0.759692314298212 -3.68029493238858 -4.43448849548256 1.94455284829099 -1.41730594724241 -0.594409862106614 4.96457012450533 -3.57648476102758 3.96618896292151 -1.39932994030757 2.73670050613598 -0.582606241208063 -3.96200811302462 5.70255673545178 -1.8109203524156 4.15552124768535 -2.53750787683109 0.0334454735517959 -0.964768985827174
"239" -3.28698907101505 -1.15544091478253 1.06086507595774 4.52228767234121 2.69030327129213 0.0759299986473056 0.88052866190653 1.41930743331391 3.22470065110013 -0.729665826530607 2.95808679851756 -5.83926204379316 0.538819353119953 -4.4704682605852 -0.142037092341552 1.36692346835395 -5.12341231007675 -3.3482227073809 -1.98316946154096 -4.85441664383892 -0.448775413670838 5.10340339367045 -0.530943119017957 -1.21158869856624 2.60324698107704 4.14583661853886 -4.56549605152157 0.609254177893151 -3.86709956532375 0.803575487254294 -4.24658943519677 2.01465016312398 2.16260855550119 1.72321072110822 -3.44358987365414 -0.418180110941268 -3.49059671997742 -0.6463844806032 -0.220134885506404 -2.86560194467278 -3.0334728466951 1.89157274920312 -2.48217513624875 0.194658466153875 -2.26481362756561 -2.26515306047608 0.455256567212143 6.0502178892626 2.57294039638038 -3.16642062220062
"240" 2.86977629523674 3.22355911637884 0.687317802600514 -2.56855302565309 -0.8357161856114 -0.0435405590739048 -1.1278296080921 -0.869125325662538 -0.223212543963382 -3.50967860860897 -2.36520414277549 -4.41991789330836 -2.25544688517672 -7.68919696194188 -3.51172007953021 0.667238437501471 0.887710945433985 4.65625402381773 2.52237877971703 0.3126275350352 -5.27693324865758 3.01298607226038 4.16122276004403 5.85290298612661 0.207271616228505 -2.44387077981639 -3.4150426141549 -4.04938779866232 1.76442778354492 3.77171145966844 -0.291636798534701 -3.41188385936869 -2.75202295896497 -1.77470845570273 -0.76084337928537 2.36424807673903 -4.22673949867357 4.03600849722509 1.65846156060788 -1.33525073846469 0.13334581445214 -1.86276589462535 2.34181713041664 -0.454164422055957 1.58317650429904 2.86379679463048 1.48286125574528 -3.71628759649069 -2.97088089323901 -0.25482933561244
"241" -1.16605099923903 2.8624107267662 2.02680262330549 -2.85373055849083 3.11719592608711 -3.15280879524978 3.76100456415434 -2.64699663438493 -4.98678275886986 -1.65949521085529 -4.10134571182005 -0.686362564675666 0.0963233828482714 0.594044674517648 1.38958267835005 -1.55188761801458 0.571456467686843 4.591084402444 0.485067997509608 -0.499389920259375 2.67368723068827 -0.623118073155753 2.49181860538793 5.113149276081 6.09231819368372 -4.16519898350254 3.01294688899599 -2.33421060022587 -0.561110355083823 0.123446010026214 -3.01032383708574 -6.72476929296281 -1.40121380924774 -0.0544881898036809 0.326868106117727 2.97057026097931 -1.71975729468418 0.291286664883519 7.10471620262968 0.220320564691485 -2.68071860353149 2.50500350135099 -2.44111803027079 -0.770329498898533 1.46182211101834 3.45433157448756 3.68707262505724 0.752960283904792 -4.36850513261358 -1.30663413609304
"242" 0.818696777256224 3.23954788331558 -0.531026021325759 -5.51825614993424 1.8479143084495 2.83527899799584 0.226189082794898 2.01918772470078 0.785746872525689 -3.42086595408031 -0.323172880776354 2.50361396881516 -4.41015455848706 1.2657640417152 0.686016954310739 1.12956968597368 -3.19811058111011 2.50709524519059 3.26688469205639 2.72594312939492 -0.551004116816258 5.13306994627119 -7.52442349271505 -3.78605034706204 0.245627301711124 2.11925132277155 -6.40183062501778 0.20029915376408 3.42988522265701 0.344036049166288 2.31811455229771 4.5329173511778 3.65272978655554 2.72701179146742 -2.13733026716383 -2.2506516904597 -3.04927102587502 0.813940603101239 -0.70961350332732 -2.5555312906183 1.83953845072045 -0.373572422894792 3.68757088241274 2.14441287178795 1.10752234827762 -2.83263706150566 -1.80199611844987 2.91895353191163 4.26115815906045 6.69329435384421
"243" 0.266625245704583 -3.99039423980138 4.26328908641902 -0.47200084043781 -2.2404646574027 -0.824337377804376 -0.311948615031966 -0.183418980685844 -4.29564101825753 -3.12889596423825 -1.2259691660957 2.66137001082362 2.10519577817112 1.39648466275224 -0.933158861402473 -1.6019617019677 -2.03721990970382 1.03010518895977 -3.8962670037289 1.02130545958507 3.18516273386381 1.52344450365249 6.06394799091308 2.44607645792895 -0.317758832691985 -1.0804011433299 -1.30409350183235 0.455542593717763 0.430960364407147 2.36429508371239 1.8993568053073 -1.64515335582482 2.44039541939776 -2.9577537651748 5.05536914848938 -5.81655482861784 -1.10462151887619 4.57954139816381 0.277015047362622 2.76775068001964 2.06829592276918 -3.73950544709027 2.00763162942092 5.04088029842831 0.116754361883098 3.7040081504813 0.220366041608582 0.269864468010214 3.77623529159889 4.57900943476284
"244" 2.8677751194832 0.581267932434811 -4.59609349321849 -2.71382958610933 1.55076780554033 1.61130249501825 -0.905437096703399 -1.09816148023665 -3.31691260847638 -0.469777285627978 5.55104414570183 -2.76314436097296 2.22783297938085 -0.43620972846827 8.0210293176654 -1.29446506529242 -0.348013130925806 -3.34256382428746 -1.73162420028457 -3.81702369905772 6.14833274853944 -0.747003087786797 3.32126838290984 4.00357464921691 -7.11272381913182 -2.04419419287676 4.01627442603989 -3.8039580693418 -0.0575326908235205 5.24287073646097 2.12854856218947 -2.57954293624777 -1.60908335117377 -1.21840037652034 1.69018819692067 4.69192985460118 -2.9063069402737 0.971822981138188 -2.13812969904209 5.88965200409526 -2.33171668910856 -0.451249230049558 1.44352900585963 -0.184862948756203 -2.01171629643592 0.335426322091187 -2.80300159675709 -0.700550900012332 -3.75005582848123 -4.91086031798109
"245" 0.981658687002773 -0.219580912924985 -0.934817611879666 -0.687639814820827 2.12872833867842 0.92792663334802 0.736935288835221 -0.841850846306494 3.67022763681602 3.2945268655217 0.856312782902161 -0.475519457053545 0.859629157712069 -2.53350711929695 -2.05175465384195 3.70070309499914 -1.83371656394476 -1.86703354178941 -3.01312572552862 -2.00969017245299 1.10059478692505 -3.8282932150642 -7.51959706319785 -1.64998321533488 2.43972404102595 -2.19303197332504 -5.86290229791349 -1.04450333240951 2.34285360085899 1.05199376020054 -1.51961394425353 1.12082394192842 2.19550471957955 -0.224754204893446 -0.988233095686247 -1.32484396956711 2.92576392022968 3.13714903166677 -4.99784937480745 0.0750039167521152 3.65251655203908 -0.629601978267455 2.92363184893286 -1.64009158376194 0.0277807514145654 0.667047507149068 -0.339737253487965 -0.706070882480616 -0.186692433481088 0.487776893159896
"246" 3.25149561044268 3.25597121816135 2.30487459010064 1.2776495032616 1.67127928505239 4.76953670431828 -6.42033341198707 2.20147743214825 1.2753743392627 -6.48223511027629 -0.569281525538612 -0.914268422980646 -5.07455096360532 -2.28134940545184 2.64777274001567 -5.57818926623635 -0.18109145359441 -3.7467557861512 -0.228370071696605 -4.59302532383521 2.22213081371638 -5.62027090631506 -3.91975545140834 -3.94153045351532 3.04301582272736 2.71144642992342 3.59194662664493 1.6266556421484 -1.03345009196342 5.08049269341406 -7.76517805051589 2.45466135460439 -3.56477324245237 1.13521109790506 -0.917877508997944 -2.64892277679966 -0.21599918778501 4.27267266239057 0.241563938326108 -0.68763483149033 -4.40441802098215 2.14217447153955 1.93696676070149 1.65598724381179 1.51883886036035 -4.17006753615967 -3.41019986460292 1.53804795268088 0.58096381629099 3.37974843813732
"247" -3.11286739527748 2.45451198509751 -4.57642883951734 -0.174463446207884 3.64798401434733 -1.97690727237 -4.2700293560095 -0.0904417992692164 1.77973029927774 3.2905723183043 -2.86870202015844 -1.48495941137437 1.60673048198352 -4.47167442769258 -5.4326539676167 0.143227262335609 0.160818221269279 0.294310198071081 0.529317951237478 -0.430453551495296 -5.46644012567586 -4.33020416137897 -1.01818271522672 -0.162497749563041 4.73843382233411 -0.518161277145888 -4.48148027097728 -0.00735995101413965 4.90155440700623 -0.62670340496552 2.26048701888961 1.9141271055558 4.02009129463894 -0.679141565123808 -7.51104109787396 -3.17204440666369 5.83409852082598 -1.84945846735054 -1.66165660344126 6.06210346052644 -0.300704565876049 -6.09853003244072 -0.515152309020874 -2.29312938134061 0.5601335018697 -5.03903218616229 4.3200009699531 0.648719967404489 1.66504586101899 -2.64559707348117
"248" 2.47465597277674 -0.924280607897906 -5.11628554259272 -5.32436719197266 2.3206995893637 -1.20415422700858 3.15827702219024 0.879810020619856 -4.30350104877187 0.532650700862767 1.79596144184555 -4.92675167475951 -1.61819899223932 2.56792091141505 2.13412320395515 3.01844799515054 0.0886156405188988 2.93088572299534 -2.16901738855467 -5.10905181599061 1.50242400990463 3.21927472561026 -4.61899080833715 -3.25430228855311 -0.557293075247515 -0.98120467676339 0.656244854125674 -0.896679769789095 -0.739412936569707 3.00278904278899 0.603409260328539 1.18992755726554 0.226219843654853 1.01852943332169 -4.01016935357323 -0.770067169584417 3.30451920951277 -4.13594726722783 2.1021589219985 0.867673596867284 4.5324634258332 1.80620375111786 4.86070577457465 3.23117672255903 3.43249447339034 1.15187407397324 1.31220822881768 2.93914264380494 2.7995248523264 0.496405418340619
"249" -2.43493877988538 4.8734668386478 2.41273801478359 -2.99615734076427 1.87307885344096 -2.95513064029891 3.03567344299035 -0.166165700840359 -0.150953431311869 2.74388041267281 0.782162142216751 -0.569225978067062 -0.0110950089540393 1.21997419850882 -1.54016262740511 3.75385858043255 -4.42064526041205 -3.37476231269653 2.6962353696182 2.98163198985522 2.30119498003069 3.10789635652018 -4.47683701302522 5.02906835388338 -2.90757117714046 1.92537370718009 -0.339975533883407 -1.62267941111636 -3.3568887263992 1.9001117151107 4.46690072578203 -4.31515681201929 1.66954205646461 3.77334648556492 -0.0564080691147862 -4.96571019517226 -6.39168667359294 2.86409789339601 -1.33174591196145 5.14970700555517 -4.79808877114175 -0.815883666356033 6.13479736835755 1.74006099867648 -0.25978513765414 -2.47483298522041 -4.53205007733804 1.06025430883353 4.93896443959204 -2.78916545335187
"250" -0.649834306311489 -1.68576660422193 3.56167784447438 5.75184352566927 2.80983899055945 2.36012984860897 -0.698926988697297 -0.307035574973101 1.28365715115371 1.63477231205507 9.62183383232474 -0.906290404292659 2.1105344151721 5.87862833426814 0.468094351853609 6.72748277681643 1.94732173550774 -1.31605990560096 2.17161821942982 0.848624014258886 -0.751639665759453 1.59004098925165 1.4518740232902 -0.0371474835283421 -2.99475938323125 0.149357722870512 -0.88762162547977 -3.17473875574565 0.0454464790045244 1.25581805420914 2.75980054661653 3.04186958814158 -2.61738392483695 -4.79096209504241 1.85972585448945 0.276599861547351 -1.44116861694248 -1.38411538016355 2.64417837405327 1.25240968670851 0.83647926485325 -1.14785163577902 5.90128009605704 1.76742735518135 -3.52860320626568 -3.05486846186983 5.87026610454676 1.50076086191027 3.69055953645057 -3.17997606553932
"251" -4.19909097066468 -0.263184373602753 0.108845728276787 3.53312454666572 0.0465524900223864 -0.80861055008964 -3.2438438961424 -5.63252200948185 -5.42664462046972 4.08830924525477 0.660969582354308 4.35343206002097 -2.26672641685199 -3.07300781603169 5.32686164347502 -2.17417038397535 2.25759832267165 5.30934521779221 1.40079772496797 -2.72572011350009 0.180249666395671 -3.74363907926699 3.97906753591618 -5.28091431230556 0.337941915001276 -1.13012704991088 -2.97819176918587 1.04069918010138 2.02050251936276 0.971877436895022 0.994577126101006 3.86162987919211 -4.18493663813469 2.590078275628 -3.22745914340757 -2.75663072400881 -1.07004745958483 -2.30120723020446 -1.87203382445689 -2.06965660426082 1.33833262863859 -2.89520750357639 0.763385314730578 4.27327803625766 -0.961424444108135 3.23333668527896 0.866918376465022 0.746412857908201 -4.9579527626628 -2.75616632976967
"252" 0.391215334133287 0.196697591224619 -0.801419801901089 -0.383875485491106 -3.48986368226752 4.45001952224477 -5.51373685888632 -0.716645961284927 -3.40623597830223 1.8289462392063 1.20761743214158 2.1577184895687 4.88542906814954 -0.25032182184181 -2.44161352456949 -1.62579366779034 -0.14638887410801 2.09437029976993 0.746211933023789 1.85886723537114 -2.22817058689739 0.599112993893993 1.70356136870529 -3.79232700917367 3.06368058009847 -3.49249745716105 1.92908712266338 1.10308083270392 -4.97978845200467 0.125968882114681 -2.72013899295476 1.3995911669119 -2.4758770162036 -0.593694723148846 2.45513847743821 -4.44662203482661 4.99269515429424 -3.61853568716211 -2.46047727080193 0.0784017559807981 -0.578630613585821 5.01060037825247 -1.24529200076529 -1.10682625214311 -1.2860045821254 4.15812642839437 3.47281653884112 0.368417482273734 2.26225009932403 -1.16193083449907
"253" -1.42796366951887 2.76856945651927 -1.73588016220384 -0.994289323794506 1.66959523481332 -0.487660727856157 -0.909575392455308 -1.0836053409549 3.5799356371855 -0.502889800876575 -2.09655416361323 7.3037946932428 -2.14171772360562 -1.35549866292547 -1.53869359346471 -4.37731938554124 -5.1082813103257 3.97440983398045 -0.470336285685815 3.76910483209139 0.258761737530393 -1.17598559628677 -2.53396973117802 3.92043973361745 2.49208306344156 -0.329637557730679 -2.80341788612851 0.36561901169847 0.434800302144628 5.3974009982806 -1.85951841633248 0.411464847839619 0.600661434471235 -3.46519602110846 -0.760898900817865 1.45370780065885 -1.22006605714891 1.02237824863852 3.20890088557872 -0.94741053023701 -1.38567211665603 -4.34155220238607 -1.12488397515655 2.92526821757761 -1.80835632086529 1.68997259188795 2.05544068944233 0.290637668345469 -0.229617350093055 -1.25150708312138
"254" 0.999760505219806 2.03258780228348 -1.38698386540221 0.287586567451304 2.35526722617577 1.65782945631443 -0.592323183396567 -4.84063473619047 -1.64014328100407 0.314223596687088 -4.79216300199258 0.79551284113363 -2.49949069360418 -0.218867216745773 -0.40136607876817 3.38542714520601 -0.522180593786436 1.90578065603298 -0.81982751147147 -2.9426018914285 0.398820855542427 -1.44154119581237 -3.1694085753049 0.719594296232583 1.47657731656842 0.0996787608586787 -2.31816302008616 -4.6329245945468 -0.858699956440051 2.5597849455708 -1.28575958305507 3.37853672169007 2.98362673821535 -1.64686909212641 3.08361596339916 -1.10174144047198 -2.25348588157631 3.51286761260631 -1.38480961757443 -0.420207482571064 -2.03182145227005 0.0284537442784067 1.63449300310136 0.78723259224042 2.25990842032881 2.8040238917702 2.49137012977718 0.765668656523157 0.904125324322509 3.55202661893936
"255" -3.85973930796846 -1.80367524791451 3.52606660768619 -2.24359292837529 -1.00710733225879 -6.72999946050821 -1.04213113781378 2.69499519155262 -1.60456315151552 0.382402076929909 -2.52584025471908 3.02155833197938 -3.95369922830268 -0.399176706879043 5.76159927650539 -1.99764584079486 -7.70058775252206 3.83122982667601 1.65634256544082 0.985477306060926 3.69739246362549 2.35118376223136 3.28043384717004 -3.30900019902173 -0.162941446969983 3.45642912665512 1.53344473958813 1.96974586787949 2.7212636563149 -0.855874209845902 0.214386517752484 -1.39920260446536 0.814685424962761 -1.40854240001001 2.75858071266834 1.62951075418053 -1.78600770651484 1.13966226147074 5.79270368268812 1.00393150295569 1.91993379001766 1.85908059001915 0.797958701574634 -0.428059124917841 5.9936416506695 -0.0743281418424054 -0.433743503898358 -0.138416029701659 4.63839241266637 1.49639369405785
"256" -0.687656297333921 -6.39931691258079 3.71658642306901 1.46948752671574 1.55348442620615 -0.640392033749194 -0.307297355745658 -1.6760999393732 0.934053572523962 4.04767525529261 -0.330092902649096 0.794088152246317 3.46992861619054 -1.25046632310219 0.711714275325612 -0.572621702668047 0.174534019250144 -1.68006997086178 4.2502175211593 -3.85220772178254 -2.32238532707993 1.11007568058522 1.36673589399289 -0.860220285873915 4.75727175257175 -1.50239167057229 5.59701710124326 -1.2202544938535 -3.86066774313219 -4.42141911815655 -5.01820381308655 0.562079056737056 0.296474274948928 -0.584093053558044 1.01946207825622 0.240039849777057 -1.12380980808214 -0.00103475914891 -0.996515862371236 -4.73772490285095 -0.503941366679147 -1.47427443838047 -1.30944249440972 1.7094414324055 1.19263588556756 -6.44020043552241 -5.83418514347551 -1.82773369751112 -1.87177791422881 -0.650979048717837
"257" 4.04364896253885 -5.01140200879279 -0.0657506638627975 -2.61396119675629 -2.10908286027098 -5.32805370877747 0.333984629918493 1.72760242303531 3.48412973970822 1.94285682591083 0.0243666915372141 4.05960875745764 -1.96893909353015 2.05597114960868 4.85582721775851 -1.18017038570917 -5.29821032192093 -0.488454318984464 3.16247462783947 1.69243915709876 5.00083864856953 1.32368772705288 -5.12092950801834 -4.26585386632118 -5.87184428829624 2.45567002476658 -4.01905948483694 0.668429496293645 -0.189361195586672 -1.86303642517958 0.255569733404658 1.37370301915656 -3.76326615966903 0.505631648049436 -4.02690196405704 -1.23225611922014 4.04278775341781 0.0270191438645214 2.67156401639398 0.994687448735069 5.65726393603262 -0.0759010897008211 -2.34718804065478 -1.0381441977132 0.480947490279939 1.23995947076052 3.31947336110103 0.686987725431727 2.60543226158191 1.12746150123986
"258" -4.45421891891703 -1.35043218666303 2.4513679119805 1.08512749232124 0.830311982731988 1.1928613851854 -0.179023573762879 -1.58123732785761 -0.00372661938548563 0.373922176169819 1.06064581522453 4.39971245097079 2.01986071941823 -1.94581773518343 1.19928572006763 2.74770514869125 -1.03666170348454 -5.91856919099933 2.02382730660522 1.56258490107009 -2.58257739602034 3.37632299682548 2.57980156516678 1.0242310363464 -0.193733903905918 4.18222195566172 1.98212642203335 2.62178883344826 1.04596524311821 -3.90030121715976 1.97350091346081 1.80466914709185 1.23869132238613 -5.61020306470442 2.92504874453014 -3.08098578510386 -1.11718161195571 -0.0739816192172591 -0.600825120592124 0.389930444427076 1.51713786651221 0.0267291918731534 1.48651478660854 -0.649271884736043 -3.8364595105236 -0.7731765532796 0.0902807765283355 -2.22975058822961 2.19561227529671 -2.60912771827884
"259" -2.89611701033207 -0.376452908319746 1.74869504574724 3.62481882853348 -3.7448135877242 2.62591642776102 -0.292075267633852 -1.92488379388681 -0.310410102219134 2.29117745891248 3.90624351355684 2.16482899687312 4.77707025987318 -0.945895393014682 2.96581815634572 0.470469373354049 0.157524287268761 3.67441277685146 -3.77139761008924 -1.3419979406024 -0.826945649387572 2.68018596070193 -2.3027977599902 2.29650256259111 -3.69362506987669 -1.34151665873542 4.96322490178471 2.33822201345628 0.0856602065279729 3.02531600324361 -2.23675386440677 0.982710401933389 1.66923741809049 -0.770808952293495 1.58825197423997 2.80039796029169 3.87396536074074 -4.63142342853304 0.214245046291411 5.75876676753871 -2.27972389212132 -0.61877618550898 -3.61139683050747 0.356063824685525 -1.71815298596042 0.41132701245767 1.88319022247272 1.13258643020812 -0.821213022478401 -0.892175510959011
"260" 0.196806477146816 -0.192271060955347 2.07926584697014 0.990435084542703 1.66304363911967 -1.5043350511721 -0.605877801170523 0.232169562538703 3.55303149867603 -0.719594822407014 0.0744684333817654 1.29105235922096 0.926853247010518 3.98784896675582 -7.59852368858344 -0.596752515832588 -3.93062480446675 2.12260992738234 -0.392426713551226 3.32695264647035 -4.93635128699774 -1.8994845252125 -3.49094110937346 1.40755523361103 -1.94195978987726 -2.04080184952907 0.916230388531171 -3.70717876598977 -2.13626358081004 -2.92481915577114 6.91613137918066 2.09654526487625 -7.39118706989027 -1.8442043878469 1.71736803079066 -1.56029353270892 -0.736148199848918 0.148018751962455 0.284679187084083 4.96353652176421 3.06860963907781 0.539171520042886 -1.00344593449989 -4.73459264708835 1.5391431943716 1.91575644975599 1.58669901972956 -2.18874361950912 0.00601362150995691 -0.240416935759735
"261" 0.952596443596634 1.50774463996105 -0.0136397994611976 0.301128939825642 -0.193183864240684 -0.947700180200704 -1.4464711964163 -3.39278178957622 1.35208540993201 -0.975972675989143 -0.459188601366526 -2.07190310966939 0.348550450710242 3.24730743166571 -0.10139528929312 -5.86893895871354 -7.31732825447323 3.5964708259845 0.824311618785552 -0.731701512394758 -2.63089299062031 -1.98037901770715 6.15474952761658 0.871818883151194 -0.222088006759993 9.15090872413365 -0.23515337555738 1.11102361794555 1.27582823178234 1.80296552029176 0.609595961737537 -0.833703934674677 1.72087534211877 3.01327377267106 -3.74440114537288 1.5457264150091 -0.929772411646348 4.93330251723274 4.10311244052928 -2.25115844940686 -4.95243312070626 -8.41459011099277 -3.91225118969274 4.24998381680113 -0.246607187463283 -3.71375234455195 -3.57275190917704 3.83499150137776 -5.36533648278407 -1.76595526481972
"262" 2.95992714331315 -4.55517044864469 5.18491352317098 0.665148723902203 -1.3802504141533 -1.33435614357494 2.76866299221755 3.78249032881459 -2.20591343234728 2.40043484893736 -2.07437255571784 -0.302387051086381 -0.473323760967937 -0.54104072908909 -3.97808754647951 2.144945394117 -1.15157223618769 2.42577232168019 1.4533820952353 0.894745170822243 0.0626821145777208 1.17544725535924 0.471836986486001 3.25088488157161 -2.30872362002799 1.74631895204391 -0.890806464193972 0.89346455958136 0.916800796565463 -2.58853222367742 3.32462129841987 5.22376855506567 0.948776398919599 -3.56761656083037 4.23533504150283 1.82141166205574 1.14534776800426 -4.00058309569022 1.27652016342329 -1.28833048685692 4.04067775615747 0.649672762939172 3.27969136263382 1.82281648924495 1.63806136412252 -0.736513768380539 2.11139514350528 0.964705545691497 0.538851937034613 -1.2185578246082
"263" 7.68258622525799 -0.140006777988969 -1.97871111280571 2.16435725935661 6.12478886375878 -0.782518765917322 5.20204339462618 4.97297399718689 -4.45721215317566 1.57027491340249 -1.39952210476543 2.0781464753871 -1.29207709508442 -0.97992584461909 0.180748448691109 0.108910533724952 -2.06458999131153 3.14622477206447 0.348616860085369 -1.46127996424821 1.16454189590639 -1.38632236134619 -1.58933323369603 -0.886889553237782 4.67884367526741 -2.58758228852136 2.4156403422133 -1.85015770342161 -0.770990106615982 -0.480774881991048 -4.74066052962042 -0.164291508180119 1.30297398670841 -3.51442449291058 -0.2285359246694 0.781859410349175 4.77225160002672 2.2956114921344 -1.91976717152436 2.45643310542385 -1.50235094037635 3.86149750044659 0.937655112870338 -4.85585604062894 -1.67345745492846 -4.14138935966416 -0.0373626479066109 0.640301139556408 1.97158412513622 2.97799166548356
"264" -0.341111788258705 -5.11850742714391 3.49361908239876 0.644004413245292 -1.20889648220515 -1.98854266297402 0.142966196702515 2.27711417911019 2.33785299813252 4.57501912220795 2.32931722546029 -1.9032396931996 0.689332343787036 -0.574769190414124 1.30253102504198 5.38239125279959 3.72360669081465 3.04482717035169 -8.1484156799334 3.86096110882795 -1.2827791809309 -3.26302783286565 -0.741141331932222 -2.50473404952622 1.30804281357383 -5.23089988854931 -0.661553396663293 4.57972118408432 -1.91928960930792 1.55601814139206 3.25903174430133 -6.64463042888126 3.21328731848301 5.12964015231475 1.75515548881052 1.1767525785462 0.261250595441694 0.777854463617064 3.04120130117652 2.77038664491676 -1.53335354527616 -1.30397244452232 4.21921537276795 -0.904555354071959 -0.653742529991466 2.89099076563326 -6.79838181123923 3.51070053061641 -1.68679240155326 -0.46267964037509
"265" 0.474088263769083 3.71522055804144 2.19884049043882 -3.27253781093976 -2.58525738780419 -4.76910743535993 -0.617974568504776 -1.86152262299134 -4.90053263742841 -0.400952659238288 -4.40953635696181 3.84023518102277 -5.19418072189022 -2.32039732326646 0.895458755449522 -5.87365651632792 -7.96417697398931 1.92885613470754 -2.52014532376906 -5.35013835270472 1.48212262052318 -4.76059943047548 0.356253262392632 -0.270054828267832 5.03728524986566 1.26935637677454 -3.50352136311704 3.39813196793492 1.88024509182195 -1.82810805365108 4.8822740243042 1.14766246218014 0.138889382527715 0.473556118078263 -1.53657704510737 -3.74177983407644 -0.316772389957055 -3.08895682993547 -0.742060538968012 -2.25881588386516 5.90967168698199 -0.594093518146528 4.09926152369965 -1.01324664382558 4.66804681423598 2.63337274537094 -1.73095342181769 -3.73539648021179 2.21665709832116 5.54508711194767
"266" -0.598170799932504 -1.31611633517273 0.931994305534196 3.41792889374117 -1.97010800903625 -1.89877988326663 -2.17837293455322 -1.36201018060319 -1.13312549288837 3.38527331581049 2.55522937320388 -1.78320372762134 4.182879151656 0.0452481350175904 -3.1122376539642 -1.60454087669617 -2.68681381560833 -1.17757098482126 2.12282412786883 -0.0276433569200474 -6.20183529797956 0.18351636514925 2.44048552917301 -0.192454919584463 0.516460410715956 2.21271084070603 -3.26340407616962 4.39463691546033 5.12434102298897 -0.31247450001323 4.64931706158365 5.99946427184974 0.517263640933653 0.673210299149977 -0.746915424648455 -0.343208931955386 -0.0544301068461639 3.04727933942707 -3.55003396706908 -0.735046454534686 5.22587437218946 0.346208382629058 -2.59616586728793 0.874487902940441 -0.0102890296600981 -2.10096116488671 -5.885787826457 -3.19326163456689 0.647061386032891 8.69525497968469
"267" -0.810020834243439 0.189103875551461 2.82961278090973 2.01649837459576 -3.85519872437595 3.1401562391283 1.34856112826308 -2.63933896785744 0.654594259448678 -2.63178845288868 2.51253004718969 1.76423431375692 4.64795399744545 -2.73574303358377 -0.55892737622868 -1.71140112471106 -2.00757870236269 -8.9565753296499 0.307051533399693 5.18635687057623 1.36855737503326 -0.642314690835507 1.27376733905432 2.52772698006017 -2.40311264512345 -2.58020968515231 1.13040447520054 2.56987135684427 2.23331846059547 -3.01416223389471 2.02292090067731 -5.8578066613382 -0.359447610936343 -2.49204975121767 4.38366707142167 4.97628775564668 0.464479163584034 -0.626659003431346 -1.59864921225958 -1.62511751505119 -2.02146964097192 0.812284778575897 -1.80958570480723 -2.83207106465553 -0.133392285768149 -0.310197072166705 1.69005419583602 2.62380905790967 0.849973289274312 1.1716095409601
"268" 0.33941948354764 -5.37658547561219 3.0538989873523 -0.872854013107644 2.01201616679441 -4.21096130925054 0.373012272685629 -0.671549873993349 -4.6787890715298 -1.02287793940767 -0.235806417186284 6.28492535576221 -2.00909809005472 0.193605714212646 1.94436529813567 1.03328594269096 -5.76881143054705 1.29319784088282 0.093882832459484 -2.40944261170489 4.68720576398005 3.32481927964794 -1.17265932751092 0.595643914153874 -0.332183118213904 4.64105184379136 -0.490034541297224 1.8999369166561 -0.412565616838996 -0.777239021560266 1.37952900189295 -5.89437556903365 -0.245770739391793 1.66656194135278 0.230594921127685 -1.19201287908367 -3.97512074449886 0.125578233082662 1.17281075301669 1.97949497979972 -5.16677714384349 -0.0011565360916813 3.85532481395369 -0.461785412750137 -1.44500953553947 1.14644647124308 -0.161945590398228 0.133635163807883 -2.83387754810719 -1.80253238302643
"269" -2.2653207018457 1.49478409981906 0.63562131952635 -1.27822527622189 -1.54933296955668 -0.719405655508933 -1.70561583607604 -2.00436222355296 2.33755102709961 -0.134876103445177 1.83654012430455 3.27308940495785 -2.0397478058123 6.89206964781095 -0.26998273270711 -1.25566478209816 -4.26233936893641 2.27297928307363 -0.0180879138702537 -2.25058137554222 -0.894151526501109 5.64359430601347 3.72170478951499 3.14517059696686 -2.09148059796127 0.74702666360012 0.0112504448035393 0.597576155912659 -1.05299568817968 -0.79915422831896 8.50890049253968 2.85748500936287 2.69077462126306 4.65275683188719 -0.391460586112067 -0.00252361188064036 -1.12397961990745 -1.55157166498949 -0.671747789441495 -0.00249471088495112 -2.38472758832731 -0.29314216715808 -0.135641149355629 3.56343625975309 -1.40252850508401 -3.78290377688821 5.75214657208571 1.61332531598762 5.0906754187207 -0.644394034277383
"270" 0.278226608402353 1.18567290388149 -3.09735174297889 4.9866780109039 2.42809156627816 -1.89607903871701 1.61040332443972 1.91347336167902 -2.5557456312409 -3.26489580905707 -1.32027427040921 1.90281122042019 -4.95560620055687 -2.65017174885088 1.12761218079864 -1.98696893460165 -1.05330648280478 4.21853916470616 3.3796691753541 -3.72086242071865 0.428596061514245 -2.25403148070959 -3.00731112982972 -0.115304782221836 6.49778338084194 0.126680920334559 0.932300407762541 -6.03494166140225 -5.78940553682865 -2.2606551194213 -5.97949051287103 -2.23366386240342 -0.263878607440591 -2.29856246564851 1.6254693012094 1.2358268820635 0.164456159827251 -1.13634089055533 0.48852083682686 -2.25096721467139 3.62353981296128 -1.40060438904073 1.11961463375536 1.46978962460109 -5.00590097854812 -8.45793620425375 -4.76643754519673 -3.92082075259812 7.05004857259449 -1.35830852795904
"271" 4.07306696418367 2.97640351243707 -1.89241382502236 -5.46601853374873 -2.46075773023553 -4.51867234779618 6.37639866601634 2.17751942320317 -8.86632910975081 -3.15258053756605 -3.69294129761624 4.2932584810455 -1.78505321398437 0.786241021460498 0.716863778322803 1.19361296307387 4.78259207493129 1.98389254940865 1.26036471531027 0.612232626789543 2.59541503187651 2.32210104364236 1.71227587706985 2.48494798350287 -0.565184218748206 -0.389759351405697 2.83206307814358 -0.736132218231637 -2.59666230652696 0.111009886762158 0.0605888756126787 -2.50118817449646 4.56748484610819 -0.783464685728787 7.68394037189654 -2.8135377447152 -2.59810880416506 -0.873764825447664 -1.24588264100685 2.23141432050547 -2.03704400432205 6.11506003051794 1.91924327173179 -2.28183573497582 -1.17750826325694 -0.251682502879396 -3.90293676487037 -0.172872603517157 -0.10223306760166 1.17748911800847
"272" 4.01030336280835 -3.2465226559657 -4.21906337786747 -1.33313962557521 -3.64298847336141 1.66462166075564 1.43269374056279 0.097065346185961 -1.25032300018622 3.17846431321989 4.3981406251987 -8.56219272429022 0.922364285964082 4.25988329058673 5.16024558812072 2.87901132560051 3.23954677960958 2.17624340339108 -1.09280570954741 -0.623644993157989 2.60825067868246 -0.357318428829777 2.73348825556822 -2.16370511002435 -4.87460946514337 -4.23966963581751 -0.626457197961247 -0.487092437213074 -4.79290520426578 -1.55290609290214 0.225830133475442 -4.33631536498657 -2.04214828516271 0.081004864195916 -0.857780207445458 0.135573712656719 6.49611239855548 -2.00256011455633 1.27826758907736 -3.22179449275102 2.13919719648181 3.17773539767651 -1.74430834081726 -3.90040481244781 4.21129920095752 1.31236586114848 3.05621142401702 1.98423719534088 -0.214339083464002 -0.191531383582983
"273" 1.82415844130377 -3.07796370637198 2.30201178144351 4.17646690380179 0.20544344411567 4.98393812335122 -6.39893483613408 5.17177904641223 -2.56317521544476 -2.65376925824323 -0.0220831924402712 0.945133388508036 1.92600195553039 0.86904265633268 -4.73812397464523 -1.63440355383674 2.62724991608336 1.24340321461323 1.84947303738723 -0.263197330786732 -1.34352913555113 0.530859866307362 3.73978534220359 4.31416596026337 -2.46678552479796 -2.10561975419408 1.38164632575736 -1.74790207359547 -3.70820657424895 -1.82139321945268 1.64249269876719 -2.02310992114698 -1.3578243468475 5.4909251013857 5.47016135591915 -2.73710643798968 1.97267062641411 -0.156985375085773 -4.0880451791573 6.49695506677106 -0.57724518302696 -0.39117223320805 -1.54801063373571 0.299338170449114 0.599065919944832 2.10725323115098 -3.75186549682645 -3.0843494909471 7.07047606847787 2.13016760518397
"274" -10.2595896927798 0.0862047794289717 4.3761879118858 2.12416627922313 -1.47504587463188 -3.94886471068678 0.171839325616643 1.12481562865669 1.02467580371728 -1.09616847684892 -5.14610831149358 3.71660522434637 -2.74737832940386 -0.137545965974901 2.49863652398211 -1.23055862597996 -0.104939225435753 -1.62762886046933 2.8099054243362 6.85938627549635 -1.1501495394677 -5.35827006403529 -0.67462656230474 -0.642819212033524 3.03778704270766 -0.20331746517147 3.70780521251282 -2.65182885758673 -2.22219694142946 -1.0539765269833 -1.0043858024378 5.28630384525972 -4.09475824338136 -0.493999985928854 3.11649147111496 -0.151667593777275 1.32174571194124 -2.66861491855314 -3.77253388087062 -1.86209836375762 -0.436957703606634 1.07019866379045 3.57397408517887 3.90053392242914 -0.535317652858901 -3.21867799686982 -2.7693393384914 6.68163005784552 1.28085466890188 -0.267278508125849
"275" -2.72829384372757 2.86820738043277 -0.28522536207894 1.06531090506069 2.27060485294399 2.86268096118636 -1.94118728354196 1.40143977873459 -3.81613231792611 -4.23886002824525 -4.86877420232858 -0.221775944979853 7.02794917839503 -5.00381262798399 1.72957511002006 -5.50508905289811 2.34049817127504 -3.41562085589838 2.17201528877063 2.33073083140679 4.06493905024088 0.785147314345351 -0.08726533747378 0.431724685206293 3.38539972541034 -0.294842813602206 1.75831496069979 -2.9000501856529 -0.357234214571279 0.572539337932969 -2.20712699209267 -2.90760171362889 -7.30480802188761 4.27300479399551 -5.43313550592375 -6.51616271764789 -1.6525423730064 3.57110938316395 -4.15483905669993 -1.34488800970536 -3.1131186558673 6.04015143616504 3.04802469326219 0.403097483220474 2.58259102083191 2.24410846421494 -0.216919487800004 -1.34897173380412 -0.253953300214477 3.54092989115873
"276" -0.102141833491804 1.27895350331746 5.49720596572319 4.24357239640508 3.90328695831334 0.106630053019765 3.99472550606945 0.137542527664973 0.963978715705842 -1.64447920116843 -0.726949737917662 2.7246938199479 -7.07220327779065 -0.612977348232492 -1.73372719038675 6.50782682359027 -6.91863581609928 -2.99847209556539 0.115659767294232 3.69409812204843 -1.66613514889259 1.11501009862008 -1.08533493093184 -2.77922588741011 -1.76404171515297 1.80153435470719 3.22456309738937 0.044644722243134 0.353337011929179 -1.07029091207717 3.43449976646735 3.2346750775404 0.319246972612304 -1.44719491218485 4.61470514692015 -0.65310792292694 -0.870543689198685 -2.58646489395653 -3.54979465132775 -0.819680186817022 0.206760693298902 2.09235367797136 2.19834200398532 -0.0287403026135089 3.7156712714699 -0.614591274486827 2.08481360878708 0.527082193036918 2.86446615121185 1.55928756698125
"277" 4.42365034564127 6.03005215297334 -2.53844673846497 -0.60987561092883 -1.04015418872906 3.28800509853805 -4.10334459685836 -0.967267374970032 1.6097428632529 -1.19411384375576 -0.661403515265928 2.17062724278449 -1.99967646500845 -7.0178681525588 -4.58775528677141 0.691812040242845 0.417062997447151 -3.75474311249088 -5.11858656814904 5.67607119208532 -2.3036641861753 0.00230941036174455 -3.25063079070145 2.8674880456566 3.15620188746921 -3.54985044998058 -3.17171646834713 0.0785103597832518 -4.24744351327402 4.60114063394141 1.72695597775439 -0.276729812944022 -0.822794444785256 -0.588159426173455 -1.8554992593566 -0.952413663383145 -1.60456535136234 1.04400612132729 3.29974230405522 -2.50431852938434 0.556327293363542 -0.464208047398898 -1.06802586494359 -0.123208193074263 3.3956427043839 2.93444306136806 -1.16578004846872 -1.55238056742988 -3.21435979518163 -3.38234700119763
"278" -1.84535433741918 -1.69079807898351 1.41309097825702 0.61548090395831 0.37187272952012 5.21921041194768 4.02211623805783 -0.161454593715141 -2.03157576402729 6.535421044653 2.84772550870853 1.1378511341758 0.773048320522908 3.57780342001433 1.43516572558029 0.645459097263958 1.33905632228394 -3.07911483496961 -2.07445958632896 3.75897245545805 5.29886700995654 -0.499867986275631 -2.1619760783696 -2.78148821553349 -5.15904070802284 -3.68122012153021 -1.37857536658756 1.45025211616764 0.0532019860177134 -0.536244000881825 1.41686500752665 3.98646253090451 -0.135790255844438 1.77979308521962 3.03018757361008 2.1368994691125 -0.14067652555097 -1.1335158210669 1.56444090407907 6.88468824514643 -3.35106513082068 0.881770254618339 5.23411833112061 0.563674028852688 1.84524276401523 2.38935310047414 0.834108983098834 1.73524766587891 4.34491460790715 1.70781674284613
"279" -3.36528532075879 -1.07391763013603 1.62820061546984 2.44290891944386 0.217446915550803 3.25431147269376 4.18457770067728 4.16626280700475 -2.53201945769388 3.98774608909714 2.75382274320797 -0.152077744966602 -3.6289201068847 1.98881385527348 5.07879147450435 5.26835743667613 3.75678688651682 -1.6235397685379 5.77724194843425 1.60750104294489 0.407924246272384 1.67153987235833 3.16303137766385 -0.847147879862756 4.43187947646146 -1.42526849866686 -2.39966684198542 4.39517859696406 -1.23082251683349 -5.84768365896382 3.86854466086084 -5.40383910747839 -0.516360255244136 3.7319715538779 0.829163300330936 -3.70770902588626 -3.39782385617824 3.95333917370765 0.945587726191331 -0.257106644821996 -2.39108991231318 3.22658657201578 0.782155575663221 -2.78706020194268 3.81190828304662 1.06940416856272 -1.63272776306359 -1.01641171905753 1.23276889372686 3.13559054657462
"280" 2.97845791875365 -0.913083817581203 2.88049066872389 8.39914677126044 -0.417967602198258 3.54559243894171 2.42283322625515 0.157723398160876 1.96459729357305 7.85358738524171 -0.468858217182271 1.94788279032329 -3.44874211490656 -2.73296941514262 -3.44708052709897 -1.11417532258417 -1.70315886526063 4.58996466031022 0.894444524421262 1.35835065906956 -2.73924077803516 3.49815387236946 -3.83113181954764 -0.630111165235436 6.70095675264818 0.586271951283362 7.62529609402807 -4.47511241972115 -1.31880473977963 1.43842438672726 -6.59888629057367 -1.85433813639105 -0.89345858965795 -2.90936523329006 -0.522954786192375 2.15961752960093 0.470479371361068 -0.349426089409876 -0.935283504048073 0.243378469854789 2.86364798900112 0.303496943085436 -2.06291932587126 -1.88360968894043 -0.307024621740279 1.97506968716618 -2.20601652282633 -1.22542629568716 -1.12453030127888 -0.329316514252716
"281" 1.6038591274668 6.26516603182337 0.430556993399268 2.63656039021028 -2.09824349261638 -2.1938268246002 0.522122206942739 0.838395495138754 2.29349821374516 -0.491735701251537 5.71259434135414 3.18475080675976 0.704485125723716 1.551590140265 -1.04164368547865 -2.77922898099587 0.519384876224724 -1.39556566693333 7.54937127934865 -1.75292498408514 2.7151637254848 -0.0554146827075488 -1.47333628077975 0.0880701469612501 4.07605376473477 0.723145924115368 6.17035125659601 -3.70863791428066 -1.16858314442835 -4.55455797449629 -1.54834674390398 -2.32626730943884 -4.12056193871765 1.99786167976533 -4.9640584868345 -3.68417705227721 3.00897346215294 -2.10492900960063 1.54260639547563 1.06729076545565 -0.23458417495277 2.40628180642039 -0.523175490874406 0.0686782803520642 1.83157484034018 4.32185589143417 -1.20815888520104 0.874525563413095 0.195634849569587 3.3360893887923
"282" -1.62139606726054 -1.50716853812764 4.00093897776157 0.256904757215777 -0.0278068303400559 3.20414855190404 -4.18090590048261 1.29703973403438 2.30027894091041 0.806856155902178 4.2193718812543 2.67305766327657 -0.882678439213196 -2.29611301004468 -2.67900216949529 2.46980197039065 -3.82940262969277 2.08033979985755 -4.73640959301881 -0.0238880932703901 3.13351060674251 1.14669621056421 -5.77611003389254 -0.260251491210544 1.68919488063615 -2.53445106487358 -5.3249039076328 -2.07232513165018 2.58926513775991 -0.513460275378457 2.83489328996893 -3.2558198936356 5.41682863144893 -0.357244292452776 -3.52979408295955 1.31864071815567 1.32505953280604 -2.2509373540603 -2.87438768854116 -4.15358482849754 1.76864434746376 -0.667154584825043 -1.93223961975717 -3.01993591430258 -1.019516846983 -1.39738969744723 0.428556422438551 1.82651818815757 2.69204051760508 0.905453421308374
"283" -6.92589190025486 -0.314214188333134 3.16215856356206 -0.980934161545559 0.519737105130352 -1.07175596393721 2.4280841166947 -3.32368090860849 -1.87689196129328 -2.44789395636793 -3.15701291153586 -0.506119391258344 0.701907747171431 -2.77814370846533 2.41071646138787 2.55638041775152 1.38226252889779 -0.626583965982678 1.04344661779703 0.931672002432387 -0.765874815624032 -0.283658331371719 2.05466711526164 -0.605987742300215 -1.8043604035749 2.60210719440467 2.74588675164067 -0.216500822337354 3.10881784176336 -1.84542874323651 -0.420321107257354 0.152194163310258 -1.64872961338286 -2.08490389779981 4.06967818327428 2.04965844381658 -4.31361528006651 -2.65472312682417 0.402011362094693 2.31988096408315 2.14918220169018 -5.45900876019698 1.73482742780151 3.41548127022665 -2.32999542273379 -3.68355229534363 -7.49285069599058 -1.98917538193131 2.72476409737752 -0.146254768009783
"284" 1.1565226977534 -2.37778601068508 -3.71743706661768 -1.65963418226203 0.392444174211907 -0.811425257711558 0.0224406309537548 -5.32130243359994 -1.74955357015504 -0.451454047617749 -3.39321423161817 -0.380520529289389 0.72217347392372 -1.14599696047375 -2.74202719276814 1.31358446684191 1.29351220302391 2.02923373672389 -4.09106355022349 2.68226949382756 1.80528658943804 3.52981825723853 1.81467392625829 0.600205002219682 -4.26617347871377 0.970442023482644 -5.08805151739011 4.34577828353701 2.9788531961255 6.6260804961172 0.673417240997448 7.40691283129458 2.74907737043936 -5.21522267862823 -1.0016852608602 -1.6075140786028 4.25269545519468 -0.742245213096124 -1.47754343821778 3.48224703583823 0.355053921024032 -1.93138646903449 -4.18896118526945 -2.12528149912733 -0.0628828417539224 -3.67334146601004 0.706692332012343 -0.686493020286705 2.05797171244336 1.04577006620366
"285" -0.149522371366728 1.32680694094755 -3.35127607878646 1.36281728139879 -2.39137827997475 -1.45819458418814 1.62413450336129 -2.26919856691722 2.28073363936779 3.50321309301967 -3.58373345710773 -3.8715426684048 -7.17894791514398 1.22192587755379 -2.77836843408393 2.44048486159551 -1.48135335796869 3.42083720130289 1.63039823748893 -2.84942699568505 -2.66527347283382 0.337818971406248 -3.67588746376886 5.16259412031692 2.00684566653592 -4.93682352744933 -0.633557470741905 -4.12112004598739 0.153794403424816 3.49609348130693 1.35781144910881 -1.58864766799989 5.55987230291733 -0.694454025587832 5.3331740123499 1.0471673901553 -6.14001211663507 -1.31990362265488 1.56119882840488 0.712759271584079 0.697286880204965 6.99141125136391 1.6501510466413 3.40944594526276 1.89708281888323 -0.312247265939748 -3.67199398286591 5.42451791432328 2.9790474729057 -7.3325937962594
"286" 0.524614139876409 5.60939007320679 -3.07957585454091 -2.1611117240308 -0.550365838393719 0.57865830661575 -2.33583771473378 0.791586081673308 5.78268647984399 2.03148650783101 1.51566330818323 -4.54075565213972 4.23358246276012 -1.13431642106441 -4.96086798744026 -3.29456436975592 -1.71238596261055 -2.83151106472714 0.71031852834104 -1.0781510990164 0.164466883418432 0.698295951708471 -2.08162585329231 1.00588723893435 0.612931745460594 3.61379665345497 -1.31935319355314 -1.1946668054318 -3.21432810537529 -3.72455998569884 0.581980446723018 2.90912361339044 -1.76930592391327 -1.5308768805063 -4.29428510506912 -1.09696311976582 -0.068565434911886 -1.9548742650407 2.76882988862398 -0.253419553019833 -0.695720608148072 -1.89954711855884 -3.27227132249091 -2.69485566039107 -5.47202088790799 -3.6421971094951 1.04394019825836 -2.53174941353933 -2.04035633401733 1.15741794620015
"287" -0.451401521401501 -0.880323159718715 -6.06597761210548 -0.955478462012079 0.709199829840377 1.35802407216171 -2.05702911394187 0.177912179366511 8.76385770023311 -1.66181029693263 1.34187225222905 -2.60100375302044 -3.72823387019254 -1.4205539875309 0.888518239679843 -1.60481417396323 1.12434259029243 0.212237291645177 -5.1872410369808 -5.75585303653872 -0.387676338078363 -0.919483260150707 1.99925318338597 0.427879516194332 -1.7863534080822 4.89425193954328 -2.28871741592194 -0.92246876869083 8.45638581320256 5.83082846250232 0.431097998740201 1.19584847788905 -1.36186479500244 -3.87440557897976 -6.71903596183528 -2.65020101973735 -2.18700214623012 5.50853921712586 -1.95590772408304 -3.18623034152979 1.9864462150473 0.59482301335797 0.18564723537168 -2.65766459277841 2.69033353922496 2.04982592754983 2.70407034964735 -3.82556284604181 -1.80193022636168 5.46946019079256
"288" 1.78749520415955 0.0888876739150604 -2.36353996259411 1.63518171232017 1.31915281919079 -2.82804057318249 -1.4687580858122 -0.483200886737112 -2.41915918974478 -1.60843743068342 -5.28645128922201 2.81949918442995 -0.738633872459537 -6.83409335058556 -3.76191661537684 -7.16084528779635 -1.21031594880834 -1.03218859267245 3.75693913469337 1.68942413414664 -0.292859689515041 -0.0809812530638607 -0.7536786775015 4.15436767337542 3.02298926569645 4.51657688953189 -0.999961075393863 5.99719243121146 6.05746737283973 -6.73447209782625 2.10435356014947 0.695482473944302 2.808900657972 0.263922460401012 2.74960381809864 -0.807086644993093 -1.2097769555309 -4.42991450993464 -0.476004626994016 -2.47426105264154 3.98593181644089 -2.139740641652 2.27914193528249 -1.08397013888955 5.5112004989752 -4.47420108986408 -4.2835654633079 3.86525928041147 3.29137556102102 -4.7335276952641
"289" -3.12522837634025 0.327221406770082 1.96579643670513 4.32335904634292 -1.53207069876931 -3.27795704840248 -1.53225003173143 -3.60942016772885 6.78381489757181 -0.0447455042637642 -0.91514815019384 -2.8966599214515 0.0597272429506684 1.18193046803302 -5.0580811471547 -2.27208578628147 2.05741739487492 -1.75938303848232 2.87385631925014 -1.95558817830691 -0.787159399603952 0.119446057381702 -5.08932240011948 -0.268896423233171 -4.28075444007924 7.54218834161482 -4.63799995232811 5.12057191468 5.0169355931529 5.00002811026125 -6.65299476956746 4.44822336186803 8.15166474271966 1.97445063816973 2.55868997995072 -0.39127005026791 -1.3918445631536 -3.86738658490148 1.32088376384855 -0.964786674417301 -1.45012276289405 0.76708744368407 2.52662930892837 6.373841975214 -1.70217878272563 1.77243007266347 5.664039397545 3.16106136924721 2.92934628590701 1.2768345981217
"290" -0.468321186796233 -0.922207426251792 1.16547515563466 -2.77937463680197 -2.30903389194266 -0.46103965902788 -1.0099142596498 2.62778293196329 0.0845630075544801 -2.47482806467753 -4.74720807155542 -1.55730962141032 -1.86529337314348 -7.32526225549014 3.44202741502358 -0.69033742190945 0.428999023090443 -4.20108480730114 -1.53457063645988 -1.51288467179676 -1.66422620254044 -1.36680736509839 -4.03370401339004 0.0659961689269214 -4.48318698110806 -1.88167585042974 -1.06129490621518 -0.155132633895134 -0.433970679002218 -1.44751489414974 -0.435691369577704 2.94729098557717 -2.64786350820661 3.84965073238993 7.13016405505193 0.78680579184332 0.963023312412514 -4.24981807951516 -1.40702356507553 -0.721163054986274 5.05423818974711 3.64857540821676 1.02918520930253 1.67757651701735 1.89078639021993 7.33690052168906 2.55914718508111 -0.062333368919055 5.36281385794283 2.60369513440649
"291" 5.40760606564803 -3.00664443837839 0.0479972801503478 3.05207629341777 -4.27401901147996 4.64642551177595 -3.20057104000461 -0.0598323054213521 2.64736526611844 -0.957248416356291 -2.40167249958832 -8.32111145427275 0.420217006846602 1.8947751734099 0.59078831661012 -1.55803560799907 6.03621918531196 1.76928990039467 1.97814273190935 -0.334106732671784 -3.35413962813225 -1.49861349595572 4.66633815867101 0.325739416127552 -0.0340366905447885 0.79805726777065 -1.89584839048425 2.35021776031015 -0.649309428769427 1.98847993261425 -6.4101503114783 2.80718839298667 -2.34859140375628 -0.711974563449294 -0.530834467975893 -2.05629571095129 1.02335496901221 1.20741433112107 0.0773966327796474 -1.02484780820844 -1.94301342824263 -0.733858421241942 -0.945677144431373 -2.79424307187833 0.119056278165307 3.48181055231832 -0.724255632895495 -2.29358026819968 3.91179403666613 2.19041145945934
"292" 4.03430097701379 -0.397237827692976 -0.333025104013528 -3.46563226401722 1.10338359985493 -2.27601815130416 4.83785278466485 1.74287122638307 -2.50890759229903 2.10370963393447 -0.155548205610168 -2.32639537187822 1.93199665623973 -0.0276946239659724 0.997931945609686 -2.19168737064561 -2.42664728323091 -0.527931739379322 2.41058498244789 -3.69469653775404 -2.32082888500759 1.60059812793163 -1.95640675056381 3.30769949433624 -1.73743005167731 -2.3753281706259 -2.54023299189836 0.00960639342973825 -3.76559751473462 0.655534313480981 3.99888871536571 3.85998962229692 3.14791245413959 5.98334619435526 -0.167347057903 0.993042576751609 2.57938732738396 -2.28427178098581 -0.9812475057921 -3.31770806518273 3.75716830851598 -0.103957480787909 -2.5416213210807 -4.90817357533236 2.1955529602666 -0.848766636320824 1.36083351855637 1.83695812492748 2.08098316799593 2.59132105558415
"293" 0.474271334855202 -3.03687427531651 -0.908456900432823 3.55101769536359 -0.0799946641155963 -5.68279745046682 3.35161714021586 -3.06145515338175 5.1552288321675 1.03169272137293 -2.72037403109558 3.45701561800811 -0.950001507431398 -1.16446576473204 -2.33151472999001 -3.32202496306377 -4.68471198332413 2.99098324484691 5.80086153467241 2.155466986079 3.40666860892006 3.97736088713005 0.646600502371339 1.50615518361953 0.645317222284201 1.75690446283096 -3.63577310163865 -4.46487356050223 8.48477261595796 -1.68063797528765 -0.976362322264529 -1.35373882152467 3.7033348402328 -0.772274158000965 -1.29100044347243 -0.117076066306582 0.56540204283137 -1.2082070977286 -2.02954438359687 3.4370330640545 -0.654111684562021 0.177259438811133 3.13101017743655 -2.02078818588063 0.368329180388358 1.08242568583985 -1.51039096966453 -1.72645092727417 -1.20312331388242 1.63546893963713
"294" -0.0141273858270509 -5.6530483220722 1.0278895597758 -0.936749962333594 -2.77165420942911 -0.194077606531367 4.42214599156722 -4.75864396975365 -3.24657057531312 7.37418691039243 -1.35185941984348 -0.269382466910644 2.65750692005269 -1.35503564815582 -0.160683359110998 0.594848805337775 -3.21592087114725 -4.08103086634184 -0.408355867206286 2.84339778467043 1.13901438399871 -1.8395753705095 -4.55223741538199 -0.90009947851035 -1.18672181863343 0.0889824523990024 -1.12428834716374 0.897548249431486 -0.459093487732929 2.29802773053342 -0.939403875617321 1.75390401002048 1.63019813152159 -0.0792570485774995 6.7344007325362 -1.934215520948 -2.2650337579894 -0.282091716997918 -0.110024441284619 6.52713791464035 -1.24097672544555 2.69303900259212 -2.04366109846885 -0.242637606998588 -2.53189141135139 6.01127373378523 -4.3234388043764 -6.12616836718205 0.804862751600459 0.131607896038834
"295" 0.452531755022187 -0.387535114557752 1.15040219628089 -1.25110384090202 2.2910469167235 -1.86217171134614 3.41716074381196 1.14612502742089 2.27248114185266 5.11105336680751 4.15776041865588 -0.9038449749279 2.34807770186973 1.63755636213393 -1.36801889888982 -5.46759200105484 -1.85239171943526 5.87213287847058 5.23030402919933 -0.148872348506376 -8.36068968257043 1.07054673414577 0.52199962967366 1.71269214908953 4.61838087947405 1.7268857311528 3.80929736708234 1.55694956228564 -0.00511142072214122 -3.27927712064959 0.459985908073369 0.599762586688162 1.68994844489937 2.71009463129048 -1.57193062756668 3.34159156835871 -2.82628407933646 -1.58548068797689 6.00597936470641 -4.3580773682976 0.464932440030192 -2.25788242541454 1.84749144912002 -1.42681262861695 4.79365076592783 0.0598581334091716 2.17615093218312 -0.358140213272072 -3.13332195815196 3.92155964586569
"296" -1.87589012328981 -4.0396313464079 0.089777567368921 -4.923307890782 -4.91809711210268 -3.99556433155132 5.12970033062584 -2.56291103798766 -1.83043292472452 -2.33917605798101 -3.4694575026644 0.667128362109266 3.31762372680158 2.72399890611653 -0.377586825435213 -0.919744105723067 7.39100538293988 -3.03577149285909 1.07703024290384 2.37076194328937 0.354402843749802 -1.53123340975384 5.21010153880991 -0.720906470648329 -2.23008683809684 -0.862705683495565 -0.0742990922319366 5.22784641494926 2.11295679134101 -2.80848328217472 -0.279197206299606 -1.47389711354076 -1.35669590517507 0.282802316820973 3.652032793003 -1.05631917416133 3.53661241128033 2.13216775206314 -2.02712296433083 -0.636427154708274 -0.849222270570812 0.589000601270183 0.0805742505777356 -2.03183275702895 -0.613223299471298 0.102687565158275 -2.76760230610686 0.967779694310605 -2.25350660118936 -0.948697755393868
"297" -0.233951214916099 -3.88152588338304 1.48774633125114 -4.31815887348437 -5.09585391967935 4.07564912862054 -1.0848083314603 0.441570314487145 -1.38290377895968 3.44304467713485 5.40511764186476 3.66231898813366 4.02841419346523 2.42659352628055 1.38610203897504 0.105215119645884 2.41236401253385 -2.56296565368034 -1.65094624669059 -1.67462725880967 0.743176027693272 -4.25503839752704 1.12271611163957 0.803433223662255 2.07952534346608 -1.07142816210255 -1.57067787134963 2.79868821603939 0.116351831787959 2.18225022837658 -3.69574255060357 -2.33199037034964 -2.08516994348458 -4.68120868249974 0.991683495644894 -4.04926445855367 -1.73424269973442 8.0259961244351 -0.650714648402406 -1.20046852637662 -3.19281988719868 -1.06940640529103 -3.95573543259584 4.31345592613144 -3.62405172128882 3.04248171262222 -0.206428045364453 -5.20067907686094 -6.46288139029553 -1.57611609022497
"298" -2.84350754877447 -2.75453121407814 -4.37678028352301 -1.82942500048782 3.11342316757827 0.643071206298548 2.29333689467323 -1.4214753937001 1.8242223885861 2.27646647989718 -0.088317363746214 1.38731648295091 -1.43715211291807 1.34003025381361 2.06763880317531 3.19894619994636 0.594148231899858 0.31395052996942 -4.61915149005291 0.567729158844741 -1.61324947700471 -0.425313299436559 3.46634730287866 -1.50350695090373 -1.24152383173207 2.67534139674699 4.81660966411992 4.92891273966012 4.53383245718253 -0.405167488888568 1.96046730183526 -0.894043145927395 -1.58031699870022 1.5456193378849 3.60135527231891 1.93888046943032 0.0637154580005183 -1.47349402749437 1.36237299797885 2.6238394230295 2.99881478863835 0.751686154262456 -4.41223798187885 2.73910504095894 -2.64701633251133 0.372151261640205 0.180019558146804 1.75579268814046 0.181420694863071 -3.94402886148282
"299" -4.51465464338924 -0.117335676780137 1.05853882936868 1.11072068973767 1.8581363915976 1.94373432001489 -0.540779563416735 1.46178638861801 -3.7837559932655 3.18459131892658 2.00754756478155 1.87566236712123 1.85340342420213 0.192140708661227 -1.83425019564405 1.69242949286902 2.36825982890993 4.26602194134259 2.96455391586783 -3.14218784064317 -1.97434614890453 0.415166139422954 -1.34764240023115 4.20951969810051 0.402895590126617 1.74472388458147 0.186505495916666 -3.38108939375769 0.100360019654409 -3.2645491943558 1.12149210616455 4.46083910644878 0.735194041316381 -0.528475329117816 -2.54461478293426 -3.43351168946409 1.37696151777984 1.62903758004687 -3.50666693506287 -0.308659211219727 -3.355680262834 -4.78652322402616 3.21726810938137 0.0617236435365752 4.04484476278738 -0.129474836363493 2.21589463843101 3.30120980648012 -4.20245728557683 0.174456851826694
"300" 2.19838427136066 -5.40345191906038 5.71167277215286 2.30226069923858 -4.02197704857147 0.826042108179806 -0.975144482822064 -0.477359410198933 1.72777145207577 1.37237659812335 0.0215451095298249 1.90721895846199 -3.54554714570307 0.368178296434525 -0.688724533513558 -2.49171051755274 -2.71847159240792 1.66417047697934 0.77193299854311 -4.59641137813948 -0.456611398096818 -0.628527254193573 -4.87142610294802 -2.53377149716546 5.5757439472992 2.78942463861929 3.20492291468757 -4.52468610709165 -0.562203846596046 -1.62243978050891 2.14128472321736 -0.711524836537673 -0.22513812614593 7.10140037618753 -5.10840347728904 0.186350390898736 -0.728858248186185 -5.07219263439242 -0.170575820260135 2.44842060488427 -1.70491128389726 -0.0947345342087935 -2.69051136167073 -2.62200148933773 -1.20639349711243 0.505541348881254 1.18307079884476 5.3388818329698 -1.97937690545921 1.83796160421197
"301" 2.27334204706858 -2.49304346094979 1.94340516890709 5.41386049582196 -1.73114092442709 1.93177832879742 -0.748898996315495 3.70912448798059 -0.961900899964242 1.4256939884549 2.47844403318214 -1.64931593150414 -1.55351663684484 1.06911514404534 2.27602052791004 -2.1011618101526 3.14350671040093 3.27977924395287 3.80187931081202 0.143376981923846 -1.206903680986 -2.27247708858896 -2.09659092538632 -1.05619768106141 2.12242825123825 -1.53804638676649 -0.161324900633607 -3.32748468615674 3.10673745986842 4.48656672593642 -0.220197952206218 -3.58054532179579 -1.9350855719705 1.62384065700655 -5.51395360172459 -4.46410600497882 -0.712391185594384 0.675204052932322 -2.83507908698032 -1.13440921616459 -3.03392340670127 -2.41602910667702 -4.42512265251653 -1.90491080280465 0.931530772667377 7.32439448706115 5.67410376098 -0.727852870231842 0.627374563401483 3.54613640446994
"302" 1.19010293320921 0.614814801833849 5.90832833009922 1.09819472546769 0.701014297905628 2.28082556545419 -0.667410787431179 2.76666328243409 -0.416485809597605 -3.82293027387514 2.08148181818094 -0.820125206614876 -2.82978026600123 1.06105357914577 2.97303234171994 0.748914246123013 5.12152312026929 -3.80315855022762 2.2749959528901 -3.60611169904016 0.210716204215298 0.784964463178023 0.185385150047474 0.211629418947216 0.388659609284085 1.47512459144161 1.70519671408541 -0.952853084883521 5.76420905725274 -2.53239360030343 4.0857995896998 -1.07206766008554 4.28627555193485 0.184987853754488 -1.19196369056007 -0.768380834754996 1.47249757447625 -4.06998808883166 0.6898313747815 -0.702342026406427 4.41223578906956 -6.82673976382394 -0.892239079215878 0.926686576320992 -4.43631132301277 0.658769100876172 -1.10980867317256 1.3202169479894 2.18939492155516 -2.1664797962239
"303" 1.09503808217486 2.12166701900816 -4.10986201626864 -3.95330436503593 0.00374804632440022 1.56758730141956 -5.84847342904559 0.250861720508624 0.0558238609262644 -3.98582761132814 -1.34030648160419 -2.40838571009139 0.667134612122708 4.69899883406218 1.38390216039371 2.76710097309331 -2.77493384323813 1.07112064090318 -3.24229419493797 -0.471170449625771 3.57979906799774 -1.98810209779048 4.65777012783358 0.00110843964814643 -0.721092309110339 -2.87531273805647 -2.49266216612161 -2.71038075477856 1.52117736331906 -6.99613312579873 4.41856067601552 -5.55221203255025 -0.599010563154518 0.793563657271649 -0.670665450538177 -0.0868952689663812 -3.8383430662833 -0.02460351605151 0.46991740567451 -4.10833690991867 0.427976084552411 -2.15341691567008 1.46856420300648 1.40917099989104 5.10580275812849 2.24151783955719 6.00756916389829 0.312646156539193 1.5672240815421 -3.91656524833913
"304" 0.66113476652388 0.705439587452253 1.9727048935226 -1.44927002992167 -2.14424299616576 -3.38248618616776 -3.23071942957401 2.62365921849951 0.717625739715767 -0.032802306420661 2.07107915408315 2.65580527239572 -4.70132134585028 0.600697600592481 0.35067293018625 0.0798955161691441 1.70587684253729 0.613581265974973 2.72060339066192 0.45470221016613 3.66445178457077 -0.222232332493931 -0.595615933487732 -2.94684811023938 0.135188780055084 -1.78110240896139 2.45792251228932 -2.22601907443498 8.55663678391008 -1.04949112442353 1.29419604631562 -1.75809704914263 -1.22318422264132 -2.47384841901007 -4.72034623608026 2.92575583567595 1.95605418015874 1.34372250783188 -5.46438242234359 -2.70859332644121 1.77183788977222 -9.83158133718206 -0.787968584716393 -0.0341436814803576 0.925711897108822 1.97760561584531 3.84472537336275 -2.16883049549004 2.28809861710571 2.76353034262574
"305" -1.5024039833073 -2.14685741283281 7.5178397316378 -2.98302131942587 -5.25088696683168 -0.370482099485917 -0.807912790579771 1.62186528528613 -6.22920744743435 -5.64399606945537 1.20492042631963 3.79896735205946 -4.76599502000888 2.53399797492536 1.88597721414899 -0.62122167166223 1.11448083342456 -0.270947455453418 -2.52248657841359 3.36267958996826 5.32017780370257 -0.347601073870532 1.63491172704623 0.145285689376297 0.532581329637619 -3.41457034919683 1.12147544548342 3.72294220237423 1.86816102061557 0.698539185104922 1.27041408833327 -4.37239777400886 -0.683502926358814 -0.66463676314521 2.43620099959181 2.24555987029326 -0.582320842612672 -2.8024923195919 1.57256986011287 1.15436924843375 -2.39671356037268 -3.04533163409112 -0.158270059205978 0.816265095523252 -0.706821349994875 -0.632241055577619 0.990327879828759 -0.678360360742063 1.36126950695043 -4.31678871905047
"306" -2.63959477286181 -2.29922610827664 -6.72447846256225 0.24705861782618 0.0346691255400619 0.300033353291923 -1.60940185952498 2.4818642118909 -0.789242074338363 2.81376123388139 -1.33467183364666 -0.779785123741774 -1.6849779972291 2.05098809292227 2.55070269170932 1.00145942003742 6.8526335876052 3.10112986883521 1.48273896908081 -2.91755954607781 0.575107627440531 -2.29412154341648 3.84812603728235 -3.25918345040807 -1.44056125426573 3.49951933086543 0.38184474553399 6.47880694515567 0.246381862543912 -1.26659120011882 -5.4272472368621 5.00190619150274 -0.646512964741578 2.13796666173789 -0.580658992716688 0.689118112168734 4.79602466695932 -5.26256451516416 1.10200435788432 -4.47236045831543 1.0893472318024 3.27958848068839 -4.15945942957742 2.56526134246434 -1.2547636505053 -1.17418672474182 5.45960245884098 1.27793828383142 -2.26058775006522 -1.23826560725251
"307" 2.28964879680398 -4.32663469763922 2.79142141712763 -3.24433694008244 -4.70352132293862 0.823824629979233 -3.88725976054402 -0.501748620025746 2.65994764883014 -1.50344339694062 3.64509609358654 3.35781020840069 2.08534245966233 -0.574499061796505 0.398747228529598 -5.24354885863259 -3.71590194991294 0.0440967426300023 1.06846531599799 -0.187468131492835 -1.62148803958817 1.81014326774232 2.55966716451642 0.345458394738509 0.77277496894259 2.9362421757322 -0.123468007671823 -0.56842965949245 1.9333117155549 -5.25906145013631 0.402946526500003 -1.16370744381507 3.12867516898865 5.66084165997864 4.86209060562303 2.79761517925898 3.51643029441199 -1.82837107162175 2.32968415736309 0.0851440881190867 2.77679474863006 0.309852329311535 0.787457289118768 2.40953035087054 -0.112235215737794 3.2514484077728 1.23229019329765 0.826361053124846 0.770670911821863 0.212410615818966
"308" -1.5791890084333 -1.22837700753761 -4.24156573827055 -1.3393169344158 1.26808065072793 4.46590778279474 0.325181926044756 6.14980928425469 6.91915851574104 -2.52557761862834 6.84217605704161 1.52950288837222 -1.06930375222128 2.02765748697454 3.78030105248298 -3.56836303740695 1.73491837411012 -1.01231375608075 -5.93563879466965 5.52813636891672 2.97827738387582 0.665405530696087 -0.819605003400334 -1.11013258830934 -0.739903807067279 3.20476569244889 7.48218647711042 5.45332090844788 2.36694348070092 -0.647764750689255 -0.433368119274729 -0.591196817865336 1.84024607898454 -0.00915954427442381 2.20769176170247 -1.85853130481136 -3.47953767559158 -4.46262836503198 -3.85325487077458 1.29580200278259 -3.61577130794993 3.70369898606258 -0.651434966287848 2.26919577437676 3.15020763819493 -3.00725396926045 1.26486615199129 2.34184621181754 1.93035264793708 1.82877514095283
"309" -0.83776673911446 -1.21300548792578 4.43299991442348 -0.326037199104982 -1.94612534452069 6.40294763141261 2.96352741797231 1.56124540583962 -2.67652932911471 3.67056915843994 0.244118720407409 3.28109050558639 4.84814123607769 5.77362592211827 2.78042188052602 2.41762686864502 6.472151296191 -2.07260158711704 1.9735368393454 1.04557662942319 -2.12101864923581 -7.8362250775121 2.90609706424408 1.62733225518378 -0.724097420299222 0.877180035976753 -3.66678259405092 3.16438979693883 -1.07161478689671 3.90383185973104 -2.80639779482387 -0.418835571887126 -4.20320056363747 4.95732285954944 -3.02681670073298 0.0332619903244992 3.6476694401922 4.57176476570358 1.38362337960579 -3.63451422588692 1.05485115745007 3.59492306648221 -3.09810807849265 0.304088559472143 1.57966110366828 -0.694574495980684 6.65271102840931 0.328065289086178 1.52386407671384 2.33708127879482
"310" 0.79078630079614 -3.4684590418984 0.988950607621506 -1.78747620101351 -2.98566473941559 -3.46137435252715 2.71505575742577 -2.33187632012177 -3.67394471574902 1.39251893441361 -1.14180953414289 -1.93543603951279 2.09299103702185 5.38486027599004 -2.09766531692499 -3.62570469631184 -1.11144698645757 1.32065838681882 0.0440608002963259 -0.052170404603681 -6.09071150387899 2.36583395402844 0.294281194688609 -0.989670881249819 -0.459030399729206 0.968496562888208 -2.75207061601256 7.49874317932905 -1.51173976614449 3.17071461083293 1.42030973576459 5.71206266712363 4.5026025650652 0.340647419699723 -0.205775240731521 -3.83214161560772 0.368968423231073 2.71040394835864 -0.324482379854898 -1.13757974124011 -3.12898181355079 4.8687196226566 2.28550234526948 2.20389707690444 2.7146330954869 -6.18156921650543 -3.65988601946215 0.783894490919732 3.02668842243777 5.06304882645606
"311" -0.663609261960653 -0.0257779308010249 6.38598147238365 0.878492389029902 -0.135821090251795 0.119562444921029 4.50917781889866 7.00334547647036 0.861147011330658 -6.18425496983114 4.69915211838579 -2.61868158191277 4.07754484112555 2.41754863744578 1.36822260019039 -3.48514850834842 2.16723259348174 -6.60372301422399 2.49290981143594 3.45286493857633 3.86734366999388 3.759244297235 -4.82827292895804 1.7875968194783 -6.63854720722849 -0.361516487335554 0.856828638945312 -1.20646804843 0.426757022661548 1.92302191009837 0.478102907513785 3.28203168694695 0.371329530704757 -0.869960976193569 1.99747957170959 -1.90759833920278 2.69440445559352 1.3509749659477 0.833561476542125 4.35844420671577 5.31263056810774 -3.29216620432707 -4.60507135664236 3.98251880553069 0.54288666337072 3.82527014899854 1.98112019556834 2.78951855444822 4.33305094637337 -1.97544373412173
"312" 2.06280050128497 0.619075167411533 -3.82984532901353 1.02079781491909 -4.43197066249134 2.92884359031322 -0.646130392028725 -1.05227911354381 1.12937202129396 5.55423421604472 -0.773309728425542 0.215661768209106 -0.433318230271273 0.468674698355409 -3.98360693166648 -0.857909347808629 -0.843607834547297 5.56813281051038 -3.2643542594138 3.05865288299995 0.6170037601498 -2.78587291945408 1.01324314499294 0.32954201958034 -1.96666095450834 -1.53403515088328 -3.13618048964796 -1.06477577632282 1.07422027138074 7.27627289096979 -1.13659319500731 2.61063731634064 -0.535904469299285 -2.58534366046088 6.39285649378759 -3.85748706911232 -2.39555078374798 -0.559584463117475 3.83785341313699 6.85058593418954 2.97900923343271 5.93339523505092 -2.2820021516701 2.95824731537623 -2.05553718832143 5.88079682236068 0.408413774920075 -4.3971751210348 -4.6175477990005 0.644728708428796
"313" 2.49863865540259 -0.271140259913745 0.734501802265228 4.91113688950848 3.48506872052495 -1.67508301371374 1.46318565316789 0.247640159584118 -0.360423365999257 -1.96858707667163 2.36653638520963 -4.5193871529733 -2.10237378193204 5.97626288520038 2.79851155312604 0.246580434113794 2.61212345736056 1.27893738465533 0.995547216125175 -3.62239775412565 2.48428061027407 0.144655183379007 3.96585475392648 -3.0718384150972 1.3838634646662 -4.94930765877119 2.17977037127252 1.31323185353759 -0.0258919597381168 -4.32267308548706 1.06959377866213 -3.14985814843146 -1.22101874019239 1.51439431889017 0.95560843185095 -1.80347878078486 3.23197804315018 5.38328423299054 -2.79163181881522 2.25802391675245 1.07758906181836 1.19315618296314 -0.78177827260713 1.67776024131842 -4.99361273778348 -2.09497066167424 -3.5976499031976 1.80255240693556 -0.719248133885327 -1.08839620651493
"314" 0.30298318680892 0.958160463526585 0.649191036180788 -3.63962618296321 2.17509710384136 0.524298184584757 4.51891704179708 0.968590375064452 -3.00847968409456 -5.73005155883656 -6.74460889604546 3.29767168655839 0.873825570549136 0.855779067520762 3.08404662575644 3.18926804464573 2.77699256862326 -3.26682655693928 -3.42702103952981 4.97334539874668 -1.25757096688501 -2.33356182085691 -3.0482959933331 0.00992939410298876 1.09641539521089 -5.28780813760008 1.80489735878171 -0.687369097532353 2.53823559951509 1.97850914915109 3.21118348041064 -2.66850787693147 1.84167417550316 -1.2169343078896 2.66259126710069 0.876223495819176 -3.32999579470522 -1.24877905672892 -1.31297591777718 3.24598205435652 -2.63686865539528 0.893252934096242 2.82502768864656 1.84185292997869 -0.873233156061499 -5.35058170313363 -1.37800567455012 0.288225021413752 -0.867121243304834 -6.99236656335816
"315" 2.15519875580459 3.97249437174343 -2.19289248736054 -7.40368234513299 -4.7153343306156 0.776090113257947 1.64247204830642 -0.855473110710179 -0.84884190826583 -1.33089311322801 0.767148041462831 -1.10204641095464 -2.17296464637009 3.34836018025766 1.50258460403958 0.201920567120621 0.738975405534021 1.43736503195792 1.04593565706476 -4.35633055173092 3.55730591257887 5.78783821571009 4.24400108393994 -3.83880145690113 2.71523845529373 -1.86444154834661 2.80496459974515 -6.9303588433079 -0.744646138993233 -1.62654434111158 -0.679605764690971 -1.31804083214575 0.785162858371996 -1.95365294949663 -0.215614483752181 -2.45878091654924 -1.95148895956054 2.19665792349587 -3.34498440231243 2.27972965373257 0.386682600421239 1.04643196749433 -0.65066210606114 -1.98519350818568 1.95281063568018 0.773899633014439 5.51642542587585 2.9172673391758 3.297039856587 -3.24673068025104
"316" 4.15007054055862 2.96728625286146 -5.37261599633037 3.37572274804071 -1.7969982055077 0.992083117326402 4.80305370697326 3.82221074885374 -1.11481230062535 2.768266003387 -0.556657912283729 -0.257718889844338 -2.70046211969433 -0.803658070813107 1.96168342721656 -3.78139185403634 5.63925249459786 3.49073811340438 5.84506062046261 1.39026360074792 -1.2406442695668 -1.73754745385898 1.00976625939825 4.84290498931369 -1.64381623276281 0.942631181833777 0.808665932825934 -0.380114216172831 -0.454409749216901 -1.85530209758791 -1.05849765265209 -2.31583548293425 -2.91932081318081 1.23973715279415 3.3322998732587 1.9617834334521 -5.57122985365808 3.08930210081487 -2.87926301911985 -2.200179690815 -4.40371709843896 1.01310076188004 -2.8176389331753 -1.38747712596508 0.317671502836198 -1.39063815000209 1.87865245284564 1.35343598618508 3.22998355540432 0.0354551605780555
"317" 0.644542905429409 -4.39748032295824 2.17878182394567 1.74278177860586 -5.48157212878642 1.21952415319243 -3.87093991947253 0.0133075012268827 1.47862425540931 2.39979271884712 -2.21660165722429 -2.62299156870558 3.81132301259096 4.69202417775081 -6.13742224481855 0.338293625591514 4.4829555246364 6.5334727921162 -1.05999874798428 -3.172010376776 -2.89421308226422 0.0740055551950182 2.31708770775347 -1.52301496762252 2.46152113609386 0.328440151711287 -0.959166154370635 -1.12797080094416 1.23395369781126 0.823779651276568 -2.72471269474664 0.0386129457968217 -0.754012480462437 -3.64860197949073 -0.324459637507819 -7.96486969392804 -2.31485159053144 8.25389734934649 2.40756633419106 4.36285782944745 -4.80134259526974 -0.743290498094656 1.9426947559799 2.73298419573258 0.190921165341165 -0.829547738025208 -6.03759986380855 -0.965325692831218 -0.914545903686835 2.15951056994873
"318" 4.95927827397292 -3.60047631718372 -2.75452049591774 -2.69913768969597 0.889203648011617 -0.501797968123569 0.0278138603812175 1.38714704097179 0.277046872591134 -3.52433546823933 -1.07485442579101 -0.897152035291328 1.00914369218488 1.48613070266424 -2.11429391583858 0.0163547477790114 2.93386276496921 0.169357387138467 -1.78278617324995 0.325382566487924 0.50425535345245 -4.01526727912151 -0.886970543086993 2.83146420881808 0.601179310343019 1.50753073443564 -0.502139843583341 1.64005108292766 -2.98091993921128 4.2854736304791 -5.78894086110904 -2.67468065460793 -0.681837595242837 0.66409588611193 0.708177058252792 -0.485977407405647 -0.0239776401706886 -0.496657505368829 1.21948954678293 1.97412153666944 -3.53289303691006 -2.29701654094896 0.0461110475154173 0.932683221720971 -5.69517782340712 0.792847367707252 -1.29055158228361 0.616136461731859 1.22099599846963 1.80209596737326
"319" 1.42436356064367 -0.0770163603923893 1.00021053102384 2.2598612823555 1.75719971242556 -0.67246375110641 -1.37379170448689 2.13646146850709 -0.607413040697166 3.03635274539456 1.44979655293265 0.664327115403294 -3.23512303949174 -3.25643593911146 0.187387716345425 0.831070415045712 2.70284939934894 0.731747034701083 3.17349497425989 -3.47585265383631 -1.93054381651474 -0.129923808843267 4.24688807546837 -0.85563905376005 1.78153849021178 2.36137405186689 -0.0575224815571154 -0.888391568642384 4.44650108929902 0.0576398492951691 2.01127679430766 2.59838328211805 0.583617995971936 -0.81147359031328 1.07171933275172 -0.613808853584526 -4.27642730487247 2.79826123604093 2.97144731064414 -1.69666448828129 5.59343768313818 4.7832216570249 -2.2443480436078 0.142048831725681 2.93300194770443 1.55191686363496 -0.10766906428334 1.79724490785408 0.802797900860452 3.57938637514437
"320" 2.60970791747084 -7.21408260683708 3.21278758108019 1.50379557658851 -4.79517301237025 4.18441469321427 -0.417032215497093 1.96854885040151 1.64300200397789 -0.567802590183141 0.119585751980142 0.415903923459698 2.20316178417712 4.45402449466665 0.0355393685084092 5.4787846814595 -3.06684549365476 -2.57840014209633 -2.42261524434452 1.5963886549744 4.08933478422014 -0.769068225924044 -1.29344750554102 -1.42881540266369 -1.36064845365593 -0.180883727995118 -1.99665660702226 1.26244593050176 -4.42951178282841 0.362865687075764 -3.98823575240949 3.93305067971491 -0.886243742292463 -1.22276816614732 4.49864682416348 -2.28204865801318 -2.97445343161806 0.789825564455757 -0.00161445079198667 -2.17900015008924 -4.7019225951861 7.84091699022967 4.44821299604261 4.33702858306584 0.491114181815324 -0.947046400852641 0.768991251955784 3.58185573575575 6.41638832996954 2.4362489171014
"321" 5.84160962272237 -8.13057803441299 5.90188715630711 -0.165209470494495 -4.36099307758974 -2.92476642337694 4.68844565311496 -3.3050918339662 -5.45997917434402 -1.08567669899725 -6.68238571491707 -1.10268619678058 -2.18012949523237 2.06460061991295 1.78795273634933 0.432453098680905 -0.556593566196219 -0.204165247614009 -0.88260293752718 -1.38836842471708 4.23129716693602 -2.97100825943765 2.39711309036383 1.62916984152671 -5.16882173664796 4.00592783488332 -0.386218943305754 0.808570810010315 3.13022119149067 -2.1676592743772 -6.40204002961636 -1.5747366074641 -2.63360151811077 0.470139778840144 1.10020354325007 -2.11741607008055 4.55364316001609 3.87203201533663 -2.89621715973414 7.18822577163569 -7.29891767185348 -4.31518797892773 -2.41354941035333 3.1457503538407 -0.400904438584164 0.612407188857579 1.1890399242932 2.85271847970304 2.15918213960881 1.13416572192358
"322" 4.09890582306012 -1.66550345973782 0.346921236319533 4.06652877520008 3.87668461515206 4.68122689721062 -0.573208234255036 2.84226525095662 2.01152129533755 0.641187231880547 -1.69261957722316 1.09469746290172 -3.84372016878444 -1.13478780175016 -2.27586221400951 0.490291371017669 -1.21764263751102 -2.70991304336796 0.150376444297482 0.359880223425713 2.83600076473292 -0.946634811988783 1.72222059098723 2.9971233311502 -1.9177079271347 2.36358521455607 -0.59737419698754 -4.16051685828297 -4.53241853997765 4.9796604165655 -0.313697680567714 -0.259795612213286 -3.16588396797863 0.98880760126052 -1.41016795015212 3.45459595808598 2.55559635456483 1.11364699551838 2.46703796111655 2.45507810558442 -3.8941934864086 3.43298963834974 -2.42179939116283 -1.00453111819474 1.4738637880403 0.435153345990797 5.2250263305452 1.23826194553346 0.88545030586013 0.473154879256669
"323" 1.91222035746274 2.12530322024478 3.64145379686191 -3.96009198701136 -0.158008408796691 -0.247121174964064 5.82373524348746 0.381998523710267 0.173607531361653 1.42666926386149 4.973355551422 -0.00787897618761628 -3.64176062822122 1.34064302156563 -3.85001548324629 3.78126387967115 -0.748872556203604 0.47628667697728 2.14306790165752 0.903245676961556 -0.157289635319565 2.14735242714743 -0.531782936952118 -2.16223219306224 3.68979354936535 -1.89643638213716 2.43231804001078 0.782600467480053 0.273415541448721 -6.38495542829784 -2.1488087977133 3.75786429941263 -5.17643255000313 -1.600966077439 -0.808061455808162 4.87740647008773 1.72788101441925 -2.45907107018181 -0.498602580120638 -0.947008204452354 -0.299996841448567 -2.70095606181484 2.44997692625315 -0.994016777169335 3.01382448507634 -4.25168594403696 -2.84060379125097 8.20339739663186 -0.111485412693002 2.26696352525155
"324" 3.14308614482704 -6.2333506144369 4.14361507790648 -2.6309735413431 -1.44851928424922 -6.0719895049667 -4.51315512943062 -3.67736277632503 -1.25900051541665 -1.7632669954362 -7.03900226334295 1.68807676214132 3.25441233121158 -1.99410627894365 -9.18523527690164 -0.23235146425286 -4.38271556582994 1.52783481382794 5.61229887162583 -3.7701910603791 -1.77597754228676 -0.927545954462131 -1.86895916261384 2.36122400516135 -0.268998803711932 3.57365442840192 -0.588846546310233 -5.29592777191077 4.31852858593274 -0.105389149260258 -5.13114788901137 0.392377824015347 -2.9882774679159 2.22510697819015 1.52767183474699 4.61479493498804 2.09134372891972 -2.13223932060558 -2.34884400592432 5.69238950423487 0.722652568093394 -2.23713851927951 -1.46982299565604 1.97234420467007 -2.34314932319983 0.94176555837088 -0.510839423328249 -4.30732719318288 0.277118933415616 -3.64393099575794
"325" -2.784559681837 -3.82409886813221 1.65273041799051 1.28223945297569 -3.6655973569347 -1.30071573543644 -2.78786635340095 -6.67182792251861 -1.78034331238716 -1.78430576909054 -2.19236106539153 -1.36687724132002 0.192552436802094 5.18047014845498 -1.14322841550481 2.73661894036885 -0.834345806121705 -0.646105182612182 -8.05106248945224 0.343574642990019 0.690129106016447 -3.65090975265782 -0.171065798627685 -2.58113448024919 -0.1452816142335 -3.04048619180804 -1.40673851165534 3.49711146400033 0.863814229909964 1.62788711026386 1.66954201163904 2.74841804864035 -2.30435153822713 0.117966824245392 -0.874288734664024 0.443100173066378 2.39559986830246 0.897728027572636 -1.61797178192085 -1.17846284281009 -2.77707304487314 -3.25577702254025 -2.92305172699474 1.14291461671162 6.87544199563967 -4.58599182940193 7.41907124475835 2.88782452056082 2.73788158655901 1.49166702716864
"326" -4.13440577303275 -3.98700872442676 4.9034837129331 -0.0188577083744146 1.28382498897517 -3.56316229240879 1.27713560506066 1.94983838618067 0.424706650282537 -1.7031258482693 -0.0119472520563843 0.860647957477359 -0.511724659127834 1.46074711228716 -0.147582609796078 2.43580485070099 -0.0594112038824776 -1.99270575811996 -1.07287842172298 2.47663643894459 -1.92313928725683 2.08448824005323 0.816735384013979 3.24864172797416 -3.50256912919195 -2.30001192180367 5.16156283115614 -6.62148032160276 2.53488257613998 5.57396113445613 3.80573717029391 -4.66768764895532 5.24488706348347 1.30623386714312 0.727337666725486 8.48707699274585 0.618164316300857 -3.06459408339365 -3.22020615202297 -0.725698405300777 1.78815824198381 2.90084076056311 0.543488642524659 0.642288480831998 -0.65008323512381 1.87712784295764 1.03233040776324 5.28773353246159 1.23775944101061 3.74787692833822
"327" -1.21979199421818 0.299420662866963 1.28730479377219 1.18368702817087 -1.3719696525232 1.17161217869833 3.1593015783988 4.51659841288854 -1.49371831790553 3.80306605980718 2.45431527631829 -1.2269500196263 1.75493441035433 -2.74016461838156 -0.323711811089011 -2.9131706118466 1.69372643152194 0.94318823198202 0.610545378909554 0.104392411194106 0.785148537151957 6.11920980882397 6.19052192472901 -0.74070549220982 -1.67703358487964 3.91705694035772 0.292546620179086 -3.46061978628656 3.33431236104329 -1.1681078545413 4.96889266990791 -1.12989354816307 3.46286163379407 -4.84180780587487 -3.74563203674834 -5.3001542243114 1.52615079370406 3.90257123098066 -1.61773137167317 0.32702365439944 -1.92767507163593 -2.81521531904584 0.784902057820509 0.480110567607456 1.397882096608 -1.02906262644168 5.00979517896592 -2.96032942468622 -4.19102541883558 -0.713494492954347
"328" 1.71762792411972 -0.208933665395083 3.33001385685249 1.2583969860486 4.12799720145787 -5.59765578688616 4.04540534525089 0.550155574650307 0.472410135358864 1.96291818603305 1.10250562441681 1.25611009223774 -2.31873294473135 -0.389886186270215 -3.62064261100792 7.64269137443142 3.20592024413961 0.16440536081646 0.801163500486226 -2.10916349209681 -5.0574219302405 -1.56568164422517 -0.81873216951924 -1.41067575405529 0.528490733294657 5.2765529638398 3.52361268078547 0.650210042958969 -6.29449787529532 -2.40181303234993 2.85288501230664 -1.57723843221391 -3.0984915970039 6.38541269355298 -7.33381651986166 -2.98411295460406 0.697257233715765 -4.79438877432415 0.495383405280402 -3.75860127451801 -3.77997942633683 1.01060270689265 -1.38868308088985 -0.171615531272264 -0.330969258695479 -0.879390771648683 1.78722726128713 -5.46602609855798 -2.91756929545212 2.10914734408318
"329" -0.102091653612035 -1.20937396797337 0.486109492844336 0.909162201447003 -1.84392250666489 1.88538630740285 -0.838682273363456 2.20709987899043 -2.27668256436916 2.37964117094888 -1.47734470059893 -3.81966178816086 4.21884463756827 0.0668090071161359 -0.112926636344317 -1.07062951757423 6.01751191646846 0.546018628621244 -2.98708256575358 -2.67544951425039 -5.39325499972159 -6.2298384289393 2.83060298590087 -0.21170699451108 2.14918138934941 0.940453126373746 0.916976155473524 3.4888033426671 2.87249027349037 -2.41437246589656 1.1067536582456 -1.13119901145202 -0.705200544639012 -1.21643296712504 -1.74662872909246 -2.78374829107498 1.57323019857798 1.65555509272801 0.336463742927216 0.549153788064908 -3.64538534297213 -3.16660291749453 4.89209493087657 3.82904353554267 0.857158971054963 -2.31928577699115 3.14659331917823 6.18631428130216 2.24847008355197 -3.29775559648222
"330" 1.22250510606209 -3.24222407315376 3.96664691278016 1.07860961941428 -3.25635513810845 -5.46166009105353 -0.367987429154832 1.1777548961768 1.20557146359996 3.36408918409982 -4.43631500779245 -5.71692026609698 -2.70460730687567 -0.79669169734356 0.0948875565451474 0.689800021342694 -1.52515797533413 5.01836701032528 -4.0379756156438 2.3844699814416 -1.11195388792722 -0.764098148479825 -1.19988706673014 -1.02188162180417 -0.307176009071807 -4.98510969404203 -5.08802616016605 1.4668817331962 -3.56458096605468 6.87281620354692 2.34560027370896 -3.47881714901485 3.53695606162408 5.21659297935434 1.88251061755924 4.09888010689804 -5.15392918999678 3.92546123352372 5.11350867214334 -3.1543642427884 0.413463198484219 5.26264967346898 0.928318941967386 1.31407810052015 -1.0414504071808 -5.95879585758145 -4.15487298061828 1.1299167487452 3.63377508583829 1.006191251201
"331" 3.633288552821 -3.70773243295197 -0.846423895180183 1.18152285578299 2.99174455256477 3.13241952549084 -3.00635629944976 -1.4297020223958 1.6247923565168 -0.235567126494408 1.86841301328917 1.92609802866996 0.903891202847944 -0.420186710877563 2.76716701015313 2.07138929329718 -0.872060888058789 -1.45978865133192 -1.21961612456491 0.672105520989943 -0.3670046988932 -3.29163357911621 -5.02515559728158 -4.42027954659229 0.927262311784217 -0.5590644391218 -1.59491368207806 1.46619723628171 0.591457454009907 0.000602030162385547 2.15234315312284 0.0760547718600038 1.00309413900475 0.367903171273701 -5.06204707351631 -2.06588234234449 2.68672946358621 -6.10466377702994 1.98861611110295 1.95277063538447 -0.16389407741331 1.25731395422846 2.27209837002348 -4.01004185249002 -0.934430234625039 0.704507863631524 2.54197853988409 -2.25957368211503 1.6675485749835 1.4027426142834
"332" -0.866488030610084 -2.53517925150744 1.13669846129287 1.90873754160096 1.10524805219901 5.17172138979355 -3.50467502566409 1.28292823848765 -1.2275570941512 0.094421114034278 1.36735344849737 -1.57620785287819 -5.74287864981872 2.62608256118947 1.83671830993135 5.59253369811715 0.0149351047388509 1.83044821778473 -0.924052610643775 -4.254540714763 5.36104584828328 1.43940755816802 -1.45247755620119 -4.76612163073988 2.78194722499647 -0.873836349220319 -0.314093210031421 2.87751296025038 -2.52286917598777 -4.23290479564044 -1.28575413000054 -0.470387523133326 1.62701774127772 3.92875407797834 -5.84736126495528 0.732949503199309 6.35407168002611 -4.49654141766564 2.61041316053943 1.11423708277274 3.35442427696541 -2.40835326372482 -4.03213850422147 -3.10523279671167 0.774909057669231 -1.01292673537461 0.463790505555246 -0.620488227611746 1.59483605977658 -1.01808940801481
"333" 0.883813964674817 3.04320536382921 0.869743882371932 0.964567465967765 -0.675648672950592 -0.900718556461024 -0.141271718627626 6.86577960445057 0.0589785152968387 -5.52571756240921 7.19920205506176 -6.61542570447378 2.5061456466158 2.65463580555631 -5.13631007283332 1.71859612788257 -1.18003855046486 -0.927803724097433 1.80411735175242 0.577676565014659 0.177498194979299 5.45506062859773 1.32671019082674 -2.40662177958332 -4.35549979627815 -0.241115835208331 1.47366237442067 -2.70183028386417 -2.06560608358318 0.298445496145466 2.09014014815058 2.44801310109162 -0.509450444660266 1.04515722848752 0.511083151715635 2.17458309826599 -0.082209240382217 1.0338848706672 -5.96548216394955 0.311518746408142 -3.41883242276195 1.28689048026354 -1.96879974087455 -0.787500557327724 -4.61869636200399 -1.30017176795769 -0.396895217099323 -3.58987934268741 1.03035142033592 0.594663678246994
"334" 0.17166413197241 -0.716264349892975 -4.34475002576457 -2.55834613381179 6.43262866263392 -2.43601171880171 -3.4960346050763 -2.26925862832927 1.42706458757147 -1.74811896152877 -0.808752664955695 4.94400875281093 -2.66918551014229 0.918866149733812 3.93428923106172 2.92167347089187 -1.24111452950247 -3.66880009469938 0.398327922443853 -3.27503675143839 -1.11824949996797 -4.24187888785981 1.8055164599891 0.486903746280451 0.0683968024355381 -2.48699796482211 -6.01148854885229 2.68328150155465 7.89272341669632 -0.754261782329682 -0.449099156771558 0.698633120166317 3.43077817808155 -1.55667099253204 -2.73051553164377 2.65280031285963 1.81673364757943 5.47005681225807 -6.93550044268397 -4.01703910155525 1.90857400952634 -5.4075499820822 3.00759383714424 -2.7342295956092 -2.82116391444788 -3.15095441864652 -2.32463564718248 -0.548109885905621 -1.34514687907287 2.91686818845099
"335" -0.612151972455229 -3.68837901926831 -2.0574906179013 -3.05887157142933 0.385550630470284 6.14665863513356 -0.7165609461394 0.40105633636337 5.77353186835484 1.65891241764333 -3.63290923575861 -0.0629095317011567 1.6804529439824 3.20531849920545 2.90658736217535 3.33919034065952 4.51460949528627 -6.49387908705522 -1.79586913897185 4.57892873813739 -8.29374198166629 -6.28992861190814 1.2431682972188 0.171175741566866 -1.42049083834302 3.96564772545739 -2.91750009736598 4.0787233835016 0.210926598344497 -0.815498110078509 4.12848462788468 -2.20563112925725 1.43953731755549 1.48690553902666 0.968740345604362 -6.26131992844779 -0.727936044023605 0.076917107264005 3.15783766281845 3.03491383745974 -1.75541521956634 1.59781764957697 -0.808042803616198 -2.2494162666291 0.790794009647063 -1.38456343546364 2.50700158038698 0.563200258494641 -0.362474382422177 0.66698235180914
"336" 0.63036630925721 1.48074498354631 -3.90851328376519 -3.68591365085211 -1.27742846622495 -0.206987354186039 -4.29036388462354 0.276250578915108 2.13280360663702 -5.62684710304063 -1.56159880163493 -3.86179974829598 -0.13535200606148 7.23229772731854 1.92189771419974 -4.89817768363749 4.77410867058554 6.9836464979437 3.90507330713548 -3.55514092097178 -0.73992433320799 1.63734522470341 5.22584258538402 2.35205100824303 -2.55293239657783 0.47765433261392 0.440409829148537 2.11241844019969 6.24636416703474 1.40202608041202 0.408833311258031 1.01821576195106 -0.464569490407818 -1.72902336587787 1.36707028263026 0.38819576562383 -1.85063443850423 2.84014431831758 0.811226655104952 -1.91583603016752 3.70155102078442 3.77987205284332 -1.21630723869231 0.0148895458920144 -1.10395977158047 -4.5239932013754 1.30191090952837 -2.80635932855115 -3.242117011179 2.11031139534042
"337" -3.07768936969014 -2.75888671206337 3.22585329907123 -1.6801101333881 1.27654031839758 -0.384475177810331 -0.87328441805592 -2.8682085408941 -2.48641611604428 3.55520834834318 0.0937086669523363 -0.777343204333765 4.6086386970416 -0.595248348794136 0.276333162416635 -2.1514702433915 1.90396807897222 2.2721384601357 -2.04441949936997 -5.23894145840442 -7.14281448440334 -1.20121532556576 1.90481562989947 -0.223877975307056 4.41293381436061 2.93251800361137 3.12356314391241 -1.04928034433667 -0.970199576868605 12.2631727674319 -1.47993244181593 4.85357211976345 7.23726716894639 3.31148151283209 3.96696400258744 1.29217745043219 -1.27854885138489 4.7620468414181 4.26662047369191 3.54364182369046 5.84012592674563 -2.17602445674528 -6.31406456448941 -0.0192244327839026 0.618436149527854 -1.79235204835 -3.45394662580547 -2.63136994472848 -2.55230018883863 -1.04147897681932
"338" -3.06346743312933 -1.67515829986502 5.74114232847367 1.24428454055896 -3.95955812300726 4.17824935357799 -2.30427463158061 4.11033326100176 1.63269211505563 0.531237759418072 -2.80788291553948 -2.24886035343493 -1.29023537104449 0.388963193938442 -1.70037980784498 2.36906027506029 1.52894740268039 -2.02372867482824 -2.01702938561091 -1.22337599938293 0.233527199081929 1.6925237855856 0.135620895077302 0.343473487223706 2.21085048680332 -5.13031512430423 -0.623000044671588 -5.68155051115847 -1.36899742571661 3.15853599994475 0.225001632102353 -1.1260002644993 -1.92121580790124 0.108149566205781 -3.25648821659645 4.32767477102912 2.16085267090031 -2.91892254252721 1.3668347004902 2.42513336432313 6.68282664542675 4.71031392746233 -3.90332090527353 -4.22635396249276 -3.10333538364531 2.27478451309682 0.0171211199190516 -1.06251062211632 -0.516072771072178 0.534278799070349
"339" -2.61627616191629 3.13032777123734 2.39164090553285 1.20948689486605 2.0342082515764 0.229034431431724 -3.0121904453621 2.86345868093968 -0.0213246002058158 -0.17851490861093 1.98950931390439 2.7974983312793 0.825260919398466 -3.84018711788783 -2.9053993115594 -6.00323868852048 -4.47181107753466 4.59917290788181 -5.04284710867112 2.96110593765101 -0.827904042930655 -0.418189083032643 0.303073446520246 2.30476664412686 0.378245417298559 4.65294529481696 -2.672318157943 2.2655970000744 7.11729443602938 6.98746929813634 -3.17707741201936 2.92061464605558 5.82868133846232 -1.5915863492674 0.738799212074808 0.413930648710613 -1.55728798640631 -3.85871780121491 -1.09738744212488 1.54532374335394 6.25506653012052 -0.332493251241013 3.80450614154695 3.48779786723897 -1.21815659510269 2.66859382868331 -1.2420129600687 0.145405569406704 4.44561036819496 -3.34625990490794
"340" 1.57261627628008 -1.61987706810847 4.81510623546082 -1.91747957015713 -3.49447926986789 2.41581688190012 1.23398845070789 -1.72763943220207 -2.90589429924914 4.33328638694189 -1.70081410084207 -3.6487629435096 -0.938659166659613 1.02147880403213 -3.19438756863252 -0.806195430544527 -3.83615542885807 3.3973954664709 -1.9424494080947 -1.92045352399994 -3.91972456787757 1.68776013694107 -1.00453689599297 -0.289384432523685 1.12032052958223 -4.61648611884501 1.05782900951674 1.16287025631583 0.407522378336295 1.59892567692668 -0.93131891814833 0.94203270088082 0.0687722920283988 -0.0344219046438877 0.334429258828142 5.46133504454264 3.19487956705019 -3.51983590308725 3.75430887736462 4.51493192238643 0.378485162857874 -2.53539318427704 3.93238911184314 -0.149074914531459 -0.0898804735136112 5.32537171796374 2.88645630375895 4.31748084398511 0.079983976020596 0.815448332389594
"341" 3.74852718365706 -4.11554450115073 4.60263170246781 -1.30219683619478 -0.139847653963222 3.92009133212071 5.75430100105912 3.82741867553598 4.15290035365305 -0.472660025123211 -4.57857515948916 -7.6767777439989 0.00775720595084652 1.15407213391924 1.07202200443874 -1.61615371838794 6.24773601918926 -4.26926870271187 2.9339765113409 0.427896159342889 -4.3635287265531 -0.345545742091146 -1.63387683053427 4.62406565554687 -2.14126040844262 2.26971946687636 3.6160318121491 1.95254256349856 4.81239525500885 1.44534616679806 -1.70847588368189 0.837277140055903 -4.44732878451632 1.16417815187295 -3.15128804904731 -0.105758876212761 -4.41932371457616 -1.55359982553467 -0.116862678524388 4.22281258398626 -7.6364022540977 -2.35884898362771 1.3346349928731 -2.59808220146556 0.0554162907240471 1.75020617048435 -0.811831707368404 7.18104093692344 2.51566476339994 -1.76408003657047
"342" -4.69283959876472 -4.61784882198132 3.24156302253018 5.06241869276348 5.8271005152769 3.39772455938501 -4.02351484685844 3.86097102485369 -2.08121993030951 4.94285967930587 -2.95924115422032 3.5020358961517 1.12423114750123 -3.07058557640281 4.0084875083458 0.862404294136496 0.757985215542368 -0.911269005158053 1.48306721060292 0.849772323291547 -0.180752982344432 -7.56096382035666 -6.97649521345967 -3.65562575542568 3.25201606374348 -0.637852317051885 0.874775867164076 0.546483042166923 2.09986405849565 1.39341154812339 -4.2656617617529 1.2713294260642 3.08070848808414 4.58286448101087 0.915722210611438 6.81428412696636 2.06052431375899 5.29010669716204 0.946314554953007 1.68169105596544 3.9723061397512 0.340335127512654 0.38447431484689 -0.101454181862022 5.34899615575791 -5.55819603098493 1.57884943467475 -1.2279883120056 4.13479201237364 1.6179917192713
"343" -3.01046637991883 0.146086448876737 -3.00027773369573 -0.747039780042461 0.62439269470638 1.00916284703538 -3.05616684729602 -2.14009790310651 3.3402046383472 0.523906748867908 2.11640089506809 3.36282488121522 -2.66040093844557 -2.22409853295462 3.96618636679847 4.43003841304042 -2.45356284412387 -2.13776833198454 -1.49058004672924 2.14141567782138 0.451985745730829 -2.56579009093021 -1.81757258757689 -1.17016773649734 -2.13898559986919 -2.30910774855632 -4.46954743857534 3.00960892237498 -3.90253230926939 -3.54238019571632 3.48891088016834 -5.74088827631747 -4.11140005172446 5.86218168322193 -0.193851932666745 -1.01950065113604 -2.70426882628338 -3.58283663877925 4.80669216893068 -2.1728880875405 -3.91369236355677 4.80320742356813 -0.337401651646236 0.205735771035872 4.42330577107058 3.38498632196272 2.60557877916046 2.60651353752828 3.24185959570003 -3.95162069855845
"344" 5.45121600319669 4.69240572937369 3.16642988718395 1.12571868026478 -0.538947817829868 2.41754085858913 3.01785719029389 -5.51909477185655 -2.91187295220873 0.733673044891155 0.815833055203927 -1.34518165690641 -1.58697609654727 -1.18226936690567 -5.92604592833101 2.67333332706775 0.93870692992402 -3.47043555819661 2.20311253201567 0.755476444931973 0.386201309289977 -0.443430418924308 -4.5056469389676 -2.10892405955594 1.53504580831218 -4.59632393392926 1.11801919226565 -3.76991530743594 -3.91096263401724 0.822157146406549 -2.06250004443527 -0.650250234451645 -0.359151058695071 -0.547336197848657 3.48873644734526 2.68709934100861 2.67676428457555 -0.293416528055319 -3.06113114335301 4.9192931828289 -0.10653838044683 -3.5134402793178 0.812966255487798 -0.00491361698433398 -3.7622422649399 -0.345635914144772 -1.3889273565994 -6.40988204900914 -0.0317783688254924 2.28219977429524
"345" 3.16183649208691 5.62481690458862 3.92706917018162 -1.30088115804312 -2.91260643720399 4.97160435374141 3.56799684487842 5.04845548778165 -3.74969350799164 -5.78140587475799 0.753576401317704 -3.27929077096654 -6.32965412426053 3.50625466487055 1.03975203848827 2.82730125096783 1.97250276087172 -2.03665378572468 4.77264493816535 1.38730856101608 1.00024297888231 0.766101632486367 4.18713431199206 -1.50396772500622 -2.95847434792684 5.96228141500055 -2.95895681424226 0.76846754437246 2.6478046356337 -1.11959266188601 0.13708458993262 0.574429082788295 -0.533164290058234 -1.37586868531247 1.88885059334744 -1.5587326174384 -4.74593809801771 -3.44471032223268 2.69245982632022 1.78219250995917 2.42061805247756 -5.68828565295596 -0.280036966013077 3.03336437752028 -3.97143636658904 0.164642581144368 -6.27501083818073 7.13582164048958 0.327794757823155 -7.77935403208354
"346" -0.575379067250986 5.8141242579678 -0.188810188062539 0.806080768251957 2.45327639752029 2.60305975379005 1.03460966595689 -1.8358112227062 -2.39174330337589 -2.89851161736643 -1.45236268389743 3.79950597258809 -0.948483831994764 -0.736750916388926 1.46397830776294 2.20181142851706 1.1406293328939 -4.27623967683775 -0.533901129650023 -1.7890407283438 -1.22984366437566 0.268113829185962 -1.83420069265302 1.84380963890255 1.61031693777269 -3.04332500342426 3.90353934963024 -4.65323701864327 -3.68504327640489 1.61393106511432 -0.743940287861466 2.29557043694342 1.93935527116765 -0.428945303536704 5.83473918810963 5.09962805483124 0.543399403275394 0.43449234801635 -3.74993086948283 -1.60168500029208 3.73613795535252 -3.34387490490611 1.8294618967714 4.39135951928103 0.681816750926065 -0.608006988656173 -3.73915046780859 -1.7043245028558 3.23658292968204 5.66187144284385
"347" -2.6161462782064 3.85280299837417 -2.37794913444485 1.53810178667887 -0.532245855774831 2.57954950122888 -4.84210360618867 -0.661789539259172 -2.46062663432156 -0.298004995947098 0.416803065105949 -0.837911647102118 3.02090246347068 -3.58134087086937 2.57195877297827 -3.16902386373897 2.04000734472934 -2.91459775992088 1.2032742980985 3.68503791623007 0.867722208123277 0.780594425380512 2.75324820584285 -2.42493188777509 -1.92301219354617 0.0788523436027575 -1.77853793073047 3.62118553864907 4.26896069510443 -4.98963617961203 1.18133135481844 -0.443943006133219 -1.76427231477772 -1.04172100493474 4.57062037119239 0.0692138957486262 -3.4908371918865 0.222426075045172 -4.02906196151082 3.91850606921913 -0.885904078286896 -2.30181554516468 4.78988914599647 -0.0823461619314322 -5.55756005495693 -1.19293841133576 -4.90255579097349 -2.15935826922035 2.46111560911215 -0.593706001867802
"348" -4.73436535465623 -1.51600287709507 3.91420040592208 -0.629684419802927 0.167548157832337 0.354788583421406 -1.38929012992716 -2.35246036919097 3.88359914946529 0.31383407595033 3.99275698845027 -6.69639168604887 -0.67413679818304 4.22265251077919 1.82828075234607 5.77776958055003 -2.10172521193344 -0.500594042343143 -3.08000058619644 -0.874268402483023 -3.21919236246504 -3.307106083634 2.90204093570758 -1.92701722424763 -3.14653317399668 -0.21105369368989 -1.88662674244718 0.976655057196057 -0.989941647921956 2.02754489383093 2.46157562397939 2.3540098754954 -3.67956617411287 4.22827672843987 0.484786720089912 -0.227155528865105 -3.33998552683146 0.572315034803745 1.02511754663835 3.94545843430509 -6.14635376506886 -2.87959013327811 2.1255123182683 2.79601167742427 5.87171818775075 2.82408286230639 5.87149668690598 3.64631456223546 1.91465064430481 -2.01061569270211
"349" 4.38883559558269 -1.219999587346 -0.0255747510115037 3.39438878835045 0.947077647912266 -2.89960912149172 -2.78461946947311 2.29267031605919 -0.667589761107521 -8.80817080189371 -5.99497935287616 1.77917387930154 -6.92046634917329 -3.10471909565996 0.375225219858585 5.20555963449533 5.32994981172688 1.71022179953441 -2.50710837046538 1.85844219640959 -2.53315102797889 3.22662989967427 1.56794713863965 1.6565151272724 -1.50784784560837 -3.55739793307157 -1.15086802737881 -3.34261298748841 -3.14162723126273 2.05961345585135 2.2596534466113 -2.61994788398443 -2.99792648674417 1.79380616836724 0.711856623890369 3.20909344652858 -0.0883987034412565 0.336909792901001 1.61853702156171 -0.942056424490299 4.11536418357344 0.853203073215323 -2.772237380741 0.395497104081253 -3.06318698036628 0.158950214943071 2.37019329711097 2.12890228609486 0.807088797720874 -4.00054506161255
"350" -1.8074153819534 -2.09996378827039 -3.82315665780605 0.918526473112733 6.34726536158324 -1.45610778932533 2.15523785953486 0.686569533716285 -5.43795933557576 1.3086055115881 1.76097607767102 -1.47697574224555 1.38364407958165 -5.9739111448615 0.86342869586408 0.0665152496079218 3.62550428630342 -1.64005793337183 7.7356927191708 -0.357733947596263 1.36035123518124 2.89155322730082 -2.49772745570648 -0.806954007726362 -0.972408106399817 3.75581519766784 -4.71856381842083 3.02802798499929 -0.509391109727147 0.316937083406629 -4.82719948551883 1.90921473683336 2.58420584560572 -0.659426826645189 -3.8224624927767 -0.0607520691587404 3.18123656980041 -1.45557261050305 5.19341593333019 -2.69777113333538 -1.69963332559301 -3.64592602969926 -1.02768222994879 0.308551525478639 1.99751528166651 -1.90427380118686 3.80607536332993 2.09558854175228 1.97935630044377 -0.666114898902661
"351" -2.09751251403396 1.37158031820444 0.712481084899264 -0.900949775241904 -0.242726679950257 -2.27757623873329 0.453060590383578 -0.584210248684112 0.118793566780734 -2.17552880417003 -2.36007756599808 0.275039863102664 0.0322948040512479 -3.35041464277286 1.61294847133979 0.91741788319957 0.199623848587983 -0.814561270802558 -1.12678297582372 -0.0694012572950051 0.812678800011775 4.39900481287521 -0.19131430280898 4.33565555684558 -4.61909589027336 2.22238842638098 -2.73344044402884 0.219802348769493 -0.603173100243971 1.91886273965555 -1.0974705048223 -0.0749008482249459 2.83885270306983 -0.0202679707476485 -4.14068331025183 1.48467594083377 -0.143220936739354 0.891863071820044 2.58966862866011 0.563417545835017 1.50540470012317 -2.41957905814081 -4.45535540853585 2.18422753017368 3.28801971728674 -5.67819544746782 4.88769100202151 -0.935257885599769 1.27409221160338 -4.58885417133968
"352" -3.30363821628093 0.0296980149629874 -2.97070971325195 6.0290796513686 1.9193284118032 0.951750448544502 -2.1579724152896 -1.67646428270984 4.72772584316499 -1.23333043264982 3.81389402494374 0.870895433472613 0.792585592025022 -3.55913656201553 -0.475368277787971 0.15363313136761 -0.77058885990956 -2.59121137454614 -0.719927601914889 -0.231137093941086 -0.0976600019490573 -2.52530820289795 -8.1725390562026 4.7018384730643 -2.7905162722854 -1.16068790829461 -2.67084806140425 2.75404962005427 -2.10526540638324 -2.3844346259014 -0.676510662991111 -4.07679399562365 -1.6520246131798 4.83384470788808 3.02699200175374 -0.482267072587446 -1.27810558623202 -0.31447876499168 -0.431176520883124 4.91711695510261 -6.73492797532112 -1.15560304283173 4.77662661234192 -0.232033917880075 -2.4827041525478 3.79311028015838 -1.48471371449173 4.20556982905843 -2.00709669286245 -1.71727349522686
"353" 0.702755202928441 5.88475918214665 -1.09726083724059 -2.65763193400736 -1.73119712740191 -0.607128025998285 1.30642317422946 -2.0021722930404 -1.56896653854892 1.43055056968499 -0.303847415996704 -0.29988253016 -3.29150829647717 2.16123756411521 0.84201044117766 -5.99373952386851 -4.39588747813262 -2.66218290941207 3.35645773316712 -3.70765663825351 0.702469928532215 1.53676263849988 6.32128306787207 0.429633399848534 -1.62827348013748 4.47567207127712 -1.45890448757798 0.977625462258225 -3.83117669078896 -1.28982724036805 1.47784045261503 3.81753740593705 -5.56478267946283 1.58291560167823 -1.35971440229596 -4.61075632764448 0.93751885500777 0.902600122880354 3.461945902014 3.34805845215186 1.36839912073116 1.23555561602946 -0.528610008398173 3.49429720709629 6.87711687711977 2.03060474109426 -0.405246261899152 11.5705127837889 -0.600818428239132 -4.01064745358545
"354" 3.00578175547716 -4.26398910313398 -1.19293657780206 0.28853192302803 0.0898775407618909 -0.286939261589128 -1.10372964065791 3.90649507103244 -1.69763835792449 0.351474486434099 1.47292433159837 -7.27940174586431 3.61318325798028 -2.49844608899457 -3.22656476228701 0.533389220397922 0.98320531764882 -5.46242242671971 2.93545344169889 0.174103381625978 0.292168681898224 0.557172003187683 -1.47222991151301 -2.89666979915757 -0.460744952027679 1.192858222414 -2.50415077024098 0.383113909767299 -2.07225084270679 1.14135540684281 -5.19250169944211 4.94001649750184 -2.97648300700076 -3.55863290700769 -0.514517921677566 0.163773143850043 -1.7174001728544 -1.58883745807353 -2.59530716475187 -7.57687142512782 3.77502613816801 3.91112427298358 -0.244577371516097 -2.10241692215865 1.07740332531771 0.900264871716457 5.74728173074639 -2.41837735826553 4.88703922192466 0.991541434803152
"355" -0.90774535721193 1.9313592972559 1.38917497651193 1.14725270009637 -0.0462239965710868 -2.11957788621987 0.0117850092883237 5.33184390773806 -1.35745056427041 -0.109852462588626 1.82164078071166 1.54450470901218 -2.08159125283884 3.24455332140223 2.82400115441105 -3.54915469183626 2.75820722530543 2.62435347728273 5.63513908729894 4.86077244544278 -0.933674667452715 -1.35019546970992 2.31885998695027 -0.278020911162982 -1.46353764318881 -4.32121458582415 -0.997990291455325 -1.93175229938442 2.3273374980716 1.67249979233981 0.607473201142564 1.65885392252848 -2.66032443776397 -2.85681082063428 1.04969326535477 -1.57708493960448 3.15571197536754 3.72411635750861 -4.89528797996949 -1.31888587861482 0.194490240001991 -0.589731439724437 2.1396455245109 3.44543700773916 -1.65119198103556 -3.20156193452944 1.89522097099615 2.66210017233808 -0.815924128503917 3.3542893733373
"356" -0.18718947764082 3.35324320520312 -0.377740700598034 2.77930293380933 -2.99984147788679 4.18088705080885 2.99616655501069 -2.45080579461908 0.50136369423239 4.57072017903585 0.881610087048418 -3.80359118786902 -0.922268452695276 -1.03100953095287 -4.1476129775778 -3.31331221141428 0.755804366532234 5.86972505144395 1.56237712417106 1.73448793333665 -3.57008410087038 7.81616713743005 -2.59173319110525 -1.52197464875109 2.70175709954281 1.25113703520968 3.71823918826445 -1.85387702400341 -2.00954582248124 2.2718934338034 -1.36764140827668 -0.258391686055117 3.63331761108079 -0.364067594783688 1.72695950885512 3.88056005395403 -0.833837574201202 2.26816826774528 3.1819084811116 -0.187548872212756 0.178813623007892 -0.316823524028929 -2.53907142526189 1.98499136498413 2.12135372499351 0.972529104986703 4.05065665634669 3.99123055851899 0.661172853575771 -2.87967567647726
"357" -6.23840333907608 -0.834474463371806 1.23701141968406 1.16072695351658 -2.27004748433574 -0.952163073327864 0.0830977848864966 0.300064439813139 1.39177830957156 -2.17589071473209 1.1329336029125 0.226451809153104 1.86576250769842 -1.07757879524171 4.49267178132385 -2.11484171835906 1.12651780607721 -2.96610626386406 -0.186692802259734 -6.24528642904838 -2.57122735818278 -1.98650866896884 1.66938690567732 4.96473668842537 -6.1517899099488 0.459840262529938 2.25642044385253 2.86144251995061 -5.32679942209593 -1.54692657848022 -0.277195179871871 1.24117187855331 2.32252021573411 -0.871379695057576 3.34266864396089 -0.0323752454297409 3.86282563627704 -5.85083777237129 2.90522551176287 -3.88258635790386 4.05381098424982 2.85364645696976 -2.1585573255026 1.86566129354086 -1.63166166394094 -5.28565677877888 -4.61270750206059 -1.61993526461501 2.52839214984029 2.60850977576386
"358" 3.30256915280801 -4.84525373923668 0.101239871981721 0.308730901953623 2.4654409519654 0.0941510239755288 4.09450906551285 1.94809621973783 1.82767233893601 0.0636130834469233 2.63583837604852 -1.90927322036594 0.694877006205132 2.6761604012702 -3.74967541407334 4.04136405473603 3.04278013257126 -4.4057844094424 1.5585947794257 0.61671330072644 -0.543225429088431 0.191638324389033 2.73293727092316 1.10549809254777 -4.24421802727627 4.71873930990929 0.955321704708893 1.7967208159153 0.473160158635612 0.527034151396506 -3.27585971895549 0.650789187871036 -5.87426034338538 -3.44160854702119 0.631004682486704 -2.98132870073405 -0.800709571423356 3.66385118557396 0.504614430113825 2.66074578170032 -6.7658775925082 -4.51461150464506 -0.560506866774158 5.7944419608871 -5.0385230296332 0.437873377251614 2.43530166156583 -1.2496808348103 -0.961256248698718 -4.2935478366324
"359" 0.170647481841579 5.42448374738261 -3.14373482847865 -0.773330695777801 0.569953952612238 4.92468323908114 1.41567799390269 2.76222473719591 -1.24173112872778 -3.98112527331134 1.17963692718589 0.382722973897814 -2.64059678860484 0.139290601147947 5.55509712995551 -2.12564439801398 5.41028404435826 1.92257593311234 0.676979221792381 -1.6680026321665 0.756252717074076 -1.02958281666293 7.02852951948579 2.6860843148657 -2.76172395678514 -2.30914912285808 -5.06468413661539 1.50907565277307 0.713788657382499 -1.07267021578254 -3.08418807212225 1.87311512232801 1.98583729977806 -2.06721694680862 0.20306042509507 2.23063885385558 5.02177626121155 -1.57633458531302 -2.87963157685037 -5.07849774367403 2.90200883531489 1.82228144422737 2.51880710513342 0.373511110299705 -3.92879509046658 -1.46229249354365 -0.982146306248725 0.322040456565952 -1.15032756951897 1.36078559896444
"360" -2.1847362697547 -6.15120784074229 5.95215812220277 3.12190651396564 -1.28292481090841 -3.32005219318635 4.32925646038449 5.67192070223166 7.03222158584121 0.74883461121455 6.09182295589707 0.881147443140946 -2.70945184682035 -0.142931019284487 3.0248359410005 -1.51905349320198 -2.25872859507332 0.478378498146017 -0.0576315303130558 1.92904178276263 -0.406570712638512 -0.903199680410584 -0.243164761274916 -1.44070557107129 3.1826958143086 -2.22598097502913 0.470031976733741 -2.00541126238573 0.277532596651849 -2.47346533992834 -0.613366540693934 -5.33932427860211 3.38677687005008 0.229739698581397 -2.10193352757145 3.66566608077307 4.00638440030122 -2.57778946329456 0.699142719775661 2.42359020201025 -2.84866185360102 -1.29686372085359 0.33515093385553 -5.21898712125792 1.49906802744578 -1.6426890611782 1.96369263262924 -2.23139974943408 3.09565654893525 -1.72427558076196
"361" -0.941879405254786 0.623105452115896 1.20041456383673 1.67565325497424 -0.282785808628541 -2.35858838622929 0.962034492834502 -3.13795123585866 -1.67006479783467 -2.7429444366123 -0.14092589372975 3.35261578551489 -1.962221252745 -5.98088221397045 1.80445223837614 -2.04164377119466 -2.35917947615379 -3.26072862900315 -2.48194746301256 1.61205818144001 4.95087500935768 7.30973287559652 -2.6982617495276 2.98934069854157 -3.36890427253394 4.33813631042765 0.447879746860576 -3.04342693437116 -7.63909657620576 3.36154830447838 1.08582390626755 3.31274795435227 -1.83299449063618 -4.631652998438 -5.07251184878152 -3.58525207896316 -0.553149568630042 -1.26375424160776 0.494215870637848 1.66095760899736 0.247335191168627 -1.53958615351102 -4.07371138808522 -3.83415123417799 1.49898882348462 0.317123161166411 1.89725574575864 -1.42603513253792 6.60320644764428 0.393260738884177
"362" 0.377723744906465 3.22341064097079 -2.42159220667818 0.946475018739051 2.97493609687014 6.51894011668319 2.95599776121517 1.73311934757961 -1.23836330485305 3.73349236441149 7.17949669963859 -3.20838075498811 -2.39937947955515 0.329778163069549 4.9032917969047 0.380364408978113 2.20513524598431 -2.57288741648857 4.17359889862448 -1.10311611710216 1.29712772368841 2.82083892788079 1.40652534716862 -3.58342728255262 -3.07298361900046 -1.26312410487612 2.4526822964219 1.60591586142393 1.6561554642584 5.90000247015307 -0.868932971827164 2.47756400582019 -1.08831360640451 -5.78967177400298 -0.743862657906853 -2.18374947268814 5.25356980399947 -2.49746662800345 0.362176194934242 3.54974555319503 7.75116437952986 1.77218026324047 -1.38726871312878 -1.78498644980474 -0.41268534188466 1.37615422964551 0.579165810008227 -3.6036729428 0.1502853897391 1.48041054473318
"363" 0.95960355761747 -1.27561588987248 -1.34748655886658 -1.35298935230001 -1.61260748524331 -0.842896304961739 5.47136978975156 0.825154788617257 1.60997162209275 2.24816568819954 5.21203073107723 -0.417591199591622 0.0941218414296815 -0.831600668274439 3.28390366913058 2.29959239872552 1.71424904224877 -2.83015984065502 1.31405411799859 0.537970856700819 -4.76770593718557 -6.94912462134346 0.59784309521265 -2.94182048214573 -4.38213003326255 0.904779894811175 -3.20541607018043 0.720167356826282 3.42049206885314 1.56559161350879 1.20799476744023 1.09549358896653 -4.16483728109047 4.68751676805348 -1.26706021411727 0.324268773701735 -2.67616270489983 -3.8879003122906 -0.659313793599032 -0.695956334695944 1.24853098642353 3.4234744231146 -0.61048846671711 -0.416787806793464 0.736063881222401 -0.572101933888967 -2.6420607760346 0.190664152839131 0.578974330272744 1.01303746289898
"364" -5.31303055398831 -0.69660283097027 -2.61978512262255 0.2491033701508 3.18985106154042 -1.42141265331742 -5.20309925426564 -0.0516317027886935 2.81632793789516 0.664863498834669 -0.151369318281218 0.702423520867266 -0.815780063406473 -0.814241284637216 1.53201664847534 1.7906040158752 -5.3661380743428 0.0298075675875343 -2.80048273633045 3.85584055530182 3.42145746353425 -3.89921475490626 0.609026682675909 1.54148755535574 0.934447292917106 -5.42178711407013 -1.74530585178441 1.71550989983831 0.438958047204557 4.39955366412049 0.72144257428172 -0.521658398392075 -2.79511766242595 0.49405645799087 -4.10903221289417 3.61153057929934 4.92539796504942 -1.84990765762791 -1.31459119622557 -0.433088627568989 -2.0126565988785 -3.95448231850113 -4.13086838560239 3.09930115790269 -2.59441399181044 -5.98369084873831 -1.76167990265336 6.01849518507453 -0.183051304770338 -3.45933265063528
"365" 4.44387266371601 -3.48942176714583 -0.342440004325792 -8.14416036922482 -3.69542183813274 -3.9675848801528 2.9514328117607 -2.17331302692873 -0.100808075913053 1.34344078395588 -1.4021756090156 -2.61032215373145 1.47056092342509 2.96714296322258 -2.37589490811639 0.967199042202758 -3.2567842443215 1.98924318145846 -4.38980249817019 -0.227198181245686 2.31889811130819 2.25332522226182 -1.12970784075416 -3.64576683452158 0.487699915342389 2.16104558727073 2.11083603986354 -1.60388930966435 -3.10788773377249 0.440421495284211 -0.894248363072675 -1.7770948313143 0.375846890250735 0.325484484828295 -1.73976002028424 1.11405196932566 0.302213073642008 -1.137732327917 3.22771858074297 1.96512345179898 -2.34184512351147 3.162187668562 -0.105998373804399 -1.05797337840107 0.805093755362718 -1.93118763121426 0.578215098894955 3.26184960140297 0.781069125316947 -2.02138880057852
"366" -2.31990377295962 -0.244330974423088 0.179479242261092 6.22433038134674 -0.412694513618856 2.06359130734457 -2.16936083921752 0.247973144809945 1.99216964284016 0.745421157420917 0.114863653304162 -0.402533282967923 2.19008835126095 5.31811430929478 0.900462443119444 -0.0808092010230231 -0.769605807192505 0.890995610509787 -5.86439791407097 3.97666105931055 1.80360864478924 -6.49154041497502 1.25199306211161 -2.1192738268909 -0.0950238651160239 -3.33440994349338 1.65661548104706 4.12773750519525 -1.89657297345815 -4.55524851666407 0.0803793826257759 -5.96564615746516 -1.73633071331471 -0.43983385748724 4.3404245143684 8.19545312424755 1.70668197262645 -0.39521483981968 0.731716078964584 -2.87870970349433 -2.06478481100524 -3.72946218869172 2.08894834712209 -3.71603203159534 -2.077117255665 -2.24977231471777 4.6750086230444 1.31184874970559 -1.15673663487632 -5.18160690791089
"367" 1.08136590527237 -1.30501370812193 0.208378003480715 -7.48674544797385 -2.78297930773183 1.52181979052515 4.03977366529999 1.71593900662552 -3.00866527783304 4.70930975658828 4.15734684828377 -4.59272527972447 8.45874025181392 -0.927558933859705 -1.48563687696979 -1.95768894619385 -0.536473075778174 -4.72596640900125 1.08554860018836 -2.16038685044126 2.37619877582593 1.14760075212955 -1.12305042045261 -2.72218456937164 0.874070428409439 3.23019373070694 -1.65733088677857 0.909424265256008 -0.184808295564504 -0.139944182331448 -6.26577402767811 2.11745665218489 -2.04620491535894 3.19242737471785 -0.565083789220359 1.7034976298136 -2.03078147414687 1.29329501126509 -2.28177984496692 -2.46778016351274 0.62765216227709 -2.06346314444554 -2.62731052375615 2.41786576851938 -5.90770540580023 0.0513524213848284 -3.27587783681688 5.2778395315958 -2.71700105760686 -5.27476027200068
"368" 0.907769850703158 -4.90302448464888 4.6811680834024 5.0008184949019 1.14532279577032 -1.32639501128565 0.705206457688235 6.15841644827412 3.5628105328058 5.30271922107361 0.771003965494031 0.0065192816928858 -3.27293894178418 -5.67627068889217 0.817277499487724 -4.33783385082461 -6.38203391771497 -3.13114052714894 3.54500311132188 -2.38616004961854 1.1277805098145 0.412200923496084 -1.95927580535484 -2.06566058433041 1.62816033060197 -0.649156168807716 0.459098551674664 -5.1571547741259 -2.19521103903321 -1.84381773697836 1.20632190165977 -1.78930960442874 -3.90874238975884 -1.2482404625715 0.308846096280209 -0.472595510069501 -1.46664369119377 -0.154541739212715 -6.40972428227128 -1.20995912318725 -2.31645855774384 0.893059469641367 3.31506666062163 1.83212243295419 -4.62285680539837 -5.20984005331874 -2.23769994748652 2.06470230147228 5.18703364697098 -5.97639129050908
"369" -3.86611081731099 5.28718032020023 0.994846935655418 1.89659421400356 2.99850446690632 -0.58223969478158 -2.41997351590072 -3.9714692517776 1.53707372311983 -1.43056810168655 -0.681168763882869 3.23623006065008 -3.0269479474028 0.499530322640142 -4.40184823771219 -1.92959891108448 -1.26796455005848 0.141088293432094 -2.89560138200075 2.86765977247183 1.12771716510887 -0.348835535065402 1.84013035518241 -1.02839773730825 -0.0810634100529007 -3.97881234013681 -3.89756638634483 4.33598636210955 -1.27673135577191 -0.831167141998407 2.61477083655678 -0.461964773197927 -4.9725115658631 1.31895063426445 0.713739450717582 -9.10161464184644 -0.920036635767561 1.46683410580468 -5.58339879998354 1.26734415529209 -2.8177964722579 2.90020476906085 -2.02413753790735 -3.17216120252253 0.136978069418799 0.961221300420521 1.45765905196809 -1.8787424931954 6.31644362655003 6.27929243891896
"370" -0.897601640145865 3.24074971979331 -5.93271839675813 0.579920085697674 5.51388528696527 -0.374481447452041 -4.13014500368422 -1.05042306254506 -0.529585018288992 2.35200029718274 1.58287927192938 -2.37902898983571 0.76256396184992 -4.79492833162801 2.11890334509339 4.60860916848024 -2.26388493317651 3.11228878917122 -1.56729337877989 -1.74828317072131 -2.63948862747977 1.4176017557791 2.17171874225663 -0.347632524917822 -2.17701059270306 0.161811883159398 1.38749633335112 -3.58890356372625 -0.314814964996396 2.57981205175938 5.45893071085523 -1.4484244344747 1.85314899847174 -2.80308644543542 1.84681940659429 -4.32991004427473 -0.470964988781089 2.2646305363361 -3.46444340815317 -0.770271140479436 2.54220784399741 -1.70178731128642 -3.49304214474822 -2.1605554925561 -2.86299364224424 -2.44511569015457 -3.62155285233726 -1.01934399657647 -0.925681583423305 -0.785127816364361
"371" 1.47630347931165 -0.718691942942078 1.75736537749502 -0.0314945683776818 -2.19108685610003 -0.18444209123113 1.97695243109086 -0.155945906220176 -4.00194627103822 -0.468310347113622 -1.63659696161852 -0.646468713627744 0.214965787365337 -0.89418760951221 -2.33354382031706 -2.52691823287465 -1.2721537714255 3.00894603301442 -1.67808317959856 -2.52607934500386 0.289890679248833 2.39484726389696 4.5008533878283 2.13161269033626 3.33688042889354 3.68470247859057 -4.97741394254132 0.995183474101485 2.56176223698645 -2.96621913920239 -1.66257110275562 0.0921158627118967 -0.127528472883668 0.033005458961176 -1.87544276189377 -5.48168672185223 -3.82221289471365 5.11649300890385 -1.75775077101252 -4.11709362073461 1.16435323935264 2.25519093471442 -1.03859703987034 -2.64450344189112 5.21835290109514 2.19804919250595 2.63450180765565 0.310235078727404 0.303758191268579 5.03322586193554
"372" 2.65294096397733 -0.337365743490318 -3.19374545571682 4.23837095690908 3.64967159357896 1.65939788744149 0.218625880802208 1.40935808716325 2.8284568148756 1.29314513969551 4.52598432632576 -2.07517703409079 -4.72558167678283 -4.02636396039189 0.273103448839691 0.418452485204962 -6.7546406802251 0.330098453419284 -1.27899709162985 -1.50166170772884 -0.271860888121219 1.69884565848175 1.84836876879463 -2.42028797101108 2.61379498716379 -1.93410685632986 1.73429833651398 0.154921050530356 0.807850713094815 -3.67467751381368 6.64473840604129 -3.17432612351973 2.2833271199128 1.3592425551714 3.44682026060393 4.21201890036528 0.24296970751722 -0.388205595584061 2.92216625244822 4.12923194307719 4.98656028515389 2.01330983611728 -1.40962638116546 -7.40699875324627 5.83965215249237 1.75818359594208 -6.10820913186056 -1.72290684192648 -1.21184544867143 5.9197748661683
"373" -0.398898800011298 -3.23158841045832 0.73394922259038 -4.33957755973038 -0.724164352968246 -0.905864734384055 1.34720514788416 2.79401463499708 -2.6522551912483 0.0386228967490648 4.0226743393614 1.47463089645458 2.20802842604416 -0.242708925086886 6.40853804022187 0.650263305402122 1.52430493228744 -0.146654795269454 -3.10298980334108 2.53518193364631 3.25292574924763 0.897154106759345 2.09656894305244 -2.82032142518272 2.10430976253174 0.0269688018385598 1.87219788860044 -1.66257294799526 -1.00372688392505 0.30961176828833 1.26523574433814 1.41631237082869 0.168778854785962 2.12768369331654 -1.76681666083215 -1.85239933185147 1.17482260894708 1.1852120758951 -0.871422655737388 1.99140759078685 -0.180698524373652 -2.79789329772762 -0.85846360393685 5.10924715536959 -0.95665828079549 -4.46053839534803 -7.35966262366423 2.57159093734078 -3.42212765903361 -2.83064383684927
"374" 2.48802916424707 1.70232504703892 -0.411042267562103 5.71998044234704 1.90637304358998 2.58004538769046 -2.51393361509452 -1.76875897023253 0.375000329310888 1.87285505848411 1.07655557904714 -1.25560643129131 2.72216534457451 -0.501992968559446 -1.20927487146633 -1.06923261423873 0.949037575211285 6.77729182521698 1.55130129173345 0.258784188541134 -0.0100825483378486 1.89089164290303 4.63966792575524 2.96080984169113 -6.53057908882969 0.341364207993557 0.263234815879426 1.68404959767787 0.722715167638645 1.22439366729315 -2.09826922147454 2.92206511373825 -2.28349119727048 -4.36614241209088 6.64176259207028 -2.7706416193071 -0.894143959155764 3.71567910538542 -1.84473308318392 0.626265721621915 -0.402293417698362 -2.58862147267681 -0.324761203881393 1.46922657034773 -0.910792992539134 -1.47934593945528 -4.95280387646935 -1.02807997078781 2.26929689237414 4.46639718748119
"375" 3.88444028684678 -1.27928456473752 3.05339903992397 -4.02935789202908 0.412058978704868 0.882156546950708 2.43527632694568 -0.143046612345464 1.17083173872685 1.43483763191544 -0.930580855062934 0.825157987258046 0.975593172739347 2.02189150547979 -0.787784807094655 1.2105328556573 1.13103995082757 0.436987403226935 0.839268072753717 0.681377670252367 -3.43691265940709 -4.57387200596411 -1.78285755667604 -3.57206187895175 -0.963090771246402 3.26560830620587 -1.21276693060562 -0.634755378401171 3.49811520001808 1.31523738406055 -2.41183813149853 1.15224725651736 -1.57762758047277 5.28364862310365 -3.4468108951951 -1.9693472750286 -1.30702535195693 3.97252192854993 -2.85637368090031 -1.14941034986267 -10.0280943292112 -5.33003895624782 0.245802834068382 -1.65121911385633 -0.88543755395012 -1.59554170170622 -0.270887387368818 0.985187483553238 -1.57360616187612 5.57481339943091
"376" 1.52311773992458 5.75942513208244 -5.17716423954607 5.19349113358266 1.53042881131756 2.08641244588804 -1.94700215569573 -1.86573744721808 -3.67046225176369 3.7432270967158 -4.08766484842672 3.48931754924004 0.0249871072436267 -7.26903799073535 -3.61633144106568 -3.09333519082788 -0.297706723757969 -1.79014668737582 -1.02998898280592 1.12233943374005 0.623185649104475 1.94228688730405 -5.77648614669614 -1.55456730162255 5.32743237124298 3.06982655617989 2.20934799164524 2.14569471659797 -1.5677160372287 1.08733413116855 -2.10216288804612 0.251454315072618 0.378739655769694 1.07996257718106 -6.71748427661063 0.325832260952206 1.77065313700061 -3.4934072902308 1.72555658530317 -4.25112279279089 1.51216628766042 4.57721533668601 -2.05377615178662 -4.37723919611828 -1.34082293439402 -0.674855248630768 -0.317831793299965 4.36905954744192 -0.434103979680639 3.6889994695806
"377" 3.66161290265787 -3.06935840908447 2.37098366743431 0.194120502704634 -1.66547744950294 -3.83949506234424 0.773359484302598 2.57356761250395 0.300763494993454 -1.99320659600411 -4.86633212876149 -4.18626420667907 0.252200396938186 6.3467587301852 -1.68432531062855 1.46589220950243 1.50588403689743 2.50056018491299 -2.85329846360885 0.592316973314327 1.33832094610644 -1.76849411962816 1.15004312419358 -1.10968081741079 -3.20612075516045 0.731943138246284 2.20029994961565 -2.96449677885631 0.262361922177532 6.4924874216033 -0.859481799058449 0.534897552141537 -0.0410854254526912 -0.452476323879523 0.464735351714281 4.45568478643863 -1.94066322996175 -3.40077867505899 1.33935050641749 -5.28776458787899 3.20162394653124 -3.89763581648977 0.86585228345845 8.52837897564515 -7.8852259585122 -0.847552949182257 -2.38949760135894 3.22132650141403 -4.47136931892619 2.44726802319428
"378" 1.42562496222604 3.57630241691759 -2.03398396894202 1.95557306948975 4.06177995559611 2.03105089399298 -1.37884149935726 1.63720686788158 -1.24497745670723 1.50590032556907 1.66128184351339 0.84704842170718 -0.533148170850298 -2.67144844013859 5.23389565128617 0.701250236339175 -0.685396776142013 -2.16882948528523 4.15312392689042 -1.81506136695889 -1.03673954462043 -2.79211728481852 -2.43106794839222 -3.26910064953356 -0.338800816617866 2.80469234737708 2.9662007095257 2.11950195493666 3.34374862019611 -7.49046356854959 -0.198297134456179 2.42798536999385 -0.579656675402415 -1.25165608712679 -2.35629887518283 -0.399923997933663 3.31323416813278 -3.27993110922756 1.00833288293099 2.94099178232979 -4.51707410298371 -2.20358422532966 2.36327562514874 -2.37573284807875 -1.52926225361467 -0.502699681574992 -0.359803867368008 -1.73473428647156 -2.21102793606336 -3.60872094492849
"379" 2.44375707618153 -3.61973540429263 0.636789067245848 -2.54159595893656 -0.039629030439388 0.106582222282 -1.14785685624055 -1.66538906467109 -0.528054611098375 1.69107038492413 -1.07492950703589 -1.38636477059654 1.21186562142768 3.51515319795928 -0.345260281068682 -0.0446413418262846 -0.0456330949053649 -3.93360862597294 0.336094731581506 -1.76263771000766 3.22807603342041 -5.54317609925673 -1.00170719565217 -4.08198178356657 5.08768665997909 -4.4071873529996 -3.19455496558967 -1.79489048262967 -0.225359083819357 -1.46677890443717 -0.586202718753431 -3.38648202453879 -2.36372032347483 -1.93889552938801 -0.576563784293475 -0.633887599991397 -0.0692882627295161 0.660485611671613 -0.757369980441178 -0.714093176223261 3.36563831993776 -3.23732675922397 -0.48389139176267 -2.4878469943732 -1.72351312114491 -4.05473916023604 -1.36291277022176 -1.00351131897225 4.36424844082437 0.969604454783205
"380" -0.253911709421032 3.4896402254214 1.66941983338047 -4.19344599451327 -0.833030612628942 2.6014719903349 1.28521305509955 0.33173874764106 1.10587974017718 3.50527058430963 4.39499560308251 -1.47222588484666 2.69861915191135 3.70678904904704 -1.02379758968169 -0.185157470519999 -3.29892183259784 1.45351617565487 -3.27531913813182 0.808246011460958 -1.74103890438643 -0.941665259475778 4.91531637243892 -4.70848845494088 -2.04045977000433 2.85728825475905 -2.46819080127638 4.15405676141813 -0.414660007993768 3.99775054366005 -0.446671020228262 3.86890993524594 1.13737683099971 -3.80512346091301 -0.556703470336879 2.0538335114764 2.86935028182894 -3.67090646307745 4.34745156224545 0.670167516677476 0.811386216706973 2.19900347116881 1.37362431088908 -1.5261625295599 -2.37905567049222 1.16379386959998 2.97084793381088 -1.47808077142139 -5.73800135049515 -2.34407953445913
"381" -3.88006133889798 0.658624362834444 -1.29207128802412 -1.47935427827991 -1.63875629675569 -4.16976402450909 -0.851848948047021 -2.8607230931373 -2.38036355356869 -3.91695336818149 -8.34342886246423 -3.90078502379767 3.88334836896826 0.039984692362722 0.470137168063887 -0.978920725435787 1.81432873741477 -0.495840473694052 -2.76120642150897 2.90988847045679 -3.85847302100073 -3.38606060990855 2.66852266212506 -5.23258716744705 2.22075806553271 3.41406090380627 2.70533497962687 1.69505247180636 5.72639478785498 2.55364480587298 -2.38823662865813 0.942318861274684 -0.0340655401887473 -2.52286977386666 1.36729331502941 0.508745259205751 2.18153434178292 2.28859115011531 -2.53281118214943 1.95852587600327 3.13813626094422 1.53609538128535 -0.57835342172009 0.768733811079659 0.605946888279201 -1.58356897268298 1.57166180877143 -2.99824670227771 -0.98472200073715 -1.50013373656048
"382" -5.3114703314799 -4.03640985707926 -0.346112382782561 2.01821250492441 -2.37811156544574 -1.30201930914122 -7.08907475536887 -3.95622741770901 0.813150543881152 -3.47470058270402 -0.729787375255182 2.93227817275233 5.36023868220832 3.90056827444444 2.35133329787592 -1.36359098337527 3.33431427770411 0.498077721077303 2.06142222422449 0.670606339050656 -3.76625672728588 1.13637011240698 -2.3792855276328 -3.14646242955732 -0.254564276918272 5.46205138754931 0.880571920564591 1.83142384373978 4.2855011313469 0.562615851304636 0.162082614067317 -0.138039853673492 4.90917985378672 1.68642705384614 -3.0555361981667 -2.72368248337863 -0.152744385823126 -1.15779902019001 -3.86684993982047 -2.80304455120221 1.61061755537381 2.27722986987458 3.87121574374805 3.18123056184352 0.29452316887578 -3.09986636627884 0.407710558663341 4.56022425235389 2.67121763991277 -5.1368772167453
"383" -0.557378857298411 3.38146142210749 1.89315762970331 1.23509842453114 3.30392673409023 1.69403138169045 -0.198778442741895 -6.44378563506345 0.743801989536071 -1.19484745353673 -3.47012412084708 4.34153688938561 -3.22760032130502 -3.30750015450355 -3.46076977942718 -1.81088170681116 -3.47155816185759 0.378689898354881 -2.80678435046355 2.95556377530709 -3.64143378644586 -0.162922402107292 -5.52166281456695 -0.76641362549761 1.94077161493292 3.93582507319226 -0.482218736471971 2.64708796234612 -0.113904342281117 -5.87151800958789 1.5203690942529 3.80459321077376 5.53169579016133 2.18510664848126 3.10940346309397 -0.43707001042822 -0.783035640534204 0.748124545832448 -2.31087425931078 -7.63003612752079 2.59833649124291 -0.256665470704462 3.26806498670088 1.58834936087441 6.20487158605544 -3.25241308018075 -4.47739936022157 0.756500019401073 -1.58229307834397 3.1048525259011
"384" -2.03983424161768 -5.70279149412705 4.39561626501069 2.63277185799284 -1.8916007880325 0.944045231955356 -1.36618189332409 0.29750908711946 -2.5726507348495 2.72866319128921 -1.21017493651251 -1.51934914887709 2.44018295533426 -2.31537204950135 -1.9991667002701 3.99920247611122 1.44285582373451 -1.00298288053977 1.18838321599438 2.33192817709608 0.287824777060231 3.12026642313997 2.49824645822123 -3.3168395845174 -1.79046459062552 -1.09954533216691 1.09295813054002 2.39883509934089 1.20294734236897 -1.14545988556431 -0.637895687062162 1.07742250349336 -1.36319446425211 0.148135468275054 1.07711365176497 4.29983827691558 1.62019790272384 -6.5391211854055 -3.24811606747345 -3.08983471278653 2.02941448865285 0.970215204670278 -3.24895378284681 -2.12605129020954 -5.36298987642011 -0.48020531990281 1.92499754689933 -2.24001232729195 1.61482483199736 -4.16233497179935
"385" -0.48517172052226 4.07335798140201 -8.68118873065272 2.14666480518033 1.39615031260122 5.50960518053194 -0.282535987851473 -4.1322755332944 0.867427427884711 3.74191573169241 4.38446510105564 -2.37264863886253 0.826606121364521 3.79299894026474 6.92434820318695 -0.632176090810222 -1.39101255623148 2.21119065896242 -4.79831143435351 1.76107785625506 2.15694285575554 -1.20762509118335 -5.31444216356658 -7.80237864197718 -0.445936874197733 -5.91847095442119 1.2219331544991 -3.78429588007741 4.15190293084804 4.14250710300102 3.26261728831307 3.67579698883287 -1.12520826893429 0.471186054452282 1.65647539498626 4.74404815081113 0.764185979511829 -0.0989270962097772 0.235568211751125 3.45322433155149 6.4572920538285 -2.56814629350136 2.96263649247884 4.75646886175242 -3.40846963216659 0.185688419277017 -3.45696766026944 0.754097530106092 -0.243491954342402 1.32042705655296
"386" 2.11607164018013 0.701224371882629 2.39186792536268 3.82241842090475 0.0428373057506875 3.7606677954642 -2.25464989460213 -2.76067177851689 -2.69687899805667 -0.159008976443801 1.30031216276444 -0.195959741401571 0.124146375201021 -7.11522629509651 -1.82956534609538 -5.28837438524356 2.14968622129569 -1.32224380529476 1.97455599636641 -1.7553470613631 -5.70098556997469 0.666423802419613 4.31048232001316 1.62486916648577 -3.34188518115317 3.77690492022384 1.9769056595057 -2.02909164832083 4.56854323930415 0.749627497250357 6.61920415533203 -2.51332753271907 -2.41534316830438 -4.6503339200558 3.04450027531433 -2.26323967154621 -4.39615628214925 4.51614882811237 2.78523486506272 3.69449366031164 0.126879157685846 -2.15411078538371 5.2027353303382 0.504268608519187 2.63548507526215 4.05052435428235 2.37822155548347 0.361215088305758 -0.248897303898108 -4.62813902495648
"387" 0.740699501365283 1.80842965047811 -1.442809081614 2.5349177172978 4.53660927580052 5.56257892285675 2.87751388171529 -7.1644913370212 0.978039586284401 2.90590471031279 -2.93200487230658 -0.392956905444355 -2.598509930132 0.094868096426563 1.91620107976051 -2.42450282471395 -4.21006946559511 -2.53223581300746 0.247312361066397 6.90841356093726 -3.30964201716002 0.79594397870635 -5.01098181218354 1.21253038487216 2.7658707199261 -5.77755400380768 -0.796625201695726 3.35147292173551 -2.7071906316344 3.4314163729623 1.40992266993665 0.746697588322123 2.8035739002994 1.6899599636736 1.52597891082314 7.08142125694214 2.28539275092042 0.883212570330348 -0.231520703979904 -4.78176481100752 6.72865288945061 3.27079698614823 -0.918797660057966 -2.57207121883831 2.2421543072625 -0.082470640420779 -2.15864257658791 -1.44229103559102 -2.55505126532514 4.78981974349415
"388" 1.45587862198138 2.20338255309342 -3.31452531356884 -0.726997080233855 3.68816658989025 -1.16934013174646 -0.259073378358558 -1.66432632489696 -3.27802072659366 3.71247297967804 -5.44430310631006 -1.71370955144684 -0.250094130528181 -2.92553277106187 -2.09462124784199 -0.994266611979106 -4.19327673607124 0.615946520389028 -4.54773536820144 2.64491895899493 2.50092385794352 -4.40244891587216 -4.66967626011929 -1.16821615452263 0.189127728739021 -2.15954585227382 -1.59484604030039 1.39423515155038 -6.90335312855044 -4.46314367129254 -3.52652074381509 2.68706111255129 -3.81995821982315 1.62193233744147 1.31565449947802 2.57977762616235 -0.118476141671758 1.38180464377764 -2.69826329308022 -4.00300384013573 -3.50101497755652 -3.2751774150802 -2.96648999385113 1.2102699586029 -0.0372978567664775 -4.45880316553727 2.62967578461953 1.38467246974799 6.67419149059647 2.61435491896448
"389" 2.80490200303782 -0.0916515142198632 -0.0208951151471513 -0.706402487587665 0.0926169037251202 -2.74756239736492 -2.84957766794179 4.69911495175843 0.691893941718461 -4.78665500966543 4.32832794851895 1.69224801836739 1.23578766828132 1.97286213279855 -3.5870292116327 -0.231122127209527 -1.04365236681786 6.04781222109929 3.60124910070022 1.40690968967167 -0.244688669164483 2.99347979584865 0.856305543883349 4.35170688700647 -2.15584100466118 -1.67910555784037 -5.18771472672748 -0.864605484753035 3.58342345262464 4.62259940641585 -1.97480432291988 0.184067998842212 3.20450295235502 -3.57058997872224 -0.550136883117589 1.25956195722001 3.15665287898413 -0.828167822712462 1.1050887086494 3.93734719137458 -1.01003718746719 0.741364489607637 1.48383533274644 -1.32437258414957 -2.17615193951806 2.72212243257464 0.470403656443724 -0.462768302006008 -0.238923431058169 -0.321806522771852
"390" 0.121234073985372 0.393367053609595 0.922831753496948 1.65689288964317 1.04010791147952 -3.3054982886015 -0.638008227596046 4.458978602734 5.21227913599531 0.114699452186274 -3.522786600692 -0.868838329906361 -3.84792383002328 -0.649504362631603 -0.736644972500669 -3.3629413265097 -0.812961312782298 -1.98894489594916 -0.1044365819103 1.75100709699606 3.68700240241505 -1.09889059775147 -0.650528167659411 -1.22563289020937 -0.827041988712153 0.13827203425268 -2.75142778527801 0.576361749897325 0.581119612067494 0.668471493039851 1.92725786697567 2.21454406300631 -1.35780718425447 -3.23157637613932 3.73070944391048 -1.49326902033778 -1.09989233703856 -0.112410543585014 2.63583901025934 4.28599701910337 3.97074071504528 -0.370957401753543 -1.42429577868897 -0.967711473711431 -2.30557359716198 1.77326786499567 -0.636233838507732 3.16370745243818 -2.03687985598957 -0.154254061951086
"391" 0.363460031019023 0.907374436938839 -0.0642942266333122 2.64433472209481 4.89511420414649 4.74349237765739 -0.339041475167663 2.3939418700934 4.47435111917861 2.1537085773924 7.03541794307901 -3.55354860001684 -0.21618192949795 -2.15997554031465 3.62876595595926 -0.305946707479044 -0.967814863320925 -1.60422969709199 -0.537105450592218 0.271700470722826 4.71526959151925 6.51375581868065 -0.353884286377519 0.227600250253164 3.39779919485741 -0.335072650160055 2.50554621968717 -5.91900238905827 0.759861994871257 -0.755663024104628 3.23146974398111 -2.45717078588245 -2.49981291745694 -3.62595272037065 -1.7264761562713 -4.06410114604286 1.04953711246822 6.96052925513299 -0.884202973162554 -1.73303987002997 3.78973129219844 4.35711335931392 4.03846621303877 3.87673148469719 -0.179805123545835 -3.01594614493679 -3.1505845566543 -0.0308852755845794 -3.453884105054 7.70137088937286
"392" 1.84521908488039 6.58634688997737 -3.65690522065449 4.88162082938237 2.93285966429418 4.5613800495866 -0.652995135926815 -1.01447601413915 -5.45742378503716 -4.06042238229737 1.5849684635795 -4.85539290463604 -1.5539078404741 -4.20491569186992 4.98996556992515 0.941687824612138 6.57740405774981 -1.0601734596641 -0.312227587428468 -1.52629314201711 -0.926265819355667 0.557120284151083 4.66051191687394 1.21675183639722 -0.902122964360183 -0.770725833255091 3.16585137176047 1.70114976116416 -2.98007513455488 -1.36931403062747 -1.06609299609088 0.37930964190083 -2.94082870674521 4.69074133652908 1.80750725521597 3.27036778700396 -0.665716288876873 2.37146288878209 1.53466519841622 0.896055158843662 1.88864243012723 0.464773702238777 -8.71519094692209 -0.221532716283352 -0.0794803286157198 -0.363873691993081 -1.26073153104268 -0.000923443299094385 -0.578392004304852 0.630106908108372
"393" -1.17017624131977 5.67876849389033 2.9906680171178 -0.80074019838088 4.98810901820082 -4.14487850367634 2.56265388160528 2.27495718181946 -7.20732517453968 -2.88577893935262 0.493416007018222 5.22958466012023 -0.469586611062203 -0.621745475702737 -1.22751520307702 -3.59231623898386 0.265295050425199 -1.86144410471508 2.02356998338449 -0.855104491098551 5.0668580970413 3.78293901524532 0.576733785998586 -2.72703288421111 -2.59889312572753 4.12627446255723 0.198774262501651 4.60228498487413 1.60603476103024 2.8153585140365 2.50886611990832 0.722622314529424 4.49407111384858 2.9882305494482 0.441672768883173 1.92249130248381 -6.71356679587268 -1.40429925937453 3.596489520381 0.471236169265367 -0.465728094610752 2.27945305143851 -0.152285115562723 0.0509851346580668 -3.62763063299933 2.62350293123265 1.53171828745466 -2.75088931418188 0.850788728831957 0.794008187760558
"394" 2.13078259899539 0.910769381872997 1.74562752733076 -1.05465776595222 3.61753506007702 2.63559391263487 -1.23185585158518 4.91803177955441 -2.45276077916172 -1.09543111870716 1.51484906901072 2.21594902458647 -3.54307053955765 0.749901867549755 2.72438009411956 0.791517502365724 6.56845418737845 1.30602692634649 5.09404468777954 -4.66099520284923 -4.67640306970827 -3.80457479555944 1.24059976699542 0.108249956611622 1.20336939372425 -1.78579122708861 4.66467386523437 5.14069744883588 0.496616080905102 0.148808368049971 -5.02082094008234 6.35560595629687 -1.97654775417232 -5.65358643172292 1.93487075422315 4.05527400776826 2.98747787021375 -5.85459500617937 2.79697319445662 0.486781942748483 1.57444066136765 3.45151225488623 -2.79916976716444 -3.15355260914661 0.57092693990569 0.70880278931843 5.37343807694873 -1.9834312964569 -1.29846999530732 -2.23432244312088
"395" 4.04256991862925 -2.8049676242523 3.63646559147794 -1.0097598593954 -0.408057087461641 -0.138032911513864 4.16102077975433 2.57098575769581 2.57636101630232 1.86007545058041 4.46015711093479 -2.09965647833366 -4.08037104609074 -2.17421427892093 0.596193439672896 1.79957095968046 -4.2262858063376 4.31061946123526 0.837817252616887 -0.327775322347893 2.82536599193293 6.11669772562481 1.08987666622154 -2.03661475208157 -2.57518638401415 5.21138123316912 2.55040030207305 -3.28954986322869 6.31962388846516 3.53304536730093 1.00454208935784 -1.35581885416103 0.533659761167911 -4.76925609904833 0.0824259892912688 3.40309569640531 -2.29234980211499 3.22247660042933 0.815292003691966 -0.828926091842435 1.62315443249616 0.0452340567059587 1.85758299025148 0.168373665038344 -0.89707882269573 0.214088440085902 0.0988249980161597 -4.44115954678448 -1.45101807401479 4.05281635891686
"396" 0.647634654113715 -0.321615291642453 -1.50960481427476 -3.26605961516622 1.47283165005196 -1.95187252522769 2.99515240543549 0.474876199719295 -1.663014602843 1.17418919923645 -4.17373679782969 2.81406042299738 -4.21353534442244 1.52557739721027 -2.57029044865035 2.73819040252482 1.61740193667383 3.33055041647771 3.31280194705853 3.17889430409681 -5.19453299500813 2.81066610539145 3.23564803923138 -2.64644834454728 -2.4445360927387 4.21182727421664 0.21411964837584 1.49538009615034 4.05958762957979 4.69357791133189 -1.13774239661784 2.01965735453225 -4.46696452844964 -2.28759340754493 -5.1300042898928 -1.6202054185522 2.20088393652611 -0.628853686515474 -1.66196965609158 5.77237681208162 3.53221133849868 2.87072467178153 2.45807175507134 -5.16843240536195 1.1037879974138 2.88075369967448 1.59715474753119 -2.23814076562967 4.98145481600545 3.71232021737518
"397" 1.5394968150851 -0.513040114067757 0.811696500236344 0.853620888228136 4.28474349016905 3.33044140882181 0.714010512181528 -0.93032689718777 -2.73017844413757 -2.65680475359648 3.69428674323367 -4.47518161848979 2.00605719077774 2.02752899901919 -2.12028773027914 4.21109991757475 3.62483580337321 -3.68387574197966 2.6970182156985 3.28704812950513 -0.656960197478414 -1.28823335880634 -1.64258039752172 1.75273856124582 -4.9591289215965 -3.29699791880753 -5.84526445887723 0.719272916477297 0.0856071318922716 -2.7842798360996 -1.23285651798982 2.56781446768081 -1.91157739662894 -6.31118378506742 4.96920199589988 -1.68787935427743 1.76893031984286 -1.65699635319895 -5.35343623781261 -2.70486407359045 -1.06599599833346 -2.2187358563213 0.0890067046372886 -1.70513372857469 -6.45586122397825 0.839377934181792 2.14529054987376 -1.29151362933694 0.429090198063292 -3.13586360687318
"398" -3.55553089649744 1.2762493161317 2.73236094756184 3.34122914995577 0.152815610509244 -5.74221243209251 -1.03000667463994 2.27065441408103 8.07962337861639 -2.35388387319679 1.64758199917964 3.6075007018654 -2.00784474219249 -1.9941613324377 -3.86794807677023 -3.32222580262164 -1.15713792677275 1.20426802527478 0.252719219980502 -2.07755168153494 -2.33441759355007 -3.1998602242743 1.09524215216844 1.86303298937346 2.34246550291583 0.703626827325753 0.41081933325571 -1.76076614933241 1.095083056772 2.90023184529854 0.0798602456422448 -5.36856062932043 -0.000588595365037812 2.32177587907324 1.4391343580669 1.38871463037061 -0.855384385644154 -0.963099747647404 2.45982186873822 -2.85945664560128 -1.03232214167494 4.70853112931549 2.63601762969603 3.66976141097049 -2.14063984291182 1.78248518784698 1.56881986553608 0.420894266072514 0.969662404303177 -2.10214950427512
"399" 3.97181644990149 -1.79309318357784 -0.821080992941312 -1.11070838515828 5.52116678474965 1.77648563556083 -5.07986641163542 1.89472382780239 5.64493467571297 -7.9008267134995 -2.05256270476557 4.98965376727903 -3.97018586076889 3.50170391789908 0.347030139354966 0.66928784796751 -1.23174947742413 -2.63158123664116 2.21957520520078 2.43745112694017 2.52564510148701 -2.4673132631279 -2.13428383455155 -2.11758156078013 3.48320223193671 -0.645433677961996 -3.87589537303711 -1.70569437395662 0.723257503850781 -3.9426055474776 0.0970454218954518 -6.61038176660162 -0.999744108188061 -1.07838785005647 -0.285538800070185 0.571348248357387 -3.52341033210919 2.31106634020113 5.86779847998637 1.25803049194248 -0.433040049106676 1.86164121228012 -2.12753155228692 -1.50104840852572 -4.41260546961509 1.17237778501274 3.6904604336002 -2.61021618101825 -1.87094959438514 -1.31589703368709
"400" -3.83237204475063 1.22561799555882 2.18007020600335 2.52759620449077 2.80328713268822 -2.73452979329974 2.38743069309519 -1.87901460160768 4.20005684036552 -2.52201389746063 -0.851376125699787 -3.08291893824992 -1.2887848114011 6.80064980695007 1.34403716459975 4.39904098587757 1.45660858366165 -4.15704875987834 4.43104465623459 -0.292435555710868 -0.957599546259593 -5.09139051792506 3.72766525812604 3.53396317525001 -1.5269942818874 -4.32024188498315 -1.90161871358773 -1.76035883707263 -3.10982830466446 -2.21105457066576 -1.42818818399716 1.32793144530887 -1.65685441359255 -0.896193789321793 5.96375117880266 8.41285721444382 1.45138264554806 0.176836318322563 5.38317248197309 0.891405263472761 1.43400556053506 0.72946230418972 -0.616146553039348 0.62845179779096 -2.94936136387486 -3.34678507903954 -1.55303292879248 2.4495563203791 1.06280277547148 -2.94703935677877
"401" 4.04641281709428 0.649691893007599 -2.09271489311229 0.305553070203256 -3.97247560057151 4.43241487113582 0.0218056922238782 3.14677630740519 3.0336351422634 1.47239971149442 4.98377433172775 -2.12580112325344 0.20971428350412 2.10898586032356 2.59289175757865 0.334028432828127 4.68336405305734 -1.41558484845754 2.46256273977488 3.1722316098213 -2.69767572970409 -0.881849831742017 2.28488077399115 2.14559038703497 -3.66975891484564 -3.80949924837469 -1.74373434031638 -0.597175685325288 0.042432910576952 -2.79590330300093 3.13451331242528 0.809868197307249 0.819074275940217 -0.975790460426591 -1.16488008528556 -1.05452415687185 -0.77529354828645 0.435747411413526 -0.697747652422923 -2.25624853062384 -2.02461187192567 -4.35213890199832 -3.25387859098223 -1.55668674528855 2.87025813654137 1.2432579793266 -2.52003214280792 -0.424044565773424 -3.93315693213241 3.07311645862382
"402" -1.68098740601742 4.01297011300016 -3.0995145012502 -2.72991924011828 -0.0307503688869661 -0.0220705244125273 -0.780888357144447 -4.07248082434879 -3.5035842873646 -6.65884585919427 -5.7485990014307 -0.709365688055684 -2.32349883609016 4.43047638627278 1.02916854328285 3.46860131222111 1.6888776591353 1.76753650869614 -2.37530430879771 -4.0901653402683 2.74719822617816 0.340256207025801 4.91291520172587 -1.2493190812703 3.59917166064924 -6.60328049451284 -3.23990020333749 -3.86385283534172 4.20523012356039 1.34674054841695 0.769963583394724 2.15371787677428 -3.66051747327195 -5.30790163316606 -1.05532418261942 1.93210038951424 1.97840876014361 2.0212706228583 -1.25621713561503 4.13170013638284 8.0568842655722 -3.79875918069551 -1.13634916167755 -1.13481267404538 -0.0177730589858765 7.50031678427338 0.201278462516611 -0.343743357137981 2.34305390033942 -0.908136552315626
"403" 3.960212038628 -5.11719313587263 0.553487018733942 -0.844432495561795 0.777690172025245 1.12954920381267 -0.857504160014485 3.70680547362027 1.62871023251965 2.91993251188223 -2.81707640058476 5.47283111991618 -1.13864185825069 -1.17535739675836 -2.38653112366712 1.70129844071899 -1.9524162878834 -6.76804870758046 -1.40736314422642 5.09554078754322 1.28926431291748 -0.437670428922607 -1.90456507691585 0.724369852690066 -0.263968395580737 2.51007663064415 -6.83326534302688 2.76382793905653 1.06256354321334 -0.774079123254829 6.28717942582776 0.726998993079989 -0.650419818194671 2.21197377089429 -4.61331642537149 -1.92331248656945 -0.385493227070074 1.67956761070932 0.865363480105902 1.4079997106513 2.99270085500495 -0.99191291488372 0.0218330843394416 -1.68865518268367 -1.60694052768172 2.35483765040178 -2.93476385310299 -4.75965714084067 -5.19091799407443 3.24889997768027
"404" 6.0035571630825 -4.41605434651019 2.94705388312544 -0.326469528205741 2.76805622388232 0.28107561503468 4.06868231966642 1.53981864896386 -0.534935459106996 -4.15654646451752 0.50277955741329 2.04705765648803 -1.17169852879075 2.66776886623241 -0.601403097279338 1.92922471567616 -0.633852904289797 0.488725955284103 -2.2493650256565 -1.092326105421 0.467174056044545 3.07834780652009 -5.02212731881579 -0.700195904164995 -0.759424571319372 -2.33330782939599 0.0675140430821375 -3.48682480887149 -2.80744186568521 -0.639197556195254 -0.333003210715686 6.91668113927153 2.85664979983229 -2.9108734003545 0.646572903888105 -2.94967790481176 1.51148507289797 -2.19575200271843 -3.36267804623307 -0.287591239796395 -0.455431912099468 0.219083164562718 3.94897461546577 0.119450781437452 -0.167128180641032 -3.78166221121332 -3.54273190294478 -1.55786778247308 2.85338324034848 2.92125844531476
"405" -6.87916576532409 3.48581472140219 -1.31949307464571 2.52210902693686 -3.29981742082514 2.39459368265092 3.89201842513378 -5.66241390493272 -0.516932221774528 6.81737717723263 2.21650544757598 -2.18878626715288 0.0511783817090553 4.10553973714594 -2.7799164555423 5.386704958978 3.75744686677707 -1.0274960727082 -6.31195525999193 3.85559740615911 -0.312151128635913 0.28201000277264 -3.00666077983878 -4.10653506332551 -3.63293294671785 -2.97501778162392 1.92178573571355 1.23308879544212 -8.9295605929098 6.43077222412103 -3.99329735850158 3.81090357520764 3.22572709063664 -1.19259808216436 1.96714433857512 -1.36306395719959 6.29102996304986 2.35628912000947 -0.624150259389011 0.0809585126156588 -0.403224467834787 2.34426276226091 -2.18417231902651 1.68160755617034 2.10195088412232 -0.360049905836742 2.5673386883361 0.990274516512886 -1.28060246763845 3.20396461541311
"406" -0.783850999147731 -0.938536642920843 0.0354235638580974 2.4042714456231 2.64834976818825 -2.25130443456596 -2.34502476275876 1.62224627534208 5.82529962576582 -0.739064976092071 -1.29593446727661 1.12340582801865 4.26049363984563 1.44480602498181 -2.8039994974251 8.13141802322554 -2.21857870048027 -2.91643953547991 1.44589064721296 4.40257486324644 1.32279830688658 -2.23241223303069 -3.51088047020785 -0.794193971265496 -4.89612771041847 3.48369236113096 -1.98765315386012 -0.59503406240506 0.339439824913651 -4.42044883714242 -1.90059947825165 0.861987940362345 -3.46318702644268 3.47711884458425 -4.77001427182175 1.79617651059229 4.91182388892183 -2.27679790015062 0.131646376195845 -2.61142477563567 2.65780808605 1.75003845738129 -5.92755683116886 0.277922876346673 -0.159959996644204 1.7051614044093 4.24075723445787 -2.91872541505599 -3.01489127277721 1.72330570367668
"407" 4.92762854415602 2.4236062062661 -0.380342570631301 1.33116635442952 -4.15745574695686 3.17167663762383 4.91774649839134 2.55090083496142 -0.597683525185536 1.74270351834172 -5.80304625676515 -0.464608783736016 -2.80976066617443 5.39128379798302 1.05080397095421 2.88444637097363 10.8862487154962 -6.20737834866484 2.09698792853327 1.30117111611244 -1.11852370804005 -6.74560412754886 -0.0645054118017887 4.79433323694121 -3.32681283367754 -2.34332476869054 -3.74117386341167 3.11352704539556 -0.764119104606893 2.49919249357955 4.64969212279013 4.36949798156788 3.617918045917 3.62655592991674 5.53511534885909 -1.8963286253822 -5.12404466263086 -4.04000717128356 2.90042187109467 -0.826762708422709 -0.997389880422646 4.64126115363538 0.569363825442867 3.37133681286585 0.715837732638023 0.8280681744248 4.60892773997736 0.0103242750312601 3.3190712456924 -1.57900836485439
"408" 0.681486030698009 -1.9506671502031 -2.4239679656586 1.05223295011186 3.91232949486862 2.599469988899 -0.11013750009607 1.58252369030529 3.0193402760444 -0.314772377918074 1.07655289964278 6.91005786792114 -0.489851012701882 -2.54344096069206 1.06665593059837 -2.06803902392064 -1.72129071539898 -4.59393947352534 1.98174642025853 3.0724139770577 -1.30272867454123 -2.97738294842729 -3.06160653943132 3.56535645051584 -1.18910570775019 1.36452966929655 -2.26711688322783 1.19243556905221 1.32851181399762 -1.81359982349213 3.82892011052986 0.0163518362347016 0.0118921021350615 4.04605964467435 1.08135013876841 1.73039654175916 -0.635125827770581 -0.241135591742895 3.3601198481622 4.08674328613301 -0.788736488626115 -5.67475167682611 2.2844498849165 0.955637508690132 2.19866292651579 -3.97453248673447 -5.81356618874471 5.81090764083982 1.65528422246304 -3.43627862416313
"409" 3.96051064799088 0.504711501476385 -4.59173335195325 -3.18846200279445 2.12264073478583 5.21940777916513 -1.45514165297299 1.64323381444828 -2.1196725636421 -2.56373054594224 -2.15440072181244 2.14352741571534 2.13627083412985 2.77678683434371 0.092774210355034 -2.1071059032362 2.13027604598727 0.632090326325656 -4.64778119218528 4.0216317060727 -2.78128788836094 -2.61138987151597 1.48375295901044 -0.566924482545284 -0.358841064971626 2.40038926264235 5.99415900385361 2.15955566259809 -0.56675884621703 2.39645638770977 -1.0584097389824 1.7901646897735 -0.148871763664636 0.705807463252218 4.40086047973562 4.90284852984633 0.247046772759529 -4.72721894661648 1.05749006965072 -0.865232889013205 1.42173637788419 2.88650774567357 -1.0900095909745 -3.90056863104037 -0.750144702041453 2.8477016285385 1.5613039815968 -2.39723156365017 0.876378623139787 -0.530604134039999
"410" 3.5755172420924 -4.01945691735611 0.444257374433858 -0.651393364931075 1.07254623622798 3.67271706182398 8.35414481995975 3.49276308980321 0.29112147600187 1.1695580875711 7.51942073177028 -1.49284522450733 0.360131780210648 2.04976769467929 6.70832300222306 4.87136929461314 0.27284546929349 -5.98848999824571 2.37733391843197 -1.94924956691645 -1.30549660690478 -1.07394583544986 4.73196982140916 -4.71957523088675 -5.91001738418294 6.49600402717453 2.02578189881787 0.272617928553055 0.222028737198541 -1.66117809085857 -2.051703731275 1.11200799598566 -3.75033449298839 1.20687254234848 -1.14492138785039 -1.03106213284261 1.89458774032454 -5.6656504221267 3.07315224306249 3.73846585968287 -9.44581335599549 3.27645881099788 -0.595116780239442 -0.540968643426163 -5.18092820551398 3.01759722886764 5.65314415680485 3.22430136450336 1.81039908547778 -4.28455150202943
"411" 0.774565200524232 1.25345683000327 -0.706183155343307 -1.02616562071397 0.168039034317346 3.44790152634331 -0.110213371787813 -0.468951132796631 -0.440018178112035 4.67587278744085 5.95558934583505 2.43631589483773 -3.60491495921633 -5.48776829918493 -2.43462668049782 3.39403083061388 -2.55791964446711 2.89916393549312 1.30765697709949 -4.34055790283446 0.17212813985482 0.845435512953029 -3.17576974603686 0.1524733494845 1.58771113273581 0.376953366973888 -5.09092058426802 -3.93059550161541 -0.643164284727951 3.46244466272344 -2.45875337944864 -0.305424583369875 0.591722479596072 2.23153704884305 -1.86151576466169 0.816439488868979 1.64283704975404 3.41157716661453 -0.506822235626915 -3.04979225818212 5.19124688139942 4.29548873114488 -1.9380973736832 0.596971637449654 2.2728874683469 -1.59955387996675 -0.171966471911655 -1.79618754282557 -2.68417939131761 2.41417519634323
"412" 0.681228210081643 0.0426815257201884 -4.01192592759144 -2.60838576944497 0.228131112200087 -1.53464959802309 -5.6049121360304 -4.9767462679679 1.72207102780469 -3.69255405106531 -5.09865755436569 1.17715523804329 1.33321240720859 -3.61793127469761 -4.99772771320516 -2.55461357978896 -3.96981340419227 1.32825381426062 -3.41124536573288 -4.69833914626462 -6.26561112864557 0.880450693632295 3.38303360213204 6.45823930232328 4.69283206495651 -0.703729185456877 -5.39687009717249 1.22692405787896 -2.5336773313516 -3.04898462567346 2.32835643628959 -3.70359134590774 -0.0123513108410389 3.10050111523877 -0.930794553528711 -4.44872778478981 -5.55540517863129 3.76594596418663 -1.71545610384347 3.08586443970442 -5.34936254034822 0.934279564419526 -1.12534628607402 -3.0471420918438 -4.17358956885964 1.40175692700827 -3.36931219313822 -2.98440676431874 -1.9642775297496 -1.73575451566995
"413" 0.315862009099579 1.1250027199859 -0.426162027524601 -0.609577127752877 -0.039717079394806 5.38428580539312 -1.57087696848058 1.94941114228436 1.99569200783884 3.70993175449727 -1.12058998820836 2.4550843441478 -3.04205151305464 -6.74326273540122 -4.31908666872218 0.800611174017976 -4.33816018498406 3.62989571875811 -3.05541142457144 -0.746512900886221 -1.94542411859183 3.06867017635767 -0.0514015766185527 0.346623695588444 3.52227241412041 1.80922407079166 -1.30600323210273 -0.99460805832777 4.85951314221838 -0.718626652076143 3.32198018116523 -0.0681159952829299 2.71059705246036 -0.624336386029297 0.433314239605799 -2.15343458242907 -2.09885301516638 2.28364698142415 2.56625228887852 5.70916187102074 -0.600989549258857 -2.33167775261678 -1.78612597363093 -0.170732307136522 -2.24788897251099 -3.25321402997945 -3.64558755520589 -0.35584691376753 -2.44105645148508 -1.14133618170528
"414" -2.41384801584741 0.694515369976139 0.19355574375892 3.98599561902312 -0.153563687268535 0.978997063559987 2.89470724961977 -7.47652527192223 -0.832019799198666 3.19288229591623 1.77035806566894 0.852241523998673 -0.205481134713479 -2.27776600730489 0.773410109645498 0.794109394797121 -3.04976305548917 -1.56321156394046 -2.07084143607267 -0.150721180283814 -1.53579561722272 3.70184117877563 -4.78574868875568 -4.57726871534395 1.07778304058197 5.12082872347606 -0.703680463840385 4.04553468204667 -0.785539277551269 -2.04058230436807 4.65493705874762 2.06345673411461 5.88284747976656 2.75434762675274 -4.03044616128168 -2.65873914659347 0.636500092123543 -1.57752315776111 4.73456829954767 -2.21507600083709 3.28206616585216 2.16421752231367 3.68244177843783 1.4202204427119 4.7786869508616 -1.65104707126331 -0.721993749422299 -0.0839283384171001 -2.18640793696932 0.124695453250576
"415" -2.69052625393914 -5.29949106186572 -3.32996307119302 0.292517899705659 6.55817600243633 0.175679955812919 3.39254713336487 3.15604565143173 1.82820184834242 6.66683176995904 5.41678971701767 -1.23109552269494 1.96396665329859 -4.275957532753 6.31337338792658 -2.34426145450315 -3.08385555890313 -0.340645333654423 3.8459540184108 0.882191019842161 -4.38653786634463 6.34473324456967 1.14688771404669 -8.30111506616644 -1.71124616509413 8.64599405544725 5.59984249627766 2.60493247277638 3.51838004419111 -1.76497404161398 0.209052606346402 1.06017367206966 1.80427238389269 2.56096014193394 -1.76447909766629 -3.24119630915617 -1.25827655581986 -0.376863216365402 0.660772325450438 -0.415106635961677 -2.29960525281324 -2.93233218502423 1.05441118736108 3.44122576740439 -2.8636640948998 1.24526744730369 -0.379365773129928 -5.17739512503307 -2.49392493425342 2.03187932675445
"416" -2.83077001755037 -2.06492303602407 0.82110762081208 -1.21754379679538 -1.96029401533139 2.37876897067317 -1.58361088545248 -1.37375096205058 -2.49167779097856 3.09652177408994 -2.32587518542282 3.45040290994713 5.54398201163055 0.921250736867745 -0.138957049421755 -7.32844212581685 2.03204925766715 3.98324275019842 0.346163383367265 0.423055496175096 -1.68623707299074 0.436077192347689 -0.938331982486278 -0.794465080397448 6.26358760785192 1.22383501557241 4.93097949394727 0.275153826944426 1.35047981568168 -0.193130344992499 -2.36449257125521 0.45207943492151 1.22746731441085 1.57429687077319 -0.207023374939079 1.83632823063554 -3.80727833723238 4.91417138641896 -3.40877756417509 -0.286823951602195 -7.82429320159846 2.91506374861295 3.19510178568616 -1.32657371196726 0.73743832600926 -3.04111917486762 2.3336205362569 -0.235111865020161 -0.822537650985633 4.73100319303266
"417" -3.88220347020871 -2.92022467273487 0.511255429483603 -0.440789652172229 -4.15650459238743 -0.889232948972836 -3.97124805293562 -2.45431814407243 -1.06910059961941 1.01402171830905 0.0107798066053317 5.76450646868832 2.13606929753243 3.14863574210077 3.99950372488174 1.92008836171164 4.17171834424873 -3.28039905895082 -0.286630141824904 -0.161089855236076 3.22715715798767 1.96604868753927 3.21050546439356 1.42765525009173 -1.65865803757665 4.90801478148253 2.23079834569724 4.77340045215715 2.92237035392789 -0.27993741709867 1.20668074334941 2.59713848568886 7.57836414623604 -1.16268437700505 1.45423168349029 1.97555865733229 -2.88782049007976 -3.66376309741507 4.20816900027322 -1.63986818851264 7.41751821303223 -1.11885053503084 0.535925384096308 0.465948107928448 0.871483898894054 -2.11991208251992 -2.41911513347729 -8.34524195350001 2.66499546916271 2.78393350662863
"418" 4.95845641186533 0.99095884865926 -2.67009939020314 -1.99767832891328 0.464460845532884 3.23712339329271 2.00155935682183 -0.890005875932489 -4.8005946778043 -2.30314352142737 2.59869655848308 -3.58158440598283 1.98396179822026 -1.3935661622699 3.26109993657395 1.65627843373767 2.36878489536278 -1.97987101982246 0.0288978533006805 -4.3624122217567 -0.39305953439032 -2.63571912080525 4.33951756101791 3.70748334551062 -2.43568568668048 1.9394598006001 2.83633272185065 -3.20346812447727 4.44754131032398 -0.384947792832026 3.36124786242957 -4.70166051718364 -1.4262856315173 0.303083171281344 2.0177725668745 4.11404241205702 -5.45472432488071 -0.324228847693577 3.64081441486676 -1.30672809353007 6.54282067715321 -2.21318993728731 -2.47617513687881 1.05684079932958 2.60775018324486 2.79370903027141 -0.351974739836128 3.0934589651761 1.49163104139501 -3.8786224433623
"419" 1.13709804771645 3.53552525707877 -1.48900582811692 2.40909312492898 4.44867824324905 -4.3493857278402 2.02281103655235 0.598455070588638 -2.39581814688266 0.490643628449845 -1.54840049183936 4.36229796198757 -5.37126514328828 -7.66919842113082 1.41541753874434 -6.39070552276041 3.0954320210156 -2.59405617357477 3.76796731440028 -3.99503213409271 0.345089364304511 2.66849250722369 -3.66565387416871 -0.786949020682658 -1.4083940111786 4.27340765823936 5.61174205190899 -0.363129142043633 -0.89079881602515 0.842194042723664 -2.76135194168492 -3.08348485676562 -0.715042937572326 -0.730676815633483 -1.88569237086841 2.23176203905347 -0.648766038592418 3.75463255071405 -1.88903052016083 -1.01099966923782 -0.819673264479498 -4.29767040950453 0.791591905844569 -1.24840831315234 1.09219003812309 -1.65997136864346 -0.80181065542461 -3.90035167814169 1.71826036646932 -4.13546350900454
"420" 0.161928030080532 0.68893853524785 4.01991682841274 3.68903483870314 2.16716298697719 2.75488622091025 -1.55331069585273 -6.03270222179325 -0.362586288379185 -4.76891599622107 3.09634760104949 -4.83538339510911 -2.07317749937072 0.374273401751761 0.896003763873319 6.34649087727228 0.245735958674911 -2.4625171426401 -1.34701588581942 -1.4936395912547 6.04017762306777 6.80219355016505 0.957761123286322 -3.56657798368535 -2.37780391616142 -2.48007318330884 -1.2857285542358 -1.45273415977471 2.60091710467266 -3.74187793526112 0.70576242586503 -0.0354323223809787 -1.84842541362821 -0.692809149730728 -3.1445607306792 -4.99929156520449 3.87990975050081 -0.674849507034526 -2.21204687204388 0.940558789203183 4.6017977963959 -3.28662750352607 -0.304166733539914 0.325774295961634 4.84889646547602 5.28547184979247 -1.02704002500829 -0.903991062637709 -2.74224105788902 -0.182906749320735
"421" -1.97556225153546 -0.385313034039557 1.20965413876759 3.41617753711615 2.32115923191553 0.743636352063716 -0.4071051428973 0.460197430169375 -4.08865897552211 3.95350545743447 0.00791924418901037 2.51077309028507 -1.46255544095776 -3.44490954600341 1.64380426918414 1.12575013527151 -0.699726990619015 1.02425148968357 1.82977695756144 1.52968770158948 2.00066413620049 -1.38666707710216 -3.90437791927385 1.0813355682496 -2.99693261394343 -0.481629512599992 1.9146395571441 -4.74981484116183 1.19252307019033 6.62145661216616 -2.0326600528699 -1.60990015627121 3.05120921756614 -3.41168007387957 -2.2658995897812 5.63204016660832 3.69100304603502 -0.331383794558679 2.05340458042464 1.50050821742749 5.40375508898143 -1.52122453591711 -4.11767553665073 -0.505120442205579 1.27594409478181 -1.54088407228764 1.00098167242287 0.878534605256039 1.3019420586443 3.82616612668675
"422" 2.17215127117018 1.30604111976262 0.281391580708633 3.24332087936591 0.832419695025276 0.37510644431702 1.27857430863126 -3.0196006696231 -2.4339153510675 -0.78737363997141 -2.99027316414762 2.162502295677 -0.157376003611622 -1.87957043923656 2.74287740628233 -1.49454891683854 3.64984559538735 0.454799125751628 -2.28187702467002 5.57287488949178 0.35352262488352 -3.25316023025423 3.52712859121126 0.777014822923338 -0.146448553612434 -0.872171774194991 -3.87802492145119 6.22609444722156 0.0437008414911807 -3.71681641782269 0.966388589897234 -3.62073042291649 -2.22479033079224 -2.61720015033301 -1.04305917917513 -2.13113610143344 -0.175679373016891 -2.00949194660413 0.642421711263172 -4.82229754708472 2.59574316055314 -2.09963335351208 4.744622451388 -2.11628060235843 1.38822474278948 3.18660130887038 -0.367237506106893 -5.31029142415641 2.02577771032509 0.166504531417405
"423" -0.112762134394049 -1.61966184000847 -1.20418001364862 -1.4276172050155 2.55400677383695 1.63961887509695 -2.52210803993683 3.45603136887502 -1.1633108722429 2.9077902147396 -1.23098523539477 1.52233638516121 0.123233608288008 -2.61000696791126 1.12264517655607 4.62225011839497 0.557599638364633 -2.57016780985032 1.23364094002311 -2.85465664545997 1.25101753605942 -0.0045676730904568 -3.83341721827385 1.40502280016804 -3.69940097645028 0.335147012043119 -1.75643617210166 -2.72890324486836 -1.41814320590443 2.85215616326832 0.0789870493190143 4.00154609043167 -1.20298879457845 -3.17994168580099 1.96713976160375 -0.406925449542336 -0.797492611137827 2.09555173659938 -2.76830104499428 1.24853238857418 1.20193154395286 -0.317833772648782 -2.67926559829813 1.71593584425855 0.119965635001814 -6.90150535324636 -2.65538151024346 -0.787186855258267 -2.5907756865445 -2.28353278536936
"424" -4.07678126904365 -2.1137390566407 5.6714061876578 7.40620329138195 -4.16471347938783 1.17562709744968 -0.166404822821951 0.488205240953408 -0.194088725340686 5.09366415044563 7.90523463096302 -4.4318972544062 2.19116381785672 0.722652848420068 -0.973794549025535 5.01130092176168 0.952538607826989 -1.86620135062448 2.51123053580208 -0.697177942341056 3.00393634242544 2.00746875652642 1.15953652978073 0.587444388298871 -7.2863555526102 2.66706799557861 -4.14635328908839 3.68887315635501 5.5061878637949 -2.04359801672177 1.04503847800888 -4.60334613327867 3.84017737184644 5.27276405429721 -2.1384676224539 2.1320337229786 -0.847539587954282 0.93341481659677 -0.972511068313725 -1.05518128640727 -2.90544597441337 -1.17409002601824 1.53550206587387 -1.67929165200131 2.74501087424814 -2.94755509329012 -5.85228047925808 3.28329082554538 1.32566477114217 -0.374903690784811
"425" 3.9372690877941 -0.773698754520376 -2.76000482933761 -3.75679092939094 -4.57852839926036 0.92667684119664 -0.291779825883525 -4.85146738211247 -0.804203342990295 2.12748191675396 -4.12367396109814 -8.21861062769806 2.30996791180348 3.06708449504142 -7.00151811304652 2.17178282570423 -0.0873294848813543 2.31263167858002 1.95424139018604 4.4053660752238 -2.42451656532731 0.166308253853933 5.25750936392643 1.20126177598272 0.11948683067893 -3.34100702397393 -1.00473633093315 -0.922674548435302 1.49352482757217 -1.82173970358356 1.97181586191543 -1.81445423442228 -4.42719337898062 -2.37384174071906 -1.62809611987013 -2.49226582842467 2.39599820542623 -0.680281164758724 0.055289032264557 2.86536457535142 -4.16245199614865 -1.20717211114897 0.726078930182525 1.59890864620004 0.369465350241992 -1.47274962588146 1.4700345666909 2.20561637743541 2.4888983180284 3.79825140573929
"426" -3.55569890742831 -0.567089692027155 3.67723779683131 -2.96996348106043 -1.13220296258679 3.33961108364888 1.89826971386717 -0.720188328727549 -4.0124075772029 1.42748968410236 1.34130182953247 3.22125480472064 6.56807699531521 -0.511316045161924 -1.11070813216737 3.81870041708628 -0.553903307584298 -4.74840860698759 0.928485598049385 3.44151559210193 1.30706084059197 2.34098965175457 -1.28224534093873 -1.9937146682436 -3.54641868501475 2.92409976863901 3.4465364937425 -1.83870778795855 -0.646809536433832 -4.17294645546035 0.390083757484123 -1.04740073406232 -9.5985652258805 1.76400103755267 -2.52749337826123 3.50063842385904 -2.10754207523953 -0.661113478328363 -1.34916688039776 0.404526893576687 -7.0013092540015 -3.25609423185874 2.14115746590398 0.984036887704284 -2.45103449343792 2.37785592851129 4.59775486571755 0.0502258572350931 -1.42733244251447 -0.654441369627018
"427" 4.15299033380037 -1.36399484440614 -0.967094345790195 -0.534674167311716 4.99957543307354 1.81305762918412 -5.06754482971658 -1.93685551677472 -4.81113330871697 1.11109049607094 5.11754815544109 0.0742125871859222 -0.953866275572107 -1.31651929252901 -0.155936038371368 1.32631814835347 -5.93669918533264 4.14806968403597 0.832854232100951 -3.3317366761024 3.89082638538428 2.12724317018546 5.11248267755244 -4.13307181674872 4.02192777136669 2.01341487002077 0.226262499310592 -1.29445098709387 0.610868483633768 1.39493996887915 0.606428280760171 -1.68060231786234 -2.141884557087 2.6140594501164 1.25204265601726 0.238906323007219 -3.61958173575017 -0.116251133094951 4.21455847908855 -0.130850404626172 -0.366958211701953 1.66011010344894 -2.52380114580384 3.35400217876669 -1.18763649828822 2.37572680910816 1.79769361963858 2.85560647399342 2.49207320359954 -0.742842531906061
"428" 0.164915095684312 0.231508471140947 -4.00473292630303 -0.606145163860656 -0.267922657354458 -4.04823660535468 -4.48625657067518 -3.62762376083231 3.34873151966954 -3.67034578369712 -4.76671376602283 -2.75165217727793 -1.41773478961647 0.730269785177401 0.898591778210996 2.89074803255883 5.53018752951548 2.37661833364531 -1.22933020834691 3.41619724276451 4.72148801643004 0.352295281042587 2.10674062426965 0.138396876260611 -0.773287338054206 -3.81802192457681 -0.710022386613442 0.924003517450709 -1.41365245447235 -4.66654622444953 -4.25114108465026 -3.20699067409077 -2.34123860091578 -2.48448201726248 3.31960190030521 0.710364949829428 1.54730019463517 2.08529594532982 1.1667642768731 4.26713978392783 -3.30158202717062 -3.40933432548909 -0.102269347248696 -1.04070930332833 -6.31788793545313 -3.37587120477642 -0.760425799028277 -3.35959675639134 -0.455162489779245 -2.98438843240848
"429" -1.02973691639014 1.29327898006553 -4.57910040980741 -12.2479489265522 3.21639833632816 -4.01780763928313 5.16284240005289 5.9447489979121 -0.349251323839664 -10.0225484359132 -0.29907624888513 0.978353504487195 -3.60906500993591 -1.61253878923684 6.41850095776512 -4.68959131617993 0.398020858971401 -8.11902559312908 1.60431673078255 0.861806881879012 2.56063905578908 4.42881989978026 4.61442869004252 2.16913859263621 -1.99167541424505 5.74522009984659 -7.22518574959923 6.43093715791118 0.954244310061867 -5.16894724734197 6.08694393246368 -2.9043699283987 0.675834164963798 4.70753195509273 0.266251966789728 -6.69022449703171 -2.68159356420827 0.145418771618355 0.659998054313853 -3.80943937180661 -0.488641762339377 3.04785298232391 1.25254678097643 -0.53787894463444 2.99292039911923 2.27307276912603 -0.178991227046314 1.56629599880652 -1.58363988642945 -2.34279072264913
"430" 0.500794004904337 -0.233804976488096 3.29089174872927 -1.4290526720213 0.134569644609077 0.284862860343987 5.45052185415028 -0.753622652383092 -7.05356043589847 0.225316627993755 0.820460344456103 1.04926027312445 -1.09612236705415 0.859871749972125 1.55689856439615 5.08646950489022 1.18710292309759 0.266091022130727 2.25184486625497 -2.52669540602941 -1.28796275521124 2.32892443713806 -1.45220060305447 -0.813696555098049 -3.91668563542355 -0.545334240370491 1.20026337608663 -4.26849329912431 2.97802161628406 3.11685757158279 -2.27114002522256 2.48180393978841 0.887064862298813 2.99812853334076 -2.35616391680753 6.87808020800889 0.198209642344502 -2.15229890960636 -2.50472707963303 -1.61301387787951 1.55273077666903 -0.413302384781725 -4.9613125412118 -2.5353598586337 -0.631749817809981 -1.91944648716675 5.50500647058964 -1.39126637308282 -0.56943644229735 -1.44341074899152
"431" 1.6503563378869 -9.44953334792671 1.28201406809028 -0.22173631674472 -4.17755905017506 -0.247042302035507 -1.35755015635841 -0.42162275640755 2.10169583269403 4.64274459881628 4.12028928155518 -1.43046169879928 0.810128023587044 2.66272133413745 0.0975927172685492 7.94418341443229e-05 -1.05032230814114 -0.00513786499606685 -0.671786694030403 -5.09633721626979 1.5822745800341 -5.3631139612075 -1.19078615278465 2.39502984084792 -0.0108149152748157 -4.33577167098446 1.79370255215718 -0.452219277101658 3.07660110149292 -0.739333264157793 -2.17751949973933 -8.7408235424007 0.50864244022949 -0.468506634111464 2.56843738718497 12.188541272469 -2.06251694522603 2.92697383913701 0.709989580189699 -4.86589629503604 -1.10015212693008 3.25095135772631 1.3268622172546 -2.68169231500779 -0.220153362005158 -4.2877365447536 1.15594998893707 -1.04890855197197 -1.34280565282214 -1.06387197141737
"432" -1.923872047293 1.2940542095375 0.116888865072478 1.82917881746416 0.796316551600471 -0.458566005645403 -2.05811091613638 0.41868189928754 -4.96994373000546 -4.47255822998758 -3.74064122490867 -2.66752483269947 -2.34310141830007 0.63424898969447 3.72752608283085 4.65494928825101 2.83487095534139 -2.76980969509649 -1.33774477501041 -3.0290370991922 -0.350334434731962 -2.9785541299928 6.85799084078663 -0.638264889609306 -4.5879955228931 -2.30295440528376 0.48452911952654 6.05424946311034 0.102337104708688 -5.54836550037718 5.71889386042187 -2.60770440074399 -1.32403769369154 3.86792255995129 2.23138379736022 -1.61401458550312 0.165636618148602 -2.72865295261571 0.470599471661758 -2.44434859619742 0.454900406486415 3.94652469980071 -0.973794699707061 -0.0538117231766666 0.966517686315897 -2.62661270303081 -1.30869871724164 4.95244813529315 1.07077269677142 -0.209304115767485
"433" -3.03845873646439 -0.329199101178378 -1.60565660105605 -0.492921330262325 1.85127112877177 -4.76005908066314 3.582154828474 1.02137948541437 -1.48282703441412 1.88924704845599 2.64361491532468 5.42185157085947 -4.71104249758486 -2.68089416448313 5.04793755231555 1.54995206965468 -2.1138469313592 1.63547640060209 2.37435929875732 -6.44672497664815 1.6067550751298 2.1412338204087 -7.15834849104428 -1.77352189362253 -1.50483916036862 -1.86365523666006 1.5579908416051 -2.31925836048093 -3.52996870088261 -1.26728048664591 -2.86203233421851 2.28389723755324 6.07219741671375 4.83858371591012 4.3358332892296 -1.75943274563627 0.646728878461019 -1.49706385420659 -4.22043815067257 3.17153509486971 0.681409070403583 2.49892171486013 -1.3506027155184 0.253300799192251 1.75671583857668 -2.21991615337766 -5.30863153705419 0.127898100233784 2.87043989224216 2.50602620381977
"434" 2.10220668069606 -2.74393465061597 0.498357103313436 0.198491934504376 3.987594703249 4.37462396192019 1.16336129522076 -1.51592895433595 -2.2927217566442 2.1872011483378 7.02165676767234 -1.13289796384886 0.373469304917038 -2.67318085332315 1.02947311308138 7.0577099214525 -3.03047298466346 -4.02121569437799 3.27457453859656 -3.63540590726222 1.13425563105177 4.68941652577146 -0.645358184126241 -4.55386962811151 -0.286725706836096 8.15452444016942 0.376000419034664 -6.14623386417003 -1.97799657834066 6.66418980045642 -4.82042671991557 4.65750945048236 4.31421636092506 -3.55742965594836 1.05224145623546 -2.61330499565998 -3.96692954703505 0.276950100392219 4.12284679199048 1.60434432220568 -0.899015517514829 3.85420505905691 0.262896884256304 3.49383056285488 3.48336677917071 4.05445324350963 3.6564574518801 1.61797606813943 -0.714885219782555 0.792645824605551
"435" 1.91585220181111 -1.41717943087506 1.47754445427065 -0.276542537450691 1.58786103555351 -2.52130543143543 2.30701669990439 4.36633287345654 -1.56232733323843 3.59632354249573 0.445900483214403 0.492011900219965 1.97457308412677 5.99077134365348 0.477752988556355 -1.78401028110775 4.39201780181947 0.479348084677069 8.73276930820057 2.13421943983695 -2.94363733305029 0.0213535363672319 8.13300569758177 1.98933714319351 -0.771002207500357 3.80556208501021 4.54481530757276 1.97440149540516 3.96811513540883 -1.8834444991737 0.652632920535271 -1.33504271232527 0.466460110455975 -3.19414408690714 3.44636843137029 -1.22181106640724 -2.40821675269015 -1.71376044698514 -2.03958974738954 1.58241000530446 2.79068535270476 -0.281975864604114 0.857835824735932 3.91093832172017 -6.9799889265747 -3.11855587887339 -5.39516096231745 -5.9262646909517 2.93100493481791 -2.80541736602469
"436" 0.277318145948521 4.09418034650443 -0.341314028045739 -1.32554285871288 -3.77431064144661 0.805540657290901 -1.30795230899568 -2.22058087695446 0.577328258696441 -1.43361709264834 2.22323213536367 2.40151800667357 -1.99060884102314 -1.43402721604031 1.55579241152725 -1.44616747136159 -1.81081371752193 -2.28281933064954 2.03212432482917 -0.00234619870275343 1.7178038041604 3.27437613549429 -4.53800924582721 2.29746784300361 -1.62582867597927 -0.304339418430265 1.24498783598311 -1.61956470323107 -1.81279770009562 -1.24372931447623 3.37048143237725 4.81926263654397 3.29735037225602 -1.21439236458757 1.95228343287682 -0.454153507524508 -2.23612633302328 -3.3392902111128 -2.92092680604816 -5.25549042287064 3.69807332900694 0.306636850173849 2.39902682564044 2.15423405353136 2.0261954884525 -1.40255254002637 -5.53796171041645 -4.52060926200334 1.93216292799042 3.66390798130498
"437" 4.77513378945562 1.92359245107034 -3.23281147064878 -0.491339363071131 4.03722041201618 3.24154200735942 -1.93038717249482 1.23123014696774 3.1666342054206 -1.46659832213353 0.512822281747637 -4.11371420591608 0.100165625446308 -1.71028196077444 2.19493811985105 4.8643745951701 2.2133322838676 -3.18134062164647 -0.830959533134586 -2.60821032368866 1.13636457539531 -0.982750031204538 -2.6493046480343 4.41300440544017 -0.702127730769822 -3.08008575653848 2.79043517928363 -4.05770561848616 -3.23418912590172 -5.58959120030166 2.63002647070015 -3.19581246876591 2.61915900752644 -1.69281254849728 -0.755088623523853 1.14684237597575 2.3848831918369 -3.69143068514004 1.22124392610387 -4.85615733333205 -0.903157398323236 -0.821695320702546 3.79502043833708 -1.14155824950812 4.79060314932779 0.489601562472265 2.48471702648661 3.25948768771675 -2.36422328321184 2.13593547250198
"438" -3.16349846508902 -1.44754270420583 0.45306059027352 -0.492364572366961 -3.79150919185157 -1.50853326341362 3.29726342532438 1.85935177455883 4.39475840461941 1.75501213022806 -5.03225953631615 1.02709354509784 -3.14972926096662 1.54194965292155 -1.0153740893537 -2.25125233342192 -0.305647429068533 0.592632895141637 -1.37456212670192 0.941925547603294 -2.15274467337016 0.893638928740226 2.79868588373636 -3.39250840159467 1.91207004136464 1.33891401779798 -0.669203374304462 6.56983875535978 -3.46614661871769 -5.85032829368578 -2.66728574151584 7.23237059616777 -0.618504249370977 2.83059197374204 2.40794497025137 -2.10452952455183 2.60603498714477 -0.592432757162469 0.555811525218388 -4.19976478380976 1.20524324556772 1.14310659781192 -5.24387899633979 -1.12446674876207 0.55639877927909 -0.604013902675422 -3.8529787622367 -2.77257001697691 -2.60178296084158 4.98543743940876
"439" -3.6373422867652 -4.76377148886245 0.556585834696733 -0.504255643634491 -2.11286916748376 -0.743604924273254 -0.323673944766224 5.19186505000834 3.96529079362885 5.03865965766545 -0.60297437772311 2.75093466565939 -0.0408079348951401 -3.07435201855916 0.625533801264773 -0.273194358672495 0.101763308014473 1.60048408336262 1.52791909203561 -1.15787559956423 -0.49286490565367 -0.165341075758587 0.0173657613066779 -2.20632018103425 1.5472652939638 1.93947843272613 1.09475740909863 -0.0292871510702848 -1.02572712486873 0.745965076408327 0.997901558369845 1.43835263760654 -1.66777243955643 1.66192112310019 -0.455996417115797 -0.409365908518521 -3.24837025433176 0.194764835627368 5.16691437621266 -0.421721249507139 5.30566634478194 5.05955940405913 -0.0336341718886692 -3.62483917762283 8.83839962057971 1.8181725861835 1.57218944716083 -2.80495923721953 1.24851465477739 -0.560533415392527
"440" -4.89201975016 1.86794654108655 -0.213890600961934 0.686357235751844 -3.39445838174216 3.21224668000604 -3.26945289772728 -1.92741780062744 0.554956155320472 0.736383935482569 -1.36778501936876 -2.57995550563001 -0.191560366494487 1.37280933760486 2.4027026255985 -3.1744723581769 -0.352038488274341 5.71992007267384 -6.26192503717486 0.780488489724303 0.412534393783708 -1.67961248534091 -0.603148957406316 0.984071193054962 1.2683566715863 0.274959390702008 -1.44000367415305 2.8795968504261 0.0498927800615722 4.20972286942493 1.1434630954334 2.40205680597164 4.95224182960861 -3.7052630733186 1.0659861875326 2.62284443525353 1.61325744189977 -3.01425320378046 1.6362707314518 1.14985818187756 5.11902396884561 -0.872187153368318 -0.644254593842227 -6.26296754742187 0.903987235797405 1.46583801137002 1.1647789551358 -1.95735306261683 -0.998519048578392 1.56060764351833
"441" 1.06033602082773 1.98356258627911 0.894622349991378 -3.25787200609629 -2.07917446602446 -0.955912000546923 -1.11156880689035 1.63626473218289 0.569454287149576 -1.13915004258678 -1.11229454832544 -3.72005734960634 -0.090887390335469 2.67699077620038 -2.06561568447883 5.47370217139107 -0.805169939973385 0.164773136875676 -2.49145894863506 2.53517954274889 -2.69256612800866 0.720630456608812 -0.522392194805444 -6.49526612012234 2.25537467027578 6.0206907383208 0.206789035389427 0.665058103592927 -3.32804895899088 3.3592207284624 -5.1308788379026 2.33389827487466 3.06625174273618 1.23478500070643 -2.86448280319231 2.54205253258875 0.438197791307619 0.160273265941584 2.10316530152942 -1.47940304648338 2.83685526752046 -0.0181961411306733 -4.39618114940828 -5.31613834864137 5.24750497899021 -0.977871793659266 -0.467406891019952 -5.16444675573323 -0.439628893835381 -3.30811013867496
"442" -4.66446609874572 4.1679195306141 0.659265703042107 -0.420237425338711 -3.94030233602928 3.02620658675057 1.0769692477169 -4.65949043440106 -3.18483514420965 -0.850070794655907 -2.6646536095752 0.175410196255621 2.37848152115701 -1.57538998175717 2.46841749430818 -0.287393347513046 -0.823072477300274 -6.50075755886008 -1.81651227815386 1.78024497096644 2.56310514906678 -3.17043254668283 -1.99030396649236 1.26583370140789 -1.91390694369756 2.30704859827701 -4.31270144893704 0.879081352410965 0.581404682292303 0.980209223854088 -0.0187399871859877 7.57066986586912 3.27566863726196 -3.91942440445564 0.562655016432998 2.00729530736653 2.22275548126205 -0.456668731053986 3.24061311271175 0.312139763062375 1.39668751171268 -4.88459580378946 -1.81906477435451 1.97169643521531 0.464739573516923 -6.46821702085037 0.434470997488668 -0.521824318138682 -0.760865511967965 -2.91745798483981
"443" -2.40153243180386 4.97466394351393 -0.0303776690690074 1.70153393376451 2.63978098586833 -2.36483908607904 4.63014282467056 -1.30390105906439 -0.134630713429875 -0.665376394559266 1.68883020444386 -3.25407578799258 -2.00082020070127 -5.32268277589167 -2.11849706282733 -0.436613253616542 4.28764299774041 -3.47154305152053 8.33374238041485 -3.03850682906987 -2.25588940186052 5.68521036951008 -1.01468051460878 2.45420928403224 -0.482895143638792 -0.640772607634161 -1.77631635349069 -0.279827383207069 0.458278355325931 -3.4620098466196 -3.77028192773179 -1.93005995489981 -0.969676334795865 -1.42523301725804 -0.646951340930935 2.19265789205917 0.761433863074386 1.94699456610094 2.20178540084085 -1.26022936288207 -4.87352528426954 3.40284488801514 1.60727925253371 -2.68859683144883 0.950671412958198 3.73125400101787 3.32040501547266 -1.3258565863509 -0.360297884231873 5.97960759775823
"444" -4.43992826042053 -3.51843944073615 -0.131053117627173 -0.0813888544504211 -6.2042614901502 2.57403507169611 -3.30691866843004 0.538511376712434 3.76247301160357 5.41479821764832 5.45422181371622 -1.44396577336593 -0.204415069157315 5.3994280236475 4.28700834329579 0.40111530523468 -4.85496772128447 -1.32234708461368 2.69202522292114 -3.07151245275674 -0.95843822398655 -1.76003910249032 -4.43430996479469 0.74239941813546 1.32577992646635 0.392271276960687 0.175283897721682 -1.72686371738206 -2.86639154219705 -3.99045338119365 1.99390863660231 2.16987250061048 -2.28679304232094 -5.005477773066 1.41991037718276 -4.79267139730632 -1.58238390154917 1.69212976234885 -0.62453848845906 3.74579314839552 -3.78578414710229 -3.26899888938194 3.2815614827589 -0.658170677486276 -0.010741301215664 0.416538056886147 -2.58387406433034 1.67238679866865 -0.293854774770042 2.23202521972527
"445" -0.071261159104355 -1.68967508861204 0.189990897556255 -4.65280123495085 3.71261617432013 -2.31690228646497 1.73917905099018 2.07284978065678 -0.276299474752851 -1.69679689002705 3.46873757597591 0.391338989784995 2.19415836827025 0.427756349113741 2.4429727241041 -3.48372229866511 -4.08280026298937 -0.0147572929566957 2.55074625830181 -7.90007190446643 -2.11601979419751 0.455213991356654 0.656856123604521 -0.272895717050889 5.47987746987786 -1.55273176720117 2.47248078494549 3.17391438344446 -2.99339267078018 -2.01094610004682 -7.03483267945665 -1.07022987527153 0.227726479545037 -2.8360374882328 0.024739254483268 2.07257621484756 2.30476370336956 2.71177076979833 -2.20962564162261 -6.46988105717256 0.395281189242638 -0.762569309160303 1.61279983409142 0.387810982939526 0.0901944213081063 0.446178062345316 2.88765247428077 2.88912687091736 4.59533637465198 3.96509614548845
"446" -2.71770466662085 4.80490380864499 3.10043040158175 -0.440867227615727 -1.66637561478583 0.361614629785244 3.59730430513582 1.09315263543952 -1.22237466860475 -0.58528515683282 -0.0124968318992986 0.816117788618275 -2.53674432827379 0.379617897370115 -4.83884610859548 1.86408746070535 1.21405403097636 0.664759222460379 0.0780036046412094 2.84478835565095 2.31026411923769 3.61968327197791 -3.45812005135128 1.7997388920626 -3.44253207518104 -2.75217450671567 -3.92199499910892 -2.71015210570218 -0.788183633766607 7.53540113459247 4.67788887136612 -2.7646169438764 -0.346434957971431 -3.15175358039487 -2.30854156490036 1.50726938421115 3.64789515822721 1.14001539768774 7.65453646949353 7.55668174835575 -1.06263497498518 -0.229759784392869 0.179800201152207 -0.710811145482483 -5.69554811585316 2.18868707271744 -1.13690086528895 0.715665825716234 -4.75600113879726 -2.95489054050033
"447" 2.61990728239231 4.66764837086071 -2.4057634133091 -2.46360310332882 7.228374788057 -4.62267423578056 -2.18083300258478 4.71784699780556 -1.10847380695219 -5.44602505443774 -4.55015731362689 -1.73292591547451 -1.55353471780296 -8.42997726086199 1.74446119245576 0.632617293326918 2.58104591922748 -2.45559696445943 1.02084674720068 -1.77385338063747 -2.89366297775006 -2.90561964248344 -4.19388334972324 4.48765553752836 -1.99452250652035 -2.13506689299704 1.85184136270638 -1.96356985043281 3.71050208392585 2.06152106828021 -2.99408855907613 1.07420501553673 -2.50019417999739 0.0272529906152723 -0.442018133069907 0.1895140910232 1.20272832141403 0.0544523548686604 -5.83556454378553 -0.763205136108049 3.21517968282951 -3.25479737088686 0.279830530421959 0.456832798753555 4.20279158223986 0.965146236416295 3.67492820873643 0.935979060600363 4.05697813107747 1.64342634926451
"448" -4.78780279261868 -2.01019784720182 0.964615883788625 0.980780347804386 -2.53158417203708 -3.53047789256973 3.36278361777141 -0.915451937400531 -1.56735527081833 1.3555678086923 -0.971431523952877 3.26051656074585 4.15230587427292 -3.93326098269043 -0.264430102209191 3.46888098839932 4.03901359715277 -0.571437373880686 -3.11850385923348 3.07528170975215 -1.40743199026266 -1.64207348235784 2.3294463352257 4.09659644121501 2.6746867305263 -0.423327588788622 3.21049681826878 -2.00629784760169 -4.65114105724646 1.94834057030502 -3.05500058363249 1.25011449694239 3.25236597207922 -3.97781039619057 2.20504863552011 1.37904139223211 4.68826734140015 -4.84573685716438 -4.36862191421565 -2.12567701094886 0.628809329851336 0.800387834505228 1.62456856818818 -5.44437816485245 -3.31279023714196 -1.67533664828034 0.963093990651591 1.28481160849439 -1.11649721184337 -0.0170850453107484
"449" 0.58740916988613 -1.72281736406971 3.20924584635801 -2.90584923478668 -2.41649223864605 4.02422720937356 0.796877483678613 0.88915234065086 -1.51904857498124 -2.51257594082943 -3.78386983010499 4.13187800868844 0.744376712150589 3.21081894271364 0.0642250354275676 -0.948481494617424 0.891563125227538 -0.784904319483971 -1.89627546240572 4.3327645640696 -0.77478856406791 3.6496117854551 -1.41243923446841 0.639839972987707 -0.828417824013423 -0.961973099145509 0.863735077338833 -4.04641181547582 -2.75992002108579 0.561708256348439 5.00527047604414 1.63894137587591 1.23724176029507 3.67773263746706 -0.551581513503887 -2.42934839640223 -2.63726099465039 1.37960370831429 -0.849413184518489 -0.445091133312817 1.05332346772327 -2.93542679719326 -4.45275385120522 0.425802135630803 7.98639317572649 0.914761260304289 -3.84395502901488 0.79214328970821 -4.14840147596188 0.89299090627569
"450" 1.75364475742824 -0.325983603074171 1.80336785056524 0.192730996737787 0.954311813333828 5.0607970991609 4.30599182909251 2.01365999770932 3.18043022888897 0.226118794085854 -0.462117686801869 3.45254786506339 -1.18271934077535 9.35913262887657 4.55136549307417 -4.40956833364829 3.05495798589334 2.50605511452776 2.61327431708851 2.8857489365433 -4.01076478564348 0.425536235837435 0.629656838797411 4.7288279658762 -1.95150866120358 -4.28558671020899 -0.0206481979741648 5.42062065721549 0.48831851422153 1.91832518801281 1.22853414619478 -2.22392893223119 -0.200816919831391 4.07040532068829 2.51545750622597 0.632117909855758 -2.6417955621758 3.63962779246241 -1.87023615447219 -5.77397765775028 0.336477060796761 4.1742575820322 -3.03757858264279 1.58841440142843 -0.31820010617014 -1.66435022068644 1.52421185787598 -1.44103381318726 -0.468571272528641 -1.23646159675161
"451" 1.2832196650416 0.270913911727842 -0.863801474108509 1.0304051258863 0.581617754054189 -2.0893503307219 -1.23280595207407 0.669265469406678 5.16442153976891 -1.23547089016001 -1.01848916289483 -2.92418762070556 4.41690637437608 1.00137321225991 -7.80778556703662 3.07745033305661 0.205768546086445 0.372710894619994 -8.49045011632066 6.60408462549555 -0.0773121215269763 -5.5733492565502 -3.31755622337779 -2.76288766966977 -0.732825729604661 0.354520814172762 -2.36182086683281 1.45628602954511 -6.39963118833726 -2.11153488763034 -1.53652944958106 -2.33758481009828 0.711727081245568 4.9499025003697 4.96061716090942 -0.795639772906631 -0.0600721893949833 -1.27099300022096 1.78285768493092 0.874547677070265 -0.734894530470312 2.56773252514445 -2.90153798797769 -0.00741128568178688 0.899291722496782 2.11028417728851 -1.18812609234692 1.03751803430932 -0.984464178119656 0.207368490508486
"452" -3.7757970262906 0.358139736232708 1.82272578041303 -0.627491344364674 2.62518332016764 -0.434360041610958 6.11214691861369 2.02443006331524 -5.59145183007815 -2.19363593194535 1.42811016599247 3.66747318450029 0.00109436092609021 1.68313886915603 6.19694981525216 -2.7861242308114 0.0573927824326662 0.836116722142854 -0.341253862170402 1.94630685743579 -3.07981601901766 -0.209643650794236 0.696314788511037 -3.71138102593971 -2.2467801895385 2.2523936254194 0.194739159765491 0.109124648883281 3.53112501067102 -2.15254054794204 4.84619241357101 -0.951485276929744 4.66100479101389 6.2716572189954 3.22410715268068 0.0298019148875916 -5.4324077348914 3.02948227147432 -1.62642447666042 -4.34195442240165 1.05488208951066 -3.40154247816215 4.61569946122693 3.89784566016429 3.43885651952445 2.99846434148789 -7.0590310107041 -1.09923436232744 -2.46768568805155 11.7994439376577
"453" 1.08503608659167 1.09302206750395 3.38945061377142 1.30682138984933 3.55151541285205 0.0196817040344049 1.7173085511603 3.46157996608441 -0.565551721548093 -4.7194073506212 1.42767814351193 1.17228365632341 -5.50988267918298 -3.28165251478014 2.75733934852983 -3.28565938186987 0.0110488244301841 2.80892970212991 2.86524394471061 -3.40723349541206 -1.01994092338303 3.99622154834603 1.60324296518947 -1.75231463842478 -0.486354960893341 0.65351947493869 -1.15565687083355 1.38813183442636 7.57866581258044 1.28121804511147 -0.84732859526207 0.895955551852042 6.23235267815322 -1.99974646442189 -0.0391142128154078 -0.322673501824627 0.219569013624153 0.77121877350226 1.11929741635239 4.59187024136927 1.81015166791144 2.31607695478809 2.71939003552771 -1.43233097773609 3.34923757471036 -1.62485360251094 -1.52644642076925 2.5576863674477 2.97342180990976 -6.47371848505512
"454" -1.03792730998722 -3.57505545151941 3.73086911415195 1.22212813604676 -2.54906788679393 -3.31895010442662 4.58680048015153 0.508292853185859 1.42864894567191 1.04270979857245 0.627827415374248 -2.37637819731383 3.05346989591461 2.76017135472979 2.52103457858948 -4.2505199217775 -0.402984783770498 2.97681192737249 -1.9151407171522 -0.949493821590599 0.102473064453571 -4.01385905114607 -2.01599706461358 -4.8555640873073 1.42219348445362 0.299185203322565 -0.476349496006444 0.800654241966712 -1.97166242248995 -2.85688740982121 -1.29304174263203 -2.1387238566509 -1.32893240044977 5.26205069070758 -4.42866310011881 -4.3065391948828 3.78986984190438 0.297547552302489 -0.123841631852605 -2.07043802675293 -1.25501347540831 -1.7417768758037 -5.73667298958125 1.53746709929547 0.872499482146894 -3.4184211152909 0.275799038146921 -4.36127823010844 -1.37131011493365 -0.72656019686487
"455" -6.80499185447159 -2.41249758839166 0.102979391506057 -1.53232711249846 -3.51171862958278 -5.22677055892384 -4.37200337748453 -1.7163591182205 3.68357950537783 2.51293259076262 -2.55092342692752 2.18092198046583 2.86771202631233 -4.44875902913796 0.684460610309009 -6.37302476159974 -6.84747765408661 -1.02951516156773 -1.71027096002827 -3.14822603889231 2.47177615684336 -4.27319506152975 -4.03220618134578 2.79418323399589 4.70530938637168 -1.04984164162989 -4.21677015353313 -1.27404322220742 2.58959258960087 -1.88395962430843 2.16186192204008 -0.257740703670171 4.84553911888461 2.74078620952344 -0.747816455972152 0.185446268456138 -3.4992992030809 2.93979282436377 -2.06325775463123 1.13054444976664 -1.25840999591709 2.63878106967604 3.88023541038868 -1.24800357417869 1.52209172070381 3.35143943371633 -5.79414483813822 -4.53154889830239 -2.78550386102059 0.453431174921115
"456" -2.78302529978693 3.36277910789047 -1.51778511248338 -3.82833941702772 -4.85915054957287 0.849190884338421 -3.07871321763295 -2.27742355574523 1.57851076773514 -1.28019678776062 -4.46156335329578 -1.96678025120965 3.869206802088 0.435428810467748 2.04216930240718 -2.49405695026103 3.920729410906 -1.6361156532507 1.72259221120567 -4.78780249427535 -0.933876375645283 -4.87252345303947 -1.07437050461409 4.15502399475515 1.81079066026802 2.43519268412598 3.08403381551788 -3.74373695997322 0.97557021841399 -1.67750630019931 -1.60533482202084 -3.03018837617663 -3.52985343548503 2.35332528504165 -1.22566773216435 -1.70597945214446 -4.08181963990543 1.35058521408139 1.04688701500835 1.55299294108533 1.13871173241238 -0.75302086794388 -2.51005133407251 0.958574423974572 -2.78861466439501 0.562107764703788 -4.50216717366179 2.7592293214589 1.88798314156803 -0.57993576379246
"457" 2.83446857617261 -1.79970491278745 1.99364001558172 2.30975618514379 2.55520319230344 2.49579086501689 0.881118698524485 2.47879486763985 2.41293484119187 1.73757666847328 0.0634279137657337 1.08054949444689 -1.09030057710487 1.42305495367602 -0.526877732045658 1.877074336776 -3.07060033811745 -3.33422897730213 1.11505426557177 -1.41088236288867 1.47443184519025 -3.51904630483109 -2.00751312375054 2.41538307483534 0.0764241079581187 -6.1817739568324 -2.11106825593395 -5.27662791773558 -2.32596347233306 -2.61462835317459 3.25786824939881 0.217725998425058 4.82537761006652 -0.815739323693116 3.9926072699393 2.7990544462145 -0.966614462115204 3.1471040192527 -0.684909419159063 0.768201352095445 4.02937781742318 -5.02104485295331 -4.60939098106732 -0.73383662232994 1.63881474308168 1.27208490131219 -2.19557944141436 -1.06765188083211 0.634926955820304 -2.16374971355997
"458" 1.3619041291743 -1.41763753003983 -1.74174279028725 -1.10297705359643 1.7226338958417 2.29311784918103 2.95241377536731 -0.29139903792343 4.01029271159016 5.61662753754979 -2.42113201614256 4.42864408798437 -1.17399534962662 -0.608183623496657 1.15573475830604 -0.258932527849855 -0.0241717627522832 -3.05619250896514 4.28537988354749 1.26397436978065 -5.43936494874748 -1.95689438795425 -2.76254867904538 1.4238439389313 -0.310305330812311 2.89531015227245 -4.59754872978787 4.61336870196152 2.80530419811249 3.60440780535021 -2.97253802169947 7.41912430912043 3.51029809455784 -2.22991171186408 -0.396018869345566 -3.15617951384218 7.06571500809058 2.30079610757253 -2.57178675149846 -1.02202938658534 8.1487320333472 1.13800858607233 -4.38882713663481 -3.88842935997958 4.42822819001726 -0.247687545967956 0.844807524013747 -1.02616624667776 -1.26458539006346 6.43855165680551
"459" -1.1305956839956 -0.81923624224307 0.686950600832473 -6.56182099053421 -3.18666493471136 -0.590732806963595 0.63991093494728 -3.27362426476029 -2.59544492802015 -2.44934412561144 -1.66397009486173 2.17152600070668 2.69064411612748 -2.84106200485606 -4.02783018959704 -6.56143645302678 -5.08692530848445 2.07167234353422 2.46544540662694 -3.88135670962507 -0.65628037263589 5.14628179319595 1.50273003375358 3.48238914780223 -2.53174333503187 4.75397390137262 5.08938867657105 -3.54784642582633 -5.65560767509532 0.2936039239665 -4.31784720207792 0.289425344090168 -1.92680071987691 -0.0522378312493839 2.97248182163177 -3.24709173307707 -0.16620155903726 -1.5392501736878 -4.33263489599772 -3.72431610498852 1.57139797888775 1.89793290367834 -3.83514576993995 4.18945932311123 1.02340201335997 -0.508778133441019 -5.45196438101591 -5.40774651987688 0.00369910875368422 3.64668131485909
"460" -0.0626179072464599 2.81583848101546 0.0807192084439045 -0.584209665018578 1.82855985088151 -2.21957111815969 2.12621245540418 2.91420403289555 3.65975471762042 -0.0697132044675448 5.26827671521024 1.13821473472641 -9.88310723746076 -3.12477648071834 2.73380454200609 0.617221658232254 -0.0958231940456244 0.949498372411064 5.04082238274347 -4.39109811770759 1.38244595815726 4.77655106759603 1.91118603384628 -5.67769165306623 -0.440227298057645 -0.528184646209702 -2.3410820615429 0.228259397792104 -2.26439272023205 -3.71372581222908 -3.66132066921891 -2.04301521153767 -2.37312263077383 2.61911968332937 0.744835798264918 -0.42286865169503 3.72676251504845 -2.55691003055995 -2.43700256960879 -2.3496897986742 0.800326399562656 1.98752132036618 -2.7413184331545 -1.68251826938379 -9.31115112739863 -2.14662749623584 -3.07761118661836 1.2028324739258 1.35803491486853 1.51707262153314
"461" -6.66091009138472 1.77178356638937 0.196244557991638 -2.02483361332314 1.5464571289031 -1.13335314768333 -3.93686477317042 -0.726572499401786 2.73585344755803 -1.43305993129505 0.398902414773301 -1.68737304419084 -2.88938575633597 3.80140831293772 3.98848888051447 3.85932015466939 2.18470385000508 2.74599311694731 0.578881064068013 0.677734614130438 -3.57811347866574 -0.104457923243096 0.688256877917828 -2.29781217612322 3.86757628535935 -8.49915644514017 2.03996266886034 4.73981316460466 1.84686054558937 0.752001835447691 1.02745647163345 0.024958747271296 -2.46626247059769 3.51733670751663 -0.530238437002718 5.7157591204777 0.042938550359974 3.37404440479831 -1.54043408271752 -0.970239964178616 -3.7174426204813 -1.60779224617125 -1.71596418874853 2.18051698257032 -2.56140933210906 -6.36984691636191 -1.90020961654727 1.03215841848474 -1.60244636712685 1.00564458808554
"462" -3.25758963243524 0.237314421164528 1.18246620547498 2.31295852295909 -0.0101068743154789 -3.51116874576205 2.8312916841194 -2.53660010220118 -2.47063888056436 -3.56944043942708 2.32514402943899 1.9312541173728 -1.95784422823656 -3.0619406472359 2.70781658718231 -1.33883281300992 2.39209062883553 -6.40692366100515 2.03655787119351 0.0804747317531012 1.54452235298452 3.56392278108687 1.04179772828163 0.441779111554436 -0.192647432546869 0.971844733796276 1.0881401120783 -1.6020231255994 0.482757388304379 4.20109084628281 -4.57741605267573 -1.97402989960105 5.26317322295903 -2.9589925559067 -0.464670296462139 5.0033976177854 -1.25442975353326 -1.36342808115714 -3.11677258584129 0.959610310802224 -0.149053017460717 -3.35249263788182 -0.671540753282791 -0.446249554893191 -4.93371122403575 -0.833222679458381 -2.60004677349569 -1.79757567651195 -2.00244512083059 -5.0969055755869
"463" -0.914172226447029 -0.438519339715817 -3.31812507605539 3.69175171185213 2.5231207865671 -0.830147092839437 -1.84597009788953 2.66851932198381 4.72435345252921 1.57272445491046 5.14213829061529 -1.77482347179627 0.636909492187421 3.25686530931822 -0.211796412798101 -1.43476909450653 -1.34591810081599 1.44083434792862 3.91814925800634 3.56840699434177 3.06052435403875 2.63217996160202 0.809405874290277 -3.87651380830303 -3.27559067709142 -1.52863690496405 -0.322738030450175 2.21424809626046 1.58938361199338 1.41981698144147 2.52917208557456 0.0347059796628284 0.461134553682336 2.64091935068189 1.84504795424815 1.40941951299853 4.45238574520992 2.31501868757703 0.144554619007565 5.07580454870557 2.44966292858261 -1.94796356990929 -1.18379742506472 2.38457615888735 -2.76845219682803 1.55748339979251 -1.94042299956388 -1.9212144612026 0.868057371875783 -1.81360692832712
"464" -2.2090825936355 2.76082189319082 -1.66152695987473 -3.90603066201251 -1.31311289664804 0.903754446658776 -2.61481427562839 0.224426527634531 -2.49131237993399 1.39101721491599 -2.70559188341898 1.72611892917111 -2.07488418442013 -2.47779574399982 -0.460923159437091 -3.63834237327222 -2.8809185980857 5.38175697310771 -2.0026306225615 -5.44708533115949 -1.14389942776123 -4.49922155926827 -0.0567001976220591 4.50028260210399 2.95815677788115 -3.82785903500657 -4.3713391522478 -2.7259405706637 0.842305636623145 4.69179445844919 -0.925387524570297 -0.137469830317285 4.67168212770748 2.79822041313318 5.86782019670556 2.83914490140556 -0.671073811125384 -0.550307376008495 -1.51937713283734 -2.58906938496393 7.08253490474183 0.559772495642995 -1.06639881707752 0.677819715009805 -0.660957003336042 4.98583312617373 -1.5075241001412 -0.153152277324737 0.071945155842647 1.4487397324442
"465" 5.28003251556935 -4.58131494830856 0.389858299351715 -4.30331062850485 -3.13906171928435 -5.24446698112472 1.36193344454642 0.32549749982609 -4.9100527445874 3.4795379729919 -3.37859361631845 -2.68429101047035 0.116104301727978 -2.60945827593027 0.564006282802139 1.44275094901903 0.635597991641596 3.64808487023695 2.34670345538768 -1.7599819751674 -4.13139164230494 0.640687347560431 0.544403311568963 -4.54669143122682 -2.08073941063999 -0.494818882201341 -0.62265738691723 3.16971607479606 0.858999306791921 2.25565536003991 -1.64215663041339 0.752001325651919 3.69471517716892 1.03373429627792 1.06674374607557 0.141984703447361 6.63995741054633 -1.02891040709486 -1.74407599474267 2.38567483737364 0.648382896230728 -1.5935863561629 2.02599819725246 -2.34424735376178 -0.523988629674702 -1.11529334638523 -4.57263734223997 -2.99064241180234 -0.564589383726309 1.33449358193573
"466" 2.72275925240777 3.15018788740013 2.77422086593086 -3.04977343358683 1.17237288672932 -3.0353730942407 1.96368882270596 -1.81236798864599 0.0363972744882181 -2.33050962961713 -0.688631490186312 -0.47220352292114 5.04075378706769 4.88113042387567 -4.78365927505181 -3.58659313289899 -1.92713805104662 -0.92847113891476 -1.90475311202321 6.8097323650409 -2.89324007040691 -2.89316834338204 -0.507480530118322 -1.84145775019368 -3.04223184667154 -4.21274679824213 -4.71047418062281 4.25703823562861 4.5032403006315 3.24996691358198 3.67729294650423 0.716839524809074 -3.03101852692979 0.0918892268247266 -2.96236356474252 0.443082353286768 2.88688223811141 3.73897147959588 -1.75612977857227 0.576907088638646 0.383201614929861 2.76647579911229 0.738537368493723 0.851051858528056 0.593068719609501 -3.5251815797946 2.79696952722669 1.90731799502316 2.55591018592267 -1.62524140652546
"467" 0.52322280742038 -0.179540004516744 3.03511378338522 6.91310751733204 2.62530345445895 -2.11388959448548 -0.193861642911096 -0.696267077652683 3.90088749575352 0.899628470405672 5.32252344242146 -0.737334768339287 -5.11321567711918 -3.23734062803424 -4.43957872164858 5.48661913032004 -4.89570232706084 -0.0601511344988772 1.62304483932973 -1.65860804021682 -1.84340148361484 1.94164013994757 -3.45741783377691 1.89758587943002 4.01324043374282 -1.72973778287229 -2.19963765693526 -0.71705179683645 -2.53635567828639 2.63308430649962 -2.27034866356378 -0.702150150857154 1.71151632740764 -1.58353419901107 2.8849863352557 -0.0496250229395465 0.984112964002292 -0.614857436093125 -0.22355875608909 -0.157229367536945 0.7979632305687 3.01860758572347 2.42796267129148 0.499649521181032 -5.34292587388228 3.37931342684356 -1.41346467140047 1.01536436245813 -1.10327724253904 -2.52394669105399
"468" -3.26754140263039 -0.339964469734336 7.5408237381927 2.74950852163728 -9.81580636051138 1.57476985709517 2.1722323035398 -3.39299438303598 2.55897189313734 4.37390894086449 -1.4896486225883 -2.77621305969338 -0.460234045524686 -0.718880214085703 -3.9097625047683 -1.94663587702161 6.72885511047614 3.04703502946615 -0.384087295324383 -0.604960491965567 -5.58403951057518 -1.30340992211582 2.42435284431651 6.30114228348776 2.89833657053564 -5.06359538001388 5.53393561937157 2.99041381476057 -1.87475633489218 -1.93392077307474 -3.92579502537708 -1.88284351569967 -1.59559122033401 -3.33312060683761 9.0804314747336 -0.949626366418384 0.569172473384143 2.36146460145204 -0.73742166930628 3.11741674644205 -2.64378058891415 1.62588023065703 0.851929409126635 -2.76914835470823 0.796115646330193 6.29680145805185 0.319053470868025 -2.24538821148729 -1.31911203604073 3.20491978423801
"469" 2.4592971276356 0.0645749217537188 -1.65040082188648 -2.44733084044602 -0.0715874589159569 5.52933164727936 -3.09186470208474 -0.99074707841021 0.1778213575061 2.52460463991804 -4.7662223511008 -0.0690730119895628 -0.947832110013653 -0.736355252008681 0.929367305727386 2.20268347375168 -0.739909052220551 -5.13977916234404 2.28710751279385 -2.47589601232016 2.02612568790958 -1.14254795539046 2.45443169022861 1.89118796177803 -5.43890386334539 1.29835004457811 -6.02043057642266 -0.643573801493516 -2.12919484060106 -1.29669183241414 3.84338121399705 3.59953495246976 3.23745363911574 -0.841631015433739 4.02120869211794 -0.0856908027342818 -1.3978861138537 0.837263754232447 -1.78950574106483 -2.08562856098644 2.5070602901105 -1.10507650283986 2.24740212744408 -2.78848924138508 -0.604552427335921 -2.77975204104525 -1.30599346142458 -0.764085522658011 -1.88767321216826 -2.30924127458969
"470" -0.320153370752324 -0.0193978706094771 0.578839048551626 -2.25601409830839 -0.157858833534297 0.28202520408047 1.47914417267876 3.88277416620482 0.412336932569727 -3.40246883755302 3.60598976107289 3.16356222195244 -0.94774621876514 3.93729783577538 4.94224744528153 -0.672629173214538 -4.03261923402268 0.688013070382179 -1.84389881894318 -3.58937032110728 2.43467007157006 3.20517219340546 0.309039461803552 -0.859756032785656 -2.64789692789619 2.39384803076248 0.818475432755518 0.353531217956027 3.00568580235559 -0.914495020526074 4.37456302166184 -0.151249858112166 3.78568828390897 1.79055054017422 -1.04873064359184 2.4433605760333 -0.946035069571653 1.48824104031821 4.93142040425953 3.90672446088734 -0.977890512978208 -1.75512021581767 -4.40651822131939 2.28710590778739 2.08538927881986 -1.41338072971437 -4.76495153117009 6.98801639408131 -6.56140609303402 -4.5667676575387
"471" -1.61400432262924 1.06907399294001 -0.366073697810499 0.772603759313897 -4.0326846517563 -0.388574586541046 1.40710352842595 -4.19492935779825 -2.023082726202 -1.02890546707185 1.81410826492563 -2.66097353322678 8.03864648223064 1.52680479826043 -2.97373817874019 2.43837621331858 -1.5481881450686 5.83392026376396 -0.209608445367424 1.37852494695005 -1.50370409113493 4.72523709703722 5.86393409155477 0.878530196533907 -3.74119608727238 1.44206516248636 3.09324972977912 0.895451485765886 0.744575226542002 -5.64591066518249 0.437620697245606 -6.37344345635736 -3.59769570657576 1.49987584327147 -2.10260688292964 1.30899638502946 6.34080849177128 2.44455391617529 -5.56174968592463 3.0483029437802 -6.50378213130139 -5.18874149944414 -4.68577425262802 -4.06808291388821 -4.0874404803655 2.24328314414634 1.56328498662404 -1.23402502553979 -1.4147485081339 -0.375810591093548
"472" 1.61935364172328 -1.6563951225502 0.572141149460059 -4.13002511405619 -0.71896580710657 2.44296126459153 -7.56685082868125 3.67403409237542 -1.25805928599676 0.260391721145105 -0.484776608202264 3.6993048751758 -3.97033569009781 -2.27680278804163 3.52709459880383 -2.93814352470325 -7.92128621638174 6.38934352002629 1.99002455773588 0.924790650100873 3.15179922012224 5.57928231246714 4.1513795646672 -5.41186821880977 -4.2921033351295 -0.750947848935974 -2.93408157510475 -4.2274840439064 0.941215755255617 2.23213404892928 5.73984464215989 5.35564078587587 -2.70138375134808 -1.37705422076424 -1.50624134765536 -3.72774511630091 5.42822620475691 -0.320375891410669 -1.37923084892231 4.66611908126468 2.14614137878371 -2.89044607281768 -6.35433488383056 -1.92873652550056 -1.33802311145025 2.07259092757082 1.03133600307399 -1.47380407248118 0.945617482557128 1.01916594165089
"473" -2.25699103853903 -3.58759671909527 2.68413406058383 -1.08606861422077 -2.20544533228064 4.05173410272285 -2.50171517580786 -4.28904852541782 -1.30873927889206 3.24648293093414 -1.59498353296516 -2.31710403176862 0.0635159348330411 -1.4010590259744 -4.05760704602417 2.61325931910896 -1.46825459714982 -4.04983019070273 1.57927779209987 0.123417506661449 -4.24655179437967 2.59086675154159 -0.874718725806025 2.54354245750922 -0.8791074248684 -7.15545059833577 -2.7094548304064 0.209425779230967 -4.43151596334885 -0.703540942662192 1.51042735492866 0.272641119807387 1.47683944145046 -0.509006568702404 3.17405893650606 3.13485191046101 1.39971268891136 3.20622408708668 -0.231637162181792 1.97381646619371 -3.87655122966693 -2.94688747447888 -5.52515207056081 -1.70963581051718 -0.0971714089413274 0.49634366431536 2.68025719364157 1.15336199999359 2.73657665750188 1.78139606253745
"474" 4.88093459937864 -0.919325134711247 2.19511918757018 1.18770462947638 1.15492586175631 3.71618704953203 0.412431838747964 5.39164333473156 2.12162035414776 -1.99366241007151 -0.393260295058884 -2.28157447585504 -2.79396675425427 3.93287678521919 -2.09697427599465 -0.66055154271531 -2.60808569007866 -1.64513172840995 -1.4616816591393 -0.359409975116056 1.7797306513917 -0.898873757712077 -1.661187993479 -0.897078604438431 1.39788627250223 1.61146036605641 2.35643513692453 1.02047002642129 -0.313556899349866 -1.54418248249236 0.905679078989027 -1.31126286973016 -0.328231791471641 -1.01398405143629 -2.77303207466189 1.15466729545571 -2.21511406485967 -5.67846835555816 4.15878669159104 0.956122659185945 -2.90711020889594 0.974809419736459 -0.261922985914378 -2.57072971160978 1.21186422254793 -2.26860500402808 2.39820670464176 -2.40575715401789 2.69552524173577 -7.06589848946041
"475" 3.21663071049447 -5.29278024770265 4.37676470089097 -4.24841824868408 -1.41102538591142 5.46799126512346 0.642711975140821 -3.38323440885696 -3.26478260927566 2.81441047084795 -3.09077824741398 2.71208030352282 1.09458040262291 3.38579940635011 6.25811556405089 3.05095837491293 -3.50697590011095 -0.494734660749398 -1.84056274927277 2.36313766330908 -0.672378898777615 -3.08596999808514 -1.99905403203993 -0.260720053634631 -0.164598644543596 -0.175703318370769 0.80825638658721 -5.4198127363779 2.97387378956163 0.311039508790547 1.32600557939319 -3.42020338261738 2.95315272168809 2.02249056702599 5.04067023188761 3.6399144012631 -5.77624413422648 1.35073333852633 -4.00058961638656 2.67880913795301 -0.784594034105989 -4.07499073426575 6.01211487585801 1.13772853150865 -2.12695779745316 4.03108055044019 -1.004140944114 -0.629501410234477 4.17935864074364 -0.390148201923722
"476" -4.00919040472487 -0.975382811708375 5.45701010504235 3.39495852829099 4.27981945478914 1.19056179285794 -3.67236070560412 0.8747022566593 0.67174739813063 -4.01099035703173 2.2826152759675 1.48071210354605 3.18135483888761 2.22976241094545 -1.93323821491578 1.75944475700898 -1.58823793025646 -4.15224548210202 -3.11228967217667 1.1467296839848 2.34436959131039 -3.42525627664055 -0.0651026800954785 2.5031174815055 -1.44180942980178 -1.62159321261211 0.171357842069402 -0.281661449861339 -2.38018504283418 -0.000600540540367659 1.63299870354688 -0.421120421217624 0.962977032975413 -0.165326554087188 1.87529166613292 -2.30152784654398 2.93377355893042 -1.31764937616544 0.89883829363715 3.39782704621492 1.35855118429512 -1.0833388193692 -1.55903713518737 5.62459058046273 -2.04339271162241 -1.25302767770622 0.252948477385901 2.86888813567664 0.646184121709585 -2.36875496822873
"477" -0.665888661472032 -3.61710049856563 -1.83105921283495 1.86683751919709 0.48021371073818 1.89756586800575 -4.31757488969946 3.84499945332122 0.27527799689233 -0.934582181693836 -2.52748182335065 4.9573603482468 -4.98105194381379 0.13988500378653 5.5124104803117 -1.11917833981361 -0.614464434610114 2.36331848776223 1.58471072521266 -3.80529021428205 0.554352806092985 0.0678553178543436 -3.88780063960104 -1.98194727913746 5.52395397527171 1.86135397086961 0.117237852081454 -2.87774842522986 -3.21170937406636 1.09280471619721 0.149164247116615 2.41115704515303 4.61682582765555 0.972494873476373 -1.54378303324929 1.19894713471519 -3.41327706394968 -6.01397784903533 3.52642583830601 -1.74869614930688 0.946098612516782 0.494471051859681 1.02082451039772 -2.78300680599472 -2.30596270765635 -1.58050524085439 1.53246678046737 1.53990640242752 4.05069025253122 -1.03363519728019
"478" 1.33375187534898 -1.45316450292287 1.83144714094526 -3.17165912042564 -4.36052976690486 -0.176450931056794 1.17355584441951 -5.53198154493975 -1.97874354848243 2.32463339403095 -0.499323729619494 2.20213845884391 1.90330758269785 -2.54158495527256 -4.41723661936263 -0.648378134514683 0.531953611559534 -1.25976365434352 0.547145391321999 0.119225822545018 -1.69007530358346 3.70580909989039 -5.09506574953918 -2.64050909391539 2.76235271221928 0.387483141520932 1.30668925909914 -2.91536213027922 -0.536310626109508 2.5114956503536 0.349836076734563 3.93265576761419 3.88523229236162 0.911729869294281 4.47839724655965 -2.04384863586971 -0.196649377298934 1.41716390818488 -1.64036063799798 1.18399330699322 6.59278805616525 0.935482162863667 0.389116603573812 4.91817618955462 -0.927930200095626 -1.21446068794609 -3.73478901054564 -4.09536440093838 0.53435358129777 1.5394091404612
"479" -0.199375872732762 3.7150148806609 -3.26793691752359 -4.22110885568401 3.82712013664529 -1.33634533631926 -0.707808823926733 -1.36223757632923 3.46408245251889 0.0379272678131774 3.84613995730608 -5.60646578612288 4.52646428517166 -0.5641622388867 -3.11097103033051 -5.18762256991453 0.808247314290553 -0.766645347209988 -1.28326479119529 4.52512804964985 -3.88254495585044 -0.97263241245489 3.91739094047102 0.439542392394297 -0.796768394277395 -4.28781216944256 -1.57601968827776 4.29345321928939 -0.182307896554765 1.8904836918549 2.24911723023934 0.466402214605854 -3.15340525497633 -3.53786486604178 -1.57951459320408 -2.42781549737939 -1.56153785050453 1.65168970385319 -1.99338187645644 3.89617914871241 -6.99583855624197 -7.13199888867792 -5.77339409290066 -2.06447831185864 -4.09823979603232 -4.66748086583597 -4.17251268638568 -3.16694692307666 -2.66836237207703 -4.18428400182357
"480" -1.45067321445003 1.93138749239762 1.46658261320579 -4.62532262496747 0.476267017780811 -4.895005064497 1.64936928319253 3.12554990556912 0.695989584413091 -1.88355857969569 1.14741750999656 6.10623089012877 0.298508331223753 2.01682385917914 1.41948687317317 -4.74720492721086 -3.21345782658164 1.52763823317886 4.86113995326852 -3.18349148217801 1.08050740243644 -0.18287380993273 0.498932371356853 -0.171605840472737 4.77948016778602 -0.0776230111316349 -2.22491073232162 -1.19170126624315 -3.77157048081294 0.0226009105363796 -2.86918873378699 2.31153386289747 -0.0097322981722468 0.102590110840391 2.6033790409108 -0.074810468681368 -0.995073507912907 -1.84775924907228 2.9763420381939 -0.156092873566655 -0.918437573186581 2.26818993381589 -1.46948381205237 -1.18018241829863 -2.93382146304188 -0.324065105353558 3.72359515335117 3.40921824083464 2.88648985081835 -4.39162046676091
"481" -4.05993816065901 -1.17447556186397 -0.632909213751263 -0.229236095948894 -2.61772089442537 1.29433256617472 -2.00373950231475 -1.6578014054419 3.22029279932159 -2.68303287058952 -4.77443073897122 -1.56342928116528 -3.24492084359016 0.0293483293897923 6.16599630867168 -1.39325456267657 5.88645235143231 -2.94218449194746 5.18921191614666 2.05600381663661 -5.52543714884343 -1.28749335817497 1.17381362069284 -0.291655842281688 -1.4237543966187 3.838132738295 -0.802263197630058 6.28893088664878 7.17090403436209 -1.79099565121638 -1.57178500524754 -0.648012835996287 -4.57542734697893 -1.31206436448016 -0.845360921977017 -3.38630118987926 -0.224681994914254 3.01520134267395 -2.34307752352437 -0.532926250866784 1.70718431517445 -0.531187298779733 -0.927909589658011 -0.227517521758011 -1.74026242038216 0.885356670569448 1.97090432898418 -2.39749544606739 6.45328175608251 1.71029630418707
"482" -1.06201421457711 -1.24381778167041 1.42653067130622 2.26538873146768 -0.709093429358602 5.36668832361144 1.05838135641544 -1.42941824629347 0.512345926095202 5.31465435303335 2.14463915622173 -2.1814440898128 -4.16617693481465 -1.00176138906533 3.74749324273998 -2.14540363249032 -0.900918592812458 2.54793740773127 0.887312353961358 2.38865093464608 -2.68560659112975 1.1038631883306 0.244826446894468 -0.767037901001709 -1.20708747970228 1.31642016473754 5.40800435642135 1.7545783754286 -4.10992803206033 6.57537045345113 -3.0270269296162 -4.73761809172733 -1.56556696130966 -1.61961031316688 1.34060573088152 6.77030460062585 1.51818816051644 0.518030575244516 7.85563774848112 -5.04526305436356 5.21106763445636 0.723580344662024 -4.06215046222768 1.01461532114682 -0.198154827958972 0.102850380886896 5.28814653995455 -1.33209412144489 2.08449659949548 1.92617208620894
"483" 0.634185212957355 -4.11505812746584 2.89376049901738 1.20956571418457 -0.464355234156915 3.48895662494024 0.984482447805678 -3.02182809393132 7.11685999889024 2.36541414000399 5.94810624250658 -4.12399329353109 -2.71856276837668 5.72630114187315 1.6173690353917 -1.05316474204288 -3.0773638542646 1.08089424914221 -0.167435013663129 2.25367662941013 -0.855569165169548 -2.17758402029567 0.493553372020195 3.5209970587063 2.46858118398643 -2.76277522185836 0.990797954389759 2.11515996246153 -2.90259567573931 0.888611626895355 0.706121753572803 -7.87187144471495 0.681522816384241 4.90752021856936 5.83276060911281 3.78114072008321 -4.79786096016304 -1.13986610657617 7.79913834085028 -0.206307685287624 -0.359245511819269 4.04040506624171 0.266854122760747 5.24426179527296 -2.84609240712187 4.55481016284531 -3.28212050799085 4.4775921760041 -1.17899722202885 -1.60224283587884
"484" -4.10604452602062 0.624486513851238 -0.243442439416301 -0.775220781094237 -2.93680630973712 -4.16029672549402 -2.54620661797458 2.01771894757752 0.856399611438623 1.15923688089212 2.15450718903983 1.75855738057602 -1.94692638331308 -1.61738886963908 -3.61485830364561 0.860565103965405 -1.17518649906207 1.16968896731236 0.259176831977608 -2.55052481798901 3.21510684616951 -2.49065962329778 0.616671710715966 3.99547966255197 4.41693736662878 0.10869619104744 -0.0887851876670304 0.523485485254652 -0.0189017538308098 3.18715320454961 -4.4049634791905 3.37693796547884 -0.264299326045952 -2.53897478718264 1.61811952107672 -5.0066774162603 0.203474724264683 -1.91366802856166 -4.20051064200487 4.14019589390163 -4.88822925557306 -0.572069578932837 3.88364562157128 -0.00283083261065174 2.96724539056253 3.77094818094043 4.14967932181876 -1.24623954317105 7.16488454645343 1.69621362656686
"485" 0.455695722473876 1.07332270639234 -0.577916949025655 -1.92618101303478 8.63162537081008 -4.1006267567507 -0.306102075123011 3.76291754774987 4.11764749919679 -0.364046453894825 0.963355871271695 2.31027709077367 -0.43845698015479 2.37084858852402 -1.61926438885909 1.87228684000934 -1.95509125126696 -4.26559618047914 -1.92885523273634 6.34678058045405 3.68782748092139 -0.611252018033988 -1.11242305138079 -0.507336125370186 -2.27214664136314 2.0469299523003 -0.485192361141663 2.67131065376112 -0.975773468887587 2.90274093195506 -1.31325160624415 -0.348131439219376 -2.30370990093096 -3.1476364978466 -0.528835046926378 -1.7293183241141 1.79811691415332 3.00853017253783 -0.391910829683361 5.47852695652332 -0.153226862953666 -3.00182386905392 -1.10401327007954 -2.65431651898925 3.06433222870297 4.97197952768167 4.39799436636011 -3.00920635384348 -0.369304992566932 -1.98925326495298
"486" 4.42977147045846 -6.91166554215782 3.35740630781038 7.25751893951213 0.619451386029993 0.627079088173827 -2.76366507404726 3.50063328565814 -2.95653154202472 3.17529626232468 2.55243489121474 3.9375432509198 4.66962400105182 1.75858418124855 2.07231161768718 -0.499502270974894 6.34787980442937 0.812998496808145 0.614758115174622 0.850633654071988 -1.576413895823 0.866086125911642 -2.49632857750366 -0.584929314523505 -3.18170530193419 -1.04050073633198 2.1231877848188 0.0561526854634069 -4.28334084272715 -0.140968866980066 1.81497230243951 -0.31544590686441 0.600302620141275 3.1135405423034 0.789398877659932 1.57764930716238 -2.4608618464907 0.229397935461599 1.19546273273872 -3.23020725190695 -0.67746314917383 -0.235822733753226 -1.91573835430362 -0.482282945153963 -1.279625059449 3.02736406418599 1.33412922435137 0.62856173655999 -1.42059622561576 0.948280714065127
"487" -1.49792734288135 -0.292716873087325 4.6132138485921 2.115400673145 1.62336489562079 -2.51971146961296 2.61341400321504 -0.953082701718042 -0.452813794514677 -1.86509810327114 3.47824607980052 2.45198751196176 -1.86117769813906 -2.47500423191173 0.746728781521166 1.57528750798949 -2.69989049546081 -1.64900247132565 -1.66773533417919 -6.2807985304094 -2.4008028000832 0.0778469054691934 2.54185232670119 -0.156105990570665 2.83126575314589 1.00629334040708 2.00475253658768 -1.80771936987322 1.37626388372373 1.98706601130572 2.60335607157065 -2.79994770729992 0.679790339682191 3.27400032128855 -5.9031177815511 0.513882411341206 -0.10419810145972 0.81658345502392 3.50290557515399 -0.506891211757538 -2.15199098662565 -3.70144016297292 1.63740328998753 2.2773738308523 -3.4261389955209 3.58737661036022 -1.68403903328729 -2.73444681602313 -3.80079429064398 2.29902926442093
"488" -3.76436970178256 -2.85516185776336 2.9258990994392 1.8218097500957 4.06402196020804 0.0287492270776188 1.22470622823941 -0.446321347180522 0.94806610247695 0.965683586173912 -2.37657771629892 -2.42898206000667 0.773775262703458 -0.124440430532298 0.996510556146029 -1.69098023786237 -2.04771172590985 0.334491370770235 4.43470889692203 4.84247366811573 -3.05212876271203 0.371710218306517 2.06118822234644 -1.74103481933748 -0.113477568332402 -4.79799179635365 -2.9915450658204 1.48847104334097 0.342518509066202 2.12711473227429 0.678927826134498 0.591574842692522 -0.118906530877565 -1.27784331888519 -1.0979142009417 3.25116794334157 3.92279320501426 1.56347189485324 3.07451251081299 0.10681458949503 0.971210488982684 -0.540102415296106 2.50009266374702 4.10999081330069 -0.10329817195284 -0.183610896169568 -1.23819403218813 3.21341951368275 -4.04083081298422 -6.53754658808488
"489" 4.89168168346551 0.550775780778518 -0.413785329467836 -4.06082998714801 -4.97148075921727 1.51471789191585 0.760354709941464 1.70242370568728 3.02313493741876 1.62134762033232 2.18181967366267 0.788036516384811 -0.246496364085103 -6.07940599666572 -5.6492590423076 4.29276952294095 0.479012783038742 -3.34437321475958 -4.48965494329095 0.227749138192282 -0.422197768639752 -2.42584143554161 -4.09625142304635 3.57499646244131 5.92334842292813 -0.616578721628634 0.688875279226802 -3.63493646928366 -3.94604083660774 -0.145791452364434 -4.89788721643216 -6.11590661489658 0.793715360022818 0.520580285567436 1.96104192754202 -1.31554435672805 -1.54810913350134 1.99001181487003 -1.25899393174091 1.78269195458602 -2.94517640929926 -1.24073481324384 0.0777333209844954 4.19020954279888 -3.42014488038829 2.54273447156116 -2.67129852870482 -2.87524293537758 -1.39653888787104 -0.688949824597733
"490" -2.00442180349275 1.62459579507782 -0.237728981497784 3.21763682024296 3.51029400112124 1.36424406217609 -2.35779355516673 -2.00749575406163 -0.0599060841882997 -4.37594013546411 -1.70466573853455 5.30480380331061 -3.2284818008767 -3.15877280168396 -0.856687334524954 2.8242945370855 0.871802320039229 -4.11909530926456 1.60360718013044 -1.94778252793797 0.0459506445508483 1.56182102525507 -4.33432653199164 3.48809565282307 -0.637527107994353 0.289904210224931 -1.42325045835393 -0.512853129691237 -0.126135561634378 2.23933634627429 -0.642676082397735 5.0746541610257 -1.41709815892552 -2.95943781432813 -2.92204627001894 0.181695266798991 0.935190448405178 -4.0674302425224 -0.157892217139148 0.0959417985221071 3.83364383743291 2.26649364851145 1.46119184956202 0.490475586431657 -0.589964153727929 4.50049544155995 3.92086559115968 0.195290535138802 -0.0612546758695345 1.18058372846306
"491" 0.965626131432794 0.141196713656578 0.091602830597095 0.808558843994155 -3.78953334356274 3.77013584273467 -4.64368547825835 -0.12425609604065 1.0057696691931 -2.81164929914246 5.93600654597426 -1.40263597066383 -0.860938744133268 2.63140804649994 -0.346253162961296 0.380369955383199 -0.889253365473229 -2.13540797485981 -2.1441335559175 -4.00918597864213 6.28550970775873 3.95499694052413 5.49206910290078 1.62684787560742 -2.51876086520245 3.21128106063661 1.0204377569911 3.91069189023552 -0.280622014382298 -5.17642094589758 -2.97953067253253 -6.18213175179948 -0.792999343752549 -1.50085270641316 -1.14048477306612 -3.12305207811524 2.28904978952585 -2.45236281750923 -4.84551525712546 -5.70547351148806 -5.8938373570855 1.60852433338262 5.59405013687382 3.78943907167161 -3.27084123932028 3.76261514143887 4.70624642153088 -4.99369372450138 -4.45924383260115 4.13054037573342
"492" 2.12069383164949 4.71604763598118 -1.69898775723927 -1.33567779546754 4.41817839039226 0.105558798701464 8.35497271813742 -1.29461951929079 -2.4940116635637 0.967941144078463 -3.88624895218513 5.93704001170383 1.71386746322772 3.32315559526799 -0.456260690951012 -0.857018117510875 -3.42069272479784 -3.25049434882684 4.61460523250629 0.744560505958078 0.551751476492754 3.02151945636959 -0.83079317076699 -1.096163270464 -1.00989294305799 5.44223105252621 4.5641503081992 -5.94484900721068 -3.92826248711066 -5.85903197917857 -0.358327673515483 -0.017759089493404 -6.65809881770246 1.90466556326161 -6.41362150280432 -0.708964302376851 0.620851975599765 0.140731283188173 -1.22860661258976 -1.17183679338638 -2.86366880927222 -6.0623362932394 -3.59234065552005 3.30859385473263 -2.43145425082755 -3.27135275620937 -0.655379929892905 -0.52465708936132 -3.70664857615733 -2.06066733915192
"493" -0.790633868893835 6.1454529821032 0.440172143446293 0.588669066865756 4.89919117103232 5.60053292253926 -4.0550404655497 -2.69807366094282 -2.30877878295868 -1.59974441460168 3.41415869005938 3.14758670782963 -6.45930719763754 -0.847721293872269 4.11405360510166 2.25045017866171 -2.5033226044246 1.68672282240109 0.651445784441396 -2.47143904571838 -0.339319269334758 1.92895710747483 -1.7741341205118 -3.19523465241453 1.22643043015619 -1.38842150294098 -2.81364950986314 -1.11462841965695 -2.53683513004504 -4.16765831174641 -1.34853143644847 0.890335828119281 0.730881294497503 -1.81864572217623 5.37574044739241 -1.0211065123229 0.141622770189023 -0.764280173748296 -1.23385440562371 -4.4949841125682 3.53128584780104 -0.352369610364441 5.08967598841453 -0.00841243529839738 -3.61033502180652 6.77512190390135 -1.69549348597786 -7.24947450198951 -3.3665363921248 3.90212991499535
"494" -0.867389826523493 -0.741551839847903 1.17249969174781 3.19983528397704 -6.14843113812237 -4.19626788389972 0.161831484959577 -3.40382441606989 -0.82656487917508 0.454708045007185 -3.62385043598765 3.44016397604931 2.73724531063806 -1.52602602580348 -4.87838476980035 -1.00861890243999 0.375889431446963 0.0751777119018256 -2.06994074019923 0.228881120556198 -1.81047564166237 1.01209274138693 -3.94230581558615 -2.00069899316496 0.672374140678728 5.7956164108455 -3.71105885646924 -1.08692242375089 1.64344615470525 1.97867577130941 2.74122382708088 0.184152702240573 6.54701715540637 5.09561402777478 -5.62465702430779 1.78377102474905 -4.03954488071521 -0.0078749534148757 0.5822059730438 -4.36354351932533 1.10888428166716 1.13409870504946 -3.4710440076235 1.39956600515926 2.07886386752368 -7.46152609402479 -1.39897336391416 -4.9767494482789 1.55878210203755 -3.41491411956744
"495" -5.10442001111312 3.76053596590625 -4.12794056006907 -5.59249370574634 1.85516511411903 0.609018720682879 -3.2861104924637 2.98095353670112 2.58677338303204 3.40386713406279 1.25818729880363 -1.72751706028969 3.31684385457076 -5.23249942449562 -2.50118897807831 2.59169018186834 1.4107242176177 -6.14590259411854 -0.386921051214693 1.44786179057686 0.0249503644627747 0.689789973136387 -3.36733244684262 1.46907912649572 0.837794740296655 -0.963011285100305 -1.43641424776125 0.622896388153125 -8.50501886450719 -2.6475011547432 -2.76261366777594 1.285273868746 0.241258565445099 2.62202975517451 1.8249424135338 -0.0679090071591767 -2.9987587332594 -3.91595712010396 -1.01232464096849 -3.44883428466595 0.52979840542257 2.57069951446554 -0.258810165713603 -2.60459101613488 -1.60778734959339 -0.793897373784714 -2.12691297130554 -7.44195806218548 -0.168041445226285 3.61994518780715
"496" -0.347458483585329 7.91566922028688 1.32244295085084 2.60083809371808 -4.54811355448341 2.5644211158765 -0.413656377321603 -3.26992634981954 -1.83311660462574 -2.49299412705527 2.23344556650876 -4.86112652573655 -1.72580677693118 1.93619659723906 2.79835243797209 -1.58474782094815 2.24522134689848 3.3157114971669 -3.51799243037656 -3.0233369364421 -1.1466298394319 -2.21714400952546 -0.0167272564178786 -2.42932449601921 -2.00538170783331 -2.76902697772347 1.83106743859781 2.00227610856037 3.06815375903322 0.452390957111374 1.14769073030621 -1.17229814917461 -0.0721169327370784 -1.54380466295683 0.105422779732058 1.92298167497095 6.92042053709723 -2.23242537807622 -1.16245221815787 5.38602028478073 1.02005315037187 -2.09969270921589 -4.52097345975999 -3.16951416622447 -7.51706457117699 -8.20385444974209 0.451432576374658 -1.79388748446408 1.76709905992218 -4.60982555653337
"497" -0.36545869137894 0.327111945147151 0.237824322856546 8.54808971359826 -1.25624855093938 0.708262195727997 -6.40202269626169 -1.06386762885363 1.6211895962308 3.0578347094074 -5.03150694780935 2.57870643092645 -1.3209179390058 -2.2986832646197 -7.42815836726819 -0.440746194343791 2.64262723644862 1.82182834017194 -7.77168784475535 2.46976790701259 -0.68811205979462 0.882745297888946 -2.3376182128852 -1.21278898327576 1.12279957050319 -0.470574393669753 -0.17771922364418 2.30583095068462 -4.87345947266162 1.16019077719858 2.35073470190708 5.67901054276755 5.36730854077703 0.969669406298455 -0.456030356010538 -0.706483192988127 -0.72411835908096 0.382768014641456 -3.86423061201289 -8.5695706929649 0.621876838371071 -3.21433710154838 0.866923338196947 0.527815462366077 5.99364949165409 -1.43419546676426 -0.775199781518272 2.3264211982255 -0.232613940292393 5.92513421569683
"498" 1.09572805789764 5.01165008716609 1.36145253261017 -2.80970120222122 0.65218829941387 -1.82464255372442 4.77916151912495 2.27648830568468 -2.75397245679661 1.62048610042655 3.744436571202 2.02864413680885 -1.60467164553594 -3.61344900118043 0.19593914165093 -1.74355633712148 -1.08538646803419 -1.12142230600056 2.74746723482896 -5.831498881977 1.06833275712354 -5.54250118922477 1.66100751123608 -0.0025590660920008 8.2249353683255 -0.529803022574905 3.93814855435885 -4.22681695504231 -1.27633093699146 0.367278571692778 -2.79737247780458 -4.60180073010504 -8.76914970591934 -5.92530437388528 -3.78989981180805 -5.55666497660763 4.99101769089569 5.267840297368 4.20058181576002 2.71012304976959 4.02925327392775 -5.11887369031521 -2.11404758947896 2.43652700901519 0.743178348949384 3.65111889858206 0.740410927642087 4.3328419790403 -2.20574221362032 -0.467332900063362
"499" -0.228895397695517 0.361325398531347 -5.26233742963958 3.47043919095061 0.569343663031051 1.15468949916953 2.99828696669712 1.86359533944981 0.688876641558896 -3.26721489663673 -0.837031525008347 2.30822212339854 -2.82639391866278 -1.83659708012859 3.3355467584493 -2.83900760667315 1.69939481774323 2.10275298284503 5.15755460246965 0.823310382523751 2.35977568978998 1.98073326791951 1.50433685875475 0.363808054086511 2.72762916750966 -0.140527495895305 -0.534663019513749 -3.97037342326176 0.661935129793251 -2.29103148964449 -1.98232164215809 -4.7256907999116 -1.20605592555178 6.26897024170968 -0.82975115444011 -1.11389165177433 -1.60380204151872 0.0930718185706378 -3.26776286691488 -3.14338333892257 6.06410422135023 1.62460160517086 0.710062648141258 0.968272762288698 1.74363371096212 -0.0953766924499941 -7.82281834250694 2.7519397461159 2.95748257266379 -3.60379946775082
"500" 0.470180719750899 -1.64595621101931 1.52558211877807 1.51540974652813 -1.03841148323366 -2.75561491395953 -0.254616229184941 -0.341557483332428 0.507619751727261 1.68511597533234 0.329910200256999 2.36034589375971 -4.58386590448591 -1.7355093203501 0.105333447262154 0.88938908955683 -4.7060558722898 5.25350946041444 -3.39646187622721 -1.09175435312968 1.3295899919626 2.36943098974277 2.26564861064843 -0.904174820697899 -3.92060471703324 0.859780913387894 2.3250605031634 -0.771692151784472 0.350554819256046 3.00031991523104 -2.77567347671535 -5.88440418005127 0.429071163240258 -1.71272168356119 1.22665589833409 2.03941764374721 -1.21109623745501 2.75736238927288 2.36255170883502 -1.68017468424985 -4.12026052342015 -0.666071227030746 -0.0925994543936772 3.96079458609145 -0.762569675692784 2.63127640363307 -0.373774410837379 1.94481611357362 -6.07050753680353 -4.10357982269452
"501" -2.52771507645639 -0.0221347022759619 -0.731306182662097 3.11211272148658 -5.89693933071382 0.024810103624541 -3.88524034854879 0.560011089299146 6.38978927379069 -3.04591965171936 5.53767880992898 -4.72952598095877 1.43070354124548 0.769458445422635 -3.50252467801778 -3.92626148496895 -2.73066276975422 7.00835875176229 -10.9084042428352 0.45925995306382 2.26222649608434 3.21865388228795 0.937985422333741 -1.34694853338862 3.91771676862267 -1.21965855499483 -0.119704101080442 -4.15152639712685 -1.10408500697456 4.86869151857588 1.27127227862729 -2.15010574778354 1.35643930563483 1.58915143674521 -3.00004604481304 2.48072822181361 0.046938575821749 -2.75709484430402 0.856742191275546 1.45512925465969 1.75129461055581 -1.49556602054385 -1.79721029146292 0.482902209210035 -5.97725770865316 -0.884527034501608 -3.68265988734234 1.99986376000256 -0.807449635737641 -3.0035046622672
"502" 1.6086904654549 -3.63569742926557 -1.11723761551418 3.44343426277472 -2.30054781607526 1.38559224974548 -4.06293218615769 -1.11053521844415 1.87458423647073 2.25186423368639 -3.63351027615767 1.62396267788127 -0.610412427616811 -0.0922776612866616 -1.70347382220503 0.725471724706917 -1.69978269555977 3.46685812514993 0.355045137076315 -0.0706629753464448 -5.2781963357895 -1.50963931726665 -1.75735852318722 -1.69214564564387 3.42535809406577 4.00248358916104 -1.8984141764438 -0.671123708867502 4.08905816291088 3.10957386676026 -1.20147857508219 0.74110406844228 4.27249036876626 1.25107319096427 -6.46995993945022 -3.00593886481864 -4.84967743610407 1.44287640694101 2.03657239415877 3.68093299901427 -3.98049841884222 -3.15174665180383 1.21456761408475 5.47536312347063 0.707016173792632 1.21591430355388 -3.8736462170334 0.812165981481991 -0.0742594883929318 -1.11137434188648
"503" 4.37919899605939 2.16641204992988 -1.70972520012683 0.32487352739357 -5.65023214991237 1.17553723711025 0.866778669322654 -0.065088966205577 0.594131012354786 -0.530422725513581 0.476273592829584 -4.80785906966272 -1.60894953237124 1.02205612472231 -0.755000433482431 -3.34348440504831 -1.28321600393661 5.18668714514129 4.08023386411594 -1.65280982662448 -2.12199957136624 -1.80372180368721 2.47874731097864 0.860416110753416 1.67941261702365 -1.81695533679437 -7.49342410667337 -4.3637631779253 -0.102509728942353 -1.21812349516343 -1.35435585525944 -1.91296272175831 -3.09463595744353 -0.806153814942879 -0.64280463894806 -4.2800263894301 0.926915127321133 3.66173762047232 -1.52075381119012 -1.49135040523961 2.09316848329796 2.79458005531513 1.15359199210151 -1.8734387826618 2.16097909322314 3.81425744893055 -1.67566933410272 -1.9959531128237 -2.41654397790435 -2.25647161194777
"504" 6.15305274942842 -3.73643714129183 1.13476990451271 1.62913065043213 0.160073546816154 -3.10591037929872 3.13437734066757 4.2481200595251 -0.743832289222963 1.48090711232946 -0.546450312783694 2.37660830318662 -1.29016941742015 4.26054840316054 1.66734342398311 0.263145919744626 -0.480622072091376 -0.421890398048001 2.91440955736599 3.4863335094247 0.886454496112471 -3.21790720597616 -3.50503806770612 -3.37032184987798 -0.101175731651876 0.451365747700083 -1.2668825781724 1.32154870714622 1.02000498129762 -3.63343002052531 2.23693804367312 2.99796717092655 0.475735369865994 0.586504874139821 3.25474678288124 -3.20318413554935 -6.18618238355819 1.29988358531617 0.403900986040329 0.518276780582351 0.281279856595631 -7.5664079416807 0.876754374581546 0.241228063253396 5.10829537968555 2.80612852600603 -4.89637608476435 -4.86677933006651 -1.26177522488285 -2.02271313287324
"505" -4.28380935274984 1.99784141737499 6.93958037979355 0.648041330918697 0.00920044163314565 -7.61914906783639 4.84792358835277 -4.0633115314619 -0.0421931749752194 1.29417168477768 1.29147213787394 0.848752131839291 1.09379039522681 -0.179703395852181 -1.83356500432009 1.14587735248765 -0.803862840749603 4.52236687965866 0.515584240076864 6.61694624570844 4.37738446248845 3.44237343990611 0.140909650806569 0.666455874641614 -2.27206273876229 -1.12098784803209 1.50047920815827 2.67885256342273 2.82703366750397 -4.69491620783783 0.620350318495312 2.33193837528548 -2.69840202168182 -0.859341235806141 -0.273992327689089 -3.72122480126135 2.34378477164756 -1.54872789900538 -4.77429692455372 4.20184243067398 1.13719978324128 0.89889930280278 -3.95325706732795 -1.33102943513527 3.97682761389832 0.760821991687744 1.84408535668122 0.979281519349885 1.90363927231881 -2.94709407050644
"506" 1.29913129449613 1.35837133028632 -4.35649879142232 -1.8378815058167 -1.32236874643803 -6.51810769674699 -3.87897270148812 -1.49945731297272 8.07094359446777 4.3892445878102 0.599398305185766 -1.22845457914009 3.2402727734425 -2.67147045435935 -3.65450903640163 -2.26006317109142 -0.246971682109187 -1.55469415059818 4.46622385238254 0.317676959641093 -3.13630283089456 -1.79058301315048 -3.52326837196364 1.68020178739473 2.03808325441492 -0.301731984008479 5.34846565182769 -1.26970065997418 5.75157287958471 0.0882602301740742 -0.887684838807168 3.41656278742817 1.38614732549433 -4.86844053054369 -2.88278359814201 5.19075398196172 1.18719909327502 0.104162731415464 2.24596780836516 -0.941106604094798 -1.09016862261574 -3.53600544805372 -1.32715780985877 2.10710427315599 3.40039110850079 -3.49209099707742 1.70251234713891 0.532498101240215 -4.46171066518638 -1.97703479038542
"507" -2.10624109369693 1.78020898280904 -1.86372152660733 0.415565843303187 0.248410848412393 -0.488916858964579 4.76780585380755 -0.547948529786469 -0.163395656868982 -0.108152036733026 0.799375117565998 -2.9313854672814 -4.21421872578444 -1.05086521288244 1.3383920394272 0.620075612049855 5.1166512006802 -1.65910528195763 1.51914844355759 -3.52708077846477 0.395996371772626 -1.44258295266364 -0.364662757771973 3.94228958499921 -0.0909274756971021 -2.53144943920334 -0.177908773831498 -4.14782704159852 -3.35557052131408 2.67654678560129 -1.41169662806841 2.82959262208173 -1.12983901445477 -0.499784366634752 0.162856014660827 -1.52263559258691 0.52800583897869 -1.04903723637898 -3.72914415259013 4.16949992389264 1.79290685264588 -3.79178982795023 3.10615603892024 -1.33246812934899 2.73376811156059 -0.279191930063807 -4.86064220165651 -4.56536695680798 1.211085268324 -3.03447354903465
"508" -1.94258991834272 -2.79505121724869 2.32327748222304 1.47013904887074 -2.56735878259656 6.27536923491786 -3.19527345286677 -2.23797177047445 -0.389989177943991 3.61915408968862 1.73399846650012 -0.272817276578972 0.251832894848852 -0.704521048009876 -3.26850565195164 1.4799291036678 -1.07246581966871 3.50939537650406 -4.11168086736406 0.714886798099389 0.307120297504968 0.187991140568497 -0.893154716251696 -4.12026706583293 3.13647024308255 -0.0477381912533763 2.0707765983967 2.07922214177886 -0.720949405878748 3.63727225534828 -3.63113711467643 -0.356168572043056 0.737212487117492 -0.955258685864944 2.97480919671009 2.32546317096831 -1.47749942414599 2.0588880306554 -1.73480645776564 0.0155324073699448 -2.56560426936225 -0.696921020464287 4.83038041039345 -1.06476346946782 -1.58783943454261 2.73904286975422 0.885012789180933 -4.86097400431581 0.310850274426833 -1.84406643036444
"509" 0.68815243380161 0.301835464653695 -2.95683406928073 2.55714714111929 2.22118997662764 2.44918387167866 3.71033811958235 -6.80424460798781 0.91613925865861 6.55430547301872 0.403736965174955 -3.30400185953488 1.61844349023339 6.18467134053978 -1.9928263605882 1.19934393743117 0.893335498167399 4.43799018552681 0.176363641865296 -4.41384714779659 -4.78884417932446 -1.96248818405746 -1.81220547736802 -2.70092454001677 -2.21788608742641 1.89348405873813 4.14336559471818 -3.39499895089843 0.154493795469182 3.68019992569171 0.190994937123193 1.83479983169114 -0.47610590704109 -3.18848299503766 2.11389753802058 -0.360952772803383 -3.46398015767086 -1.17395119890032 -1.71730037759433 1.34895292211896 1.72558562064093 -4.67138329552347 -0.659705386744575 -3.44920406587223 -2.94339403068724 -0.723984372160698 -2.4893249874189 -4.88548055766206 -0.599228350892716 2.15173463888195
"510" 0.285635847665574 -3.40917934120164 1.78325934532639 2.73497622642946 2.97827170354347 -8.04234801080024 3.19809780710577 1.1067351499875 0.205395230609311 0.439650052813207 -7.26892717338299 3.76528852861735 0.465500236403342 2.44021971805095 2.54047798618371 1.15805577094945 5.52827575921173 -2.33097204904365 -1.93775170306155 3.56175743411839 -1.5411649675311 -1.1153282490494 -2.34067177410411 -1.75541007833829 0.224632295313617 3.55824142980357 1.61427715521567 5.20395684468787 -1.06903745680994 3.59895870154394 4.40746201822948 -3.96056486841166 3.1075860633655 8.68088090090093 -5.52323938190603 -1.87173989953102 -1.57441741907105 3.5326166796174 6.1306375586341 -0.607949759626137 -1.37463644769548 4.79037226926377 -2.23028559341116 -2.76389406704817 3.63808594618822 3.47523801470967 1.24407851558185 -1.85575471265588 -1.14780145570446 3.9037526372407
"511" 2.75987468787092 -0.847813872718608 -1.85120764216599 0.78569361082196 1.36488679242171 2.0163628587453 2.67866631310493 0.824182269520488 0.594359744487834 -2.53984154516844 -0.0516721877910336 1.19037949197898 -2.42443195557787 -0.159485688309109 0.940045778983698 3.76767819107238 -1.03415118833869 -2.8658868122051 1.2744145111921 -1.71781052312599 6.36381596418534 0.545707276430741 2.03762726957347 -1.69245736313311 -0.518259438090693 -2.30928290929839 -7.69296857578687 1.21329738660697 -1.65052261446226 0.357499108629039 -0.573770542832158 -0.963870840668841 -1.39257692856888 5.95647210082317 -5.40705379793854 0.0169569873983435 0.94482316501967 0.0948450415386909 5.83160701237392 2.34669122063234 -1.36091703953635 3.66195486588714 -2.71542396219641 -1.9112602729393 3.81230533463062 3.35832994750443 2.45553258284721 2.92718744615275 -1.97587603858006 -0.813004948745246
"512" 3.70784409876637 -7.50695456993572 1.52700232170012 -1.04548983804989 3.41987855887063 2.79249532321509 0.209231107106237 0.715978643983958 -0.322790286188341 2.11284320210712 -1.5641238284331 3.84703099836488 1.26995668852068 -3.53680233345981 -0.338145167080726 6.01602713422063 -1.13896231130352 -7.65846254021665 0.538140863659035 -3.00160644917664 5.00220721134111 -1.70827569874043 -8.33119862092099 -0.0268230527825198 1.51095827133044 4.21547155187292 -1.83349586106803 -1.08520338091481 -4.19693238278395 -0.155690789943904 -4.3428954900406 4.45851797579347 -1.9275404401809 -1.54831473872267 -3.03418686658201 -0.461054244825974 0.652157135088754 -2.137498805598 1.49046118998593 -2.85547266096056 2.6925795201533 2.94436400729109 -0.892349061928225 -0.451384829839452 4.59070389509528 -0.93628384924877 5.43214815382379 -3.59294698003509 2.80618478920788 2.15383582249814
"513" 7.37148749380048 -4.47820422673481 -3.65096618689259 -0.9088457823052 -5.31547007041055 -2.4311929181766 -0.681644543448544 1.45275676441123 -2.44329185069076 0.795425123184084 -6.81674684032926 -1.3316201451269 3.56803266500675 -0.0747330125093089 2.38827043112482 -1.16120269587554 4.16101823923014 2.19282800229197 -1.55274973704369 -1.00132920221644 1.24818537694262 -2.29912997327449 -2.72903959870518 -2.21739042838734 -0.626438157773404 -2.59894044344809 -4.27816031625698 -1.36573960716305 1.59743569604715 3.06925470716009 -0.539116576623981 -0.96499752101687 2.09787494811969 0.755060853212571 -5.72253771351988 -1.53211569811755 -4.27003178680866 0.880444986102308 6.23173834765557 -1.47203150502739 0.516347156484929 -1.48972002816028 2.52206578257284 -0.937335286056474 5.42083746764138 -1.94735666256549 -3.52976623353636 -3.37120362567858 4.07743264971387 3.71742430407575
"514" 0.611272650450811 -1.30469366006187 3.68357471728577 0.118105694778342 -0.877584975837867 0.897837922004354 5.53269452778278 -1.82400043100164 -8.32029209586236 -0.875878039959641 -1.06618994230115 3.11483021626428 0.529512504523459 -0.997307811367681 2.16534512132863 2.43234573676397 4.43297344482944 0.545081298236638 2.6082318363541 5.49330074102603 -1.21049723702482 0.245252401810483 -0.19063210562162 -2.66134235319947 0.419370189402329 4.70427215857913 -1.80180821676979 2.64398271956725 5.28188811237539 -2.87077320670584 -1.71564304506782 3.44770103166593 1.96863865000232 0.88040892873832 1.445920959832 -0.858423427752728 -2.56862562853171 -1.10706269198959 -2.00339228890583 2.70687716664509 -1.37574708527021 -2.40015579040999 -4.50619625581131 -1.05103807787032 -5.94467107404682 0.864960034173713 2.61012151558808 -3.0531200523964 3.40953536629714 -8.43608572387521
"515" -0.704190957942094 0.0257180793808158 2.15016035983565 -0.572653005571756 -1.10681474266812 -3.31377187126813 -1.18179286427859 -2.7104436162228 -3.02771252326377 -3.316807846699 -3.60083346677062 0.394366052123936 2.24416009523808 1.63447757879706 1.76840264303798 -1.72066846962691 2.18290488469466 3.03783842753109 2.16404155676323 -4.63112940857961 -5.80456558711751 0.639858658836256 4.57857043247255 3.71184669504167 -0.95044047641979 2.73037595373274 5.81011689604762 -0.514929652763785 2.09398378498434 0.674124892470305 -4.04275290517425 2.98254556319483 0.212534325847229 -2.59319075133924 6.5050870018392 -0.268734185638455 -7.95299875982294 3.34776702085636 -0.259682792365681 3.39110459833238 -2.90838241469541 -3.11624445990535 -2.37588690079701 3.45362036477974 -2.84464851711138 6.84914905075095 1.19453947575058 -1.20836779292577 -0.291561692137932 -1.03606783115916
"516" -1.35453062556457 -4.6338292696844 0.484318471867722 -0.29884497167489 -3.07139626843589 -1.53403595643993 -3.42418048261353 -2.70873883307252 2.1562824362067 -0.801801763624724 -4.01640621476379 4.37686034530908 2.11082694577885 1.13563414643526 1.29107965967193 -3.78533547500436 -2.63930579141666 2.63882543985641 -0.509039734811508 -0.757097786390835 -1.19373105715155 -9.09925610642748 0.290706835257971 5.82397719576377 2.13384440891733 -0.940977715058102 -2.94998647127811 -1.19089725958579 2.53568000946659 0.8617840917243 0.964777475842231 -4.11004465196163 -1.1413718375677 6.8459736962271 0.459768335543655 6.52849560920688 0.116005414453095 -1.02723255302013 1.2807000252197 -0.146096031375632 3.12489131930896 3.52829959861337 -5.04669992215694 -4.78051691927618 -1.38467981127055 -0.467510227151124 -0.846837648735144 -1.97826576654401 -0.420947964355335 -0.0644776630654127
"517" -5.87638156791632 5.28893943014959 2.78658352908944 4.12603813409437 5.82455438761581 -1.09919235683351 0.169421408859406 -0.612146047229965 4.84440523040503 1.21819420938348 3.16921243498886 2.42805592335593 -4.55529736251452 -3.26661850426917 0.928519480470244 -0.579185465026564 -2.1722772292847 2.04854496615791 4.91003530752514 3.3793945735602 -1.96908242757415 4.39014333613384 0.00105650039833862 0.375964739424356 3.69894709260143 0.551814650836292 -1.22902969372844 2.24070350658997 7.54403713467747 -2.0685648547676 0.180833695528366 -3.45081815727302 4.99823468780852 0.7806608747601 -1.49405474180818 0.077212410247897 -2.9887585764856 -1.16691237134949 -1.85703685684518 -1.6784355953053 -0.621716220918538 -2.93016881047624 2.70575841950339 2.75884315474611 -0.303368792776254 -0.274961710356643 -0.0407300611106467 1.26932167013814 -0.853597333746494 -3.35570760475457
"518" 1.27730735402642 3.84705937771593 -2.47206687269679 5.47128332128385 1.27948468575152 9.99502875758484 -0.791067681524981 -1.62244389901429 0.138750540179286 2.34200836115474 -0.325744436173553 -5.93807959413697 -1.42314703179401 -0.0190160500830095 -1.58689969558831 1.94940952713091 2.56949578999578 5.42362849657979 -5.73545259711994 1.62964992942118 -2.94728135293994 -1.02541393932901 -3.5379777828877 -4.15172430032814 -0.0514290699764194 -5.55383226763383 -2.91597765896006 -2.19299486565709 2.217631151421 1.73647162102307 1.42775535366744 0.313042135846315 -2.16321776444172 0.827029094044467 -1.53812392698512 6.26623324907959 2.58097990531678 -0.167547743419806 -1.39937803093434 -2.94789271375301 -1.63678383474537 -4.78620511879771 2.94204821082855 -0.561105464075787 -0.771297985488366 -2.04785107949712 6.42121136029591 1.89266484301036 -3.54739124358192 -1.27468738504624
"519" 1.40140991081034 -3.92634124587677 -1.74578071220703 -7.39349379161283 -1.47299579964772 -1.70856045172468 2.42358137891845 3.96604181049023 2.01117030176998 3.2298677701563 -1.82938383107765 -2.10916532564541 1.86089664247057 1.3147853950085 -0.81283255812677 2.23441543361897 3.9779982575434 -1.71647222272517 0.470439990291148 1.4924227924865 -5.56930739740604 -2.78274650104165 -3.18347045449335 -0.937287152532597 -2.46051701088728 -1.18093177580987 2.27424007957117 -0.566828804657563 4.43053242960683 3.67930561243286 -1.78343582503497 -2.13325226433965 -0.373581576010282 4.8355079148785 3.61711958496134 0.0708701102005963 -1.23084826520988 3.73366498949775 -1.27594690682954 8.56332802767551 -0.468032584500956 1.37116840714402 -2.86941417331391 2.01928345509034 -0.0813220533737292 9.40383612747536 -1.78595108508814 -3.55967994414329 2.48275553808259 2.88451508061344
"520" 1.88011854860982 3.62709103730952 -2.90136465055875 -0.939435247559604 3.09149794160006 -0.438313958254866 1.51084747909832 2.04379549615802 3.50668582886041 -0.00468790435320556 -0.543444016294421 0.608479587739897 -5.01610224520407 -0.24878876560402 -2.43006388604115 3.94715127900952 -0.351059180061405 6.63635931054827 -2.23243430611362 2.99261863497172 -1.29319114534432 3.10150045407193 -0.294968008925519 -1.56946046333566 9.10817602881512 0.718763820746446 0.614961529588591 -2.79787216434061 0.436905935044166 -1.92116602474416 2.44907332154367 4.17884633749882 3.93517567472355 -2.2367916910043 -0.772967052201862 -4.07832766931028 -3.76621325470953 -1.46802319979993 1.12068805588758 -0.335672541915507 2.10655366925409 -2.05092782776885 -2.66607021311589 -1.45675810066091 2.66885461330735 -5.16124171412918 2.59927345366335 -5.62224850386669 0.96688199256262 0.37862730742656
"521" 0.154373237327857 1.02621240429713 -0.725888110834832 3.73800228890684 1.54829441163873 -5.0866756135701 -1.48100563483271 4.99925770086752 -0.163237930621256 -3.62568313742542 -0.682675724148224 -0.694423180242004 -2.59041383465864 -1.8280546680431 1.34869770665484 -0.485175556206709 1.58085496663894 0.315609779750491 -1.47628465142039 -0.480444139810456 1.03694056335899 -2.70656202848085 0.705249306823576 -1.39493788831993 1.47010173630459 -1.73628795875586 -2.16592407458048 1.19262436148357 -2.99095540637455 0.607280656477357 -3.57988150470324 -2.59070941282661 -4.35770249008012 -0.117541090651073 -1.0946149636952 -2.92424446438983 -1.56494610839001 4.08231526739476 2.52699791096087 -4.63986584013753 -7.56009545428724 4.80992756455426 -1.47941732521286 1.2945804452043 -2.02771507510361 1.58886631498497 6.36393105647308 3.94449491155609 -1.65416539896555 6.02783027761162
"522" -0.437465047908983 -1.09420702354638 -1.50778164572659 -1.0407474673849 0.779803371059704 2.96001932917906 -1.83004375988498 0.458536572148522 -3.70935614320255 -0.301023762995113 0.702669045230277 0.513084033865436 -1.10784107702734 -0.522570692557594 0.62169253460986 -0.1459244900404 -0.259545561797848 3.63759208314171 -0.849104135491935 -2.03128424108129 0.392169789217495 1.87939357631092 -0.865268337939008 2.0710780761813 -0.624431508903234 1.17071317083253 -3.13166039278046 3.36549187721962 -2.57189692848152 1.4635671227634 -5.13043438615617 -1.50385245379925 5.33442390921886 -1.6253897352411 5.62999006610604 -0.623160279067641 -2.44861019565554 1.98900569613751 -0.293491506933884 -4.67197739329157 0.658461750847428 -1.72896096275807 1.09214952563702 4.47379874709278 -3.77963139458881 0.80956739967287 -2.51708384235844 -1.65570042299022 -2.4877283088127 -1.95852075530616
"523" 4.74678727689267 -7.35466539600683 1.49371503025032 -5.82444542043096 -2.33636780354306 2.52432182513333 -1.72324464611903 2.77891801386738 1.62279586863911 -3.24583165143357 -4.77826775908526 2.86383395399641 0.125647347510475 1.38328579529706 2.68568298305166 -4.84556011794699 1.57574402033811 -0.262705236504538 5.87896948107038 1.56674960988115 -6.23162422083802 0.635306126058045 0.654481131193805 0.131147968580124 4.56057687999658 4.46761753383508 3.83246118320501 -0.924092142719605 -3.49669974096311 -3.40540682658859 -2.99883942698836 1.43256386076591 -5.15256470072211 0.151263523440265 -0.814705745331966 -1.72043801609975 -1.153350631755 -0.509065923880262 3.82889937544556 0.988015966738478 -0.0372246404534817 -0.0389162770350106 -3.23877656195634 -4.8278080196842 3.33823663075438 -4.24859784529461 -1.25909639938077 0.995962427213859 3.3911253764278 -3.93832646554529
"524" 1.17095970239712 3.65788666510628 0.191528074564719 -0.328070074913561 0.255245955227896 -2.20843148993238 0.232249817174354 1.54807559603102 6.7026847836543 1.55518592989898 -0.093934002769776 0.190449838525368 -2.33030443198545 0.315701297330332 -3.0835383068428 -0.925737349453094 -1.30070327260394 -6.32880043460053 -2.04315601411655 -0.222529285961504 2.41169196569933 -2.59680973457273 -7.23925367548683 -1.02580929769725 1.09424467051589 2.74204883578119 -1.86348737369325 0.763146833816782 -5.02288696371869 -2.2121387907308 1.43688835317985 1.3056317778811 -0.158501682863685 0.761193296902497 -1.52062194858843 -8.89447300502237 -1.9971705392049 3.73520764479088 1.06085904616251 0.913962912323736 0.185062411468206 1.81574189153873 -0.495725027265908 2.53025014138944 2.68623485662886 2.15578162657156 1.30146466450184 -1.6619076927271 0.126886956844786 -2.22342908664176
"525" -6.35911309943172 0.172546644286572 -2.55975497493568 -4.06844266446336 -2.04585028746644 0.82979923264077 -0.701723246016993 -0.645531412782116 -0.241675086982246 0.119906595732364 -1.88618442618677 -3.19010907242244 4.33666868757191 0.846698712903691 1.47409819552233 2.0815162037648 2.14776919125501 0.163049435928097 -3.7585334200954 4.13636753454305 2.57706615940836 3.71272080003505 -3.96524313359065 -2.87908073401793 0.416313997068266 -1.57117972225482 6.29714423801377 -1.87446949498803 0.636501173882507 0.674709686564979 -1.77736234482721 -1.79966043118249 1.66999371206881 2.5038660066938 -2.77553919153315 1.45140459089373 -0.59354491055053 -4.03535420230785 0.693363417412369 2.3805613938128 1.30132018872672 -2.24685318187846 4.14855835302336 2.58582521501457 0.217295525956764 -1.68780533681216 -5.94346543898395 2.41093448731767 3.78017252819228 -2.90077409707372
"526" 0.309430842688169 -0.468874378057336 -2.54313152001144 -0.491332864448103 -2.20121623393549 -1.20616772616666 -1.95256254332834 3.89013479469871 3.33537324735238 -5.80953115009127 -1.29796823540809 -0.198895938094322 2.4693293893268 -1.54429928004294 -0.50617363653372 -5.90669932663129 2.5613449313439 -1.24377028472721 -2.67919140890163 2.69376777879416 -4.3066300218126 -0.160589624785173 -0.360410858926793 1.15311380478864 -4.29741117419716 -0.94565235548481 -1.47818357110467 7.43162595463765 2.1670870013166 3.33105791750439 -4.60684910890309 0.98775366652357 -1.71708369881251 -1.55151760889901 4.62657435362695 4.70297608991594 0.786008971689322 -1.18398225903832 -1.35165144813408 -0.669618275925014 -5.82941660840252 3.42987404275466 -1.70050291945279 -1.07189299581735 -6.61243922520807 2.19958042496465 -0.762812244167612 5.5862583229843 -1.47361824684596 0.128488769586144
"527" 4.81384590238128 2.28627009249995 -0.540501351085317 -0.590965926370042 1.36429763772987 -1.06179898875482 0.648928681027535 6.55985001381389 0.262614092576158 -0.273726318073375 0.995880817586263 -0.334805194223014 1.25246860340362 2.54695867107933 4.04771422879877 -4.14933251992531 4.52910926618141 -2.09376316645874 0.434785008145769 -2.56302368925231 3.64716536927427 -4.29580718123786 1.2546180912423 -0.379452048776512 -2.50298807499199 0.330469258022765 2.94106317737106 0.474305625929581 -0.754587280916154 -0.502785211937934 -1.59280854272624 2.25646224418576 -4.11090852639932 0.963626323811497 -0.269524628823102 0.598309326553201 -0.0522589675068576 -1.08642163867996 2.58413898434525 -0.584370501057506 1.38384880619305 1.41812810538201 -5.07835224960455 -0.0339598605937359 0.191118720373837 2.09290665634971 1.08789667273784 5.74301139392199 -1.58469216296847 -5.06012284368991
"528" -1.61849856173649 -2.10493863547436 -5.28777328297546 -4.44346890706943 -7.63190412430209 -5.21025084372226 -2.6298617328463 -0.837198264041903 3.62016490958137 -5.10764863033283 -4.04747722579632 -4.22903229688031 0.646672884779785 -0.249495876245741 1.26231294745979 -6.89988403837684 -1.28541509637141 2.38125422763255 -0.0988401978082941 -4.75704198537805 -4.17918973597449 3.39353164746759 -1.35360533731664 -0.210533644177021 1.66593634450944 0.64378111646505 -1.02651418806062 -1.95127892782433 -2.96960805626971 0.877009805697564 1.76711017747799 -0.987887071515978 3.16763473744617 1.05016188681749 4.07429791770488 -6.12746852487287 -6.41798612821172 1.68087421982868 1.96105952404645 -1.49675985662217 1.97129127031003 4.33917385790509 6.57039573599856 1.099503105927 2.51615053758641 8.75881498534623 -4.59588505037587 0.103039072785112 3.74058263960939 4.28737845530211
"529" -3.37356699687628 4.91535083251735 -0.148702972547321 -0.93469958560513 1.35432750139696 -1.86290259081027 3.47242279825483 -0.353502159379781 1.55196233872674 -3.88530185397181 4.38539385732917 -6.56885199331611 -0.173759390615392 -2.85342197047443 -1.6179536808104 1.62218051847645 1.84021184566487 -6.21796366643511 2.76569234018255 2.74204911188081 3.05416632078752 0.167417619960125 -2.40992020464322 2.42406609041101 -0.696221073200538 -5.74688954987655 -7.019498474004 -7.37044373287447 -0.918583392747071 4.76559613014266 0.438474259186962 0.17570163571751 -1.7197162731 -4.98906024873432 3.66896383722677 1.40285166509923 -4.57715477700661 4.46006444399905 -2.29403877349021 0.194683373580397 -1.1115804394001 1.09614783117755 -1.05108462473296 -0.930135625388997 -5.90090723704775 -3.52451508269327 2.17717984239895 -2.04472255359608 3.21397126480236 0.170215352456267
"530" -3.367967125796 -3.87329798560664 4.03961225032505 3.40229236970243 1.87987193153493 -3.3028528838181 2.21540537140527 0.0925035394770259 0.833217980326702 -3.40521851627234 5.32385360214874 -1.66869359259183 -3.83026797856933 -0.140989571013649 3.63154275644699 1.78858082281917 -10.0063326060448 0.481235213124293 -0.246578999933848 -3.62024282470447 1.68101625814975 8.16808159996551 2.31979305225938 -5.37009768609167 -0.632325087732252 7.60721556181826 -3.70790319818629 0.121926792434548 -3.18655406312456 -2.35229271241294 3.08335715451682 3.91976005756733 2.35284298802689 2.20867269590144 -1.00077712693417 -1.15023872924533 0.0204422252628516 1.80941319163968 -3.123548734734 -3.8138348762925 -1.77328276619537 0.811835423861803 1.41503115242153 -2.61158312014724 -5.0684664618401 -4.45742667979418 -0.457444650469274 -0.892428412725679 -4.18296751988449 4.67344043281454
"531" 3.42179325256636 -1.17475745125048 -0.0268168013414787 2.76093023601711 -0.451859267336638 -1.44171521175632 -1.69101247481587 2.99070888352841 1.42138011291997 5.23059355344139 3.87297454438949 -2.24674165272485 -3.34662540449278 -2.60761537973049 -3.31786174802278 2.27225531933903 -3.6165451743723 1.35026417187932 -2.11986605833062 -1.67051147980852 3.67856834950848 -2.00445286376909 -1.35748887337702 -1.57983315981052 -3.98632976055642 2.56168101836169 -2.76770786876341 -0.544522648520631 3.86818579489397 -0.175326959740275 0.699528853581691 -2.37197035878218 1.71985466981512 2.15541873215865 0.347272730388878 1.74515247133227 2.02321916166845 -2.71923473578665 -0.787792776861837 3.07213000449669 0.233580966269513 0.137038057420057 3.89421698748678 -1.19080647121452 2.2278592586563 3.9851251742613 3.59006367849633 -0.394272579581321 1.65157185673022 0.000202063261217668
"532" -0.0365567181438193 0.00152862278362593 0.39610973887534 -1.54369065557505 -4.02723716222354 0.95712649800084 -1.74045164483575 3.0806479436658 6.47273912403884 -1.21217461157735 -1.0531619193131 -0.969836091865775 1.85611560018714 4.726304680094 0.262163810149288 -6.04222579139532 -0.522109836561264 1.14724563185706 -1.21228097744942 1.12883922265321 -4.34756195460452 3.5450709972456 1.0282612367373 -1.4948677826296 -1.14605122945921 4.16299809343153 1.65272923319118 -2.93172112395574 0.67077921149602 3.77767960131912 1.06810996649173 -1.36076069882627 3.22662740565368 4.22862771604193 -2.55696466951667 2.11318883809138 -3.21189665483279 -1.88477424162442 0.330678730206645 -5.07005156007583 -3.3889550549966 -0.451722816776093 5.75006765107491 4.53986255601527 -3.35780300374407 -1.44996659360223 -1.71531907658032 9.02338317597812 0.979582969398256 2.28042570074963
"533" -2.88148339597426 -6.73397826509377 4.91682100256975 0.545756066441578 0.0839051963915909 -2.23502166846115 1.09039882029691 1.48178774851873 3.06325298346636 1.41546688889673 7.99077505691514 0.999621218636089 5.38182213453609 9.15263267305646 -2.13157529661693 -0.224117824139445 -4.20776103785705 -1.7074187014644 -3.42855058637284 4.50337879119169 0.970497411892092 -2.95628504640837 0.205321442286033 -1.3762540826259 3.08108187011797 -4.25144820892123 1.75925296123565 1.8922156137804 -5.87896524978937 0.217486140645851 3.22313667502903 -0.457807231709748 0.606521680072365 0.716713235124566 3.05149623551495 2.08208266373859 0.976333414995573 0.9557094894936 3.5424566313739 1.50854338009627 1.34140187848917 0.529103364467152 -0.0455087406826995 0.827852557265503 0.357669650869275 -3.55370628180844 -1.75286210387338 -0.990930808796146 -4.58836462688431 2.35326235343976
"534" -3.35068975262328 2.91068214033883 0.121288324106248 0.310434780399228 -1.55493351315492 -3.14750199166689 2.63489451181281 -1.14869972775083 -2.11048908827424 4.84101878027955 -0.714102166520697 2.53066035644109 4.28099129680655 -0.739551277574574 -1.10735356646143 -4.0250639014386 3.29005935435021 0.959650639495876 1.50994338429473 2.13550128277455 -1.73928808939722 -1.20035792348392 -4.2594183314024 3.84280298508421 3.97693190555786 0.62824486762274 5.24292203758563 4.7919819767396 -3.33045520360859 1.02417590577887 -3.14112213324739 1.24460999214289 -0.000946525051524422 4.343142210881 -0.193286564778509 -1.79583152948043 -2.17178988920948 -1.62358271490727 5.94457967558517 2.85696888153454 -0.259486408957395 4.1268641289311 -2.08004450510372 5.09038835381343 0.373865491036147 -0.550025894772432 -4.64940513189592 0.162972763774896 1.22338526717545 1.88363543348284
"535" -2.88053787344986 0.95767501482452 1.6487490000932 6.43604883615863 -0.777839693049693 7.13249374473149 3.69538466543953 -2.81860785120456 -0.925596214302285 3.45026472688037 2.05814012609905 -1.34314551694253 -1.82643730290383 0.371316818543506 -1.79128314169415 3.63498574474267 4.5101106488182 5.48697200445479 5.14014270843664 1.019472578233 -6.16988742703809 1.30011762187441 0.68139996904232 -3.33045601320861 -2.66151516425552 4.56604340751603 1.57841002132027 -0.0471860911028284 1.09176230860504 -1.48535532183207 -6.82165833761585 -1.18551280536937 -6.36497934598107 -1.05673632586132 3.55367443980362 -0.8494373027081 2.89203662901493 -0.549860395320213 -1.38050988336857 1.50520204618889 1.06560221847115 1.46556967290839 3.74214531761689 -2.76817344128055 -3.02370675506136 2.50088942206049 -0.45809501262481 3.65226646755311 6.25413976145002 -1.43128969056853
"536" -0.122311826360292 -3.25008501199617 0.232327714698961 -5.55604798695723 -0.269865289334872 -1.66324147236224 3.04647467433617 -1.49920111440814 -4.23822227248192 -3.60886318328044 -3.1726256651753 0.958708520704079 2.2024810400323 -1.20594368711128 2.81156024653586 1.77385403939562 2.17587401688459 -0.582882530112352 -1.4660186265577 -4.60425597062106 1.23590486105909 3.1580269493242 0.108499545691764 -1.08293940118008 -1.86618251122279 -2.10147825060288 -1.25951960760383 -3.84366303737825 -2.36439849761211 0.887836622099037 3.7748677169632 -1.49195542335171 -1.47101820443324 2.46412607121088 -1.70964007205983 -2.5787808457059 -3.77967255708151 1.29428357404209 1.82987940333271 -0.197704316826748 -0.0944108873724446 2.10352569897536 1.05635193199751 -0.742269665353433 2.11327721903171 1.99087216411761 -3.28921146329685 4.36522762230582 0.766484788029301 -2.38364105904302
"537" -1.51919349724434 0.965616904993682 -1.85209989380348 -5.23411716459421 -4.62420304859112 -4.3282138627248 2.57462431356574 1.96145096597984 0.348951788934141 -0.23026300697337 -2.58662397407875 2.03660370214848 1.2123134228431 -1.32490340377596 -3.61936660934031 -3.8042732131592 -1.32224204499881 3.90181471776215 -5.90623978195424 -2.11060458856186 -7.56274118913712 -0.913010523185241 -1.66108065873914 4.02648952312783 7.10080757075899 -0.521956430930245 0.459601791151632 -2.73054558672317 -3.63730261196375 1.04072990328018 4.29554313708265 2.55522295668288 2.27943425009988 4.54102823736228 -3.51278928109829 -1.52999787751826 2.25909636337684 -6.29490470930268 -0.908635284147743 1.37007694939392 1.60465440691887 -2.96567740174591 1.51331376416628 -5.47540229080871 -2.13365091774024 1.54504365880125 -7.65606353726981 -0.0426866354018975 -0.323031444951455 5.2618237368155
"538" -0.506992897580489 0.612210856556304 1.63683298027872 -3.54425031958388 1.40372156190776 -1.64885735647812 -6.70722390828798 -0.18055950694494 0.498925462387991 -0.374361018667975 3.80470447013089 3.38350379945226 4.26403910225717 3.10667766306654 1.05964754463118 -0.762171244557245 -1.31568768974534 -1.03325474337288 3.06798632535903 -1.90789415337385 -1.78782155145164 -0.750594424496184 3.3483138342546 -1.60525005744518 1.05825190886119 3.60433325786625 4.73001102518166 1.06589518016414 5.26595041616256 -0.371738499824911 2.11579350101099 2.28561428661136 3.21187985621863 -2.0417785818121 2.84489376141854 -3.39637519376558 -1.76761211233705 -2.8154273440698 1.17284205716111 1.54333719430065 4.26782967061832 -0.560679078723907 3.56321154382199 -0.228529789230426 0.690892287418129 4.74403179131333 -0.0726247315401245 -4.95988080826789 0.916548503880588 -0.678236663574637
"539" 0.669687242015296 6.9032932277301 -5.46858729387383 1.47818629761691 -2.00336319542364 -2.3112829465378 -1.36548199525962 -6.0267495387023 1.51859873914545 -3.08615901013351 3.71581466704336 -0.558778293661828 5.86215663512388 -0.251555674826605 -2.67560631935601 -3.6254358016461 -4.07655482810989 0.230172402505918 0.805817031237046 -1.07165016791459 -1.59383262617389 0.248948030691393 -2.67178835686346 -4.30356931707444 3.11770429234155 2.51340811125246 1.64378930452452 -6.95208221814666 -0.212922828059145 -5.80558929005868 2.12078096306002 4.03921311052431 -0.687786057623913 -2.96408780926595 4.55971954558303 -3.52485000546849 -4.12782132354389 -1.70009635714743 -1.70513849588997 2.50439244609443 0.249541232070231 -1.811471856736 4.13957823563575 1.64608492274325 -1.83004265620315 -2.21446960198912 -2.1022908126848 -3.5774788326412 6.27400327540116 -0.489143508571566
"540" 2.9900560251202 5.61219818864301 -3.38970580994399 -2.64384163813354 2.52575264160874 1.34395814428399 0.261543899012687 4.3970313213471 0.951976064964633 -3.03142110284224 -3.10491475115013 -0.551979930349116 -3.04679830332465 1.02206310902554 1.76460331839137 -7.35543703738879 1.40375490859261 -0.212389904057217 1.06111384058019 6.34717737830264 -4.27135820348073 -4.69506450601857 0.259527969071567 7.56032756365598 -3.80820998178409 -4.02687649882812 -2.34579742394532 2.39351273194335 2.60952117127353 3.05209590772331 3.28291250896098 -1.43954239336759 3.26116335323697 0.23304706923219 2.68129950335236 3.69809962247487 0.318626100939877 -0.407949940339591 -1.5102874654876 2.72692345184454 -4.82628032301892 -0.91290730793862 1.37557292189099 1.5949111262923 -1.64560165605882 -2.17728543338711 3.51554219460132 -0.435788788788109 -1.12567560925711 -0.504840005254723
"541" -1.56379988019197 0.885750503676303 -1.32479687274602 -0.723032414091748 3.60806387358688 -2.97921391284489 -0.475423012978359 2.67306203126557 0.423654490757658 1.88631558469572 -1.7004021773363 0.526021741504689 -0.240013913001011 -3.64613447781421 -0.898921667135034 1.07839804188809 -3.66606884489355 -1.62556719199393 -3.63601564620979 0.712358003942836 -5.17438245653463 -4.80651149448062 -2.69980468513151 -1.32204555270914 3.17335257653389 -0.996631081155553 -1.5870396212762 2.19403816095667 -4.10018779686901 0.191465221677971 1.37319190767697 1.27986890399619 1.6417810916453 1.34676170181968 2.6708296659156 -1.08277218053563 -0.503500145786239 -0.53852945809332 -1.82455163512819 -2.4780380142344 -1.36894562656837 -1.76285432292324 2.79806663258898 0.316009710166141 0.301309791618542 3.25969265794064 0.609392545266904 2.68232785269491 -2.50068402321617 1.2868600885582
"542" 0.610542963799457 0.203393801608149 0.238467058894876 -1.39683423119959 1.47801336053195 0.447719045150515 1.8455585965716 2.88889577080167 0.146401927973342 3.0257782413384 -1.57627261549911 2.18275364404853 -6.11632465936165 -0.534387301299972 0.157624910386392 -0.463558386809714 -3.57499864562504 0.892290311144468 -2.94578229930777 -0.293124267046097 1.73441350377395 1.12372996516827 -1.42151469969312 -4.02201340681414 4.54746904229407 0.526030867904188 -1.02334679539781 6.18026087365978 -1.65959104425729 -3.69404304941004 -2.11982247038899 2.77991552283958 2.95614506254126 1.26576297179268 0.280200470510416 1.0558435108185 -0.832110568095247 -6.86653564915401 -0.633324577136144 -2.99557254034833 -3.42426898313142 2.45781499237375 0.698215956792459 0.329054333503005 -0.0645019868881741 -2.95872531669982 4.24571672949121 4.93854197039826 1.32608948700757 -4.02014872695217
"543" -1.51387334262018 3.1308817591174 1.15786515575204 -3.43121629969856 -5.98848924047628 -4.16234203265362 1.31630895352607 -2.85810407928445 -0.888034595374263 -1.39008221192138 -1.48040674727235 3.30254527731964 -2.895911852729 1.72518268553378 1.03784169386075 1.64589751915513 1.32594799131817 -1.5439054275613 1.60131184305536 1.04208015026333 1.95591481544061 4.11362025411866 -2.77095310919941 -1.17132037386113 -3.07988714217158 3.27973658677639 -0.0046051748199825 1.27337665437843 1.72609029433237 0.12052124885138 -0.976579679560316 3.53438187240033 2.36884526024035 -0.92778554963872 -0.0164403072519368 5.98781426363425 -2.9500400449475 -1.56569054833836 2.52110901257171 -2.18062421708797 -0.875153056681819 -3.65829088771642 -3.85919830544293 -8.06236491628731 1.14059886250506 0.553288385189896 1.44247011722483 -0.402903326837823 -2.25961003065037 -0.33522198419765
"544" -2.88015712823822 0.745292501982841 1.16437049877835 1.8157591915505 -0.197503156655122 1.6001581473742 -2.1619328919964 1.01458704126753 6.67611582122604 2.34362240633618 6.5349235755021 0.284215142867298 -1.98288684556397 -0.848999114439943 -1.79258942026187 1.89685105706061 -4.4714452999284 1.1215980457766 -0.086422561943308 1.62511633072259 1.27343914164125 6.85612145096857 -0.415055108981785 1.24459905174265 -5.7839131278987 1.14149465119683 0.493116430911046 1.74225098057115 0.80554081348474 -3.13750839613979 8.45159464137327 -0.152221299277449 2.15218604625652 1.17159571598234 -1.15676919955664 5.10519575999809 0.948815253900214 -8.07179333934321 0.812348379888738 -3.3647326508235 2.50479572725168 -0.905814171771705 3.94377173701183 -2.97867788087109 0.805771184904281 -4.91136437214752 2.31197660901268 1.99391559395494 1.67857762660901 0.384073311737504
"545" 0.788544719934099 -3.02096445227173 -2.69054690640531 -4.3017108851627 -1.86572598147694 -3.482721117299 -3.54134441817447 5.8802714909311 2.59634321756564 1.76115479057849 -2.90540815064083 4.90614432265141 4.44015684303109 3.3136880344014 2.43183807237536 -5.70144739035303 1.71485486615974 1.58062150366248 1.00513680031494 2.05130815279245 0.483393250184591 -3.48060235739386 3.45354401897344 -1.67888770353139 0.941260710632445 2.96590551765458 1.33773501672582 0.648203411640534 3.85309858970609 -3.31415072158 3.82537686065931 3.46257393513127 2.82974738128865 0.657754174610813 -0.285471061705229 -3.64464334087299 -2.13230850063196 -1.66656005302413 -3.50078946215539 -1.81993043218719 0.462635365279328 -4.59692762396432 6.01138673302859 1.43452245742201 2.73885561096215 -0.184418199062328 -2.24134481550936 -1.45679627319566 1.50354949407363 1.40219604612794
"546" -6.59689267237391 0.888834587075843 -0.885536777781996 1.60796983403031 -3.25370089377514 0.785159264289959 1.09143525995257 -2.54145568832488 -4.25232113298302 2.18978539912494 -0.169267274981775 -2.6123812844213 -2.48224403091333 -0.48103976849847 6.30046515590505 -1.65319023159231 2.4834094726157 6.3804952671138 4.90607408523436 -5.51438251830212 -0.49851367660758 3.15303076461163 0.266037188018536 -0.930016995175801 0.00623359093432172 1.16518388189843 -1.01874680211689 -0.282880513450102 -1.92042665974388 -1.21601764098794 -2.1773827421199 0.20935141517809 -1.954220527342 3.5559843023892 2.0230546465033 -0.866639558913386 -0.485350824630999 -2.21149824834087 1.76529242886319 -1.3666479903635 -4.07625021045799 2.35830076901907 2.22839193636226 1.55148431942809 -7.21652134821171 -1.85492515990759 -3.18271565507952 5.36090864414281 1.18305168618826 -1.80500381051505
"547" 6.04795193073428 1.82326944404448 -0.538493888924295 -1.2952495700554 2.66592113130997 -1.34017054803409 -0.516306817024745 -5.37007914339797 0.650242281508381 -2.35523186323895 -2.2317129162662 -2.55247425736701 -9.08724866356375 -0.944285943588797 -1.69906627130545 8.23354736427084 -1.24993410795155 -0.00801557329387965 1.68991198932195 0.42109016712113 1.3734084194947 5.01642640730053 -2.28755391412673 0.854653243963468 -3.44053528385437 -2.21612415550605 -5.99438980608603 -1.23117017796856 -3.65807604450705 0.0967331462194739 4.35952679435891 1.52207220540935 0.433144435671957 1.41212256055808 3.49675526864768 -1.49419688175554 -5.53959055594891 -8.06220783797762 -1.85170439060034 -5.55636018843526 0.104731296763736 1.69395875853561 0.136279506580018 -1.52534025467993 -3.16866868961423 -1.63073442989708 0.22963755963438 -1.35583096818167 0.00568215463662657 -2.80610118094211
"548" -0.616759465321094 -2.36339194922346 4.09321664490359 6.52531148771423 -1.50122183053108 -0.885022301488107 -1.62616269103567 2.14540742734874 1.89430106683732 -2.23504834031359 -2.37848658896693 -3.82093923740871 1.35107112328454 0.646183986578145 -0.310128284773335 0.47115388109879 0.81241423863251 -4.06006826699272 0.912159827774653 -1.51859189297733 -0.264746066103898 0.793659513958122 4.26601990428076 4.38811837112729 -8.2520206275127 5.34980395939425 -5.41580539059527 4.32969349804803 3.55081200150609 -2.41069616048894 5.06759135451818 0.572137821330708 1.04076691257576 -2.39213573297743 0.145766379653483 -2.68694902727946 -1.90856036117487 -0.831090537748535 2.28117028657065 -5.93185654976619 3.0339222514367 1.84010007145537 4.16392896368563 -0.203601811925128 1.36753760924383 1.54019902562329 -1.14184087556676 2.08050687555535 -1.28257338090967 2.1200592123392
"549" -1.29804730790589 -7.82553151673439 5.85447849398843 3.15220251472137 -1.78961354970796 -0.262939535498852 1.09721370071123 0.962237993184442 9.40846821174937 -1.36174288209021 2.39478038789308 1.94911964116174 0.433406296859518 8.87482551738058 -0.185023137298027 -2.9051829443026 -0.0874180462192661 -0.000473714028013775 -0.116326659614181 -1.03407563170612 0.0791661295309071 -1.345054750277 0.544940464508487 2.54159649343774 1.25315164753644 -1.85451090075199 2.57462225930529 1.00166952572838 1.45240424346243 -2.06732527181906 4.44432440405091 -3.57528877875855 -3.04924365583076 3.36021031827679 -2.14684034784088 1.71148773522847 3.32436186118194 0.389701248035829 2.6484178256403 6.71919178592951 0.518590987969103 -3.68525482696361 -9.20627655079645 -0.488377275000457 -2.52887734626411 -4.29482856057878 -0.300312167650829 -0.847489888059077 -0.933114877556301 -0.0527926024403467
"550" -5.71851317956618 -2.59005342063177 3.08529780671216 -4.2371146885865 -0.3934854657696 0.474885807536453 1.48486581994625 1.30139389675645 1.32308263882679 4.87308619736862 -2.68863114559852 -1.80841541185274 6.44419160098066 4.17784059087386 2.2869565337106 -1.95078330264708 0.327338274941133 -4.32823724183799 0.19327364125781 3.48374051726172 1.96092730513784 -2.34342399076068 0.75958934784046 1.49410337010833 -5.92359612912735 4.62768713555933 1.93854010478517 2.73328210203749 2.37059852427307 0.880934107589862 4.49222982823305 0.528173285806321 -0.433344840754894 3.14347137461976 0.192248889460176 -2.91490513273413 -3.40071364818764 0.857651318574628 -3.32185746165427 1.74570219167957 4.44809962251314 5.06397721558641 -1.22410643444164 -2.72031896537481 5.17607640221887 -5.07598262993372 -3.03590414991937 -3.09960681282726 5.24209598187354 -1.85337334289389
"551" 0.572492760988459 -1.09236391637464 0.225381545457506 -1.5456663036533 2.49729741193294 -1.9962476291364 1.74271184133397 1.38824797963009 0.576776621667109 2.96864492569494 -2.73978021628587 -0.0792625292301502 0.496106363912816 1.0579065755268 -0.165213197984048 1.0043559730621 -3.03677128071736 -0.678780828680043 0.359385876886323 -2.30595901618914 -4.6048940602896 -5.05717536543439 0.114388521846479 -5.73933621245813 1.21276728816077 1.48212692826836 -0.565482854587954 -0.478317761631484 -0.375049768667491 -2.44901364774116 -0.679488512966403 2.69778437239841 4.27498570510522 3.78621207291475 1.65569471512428 0.0201226287901126 -0.407754690862437 0.757266111306116 0.865713443205908 2.38237985840691 -0.144422711511006 -2.09153138645355 3.46805490592659 1.00050144750872 4.98469136464577 0.841694020618857 -5.01119670182989 1.45684330101414 1.14787402108594 3.4732873567295
"552" 3.56033350584733 0.695166173156544 -2.59439606818196 -6.38815489210037 2.85749264963611 3.90639353539406 3.02317357243062 0.71957255510203 4.81311790848033 -1.80966842749258 2.22413203517442 0.122624452037899 5.23556745966004 -0.196026420022792 3.01077877656346 -0.628299768128791 2.61714863892743 -6.55315902504988 -1.90844147212209 0.33716546979406 -5.43293527757323 -4.09376318960692 -0.365845834127797 6.03886841468976 -3.38742384068169 -1.2490830353473 -2.29560357999939 1.07229194203056 0.452267852192237 5.27417011605057 2.73555613649722 1.16458133098592 0.391320088171614 -0.273445239902211 3.20936480746201 0.210301449862826 -1.20699321325551 3.83612103570479 3.21408391238309 1.43520723319895 -0.361165742083088 -2.30077747702972 -3.5429694331333 -2.51680253463698 1.88638245664574 -0.0873833934646144 2.06851353969801 -3.99242728458862 0.654283842234999 -1.84755008961426
"553" -0.471406775151073 -1.4082648118231 -6.55436918922998 0.672862180897443 0.308316645174258 2.84364646002697 -0.423935983033298 -2.30315173785614 1.54401937673089 3.03264859319557 3.14609227485377 -0.786345702672638 0.504692718353862 -1.98958298522854 2.09621509833455 -1.84839144827184 -1.42051073065285 0.546653741322509 4.51137017663522 -6.01672653453422 -5.73825603564406 4.16397174946473 4.30325299029211 4.88910759674928 0.266219856317674 -4.96584118566913 -0.177123525092568 -2.49232329377552 -1.30676557406665 -1.26050015766633 1.53689008216286 1.49192394628757 6.53313892824351 -3.30787355358519 4.74531820327623 1.99648409180806 3.2601606545038 0.556589632504641 -1.930967410373 1.84260150919572 -2.50827410392083 -6.13851934574901 1.55499654241654 1.23879075260774 0.324550680541432 -0.586916517134184 2.08513363634713 -0.163010931403217 -0.835525948279866 -0.853327747203199
"554" -5.19126195396886 -0.182715741330633 5.06362408645799 1.37750207689495 4.33378698275001 -1.51725879874144 -0.0020430771837872 -1.54565803396918 0.379834339799438 0.332400575052881 1.84006328439682 3.02328114529367 -0.71688231859881 -1.8781916249127 -1.16658701761589 1.25282527211329 -6.42740090745408 -4.2336131262425 -6.96935765110596 0.20197926949367 5.14020733998357 3.41415160092168 -4.00953594995387 0.478220022060159 3.02856581715556 -1.05201146901125 2.36095208386851 1.03485909711828 -2.53962660863196 3.7786274150916 2.07011628710803 -2.06740239641454 2.95651413604285 -3.66002394752662 -5.60418108867591 -2.25657369975516 1.56349524211977 -6.70720790014692 1.88344162832542 2.53686054240027 2.92798159619351 2.9527538594115 2.88611324964886 -2.93605081273765 0.877805817951661 8.79192401243229 -0.209194005803947 -1.09344818856726 2.75221413389175 3.00020449483012
"555" -4.55801802586899 2.88806636478785 -3.22164196068482 5.39631668336971 -0.352820785955262 -4.72792559500795 -0.860197978887055 1.16710341795805 5.44363698611213 0.576775679500628 1.06734225104675 -0.815744955158422 -2.72914234155863 -1.93987246378212 -0.612325338514443 -2.23083849233614 2.40866307305661 -0.642649497943265 -0.0331000856626246 0.700121134454265 0.838807143975791 -1.33803185764409 -3.53988324524802 -3.44294608913617 0.0676358249958696 2.21286708706549 -2.6295360328276 6.60256984377478 0.0303154032158891 7.55375439534491 -1.87363364522028 4.98931674864946 2.21953719265612 -2.08668859269834 -3.71428985408937 -0.635713083672778 -0.467914997999485 -3.50935161387198 12.8426470275373 2.6880392439174 4.71286463333841 -0.585487720330917 -1.90201842964859 0.0886695942314096 1.94212062500168 2.75430750196672 -2.52791891350334 -2.83630040248871 -1.68737104967292 3.18980621916965
"556" 0.955340504021913 -1.21565922101928 4.3806369298254 -3.5960139732266 -0.989940736935418 -3.25257654815736 -0.590330583683346 9.75847530751036 -0.422591426257704 -0.565791450332456 0.151495136020926 -2.40157997090985 2.23842955979972 7.45330181196644 0.115867463879274 0.721208262660576 1.56642571596704 2.19363168046036 0.421831180305737 5.01356450638033 -0.5774895480119 1.60415502835535 5.86985905350257 -2.95243340792548 -5.84220084212576 2.0932990771875 -0.536848228334564 2.93159646794911 2.49524220789245 -0.162696585730274 1.65224549474097 0.129768563219327 0.0292342543060903 -2.75114079737466 -3.5533909745687 1.26087681253602 5.78122344044677 -0.242166213301572 1.48035333877283 -1.65404532121936 6.0521232271229 -1.67637562839523 -1.94421866383613 -4.41200064240681 3.16784073745546 3.23192719433349 -1.21408592005062 0.64717942534937 -0.233652571525091 0.958211945983738
"557" -0.351569741067087 -1.72546961792231 5.8015147804801 2.23260047654521 -1.40390906113071 -0.259416836540077 0.186615412318874 -3.87377242259439 3.14118224841076 2.87960569889032 1.29752613216178 0.504034268860829 1.30648389297983 5.7289957657769 0.363387324780777 -1.67242417423027 1.26264841230447 2.20183336865158 3.70815779376518 -2.16764081928588 -0.446983560841329 0.59736451687928 -0.0217031690857933 0.572228409576145 2.18998084022576 -0.601601795582717 -1.62855530225506 2.72226070399872 -0.575293176684012 -1.75740981604098 -3.35973635045578 3.44537541184495 1.28977257551177 0.150506773048596 0.225470197481649 1.37626533989595 -0.0519178588168991 -1.43767696593766 1.54407642309057 -4.39788679410224 2.19401185799743 0.0854926406000072 -1.50395147372719 -2.55407586955046 0.411030226396736 1.87676139387492 3.5870471383387 0.899277989364078 -1.48093581874482 1.2723677987154
"558" 4.7675274085709 -7.4404881840519 0.2494322839633 0.282386931518087 -0.508192294384346 3.55293332365475 -1.87963560311663 -0.574074256428677 -2.22008891793836 0.972392770201837 0.585325919094972 1.12419025973269 0.990534303871805 -0.00598495241875553 1.06513667849273 3.70916552860717 3.19132763060939 -0.87169989409853 3.55144435262775 -1.50363080079236 -0.698487527537254 1.37727200732054 0.161121786676578 3.19475526327947 -1.50171989824337 1.60931171866789 0.00924492329292944 -6.39302819300146 0.815739402253324 -3.65022994550747 2.93562969301713 3.75691981443709 3.71820168390457 -2.39342270718171 0.609502673550261 -1.7906214092888 -2.8128919896765 -4.36270098411713 0.818666854004655 -1.22900569811428 2.61665883521935 -1.64822934143326 0.779050807078172 1.05415652863277 2.99691740515368 2.64962238460453 0.769168736287243 -1.63772751216361 -0.0999505676715273 2.14133434444748
"559" 1.68656012874645 2.08110879403631 5.04918145842734 -3.28207651526776 3.73512820164913 -8.36277452711678 -0.305276180965983 2.76195772289059 0.6595328108695 0.839197689824765 -0.311890618562158 6.81155999987008 -2.94689613151706 -0.782969584882481 -0.820666641568191 -4.91456507986331 -0.503383857204383 1.158849419447 7.66278754971463 -4.75894572196843 -6.11129004652583 -8.12276364967189 0.108819410815996 4.12926394152134 1.40637274389506 0.693662551956619 2.27498201734349 -0.776827824767488 -1.90365533843474 2.29218752157558 -3.34884191794129 -0.283636483731141 0.210867511744633 1.05742873355113 -2.27160256204349 -0.329544502297852 5.20796714853769 1.23542249575824 -0.82682960243323 -3.14316607224122 -0.572145530349384 2.53514519986907 -3.36407223128926 3.86467908176184 0.864762427231494 -5.14081086583218 -3.44029293345282 -0.582255390818109 -7.94379696546949 -0.844723753003949
"560" 2.651488393516 2.57148885185494 -0.726380700336098 -6.57373270766999 -1.44460866235127 0.230084864130859 -0.296566410935367 -1.80585467605718 -4.11803843894315 -1.43496949214344 -5.6472100963017 -2.30757084904087 0.791817114502773 -1.76506598755727 4.05050943310447 -3.01003458506544 -2.53837528984893 3.00600458284082 -2.84405054747773 -0.848099832961188 -0.550237124903625 -2.1262909409665 -1.19556641893658 -2.21679094192549 -2.75947042690394 -2.31699169444468 3.46887153414835 -3.3915077796805 0.565743554713963 -6.06632408011839 0.438189961587841 -5.66894335075682 -1.40104075398126 -2.03140249702134 0.848969577678537 1.9620541953803 3.63725660093685 1.24818146111426 -0.216199699814566 0.66898789159216 -3.72940085078062 0.687532970048951 2.38546561578186 -1.49679838356314 1.1545749698961 4.16373072381906 2.04521483380759 -2.45780325575792 -3.22696972255986 1.15408932305227
"561" -1.11783118002815 -1.24881662352285 0.401524080127309 1.30682197746907 -2.24868406676104 -6.87645702978926 0.931914540561573 1.19536401783241 6.85422266842909 -0.104740761994049 -0.290694028916193 1.24630689523421 -4.60396686385988 -3.25169768638161 -2.06435573631076 -7.10819387413534 -2.77276161411203 -1.63500469891249 3.64302699803729 1.89938505278235 4.90548592760318 3.45922687728977 -1.0330092585331 -0.406286845852096 -4.41549421408128 -2.11332960179934 -1.92753459753509 0.626327664817386 -1.67665467034958 -4.59395479562913 1.688255888409 0.241730428246942 -1.3577680907301 -3.91496200775011 0.49216038280231 -0.430652084958234 5.378727622143 -1.27893225791649 -2.05764753199445 4.48477849344526 -2.51776993805459 -2.9025986871956 3.53050330135931 -3.85505494286817 -1.34966365377044 -3.66626859534548 0.211612336488151 -0.94385084261651 -0.75648309292009 -4.06591450798482
"562" 3.35484656718 -5.35109973322156 0.987382397391722 0.0740214866069826 -5.14372077928326 -0.438800444742971 -3.42508379197074 3.49537283023272 3.26103997989897 -2.21191902682539 -4.5317403324444 -6.73939413177255 1.62030393233127 6.86502565007682 1.07710268933444 -4.15052166399085 -0.13000042286931 0.825818939299653 -3.18871548668662 1.66857662521838 0.108014976077561 -1.77858872110191 -1.01349750609652 0.30396883173148 0.48395596699022 -3.93798756492434 1.81938557721637 4.37391799421985 -6.63024374386521 -0.987990408887618 -1.56227919743537 0.89430259878214 -2.90376926265296 4.87546643012355 -0.654760807471529 3.95969471517066 1.03879861954671 -1.13069849573741 3.55137046595969 0.253379467140319 -2.22141026789652 3.02380787787413 -1.22292838671373 -1.95272551607347 3.1540755554757 6.22221821449012 0.452987087570958 1.46739269320818 -0.815368110555047 2.81912839334099
"563" 3.52773819897989 3.71506623398166 -0.478870142444403 5.44165904101668 9.42924910680776 3.7121623812322 3.70930669609357 0.680602797359905 -6.44383529362938 0.739575882099959 1.91287592188585 1.22649096967615 -1.65540677160389 -1.83197247939124 2.31542757272186 0.852759878768653 0.50699608990449 -0.422313966765187 -2.06360061828094 0.204826799247799 1.05628221309265 -1.53983885294059 -1.22098519471125 1.97525531663983 0.0506104251110093 1.33332731208167 3.09094429618517 -0.300288721557559 -3.02392737350837 0.328388248133895 2.0411644631005 -1.262693558132 -3.20087827995143 0.0320199896578151 -1.14424213480481 -3.26383448195569 -3.19335813545812 -0.884017719822237 1.09099284033245 -2.34959431142519 -0.535253455152245 1.33413228536529 -0.948801348191207 0.395517700159227 1.17330993456071 -0.0876749246815616 -0.708070975047188 -2.13466840852224 -2.1166451521616 3.2716846985845
"564" -2.76701572792999 2.27179969281032 5.75692431222127 -4.16202441727007 -1.86733574532649 -6.86915462431145 -0.302890571861776 -0.861508958742655 0.344861115337526 -4.73373939809905 0.650544954877503 3.87784584229583 -0.554298616832222 3.85258294061834 -1.60914324635564 -2.21287970937538 -6.80043204029273 2.97785916236911 3.53607567343696 1.84283856500557 1.29318280232082 -0.0280978790368448 0.206187034846644 1.1748232763301 -3.87603430944718 0.714565055165231 -4.83508911905085 -11.2239427451096 5.30734109646943 3.50043878975235 7.22561090533762 -0.940735733373026 1.27687404052154 -4.21339460175255 -1.22287831608302 -1.25346529268883 -3.81973978496413 1.53890232680571 1.36274500732664 0.151595863931422 7.27558028003169 -5.43284185648986 -6.79937571599223 1.72504612331164 -0.562509285719934 3.77020434028039 2.54419767813604 2.9096065525238 0.737365734944273 -3.36512277767715
"565" -3.79793845720055 -0.916855499409488 -4.55114241123465 1.19613022516109 0.122135497630206 2.48530304204055 -4.86852648456486 4.05539011136558 0.554379483525165 2.93941528211547 -3.85372004696018 1.8766905757017 1.05202435324832 -9.09577960196459 3.25269747190373 -3.11954315437967 2.35545335404449 -0.44151432841802 1.46320498159954 -2.73554291442451 -4.34426629848144 -2.34152779850083 -0.77886851030402 1.12497046365933 6.16449224292118 2.22127210261572 2.33781007266365 0.762542997564287 5.19495090464995 -2.19008651306347 1.39459655747025 -6.38210658605243 3.0878781248759 4.97073261143637 -5.35629724100931 2.40025805664645 1.68163678771948 -4.05967012149677 -0.487069299670017 2.12329386331524 -1.48029820749286 -2.06021498241084 1.04112429465579 -4.19716976267167 -4.60247266956377 -1.12912665691258 -1.91945845139523 -0.0782426405800622 0.480939732772498 -2.01522398776641
"566" -2.51917807878273 -1.78572052897857 0.000852664034501478 6.84486404491936 5.86323584394219 5.44697966542655 -0.431169117591998 0.181905408292549 -3.90779440113404 5.55553777567728 1.02245489481375 0.682465246170438 -2.45057001001375 -5.54304622243772 0.778352794760048 -1.36561682592631 -0.588126966606457 4.91563642074124 0.124660834934067 1.2673111003091 -0.0321547781217048 -0.623084388436621 4.63181508599461 -3.80722503862236 1.53071351514462 3.82533403526473 -0.256004674188187 -2.06087358141722 -1.80924898621253 8.71390495421386 -0.476491279987674 -0.898857137985163 -5.93621644203146 3.31748445464788 -7.00067058098575 1.17835133125492 7.49052523298112 -3.80942732623084 4.65043048011884 -0.487754934699181 -0.814416389028652 0.841032813558792 -1.97506963526871 4.77980720501264 -0.597238671810453 -1.05419776642717 5.92442053361201 3.50336470695694 -2.32800955539456 -2.95821198249075
"567" -0.229843926219212 2.18709977730702 -0.278234918945623 3.50532320110245 1.11522705933354 -1.74853577174215 -1.26689452134382 -2.94164909985722 -4.48540265983193 -5.13274589926093 -7.44366914370802 4.67125273701537 -3.08787941559806 -3.39140590607593 -4.09978331881105 -5.14085374866834 1.02177708917956 -3.28915331915026 1.71714505498368 -1.82120788788764 0.230035681513647 0.265190910944849 -5.23827484410322 1.52482861886459 0.872376896202741 2.43890219420551 -4.27887727861429 4.5027738570298 0.61843991972621 1.41182393279826 1.63769940390654 -4.06221509491086 4.0634805418714 0.876795432356907 0.709572953956634 2.86369861735517 -1.80687886974 3.53262456831656 2.69213018065159 0.130989263784144 0.37073284272632 2.9471151533658 -3.40737942864827 -2.82255700064481 1.15023388328937 -0.841264069573608 -2.29184648671286 -1.3559575192135 -0.803158095577579 0.548751377829731
"568" 1.32519347016295 0.805152177730369 1.86116738455247 -4.22108103186847 0.33745938184765 2.55035183403149 4.96434303186474 2.91139194184143 -0.15230953976906 3.02859718392099 6.5344391647029 -1.78017598433984 2.32013006258099 5.30308835303092 1.16030653075811 -3.1407748852923 -0.635639753044909 1.98440109387253 5.42024844627421 -1.64567654025139 -2.1819212813191 3.470499568403 -0.839949750284322 2.09334754399161 -2.50452982798227 -3.69434028071377 -2.52568594720566 -1.35095117520098 -0.246722703736089 0.523063551443277 1.72149719403722 2.79656117410669 2.41804789222458 2.30444891517143 0.653238194241992 -0.588961395985867 1.9715510859552 0.136530035250368 -3.16838001253854 -1.18468570325696 -0.315568896558521 -0.0380944471386149 -1.2799895869648 -0.126401530880528 -2.44185440242494 1.45728344773007 0.0912715626785576 -3.59146139443201 -2.2877866725618 1.536346559336
"569" -0.73463382101573 -0.312841877422035 1.42601576415792 1.03944228049511 -0.207899546428926 7.36970531543733 -1.12231058330485 -5.5304552641716 -1.29690375507367 1.46539893279474 -2.72762591559017 0.149617446761553 -0.0785068361286505 3.07493279899747 -0.398027624886668 3.90901940125299 1.30019347444688 0.635843451018807 -1.21388513619055 0.130031299981679 1.51822824375277 -2.68689170028047 -1.35800591445263 1.92158031640614 3.26845280870653 -3.81036128860405 -3.1949352924681 -0.270329976093865 0.252478397864499 -0.643408159696349 0.56504442289489 -3.55654140397043 -1.65375981415341 2.20207022277236 -7.8854054940687 2.25664581422269 0.264739482268458 -4.83082989078692 -0.17294245966051 -5.21735689776815 -1.07938334973269 -0.266789044930778 0.32441312523315 -2.28088432661429 -2.62674947484896 0.173403867400788 2.45644013417114 0.968907158670719 -1.94155958336686 -0.547218728834363
"570" -2.43147842939295 3.09475729567228 0.370779917603633 2.85080423298636 -1.9719382799322 2.54413516285141 5.28244346136142 0.0871574841403588 -1.1724798909217 4.72497834784871 -0.0892267915666435 -2.16535653617321 -0.531787334840212 -0.882534300388627 -2.35053990804407 1.72964786229648 1.76313435141387 1.92080632992797 -7.18382332282081 1.49716874514424 -3.17830188325529 -5.68231476373923 -5.66583059178007 -2.28473366083703 6.72654244602167 -3.05375600109398 1.98366501837506 1.62734608880199 -2.11284565329009 -4.0302524486307 5.54720766158817 -5.13711499899492 -1.8589576509824 0.670751779226547 -0.102336076439373 -1.61195537898747 -1.2375598201701 1.30902176979705 3.04601169561098 -1.58293132467955 -1.82626923466915 2.43568002671275 7.45064063784516 -1.21697436596487 4.17919295368012 1.75010921679736 0.843768870653849 3.11545910734795 -0.25742465371635 0.576690064882549
"571" 3.12728994214726 3.01417434464471 3.79869194704509 3.74387167827401 0.796034215685494 -1.8099312638509 3.76724027021727 -1.73779291838697 2.1721048981832 -1.17548190647214 2.64004029581209 4.09416352827668 -3.68465367699478 3.3692896706223 1.81190266488883 1.79099546954104 -3.13323210358471 2.51838383237635 -1.37939869560221 -1.14790318534858 1.17947874474629 -4.64741590367195 -2.93211139502815 2.86258638923798 -0.114910743278353 -4.8247460897722 -2.20701468528819 -1.81814595771899 -2.01597834341884 -0.608060653410218 -1.98041114575984 -1.75147740944657 -0.17026103777827 -3.1391463699921 3.3479478662914 -3.15057403842595 -4.1988707235203 3.48478429190068 1.79118830030491 -5.75063243506412 3.33685576349839 3.01866816355881 0.927682070030844 5.50156171604727 2.49616185153994 0.268311913213968 -0.189828867693607 -0.754595034633974 -0.288817603180365 5.24521066124559
"572" -2.76604887867025 -4.74756834098554 1.04470673577919 0.57946039238613 -1.40448992648121 0.318579619266876 -2.23600140121928 2.4125496957084 3.53603419091404 2.37293071476794 2.5646011020324 -0.155355254720056 2.74663435471086 -0.0220754114057442 3.08981950410514 0.720062425578039 0.660441815489736 -2.01822616184711 2.12013652957713 -1.57004143346513 0.0947373655246181 -2.29777211556865 -3.56390355465782 2.34436751408335 -1.7064372730782 -2.72549546500071 3.12131838896384 -7.24747880483671 0.383983593537668 -1.19858215740936 2.002963913416 -4.19185598965367 -0.54712360795171 1.75404168980374 1.90537062611171 1.8858314894813 2.32699307262998 -4.68986669931801 -4.27429180195415 3.13922266174412 1.06751482457107 -0.0923267940216267 5.35735028909314 -2.25958535391993 -4.21932004310057 2.79465105429258 0.544714413602261 -0.623058071568994 3.65797135178338 -0.497515355012362
"573" -0.622561761292433 2.39539674212674 -0.243373883496907 -6.51938282344709 -1.84712512415121 -5.81140497232182 2.70129512488307 -3.05776510667454 -1.43632711235535 1.70541633789604 -4.4460832598513 2.91853991524672 4.22788004312404 -1.28652504781558 1.79534974163943 -5.20697346265971 -1.69376513009725 1.78315873477353 -0.83591636091351 0.0593848594084871 -1.37470818650467 -4.38322119078802 0.538396986542913 5.75548409377676 -0.627433259748816 0.369712142498154 -1.55751220496238 0.761216617509525 6.7996404225593 2.77300317910659 1.77862669073067 2.84268883757862 8.77341987857711 -4.9748239595819 0.106879854421361 0.427985235544716 -0.00859201248464831 -2.48691282927902 -2.45729178536311 0.154085605034883 1.71161005502391 -3.35725319212937 6.47838227594566 2.68503443643327 1.1210636055831 -1.60003560647754 -2.04760811995364 1.05284600930025 -0.400448263172977 -2.28545521370922
"574" 5.60535081069988 1.99926721354687 -5.89218574956524 -3.72384689908156 -0.149539120046254 5.07663256312782 -1.80783841416192 4.42783545166137 4.09585809619693 -2.36102514656434 -1.18505332267715 -1.14058530194249 -4.99195416065865 -2.34825616160416 -3.67866456062027 3.80481240308316 -0.360224497168315 -2.22955499565946 -3.51436900725143 0.514377172828406 2.15861876195931 -1.06880368592762 -2.47739669380131 4.45341496936791 -1.59826263687946 -0.853199469429693 -1.81405573780415 -0.910275611496628 -7.73076127838877 -1.90142518028484 -0.105315239507456 -1.18209097177643 6.68802747276482 0.582160924924528 4.75381389208124 3.88036408789153 0.32650765944887 -5.09900079155328 -0.80233577333857 -5.53764003263216 -0.254518924863842 1.53024768848834 4.36292203118182 2.67412617766693 0.032417198247237 0.558513093805057 4.33848394027826 -0.929594799624691 3.81331141359666 2.47980204407044
"575" 2.83767126767536 -5.44735936876983 2.50678357797669 1.47695749353221 -1.77085637130316 -3.12502869914819 -2.61079030050904 5.34784691638978 6.81505982753805 1.74631204150775 0.343096067952056 2.26247949402615 -3.12646056658443 -2.02887496492521 0.947565364993581 -1.51316724551131 -3.97897996622738 -1.8855420521355 -3.40636758376417 1.76388194853359 2.72802984276638 -1.64905653839917 -6.10988213298935 -2.25659487483887 -4.74846005753806 0.843069510636845 0.768349693472329 0.097194682975641 2.55655581665094 1.20610023062179 4.30757705728375 -0.501566303267494 2.46236575158044 -0.243073080688197 4.34301854747719 0.72618788519052 -2.33232592994137 0.280507999279855 1.79685599300331 3.87458531498259 -1.44221866687993 -4.63400218697937 4.0171305123099 4.82288351412806 0.634547045174112 -2.92256053846378 -1.79764209729942 3.05069135454383 0.132102743755397 -5.47183456837659
"576" 0.548807366008215 0.790024937624382 -0.600532551355766 -0.377403838373168 1.17226150503086 0.25749560833814 -0.139733118117035 0.792175165776407 1.28758379316959 1.87095240037092 0.476798598524843 3.18577247419888 -1.1661673747458 -0.0881474018250734 -2.76092801511519 -0.939503757080144 -1.7338670065911 -2.78605556785289 0.22287494650739 1.7778132477529 0.675963658455759 -3.97207044551922 -1.57821426925133 -2.0638895711075 4.28372615492582 0.223441545452282 -2.4212179597325 6.10232634654112 -2.29107919455174 -3.52167758627679 -4.55353805738829 -1.39645332845078 -1.88636223969799 0.373917792170557 -4.18707378162628 -2.73638052770784 8.09384321778076 2.94969122462415 2.9008006557001 0.674781545472825 -0.429939972213354 0.251680086912592 -4.19061891448814 -3.57365403728409 2.31073264122582 -1.25288658969434 -0.826122603050977 -1.86087900527147 2.43911770255647 3.68809017755531
"577" -3.09716160320075 1.54560359516859 3.52531621470451 -1.28115214166715 -3.90966059582544 -2.16265449852765 2.29638727096056 1.72865110235488 1.03934307299884 0.420307699968716 0.154359623994556 -1.98607063856878 -0.303687008629667 0.0605269519178801 -3.25641267634964 4.57923870773275 0.368061060700247 -0.748788961508769 -0.674760030375274 -0.253187092805458 0.994818383138103 1.37314397029352 -3.4511983067402 1.07511585797775 -1.24722697472979 1.85768749218942 -2.48625751390351 -4.36230878363194 -1.2137472924885 -1.85810294548212 2.31049216545647 -0.206539096915429 1.84649260720989 1.15154344274793 0.865110576870285 3.24727309896465 -2.35237706695033 -1.86437702353577 3.29414711130324 -1.24384168927961 6.6671956962961 1.9012538992267 -1.08827646503878 -3.05879331456126 0.470031345326081 -3.18816456744014 -3.94094528005132 0.852652344932489 -2.06237915010615 -6.22344463002956
"578" -0.742501104426653 -1.55210728107965 0.293414349010283 -2.1887155063538 1.89335275314081 -1.30672821090922 2.18433033162806 -0.717587155130761 0.275134854826304 -4.36095599479122 0.724754913699141 4.45870337362875 -1.56892534164157 1.46888814767484 4.92348803999037 -0.618274924505798 -4.97029153776511 -0.639070688955482 -5.27480074071261 -0.0571602831583182 7.29310457184921 -0.444097756291036 -0.905004646503322 3.35380355658826 -0.284940592925612 -5.02194725447385 -1.81625041522501 -0.477789454727302 2.11289048306343 1.34459663628636 0.211146256807049 -2.48765619639341 0.831793009733003 -0.142372796269048 -0.818722323158517 1.47236199047043 -3.29918634141998 3.92433964018276 4.17093722179331 1.29816371690831 -0.146748023373868 0.839791929723315 0.0269368787529837 0.683692377033762 7.83264062691223 7.85410625796893 -0.608370567459973 0.452249318563105 -4.79630835464692 -1.86857653765777
"579" -3.57663156827781 -0.777938891416256 -1.57070928833171 -1.67764099861646 2.73464988566468 -5.82475490328829 1.69246064068193 -1.66672403183995 4.02670802556025 -0.493078611422583 -4.22007503060221 2.78445853040643 -0.511160921045852 1.96547746531115 1.71643826300771 -1.71770768210978 1.74142058658608 -1.62295717711285 -0.346327287308362 2.38576899700041 -1.98028018162829 3.636258939382 1.97051189016908 -2.04214806508356 -2.1017426526077 2.48244164801283 3.67171519649857 1.30577292910852 2.79204545544877 0.385433478841499 1.68737174484985 -4.86635889537841 1.53937174122246 -1.81568011055577 0.730502288638672 -0.893400227537487 1.93932991790398 0.480084388035033 3.51974707047894 -0.587326890555283 1.87098958396435 -4.85226428904587 1.22316390071304 4.73867274373161 -5.68021046400027 4.23133760510699 -2.22580618527718 -1.63581076920363 -4.84808494246222 -2.21826219735668
"580" -6.1850951668881 -5.45133436079804 5.26014926900232 3.54626486127044 -6.72603017457285 -5.00545710542612 -2.06056056874945 -0.480250568118701 4.34280099840836 2.63981001162876 0.0950676440422595 -2.56585287999016 0.0594545177950145 1.0760440259122 0.655642720318958 7.29163009651034 1.14806581821505 -3.10156472684826 -3.25959846948697 -1.1430884551959 1.90597248643177 0.824819492649285 -0.00735798013409033 -0.284964639609361 -2.87218232755425 -4.00258085699857 -3.07330251309779 0.756142864122684 1.44329034704581 -1.10120471040083 4.6379885425654 1.28030312078118 1.30254392415118 -2.39645693518074 -0.331728888288748 -0.192609368372427 0.620680453857672 3.47134464034547 0.195266466224521 -0.149391987715884 0.350486347146295 -3.27728126558841 3.96553447554918 -0.861620218479731 7.42297345527285 1.60017223742156 1.06820277142102 6.28577152513302 0.64443882022475 -0.423684099719918
"581" 0.322367941753667 -2.36700365818417 -0.304714311034969 1.21302399348028 -1.56519647034192 0.787928847986055 -1.18412995991021 -5.15619126826182 0.493939265071563 0.860018492646456 -5.0807004805433 0.0426112841744649 2.00179632584793 -0.659850625138575 -1.84285879946943 -0.421801987158977 -1.61635918694552 0.350449971784918 -3.53152668874084 3.7624302274992 -0.723423038406098 -2.65847985830346 -2.0560279240974 4.53910474200178 -0.132954136379117 -4.74272864012141 -6.75804645961792 -0.68104215969521 0.605528739181545 1.59499581917626 2.29005777804814 -1.13209132716393 -2.0887808171929 -1.35612832730553 -2.23248609514628 -1.85849601313071 -3.70718644506327 -0.448269139576609 -2.73580320942992 0.23669547897842 -3.84332500310495 2.21982567083792 -1.77350902280138 -2.6101302717246 -3.29754068019985 4.24664250814728 0.436284385517187 -1.78419306490328 -1.42092830275571 0.307514939125939
"582" 2.5315105202025 1.41219762937492 3.16364796995462 3.97508228513419 4.05351325119214 -1.63941933190511 3.93391087177304 -5.04266562048992 -5.43328494362661 0.0977661425459551 3.83998027050277 1.5783095466283 -5.97827767914931 1.47548623153154 1.01733117296674 3.12952709317831 -2.29665261361855 -0.457752897874825 5.75487014172527 -6.8731082846217 4.18897265175632 3.41902768729955 -2.15171102109995 -3.05020231414878 -1.92406504791482 -0.0797979287682313 2.53212405466443 -0.968709394977876 -1.26732846007477 -2.79037321152146 0.692676049190704 0.222015336373989 -2.14361991926776 0.48768787272122 -0.617835178868568 2.57588147117244 6.05275301441829 -2.49524924057804 0.092377308599985 3.87940613344161 2.39437000248519 -2.45929610407127 4.72080010601745 -0.292471969182377 -1.10276953452177 0.00473190746349158 -0.760406452767105 0.90443019175999 3.18999872308524 -2.79265807460647
"583" 2.37924642110238 -0.665416257756129 2.83948231885446 3.97085351322462 -0.533759857400041 0.101597315896154 4.46988701950692 3.58358747796125 4.63320457255026 1.39250373000231 3.98573527905386 -2.41360012275248 0.302150912144081 -2.33545081808666 -0.873888923324098 1.93937033174874 2.59766676084173 -3.54004448423089 -1.37935793620394 -1.62611743187401 -2.02628939224371 0.0321204681284808 1.80570271662897 -2.49632122370132 6.39802341471738 1.66515443907768 1.03513056640855 -3.68730972225815 0.0173160454641803 1.60709553549899 0.868741779877711 -2.77240495774835 -0.428821959797939 -0.537434497659062 -1.94138481403123 -1.58455045494717 -3.19430184167639 3.8461737907325 2.8474771824838 3.56827157388506 1.27333291112061 2.43569566467316 0.217611023756852 -4.82284196872192 -1.29608845348677 -1.08297261424064 -1.16889513924612 2.03834952384882 0.65137946856821 -2.99251603926026
"584" 3.58244371422126 -2.89309467357114 2.53556279066875 -0.395783862136877 4.11288495564115 1.88054908943293 1.81100957183826 -5.31701069098042 -4.13635113022033 -2.41753523291572 -2.21759013959456 6.64292044367338 -1.776213244863 3.94322986053804 1.12980441597201 4.68972485806978 -4.11836354232127 -1.16232925266562 -3.80494133065896 1.79229586189474 -1.12817184126301 -2.70594443420143 -4.00730187694208 -7.06962657123739 0.145617198910987 4.47572263296826 -3.62256037688449 3.37131983807565 1.71285822922192 0.432867116297802 0.17931813244209 7.24059251554005 -4.38969980344228 4.5710559100248 -4.07257864720814 -2.39369169876612 -0.0311625914951687 -0.896709712334282 -0.38424850518966 2.56544672540306 -1.31619293416723 2.3402764562667 -0.197036180977497 -2.52531575426385 2.99627136106119 2.8954889819587 -4.00382190771897 0.225672336391099 -0.985539368134811 2.31574812832712
"585" 2.5199550743012 -2.01308699834522 -0.226048421562851 1.04118355131776 0.705575920785487 -5.09936723896695 2.94139522217386 -0.519931211961876 0.258849144266955 -1.61955987710083 1.82693874343766 2.43659537678134 0.85210886379886 1.29124659181749 -3.56882856919487 2.72775368351388 1.09416426647819 -2.99581173377667 2.24968529800534 0.15218313280467 -1.62128743342907 -2.370788434374 -0.51134593970524 2.67537906808526 -4.05516945844754 1.40523624349348 -1.37673770777044 2.69933469744718 -1.6592816730171 0.368252685517214 -0.358358420342402 -0.601631680771356 -2.88834685721369 -4.63017745334142 0.425239612310724 -4.33827307831591 0.502316304093374 -2.53976847888146 -1.60531473896533 0.41427697460324 -0.953662066839523 3.57584883583845 1.80797160087005 -1.56150075681027 -5.70339856265057 2.73981596245553 -6.40133959574477 -0.938846687026016 -4.01902392114249 2.92854916386119
"586" 0.104864204017357 3.26852691031916 -0.192517826979105 -1.45713476100145 3.97023724060969 2.04446574075417 -0.447461316889002 -3.57479636516868 1.34477195164837 1.65786858691849 -3.20542836938332 3.40594224838334 -0.317731396381185 -0.748502069029561 -3.0122538445216 1.07453853399409 -2.27408728460721 0.926626724095133 -3.44062813267202 6.05820924976451 1.70017707910336 1.4854148870734 -4.7751832773007 -3.97681756176064 7.79310974882586 3.10953628035055 1.41611274994885 -0.528026809449708 -3.44294834024784 -5.34371211149506 0.716337651426378 -1.35586257647803 2.79534596130552 5.98930498095851 -2.3452543990929 1.11851521608282 4.8870069119084 -0.860711264592163 0.693928640452762 -1.93776383524691 3.00741561820204 -5.06597250149294 -2.2091398101435 -5.35572531913901 -0.431675751043398 -1.35496684837151 -4.7094429501968 2.4098075790673 0.36190248184915 4.85694503170932
"587" -2.96188334465499 1.18831038797657 3.04495490417088 7.17598493396381 -1.91731794167858 -3.43616603513826 0.322760157904414 1.2683058328233 2.10609998206003 -0.256796842942763 1.23569547814688 3.21124199038547 1.85441376227354 -0.0813532474644986 -3.41090370053763 3.17660863227194 4.93087922395667 -2.75461862778081 -0.566412968247243 -0.660532118921511 0.634614155958049 -1.65209993902805 -3.04464742492451 0.141114017036547 1.75923711839063 6.8850636819336 3.3537504982147 3.00183035609538 -1.87358472274454 -1.89842442509194 -5.53017246927092 0.345352147027675 -0.0875624399914214 -3.4509402523775 -3.16204890173842 -0.784890890797902 2.29166393532519 -2.22717975792652 5.04356659490428 -1.3253911396223 1.74021335231381 3.22083890380838 -1.17304909113647 -1.23291239043238 -0.00156339071041853 2.94745958304787 4.30857307836128 -0.934894705840809 -3.47919494018101 1.47305793602227
"588" 1.80020877706388 -0.866846551634029 1.691928584843 3.93857802706005 2.03017567070082 2.00740666766314 3.7226023135418 0.898773189477698 -4.43841595041279 2.61134381370324 -1.03500436530103 0.591572093600493 3.3237419693351 -2.92287933645819 -1.38855949952408 -0.276921236060182 4.75636766753821 0.571116762316975 3.30753305959591 -0.253381351898931 -0.634025216963794 1.4379605688069 2.70726569422778 -4.00246998496399 4.29965206850955 5.99552425693679 3.51504941172898 -2.67637329032649 0.462985599562433 1.84479896710733 -4.47950545810781 0.435270766228077 4.24349550701921 -2.76182555078456 -0.223541114364774 1.73074318900161 1.96354635664513 7.72166544624239 3.55821032567858 -2.88629939621684 1.69747446769966 -3.41955787872782 -1.78302787048606 1.08918951448253 4.39624583302394 -3.3877203005105 1.9728877460174 2.1748547447068 -2.26904341502196 -1.00155664885961
"589" -1.89932649668721 -1.4766095469483 -2.4828502299762 -2.99241320912792 -1.47577508803331 -4.14747644800019 -0.696171154060388 2.6285738337653 0.700676795321242 0.914403834201281 2.72490186247397 3.69568853279894 1.31938106383247 -2.41162984303485 2.09668558830241 0.615125845183124 -0.714067155006001 -3.57691066858321 -2.85309149290453 3.0501698612751 3.07064138297639 -1.8472285328527 -1.61507137982653 1.22695021168031 -4.6195393043123 -5.03562344054303 -3.45402823698517 -5.1253256644128 -0.557952787765865 2.00098081364791 6.87725930317354 0.422771635950605 0.8045079180572 -0.891163491522453 4.08572527047973 1.31940146755708 -0.515854046789274 -2.96899066856498 -0.731120758345717 5.60095011766087 4.21734734291423 -2.03732868481606 -1.46346365115814 -2.47214585683753 -3.45290373949155 4.38350322392881 1.35583066170547 -0.30767703234442 -0.96255552070448 -3.05636047007333
"590" 0.86755814772446 1.18802067769942 -0.689155102947268 0.74948551297077 -2.26353589498239 1.95431450166519 2.98094525873556 0.241956796453797 -2.2372533897085 0.958263251386436 0.610549559653248 -3.89273944392263 0.206870728965076 4.25939745842326 5.73206437522213 1.53389319738732 6.18283567223389 1.15967562705608 -4.44496614828799 -0.690467756638119 -1.26254171548623 -5.15778439807199 1.63015359255036 -3.01404884837727 -4.66618281742185 -2.39332069508735 7.06210400359534 -1.76865751788164 1.99920660946945 0.832793612785885 3.99733543703368 1.1837316856217 1.58701684454961 -1.14221068270223 3.93143641760075 -0.413767868116505 -1.66262189355744 1.16864140092453 -7.50924783621351 -0.662540615624956 -1.73837703483351 -0.306987419824696 1.20380304089545 -0.0057874224248201 -1.39132760603229 -6.61658891920416 -2.07041774871645 -0.294537374676254 3.35519596365463 -3.66591116702015
"591" 1.94861186080227 -0.627192708544294 -2.15519691639333 -3.07773009780239 2.80989642954241 -0.332832806816109 2.42383886015446 0.16710385907039 5.09302601261138 -0.304877757110093 1.84500458108405 -2.35305451552068 -2.41917219640691 5.20424714683146 4.12048430460718 2.26081058557157 1.51116458784328 0.650038236487516 2.51227638185995 3.61414508998791 -4.08275276616323 -2.95792150781417 1.41002860684058 -1.54401894712667 -3.08238820083781 -4.79415889769154 -3.34945197270347 1.72995501637022 1.2889695839718 -0.219794564021881 3.97454386734613 -1.19337587297319 -3.60008285136607 3.67060841740385 1.96244593466423 1.87056650202474 -4.28787406422646 -2.55754297157729 4.19555510757924 -1.03869967563453 7.55948517337312 2.37076830142673 -1.020354323183 1.60364236479714 -0.219304128994953 0.93734432192048 -8.13131946089266 1.00397395114835 5.72664710872872 3.06958179713415
"592" 1.82235281450752 3.24260518734122 2.59420669809012 -2.40701274625719 -2.63877036695817 -0.133774648296989 4.30807678796812 -4.25387673788028 -5.418984840157 -2.92487616389869 -1.15879871903141 0.307557528307173 0.318509182282523 2.87696390024643 1.57658255934334 -0.195733102290379 -1.13376387558755 0.445226257932508 -1.62289856407227 -0.372196937619262 -5.15020448462219 -2.93284102074614 -1.00232634686999 0.43115275020457 0.146462999650683 -1.16260314028834 -1.49760566363046 -1.59818906727817 -4.49322500971242 2.92807401853309 1.32979576166626 -0.853644528814741 -0.574953390853152 5.87877168898619 -0.817968197535311 3.97749987749532 -0.0621006747761906 0.931596429171425 -0.529501536586943 -7.12122065243934 0.230623202632959 3.38382645275079 -0.977203464890388 3.76890247364679 2.02050838491213 -3.57051287256458 0.377557712685643 -0.373013729553872 2.24194912178373 -2.34917716556012
"593" -3.34515945113939 -3.85081974610777 4.57430732134016 2.74385963614939 -3.9348737201169 -1.22756446066003 -1.61401082708214 4.28788118664511 6.19794556353757 1.63615853135994 -1.44274694025856 -0.356400822621329 -0.297694615747292 5.70930782957367 -2.39831576078551 -0.87766697842263 -1.68175997523983 -0.947929839967255 -1.97032370149092 3.96304798684822 6.04888510698682 -2.95867327808622 -4.73982770567715 2.54196995534993 -0.95781446838535 -3.31186991419621 -5.74132073540625 2.33898345270655 -2.41681453049683 0.394790142505093 -1.43123045244942 -0.9779382230261 -1.90481040744394 -2.52563345927439 -0.704155916030484 -4.5949756995283 1.6367073258755 0.790272400334478 0.961460826769482 1.79876297053219 -3.17041088605234 7.23608288333809 -4.66245773237071 -1.93125328020609 -3.76095936128021 2.88245900971797 -0.568960161361675 1.19036907657591 -3.10931870172058 -2.52379560362161
"594" 0.592769995498464 0.233372893821429 0.944336250618337 -1.42458682493157 -1.84797632106847 1.38323702373885 2.44885180485286 3.55986201471618 -5.83181393935962 -1.03102975400493 1.08731669172977 -1.70178262176503 3.89851976462607 1.75484282583416 -0.989044773296829 1.24705274826464 0.292635802057546 -0.277038400114824 3.08749574829478 -3.16103294404231 -2.8447954953717 3.87803712102053 3.74652042438938 -1.13285197168807 -3.61249394974672 4.40877479414004 -0.801156291939135 -0.230380957301133 2.03357046711395 1.31047205040409 2.7042359463711 -0.0629411214695836 0.651419731900933 2.98399839171126 -6.38117341621074 -0.0270417056848292 -0.396280282499087 2.57647907618281 0.532568434033222 -2.11101847471798 1.01809333131553 -3.63418564149408 -5.82501455275798 1.5911616977059 -2.83508197631309 4.22478548664133 1.60226674784386 1.7731361103355 0.349895905220761 -2.52310945047926
"595" -2.81398178153502 -0.237880027905521 -2.7992494682444 1.23447655233492 5.51461092693944 1.02364907973114 -3.22163746790652 -0.572016080931932 -1.13213965563695 3.73340919748926 -0.372145138432847 3.74245835972223 -1.46658904012087 -6.671279001976 0.0751771142921005 1.31700014013121 -1.5500878012551 -1.3962092324024 3.73600477500061 -1.6459342781005 2.46432479955872 3.36944177602681 -0.533045899537063 -5.05998348386426 2.11427063038627 -1.60462590621719 1.02731054301111 -0.00830280813352387 -6.09150041127336 -2.2575031359112 -5.07937972683551 5.61013081443447 -1.24296073758012 -0.987244616975078 0.172114723969542 -3.54906173222466 3.82304664697305 1.82767818791617 -3.50795081082721 1.55875422034099 -4.10445449290769 -6.82047284724141 -6.99308976586338 3.59537156777836 1.55483956437824 -1.10370464012273 -0.509960927758952 2.49865528478036 -1.29770868342612 -2.10850074139837
"596" 0.262413600445284 -1.34363350042119 1.1498460916197 2.81148316551023 -0.275596448894263 -4.13054129367737 -6.26407140688151 1.68167668916592 1.73103786308287 -6.763637117591 -5.98247790275197 1.71738284695626 -0.0249185929333781 -0.664884480989466 -2.92930669926171 -5.15550143774487 0.913180850051055 0.4534746370153 -1.83522212283219 -4.85337391293812 -1.71209178811912 -3.0844952566844 2.27877913392885 -3.32315643532139 2.04361308767847 3.91863418573466 2.8117590143956 6.13166725481731 -2.39723072494919 -2.38914212921557 -0.943675929724963 6.35519814844925 -2.68479735922178 8.77692605848127 -2.41962200740878 -1.50407052724158 1.63302480071132 -3.60283053116606 -3.36315463537546 -2.62899740275874 -0.657468733734449 1.43872871813731 -6.0298911173496 -2.49484048667943 5.85534128304596 -5.1362552268587 -1.34673018360168 1.6839321993499 4.92460161266778 -1.84480963486783
"597" -2.74096960772571 -2.36255132258356 -3.16850275149219 0.334243312927348 2.09209149779653 1.36083318909732 -0.843174103054899 2.28038537657206 3.45862114292976 0.0883106205915605 -1.18137582496412 -2.80673716447844 0.850970574058892 -2.6376385783886 4.4116084820215 -0.783059831485231 -2.14010578516993 -3.96164433605909 -2.36920959549435 2.78174669075709 0.785105022391407 -2.84103290738878 0.93777585643396 -1.47846583021339 -1.06187694687525 -3.69739229147073 -5.1813989701685 -0.609654526900501 2.22911143679817 1.68445472401741 1.64080206692344 1.10350336786743 0.705813715037005 -1.02578278483506 0.263747772314323 4.28355756959618 2.26888748450784 1.45934810866057 -0.437042746527964 0.277858861679384 1.28077307838664 -0.0952751916319563 3.69020130747303 2.33481465570808 2.87772647186907 0.165906979815815 4.67049762674297 4.53291598282809 1.5588846835816 1.45237984536255
"598" -2.11112388670839 0.682989945709479 4.83195550171852 3.17414963874887 -4.11779717642176 1.37360236456052 1.16647994821741 -1.25288149311578 -3.3776082864189 1.82398365530712 -2.18206945666578 2.90506799550695 2.69836831145788 -1.71878701328635 -4.12064899823082 3.42558154906043 0.16242867567888 -1.75435257161813 1.17493015010637 0.922746281767953 1.46481076887817 1.85906514223808 -1.69734889402648 7.08848666901161 1.29048876588278 -3.87743988365245 -1.52762342490563 -5.72362812280208 -4.12759586725533 1.71104841286187 -0.793785867959891 -2.40392723981249 2.12292827440207 -3.99586293278382 -3.14395322747476 0.833610709221525 2.99595727547254 -1.42241567837183 -0.407682198292425 0.609208584409682 3.25871885390879 -1.3587295244126 -1.08317162099042 -4.10179509516015 1.56190074801465 2.23810758494267 1.2292574729326 -1.20469653885973 -3.00667518177955 -4.61858347353707
"599" -2.34851431113651 -0.41671821419611 6.73534401586448 6.75484800215948 -1.39955986819801 2.49576745981987 -4.75819354806273 2.56702832860734 1.49084714526243 5.9265435515614 6.09046170043437 -1.3533431112019 0.158530541171689 -2.4337531331604 -2.33442985781309 1.74667939821587 -4.33209709900583 -0.799579718985349 -1.98690467628541 -0.461138284869654 5.57087138613448 -3.66239109267255 -3.77638238911156 -2.00246178144722 -5.50119908592509 0.367883475133322 -2.2744958293875 -0.470409593501551 1.78649804947658 -1.89664190754883 -0.477773625233998 -2.92798693302451 1.23181538678921 0.145210382846115 -0.510084811801087 -0.723043032790625 4.13017645465897 -1.073293566333 -2.7816687515377 -2.54321512542632 0.821722042643447 -3.93198148852544 2.81142199934494 3.7298572865415 4.16253768155323 2.25672244671817 -0.154736804635409 3.55764115760869 4.56436464905159 0.70401583088035
"600" -0.848390623425474 -2.66032058893508 5.37602935202611 -0.678600029223739 -1.95007334598844 1.47940537842289 1.99372396097918 4.06545876123887 -3.82589321101353 4.40611441249677 0.961502601205346 5.49652353159162 -0.503441735679469 -0.605915789822476 -0.653394053580961 1.81919085723067 1.02720957699753 -2.9545294450398 0.920947262859693 0.524449214396138 0.643534638955314 0.480017194078705 -0.227170926847659 -0.576309794119259 1.51334653184247 1.9026281544679 0.00165373495160912 4.62960010272994 -3.17831861104443 -5.17768896240621 1.80112988590117 -1.03671171653786 1.05538185159401 3.46931055129685 -2.56010759327525 -3.17561858564803 3.34242350791815 -1.38314174465807 -3.13252886781182 -2.29163109351251 0.565314894856112 -2.26365117727515 -2.84578489443499 -5.11531544175084 -0.30569516002207 -0.42301516727045 0.0717082683739368 -1.38151029215813 3.01802121447227 1.18131475210731
"601" -2.64171198694063 -0.793029008899298 -0.13390753134286 -6.23337178355797 -5.15416259645009 -1.355972470491 4.83833877599372 -0.0559148997936285 0.139893146458889 1.26656846867771 -3.82997173999474 -5.30956684899761 2.84715125615772 1.66570265944215 0.586146269478405 -1.03184722810343 5.81861816232131 -2.64005793039537 -2.1371161974666 1.81884883846634 -1.49237334609828 -1.21530883763831 -0.99235320023815 4.40030583824859 1.45009393859035 -7.88314183426873 -4.54157140932039 -2.18738277949736 0.0224062256907532 2.36733865251083 2.55860480890952 -3.73458610217707 0.753734586266476 4.59103716060144 1.09131425616815 1.39005492100883 0.64463104744937 4.69871313709917 -1.79358063961425 2.54617558814996 -1.57018893900895 5.20239755425241 0.342615053679198 -3.28472573351926 0.541878591163411 0.237492057295539 0.913869448052693 2.65348713432473 2.17180839784109 0.125415638587031
"602" -1.38532280555443 0.274072079725033 2.07135184807644 3.1748714009612 -0.117285513808408 1.14738568919793 -3.01867596677243 0.682288982298788 3.21230818311293 -1.17434745470408 5.6349454455374 -2.39669659614743 1.98333666948758 3.90781527389029 3.57671262412933 -4.12522535887775 -0.738709788356989 2.34270731345524 2.26502271585724 -2.48954020298821 -4.77521469719725 2.40510639633662 7.37411600224885 -0.65510709075605 2.56352647814654 -3.81623447685657 7.14794868474013 -0.0879763268151428 -0.674293496679678 -3.77443958890934 1.10511251897181 5.64451495942315 -4.27191917601851 -4.23243903249434 1.19069154077744 -1.14735380099905 -2.86707552584099 0.567258117835308 -3.7049884646704 3.01476678015779 -1.07015106767114 0.298014312949746 -0.534658038165395 1.57451197838725 0.350919993105808 -1.94404317079466 -0.0587763750348398 1.02036274851991 2.41832381929708 -7.86808901049226
"603" 0.339155396687553 2.74699292266247 1.98276109766673 3.89661563620048 0.314827195597729 3.33319815849274 0.322110652563029 2.37111509523765 -3.47069630445877 -0.563235288505294 -3.93872165470862 -0.949036647960624 4.59215633415271 -2.13070292787559 -1.74445964635022 -1.60646635493787 1.24389491910411 1.93058598089766 -3.40063213086131 -2.34627033129205 2.01585720053597 0.571608225821535 0.822176426201425 1.37765056260273 -4.43405800101351 -5.46324075683481 4.72447161256064 -2.39681861625744 -2.07742276058836 -4.32361836405579 1.71030958396991 -0.72227693831441 -1.90482677992782 -0.337150182837531 -1.16011307700742 2.43783799070744 5.13284295368391 -4.07200749968972 -6.86702382111482 -2.27584904619918 -3.06906589353085 -5.04405441113564 -2.74423232971394 -1.04995732430604 -1.56303337358317 -1.44610596058497 2.76209655541274 1.22137622094331 -1.42922921550257 -0.891651598810436
"604" 0.398582644911743 -2.68275681574505 0.398244350017666 -3.57829773121697 1.85010615400662 2.20521073888764 -1.39599189459225 2.9677689376666 -1.36521994036506 -4.89411483460923 -2.21851820046142 -2.68763130648896 1.18386900298379 -5.48362783437013 2.51814499692584 -0.973023862066328 -1.64576608513835 -3.97642662908704 2.02351367981106 -4.72359275473741 0.206805359776482 1.83852280344984 -4.0294005972618 -0.551951616384098 1.98466909407183 -0.71573837496251 -1.05914419842326 -4.43615105250712 -1.28485770375501 0.847604863420661 -2.05477901755926 -0.100770487945475 -5.9005379859658 0.111297331288049 -7.37336836143801 6.24469780256708 4.42988047792023 -1.49909707805834 1.70376021678964 -0.963359170303582 -5.31951284568483 0.185157478878725 1.23389394715901 -2.23060752812701 -5.67016492736696 0.615723287143542 11.7002414493638 4.23300949391742 -2.69044435598654 -1.43533330474197
"605" -2.51013201552178 -5.20699158799028 -0.707509132924727 0.294786069960707 0.440651980846627 -1.41569530943178 -2.08307662500952 -2.6192675986621 -0.171816486403816 -1.92897890554196 -0.983329852832579 -2.48780882030818 2.67900067045016 0.664115021465905 4.73174673096745 -2.60279448103004 1.45097012348083 -1.147292904881 3.44989825482783 -3.94437274298424 -0.64050148204072 4.02010966032643 1.96692483306879 1.38885870149738 -2.7780264021377 1.01999602563981 -3.99847708420851 2.95753754246674 4.11562002231645 -0.829672651821662 6.97842108989209 -2.03512900031807 6.55731540196145 5.24176595172953 -0.146987841027753 -1.16837365153237 -1.50156123611035 -3.80404501985375 2.3470523331208 0.438760910672847 1.94697796386988 0.877021001688523 2.9956546877855 0.0930718555217695 -2.42143300884158 -0.267571697045464 0.912052107267777 -0.709612217120762 -1.78879950340614 -4.06704475810917
"606" 2.75588840762352 0.462722576712651 0.299909667066986 0.496330858386307 0.982601142267996 3.70513691935162 -4.0917710581833 0.74766416379511 0.170225569149535 5.3508719192644 -4.54549916748577 -0.735922317420235 -5.20447298950264 -3.37719826994539 -0.725189965231515 0.394194209553084 3.3256742603956 0.971812419981656 1.9553839166687 -1.14811448346011 -2.07762864601684 1.51592802738895 -2.16623105081759 -2.18107193820513 1.54735773545654 -0.969064946422532 -1.42539032902671 -4.53592091891786 6.82469845972473 1.98337837168651 1.04619280432084 -1.36004446280827 4.32065284590354 -0.0780789871116923 1.76913994384935 2.41550729486246 -4.4649540628525 1.35184309278529 3.65445322456355 3.34083792071289 2.70576301905164 2.05509288941375 0.38800442354342 -1.47028937788663 -3.36626128198639 2.60154843131573 1.30982311939225 -3.58028415347015 1.65289197452738 -0.9795318827753
"607" -1.67048295494527 -1.16709522375581 1.44442836413319 1.51133382912816 -3.37064304094421 6.64494622647771 -8.69280881965796 -1.35877604207501 -0.909370453649568 -5.3439445109516 -1.69175263422906 3.5454037883801 2.24430171198227 1.23719003240371 0.0248599275195864 -0.180025867966078 -0.617522847049545 1.84530177101054 -2.94204181510228 0.0350834364727648 -2.73159837174604 0.193017686047611 1.39872752193375 5.51167646519039 1.88735481682263 -4.62054935331167 0.174877665408889 -2.49288826065262 -3.5541343634243 -2.27451823642273 1.97251028857101 -2.69766319189963 -5.07456659227386 -4.39055455852015 -3.46547812526743 0.159027694327275 1.05077737324899 -2.32162831722841 0.23839611395984 0.833498069792801 2.14573976511914 0.0591797179944144 -3.62952091453554 -5.04047654367819 -1.98059914727286 -1.43271662284545 1.28773252624747 0.307463268410226 4.27492305921312 3.85664618883911
"608" -3.92710220306472 4.98377524759906 1.57786794406155 3.90927686503556 2.09303018563386 5.52213606430958 -4.25319001173004 -0.35159414314394 -1.09549555582357 -2.02759650064115 3.10036510953919 -1.18541729518388 -5.20969857841983 -2.35750101397332 -0.180300395722363 -2.5229267580967 -3.04105892747235 1.56225642577702 0.706472465448442 -4.62382716621792 1.93696639175036 4.08249040236251 -0.264725676647601 -4.61040562549457 -1.89383259693086 1.58551598046587 0.0740019441218255 -0.890335508284224 4.49649543721056 6.01201475412683 -0.588473316960798 1.03693532463439 1.42709166132698 -0.405796686682412 -4.24456043554162 -1.68549248641622 -0.239508204676528 -4.21407117154084 -0.964695896798263 -2.14382734822811 1.82766334233274 2.51415615434403 -0.0642226666519944 1.77908469333203 0.622890770528073 0.248594414482549 0.995487921601748 0.795687274339391 5.10446257412607 -0.767564921373696
"609" 2.76234742499664 -3.51799414885947 1.51564931635422 -2.96158505272453 1.5537898227431 -0.504950635339828 0.305416945085259 -5.56406318964729 -1.79358018015723 1.59415438842819 -1.71189003572078 -2.99386454257217 5.86265562828558 13.0699094168746 -4.4748347787175 5.40742237988963 1.74760802207991 1.54111229053674 -3.88168213232219 5.64637375387755 2.3119274285048 1.2786337111757 4.03151708480958 -1.60653199760595 -3.33775510961072 -3.52240942493465 1.99970796877479 0.383057675071456 -2.49961692526519 2.98825175470341 2.24901664401866 5.31203862788661 -3.73227226608898 2.20803748314155 1.49437641423277 -0.130363917461861 -2.5379499944872 5.00949668392237 2.26225351727531 2.25638421806462 2.83212509085285 2.2500850268795 -2.80604849102684 1.08706120334637 8.04471615575539 0.441099219175779 1.50406033245688 -0.968200079834583 0.127285525185151 -2.78677177573478
"610" -4.60686617418775 -0.184944684077825 -2.01828820867634 1.56434296329832 -0.15187497474018 1.3637304456526 -0.495563253125803 2.85113860480992 0.114846605314707 -0.65187936748524 0.203656535980314 -4.50470138713409 2.85542396441553 -1.16199758245076 2.31455690648642 2.61240539875093 3.87316333054344 0.451851765151764 -6.26308189217088 -0.263761094039553 -3.52594374163057 -2.43149224021106 -3.21764664281712 -4.44843888735314 -0.39525620086945 -3.04634575436433 -0.665394056821141 1.85312869673095 1.51110791605364 1.22812275275464 -0.33225634180158 5.47927349128878 -0.717914343362437 2.64128037985451 1.81120076272234 -0.185547985829094 -0.684114851547124 0.64078389791374 1.57213258932343 4.9892935354089 2.91623737861305 -0.571545690198465 -5.53097057844247 1.32648357476686 -0.834896481911422 -0.0980876944787267 -2.88482724019506 -2.13607977769803 -4.2141361175995 1.14490129661691
"611" 1.15115150211794 -0.751228010839526 -0.412317370090146 -0.819587630380982 0.111648387846704 3.54749505714875 1.95224435986957 0.354124916432118 0.693712996481371 0.0744399290242881 2.44908115718848 -5.4415328973717 2.14846328992884 2.24243783170472 0.906949393568922 -2.31952134493855 0.203270480596193 -2.49974969555251 4.84838286978537 -1.10174040041692 -1.89403301999961 1.79867114538238 -0.705154753831288 0.212564277753633 -4.26100591799901 -0.330887146821784 3.17797560130821 0.307957947908136 0.149913191375886 0.258649052948398 -2.85319241711104 1.1042908532362 0.338722422611105 -1.06557882399403 3.98149421932521 2.41496462716135 0.244948696524083 0.523945656420215 -0.317928661706026 1.53519020917016 -0.306288208291018 -2.11819513206727 -1.30592333516653 2.83784996798962 -1.59577072615769 -5.38449099963769 -1.24745246355359 0.217019292022172 -2.30886112391985 0.714977338011416
"612" 0.492576739191564 1.21525698830286 0.850055872120937 -3.89517670988764 0.268264030397694 -3.28035623827556 0.00745487815232055 0.80379831534357 -0.351243941315293 -3.99764329921967 -0.98930272220191 -2.67431700229558 -2.51571526772489 2.56967725666386 1.13970883742706 -0.551286969231127 -2.953325796401 3.85939662454019 -1.19462336022033 4.6991070569574 -2.13941521671936 0.855491729650468 3.29975292198809 -0.319695450770003 4.30929872333753 -7.27685000307382 2.9395008099045 -3.03937636173465 1.46323403861778 2.63172018543891 -0.602374412218386 3.06048347739723 1.4047973567924 -6.5648218555175 6.46260950330924 0.369228613773315 3.28370137761372 -1.07685442921193 -6.67615039522938 4.20242655494347 5.34958728503033 -6.1525899778879 -2.13476177710592 -1.15379133144725 -4.32622680075574 0.879866531309141 -4.03067624458525 -7.85278906112328 -3.36178895873682 1.99168786330081
"613" 5.2573976863401 -2.93798976935379 -1.87763337203857 3.84664383887935 1.9139217134819 -2.64072820967935 3.38855933894957 -0.739948748820296 1.63485194352776 6.01362941783726 0.365223982960061 -2.1954844589807 4.16493509850167 2.18677447878695 0.978504264495859 -0.612646902930808 5.81637076341747 5.57753743724219 4.10821925421725 2.26416881815779 -1.27400084314134 -0.995488178354464 2.21440434818242 1.66603451456611 -3.69823910868192 -3.51255195079149 3.22216001541398 -0.557541776783099 4.13008409311647 0.869074633325346 3.28770097785742 1.85963980779892 -0.786452712450318 1.05168923562458 0.435788994603927 -0.749369015651489 4.70349156393306 3.56504582129497 0.473630775536918 5.01270815704462 0.735804100925947 -2.24869839248784 2.42751387776951 1.2668172535429 5.79924425926368 -2.20925884468456 0.555811385086324 0.598396267475633 3.2602792419606 5.3302295042743
"614" 1.44152886937301 5.4100594327629 -2.89253527296201 -4.28241433815673 2.25445503887924 -0.0568314529341379 -3.13184562828831 -2.44069138186608 2.57683453164956 -4.12131362929353 -6.33750150998976 -1.72357391026647 -4.18558605901413 3.40735621449421 3.40900394717319 -4.88482025433733 -2.01951262923078 4.76040850567745 -1.75139759017835 0.0969515980718196 0.569087264491322 -2.95541375269552 4.0947051499688 -1.51812765058149 -2.91668148107803 2.74399642771129 0.753790472628345 -0.242202443823996 0.957282444647164 -1.60888092671936 0.612614827608401 -6.03422446676428 -1.07021989324754 -3.32899104490425 -2.98001060368111 -1.55143225105195 1.55665423658893 0.908895880130529 -1.14656839065716 -5.2575605306304 1.9947626488468 -0.392862425664573 4.31169290871241 -2.30147745766844 3.11987686698684 2.53985989022381 -2.48550569559682 -3.03662242114459 -6.6122851316791 2.49119670557354
"615" 1.38777891711874 -2.35042183996033 -1.17784560399884 0.165439374368943 -3.57539235829255 3.44402629939617 1.60450115469864 0.666671304721645 0.623796198905989 3.96867668385398 1.61357457506694 -4.08448233871011 -0.55120547852983 3.08244816062884 0.322162601895996 2.87105997206057 2.81126431979624 0.991051966868842 3.84449861041846 0.587904137402187 -2.87634161555108 0.274994149698593 2.61240528411577 -2.28488416702605 3.14910098859915 -2.70156648093876 -0.404610305581604 0.45470984915133 -1.20513137609424 1.34600713481305 -3.75852180453442 3.21986065499939 -4.67900718386385 0.0916145467657592 3.33666713632959 -5.57966896038498 -1.29621204775359 0.41170875993817 -3.20303550384026 1.7930980158002 3.9466567462286 3.70143790978027 -3.85275808974645 1.89393610914432 -3.81982489008406 0.620169647737094 -1.73322833227067 -5.68467164227144 4.2538206474586 -0.487677428894318
"616" 0.380545092367514 -4.7432753438914 -0.699919165174077 -2.43472886657742 4.47805092620905 -5.10689986692809 -2.15801164135626 1.5028172171877 0.844619210951963 -4.46228247841041 5.33191975108402 5.31511468749373 -2.06761057198654 1.48614362860065 -2.38898710905854 -1.67986744381673 3.13686069622769 -1.7875367988927 3.88762255667613 -3.33888576611047 -2.47882577368634 4.12205102838081 3.84971985375448 5.57545770503886 0.55434398392805 2.3635666308984 4.50941311143709 -2.30642978818032 -0.315680602910848 0.605047383078342 1.97497904924587 -1.71173185423271 0.706110205901873 0.160764661243131 1.99554138702426 -0.369096161943426 -7.09389678673178 3.50569425857356 -0.291362952989325 -3.29065391553667 -3.06503564351949 -0.676610432004875 3.41587668861548 2.29197132038564 8.0623911502193 -1.08391755935756 -2.65135668139299 6.03321177023626 -0.73408924440917 -2.29929819631184
"617" -0.410552784136964 2.56160371735199 -2.8744229788602 0.0234632350630223 -6.23791004876766 -2.43990961283149 2.2628201988141 0.00493415271305197 -2.63953561451375 0.490825866442122 -2.87714848846423 -2.41471720513508 2.22034859312415 -3.15824189072114 0.674801584293914 -0.138671340312509 2.74094991801634 -2.83027648598502 -0.992138614517559 1.63848374035962 0.656501226916171 1.81160452317983 -4.42993692262317 2.47246261550629 -0.103628313543087 -4.1682928302703 -0.551366944635362 -1.35973220030709 -2.25067203381029 3.45857777733783 -0.0783893563877136 -1.98988444936438 3.05280850381074 -1.22050045637923 1.28693867682503 3.28693107850681 -1.57649531523332 0.956556378645906 -0.796114478777584 -1.4174626727822 0.261310662953257 -0.107564285501522 -5.2529473640938 -4.39736980527963 -2.2073671761732 1.83549361260754 3.49916692188236 -6.95396506574964 -0.715497395706551 1.51671279733702
"618" -4.34127509269677 -1.82624268285694 0.360587338937414 -1.52961710378934 -2.19084395939099 -1.51166818955109 -1.96581740106255 -0.176508125392129 -0.0146891717575176 1.20854229340831 -0.138501271238819 5.10709303550203 1.47484357254708 -3.37967022934622 0.558379244208228 0.495330824709345 -0.44517667935358 -2.19603827319098 -5.94831510591629 0.96913472605549 -3.16369583000865 -3.08145687479857 -2.35603803048177 -0.738476622656783 0.203979616347399 -0.901024577526467 -0.359578428120653 0.305457087055759 -0.93965091491916 2.3195917695829 0.930464747744847 2.401181119289 3.21515082786556 -1.38615351677534 0.427245783933413 3.77811802136989 5.33903861977864 -1.93889089160613 -2.26908896689615 -2.83608826208095 2.72663969266482 -4.10307009806061 -4.38603957064627 -0.00748706498920777 -1.77230331657284 -2.15527583714551 0.318440415795638 1.86870135794179 0.60907115716815 -7.16791306460655
"619" -2.4125271530881 -2.73714728447559 1.27565193186193 -3.31655809764804 -4.11949197924185 4.37816307321341 -0.501662792314717 -2.80795511829233 -0.846591612056682 2.94187982686638 -2.44738572073957 -0.849054982766729 1.87879618383825 2.09132448950639 -1.8622519757069 -2.12766982099194 -6.42427291359959 -0.546235259076092 -1.49558793633047 -1.81727842200081 -2.40971133066 4.98748958443387 -2.0401898856971 -0.461239961712288 -1.77861468377064 1.97538168473989 -4.0151885150489 5.04089949380667 2.22861601290256 -0.951817207767933 1.19763991142477 -0.63792865541461 1.68727314559458 1.49313530582983 1.69468543674463 1.14408442017648 -3.48476802491059 -1.49062597191743 5.03680867945321 -1.95565814664011 -1.55397579506943 4.5276125045751 1.50201940541997 7.79201302361403 -4.54278673090781 -5.08386005360203 1.00370053271047 -0.394704841367452 5.19888424656578 1.7172601271529
"620" 0.307924904147755 -3.60685973167912 -2.78417293353681 -0.242415472640056 -0.732023314373263 -1.20856104637416 -1.84967967407206 -0.219405929590731 5.84894683114191 0.0368431000265398 -4.61282971424087 -1.08398731713072 -1.34110512193904 1.42328597376346 -0.401687611195482 -2.4057741628773 -2.27392180077577 3.23273622694496 -7.37491236946095 5.93888762700439 -0.714636718783182 -2.69410274386699 -1.68826697939653 -0.691590212235145 -0.254039445449012 -3.55079239119139 -1.15874941743679 -2.91617591013321 -1.78155364239952 3.17974635347941 3.42683743960453 -0.363729049683021 1.6673398894607 -1.86609277794116 1.35199997874909 0.936640563920703 -6.15089548274948 -2.67843368590154 -3.7255404093499 -4.04595620437526 -2.29388207256371 -3.09048008159832 -3.74907820165026 1.68665189897191 -4.63739530982253 -3.79199990817871 1.67902085988828 -1.44277112089309 0.785983159167424 -7.371859758939
"621" -0.574222875249159 -3.07872855734463 0.71542053446072 2.56907796719947 2.50009168227202 5.2903801844885 3.22202636927541 4.00526402410264 -2.94863008319377 -1.4070706687075 1.30463198909942 0.852708658927957 -4.89731643435587 -3.94963280338191 6.36621359013493 2.20685976378215 2.03017296381022 -2.1524416577902 0.234174476830197 6.21714419199779 4.71200288711713 4.24648384027697 -1.12243495328666 -4.20397137515985 -4.4870053331331 -1.53075100337472 0.723601196041789 1.75266927360005 1.40974901158182 3.40670471196333 0.288689655419261 0.235329537036685 -0.472169651748775 -5.15839197623671 1.06855971109675 -2.37504818922328 -1.01797671217039 -5.069435568583 1.71981325804286 -3.22880174227766 -1.2068897876908 1.90886905983052 7.59886443909528 6.59792892804972 -1.93575325988832 7.25058285433154 3.12652977270334 1.27669995803239 -3.16195629012777 -2.04872474846996
"622" -2.61771199247859 -0.682077479688682 2.6024056097066 -3.92559540657024 -0.188862650629296 1.21488279628927 2.28951256327721 2.27344442009282 2.86233261599685 -1.77243548496883 0.154314410722603 2.50687662830924 3.4181928794057 4.40284076053917 2.97423216937823 -4.95233896273901 6.12391211045373 -1.42729434323858 0.565538743174831 5.73776665533464 -0.229357384032216 -3.38330342469113 -4.26415901933928 1.46920858156827 1.90421772827201 -3.693643771349 -3.79743983622322 -5.80340195050889 1.9440283438347 5.23156460101715 -0.185859436868295 3.83144815604548 -2.89198841186756 0.295315546595797 -8.90258256928966 -2.45366994292427 -0.18112921072174 -1.24236452631888 -2.84811086690704 1.10375883847064 -0.34828173371622 2.38963700322889 -2.016708531306 -0.182960017245635 0.80755298464596 -2.45826505184406 1.01958617035499 1.22107119075324 1.57628010392572 5.254482709033
"623" 2.3592827788271 1.05829564533918 -5.39281592064439 0.105302198073512 0.13051299721022 0.0148703837370773 -4.24267318653671 -2.93817534814382 -1.38184797106474 -0.0817234037514447 -4.59481303692182 -0.166228937626224 3.18034974602911 -1.53006640474177 3.86437473110487 2.99954706573869 0.96895771158641 -3.05042606196434 -7.49155014332717 1.58397016210911 0.351587981738691 -0.180864353592923 -0.159957801829109 0.133836786971261 -2.35966879267316 2.64774760631604 2.35469961844288 1.31885318618846 -5.09528861298091 -1.81627166286503 -0.793026151691894 2.34929248857183 2.93620598908894 -0.781419155895315 2.18423622419959 1.38580585530639 -2.31373369971874 -3.62970648941735 6.17406705809366 -6.84174133631036 3.1051055155329 -2.50495162439156 0.578409242069559 4.96325264391385 0.48302035647601 -0.299446723871504 3.42523388673156 -1.07689804539153 -0.582238366028112 -0.37234203027742
"624" -0.940543350185391 -3.35636560995698 2.1931954454034 -1.70221442700937 -0.406225988505127 1.38984876691332 -0.277369243474222 0.306772595884904 -2.94777172868543 2.37739372837362 -6.07073188015203 -4.95056962546973 2.51221094407122 1.51876154442931 -0.44555415967555 1.03586518195433 -1.49740049639049 2.80634657765601 0.492583255684114 -2.48249438607535 0.55667633415667 -0.0543229652108728 -0.477178501379993 0.93947952784696 -0.558960520563357 1.35577328910016 1.70217567582201 -0.445712813917117 -6.48028897508489 -3.63675219594699 -5.6851986045702 -2.72929089966286 -3.35681306692871 -0.560110613215949 1.82516190147454 -1.82636553900252 0.893216247003896 1.4270887595334 3.25752326135984 -0.863385347336214 -2.42763820751706 5.84327756601315 -4.2349055319472 3.74542583476743 -5.02602652563637 -4.31528839128825 1.2312374355147 0.988203594476638 -1.69938619801818 -1.3181205888073
"625" 2.39320081529684 -2.90155820662106 6.42086380898669 -2.43038589543274 0.318824050402677 -1.4431527048204 0.367482221310732 -1.30419841266081 0.0182795818325373 -2.5571626675995 -0.516710630333261 1.31548811190426 3.49549051435787 -2.21496100819765 -0.772412548161631 3.17486969560013 -0.49962503498563 -4.44184394917122 4.38630870470323 -0.00326774533666262 -5.37872857718373 -1.65904656825001 -0.939778801460972 1.12964197438055 -0.772254836333215 -1.93624372674996 -2.40113132486994 -1.89611683195014 -6.37264184911058 -2.95186595652479 2.49988073363465 -0.795150829861502 -0.758537695804439 4.3092763064738 -0.307945623633455 -1.87844767272784 2.28741680824493 -4.01900047544877 2.7834247910298 -1.993818423103 2.40618742404981 2.20167240797539 -2.02101003275965 0.935548545194384 -1.2539642382922 0.421858974292672 5.83833244815022 -4.58975423128908 0.73401514004983 2.17131042984745
"626" -5.2604640154359 -2.53366252555945 -0.946073780971404 -0.827868985437156 1.10454077447541 -3.45147029946463 -0.834829339342233 -0.344789388274823 -0.934726404924408 -0.362592237597158 3.08236675890849 1.80638439965686 0.59588982454419 -3.06847832073942 7.15411413755048 0.639279660574289 3.49961119156812 -1.41235033474711 2.69627179316363 -0.822136367777075 0.529373536931494 3.0259518682398 -3.68998764232006 0.452547741198874 4.36164343126467 -5.78752435798353 2.73395876637118 -1.32104715273812 -2.47341483672724 -2.54877535573528 -4.79178817064028 -1.35534614701021 3.79815428492117 0.982976783279296 3.61513256693082 -3.42050607992729 -0.197069847775157 3.15857278129979 1.57551589260072 3.96113063307347 -0.00168532696440247 -0.823643344901425 -8.05528756660635 4.48084242999102 -2.99250233205774 1.88980872673877 -1.42914750387327 -0.566552960469627 2.96487995151303 0.734432904976387
"627" -3.17438043761747 1.10670796997926 -0.256262330662923 -2.05474351836549 -2.46543608362825 -1.0616568033164 -1.4022858943557 -1.47913836399418 5.85145240176216 -0.0205167301777581 0.706873220974775 -0.914995681920978 -0.897262679671953 -0.674115568970097 0.900590151114206 1.22815062922069 0.077841715051505 -0.716502178707855 1.30261805152737 0.159890735296623 2.06249534983542 3.93423871389359 -1.78687471835101 -3.36448138966557 -5.54711323143375 0.693232508619901 -2.33293695765407 -3.64257370718501 4.77466202987376 -0.56261313400391 3.32310491698317 0.480894585215759 2.47038783337278 4.19038695085117 -6.1316190709123 3.49481368354722 1.22836968342176 -5.66489231488685 -1.89745909587178 -1.00108400436261 4.22334828626045 -5.733016274777 -1.92864211361412 0.213474221914671 -4.01553753445372 2.03663036390924 -2.89259903924277 0.754098739085645 0.942381793262588 5.30037470492178
"628" 0.578250162753143 -1.73049249372993 1.17005885920262 2.92551913518893 -0.676600460106548 -2.90491042282662 -3.16281213378964 2.47991338300398 5.63376196199657 3.60522235567182 1.38258073054506 0.478503659146418 -0.698755825294455 0.00656949041826469 -4.53317954879495 5.34262978599562 -2.17302600472859 -2.87197703983849 0.380066685451172 4.07967860841984 0.802119764803346 -0.44634710414343 -3.37764687257978 1.17110294081339 0.23982117954576 -3.85540740777067 -1.96590863753544 3.22554733724575 -1.6803098877764 3.98624591990551 -1.44082041983978 -1.80501997056117 2.66735452453672 0.0883672219544902 1.65197803645539 1.66973958002738 -3.69519776834405 -0.588036796183655 2.04855381044335 4.69607675344492 -0.299034767782619 0.670731523376494 -1.50318573678228 -0.401785156203154 2.82664580246213 3.15312366973685 4.09164353794958 -0.374364393966983 4.42457237616888 -2.79746760540706
"629" -2.14914060757689 6.25030199077295 1.42626659024518 2.59507459710942 0.798366736440204 -2.37200830981708 2.39847421123139 -5.69531893587267 -4.17268263717286 -2.76175033934927 2.23855299744414 -1.91061327284678 -1.16735132910555 3.82429208301533 0.600871876698709 0.922711410976515 -3.2513949843691 4.51866039700171 0.40761433276841 -1.90726453334103 -0.126554741636965 2.92258154093679 -1.33714422207195 -4.34077909210511 5.9424835961908 -6.1116001660399 3.3584614150639 -4.24246608802575 1.9948507198478 0.156898899100091 6.18971774312441 -1.77783373333468 2.09303213010044 0.744028552162962 3.60733145346392 -1.96038607791205 -6.43741441888622 0.618872082154869 4.43674515167794 6.32849757286858 4.63656228466716 -0.332256906052253 -2.28131607768732 -0.101743876455627 -2.0829517716043 2.00676672455976 -4.312979326485 -8.75671734163358 -0.245480669130207 -5.26059352656356
"630" 3.39120914568901 0.510156410848627 1.86262194893688 -1.28522193630261 -0.316626437566822 1.84864784367284 4.91074219900748 3.61165757002319 -5.11171387846669 2.74971848250483 0.668582442010093 -1.1639602507839 1.8344827243606 2.79288986087352 1.74463593643747 5.12488822251729 0.732522005946383 -2.70308266072247 1.93151816190552 4.58346312807452 3.92351118742602 -0.0144555532891998 -5.9715139927587 -2.97241914106407 -2.49150646833853 -0.906335188871513 1.55929053020636 0.429944348855318 -1.68130142968051 -0.821151361497978 -2.60088006556486 3.94021206055667 -4.50355058531643 -3.0717504042669 -1.06214059649858 1.52759755045537 0.0730171796309826 -5.49536416663424 2.00613577691992 6.61032646209503 1.02976343185568 2.53232027664704 -1.73065294068073 -2.02215476717548 -3.8354628213609 0.15462529414149 -3.07202864132971 3.24955070881466 3.37626481841243 -4.70437634136345
"631" 2.76502146282441 0.658084078175644 -1.99070632491864 -1.3692532656454 -7.88434739847037 -2.77514320160731 2.94006252421402 -3.1920021938493 2.17124668636453 -1.49471407708922 -4.44970998659344 -3.27108239569419 1.55831674497059 5.37356371286837 -2.3597913452899 1.4485454750258 5.26033645417794 4.9217543096759 -6.66490505997618 2.19890354518038 -1.77863526946601 -0.739364119487576 -3.12116757800443 -2.36304562299426 3.57424414024182 -1.02265898199597 6.9400445371488 -2.13819591246524 0.514154530882234 0.503796522954834 -0.421944784550902 -1.86174830147014 2.05361859518757 2.18000820455297 0.254785270966211 2.45554404849164 -2.59093476982672 -2.53422281360154 1.28826598254284 -1.54938802377352 -1.98054987206164 1.44132617082678 3.09102851810912 -0.138473670171495 1.79322596007766 3.53896077751424 -0.795147129603356 -5.57231406334942 -6.89296428742612 -2.67067257467116
"632" 1.87962590837632 2.62442187488688 1.08965690455335 -0.90793779969958 0.897242568054425 2.79002889365387 -3.05384519641416 -4.64459379660942 -3.03034055718223 2.36085221453695 1.16857840652965 -0.770130321192509 -1.50585377539131 -1.64327742202369 5.65104813167707 -2.59505745493212 1.45569691940651 -1.36297306093077 9.07466735105799 -5.94010807797689 -6.34750005997647 -0.672433252510897 -1.20767271108207 0.628760589383534 -2.74205397922472 -0.362932802753969 1.17149640374701 -5.73556439491177 -0.82350534278867 5.45533792462872 0.703643722385886 2.01164487884483 1.03707793270791 -2.8727827030656 -2.53728787097206 -0.445925965572866 0.200670463886843 -1.51598189430002 0.0750660920184693 -1.33136261049899 -0.0999499103319346 -4.49950624669546 -6.09923437408492 -2.16400510521199 -0.0670925018697951 -0.54331647585041 3.5652470524532 -4.46187831968385 -2.9928328318347 -3.09069872404555
"633" 0.540828272132578 1.72981260060644 0.60064844898683 -0.455457431418753 -0.0923572207950693 5.22777421812972 -2.2433011270122 -1.85047500398007 -0.847647571875837 -2.6678166268455 0.779883257639229 -1.29546628572143 -2.66402284726239 5.43278719821271 4.82332593636078 -0.0923610522057335 -2.15491793519245 2.7503337073268 -3.05359256646961 -0.525988803289727 0.941136615236401 1.73175403895571 1.31566246638224 -0.29093666937887 -1.15429053306471 0.904815601332692 2.13520414499271 3.20838900658174 3.22969351606817 0.308196062429019 0.608885529032116 -2.11056243748936 -2.18577502698656 4.3105610725636 -2.84427288998628 0.0272313657592634 1.51176250175264 -0.995424468436414 -2.90826933815498 2.44801316766703 -3.15599522509702 3.11599234161562 1.28098956277548 -2.54539910468471 -3.06424703072632 4.14951490014454 0.917774474797484 -0.0719331776438661 -0.457144569730739 2.12475074175159
"634" -0.311729345983745 -1.81971969155827 -0.427538418775403 5.97794840717004 4.29910493608049 4.38476241427763 -1.7190309721411 -1.76071898204763 0.585762875889509 4.90355690468003 0.413063924283682 -1.78433111891493 -1.19156323464898 -1.97151920705264 4.51193662274861 -0.854208281176754 0.612077587181734 -2.5159862163734 4.4975486960627 -4.42240990974788 -1.35977867973161 -6.30287209330119 3.01693027116775 0.341616559029427 -1.66638746249424 2.22909559432244 -1.56719346176983 0.363287092968452 4.33688591920724 0.0732613131555639 -1.48790901095326 3.64176198703542 -1.5154239881736 -3.35941041764078 2.03138383351911 -4.23935408662283 -4.20826349112513 0.440405171972336 -2.884824120268 2.8167543796583 -2.96936351699261 -1.53010605380312 4.7976202380736 1.56765595360329 1.51670312792928 -0.410090512785077 -1.39129524570318 1.24110593763399 1.79801438540729 -1.13981447016395
"635" 1.84847545835997 0.526009428413089 -2.15540750479709 -5.60774838527468 0.018008813315106 2.85614928611994 2.47319053861879 -4.18199111663274 -3.489558534648 3.1798921369189 2.0779062310453 -0.941260649730414 1.20081003995779 2.82710063848004 5.03093711561384 -3.13430385989856 -0.962301699087603 1.78446062120935 -2.88925020616721 2.25659046446571 1.55683144653761 -0.035853281371562 2.0369232733753 -0.922178758789657 -1.95147617618486 1.89805753475371 0.0701426045281748 3.49477467271472 -0.132428304287085 4.93298283471281 -2.96809471290697 -3.9003162215225 -2.1386273834025 1.72594864087168 -1.24503771823146 1.31481556797399 -0.0335229051465711 1.57108323179495 1.61865811108811 1.41308816274063 -6.952318623515 0.788068195114502 -1.80356611334539 0.700910507013763 -4.84483319544688 0.612775558378542 -0.301274153601133 3.87094465980496 -2.49088368907459 -1.86985215688767
"636" 2.92740751017588 2.95547181842877 0.360195364387856 0.226164683667178 -0.248067055094128 -4.33517170644071 3.90738328077837 4.34441180546362 -0.62243462804215 -0.137317379824872 0.575166512293125 1.05047047322482 -0.319941937850395 1.42460160808494 -0.043470532505442 -2.80929147387019 5.81344950931704 1.81849225375303 0.755824671413136 1.04392930635418 7.43904836352807 -3.16576161269906 0.75265605313129 -3.83854145602729 1.56383185849188 0.132102060514851 3.06223011448264 1.20316131367841 -2.54949502266666 3.21157271933458 -4.13500551705663 0.520520657881315 -1.07219828220734 -0.827937483995315 -0.142562701459849 -7.10144880080808 1.89923846810415 2.54912602334418 -1.44756639673225 1.18997650207989 0.222951769972907 -3.42928361022559 -1.7198406384852 2.388524234018 -2.78706887960883 -0.976886769984298 -5.43020129628323 -3.4699550489506 -1.7335275568988 7.49418572601269
"637" 1.94655582446818 -0.327638276864421 0.0560012614878479 -1.32030747312555 2.14128300079472 1.50936853522362 2.40869090892939 -2.18966593116962 2.32812977836296 -4.55327460562997 4.3142706129044 3.70874941132799 -1.95544309569424 5.26257677085526 1.66071063376754 0.457517334129819 -4.62823055075323 1.60208419393212 -2.55326733096141 2.05171225988233 6.95159760674337 0.661247518950579 4.36846386914539 -3.59637269124143 3.72307608379816 2.35413384184915 -1.45938249283548 0.324800182087935 -1.59853950882741 3.7259379114853 -4.18714070369041 3.18365789895837 1.01290933677793 -4.5773828587829 -2.36572076758527 -5.37566515266627 1.73231952063147 0.0271639662328338 4.52519981252375 -0.438432592077052 2.74969500402133 0.522788928640405 -3.46550602967924 -1.31828507730454 1.24778632868763 -5.26203071716381 0.749492320991384 0.0473015577226315 0.305330137703845 -0.160148831123466
"638" 2.96900266876573 0.44431225073737 2.42959671953562 -0.872498581978721 0.808937431797245 -2.04813225229222 -2.01666624857916 -6.43527735930168 -7.09625397099523 0.667905506610209 -0.00948933323358123 -1.59000243948665 5.39401912198738 -1.14191938007312 -4.08294463367076 1.65053367418266 -0.309312894580729 5.16398931865091 3.20218017290414 -0.306262813245026 -5.01762583637877 6.06107047566949 4.17536717962654 -1.34023070198857 -1.77177556274743 1.55930649809405 -0.179994055384442 2.14985722540879 5.0821794268471 -2.89257312940775 1.52709618327025 -6.66053667746811 -0.13583790252969 -2.22786844823189 -3.45635985226113 2.47035534038537 -0.73058380667668 1.15561259841901 7.6911073699938 -0.579016588931037 -0.783524437893989 -2.45123916635789 1.86235235944473 -0.0535859311499906 3.59282443168791 4.87298389835802 2.71948045628854 2.5739963185082 2.76181502923921 0.805298894884688
"639" 4.48864356584021 -1.73945501863241 -1.07455462749482 -0.087339562227183 0.714531380323286 4.55065563949388 -0.259768725554218 -3.28001983522969 -4.91663404019534 2.49418260746106 4.4666374964377 3.56493022868216 1.90763335668696 -0.770007619267388 -1.26322062764686 -6.87699521559109 -3.29595597734901 -0.364197952333012 0.879246531804386 -0.766595871355173 -4.73234496077212 -2.20120135579575 -0.556290422918905 -0.399822546368716 8.18699637269464 2.99515314213083 6.11561437038145 -1.35387253367998 0.418323365009672 2.91255896200197 1.92348820908522 -5.63978846398797 -3.30575976524338 4.95314605578082 -1.61749037906194 0.372497929495834 -0.771800690750773 4.73456289631363 0.473817238110996 4.94532546105058 -4.42215335671033 3.16940124348442 5.65172951935515 -1.43814672132709 5.16847495713249 2.88256557992343 3.62731664966523 4.46543786198984 5.35795510669844 2.49703520485506
"640" 2.16195114642 0.487525888952455 -2.87348074809248 -2.60239760409058 2.7777906630639 4.18184142001096 2.87489719629431 1.67391860933952 -0.685658334124641 -1.89633261121072 -2.07771962214524 1.51583784848626 -3.38696313780247 1.16301449053272 -2.26950542092087 -2.75124417247766 -1.73983764295174 -0.325505211877807 -1.35020919754565 2.59027001236403 3.90748108581428 1.0555584914765 -1.72932321776742 1.75736566223146 -1.28967345678003 1.38449613367425 -5.86999447999417 -2.50109953692342 2.83359047546475 3.54390320851485 0.443117071291912 3.63148124150516 3.58668903297032 -1.38886214381674 -3.92892494442091 0.727532819963747 -2.29196489270537 -4.9709362388481 -0.880605726976214 -1.29074800151509 3.6377712660926 -0.783594878035613 3.21710940192737 -1.65924550021667 4.50163564204013 2.19141981182437 -0.558079337334297 0.260798071891045 -6.40798510730034 -2.46528373285695
"641" -2.85842778755971 -3.6578120097073 2.75690736280652 3.36734749190683 -0.935689448366766 2.17525802806845 -9.86387913148076 -4.32039614093021 1.38253724704245 2.7015590184269 -1.48995410785802 5.76574281349029 -0.598705798942435 -3.96959725943386 -2.22789953405933 -1.79540369713573 -8.79178971241985 0.970513585504856 -1.87598479089442 -4.916971687517 -1.78487623741178 1.37709191992937 -1.83828299893436 -0.691778311237322 -0.397162723067374 6.85570603549648 4.79687859584635 0.49098075139851 -1.97073690917831 -1.6244480601357 -0.316666899146014 2.00205601323004 -2.94253973057616 -1.01210706860686 2.01563750554067 7.28256565423743 -4.27747236790992 -4.25160261157338 5.27591967599008 -3.09831138669934 2.50788936072935 -2.15957432143051 -3.02082286901367 -1.04517813881576 0.483784581609839 -2.55927694488088 3.39898948784929 4.09482265112347 5.24055371279367 -1.25546948074116
"642" -0.966215593379019 1.48845888225538 -0.481103935150116 1.518250009845 -2.39557635125897 -0.653033131746385 -2.55456194878774 -4.1266235183336 2.1853609684323 2.9502788741731 2.7653079591977 -2.28058129176395 3.24243550756914 -2.0422599235913 -3.46123726679172 -0.0173131759795076 -1.6002086406767 -0.565482589480787 -2.39533022392015 0.0551456243047977 -0.488163567905398 2.0305928821083 4.35188192700244 1.29581009134053 -0.773314325183796 -1.1119487634128 1.85569936120981 1.59979177181555 -0.308553539155575 2.00099442106727 -3.07780586503845 -1.61171400556326 -1.07662931967548 -3.72025881288812 -0.773255272634794 1.07263670734735 3.29581218349792 -1.74896087741691 -3.31812372815178 -2.91318436287684 0.900086592667271 2.61169272733635 1.0254185258117 0.395454145106173 -1.24498938028974 -1.26327163550175 -0.487082700146344 -0.323618198477198 2.51452273416008 1.45518008805356
"643" -0.772640760366929 -5.37923295466186 1.24553885866725 3.94550506806993 5.26296816067355 0.127230029358765 4.07323435994947 4.58105524997695 2.63892994740307 -0.87785643836892 -3.66573027882182 6.51683459258963 -6.50434337683365 -3.57669528946062 4.34362686915971 -0.90708091373502 -3.28083755333761 -2.95780262338904 0.075891028198755 -0.903721974652614 -3.44802006136226 -5.08928285295049 -1.10528376947615 5.02313412071187 5.14276959926166 2.66026161216427 1.04201116817387 0.475042446205776 -2.81802531531694 -2.22308116521966 -2.83705197352829 4.11059784718917 0.362758412889899 -7.12738800655355 5.98540755171477 4.40122159663528 2.05364972154126 1.19386572030512 0.399420805995383 2.36961341166105 -1.19235018979412 -6.02044065708148 3.33449883701656 -2.13404401146223 -6.4181417358195 -4.57102857144359 -0.978874388217164 2.64789819588577 2.80915431647679 2.20627880613423
"644" -0.34875321436705 -1.17123708093858 1.97440069875242 -0.76932958706368 -0.549682180791501 -1.76916751061965 0.725609447162866 3.01281012036973 6.11796202434587 2.0299119000818 0.853899867071555 -2.09697305537202 -1.32220525036244 6.34531532998866 1.7776927292409 -3.02344490200014 -3.48839037424485 -2.28192055273514 0.727953933732061 -0.417776056345546 -2.91954222114812 1.57639658815913 -0.399714415794185 -2.67056864331409 1.43846320790212 0.850285515391306 -0.125235493989862 4.82153494485926 -2.8222926949015 -0.892146873949447 1.25674299994459 2.22047908199798 -0.665440586459907 -0.927494566908993 -4.77736811024701 -6.69647848489599 -2.19634427924496 -0.192997075513734 1.5066497701633 1.54519414672215 -0.771895534633526 -2.42455010553324 3.81596383823281 4.20609821717101 -2.47254994228979 1.85018904636487 -3.74817747556944 -4.47948560470059 -0.77487883560235 1.0880393757739
"645" -1.333205500256 2.16899510724602 -1.48542456159215 -1.93389385250232 1.82807748379784 -0.211850674291582 5.41562120643752 0.0881980019066992 1.56593440238298 -0.642451250550585 -1.10440635464527 -1.21752362369783 3.31488263953775 2.41643466029955 1.00836336410358 2.00066245864381 1.62113474590454 1.37534466679051 -1.80732579534635 -2.57948805556439 -1.66725030854145 -2.6490110115637 -1.3845449359912 4.04904651849821 0.998613216514877 -0.846222542734163 1.04542084371381 -5.98575987070207 -0.495281099955369 -3.74640240196273 -0.221220856640101 0.922565616344135 1.67547463279202 -0.808070814353675 -2.41876858858762 0.202728409994122 -0.434551486742519 -0.0370012105338251 -1.65009938725928 -0.409264172234943 -2.78044914457442 -9.5791114682462 -4.60558687422688 0.137068197356813 -0.538078621841198 1.94534391997808 1.7850359010288 -2.72767448588894 -5.19868707035838 -6.48722834126326
"646" 2.44281323070588 -7.53368064474559 3.68964740733154 2.58768514513508 -0.69517050088767 1.28436783358792 -3.8875942866835 -6.10273816961976 -1.89481894248645 -1.08236931334723 0.874730786366239 -4.08775520368126 1.68748902991035 4.38433828872256 -1.40452581125037 7.30155614641879 -2.25336390709617 1.63528720450708 -3.16963732355288 -4.28657127849251 1.92793730256553 1.56677083682831 -0.775481110443478 -6.98399589889056 0.304076904565084 -1.39566304970634 -2.90729586844102 3.15088503312768 -0.77737660548637 -3.33513500297612 -2.35989344057601 -2.47272595987327 -3.47640949814399 1.61183521080248 0.0588984777359203 2.35688763839743 2.41512364475229 7.25924233137334 -0.955840608582733 -2.97280979021017 -3.71647328360581 2.0224545478005 2.94313250510887 -0.66407907429723 -1.93432456833129 3.26964161658216 1.59932037160892 1.11594912132554 -6.42673927133909 -0.0689638994989277
"647" 3.01582602541459 -2.47305579528279 2.24171159889069 0.878094034940633 0.429793293963498 -3.14346021683509 2.12679757374683 0.62878050924294 -3.1118886537224 3.05983006712523 -3.91273644722082 -0.760537372466863 1.72779180319321 1.21882603905551 -3.9270805763776 0.000878368331041565 0.3787466351673 -1.16548210204275 2.87937180443613 0.293275317583157 -1.94245228960101 -1.2853081816125 -0.661977385680223 6.61040118828786 -0.476376732831986 -1.40676280743719 -2.50325695831314 2.49620532005012 -3.76897554308567 -1.58945000665746 1.98656951971323 -1.8548813145066 2.36323669529005 0.806148805149159 -3.14519576218555 -2.9698573582582 1.7823535339717 0.967826344331564 2.42731503600708 1.94431630827591 -0.817693543149479 -0.2184501353376 -3.0821413598412 -3.0175123165463 1.95850361615287 1.4352878822099 -3.23142518360998 -0.803746985469689 -8.51196564145657 -1.57091285393297
"648" -0.803669393744305 5.77691469745838 -5.66095647221349 -1.65972677551518 0.100502047228736 3.21115457816834 -1.88828168552004 -0.589904928588153 -4.746325616992 0.236629571374697 0.0721415351032158 1.73612851409075 0.423230213792324 -4.55325036282197 -2.33463924206926 -0.234887090414868 -1.19839378716566 3.56027627033314 1.01264656738909 1.83366101476892 2.54600288255863 0.833691397585239 -1.90152869244712 0.435383999889327 1.02159987214952 2.16310553526807 -2.86503548567362 -0.489681129473198 1.85023483911691 0.887337107679534 -3.28938571221455 0.587353417589075 1.67709851465979 -1.56112303465312 -4.10931123978903 2.05911108440245 -0.073510399602196 -3.54534066077387 2.87482203248526 -1.95768259343346 0.854707643387611 1.72514924769645 2.84331668564373 0.975301735879909 -0.367196018760694 -1.38777184714553 -3.41422402540151 -1.2583616352228 -3.4348477408661 -1.9963460993968
"649" -0.576961515321084 -1.52792526119252 -2.8604035703762 -3.92547332119002 -0.189549286744759 0.262444140967012 -2.23806849228877 0.603031477914744 2.83680255880976 -1.09236178299142 0.221231326425637 0.682761398901877 -4.10407628576015 -4.88745773265862 -1.29994886800401 -0.696688089595023 -5.20750832413903 -0.983115149949948 -3.83803692565798 -3.01595538242972 2.19834334030156 2.59541714443751 -2.52211783002644 0.523732882725394 -0.662132449226258 1.63195038410228 -3.23304106509987 1.63237570230964 0.323369084274904 3.99582913823801 -0.322112179889706 4.46603868277131 3.50248200110895 -3.18106992067442 2.53692693355379 -2.68396204318516 1.32834802940274 -2.25331379697626 -5.11769191864115 0.411980516841275 -0.438478793613503 -3.10442574818439 0.775278675833103 4.07617673322085 -4.12004259571356 -1.71261854818825 1.03089471641114 -2.05621466349075 2.55642042623917 -2.21920430239934
"650" 0.264360272996846 -0.664311735668235 0.406645052870559 2.02213013557709 0.535244081717023 2.02319705957895 -6.79946688252631 -0.427908252476245 2.03287582174235 -1.98409354491871 1.63783575023588 -2.39163971801607 5.18742742511269 0.363245130714927 -3.13834814003887 -2.30530776258862 -1.92139740615436 -2.07472961443868 -4.21824533050358 2.12750031444564 3.54172176272746 -0.517220012319201 -1.65684076519651 -1.43117842976362 0.00809470946116807 -1.36720215161474 0.910290009112157 -0.642086340177356 -0.449575489992721 2.68614738872247 -0.0300063762973134 -0.478138388626829 -1.36886418096438 -2.85417464958034 -5.67105297489942 -0.750225416732703 4.54274127143508 -2.08858355287032 -4.14967223647873 -3.49895551628711 4.60164358856999 -4.034460515649 -0.220622919431212 -0.809936443232963 0.420551094819939 1.43564956817866 0.755877672544821 -2.82931081136828 0.0213289907642997 5.77181602490327
"651" -0.176606682051772 -1.35906402574501 1.32910332163573 -1.39472184047865 -1.21878671332628 -0.774260548364482 2.30895920993777 -0.0670025050726902 -3.76022470203888 -0.899740747420387 -1.31637791534095 3.69440564409738 3.43302848288385 1.10084994047863 -1.09509579563919 1.02368924976239 -1.2985855025799 0.202881417035509 0.874469763967431 1.23498924338525 -4.143936025165 1.38277722032721 -1.38293200586427 -1.97952024207649 2.54716486398047 2.4169138817244 1.93061978381374 0.627583187571825 -1.10571112916481 1.79155961024876 0.642455143812757 8.05203960814203 6.7214900972519 2.24076148659252 -1.90786594550249 -2.07289755796838 1.35888277573372 0.984302983889678 2.12895967873471 3.40457598950136 -4.37825959296083 -5.53726842247224 -4.91768022773007 5.45613857199327 6.07411593773407 -1.81184322479749 4.26832417950562 6.64006821846464 1.18792854537279 -2.58690491448196
"652" 2.52555576324674 -2.78519420508004 -1.44535552214883 -0.356356993324766 1.01942227848027 5.96506510688417 0.462635264782118 -3.36247752681832 3.00139506113051 5.27199481675829 -0.482880009790438 1.37956652948151 1.41990642735496 1.87521563362824 0.613921511718736 4.52470500991812 2.0004795009698 -1.05163704380508 3.13217078876197 5.172525382008 -2.18507979380479 -0.506215722242618 0.17132158175129 -1.19930656573432 -3.11663340862402 0.743678641847721 0.104060567689127 1.67259634761701 3.90132228084908 -1.82260978698816 -4.39726551935289 -2.26443697674144 0.541552199419255 0.733557230804285 6.05212584974558 10.5180692503939 -1.6289576923833 -0.580359724144972 2.56048427869938 -8.50678221402149 6.2285135916497 0.306592969558517 -0.117451357205483 3.45837106328658 -1.66781523435893 -1.48388024171489 -3.68676657049457 -5.66509289791032 -2.20095016627282 -0.156464065689211
"653" 1.39975779782401 -4.79278430292357 0.00730547327937409 -1.13448162792896 -2.39987983089284 -1.32114828614473 -0.929272899047653 3.97179981260839 -0.0762348106485463 3.93492065820083 6.52029078317759 -1.41597482353497 3.10793859599843 0.567185906457234 0.676334135629344 -3.44685546338498 3.06024367639484 1.74104911262597 2.7715208646447 -2.12034430874844 -4.25185762955849 -0.758374392966157 3.20047757046125 -2.17678729867532 1.36311541358691 1.55315886790901 5.82951446931623 3.64516505854256 -2.94442325801439 -0.385548054728711 -5.09410327579992 1.9103957581994 -0.389864227694705 -2.28046746551538 2.70020805590673 -2.20639844488323 3.70788744906594 -1.74758697115715 -1.33446064945549 4.40971635167132 -2.36146979813306 -2.66640930516438 1.9311790945879 0.00828639203545796 -8.29957644829455 1.998942707938 -7.38778053974879 -2.62833649371562 -2.21491413178014 1.98262148532846
"654" -4.30222615524309 -4.89970203021052 1.86477834185504 2.08721138767177 -1.23662675908321 -5.52755599479375 -5.13399515862444 -0.871398948267767 3.43046328948101 -3.99895156256735 -3.66133513518019 3.55494769905531 -0.596947260259288 -4.67586776176118 -6.28701597470192 1.11468929813572 -1.80986976543621 1.17627638541863 2.02944800592226 -0.727741469720116 -0.337848451997679 4.01882238051954 -3.63190462803967 2.46374320910047 -0.242844597007001 4.05938489371654 -8.51035941391811 1.02351752482736 -2.24021334278259 -0.381910416532593 1.20399618958103 6.55205624299631 4.86254974108615 -4.28387148049478 -1.54735016732301 -5.12154548072078 0.688302260339839 -4.33975661756043 3.01510463479892 -1.8771554557827 5.82172257333331 -1.53229488599485 -1.22710743718987 -3.64859690747462 3.42588868721102 -1.03732721085453 6.41507219214605 -1.97410508913527 0.459805311795094 3.32455231380536
"655" -2.25733994315355 -0.421104531333476 -1.61520192747837 0.736766677400921 1.4830678248382 1.37428566436304 -1.86116187580601 3.82048244525432 2.74987622928369 0.166643400356275 -1.03430911175969 -0.782901736976877 -3.79458155826152 -4.686948913679 2.71216434874359 -1.80331097684467 -1.31056523151598 -2.33402507209289 1.06780457144111 1.30117583486284 -1.55737565189144 2.10044867337542 3.22570593285012 -1.8611692375542 -3.65374911144336 1.86121566617152 -1.63002320587911 2.9005891801134 -0.108635950095879 -2.77106248970977 1.02641440758089 -0.461710703573027 -6.24848837801624 -2.59112189694158 1.22863039417693 -4.14788702742011 -4.33941477271337 1.13794300127095 -3.05592494998425 -0.721074334770321 -2.50198540314776 -0.668813272381138 -0.699867465990374 0.89806748387387 1.23307629912354 1.79282746857351 -1.02247764089201 -6.17555981871677 -4.34172410549309 -3.14362075662983
"656" 1.85118564569464 2.3850833211828 3.22885893041374 -2.1575771490908 -0.467332953358596 2.98189654188548 -1.28019759285634 4.04899311554226 -1.46582005901666 -2.62728467082328 2.33907566148627 7.29198457312527 -5.58388763727306 1.08980638505627 3.77545952092448 0.507699837220373 0.295215102007204 0.226383523014439 5.67433915512654 4.03963272603025 -0.935338649526015 -0.00841432671444989 -1.65316889991876 -6.78342923013263 4.28669925266774 1.75693564460075 -5.38074714607888 -1.71360173696824 6.21208031288874 2.60520501933818 -1.44207364118284 2.96472780527936 0.66629353600081 -0.101503483458514 -2.20439370199183 2.07636671147367 -5.50251036313053 3.50308759767495 -1.93759927594139 -5.9883186104704 1.09804058820033 -0.992824003046105 -1.84517713846839 2.9104158016723 -4.98021223703997 -5.81223998735841 1.54777032310156 -4.10462232122879 -0.514280280330923 1.54080236179759
"657" 0.500749488737932 -9.32134418960131 4.58041409748599 3.12726124771977 -2.71663602307149 -2.63099665909103 0.479470784367417 4.35386976528489 2.2228764806401 5.99601728565301 0.544616938589866 2.22290497660344 2.81282912979412 3.86357278923662 -0.308522502271413 1.16661269446221 2.37347402765872 -3.21824483403716 -1.09689925685895 2.51453957547863 -0.405380231629104 -3.83496591535482 -1.51952373226018 0.606305025966829 -2.43514190020114 2.67179330377692 -1.46876128702593 2.65298475786807 0.903031371591315 3.84012619702882 2.25698551894619 -0.670533460470199 2.69002406135168 5.13507009720863 -5.64029444064201 1.95805530048072 0.983176653041889 -1.32505405190107 -0.673313568301461 -0.767737829284386 4.169992224114 1.18138647840934 -0.934675721879986 -0.797568498654196 3.82174525153837 2.49225295458616 0.675118466057028 -0.843188234830521 -1.40573522333376 -0.52277409604413
"658" 4.94699279044679 -5.01881639183566 4.44299439497297 -5.04001331904026 1.30714693951832 -5.7084729314507 1.62779553643258 2.22082320523393 -7.99132044795722 -3.28598148250649 3.30693971799133 -1.10265492934807 -2.16801748001221 -2.63898808542844 0.330240552716868 4.39392588351169 -2.00779397431171 -4.32373274330355 6.58053461607128 -2.6896967249966 0.76941467388798 1.54609980707301 0.774905319233489 0.831509202822832 -0.122474815536106 -5.6212800765001 -1.62007402739592 -1.01746181905987 -1.34989856457883 1.19237406286497 2.79534731995539 -1.90846759789438 -5.27039986711446 0.156193056868896 0.210277423294673 3.0715153894151 3.60345643416387 0.505607900653952 2.15311592797402 1.94732931728223 -2.47605137319176 1.97985932726476 -2.00336988783505 -3.31360513462588 -4.15514528953916 1.39313785689492 3.45736893462822 1.27309329601033 -1.70359499988192 -3.21629695920861
"659" -0.03549813843481 6.06972372408982 2.99375642306968 -0.833239114005908 -0.16860905284205 -2.43196551089714 0.908761231880899 -0.838323562889034 -1.36759132095708 -1.28303398938843 4.26811081577624 -3.61073546235843 -3.44079014366387 -0.935853581403254 -3.75786237613967 0.914340041570123 -2.58292206371102 2.68964709530599 1.45231185214396 0.160631788905961 1.32119159424292 1.19075082232001 4.3941629479413 -6.78328899696746 3.45764360662574 -0.281445852484996 -0.580482680362419 -0.225441340900584 5.49910311685214 -0.732068523253816 -1.18931852662153 -2.31077877404678 -0.259295548330105 1.94762218040526 -2.70817512035752 -0.24126856700337 0.608330617901392 0.242078310879445 2.58581514113018 -0.1520186607066 -1.71849755485459 -0.280210681493018 -2.37566329549564 4.04446128439058 -2.34252303720081 -2.53851290441281 -0.308789657270792 2.8608681273404 -1.26512021839325 -0.62259208232883
"660" 2.79441827825167 -5.85435354670803 4.27260635844991 -2.60837106254727 -1.41029245000342 -0.120732081429774 -3.20014617192395 -1.8162886628204 -2.66533133750183 -4.19839642325246 0.298045808261674 1.61336340981352 0.636427788830227 3.80457177532159 -2.93452394020521 3.39174316186348 -3.94909010298586 -3.00721021009638 1.51459438570515 -0.626233145054989 4.71054608607335 1.86476286707981 2.74177366356824 3.58455952888898 -6.73505621651676 3.00929915174846 -2.91160301883959 -3.05588557412705 -0.263924772904397 2.24458234062236 1.59354794607002 -0.464356460790694 0.350314564083468 1.53656069151404 2.8100492033995 1.86703502510521 -4.83570141702188 -2.19922646070384 1.37700573552384 -1.06116623373811 2.03564420876109 0.106824744616164 1.29146558583335 5.1190315886696 1.12097034117311 0.821020298937486 -2.06608879932315 -0.698652782885298 -0.324632618691976 -4.12319478492342
"661" -3.64690705661791 -1.27173948484711 3.38449929780109 -5.64362071490291 -3.42163820243436 -3.92478128157008 -2.38636530917103 -1.28740558553375 -3.26034203244032 -5.64336907595689 -2.65412190246723 4.78527679433092 -2.37952299959513 -1.7172637886442 0.0960596532614633 -1.54977639748884 -0.313616854453118 -3.79006722006177 1.13186737881803 -0.40435219033934 3.49073927671984 1.02669765930964 -0.299195753888544 0.639431222759404 -0.521793270736992 0.567505369862248 -3.85102706530634 -7.01506335006649 -5.68985751389451 0.424933791438262 1.42799718934818 0.782689580524344 -1.79046402225295 -1.79602816387857 0.282202266982389 -0.768324970177978 0.567337526473122 2.04283466828767 1.99425588133935 3.89278671384528 2.80972296561654 -4.41147236312628 -5.178030212069 -0.932816947923989 -2.09275098042157 -1.00453051408013 2.73906722279962 -3.04176549494488 1.35326933157613 -1.97347761449236
"662" -2.92755778861584 -0.498146437125868 -3.57174723371563 -1.47457301184445 -0.924523313612358 -3.92181508454164 -1.64935529743025 -4.29636387064365 1.25219122963322 -1.62375706139538 -2.4952270370727 -0.640737593677188 1.39962813322974 -1.17895617975597 -1.86378529493875 -2.41898190944323 0.195451405958082 -0.720133167300748 2.94878737490424 -5.9399112280234 -3.42065978659029 0.967508864749217 -0.803463466310926 5.17758246399152 1.8740065714083 -0.664887172448428 -4.68991796327743 -3.8269532249706 4.17125609704449 0.357590404980708 3.08979558643867 -0.252417912163069 8.17962602628674 -3.76561695750666 -0.840157498582485 2.64592169828184 1.72979837077596 4.62583222370518 -4.40477589758948 1.94711919329043 -1.95372418810067 -3.97181714672256 4.99113765854081 -1.01054523705294 -1.03625320651457 -5.31718174985764 2.50547656337337 -1.30550147298079 1.3675764707245 -2.15877564425494
"663" -0.650549467751144 -3.494594801768 -2.37157726392682 -4.20043690956657 0.586223857595697 1.68400081251861 0.421895920374428 3.86684886148341 7.8543130303823 0.221506407355974 -1.91028012073802 0.108324170719101 -4.08773667121001 2.28491568725304 1.39079583081537 -1.98742064574666 -1.01607144262405 3.50393535151252 -0.324060742838456 -1.24285215655223 -3.70593513796268 0.136213813671482 0.314367964269173 3.45737166174039 -0.0168931370668633 -3.70865978043718 -0.647971816833115 -0.866721371023084 2.00673586189617 -2.94934360992794 5.16740151238132 -2.39574856822498 -2.77422648782955 -4.45654884940413 -1.40114732212002 1.95387801090927 3.04327151535577 -7.81648509316749 2.07915960400481 3.76198248696035 2.92665858567711 -1.28725225878008 1.40382542220295 -4.40535429046869 -5.73297722256664 0.352476271808148 6.90569532447511 1.55035223636836 4.71050388587218 0.937836697667676
"664" 2.81064996780668 2.86888835221029 4.46659069301294 -1.11369131035104 -1.33340396401244 -3.6745630413876 -0.69663396187743 -1.24979203720578 2.48054356400453 0.137304915705922 -2.89846529464857 -5.66189531223635 -2.79496572336269 0.762176320455466 -6.70873567479694 2.25067298091017 0.344328188883566 -0.330029593500737 0.41323750548909 -1.76831094477191 3.62280908043513 2.36632722955425 -4.91427999021 0.0958300977066579 3.8717882321931 -3.75484544988721 -2.28394822512479 -3.49192285314973 -0.809058338771349 0.632967650089893 -1.25096585955299 -0.70508448843222 6.64245993267936 0.592580321642911 -1.59057364082823 -3.93064658305901 -3.09354858859549 1.79637515714815 1.36737597951707 4.46685726523632 0.997476465716258 2.87112248773325 -1.41589031275396 5.18272708672187 2.06179557395395 -0.290016628488671 2.04800523483243 -0.852924099049125 -2.04309597369053 -0.0533062794762141
"665" -3.33897958131567 0.645211927773432 -5.1502224513159 -0.58484555965837 4.90646005308863 4.75107557876432 0.882013632383922 3.4363473753073 -0.293451037922594 1.39747837731153 -1.11842625359811 -0.605886690918513 1.96714704619833 -5.54303223437375 5.12841342060004 -4.42224493483053 1.78928920040713 -0.261410460940816 -3.14462548407069 2.89804259601895 3.05269679494745 -5.39978544814953 1.21829956615839 0.319491462384033 2.59397169204708 1.14642511460251 4.14838633806865 0.766047890326808 -3.28478235841258 -0.193569144513801 -4.81175855520153 -4.06928745474694 -2.15445879030796 1.42605307023762 -1.201923940055 1.22041984408295 2.82858701133189 0.381305487478858 3.18183673966655 -1.5978036739471 -3.62023420339976 -1.88682965775097 -4.6691951471732 -0.258888026927581 3.56427146068287 1.11643218980077 0.272433915939955 1.96202892269217 -3.29526293631886 -5.71296260904946
"666" 6.96608862602567 1.61012627385846 1.01378364280166 -1.36677288228963 3.94765320019705 3.01000316174152 0.698951204758196 2.69086912188876 2.53934821257273 -0.772245102183668 -1.94584770178903 5.96306945554799 -4.24457540061696 1.278245695533 -2.78001047528737 4.41500600738236 2.43417879945821 -6.10601783293533 -0.716373671748839 8.9307665355188 0.502805833350915 -6.67341993654146 -5.91316158331473 -4.64112160918222 -0.666935808848878 2.19886295805535 -4.46548132959268 0.752584336336344 2.6053623099038 -0.0340294229869841 0.270226913593647 4.06225792628125 -2.35299328051454 1.25851613694399 -2.94813221334097 -0.422776584769519 -1.05223097884747 -3.32254771977874 0.605671191143412 1.82667831396499 -1.01531939519754 -1.3781817615967 -4.13738942322893 2.57566203352407 -2.03328807173545 -3.09440989481603 -0.832665737190779 3.47122097638278 -0.476974877494756 -7.00317951052067
"667" 3.46050847739295 0.473876824972607 3.25765419183609 -1.23610188677778 0.599506940035317 0.604383945511898 -0.286629519217556 3.19781598243193 -2.99982329631157 1.66704715002033 2.50971241484466 -0.736898997547306 -0.436455561861838 1.60807405393775 -2.92119450949235 2.94553841026489 0.972858620697728 -3.24856063225051e-05 1.99224494355552 0.343637099625143 -1.31789508041869 -3.21715208966132 -3.11005580782486 -3.41059636507634 -1.19325745955578 1.66588779632641 -1.03109892908235 0.81774958562506 -0.0443761332647963 1.74453187170138 2.70134889063831 3.64829627907619 -1.89601226336108 -2.55367669476923 1.77917698456327 -3.20172630125757 -2.34383547714802 0.840901832287246 5.89417059000428 2.60450879226019 0.499816507874219 1.5164432534106 -1.66077276653331 -0.926197925024527 1.7314225607002 0.954486679494612 1.45732735058385 4.90318407201095 0.184526670046464 -3.84424410907673
"668" 2.28590792993348 -3.20677203935221 3.01860943445766 -3.11443940211224 -2.78730799955918 -0.0383190581233721 1.35913403681561 2.51712651104146 0.176879375302633 -0.683615465140716 -4.17006229392263 0.452184359248175 1.58545354246323 -1.42610264178477 -2.07357424450818 0.375721783089183 1.31857341550073 4.89225985579856 3.09476145793443 5.76832217385634 -2.22424694583615 2.24753163328168 0.742334651987805 -0.387605624739389 0.089825755740314 0.246060687787426 -3.38912868387273 -3.43466012639848 0.240573336635885 -3.19671585318295 -1.92471142145717 2.48812483632486 -6.81637779215232 -4.7757202718399 -0.828752287460043 -6.82396210431662 1.24930317104055 -2.23992874904124 -6.73028025523003 -0.631304615029318 -1.792833628149 0.142872043297373 -0.958974170473106 1.92591359823783 -8.64390659260761 -2.48384709901189 5.54764050071945 1.34921630047405 2.00091082763951 1.03319482629874
"669" 0.738689055456667 -0.66473943299572 2.54379303351082 0.253877617216058 -1.93289805329548 -1.48645648364103 1.93467019404151 -3.16974941501393 -4.39708241136605 -1.07468852938513 -2.1468722460479 2.34612105930453 -1.47425841824713 -0.205697643212052 -1.38135950922118 3.33605563236347 -5.04531249363346 -1.74566152886346 -3.40629331280831 2.37676271664008 1.81502143684901 5.30755255269285 -2.26927686136873 -0.883641125200911 3.43970280982944 -2.129674446523 0.251437690687557 -0.779030356229281 -6.63212632603266 2.33514602528402 0.793323874286499 2.14513714703697 2.79868479563668 -2.63197182549119 1.81084846846379 -0.675137919373975 -0.892335263541633 4.55752749053702 1.18342089221718 1.69902644539668 -4.68980187692169 -1.54909907625088 1.84808336109514 4.35402855201797 -2.97280826889721 -2.65342138445428 -0.585933681808837 3.47566973206466 -0.41137626502145 -1.59493381604988
"670" 0.353017303809388 1.977783606458 4.12538410173947 -1.08378355074793 0.525454760428348 -2.39317261491828 6.45135414870016 1.46639014103867 -1.93387483294216 -4.18156666737265 2.56639058139533 -1.93010867881192 2.34923951335277 5.84121306957876 2.1660782895973 -1.71261405542614 -1.28354756420574 -0.858817229144595 -1.6480850274295 -1.36274189580629 -1.57353932280234 -1.89828284735019 1.22934372732962 2.94398767026877 -3.88876767378026 3.39462678065308 2.71306447731437 0.241623990265782 -2.77682732714442 3.51841666793917 0.916515904005109 -1.60383794146886 0.339828022749575 2.65412534091574 0.250036633508306 -1.49920998080267 -3.17008146288861 -3.5261633807334 2.75903492915173 -0.574235609652368 0.228819482584869 -0.991259156792662 -2.42477016455389 1.62138357615024 3.07211312790652 0.656347791756387 -6.04556431342965 3.94651276290693 0.92784716549239 2.12062752148424
"671" -1.74855146556718 -0.215893733466827 1.72917824743875 1.79188019663566 0.654084246283018 -0.201876890625905 2.30976592890138 0.447444038294864 1.95342546109671 -0.0631983668843962 -4.40086782468142 -2.76667320953615 2.23730936446114 -0.614002553868223 -0.486287360305497 -0.520568295944911 0.11190675821077 -0.321981851497987 -0.92116140416348 2.78192523203801 -0.11470217135005 -2.61547472178715 -2.09348818747768 -3.72937152326198 3.22483177930075 -0.0290310083738052 3.34259435486858 -1.51291092497544 -3.32396790594222 -4.31967449176962 -2.43823729935236 -6.13482108698322 -3.62768902299425 4.07968284672093 0.494590063294407 -5.53750946803536 4.39177233869061 2.7804574189417 -5.51950127583739 0.919017288195237 -2.84804897399576 -1.1300530491811 3.44353865277859 -0.627171932693712 0.438655148608715 2.45433458693408 -1.80490852227117 -3.89596680138488 1.07492919463371 0.57147993313054
"672" 2.60774918048209 -0.490693791302734 1.492410550924 -0.983335919096157 -1.42735301755272 -4.18844710577684 1.98681276890779 1.17406632926038 4.18249598329685 -1.51964455231471 -0.147032456546826 -3.64511651356141 0.909716233215138 0.0249764238369908 -0.532766726162468 -1.46539279869293 -3.19795539840293 0.278989542499502 -0.508222642899726 -0.721157867214869 -0.678896776800613 2.14259647401679 -0.321327212778077 -1.45617662886457 -1.7706498933278 -1.18949277785896 0.261384200093708 -0.132689059405353 -2.61449117777287 -8.5717154078749 1.06538289822405 -1.2664767871476 -2.49687458965899 4.4209536606965 2.62141785496319 -0.909885390971046 2.16383259638604 4.23785191852408 -2.43108667118326 1.5311436798897 -3.71687094125096 -0.844397943866692 -1.09025654878217 0.778728415760761 1.97725953656242 3.68862282491201 -0.107544451039454 -3.52862259098778 -1.66730686424658 1.54166983216969
"673" -1.1400329291867 -2.23137340836439 0.223619330342982 8.7220863703082 8.75483804171802 1.28727623256499 -0.171419397651272 -5.35290083022214 -2.64258283025732 0.0295297959884409 -3.85525229957885 1.28616881036391 -3.45287333478175 3.8632651011839 -1.40641591204499 4.70966021000621 4.36396861040976 2.43025029478382 2.28496579582418 3.374766466472 2.97082681843211 1.35173390754724 -0.160945066990835 0.906764351112809 0.19034500865942 -3.22244114254281 -4.04107811768924 1.73686766822437 4.98518678806823 2.03655040947525 -2.55674109807685 -2.49664572593232 3.08503662706425 1.15703889318903 0.711449889850972 3.38682503314361 1.49403719165743 -3.46821873287325 1.89734319450734 -3.05261876687451 1.3502154387531 -0.0864498061371328 1.72771884304114 2.91570085463206 -5.44476719477641 1.14373037462971 2.69175547417292 2.90448656237077 3.53104742309356 -0.0937723553633354
"674" -0.99449221008113 -4.39779350392022 -1.21561571307469 3.81927692977619 1.76518120550674 -4.66203725271782 -5.20913434286387 2.40599045023599 0.873512518058376 -0.0472981677535197 3.35177128580839 -0.107189779962759 -2.59868815078541 0.44165224092997 -1.39354431153845 1.05771944877751 -0.89162753740879 -2.21531556952073 2.65980203456559 -1.72488218041224 8.04455134216769 0.487688057848379 -1.10542940516232 0.335067749612365 0.486470472795983 -1.23414278475107 0.97525060534616 1.44454526163968 -0.620385317471638 -0.998681297400334 0.41503133978249 -0.628157376867754 0.967117102043405 -6.13131659322153 -3.03719490022574 -0.411470287129029 -0.816002733417819 -3.5860552344051 -1.69566269312276 5.28114131766169 -6.77663072498793 -6.35192261408608 1.07610851886508 -1.9457879491474 -3.19256080405744 -3.63856482432289 0.660455005043779 -6.0511832355863 -0.39135641686722 -3.29238645545005
"675" -7.29340496447546 0.923971187380773 5.87822818313978 4.51001949371701 -1.46755040441103 4.36252686091812 -2.45032515201478 -5.2634867615852 0.471365355768378 -0.151312461748908 1.72632438501973 -1.33539263827691 4.45661236002222 3.47388761167282 2.93592069453659 0.57826480292144 -0.816673869196643 6.49635112652867 -8.61171420189178 1.59333752949008 -4.05957540329054 1.94090809576183 0.749010175924732 -2.20246770742212 4.32466525300911 -5.26077620158202 2.63404654172173 0.320940273723754 -1.16365240377146 -1.62813560095338 1.87281889567179 1.58891919208466 2.57029871959344 2.43456532208476 1.68862756547633 -0.86175031071921 3.02955752662722 -1.26879560230788 -6.86436517076346 -1.39054108350845 0.953932559320764 -1.81997897944442 4.47988049870191 -3.11703696103841 2.37036697344723 -1.95459227830947 -5.11931851068261 1.63972309233756 3.00516599355855 2.28479949233476
"676" 0.83447045858602 -1.60987484351748 1.17024204638887 -1.29051476611925 5.2258596150231 5.66045156183668 1.87337917595906 -0.478990656934587 -1.65427211495075 3.74138446710832 -1.92780402842237 1.43232287935784 -1.97439796016642 0.435599464480275 1.68162649190813 1.2507432557273 -4.50331828189419 4.27059887367618 -2.40727422321996 1.96021234792433 -0.992393473209364 -0.296279750177807 -4.91831123460732 -4.67518850206344 0.868274028848022 -3.58217074436282 -1.91089903405914 0.671569958603994 -4.21782366477836 -0.574876445257697 3.98536899621641 1.76828827378587 -0.149916444840555 2.88674909433678 1.3026576281948 -1.18311612964688 1.99548784067468 1.61503516407348 -3.966602748948 1.20733472916531 -2.57125511253013 -0.956838770916122 2.30540881451651 -2.67152045753318 -2.34098514132754 -2.23509949863539 1.74750591555359 -2.71336443336594 1.74791250372796 -3.31712655321854
"677" 1.64563729303533 -3.32569366498608 -1.32185797140705 -1.21062475269112 -4.40258394600779 -2.95185930888464 1.93512326172293 2.41623926775495 -2.76228554428759 4.67353567348626 -1.56911068289859 0.517352930130664 2.97737359022141 -3.04838677480606 1.16717748608389 -1.0369645418694 -0.377618135139859 1.96955952064814 2.14364436044731 1.71401716447791 -2.12247101384425 -6.53765722453342 0.223185078120187 -3.9468570450402 -0.0397693536861508 1.01722123883136 -6.10312005195904 3.57119767100094 5.57433920282175 -1.48535305711812 0.951727886925953 -1.03852053147725 1.05961805767905 2.84636124912733 -1.49249077514029 -1.25844072977582 -0.542878446271649 2.39483125985116 3.08477275548387 2.94012726152941 -3.33008268235222 -2.6619083838047 -0.146740043725566 0.841028788661884 0.804674837201266 -1.19879949112097 -1.24338248343096 -2.69503610148551 -3.35665465670299 -2.48732345760249
"678" 4.582937094993 1.15550901126318 -0.156264597327767 -2.47156522676586 4.5807472628445 -1.48978188503678 6.63603482438737 2.28689424200201 0.881313042798212 -3.76201981701692 2.66507515281357 4.2824016762519 -4.83479792128562 -4.4184234035647 2.15484698749451 1.49805647336652 -3.23780639238624 -4.21154649370871 2.95297763148208 1.69071132616603 3.3982240179886 -3.71340533677438 0.970914573395387 1.33114121389886 0.948111441628645 -2.06351494171894 -5.59975023390961 -6.64515701475766 1.20510461677176 6.60067506093528 -1.44776161666907 0.351677976293011 -0.274935594002723 -1.44869797310514 -3.53613232231827 0.458757193080091 5.00905104210812 2.71102834429694 -0.539988360278691 -2.06962622924193 0.0523552458843152 -0.796932976492335 2.67461706863549 5.55869535530731 -0.436237803607146 -5.76332307220478 2.73623842911549 2.78187773676602 -1.90007822677867 -1.77454622857805
"679" 1.26137648050919 -0.272545614526937 -11.3340090604313 -2.41089721347641 0.35694534280222 0.966895485240873 -2.75495996037404 2.23900876457658 1.9382025126383 3.23928120959826 -1.96740280507295 0.588396859811707 -0.707647220976913 -1.79016525589352 -0.464369234923008 -0.807034322996301 4.53057742230588 1.64721395836445 1.87078921163942 3.83401019794496 3.56436139301149 -4.89663071499664 -2.93109672392221 -4.41936395753501 4.92019159074808 -2.97073060775663 2.0202892052758 -2.68564308424786 3.57244093363179 -2.46936264717616 -2.9297674388959 -4.1156989487297 -1.71888617741507 0.43314167011936 -1.76464664302768 -0.085877045888873 3.49493423732048 0.909856201928743 -0.35966095632664 -0.0646025623154176 0.516111109192791 -0.92502719299093 -1.54569503316337 4.09935271072337 -0.901387139780872 1.85393290450759 3.04385292685583 1.88727130632146 1.21794172263682 2.0796816449413
"680" -3.60782349388177 4.55948608070662 -4.49287029534913 0.294795293555539 -2.22181566745941 -2.4144215247557 -0.0558357161673868 2.43800585404471 6.62026397284932 3.49595538162401 1.09241882821403 -1.03782990601354 0.288882563165586 -3.3014256539266 -4.11083883687257 -5.33163253947093 -0.607990424190261 2.26241381939918 0.755104576755072 0.34587953512405 -1.79103718426684 0.717969383968292 -0.31681220808468 -4.79791474644374 1.14625437065079 2.15333293125696 -1.24122331930154 1.41527887449856 -1.28003818131246 -3.19671837631844 1.59434429972884 -5.73625692631179 -0.624226625109776 1.26433182740485 -2.89047993156231 -0.686590013666632 3.14643199040794 1.01611505367464 4.81962074054182 -6.87406909657027 4.69517487132844 1.78556715157975 -2.1847050531499 -6.68156485086876 4.71406230237117 0.338736496761258 0.760373198281494 -0.346918659833497 -1.27042922749694 -0.511715146310467
"681" 2.59754346639675 2.13626753227477 1.84848770019194 -0.177050423069119 1.42986617340033 -0.184659323870727 1.55434405145769 3.09455237614201 4.90339220067775 -0.408688504846785 -0.456684126907559 0.891468243894925 -4.68973792497719 1.54859439939595 -4.06172676972441 1.77334283315469 -0.239978949677904 0.0312625412061761 -6.23946483086002 1.41188487913873 2.97459698586095 -2.61003933634167 -3.52986367977628 -1.34176664719097 3.07574406360851 -0.501434044713078 -2.41875561899532 3.43313106228174 2.71859594530527 -1.71148404345484 0.0321585022482677 -1.52861218952852 0.962828098171707 -0.281499756304607 -3.89979556320511 -2.21553715020611 1.25917582090219 0.135315111078112 1.69112937982787 5.00336834885946 1.81649374330244 0.22293418896318 0.248962633834122 -3.11646330571894 -2.48612263188292 -1.89845675566789 -2.09786132910851 -3.55341189559803 0.660166022284138 2.3569504458722
"682" 2.25717234431574 -3.86132827736788 -1.0066505830407 0.211661125248438 -5.90758905279758 -2.08604134716858 -1.75683457553245 -2.44811177802036 -4.04385523277493 5.5522787513668 -4.72672949861565 0.419550535920162 2.3917737348715 -3.87375623748482 1.02744561675029 0.444273655500882 2.76333379662052 -2.64451609879944 -1.35357554158948 4.66131065104209 1.20354927211806 0.0617038587510509 -9.17363831781083 0.5938579053024 0.139425222885999 -2.86973414228217 -7.07622242615634 3.13782496943816 -0.262713084076898 5.51663419156636 -1.37484833406284 8.87680416412046 4.35191895051057 -0.941698253921272 -2.58971326347833 0.274234083858846 -3.05048662234616 0.041391669136136 -1.49215077722056 -1.12247342757027 1.0086672044028 -2.93908694444411 -1.9660197359508 -2.45315360426436 -0.503151138040949 -4.65944456459629 -2.12995439110867 -2.55417119533468 -1.90934697221871 1.72836053731402
"683" 0.807997288676429 0.522839101471005 -1.97310750633239 2.34039841695583 1.13786913544833 3.24053754585706 -0.570932035374494 -2.33678463218807 -1.50487856143992 1.61572968801904 2.46303953049604 -0.74399420436458 3.97946527906463 2.92982699316875 1.81520388159146 -0.611530212823431 1.45728104818746 -0.538557461473575 -0.936038869312945 2.81202206254158 -2.37423503364026 -1.47241798260506 -1.11653979423899 -1.53644157846554 2.56272745785201 -1.17246615121283 -0.16908566836525 -1.2987066534986 -0.802704983100801 2.00868151402342 -1.74910574949377 2.35084977640653 -1.14632990345841 -3.05887657205597 0.79124069823044 -4.13452581292754 0.435061073528375 2.40044193721205 -2.05980833775645 0.320948588592765 -1.66801462226042 -2.65494409062938 -1.0267252540058 -1.74321245744711 -0.410421438706821 2.01679015739892 2.32894045708644 0.395698644369838 1.85280057113243 0.50887289657481
"684" -1.93334745795629 4.01985020731172 -2.1381495780542 8.11436604165207 3.23494762839561 5.93033573485968 -6.64758612240205 -5.20298019352275 0.433051056360668 0.859758046366362 -0.210038335551348 -3.81425742132185 -1.12341161426798 -2.99280466616299 -3.31312717267836 3.9123194792205 -2.60273011240126 -0.161316356538786 -2.45369778720235 1.02986088526702 2.44098598015885 1.71687911427459 3.9652124890728 -0.0288730527898837 3.96357240806896 -1.7372578402444 -0.359648543222915 -1.31022703454476 -0.823310580989253 -0.92387388724227 0.246079665095471 -3.13752342213176 2.81829924573676 1.01160606527146 -0.648304592540733 0.996236195208328 4.14264058146003 1.44144964711129 -2.73030301950374 -0.23131986268303 0.0470708597275243 -1.32764248683171 4.0253819252234 -2.87152831568709 1.37074526246787 -3.09654007885768 -1.83294563749867 -1.147489870578 4.68214505945688 2.15471324950775
"685" -2.64245777160396 -0.137703078573461 -2.90642175673877 3.70831627670546 1.14210105673933 1.35806036227399 -6.125313263266 -3.90339042853252 -4.50095106760752 -1.1801951388374 1.48651436554575 -1.3906813737876 1.65722555716034 1.28749208462729 5.41730805695271 -0.529792374265197 0.859099370165472 7.60306423229459 3.47034434190293 -6.06768756405564 2.22208348843023 7.09734036900965 8.57059760589248 0.405875028453041 -2.86695501928431 0.0210923820681765 1.05993437071851 -2.618941690773 -3.4502605386327 -3.70834864269341 0.00752628221558158 1.25126172806771 1.35016690629171 3.11922892597951 -6.88683372980032 -4.07588449666309 6.51058176755649 -0.00301249241440568 -0.411716285634055 -1.40555957912595 -7.50994587371059 -5.55117260281726 -2.31381315490433 1.3511551067271 1.22852031331191 -2.00531256789934 3.61481744660785 3.16842992775333 -3.44766390705338 -1.49130352477191
"686" -1.82312761674612 3.53835819422766 2.95289912689294 0.526034300677307 -2.67940379545367 2.76864593861715 2.44241125116545 -4.99048362720132 -2.32161533824116 2.7261817591598 1.56956628672772 0.773253408256993 2.68473983969362 0.485262504990478 -3.23654868119793 -2.02097295940217 -0.74977309676525 0.507751724256546 -2.26572040992875 0.303036416851262 -2.2938839661603 0.135850362169631 -0.60397962885423 -1.05823165188707 4.19284727198129 0.7127724854629 0.880722730987829 -0.592966280224468 -0.45618690538291 0.183700133745123 -0.777359101568448 2.45940799390381 3.29467190960014 -3.31518729028511 -0.160017445429523 -4.11688276071174 2.87508287880415 -0.54317222251636 -4.41412465290909 2.55198386398945 0.982495190587227 0.729569796951198 0.872493365361215 -0.807160110241693 -2.6759774512589 0.429047365959716 -0.848328351318372 -0.946617077648944 0.164044294161388 -1.12956663965779
"687" 2.67073372956632 -2.94139284497012 -0.555321160733262 4.30193543340086 -0.298511198890365 -0.0919639513462848 -5.42058696037771 -1.90478306325382 1.25741682919059 0.404770932546095 -1.912869737631 -0.392381647419377 -3.48605454494766 -3.52309917497165 0.68373461922433 1.56037631699301 0.442035294504813 -1.13641442075739 3.2479057895021 1.41095583977133 4.99015889141091 0.367074470338723 -2.57730325108303 -1.3717177563325 -1.71221081078236 -0.343398171384206 0.241449643344536 -4.11096659250676 3.49757757847571 -2.71777772057782 4.80470291130278 1.84449306283929 1.94708258385506 4.78470979691226 0.965625864160777 -1.03166411507524 0.422847370247999 -2.8866648121525 -1.18153336341243 1.87766251220298 0.0138998209208092 -0.848099550006809 2.2086244865214 2.7908513390045 5.18279082045079 3.73542953915402 5.18188203990108 1.61189880670548 0.464746240076751 3.83673713613379
"688" -1.05365203567099 0.101321013493789 -5.68128672757886 -1.42401410837798 -1.86952518007667 3.20896050627893 1.65281431519291 -3.25464522869889 -1.57177115765879 2.45332516891885 -0.355164795528549 -3.64033642870796 0.17419076992455 3.89222976664509 -0.0842069408811419 -1.57019403635654 -2.1117897947232 0.917665236062673 1.29708785033917 2.86575125960347 3.08888160711948 5.11685512347777 4.70805600293167 -3.43953861304098 2.8940131544439 -1.39018726158637 5.87094396781045 -2.86721805480127 -1.84833780026186 -3.9128937182597 4.3329408723988 -2.62171003873582 -1.97306692391544 -2.57413843807653 -7.40726055885455 -5.40254512748416 -0.79695651793009 -2.6155599045246 1.90350743970431 1.5486024142039 -2.11724188966896 0.968101731970605 -3.67691885176752 1.16797686529686 4.18003026125284 -2.87232673702129 4.07853686423831 0.627411487847533 4.41541408002911 -6.52665110910242
"689" -5.35161179812368 -4.6283587776954 5.10914439874022 4.19175277648011 -7.4867074981874 -3.98649930074211 4.16655448611752 -1.2450358397482 0.891015833155371 5.50232303106707 0.859096016353202 -3.07587897294379 4.45416857549582 -1.142277896826 1.84174056357575 -1.13008273732348 -1.89847445010971 3.06970325104051 1.73001676919051 -2.04478079310231 -3.86241941961371 2.05171237306085 -1.94742224185028 -0.53425944332735 2.48048513250085 -1.18577545100784 6.60430042338453 -3.54044712049993 4.77861993486683 -2.81083012993894 0.791663317473594 -1.47623315953357 3.89220185453984 -3.74176802539894 2.3527279707359 4.43570228462548 0.127298777312204 0.483426889040192 3.1448613000324 8.11171352621289 0.71513351054759 -0.555397217944041 2.29839418727608 -3.76237333149111 -0.591369229863541 -0.638282241477025 -4.53378021727912 3.31526864723272 1.97039010219905 -2.01530924693229
"690" 4.43100582720455 -2.6044321327198 0.195658452437084 -0.117745986774016 8.51832299678673 1.51250026072153 2.03333201151226 3.48936329372633 0.042180735896969 -5.40813020531943 0.205218539278266 2.46404638999921 -3.22138220712699 3.56559706800305 6.19100297688036 1.07007740968403 1.00595119395931 -1.64032068821786 -5.78133892660911 1.49023349441542 2.7573823176204 -0.00881311481591365 -4.27970627163451 -2.05940803610392 -3.1050557158862 0.457970790083461 1.54114459249349 4.7640673089979 -0.485218735398432 3.51755575796137 -2.30254711291166 -1.88665385385979 -0.684621452688233 -2.78816844257109 -2.22118293852075 5.15912487285058 1.81270216753216 -0.000387102022243569 1.4302549841396 -3.7897934879501 -0.239367086623847 0.0186697749935054 -0.191641424765299 -3.02673579808995 -5.29501445892739 -2.63731423614423 -1.11276934848895 1.66098218951406 -4.25314464915658 1.25026378210101
"691" -4.31129494712168 0.503038255337334 0.817733646063984 3.20070874677086 -4.35760800811335 -2.52483459413979 5.52224378901549 -4.53144448175076 -2.18404839406625 -1.23592782507268 -4.42708287146211 -2.36220166642922 1.91884715113465 5.82782224797188 -0.466364114681021 0.970111610587755 6.09581867500349 -0.847159784454768 1.6977782605636 2.3084017682881 -4.10460164154697 -0.137058746008598 1.62882258138955 2.39333462999756 -3.49176057172325 -1.16274891732439 0.135613192391422 0.782342820890912 -4.59801612804616 0.0117759120157165 0.137064044700394 1.58896939392124 -0.930370495099142 -1.27549387007369 5.43056864029004 -0.679425966065354 2.83361779960088 3.48999621218583 -0.506200218266205 -0.930326091209858 0.931118785883633 3.55781780969383 -1.85672013889775 -1.42049790367918 -0.454259276226329 1.24168217740044 -2.67948587288702 -1.86355819080854 -2.33248583824037 -0.0251806756876785
"692" 2.81726228398706 3.83340858060317 1.92661398863242 -2.02447333836627 5.61628257187807 -3.41456925082928 7.64892584624672 1.32310529084921 -1.08894854645856 -3.3544928493639 -4.30462591211496 -0.598257897241204 -2.44453153302823 2.97343774607507 -3.33847084158764 4.18294025712466 5.73826223788422 -1.58781480409084 4.41111586745714 3.26475362252437 -3.38653888564098 -3.04381133568941 -2.42906635357996 -1.44360361992668 6.05230832563541 0.308461374374896 -3.27673107363339 2.85535222298476 1.5282933104404 2.59982048406418 -3.93353511294777 2.34438218661365 0.0379013356197948 3.49958066413337 -6.15196469638782 -1.2346699560052 -3.35407399396585 0.800871662014774 6.11646703998835 -3.3449665473085 -2.7828248679645 -1.31439452106764 2.51091767614578 8.00543138781883 0.184687613290302 0.628407812837182 -3.12303158656633 2.87111307243548 -4.16331431668211 -1.40722336482728
"693" -2.69805963349915 5.06283059127805 -0.157354847783565 -1.90897258284802 -2.43201661229157 3.31538865845062 1.76951703963738 -10.5486454766925 2.83885360999637 -5.42254518467967 -0.0978970574409432 -3.95234315110752 -0.425386831774345 1.60310016271985 1.50375622387654 0.523848457894963 -1.2864402807336 -2.49954950601977 0.567534480382351 -0.732273043090855 0.0506804440607454 8.5311708078047 5.71781087047396 7.71159223537108 -4.91104275962856 3.58581491459714 1.37691589276419 1.22272445657636 -0.0398599493004242 0.762641095149575 2.7300350852163 -1.67171829289404 0.387581014329801 0.414227012811237 -1.0160576796742 -0.573079009657936 -1.7701418186306 -0.0263939973154597 3.53585692054633 3.30240976114432 0.94739563952973 2.31303195115599 -1.93796004875386 -3.37583541259232 4.98244021111325 1.37901057104123 0.115351504360701 1.3953492771781 -1.60535174952892 -1.51812525364204
"694" 1.78331819592505 0.218024160673509 0.177993125235377 -0.0328950638047626 -3.91607752192218 -0.377823548156771 -2.91583241542331 -4.92024787418159 0.684791606870235 0.48525628098587 -1.40269414508865 1.88679090405972 0.79396265772844 3.52035075318032 -5.45930545985178 0.0351252852397466 -3.09219497728733 7.73686483919555 -2.2370591669821 2.1307735117997 0.0305500381992364 3.85143895980635 3.45830002236363 5.47823354328844 -2.43264331752771 -0.0153747564616835 1.04800551221914 -3.19988661991573 -2.93220561712506 -1.55991489949976 0.698169766391718 -1.61173009361311 -1.4202171067014 -1.39868076871883 2.32927439865745 0.419910193802027 -0.799622865849801 -1.51184222631484 -1.03094401099596 -3.80427158964535 1.85385280045682 -0.14466539283647 3.35832654774999 1.22220640113589 4.29730761552751 -1.28173043072128 1.61495453738761 -0.591053015596872 2.63942656175234 -0.92859350679236
"695" -2.92994349420527 0.20076934642378 -3.83515067780451 8.8659810031754 4.6338727196073 3.79591781722912 1.71877469284783 0.407046156767832 -3.08425206243639 1.83749588735712 3.81389918288387 -0.566596926369972 1.99796271921105 -2.44909913741681 4.34604506593908 -3.64378104744987 1.38302031313552 1.81727230379607 3.71588162353991 -4.41447324508668 -0.00857955720112325 -0.207994548113639 5.81173209264407 3.03693862189813 1.20576353071016 2.29671295494478 0.71602913539298 -1.38570837183525 0.305318959487262 -0.740588327367263 -0.494291817077153 1.80790428246435 2.74381931160303 1.04035571824274 -2.20128320097759 -0.968281345516569 1.05827751474972 -0.440556439193502 1.4306969319661 5.25263788263048 -4.60759481900647 -0.429426855278136 -6.48004601347207 -5.25986073295965 2.57295349758672 0.129451154965506 2.1221552366271 4.64390118024259 -1.73681848283185 0.72549181396174
"696" -5.08255164789211 -0.610313262859013 -0.869156936281124 2.45832234180648 -3.43010694506849 -2.67415661757458 1.2547325436094 -3.70317999841475 2.54177472346241 -0.859053748445459 2.30802218817717 1.36861026671335 1.64108666623471 5.61379695096811 3.31116822066992 -1.46367833800238 1.97136850684902 0.436731681810226 3.69295873699938 2.76424484145338 -2.02896905825327 -3.70555168988965 -1.11774526136137 -1.88510645173162 -5.306231836834 -2.64552497277908 -1.17801535142278 4.14138402018457 0.536338926932626 -1.14666273239567 0.91225651833483 1.10679068175131 -1.26933947019418 2.36126874799 3.69526051332133 1.60220378366666 0.313137410754816 -2.18912588927309 -3.76985900790625 -0.264070459156995 1.64028335101477 2.59272820407707 -2.65851819005032 -6.55640270890927 2.37231417649285 -0.566011272811207 0.132665577800654 -1.5851835329848 3.08520081963109 -2.33058313838022
"697" -3.38302034433675 5.55208355601326 -2.78320247750706 4.1423815836214 -0.60998228258628 3.19081424447704 -8.87703567980381 -5.32597803062149 0.661328419198731 -4.23826553538022 0.402560494428924 -0.308009075207612 -5.1367292172538 -1.09123410716716 4.45188959502121 -3.50435210264216 2.23658409353116 0.963816260196211 5.02821181239029 -5.35878328727331 -0.342514908734577 0.981786309727418 1.77842351774031 0.302424775965023 -0.0391294680858905 -3.7809100623994 0.806437308336537 0.0443488277414427 -3.4861662421736 1.01694652383003 -5.69600629813863 1.93422133736016 1.27212347947507 -0.27755634572862 4.18290492448599 3.19308316461654 2.38702771898356 5.11479210375527 1.72054878487 -3.031334011106 -3.37831271776261 -8.05001358053311 -1.56701898627543 6.16734493757921 -3.69364231556212 -1.72635174699929 -0.856230223702579 -0.61192784832739 -6.4577469878521 1.2246266231349
"698" 0.79277981128216 -2.44988783124428 1.79842551412075 0.778458868414793 -0.216973165161078 2.43911321155665 -0.963978948135462 0.0250014501578371 -4.40917962407459 4.69667189723878 0.287220809591423 -1.37805062431224 2.01866866187877 -1.17593956251402 2.27067834779474 5.34745550168605 -1.37308941747471 0.30318417492027 -0.221707199342308 -2.81249982000987 2.18188915554978 3.48001161200521 1.33455901025673 -2.30972237029537 0.669895121158396 0.437716787540493 0.658856263897105 0.327803383453871 -4.41896452640331 2.60511883223811 -5.3967516999375 1.57627388996775 2.38107042741936 -3.28402463611095 -1.67714070579178 -1.63311595355837 1.45482677329617 1.32501016096642 -3.78462625748121 1.64723435784059 -1.80607371476242 2.49625882546487 -2.01584241101261 -6.31436367603661 -0.513087358169263 0.156003465222443 -1.33882733569414 -4.32324809199017 0.614120252626736 0.174059673145418
"699" -0.809678669921029 -0.419439628658504 1.82567357375074 -0.875387255873493 5.11548707760355 -1.59352488798056 -2.43405407482912 -0.361875367199983 -1.62917872270292 3.58323870361346 -1.27756747516117 -1.75076059189007 3.83354125069269 -2.02316678480788 -3.9374584188501 4.66993220245806 -1.09765324998982 1.8045960575988 1.16680458247676 -1.18527876998641 -1.95131360573444 -0.573836156110675 -0.892020031576952 2.5866026357317 -3.68999270583727 -0.135518125616239 -1.31093326280722 -1.00997430887369 -0.976369835252542 5.16116330208989 -3.42323301476836 1.81729037014156 1.12720373756345 -2.14593060697271 3.84898128948222 2.2043231503936 -4.38547759092884 -4.87788859280928 7.99120811918129 2.93731465234996 3.71733976047656 1.46190586369861 2.39602885969588 1.16133959057597 -0.741282963965219 5.1603518675492 0.173647094462549 -0.834783875218521 -0.378925712420458 -0.391484660589718
"700" -4.67551261988338 -0.843466858789137 0.952571982554456 2.01817758389284 0.739578175090357 0.284549286354816 -0.94051884618827 -1.36037724481832 2.30198447008982 -2.90743350976413 -2.33253953166146 5.42327602044951 -4.12333658745531 1.62736585204744 2.25521867464144 0.17782641141371 -2.50178029967436 0.409900063429782 -5.42217015781979 0.0845791202481648 3.54684448023028 -3.30679131046081 -3.05362267703353 0.338289139308457 3.15846918713202 -4.00032930822337 -2.35994480838362 -1.53981681094535 -2.63041114796575 1.02310004829059 1.37725562094802 -0.135982616152556 -2.36190328019306 1.59625021080772 7.93781844458458 -3.78784267637029 -1.35719368779354 3.05895100930566 -2.37802843885925 4.02004994317276 7.63922691548549 6.52908762751014 -0.682483395025965 -1.10749365328585 -2.76017028657936 6.87036797661601 -5.6195745803991 -3.2763635399935 -0.60642206538355 -0.54662095824121
"701" 0.103414066427356 -3.04150775681637 2.28444622317352 -0.422203884857913 -0.227486607398449 -0.783163099577958 4.07239766149665 1.43825597941347 4.21492284288332 1.10218550586958 2.81243155890481 -0.944914244517238 3.09166231633372 0.384178411111167 -0.216029614333649 -4.12989354604041 0.270940755466149 -1.65599276382772 1.64701130100432 -0.548438766092002 -3.92682749849515 0.610278465920772 -5.77976064865348 5.83244511326056 -0.368806892035967 -4.32884589916891 1.35320540441842 -2.83929792509452 -7.23861690247395 -0.985029195080591 1.32071293513626 -6.1145038548144 1.16567605194314 4.77670386960966 -1.75114751633251 2.05003021678245 1.84716728922321 -0.595492130513117 1.08984911567592 2.3160676209144 -5.13911923356028 1.4130560205735 1.45075995300954 -1.413139600964 -1.69952998824046 -3.41316452123245 -1.26235140829449 2.59657563559875 6.60956824102887 -0.547037471604178
"702" -1.98280923813278 2.91179634672879 -5.74254741717618 1.37557571756837 -1.19064097752868 -3.29674663416035 -2.78429795456022 -1.17996190694675 2.31119533698129 -2.50936416357 1.26761250820787 6.47802763634578 1.04954406840323 -4.31932692002894 -0.531557523353269 -0.292499383090923 2.22839445402585 -1.14207385777316 -1.24573136908414 -3.10610916687341 0.876177302020192 0.262360433790691 0.434070049765511 -0.348272818190605 0.40541476128512 0.553408807327059 -0.520221093555197 -3.37347010361068 -1.55703504273982 0.410787733050994 -0.604129981376864 1.19704348931805 4.02089705067482 -1.01003885090984 0.259801644934963 2.0332340456586 1.69108031657487 1.36461305155386 2.30749089435799 1.41147974900251 1.45757217448552 0.455138693196255 -2.35868227838667 -0.723723324279446 1.8920057742028 -5.39038429297332 0.0305033300026948 1.50632235041647 -0.732850357154064 0.516511503180843
"703" -3.50882937965662 0.563959582253963 2.61817274693417 4.98110364431559 -0.660690654127499 -1.32136454569342 -1.41136545431908 2.9796558384012 -1.28524772278635 1.87054696177633 2.28046738196822 -0.0500117155118795 -1.36008446946788 -4.39588452151426 1.87590704688059 0.497829483149957 3.48535439637189 -1.02140011465955 3.01460032492182 -0.16864783455406 -1.26698820077703 -0.871167808229587 -2.18944846025466 -2.7969229223016 5.90916969003083 0.401143612448397 3.83827525874177 1.90348441439905 1.40858249319247 -0.593994783818878 0.0550178850001227 0.292160450630079 0.461836399650258 2.39699100311087 -1.23271556099055 -4.88716636021539 -6.78270560185677 -3.52741455988631 0.295839621410226 -0.523193579342886 -3.51806058002329 0.351571859308563 6.58084146812111 3.50391045109842 2.36162060196803 1.84770038337213 0.67376957492345 0.0695017871556397 3.40421988537587 0.796426968459703
"704" 3.01423209980742 5.06159192122495 0.582081785301187 1.22227751673178 1.74243301820856 3.55155626247212 -5.83145431225456 2.78244228452283 -0.0691369269272532 -2.47592588798689 1.07495127391117 1.86103786938134 -0.416999525855783 -1.1001065151236 -3.34532673357749 -3.07228348816418 1.71531202601187 -3.55485030224744 0.910507618900677 0.19375862077452 1.31892734966874 1.72003342752582 -3.06696776653279 -1.14487433726706 -3.7272241622553 5.06285112972779 -0.934149462250726 6.10044694199154 1.42302962650504 0.753976614160904 -1.57481597690567 6.98622684177862 -3.83572002662032 -2.05195101773635 -3.64220267542281 -2.38982801260285 -1.71214373553805 0.480197247044541 5.40039899734634 4.8760462596119 -3.45083582738778 -0.624091274923045 -1.78875769301989 -1.65755580746435 0.628675079645196 2.353589365182 -2.52243205395878 -1.25879254769489 -5.82731722032401 -3.25113161007679
"705" -5.94889977288938 -3.43313463602513 0.301819476820938 0.0505516602614753 4.47370377131322 -1.27314692032941 0.820832933660208 -5.36219243561838 3.26510009151692 -0.976952922481781 5.89007521478377 3.45232409349978 2.73331356305161 -0.198089241206111 0.583869711968517 3.5083755285056 0.78020498178714 -5.07255557728223 0.964382377596384 -0.928415967831764 -2.39130678684864 -1.54190955818273 0.98117881198781 3.47906306792261 -2.81114017150469 3.2328214106608 -0.0980412676292345 2.88970769992147 -4.51387165017233 2.69928286226552 0.883566667171196 4.87680054392814 -2.03772747694977 2.15070684435206 -2.92582860680013 -2.29403535955527 -1.26761915551092 -3.30256089566309 0.348739260843879 1.51986873416627 -1.52112490400022 0.0226691631768676 -6.77541065061138 -3.07164004044771 2.9815680846462 -0.0859840020357777 3.67818937378753 -0.0457683917033559 2.12169803375702 -3.71946639593974
"706" -3.49370300434774 -0.192091871131217 -1.07606411646147 -3.01016943432103 -7.39415177094376 0.292292561799505 -3.53492310822572 1.12798594376612 3.76874420552077 -0.0620480890470924 0.83164925613715 0.445963702314182 1.4771672260699 -4.11353933241276 -1.41997584953294 -0.291692761573133 4.0409200231857 -6.99536342220397 2.6168319455097 -1.34535298506332 -2.39440652128504 3.64895137474933 0.64887517065815 -1.21556107729465 3.04767085576065 -2.2145084485851 1.87399299346854 -3.05755490877232 -7.94320158207472 -2.0864295053002 -2.95526136507474 -0.162470311138052 -0.544182266848652 2.52534290871545 3.03704663689855 -1.60991899878992 0.220261350358354 6.54385126662818 1.41451222771358 -0.812042355532154 -1.82151812693712 3.81143201217204 2.50872886400572 2.69522726122787 2.45952116007984 -2.11331605313475 0.286214442229742 -0.70861891730263 3.96637322658058 0.995589872324252
"707" 0.561001754696533 4.57938307049736 0.957776744841217 -2.32915581549314 -2.49368743129604 2.10939953260618 -2.54128053702261 -4.26076002988029 -5.13023602611381 1.05443150975924 -1.72050888331248 1.26363866025915 4.84138104797484 0.55572592082996 1.28089458192208 -0.691709830010284 -2.20738625984926 -1.5467078283037 1.68115681289632 -2.42395830958743 -0.933214966578596 0.00308808425948927 -1.86198296574155 -0.0422439219532526 -1.78364433158926 2.07855238827528 -2.80226121421462 3.81309871729722 0.177730635391182 -2.2014414890953 -5.1509291178677 3.92191311956418 1.29141423521548 1.05511115087876 -0.77784038353606 -1.01758675397107 1.32505135029723 1.1565232894127 -6.55761382079293 -5.71700305249109 2.05212950027153 1.94909459066121 -3.96119742221033 -0.107668393276445 1.45535867324109 -3.47690088796153 -2.88197147870723 0.990411093948428 -1.06969420632777 -0.4697440286705
"708" -1.60944348493997 -1.52484598114611 -0.149013809594831 1.47967571127368 -0.098393694267503 -7.81899510088582 -4.59803260694412 -3.26678508380584 5.33253368413981 -2.50840007264564 4.26170172884846 -0.344023060926665 0.806540440644408 3.89877884865626 2.39903055843754 7.12074413443414 -3.78710833503583 -1.31047915890652 -6.71543769246311 -3.01611316036396 5.10684822359747 -0.492250739538766 -0.0954149787580504 1.75795412533418 -1.43888274950176 -3.13129409208709 4.30733206077512 -2.85351434398138 -6.95552654042516 3.2796656802202 -5.94844968420692 -2.1744594291192 4.1539636939889 -3.26298067492692 4.12681086369656 3.34760908259615 1.69589235115736 2.77760689802283 1.7030281717215 -1.87113875983519 0.14024656039214 2.37436559811821 -4.70744108056146 1.69812321721937 -3.16691463264314 -6.33357717259442 -1.31690900634333 0.531921328188326 -0.304578784034014 1.97425354380392
"709" -1.00938314286542 -1.55159788216023 -2.76467833043238 1.28205361034165 -3.20660800222775 -3.68611930663634 -0.648423990606992 -2.97580966378529 4.47786666066459 2.76889573857344 -2.90747898989909 -4.13474709949451 2.64301073794102 2.67066702918589 -2.30992696735893 -2.38404919078356 -1.98316983531152 1.37842596218954 0.361789644933842 1.31930652105058 0.572948561108776 -1.58334272825274 0.842426474758398 -2.3576891993181 1.20204867820524 1.22726876606747 5.06157108313404 2.38080455282803 0.417775533269269 4.00239579565423 -1.13799207460326 -1.7139918840043 1.58888214365711 0.0960801106427547 -2.05793385441472 0.683925774796475 4.50939954383222 -3.52408580911269 3.09177758684775 -1.78947920080643 -1.75005155517448 2.42712281983633 -1.93347923958529 5.02017425995395 -5.66456020044037 -2.53892414506408 -0.601953593765044 -0.375314626133008 -2.38833294027672 0.260158049217289
"710" -0.508864185055225 0.151433426908884 -0.679220844227884 -2.10155389679577 -0.149775537327556 -1.35308734988771 3.69017970567646 0.503861935563214 0.2982838343714 2.21973911639129 -4.79387241690826 3.40215897193359 -3.47279500485516 -4.78840316585962 -0.0658891853994136 -2.42606988569973 -1.37559974915128 -5.63046489780799 4.01002265385772 1.30818510889401 0.428356395147155 -0.698950627303904 -1.43776790891284 3.17632457858798 -0.208200802315498 -5.40721473933619 -2.1687937267206 -0.629376276682104 -0.36967828200906 1.4120216523732 -1.94588382796757 5.98268220024457 0.407083408546255 -5.0137771503504 0.0304658965570513 2.36118610293257 8.29840796040463 -3.07284113176554 0.206653796909969 3.19212398452783 4.12133045827365 0.891940519837045 -2.68257746377933 -3.45330444313569 3.62400137980564 3.01314162558692 2.39071703114596 1.00783424854613 2.67372270418664 1.71415934619897
"711" -3.02797935205865 2.72633846972362 2.10698591339538 -1.63660263896754 -1.17714654201904 4.04249249818021 -2.63807242522425 -4.57884429513387 -1.99796886812478 -2.07777943355383 4.3766672432753 1.1878472210472 -1.08178132092264 2.06127253530078 2.21797531027688 3.36288338143487 -0.8704782503647 -2.91172018047714 0.757788173283323 1.64053116688419 -0.0532084060877472 0.908241365468415 2.79096326480872 1.52174136819406 6.60805906482869 -4.1389004820939 1.43088315630726 -4.4400803806655 -3.74514763233911 -1.85525288674111 6.08980283732645 -3.29299594105756 2.19720212975953 0.980656027720295 -1.53403217887623 -0.5478362953437 -2.30737405021657 -1.1641167636448 0.846071026009785 2.02460399196074 -6.68279129668799 -3.53737324801785 1.99490763029153 2.21241976826501 -3.31811399101995 -3.85794179949079 3.5837620626038 -2.4299108499162 -0.916761437457658 -2.16700573260077
"712" 1.15563008667416 2.38054438892394 -3.30974760445238 -3.22997238110245 -1.75577860528713 -2.22416882106716 2.65180978953617 1.64808768964575 -3.38407346860586 -4.38046005072245 0.269341336767012 0.227801487829329 2.08236380140151 3.09315356189327 1.54778946379077 -3.3849991669459 1.7978896987488 -1.25040967299506 5.83039499601448 2.62828600163627 5.6201572937167 3.19556740503068 3.6708904315589 -1.24703750569361 -8.75128324576398 -2.1491535001657 -1.26401899113282 1.63970461021557 3.46469255587902 -1.7455072464055 -1.62327070443393 1.23003961232074 -8.25725947976736 -4.43189573368124 1.85285010495014 5.0748242986598 3.22812566393868 3.55654845732923 -3.69224252447761 -4.50299283403479 2.42618050000705 -2.1300167641508 -5.48931017218712 -6.61392467196093 0.769773718178555 -3.43982422272 1.76307310547472 -5.19966516806545 -3.05622952540908 0.420663632823504
"713" 1.66214546391566 0.288887228651899 -3.63078621593505 -6.02322950549926 0.630779546508114 -3.82447660667116 2.57986007555503 0.00288013945578427 0.318956301980927 5.31815534455422 3.66531239087804 1.90532011931566 -3.97121801317179 5.58466168485857 2.28738167602168 -1.78767925608044 -1.69138462033063 0.553234532989099 3.30394477814881 -0.705716528380228 0.131209140308071 -3.63085034371094 -0.368361827101404 -2.87957965691735 2.26794338065865 -1.41054178066137 2.7116398715876 3.42380435554972 1.16601654463974 -1.59133925470285 -2.73682582667365 1.99026192245562 0.302947802496388 -3.15692911788311 4.35258323636362 1.45329306763916 -1.41616630606849 -3.22822602033671 -2.27172305030735 3.19531630748265 0.110611581668129 -1.76151802438771 -0.70086104544957 1.88576383449711 -0.82529075042324 2.50563261130107 2.04443302422623 -2.57395624810832 2.86298826355302 -0.858317935289856
"714" 3.22916854929987 0.450879986486076 -2.17626336041595 -0.665284522438496 1.34571516337788 2.49327664982236 -2.25122035326381 -2.16649429005599 -2.65261464623622 -0.163712659175383 -0.081219267938108 -5.7165024909381 4.59087447636325 2.16684282265869 0.646703535181172 -5.26652937065469 1.44410605739587 -4.05535561256145 4.43735914146722 0.927417207113275 1.74198276297063 -2.89117551408832 0.33608390480947 -4.88012896205572 -0.735439339773594 -0.121295374117092 -3.49126286650582 5.84742935433155 3.1838975396779 -4.06956813620697 0.393817823168697 -0.919234872960858 -0.823591162948656 0.541507998637999 -5.01487357500308 -4.02514866505183 -0.955179490939118 0.671539228961291 4.58161400573524 -1.25463313817608 -0.539360096305583 -3.56938462696123 -2.16246844689653 2.76210113532581 1.06839739218711 -2.53430736343606 -5.46802206842857 -1.58619801646822 -3.36797499688457 -3.01608044605053
"715" -0.0083139494179369 -0.256204582834166 0.0757778348143557 0.343024304776588 0.132874066556781 1.4054011981473 1.7226266721128 0.273443717661766 1.68251111877887 2.73086785099229 2.74300885156874 -4.37100359156071 1.65069097616467 5.6388708320805 -3.5720761667507 2.04494439469161 2.61893878988261 -0.793109434295841 0.17811040649115 0.596232556356751 1.05546651072542 0.0805676256270578 -1.98523956230229 1.42933794186386 -4.04312920090538 -2.28550965033264 -0.271187266089006 -3.57221346525363 -0.985722696869195 5.08434829747019 2.03874594916063 5.9533101651336 -2.50230374209056 -1.43909382321566 -3.13379594577021 0.0559304387381724 -0.493026275707693 1.00986582233279 -1.55640837257408 0.238509786069895 1.44536604537091 0.618235925459378 -2.94105136829504 -1.3013237467476 -0.229909511178335 2.78874208002579 3.09422177442612 -2.26989698854049 -4.31403954395805 2.66454254250101
"716" 1.65356325494927 -0.587924684317448 4.65025282842432 -0.279354197663349 1.96205906707238 1.89617963480573 1.69919058481506 5.25588657878961 -3.23656845639195 -1.14382948653039 6.02655281820149 0.870593479721093 1.60914710509686 0.194416165585362 0.276438189923637 2.42099965845395 0.491248863694103 -4.13705762511834 2.89216553796917 -5.03831273523083 -2.22976532485346 0.751594703793693 0.154335862966131 2.70374374087126 -1.19231378488065 -2.59033652881112 0.67494678532728 1.14905497707157 -7.34586380860919 -0.645514312416141 -3.22990222400597 -0.977166578109217 3.91570230746529 -2.07319175167076 4.86876830437026 0.628887885868838 -0.0416225766702866 -3.80672719130306 -2.65318616551892 -7.86224687205746 4.27676449990764 4.66586140371403 4.29096588979236 -0.147109887290684 -0.077316767524457 4.02845806604987 -0.264023499599746 -0.814952684764302 1.50427127435839 1.65373449971691
"717" -0.526128148475899 1.78753181052797 -2.95072358439881 -4.38570088659698 -0.285499010517434 -4.60884405827823 -0.0535320345188893 -0.178276237531222 -5.73930773798386 -1.61322358233067 1.33326028149644 0.0290086745109596 1.99531202585991 -3.93733163844847 2.05152664875251 -0.973196086662637 -3.387696236211 1.00411278382364 1.92542564046501 2.98910657981293 -2.16967312315648 -1.11960041632934 3.9091992731273 -0.605162047585279 1.34250103678525 -4.46629967575094 1.55192362396808 -3.59086911404748 -2.87268414530329 2.78096943115735 -4.13136541430924 -3.48064063822448 -5.12202285363845 -2.75458824046085 -1.0315714350101 3.34785457562899 5.8055637665107 -3.69652345170901 0.261406189382749 -1.17577457536724 -0.539919827756653 0.357839309519572 0.950159557851552 -2.65812966182548 0.394469532357016 0.482277565500049 5.46263999172723 -0.152130431910324 0.275911583520448 0.430474671738292
"718" 2.74978447773925 -0.434120081941274 -0.514650685955433 -6.61078146660816 -1.80449701646298 -2.20672863451021 1.66285680541819 6.94657633165682 5.86279258062342 4.36217677081795 1.95460620021509 -1.48938650520939 -1.96288899901961 6.41969582594534 -1.09738000206595 -0.584115800746747 -4.34091268789222 3.34977209147915 -3.6325367055798 3.28585919102633 0.384357688834546 -0.0885748425293503 -1.22374826863871 -8.4817655669713 5.5096815446139 1.70654317251742 0.420079203938931 -1.44203190692406 0.792756949000707 1.06746088601896 0.396335376795515 -4.20410931032663 1.06282731512042 3.8633790992729 -3.41793719929795 -2.78264427876064 -6.02870280265539 5.07959840415689 3.35541540901786 1.79340979425699 -3.08074865483241 0.319235280682804 2.92277076716218 6.83692432439177 3.83754455284169 1.11083827168831 -1.93844639868548 0.888364809383373 2.52941365062646 -1.1159395682966
"719" 2.84458845788676 0.372370089730387 -3.31335781882386 -3.34268444437257 1.04496586618754 2.7849401262653 3.69809937679536 -1.39355449119193 -3.37550558041928 1.98873756389032 -0.518620570192342 -0.440348112218886 3.56580281961596 -0.815127185767841 1.34547802607618 -4.13113805688686 1.30406370602448 -6.34052943664566 1.59477192778199 -0.148182655349394 -0.872933673151701 -3.12527956914785 -2.37092048027659 2.36457428164626 -1.78938218527299 0.53751110860148 1.12451164410336 -2.19684141789647 0.635280415259146 2.24818331926159 1.98152880395103 -1.59757831563721 0.719558338535612 -1.92315564494736 2.28070029916015 3.34219807157007 -0.890556732946629 -0.526360140670759 -0.907658109923516 0.648096175457542 2.30581641874537 1.21332074911943 2.20599334980297 2.23063116532763 -3.63203750653367 -0.851646863281305 -1.41196700933722 -3.68133214046281 -0.772107783498193 0.619687016937018
"720" -0.466055006406519 -0.921533345590139 -1.42273599358078 -5.80281397339455 -4.01535651510964 -4.10050691430446 2.92775430981561 0.128072037510249 0.180158775226122 5.72202215875294 0.902323843255565 -0.246239507393431 5.51257850339886 -1.73330334796126 -0.278311576521986 0.0293290053157915 0.389926178405418 -1.97276756281826 -0.600126802243525 0.120123848481105 -0.251190396476616 -0.896950951992924 -0.509260398317101 3.66053302760213 -0.578818731276904 0.615659718492463 2.08569134886361 -0.832475825293621 -1.49801140049181 -1.9657976513177 -1.87778781302347 4.18748318278256 2.18940639099064 -5.37430406794216 7.58797098798148 -1.26504328655667 -2.68366586920907 -3.20920769494123 -4.95114468775406 2.80325437929693 0.424686483632363 0.863353603644589 4.05677116666246 -3.12568577272721 -1.15483546250114 1.80205823303094 -1.562900989959 -3.95560558417173 3.36625608406933 4.91654490806942
"721" 2.6008298574641 -0.536825341475756 -2.95925028606405 -0.218838803334801 -1.04746623060999 -2.0205600384676 -0.369392584078987 -4.42880254158944 -2.70711793038443 0.302572769840258 -1.90872035325373 -4.69914250681532 2.11643229836526 2.09959656502773 -0.921342243717824 -2.53244659680773 -0.837988705291856 -1.71025067327284 -1.10934535125966 -1.37500369128516 1.21272826143136 -2.46886726885701 0.0914120735236101 0.658727898918602 -0.00314100958328013 0.445653787355486 3.34373234262824 0.552525875346067 1.8057723810699 -4.63572256516345 0.216963563075211 4.01841855029882 1.23735062311255 1.6358173949091 2.01780603904328 1.75834819042618 -0.564582144741507 -4.8603614295062 -6.54497464106937 -0.416019275601843 0.988297227335401 -0.360666337236086 3.11612944662649 -3.25252056501618 0.830157465293885 1.05066646880315 -1.11415183593909 -0.542640784464019 0.331175516882017 1.78836979040703
"722" 5.73457453904594 -2.49159368257696 -4.07719935822631 -2.35485850835828 -2.86904286211371 -1.8788370588029 -3.58299525663327 -7.08518421400417 0.283189623332141 -0.145271593750436 -4.65929227593005 2.46867270040932 5.56043440289559 6.06295855386761 0.86664947281223 -4.76823311875182 -1.48795916022078 5.57428114958336 -1.15965743526624 0.131066934933142 -2.23105602351763 -3.05654651876145 2.58563937502346 0.0870095307294225 -5.04094865576517 0.76182990430203 -3.48500492917822 3.65647186486042 4.34474780117248 -1.45636475964237 2.46509109460721 0.465987295883303 0.205213827588882 -0.494897763613581 3.06425735215907 -0.157746046766076 -4.58664257278573 -0.499879047986492 1.39932132871174 -0.256450844715718 1.13048850167524 -3.1650090375342 -4.62538747251345 1.28302127745088 -3.50269156296165 -5.2431843116651 -5.12813117120099 -0.106577076843482 1.40824567117586 -1.58271119395147
"723" -3.74316075538594 3.56013742919302 -1.65016942156057 -1.20211151934364 0.154788025052724 1.91897820556616 0.376930371372012 2.32048593076296 -0.901507119498389 0.499010479285631 1.6774240510081 -0.745733393289234 -1.32755838666459 2.94943557057827 1.3002568718636 1.24475106769597 -2.4789154080638 0.859068297515719 -2.51936658863516 -2.19471158334366 1.56063069810679 -1.90068378227645 2.60888821139359 -2.69716585148659 -2.48406255033884 0.106816412234946 -1.65372787311118 2.03086148744756 -4.14229918459114 -0.325409234512757 1.51233040671445 0.439111880271914 4.34177730204643 0.76302506335092 8.96240611366455 2.07312221321586 0.449070613985839 4.81061763644373 -0.0035744825546853 -1.86211775356741 -0.135419233081403 1.89670844132239 2.79805348733976 4.48276210909912 -0.0558290773799715 -3.0729173541461 -6.07128964243366 0.135123031434003 -2.60596116791224 -3.90201830868969
"724" 0.763094088678932 3.32644196543464 -1.56435261477943 -1.04131420684436 0.11056279126953 1.02310914076181 0.820429424167761 -1.80062368398729 0.422525984593376 1.95388492841507 0.0832826210867219 -4.41550750857248 0.178380128175931 -0.630856359556276 -1.36023150894259 -3.72120051576866 0.379148649395237 2.30922712056069 0.0609634340584328 -4.43219159123739 -0.617635277677363 -4.97088752519269 0.537607108386416 3.20333433240621 0.416564633998125 0.966811805354033 -5.38291419886698 -0.68446638365337 5.48285953230953 1.76174040246341 -0.901667141015245 -1.89342859072112 -0.212401691708211 4.07403158252323 1.09068709327817 0.613881986777536 -1.2895812777674 0.280512180937254 0.762175171583911 -0.559691115477716 5.61356207864788 0.469125040029066 -1.86919912187658 3.20164626709349 -0.560740408020301 2.87299266297178 -0.618703352342652 6.0462391855789 -1.53312592240091 -3.98486881965327
"725" -4.17182838171804 1.00777759481517 1.8233963886557 2.32245731280691 0.1204650194896 -0.349870991502561 3.84728197844083 0.418069367261125 1.43123366052351 0.591044111239352 0.196598839130536 0.23444945514537 -3.50805014304412 -0.333411938031358 0.91677536493761 1.67743514734346 -1.00846664761278 -3.65660486001349 6.83323453665651 1.54418031550523 -0.10849806635311 2.42348578948905 1.4309262854124 0.643573320348451 -3.2127491636229 2.45841531592813 -0.134424496312307 -6.30025697980168 2.91533777315385 -2.28273168267918 6.27273548879445 -0.803154315274635 1.60999787843652 -1.53437815426531 -0.0889272237214102 -0.861180720214229 -3.55744519568799 -3.63189746883675 0.808717455858585 4.68741812272276 -2.93714859977758 -2.58530564438872 1.86662008632086 5.6681393892878 -2.65889034236238 1.4852990261708 -0.97084491066208 -2.97254036826143 0.013095837976763 -0.00757907995623242
"726" 3.92302986500337 1.95851524407985 -4.36734490447215 5.29474559379482 -0.342277509430397 7.73509939858669 0.548242235151026 -0.267925296974816 -2.96539630419557 0.897321851644782 1.24579459691689 -4.12867376693067 2.9759983491575 1.04509254997268 -0.590388089678002 1.65797859863999 5.78171234472379 -2.71102048108654 -5.54771403896403 5.81710649547096 3.98319391325262 -2.8525027175488 0.127496254937179 -3.21378416017755 0.758048099316316 0.41784570106995 3.11681100733186 -1.35185426376021 3.78375832680122 1.44858682868817 2.64156556685702 -0.957313196631542 -0.105083880105853 -4.4845410696382 -4.00042394171304 -2.67800052271028 3.03973833742141 -0.132789491081113 -5.3551538525225 1.3094134058909 -0.546238585098351 -3.61498694345625 2.91401273207278 -4.00799004605935 0.179726047068616 -0.782473047176155 1.77801146292897 -1.76290808298928 2.78266443030454 7.97680880114906
"727" -1.4348068316238 1.90189870669219 0.25024949858475 3.51901144999756 0.245604290871931 -0.287317892412223 -3.13491908794938 -0.572141580517228 -3.38984411312595 -1.2744894192105 0.224364215543321 4.89656125520347 2.4411821287469 -4.86957660914359 -1.78771900600522 -2.21074312642264 3.18629715295362 1.16271467454498 -1.04894628578094 4.14367176252002 -0.233914807735787 -0.833850052960177 -7.45482583177434 -0.265014422895283 -0.281808880866035 -3.48542628083387 1.41935520746103 -1.03229043599441 1.02532036694841 5.78578533670429 0.99882300487019 -2.17806226702898 1.16041883255737 6.24300616570722 -7.39301114132009 5.75481577782283 6.02443652121077 -3.28445269921361 2.25286127667573 2.20153191321031 -4.85899924026089 -0.50920160037064 -1.97742004813034 0.60868565907334 -1.1295819758107 2.17333438770187 0.766416777242046 4.72694063704931 -7.54113102352176 -1.96099611009993
"728" 1.53712435143707 8.89602606820788 -0.139085830545292 -3.49327097763383 -1.95137923880902 1.48060588534205 -0.944468336124675 0.228729093831037 -4.076151413048 2.19633721750028 1.1567565080717 -0.600492649323858 6.10106248837009 -2.08523639933871 -4.99750866994503 -2.39002209250186 -4.83593818672732 -0.492057410321868 1.77431522895635 2.44175394015086 2.78853258229425 -4.85050660082191 -4.11653967333583 1.09908451002124 -3.09117744597206 4.77215751256888 -0.595767999587601 -0.645145700479877 2.43369776536818 1.88604018811333 -3.92435684659399 1.72034694835235 -4.17947882248635 -3.71953935511304 3.44114762262073 3.00642375641784 -5.01967583620632 -3.05739943080856 -1.96523127651055 -0.173884322441296 -1.32063785013191 -2.69648111796491 -0.109670185542035 2.25892805924355 -6.81259097061474 -0.00782266444677495 0.0858329928372948 0.886268200665136 -2.99904583601166 0.27481848698283
"729" -5.16096223070403 -1.45855475897968 1.44031432284318 5.06023202526536 3.10648123444636 4.66298011430845 1.41959690403501 3.38618317826956 -3.85819062534299 2.17993082781936 1.03754716915061 1.1895916999729 1.56258655563826 3.58736714330537 0.0421982986005511 1.49866617284074 1.79824852546034 -0.91933856038563 1.20745730357526 0.297442431992122 -0.923972836242562 -0.57467596308973 0.0623106353244469 -0.58956148301931 -0.500733997981833 -1.63588439550526 2.24035147998375 -1.70526686624176 -2.94569200707386 2.9684051413056 -1.40891593611273 2.07011078827474 -2.18039448457767 -0.310337227173638 1.22069977774619 2.33251856350353 2.28843868877763 0.121989295598732 1.06771740956975 -0.0550471059966909 -2.8263625760187 5.45696512770208 6.50878486648948 5.15211575278655 -3.43219627944468 -5.19965177120648 0.771928571162877 9.33028419781204 2.17342069669143 1.61263908673263
"730" 2.09049586741565 1.45765980394476 1.57633199488966 1.11447579648304 -3.98727936446566 2.77317286455537 0.781410309131326 -2.44444711080581 -1.02988981048187 0.771706805384021 -3.75362494550614 -0.549210894045005 -3.57374285699693 -1.72916903601987 -4.42578943890501 -1.05544365197451 0.452447185655896 1.80909169227637 2.28576344671049 1.74189394319908 -2.96373729542681 1.55894953944376 -3.26772212407692 3.7701354736846 3.69584441751276 2.08285849672657 -4.73754942665848 1.84181945030915 -1.53793326174359 1.41924673971281 -4.35445583125484 2.60093424975907 2.53190630592641 0.431853860850117 1.03829892916424 -2.29387235564349 -1.93840694600592 1.51200543003519 1.95623200723145 0.845474776642962 -1.19370992557666 1.85684263179478 -1.49056797417618 2.3056290554731 -0.981802052497637 -0.435282498881973 -0.0886634860239577 -6.58808130176733 -0.229973576452327 3.4482463822287
"731" -1.46589808474562 1.20824713161755 -3.69431563249571 2.8316490224421 2.67898749461479 -0.100296526247196 4.46682313761169 -4.37774555466595 -0.319137400192805 -4.70391863467098 -1.53646099910587 2.26307314776833 -1.57433772146319 -0.619494845642477 4.50212608337282 -2.55119543181508 2.71250816230106 -3.8212520971875 -0.360783355358655 -0.695203236360404 6.01033352925283 2.00187511716562 -1.48846910784341 4.87817231872832 1.41565853732403 -2.41480006324863 -0.564203798400406 4.20218560065422 0.905505129819583 -0.45334839995282 -1.51525221119357 -4.66232350310539 3.2226850885845 2.94841242614173 -0.109552780702722 0.440808704650128 -0.49810428006591 -1.52003214321229 -3.70432375867216 0.109876581373428 -6.15414418575231 4.7604808277326 4.72659653982376 -1.92676737223436 -0.350614147987294 1.86249891141829 5.72506484359016 -2.39153813007153 3.6651963415406 0.406910098328888
"732" -0.321986793225689 -1.38056331701897 1.13661818398861 1.89210447728281 -0.509492903762303 3.86790277345241 -4.62258047585661 2.28573475412965 -2.36372263981606 3.6847713157473 0.298586839353239 -3.43978807363719 1.06186300164667 -1.370683252601 -2.19010037525614 4.02728777652445 10.4313632854285 0.944130711697743 5.48817608106433 3.07098840396268 -1.77953959865554 -5.43278119768191 0.391322273243558 1.44172664088847 0.720876210295754 -3.05683424053717 -4.79039910169672 1.0279492260213 4.27510655423019 0.431839271739466 -6.8243930780793 -4.13373561500338 -0.173489356217696 -4.7452789089384 -0.871957802019526 -4.31465589395651 -3.96485046361595 -2.26099966421624 -4.22029063055995 -4.08403906641985 -2.65619626149236 0.414123308289702 4.66376231284666 1.21419250530388 -1.52336509472994 1.30036149091547 0.555992941767953 0.43464796132865 1.88601732332674 -1.86842224292053
"733" -4.10234426093861 1.6792558639583 2.38082769436472 -1.94995480124832 0.599082296044427 -0.239458749815146 2.86469976421983 3.18685940639816 -0.850155369608796 -2.18887888125229 -0.495938944290599 0.264175246095935 1.61055342036926 1.71795067212207 5.01564519694365 -4.73424783950767 2.70950179403762 3.42936409925817 3.08148120750552 -1.64908430899452 -1.08397103170544 2.83266477662805 2.37861350759136 -1.12151477714524 -0.700725062279641 3.30583505098993 2.30131953239964 3.65105025795549 1.1256015941615 -0.61736048154204 -5.74502597755453 4.61252846544077 -0.397952732973977 1.31939345896047 1.4553733836173 1.25920301393383 -0.166431441363152 -3.84582529128679 3.34602033329412 -3.8537600672764 -0.508423552255388 2.92701552945946 4.2928362852382 5.43019051900245 2.46506335740381 -0.470084964257725 5.02493081982047 4.3860220657075 1.59706506537049 2.36675996511146
"734" -2.61914010048494 1.59247575184785 -0.259709974699342 0.165396218641568 -3.81932544838153 2.92912457026611 0.581198752686235 -2.20918976705246 -0.447175031084056 2.31400165980208 3.29459621792992 1.05560840427652 2.97462385782674 -1.11299047302641 1.33054020706238 -4.91073926725298 1.41525588994661 -4.12278753881948 3.22164169249601 2.35574394371674 -4.11606453905172 -1.01274371803789 2.05476344976519 4.33035013872845 -1.1844962699193 -2.77563001634464 2.26284604727586 4.82143429921424 -0.699350901910993 -3.09145467712638 0.453199623471461 0.861025304683181 -2.63938464611925 1.47734235341179 4.72845848870838 0.266810043272819 0.162473700617025 -2.56956996087633 -6.67192293704272 -2.60699435770376 -1.87519278025592 1.25404479213192 0.0353775880533658 -2.73893697043292 -2.73473763561656 3.41309988988582 -0.106413385819185 1.53262700202794 -2.14444834366568 0.702046658977013
"735" -3.86999981903607 1.21828613572422 2.58965655793462 -0.174372673820383 -1.62946863657496 -0.867891897939105 1.99306637586329 -3.02421775020709 -1.3910525934811 4.42485544047409 -0.0637700875324398 -1.87607366930042 1.14517508782288 -0.300534791673787 -2.89300838650542 2.81420612165255 0.426433951177649 0.460587454104166 -0.0154590913131498 1.95771047647512 -3.39605472123118 -0.468631919941866 -0.445745341388407 -0.99829706222831 1.57131195119813 2.10788264384559 -5.22108041961541 -0.940189359987291 -0.653419872799963 0.855991863523121 -2.32837028770613 1.81165446488804 -0.273130099815861 -0.452026219084828 -2.27728509699804 -1.36218947361303 -4.21586225014372 4.23655695683919 -1.76937368671369 -2.98885689642234 -5.72356124036395 -4.33402036122564 -4.75996942090082 2.06922054616204 -3.84393265270438 0.185425002990356 0.0914416622359996 1.29828153323904 -0.977693740212199 3.29373174353839
"736" -2.98405128882277 -0.0491173517652791 0.408746107050827 1.94939147037713 0.0580496523088185 -4.29356660677055 2.71523552290026 1.60679861348553 2.18540748385177 0.29910501497512 -3.0826896554551 -0.509994161768465 -1.05678748212967 0.243949104615135 1.70749461835837 -0.704824175635225 2.56989439524673 -2.38080958950646 -0.295462871432509 0.578779128180563 -0.638360498803259 -0.583771404913702 -1.5493608500253 1.34323052532059 2.57985622961991 -5.50158173220279 0.84428354361518 -3.12803516431881 -0.403454472892488 2.769705627675 2.83728924713651 1.54194104263991 1.29096794335613 2.02064728426543 -0.0752630962427005 -0.497051908988004 0.124349435784059 2.10443502954392 -0.203791709221866 -0.987869310036423 4.30438686065396 1.29144557173144 0.0114977136487297 1.15996325880336 5.58716296039438 4.50690680958129 -3.85140970702967 7.32537342452772 -4.30248770060488 1.86039871887439
"737" -0.246926539886362 1.50678064615815 4.83887886624893 -2.30727387474515 1.19980219447403 -1.48753869791786 1.72464560207103 -1.65734443909361 0.432679739057489 -4.34168222323279 7.33637031516737 3.68064546030898 0.252091903993014 -2.97534866070607 -0.0135538420051475 5.40091625411862 -5.74504007277858 -8.33233531298847 -0.407430786175157 -1.69200101674383 4.54264753214667 -0.39227475925219 -2.3781242023817 -0.156288672586545 0.363419940368778 2.83161459709989 -3.22486004887295 -1.0823251029686 -0.0603553393431412 -3.31928993131697 -2.60754910518644 1.74212066366497 -2.20823624575478 0.689563459673914 -2.48857541969995 -1.90095331653814 5.04591872575589 2.34786896023853 -5.1039620718238 -1.56539663022393 3.9137130854783 2.95278112809415 -1.20415416810204 -4.29163707654743 -0.885394928463342 -0.477998721545711 -2.3146796447595 -4.14162251358886 -0.712380715875645 1.12438209719087
"738" 1.53130743966554 1.35752160973856 1.23834012270662 2.90464003040784 0.622865312659457 1.56001676528043 2.63364123199425 -2.43987162946393 -1.83560610518554 0.399523048930449 1.27497583801402 -1.82102981984448 -1.42921230073656 4.68093730169944 -2.74566058348112 5.426070889499 1.08434760220403 5.28182484893723 -2.52523116234822 -2.15253747290713 3.11815081723138 -0.365053531445209 2.27554750200354 2.87102135720402 -0.686160765894287 -0.432885908935883 -3.24389874230241 -2.11621240245382 -5.36491132845627 -1.12370239095531 -2.4896868830864 1.27094382431799 -1.21766590575965 -0.543507608982506 0.0546395591074443 -0.428691535323445 -1.5017098423576 2.9587996513502 0.979565675672186 -6.60672561395171 -1.99373396829281 -0.959518011396194 -2.6449014774613 2.90084395883003 -1.67334927569134 -3.33738905966102 2.76225134723579 -2.64571945545097 -0.442505902623155 1.94400008289051
"739" -1.64660847495068 1.41454977147362 -0.0303114435823953 1.55862301736054 -3.14550303492858 -2.09215019633827 -3.39286725953401 -8.72405708136048 3.33764361492106 5.95034472735477 -3.29420178455281 -3.21805220100391 4.3253501842225 -1.3011174364237 -10.3168185180294 0.0119854107991237 -6.51717748368518 0.369901215758703 -1.74472272270398 -0.928897217858697 -1.28931146623063 0.17623472634613 -4.48070198835904 -2.56777039995783 2.11534814210066 1.96194281231472 6.64867311340178 -7.09053168436607 -3.68903620173625 -1.72552239924079 -1.84060018691324 0.0122258133852433 -1.72046187480245 4.07876553668563 2.53655710617614 2.30587318364205 -0.245121358244477 -6.02741128426073 -2.88036990385853 1.02248095389321 2.40452447218982 -1.33328594841203 -4.62692177019544 -1.11460712951271 0.0615500108397006 4.55811161600786 -2.14696194288989 -1.41840914218605 1.37595936418548 2.34989298551654
"740" -2.51675030498643 -2.51412823551953 1.6527093387987 1.20557009609286 -3.64172577093729 -5.33893513762137 -2.05351034884276 5.49288354541536 -1.13314449994331 3.24342610630889 0.0111899496546962 0.277214329062221 3.68831913534845 -0.384428995423192 3.57331141658164 -2.16895674879805 -1.10910514330799 0.444270458817766 1.25534842290055 1.18752993559891 3.631122113446 -3.51358247115381 0.784294378920682 -2.367650778529 1.52241674102257 -1.91130111538189 -0.702707867025116 2.05091826669877 2.16089684448664 -7.0565323615376 -1.59763336746341 4.60742431280447 2.13592726042758 -7.59251809916216 2.54862544392284 -4.00879842995153 -0.13698503853389 1.71765451560269 -6.19918467311505 -0.190676847597684 0.656937691088361 -2.23685761379235 2.28239441722613 -1.64470662770264 2.62414200718752 3.89083058533022 -1.93566959890025 -0.952696516938162 -3.61507514041897 -0.0684020835803277
"741" 3.07279682949566 3.34582846477791 0.650808204816657 2.86668942284162 3.34886343944592 3.39296177774819 0.448217135033274 -5.21355040142693 -0.847280351066566 -0.253382593272708 2.27923675273216 -7.29543834180413 -1.30271520563926 -2.30366822857482 1.27392855496313 -3.5984446391006 -1.19480960553423 -2.15682872343891 -0.143359878835867 -3.45706358032745 -1.10784060931515 0.709695162410173 3.88737297773808 1.3001868909465 3.38813132532824 0.266076178997163 3.35670200630562 1.70414058011549 0.963217122400324 -1.33717363300844 3.59570887901697 -5.03938046220982 -0.854595816977612 2.29863122326884 -4.11852532464727 -1.08558013415018 -0.857852259723549 1.51290267580699 4.3026164363402 2.4788832504184 -0.686826860337684 -1.25943398752306 -4.80663339915984 -4.00583111982383 7.41615847344714 -2.1380007544645 1.59729545133525 5.12369810505955 2.76851403728534 -0.78918648863887
"742" -0.577482741919787 -3.55558165283297 -1.57054047898445 3.87359064481798 4.57013017602657 0.0493504079951943 1.52477156541463 1.87727973279411 1.91851225130361 7.44938189498217 1.79812381823072 -3.53275913890799 -2.25935572466968 -2.49683321652115 -0.602101702785702 4.45093486709663 -1.43450981637725 0.956958833871051 3.1269885283499 3.87972809235378 2.0453452135974 1.57958505757748 -1.19101185225877 -0.793409914942577 -1.01749301605434 -1.22449871324797 2.48808061912362 -5.19733736149189 2.56916267028184 -5.23487971282406 0.656121374126095 -4.41772141947013 -2.12633309656454 -5.99977094980087 1.18408139135229 0.00169942844884114 -2.07959023582764 2.98977025654185 -2.65038565208941 -3.03945004769236 2.69345552044663 -3.09637174194717 1.48744236270303 0.893466836070547 1.70673833441655 2.69124742507318 -2.2259717080759 1.18023770753154 2.54593661229119 2.0099743043513
"743" 5.00416728396095 4.31036894919602 -5.49125311958443 -0.847756711048285 0.880316255444054 1.63188132168702 -0.0766743727203896 0.632050194090892 -2.13856700558851 -4.82663899670797 1.71683805617653 0.0178058292548888 1.56512346044701 -3.20966230599004 0.075798004384961 0.69669168633171 0.750960377931845 -1.5245588263333 0.734975399907225 2.46960078125353 1.05161367859844 -1.93572346018127 -3.60657345797033 -3.62346377770162 3.91105122538141 0.949379070859848 -4.87875583951775 -2.17407233764855 2.59773595794403 3.79224824302286 -5.46147165415804 -0.236745135291979 4.04488440359484 -2.83287179416972 -1.35763188284546 2.10758854031274 -1.24160381466703 6.31206969276053 -1.10425461445823 -1.95357810443552 1.21468915650113 -3.48858195623374 -4.30527377469072 0.530606758484323 -5.47396845008144 -3.70816902919481 -3.98139447104437 -4.94168481655306 -6.50079332614954 0.168036282069795
"744" 0.786317147703043 -3.63709996815882 1.00529033999056 3.71577808223751 1.55230258396655 -1.39221075779393 -3.2509955544619 0.627789130257798 6.50902794992991 -2.25400441128673 -3.64042424558719 1.23194434850203 -3.63435180476148 4.53441027485209 -1.93285758353151 1.84566290336667 2.22902089732729 2.86433060685298 0.985033936258732 -3.06070284449482 -2.79084561232942 -0.752910370809531 1.20484207286699 -1.13344560657063 1.48046490482984 0.900108999150079 1.57184697823988 -2.47058247260476 -2.68108272580291 3.25877601392194 -0.705776948341242 4.2324796207749 1.516003352103 0.901476744785391 1.04889662747799 -2.43811642203289 -1.63873378299566 -0.28060278170517 -0.685311656812117 -0.895740034364703 -0.370296380944914 2.90707466045482 1.0980642928445 -2.10753281145276 2.00643160373035 -1.83723197381189 -2.13665369377133 -1.79160353104734 0.0937170871649184 4.11586652724458
"745" 0.809542781415087 0.385021666712443 -2.59550731395531 3.17615014664486 0.283975697484222 6.85716508558735 -0.11893130196203 -3.61244469155049 3.0901718414721 3.92036881010024 -3.55892766390383 2.52389912944383 0.576130855035875 -0.295320227750732 4.70594210191941 -5.25838134470901 1.09243426420821 2.85710043059262 0.33351906259802 5.44367678405343 -1.1284665051238 -2.4053323626406 2.61265113468933 -0.441731502751619 -1.26764438349275 2.70397183477897 1.51391517359182 -0.817788013395493 1.19333721426557 -5.691833337729 2.00709169164662 -1.93414270105091 -0.328575203149628 -1.62844697497607 -3.29629921067187 0.697465641325598 5.42944198426559 -1.00885117520569 -0.479001984008895 -1.72345392780457 -0.608411478146512 -3.8762463539211 -5.62398410706198 -5.8113171699433 -0.199862390795898 -4.26142627972932 7.57758855439245 2.75571208028992 -0.281206624189219 -6.98303496629798
"746" 3.03192733600923 -0.841014900833735 0.136019315057013 0.103790512706264 -3.73035247664985 -2.61975909465187 4.37746132315369 -2.52826731094177 -0.923407258854288 1.00016581989351 1.3920689925473 -0.418982919701929 0.436946632854011 -3.04379947346407 -1.80914949663481 -0.325754244177445 -1.294153045322 3.38144832487049 -1.43251961850245 -5.67976913475162 -3.2444934878834 4.95941081696739 -0.435354950630081 -1.96443623936202 2.89652711354844 5.64137902877435 2.25500294508899 -1.12476101058018 4.59985265269628 1.22544210404725 -0.302737014669296 -2.97185044421503 5.20043546724819 3.21656681150355 -6.85878700830742 5.44339809243655 1.53306994262495 -3.08261825180281 -1.30069757098627 -2.33245840133076 1.85803931709005 -2.29700470118099 2.57788837135899 -0.79503536490367 -2.74165608386357 -1.36798993554817 -1.37591684252712 1.32765147767834 2.73358464216666 -3.04164000960882
"747" -0.194260108216325 1.09054266185567 -0.14911521193823 1.36974184682439 -2.11265337985236 0.923042705616389 -0.826474065651343 -6.73749829461541 2.67874672961662 4.48685726920748 0.703477726841263 2.3194598859427 4.17141520329161 2.5017806223394 -6.43663243081881 4.06196535503205 -1.65586915093908 -2.23078366973491 -5.31511878009317 2.09877471782481 -1.79875039194438 -4.50940024576101 -8.95897667172051 -3.48250335081047 2.36418501926251 2.42712106322671 2.00679746293386 1.01882755234179 -1.91806421782799 1.72703943535874 -5.15814399913454 0.54427084034452 -0.200689822284598 3.4546455459047 0.42425379921691 -2.17206012749328 1.82005663537181 3.52056844954553 1.15496493257727 4.99583028107311 -4.22037919411989 1.09019712529082 1.57111720281477 1.87533631747763 0.770592413461239 -2.86014799519958 -4.54975946050878 0.161490532566245 4.94077848657822 0.149977112333231
"748" -5.24676841258749 0.874327562047666 3.60434320222867 -0.0050052904863246 -5.55769046783307 1.79920774231299 -4.46725886001161 4.27563852443116 4.6556142820021 0.858654050359032 2.12692996771054 -2.02410642338674 4.24911907310687 4.46671960691242 -2.7183396107845 -3.59554440763163 -3.1982383341416 2.39775387052006 -2.61852395046455 1.0834867903431 1.5736416355777 1.4767873087821 -0.187671857382602 -3.54297976106699 -1.44663707287737 0.654691427096447 -3.7911004581509 -2.30286297012574 -2.50273933499497 1.55113437381224 3.1090005199891 2.54089822265408 3.12064849002673 1.93344147412452 -1.11136879280632 -4.43870964277335 3.08462319481794 0.0390048567846955 2.97727140542059 -1.003035985348 4.91949605162219 -1.19178244555191 -0.403986290369232 4.45208585034502 3.71461708137697 4.08150569303959 -3.01843450887075 2.42882227761254 -0.844201877742322 1.2979377733672
"749" 0.274169886569891 -2.43739858627794 2.00177131236858 1.18424421480068 -2.59167769573253 -1.91968004888496 -1.36619124180496 -1.57546526925651 0.575796889155757 1.72047855609907 1.7689144699915 -5.02304206929466 0.621466615343287 0.0429223052658458 -4.77862878690784 4.18354215311578 1.83405503067628 4.35732885516279 -2.16385886009475 -4.24889134028622 -0.697480695728089 1.22712425522894 -0.991709998767509 0.882274045943444 -4.8916980385749 -2.76209827262353 3.28916569907014 0.0456719306032528 -3.28829720243626 1.61768361645488 -1.13885674124546 -0.884014524047222 4.17707685156951 2.81100403889013 2.40734474299897 9.10068561173595 2.25928642226354 -3.33301613020223 4.13947098210868 3.38028392446809 -1.53830297162414 -0.817266116131405 -0.211196101406694 1.15508898325562 5.26553407496114 0.157106957402579 -3.34974348305055 0.877391786277743 0.513511328357981 -3.55676203736035
"750" -1.80077577205129 3.33501752879465 0.86127127891203 -0.758858892328854 0.495960672219983 2.78559013043451 -2.02122557399159 1.02420328797041 2.74161591208082 -0.919080316386032 1.32218900583024 -3.27245685602755 2.39116131637269 4.95361589332526 -0.397367195482859 1.42039179298537 6.13059029356335 -1.46817945217055 -1.73875864121656 1.56070768604277 -0.290728844276384 -6.48409015128663 -0.790073655937364 3.34836939706078 -0.88503172094822 -9.16192410085338 -1.12570318191607 4.01245590638199 -4.16379669650403 0.388468285288949 1.03332099287312 -1.65721934730493 -5.0718011342135 2.23039709570208 2.9503385342625 0.233527001361734 4.13392583520861 2.79860124376397 -1.1837660512513 3.74685171283094 1.50130778665324 -1.09365421406957 -4.45302040114319 -3.40282811248041 1.40924503186654 0.165483724596764 2.56903684451397 -4.45066381731053 6.03666852306067 5.59169067750857
"751" -0.895699616114915 -0.79980352607824 -0.830400581225771 -2.02069118068729 0.979428986843298 -3.49960936745844 3.32731796681127 -6.15101864939385 -1.65512282187282 -4.36053619984883 -4.73474284757052 -0.223388514288539 -1.32870955048991 1.97161596663882 2.73368951707668 1.50096669789441 -0.0358284648767743 0.937815078400353 -3.95477544664004 -0.558638678276779 1.99633890153658 4.74148268392537 -0.67176440163335 1.83863530434037 -3.34066906146877 -1.09538640513041 0.0109928882557861 -1.0258279531145 -4.27708468794582 1.03846783606235 -0.288700729588609 -0.992960315046522 2.00711832920871 -5.4998797062912 1.43576023459796 -1.23747758084606 -0.193735249102148 -3.97024495141768 -3.54065326927646 -4.20769247821579 -3.69191352793649 5.19384042429174 5.6990581682217 -3.07245296476492 -0.623176699053115 2.43022592326584 5.89231116129884 4.67651496764066 1.71367807261159 0.762621822655575
"752" 0.688439766487306 0.794396931829921 -2.80103239179451 -0.910945510732632 1.73180838340237 2.24767380473334 3.07410589840465 -3.04191267578869 -4.39290820361651 -2.32962390770614 -2.60985491737354 0.5634724914065 0.194997096475479 0.408901000590921 1.70732435027867 5.83336685951296 4.76835694940801 -0.542083368087273 1.5411855227179 3.59356093519805 1.87619500274993 3.66241358435382 -1.49281383019646 1.64123840655112 -0.209170141728675 -2.19230599476618 0.573284014837635 -4.36428137325688 0.508797853120051 -0.753682849105662 -1.11819026232668 -2.01331393694348 2.39070837426174 -1.40838601231735 1.41202694740346 1.37602169345007 -1.56008454458234 3.0953515640316 1.11969446379976 -3.85491676684764 -0.0382413904633762 1.28300780917498 -3.20882844303646 0.754589796355536 0.859055283069664 -7.7056674275628 0.208238594377021 1.90002235518265 -2.99676276556543 -1.66320391664566
"753" 2.71667368482248 1.92072899231747 -4.36173155565365 -1.7446525622471 2.83753267005044 2.58527989133923 3.05148087494499 -2.10068804625057 -2.59064960678407 -7.08796843772275 -0.6982259015164 2.11535147326959 -1.14955931302638 -1.51655304358447 4.72354968791423 -4.11225037015179 0.835163434707677 -6.1596477409266 3.03666992861305 -0.76817834888048 0.901621385028887 0.818172497836525 0.698395684031061 3.24297612100368 -1.69185823280594 -4.7932983629727 -3.74391907574033 0.314332791909485 -0.825458526169517 2.11016257935001 -3.65079903666355 1.69595983002609 -3.37886237432811 -1.03138540196833 4.16545618473624 4.71659053799432 2.05003587445405 0.420186533718793 -5.14099783432869 -1.13827878610781 3.94290183590807 2.03935071316721 -2.60634243169264 -2.5542656281424 -1.76811982789486 6.1232982552645 2.4266230615612 -1.68504588219481 -1.20616027278526 -0.511163191646341
"754" 0.842032589646854 -0.588566170971912 -4.39938169844527 -0.955967207531117 1.18522907123596 -0.123346134581515 0.86180672655751 3.00103735615411 1.29642117863404 4.84675272700176 -0.357141905808638 4.44142181658615 -4.63017889814911 -4.57279696752328 5.89817824723152 -2.06029175379252 0.601176697277562 2.83201762918703 0.278042479369408 -1.72854151203742 -0.882511748525277 -1.7506412828878 0.401909254185168 2.474454184992 1.36965931195956 -5.80343241198859 -0.829437036352305 -4.48467053134137 -2.80074788638768 4.43235752945828 0.279868554652565 0.242136086278052 -0.598972838892934 -0.723348425788621 2.27369766825326 1.96285029438381 1.09831753546267 0.941692904703163 -1.52391750779287 -0.0437933107786565 2.16361439657282 -0.364044967735167 -0.864782166877938 0.948721023751929 -3.47291067346939 0.0880768410275918 -1.76237768902514 1.47511913081253 -4.77565015598641 -1.02804754774359
"755" -3.3787984010202 -0.521630513885057 -0.785019506883214 1.68883563575482 -2.09930359180142 -2.13615448632137 4.53105323849476 -0.150651593838634 -0.836629115285183 2.72336522367137 -0.991563909611505 0.587546194499469 -0.0698954625136739 3.74261892186719 1.1002864562896 4.59104414479727 3.83100456756721 1.4148669143964 -0.321444820501517 -1.6064680926095 1.4235180042096 -1.88948309634356 -0.366533035412385 -1.86141960228249 -1.05509668857074 -3.0047037867237 -0.149198380646539 -2.3533032250919 -5.30725912119343 -1.36313754510971 -0.71880179937702 -0.367832626561354 -0.933839107192755 -0.70429444724149 -0.385765035722536 -0.0418776851856627 4.47773749771981 -4.87924215873673 -1.15048685852771 -4.54913728092948 4.12530952841083 -2.6037832273398 -0.23304173723995 1.94184050040088 -2.90397599912295 0.617022989398252 1.64884035720567 1.12381736224213 -0.08559870178314 5.38083061308545
"756" 5.53342194758184 -4.23003908039807 2.46808910051228 -2.26152320056567 -0.0917937761979412 4.20558030576932 -1.60583449386386 -1.86020051861065 -2.96067487625373 -4.23973375715427 2.94268619122585 1.68093018192922 1.09363736521515 1.05689283272811 1.48558771173244 -2.42959511342121 -2.45644834304144 -2.67869108279791 0.517023070803358 -1.33730575994586 2.3375013181858 -0.142674452322033 -1.34372220417905 3.39320803566193 1.03495197511445 -1.2924978755315 -1.35401912288289 -3.18706925486245 -4.30857077746917 1.02188119799685 2.51186518503753 -0.816102074310159 -1.28234186835892 -0.314367261384844 -2.5028860459568 -3.07833553720062 -1.18807742785382 -4.87855054711176 -0.597353615432145 0.317776755104639 -0.843556739002198 -1.58690210850176 2.5508300562741 -0.388018157430636 -1.83648692092955 5.43350612158258 1.3606394018527 0.919620906584065 -1.84948391930228 -1.37373292745959
"757" 1.67328887678502 2.29549277499458 -0.543109094571562 -1.49849556031117 -5.16043438188118 2.66945892387894 -3.77438463735506 5.43977849070143 3.91037047299961 -1.04302103223526 -1.50589783114916 -2.24781566408417 -1.44022259466918 -6.49094965791269 2.13378427432961 -4.69171075716608 1.3080455514471 -2.95736677668973 2.40345320904779 -4.69278993391137 -3.12376893252833 -3.26523111287322 4.01369774681687 3.041185861557 -3.73370955320311 4.38599658601471 -3.2767749577716 3.66889199307479 1.51562342882242 0.085197820340112 -4.04956972894607 3.16087665093544 -0.75590087438362 -1.4757306484334 5.15651983298237 2.87630932236573 -0.994987594773936 -5.03166883090403 2.73969676286459 -2.30829876567149 2.1476856513433 -4.02439949636472 0.640209715520974 3.26140837583507 -6.3481611278309 2.76202092494416 -1.27605685636424 2.12428522597804 -1.48341053345854 -3.8455080565174
"758" -1.45233891550799 8.08589628833095 -5.12384893898049 -2.89476308911102 4.826657740068 -1.22873022326671 4.27817468622581 -5.07140078532622 -0.398741813113833 1.72497497872727 3.16831258868648 -1.87539371726718 -0.259999043582144 3.00861910381075 3.41455952092122 1.31685031308737 -0.0422985754228987 -4.72854038578544 1.02237227880281 -3.93077983674568 -2.44246680226309 -0.306815149142229 -2.34748381950549 -7.50027849899565 2.82542258191012 1.34415259545394 4.2911821009106 1.09468086040582 -0.229568436703592 -1.78504022782849 -3.57260268219894 1.23101693816652 6.38259828716399 1.73867714752274 -0.606599038362008 -3.23716843257866 -0.423406410142558 3.04412291312816 -5.34549511785504 -2.22259216008331 -1.36546941151916 0.449579493759324 0.589335889730448 0.270656243288492 -1.71669839887094 -2.90480558978227 -3.32898512863179 -2.94387943878834 -0.468841075400165 2.52140156662338
"759" -4.60562243241532 -4.26035027122057 1.72165905810156 7.77497470956768 3.04443320037203 -0.272591704944961 0.571467615721186 -2.98653378815934 0.678680393787762 3.1832455548605 0.636842920242647 -2.69544712584115 0.241854715667376 2.59853823607859 2.2905929016438 3.48687392200549 -3.83269220019015 -0.383985073713251 -1.20764809497719 -3.67070206267659 -1.52586206850986 0.205290716859459 -2.0644527990398 -0.281377893365057 -3.15443384684747 3.00572018430972 2.83746703772583 0.969019683654576 -3.22864387789588 2.63567562997666 -2.84954684448864 1.38943788289545 0.658671357255933 0.673454383572891 -0.241332669584478 -1.12603397230751 -4.53048345025317 -0.957228282759569 0.011403895888306 -4.51214012037219 -0.800184046496265 0.375971871045048 -0.304987270999711 1.42087264674266 0.686978685963132 1.87240843489406 -2.76835451640956 -2.5583124334559 2.08590039499443 2.33420663012422
"760" 0.393113734981714 2.86746462345304 -2.68134420148035 3.27741382681086 0.732010955158866 1.90967732529299 1.6080293233066 -3.27866659179828 5.56584377538118 -0.479839844159976 -5.76929709898304 -3.28023517142827 -5.08120508799649 1.46878708881725 -4.96307320986155 0.677657247547424 0.0550017262705014 2.25194076405646 -5.99504244228797 4.61815312455345 -2.1370537529374 -0.489933325988979 2.40140334278586 -2.22115244480496 2.51556153564949 -2.34190416077835 1.28241456097273 1.70179257022218 0.375065563139448 3.41640385811447 -0.127324748174722 -1.22802797206076 0.916201516401148 -0.107403853107709 3.26269238220857 -3.88701964038414 3.79133197558587 -1.11736389491306 0.693773137205899 2.7504066514227 -5.4230410834677 3.82531919224147 1.53989580034513 0.641437951508548 0.12446527050024 4.58965486542218 6.57337400376075 0.882600390278203 -1.30353473512272 3.44440528830178
"761" 3.42801784161807 -0.519159487544022 0.734792522429528 -2.16168901366965 0.979173112483602 0.750959081376225 2.32356648336494 3.80686618373418 0.739323475685686 -4.19258946975701 -4.88593640169657 0.147894119393911 -2.38485776923448 1.44530081232092 3.50073398547794 -0.169154068149365 4.65025638751056 -1.69649724006665 1.45436558718173 9.98158395842299 3.36421547756534 -4.25256599604735 -2.88857275070156 -2.90739274086278 -0.0128558796724553 -3.88571591311522 -5.59204261720572 -4.99399223883419 5.49729007479567 1.20956056325437 3.25238207982732 -5.39596830990196 -3.89598941045391 2.14035947655483 -5.21173838521187 7.015346366209 1.03541769472216 4.19298163427087 -0.128107429761252 -4.22186346644034 2.84380826645237 -4.56784846994159 -0.894549647636484 -4.00062874042593 -4.57261409601537 -0.48581454948176 1.33409102136881 4.73344223319867 -6.23688587479967 -2.88430981499731
"762" 2.04495766958012 -0.696659472702236 -0.583429474142843 0.0208190111878824 -1.21166287971159 3.77209141648 -2.13774687112032 1.71196301903478 3.32869325190325 0.0409809332494241 1.09886679191212 0.402617889729699 -4.83712299279432 3.55787748785671 3.60106047113109 9.51503270050543 1.27910148566973 -3.14190997171358 3.03342016430456 -1.13740160035701 -0.158952297987802 4.35091718130129 -1.51041912657363 -2.48667619588564 -0.231812034756325 4.41014783954586 6.53872291024788 -2.55517594371256 -3.08369192384787 -2.16698564024014 2.04513949240232 0.00494616907400841 -0.107602740483245 4.47837241608209 2.11938761116824 0.305407295733748 -7.08058656015779 -3.17266681521063 7.06191375677657 2.31056783068207 -2.5647274324618 2.55404841394318 -4.95443214296538 -3.10653547557184 0.0692074739722203 4.07487094274766 3.70109813034227 0.122660291431004 5.74664528797226 -1.31522995886676
"763" 2.85234358918626 -5.94601983847527 2.08967825537395 2.04398575219951 -4.87108916413415 -1.0379639112163 -0.273311017224838 -0.887765445515195 -2.12070731832846 2.05660362848422 0.927165525853111 -0.805457797331344 -3.36311669504614 -1.35345926621925 3.43676225023179 -1.77576748842209 0.718728775140028 1.66307551720051 1.81249667170534 3.76338991052329 1.24326943561697 2.56873822234512 -0.207883721177199 -4.97631226374263 -5.31361727435888 -1.01910003376143 -5.21348699559922 3.98289999448184 3.87242978985385 3.27189225653924 -4.66311679940038 2.93968144902217 -4.05303737025652 -1.89273756045459 2.79479455966084 0.608919580635975 2.03079110442908 -0.532860420884193 -3.14360185211501 3.0281839815141 3.75697290939944 -2.4304305154292 0.115363009627765 -1.48669000306788 -7.5886467494513 -1.89791216803921 -5.63335900115355 -6.80324632076241 2.76934565963829 1.99910193854637
"764" -1.99206137805211 0.569441596373779 1.05457371092115 -3.27754561677898 -0.295821110915425 -3.47392552193214 0.190740484748322 0.0756200552525451 2.16625977791026 3.71502450334999 -1.50591158613901 3.93641769730185 3.77839308567748 0.562826558174578 -5.02171871045377 -4.9929656989835 0.779309409262611 -2.07287306490954 5.65255273219463 2.51858122237668 -1.63743183704817 -0.231258784657116 3.81046769330493 6.09404987311081 -4.53622644015196 1.08119980526258 -1.27948514912022 1.37027317198549 -1.62785356465931 5.41899572666624 1.32954041211356 -1.44889056094004 -0.159214766014647 -2.95251345560861 -0.687841459022451 -2.9250068568594 -0.473866192792172 -3.32099415332073 3.87648136987277 3.9302241166724 -2.30391491990174 2.20219704402152 0.808235884592519 2.5632950088481 -6.714311695173 -0.541127466465368 -6.5129968211901 0.106818893997764 -1.27895388867794 -3.38929908560348
"765" -3.76951776697149 -1.51257800779062 -1.5232059047593 1.82820569081495 4.23479953328268 1.14311058266934 0.689062474470427 2.14635541853923 3.69233503903467 0.298473526569278 1.05609547763797 3.8733244491019 -4.78956382373395 -3.43778425933218 4.47515952115781 6.28990258126656 -0.651738428111956 -1.28182730996692 0.329129839979304 4.5737367070269 -2.67804727661713 1.86607953630446 -2.75115472896834 2.36048008000227 1.31133581884456 1.25080288816096 -4.66793599551877 -1.35890906213618 -3.69469645042876 -2.18335181678802 2.4459959572878 3.05107253773346 2.79539605035243 3.88088863807539 -3.54576575416134 -4.88728503035003 2.06713670796154 -4.41087998645626 -0.566244189965925 -1.0352335153975 4.70731472442042 5.44801054553697 1.21880863728656 1.34862178474049 3.17744900209543 2.53583505871054 -1.84680369909436 -0.193798521819557 -0.519515993682273 -2.52179869439666
"766" 2.87011134613677 -0.264504685301708 -6.57724357707528 -1.29251533235659 1.69169054476356 2.95486681701561 -2.97930022377756 0.278435848768901 2.30714063390915 -0.378267112191657 -0.727044574585897 3.11762853970768 -5.45858605995081 -1.29177477083823 3.97871254641101 0.694340844187661 1.10434404008032 -1.68143202853191 1.52669791706278 3.88166051204988 3.24265616852998 1.55510543656683 -0.16777606200599 0.392550632860847 -4.89699442194449 1.59308633361683 0.448605797909954 2.20430806819056 4.13753914924716 -0.306268100916367 2.33269723646263 1.27919289241966 -0.44279345021446 1.36454424579684 3.6194363953443 -3.19835367651771 -2.78248743626358 -3.01880386030826 -1.29556828058934 -1.22364443996572 0.330259064551673 -1.74562230901903 -0.58284250505478 5.83767561170186 -1.6354916977362 0.114568504891374 -0.660136025316769 2.30305364129236 2.83703732396797 0.379847092170839
"767" -5.41836459936253 -1.74827176208071 0.404019974418759 2.71378589631123 -1.61144911482648 -1.57470094351124 -6.86006661265855 -0.844198055456654 3.81382362973976 2.16343656152483 -1.43426023147459 1.57899513881434 -0.891804723874195 0.959429611510194 3.88315960467416 -2.68757325168722 -1.34105384635242 5.11234103557381 -4.51483664747306 -0.694196823856519 -2.61062545861414 -4.75194237931009 -0.286384147805657 -0.931345890773838 6.16309266723615 -0.130226546339801 4.55217471167064 6.85275942611719 3.01133897610775 -0.685684629034169 -0.800829154738833 1.41689198941529 2.63553463308508 -0.677168682809377 -0.469539203097161 -1.08866506386067 -0.55940737278789 -5.46301786164608 -1.65174772007853 -2.96121466054551 0.775266856642754 -1.36042462538622 0.921391392475179 3.59665942464707 -4.41676516118059 -1.61916287038187 -0.467309157551045 -6.46149161019 1.01240573912757 -0.712731542901963
"768" -3.20871112824874 3.58502808913014 0.959020160544351 -5.60283011367554 -1.00637880918413 -0.906205711262979 2.49879218917998 5.78254660664086 0.489015352205763 2.38389157968702 1.49654657101575 3.60737758849245 3.08424187956482 -1.3233896855686 1.05049266756003 -1.05956940147763 1.16842773063884 -1.77734071105656 4.78024821375302 3.83162987139521 0.655335519805983 -1.73518623656203 0.369201860860422 -1.86153826816491 -2.55031291221058 -1.15058578022784 2.50508120454021 -2.81349599675209 0.907735666002405 0.00919265759721845 -4.8179516647813 3.07860361944235 -1.44020418058413 -7.31896209570627 -0.810211654802056 5.3414663711327 6.35292528656219 -1.0234014098552 -0.956498740965797 -1.76753654018855 -1.64295408299569 -1.6954159694439 -2.26416180668824 -2.842341222281 -0.976044555912297 -5.79732379042176 1.37839898980628 4.71530972750131 -4.32914280154849 0.398742117265993
"769" 4.32842372459243 0.145173898778751 -1.70517745001012 -3.72105745268688 -1.37217672315482 -3.1188026538727 0.229243625069984 -1.78996246017615 -0.380293958123538 1.84075866637184 -5.45452852000561 -5.21369598274261 1.57172150419017 -0.354708632828271 -3.2364278554239 -0.61923810559856 0.0904687932357564 4.54107398662032 -3.77081022855856 3.5880723788607 -4.08644209439353 3.56362762074061 -3.1710358619082 1.64153290663094 3.11843196966238 -1.27948569128947 6.11034673557557 -3.22689240807559 -5.63364852857572 4.58232936608485 -1.0812955109055 -0.370289945865669 6.34612206333226 -0.00797589819686711 1.74650193612646 2.53912037008098 -2.47947315901819 1.8663418398543 -5.08249575232044 -3.69168078847809 -1.50210228337981 0.0546452573272742 1.44124272954742 3.54567759438596 -0.821124051681172 -5.33807034365742 -0.924537148538549 3.05457924808139 3.71818286942677 0.601057681531923
"770" 0.524715289336201 -0.900671279509883 -2.17777240862469 0.146110137892899 -2.9432479672425 1.48150853079063 -2.71862964006993 -6.80083269597144 1.20644960434286 2.29286495850958 -1.29011569725782 -0.677423018862446 6.51208373689674 1.138617343985 -6.95958923603566 -1.65464356482728 -3.48538230581401 2.50465953984963 -6.16726750244279 6.39405699239072 0.929184320075512 -1.17314980295284 1.46655482542122 2.51154393055864 -2.44925006928369 5.55104572514987 3.82422041130156 -0.637203133592287 -2.41522483325179 2.41930228444926 1.71408120116128 -7.63334038226846 -2.75549444940494 -3.65057049459136 0.00557083143829604 -0.311213023173778 -0.314322348933578 0.335131043230021 3.41154819686869 0.467237004988757 4.64622244183279 1.145656660853 -0.334090730900482 -1.31652805860534 0.678179261072584 1.43525239050376 -1.06583427365801 1.07516706506417 -0.762390321029586 -9.16854741419232
"771" -2.70407778664149 -0.430189622267344 -0.867062735202611 -4.54986098527887 3.84960072129754 -7.91748754269289 6.80019292472094 0.946660432471639 0.020289798121938 -0.636265294395749 3.75349582119262 -2.95200628694444 0.606500557104513 0.764339272505791 4.97114665179055 0.621095387320544 -4.93124262093713 -3.48894065178781 2.39548119401685 -3.71435872180491 -5.09625877772709 0.583036155732464 -3.80090295042807 -3.01501856749583 -0.120795272356628 -2.63956912201487 0.397735942934786 1.62223073981582 2.26449042417324 0.988978545023854 3.34494986334064 1.65068765069274 3.96725389514873 -1.3289787173022 2.34725182898045 -1.44687174445318 -0.436900994087635 -1.81266942906083 1.05565008224175 3.06067539949789 1.21367386288981 3.96411953624726 1.29776178960718 -3.56222752203417 0.80348058274477 4.42797119780135 -1.76691337107603 -1.15432267520397 0.759571894824443 1.21848691626361
"772" 6.87006637078781 1.32216500954787 -0.114185299314363 -3.75966365063347 4.88662640824288 -1.11521824501987 1.72218608564667 -0.612710576331472 -4.64471477673015 -0.179326429219437 -0.238010608912776 3.26065620479973 -0.708880143103477 -3.49627966080112 -5.39867516397915 3.5209317530995 -1.52974221270911 2.30153605675944 3.39451449871065 -0.44095598729732 -1.71000034449705 1.11030776324449 0.931034074381623 1.59696035640557 -0.520687284256593 0.208993909691855 1.0021954368918 1.04123860457209 8.22653294339603 0.269499078976294 -0.77360918034148 -5.58389540351372 -0.123746227414384 1.20876963924845 -2.31201578250346 0.775644969648062 -0.493077410725102 -3.71501647013942 -2.52310157847944 5.15442444109971 1.77206787467847 1.38889238053583 1.48882834247929 -0.44997077622033 1.2965269466613 5.1378952881704 -0.873180486180785 -0.559115596353132 1.19653505693792 -0.210957308301039
"773" -0.542667928646843 2.77370308423398 4.0143569263598 -0.723358728449818 -3.46077951828233 -2.92187315204473 -0.672647972984297 -6.41449424920751 -2.67207822837941 -1.12512733164228 0.387950472539189 -2.02742318486988 5.25708570128108 4.35624214600896 -3.77214148893484 2.31988265602038 -4.03055579913323 1.38420406620216 -1.75642238139607 0.502157341051522 4.70594037118573 -2.3277873351977 2.18913934411011 2.81786644812174 -3.67425462429577 -3.99146042055194 -2.88145991287226 1.95890244393787 1.89468002931625 -4.90343011644351 0.889319201934034 -1.16686791816913 -5.86866459948366 -2.42185747604581 3.23346765205136 -3.49595562129616 -5.53406037093377 3.07311274516822 -1.77870427880013 -3.75043654224566 -1.90563699799245 -0.00214292622890169 -0.189524095362492 3.71895108483035 2.29522074674047 -0.215847203794458 -1.30543770139067 -1.99328340980712 2.31033323640177 4.57457833725315
"774" -0.690746575258993 2.38303700944565 -4.28639806737755 4.96769993602046 3.2110429924737 2.13187526978484 -0.984766050754537 -0.0849839276534501 2.0976654765916 1.88382022102999 7.36789944497778 0.521962855947058 0.0343919482057689 -1.96855022589707 1.92576960607811 -2.37267278057113 -0.79781963579517 2.27593494496993 1.16005226558251 4.2139017266531 -0.586212242243541 -0.931030805364687 -1.82901467202535 -3.31055497365571 -2.44343603069228 0.606114575094342 -1.86409163569113 3.68767570745573 1.86276201776467 4.25863121979065 -0.892827917665734 -0.466420903259866 3.98825555423304 -0.105928178511489 1.89953715432531 -0.330957040552788 4.72365794227845 -0.526649959443382 2.32966634903425 -3.30958976460489 7.32636162329318 5.31089628791386 1.80905850682187 1.06396781124969 0.884801130867941 2.70785165523499 -0.669740598640284 -0.031740384416526 2.50035211980771 10.2271457565715
"775" 4.79825578277687 0.394350063311924 0.385291130426931 -1.99095860942948 2.23870268411647 3.96330149783268 2.76360329240459 -2.84803862683863 -4.53069825516179 -0.621149554513073 -0.16405373659059 0.473369188086186 -1.03291360516272 1.19626175618759 -5.23560160848282 5.72506801555071 0.578176985159916 -1.44400335112554 -3.87749052790976 1.36979463724946 1.61391290059435 -2.08941823035528 -2.87123085614046 1.19026873767853 0.287626315890753 3.67462643660937 -2.9425617975673 0.774708101090499 4.11796938108044 1.0938534840133 1.96992595058926 0.200088388441463 1.97728852762272 -1.77762326266256 1.78930519439048 -0.901422874239618 -3.83353847018018 3.294692980352 -1.94296626019186 -0.542835425830848 -0.962709740155369 0.821046307162035 3.85707510733363 -1.22339268536216 0.634524630015008 1.4325365747019 2.29044170451219 1.60153991187817 4.79311126490343 5.04060299952027
"776" 2.35367721939119 -1.41545461378026 3.35676853879015 2.36293640129 1.13718374602276 -0.0857362849453388 -1.69796336078647 -4.11539254284056 -0.431242575110907 -0.685474028351568 -1.48344419314084 2.56302794295392 1.26138924519812 4.53432210147868 -7.82886299340846 0.080600584725914 -0.940208925533628 6.1851390194704 -1.38142336433279 0.50692215014397 -2.79767087397449 2.67811754666215 3.8272191366317 1.09534788554043 1.95235394326503 1.9756321463936 6.25499002676545 0.734251125955015 -7.88912663045537 -3.12562521373647 -2.78696131894571 1.4506183829976 -2.98082891561943 3.0021117960489 1.7706737099271 2.76596528647434 3.92992634938345 -1.64416970007207 -0.932068611723562 -1.46403343898766 -4.87739136324998 -1.74958784925724 -2.20135824603061 -2.15973286236587 1.47343263831902 -0.62355855545008 1.51698955650872 6.34611253111875 -0.577027763459381 -1.23360260218298
"777" 1.74509238001789 1.97764363698936 1.63726564075254 2.65457478147428 4.50419257990616 2.64773631686858 0.282619033564973 5.01387580999083 -4.19364768262465 -2.06414810939594 1.79256073726597 6.26923931459923 3.14017817368045 -1.24823566247387 1.15056989879141 -6.5667914719273 0.939935333594293 -0.683258057805216 0.266059976126808 5.48803886598528 1.28950991261349 -6.00755786340334 2.22114918076873 2.98688199671269 3.00382471470145 3.82398072599763 -0.0133947118298116 3.27097522550975 1.80247714069055 -0.594969316812238 -2.11093357398991 0.494552340058339 1.97645022844368 -2.49248283109267 5.19603343444606 -1.33995240556604 -3.48307903661481 -0.620001540824548 2.58459974178889 0.401371852540831 -1.0177825575758 1.19157533691856 -1.29446327392631 1.15938786978978 0.169675339427956 7.52719666898676 3.17645187169502 -0.554402480547283 -5.57156558385632 -2.7409349413512
"778" -0.671993652183736 5.91729479334708 -0.895290935209379 1.13501161964632 3.38477808370635 2.18578063382983 6.24480847496474 -1.86738109153888 -0.218281639743278 3.46688072768402 -1.16361319957923 -1.6063835936454 -7.50730570786301 0.967334638308966 5.24632235642479 -1.51324051691414 -1.07874983172403 1.3572049617582 -0.788175773816934 0.388980539871042 -1.24351778377846 -0.517059742918672 -5.210069608989 -1.00693802694026 -1.63068107563397 -5.18214372840575 0.0307440958915642 4.65723295168427 4.60085528626338 0.799525827510664 1.8231555566697 2.73729659155487 1.64761638004065 -0.854219096514147 -0.142887414650103 1.52193932043848 2.11456580621839 2.25183888766763 -7.39680246691819 0.970855638423177 -2.98570637986959 -2.54619440554272 1.88570428694433 2.63640908675512 -2.21518590399233 -1.69045222959463 0.563740882008326 -1.43628319716126 -3.72400576372934 1.50833247552866
"779" -2.23942310690187 1.21376775079923 -1.6322819854788 -2.34881226443343 1.22065436996577 1.32382655514181 1.67879944070186 -1.86587926990568 0.562379533217921 5.14037663217653 -0.0188043605283624 -1.46041461726285 -2.17893802784166 2.15326352339266 1.25871688436912 -1.66468631139742 2.37682753391467 2.34193687902983 4.61693546463595 -0.449646986258403 -4.31308784070164 0.753328387357706 6.60469213217201 -1.99932356181435 2.19951124645073 2.70983618584458 2.1669106193474 -0.337418757687423 3.54966361619128 -0.916596421456076 4.07068569635211 -6.63355987481636 1.38637363500677 -0.604864653884624 -3.4974716924604 -1.22127604925641 0.945086496724853 -5.65652285389399 1.79137350337461 1.64725029509632 -1.92898651996915 2.60326233494372 5.32464465079858 -6.1672102143141 0.77337169783537 -0.482723666085388 -0.00714631745089641 2.63777626228813 0.716912188254732 -4.17476942599238
"780" -3.03268708902678 -1.45465845069197 -0.47691736073669 0.59248574133989 -2.55765007295624 -2.4018185322617 -2.26818146898267 0.0623645406068504 0.117323210486196 1.9387804047026 -1.87630397437034 0.276528558199921 -2.44091440076434 0.854352368761604 -4.0960150361796 -1.65372772403944 -1.07687847095038 3.00642990872643 2.44993988473445 2.42814536128468 1.56953895622312 0.289088756209289 -0.948030664511806 -0.142554051163184 2.83974914427865 -1.44368113956778 -3.90043518018892 -2.49193197396667 1.42866670989169 3.21863012038204 -2.20721450199673 1.4728828899791 1.01984103805893 -1.10383221071321 0.57231001329724 -0.937526980819795 -4.10560804710577 1.23286763852012 0.843921082563082 -1.39244405058016 -1.34699564380419 1.6485397042296 -2.54188852242771 3.04576303725557 -0.192346961738858 -2.7680452242177 -1.63485479774875 2.98670294299951 3.95469237677284 5.5670195863842
"781" -3.87621764383826 -4.68226040626757 3.95864194160497 -1.3553987230359 -5.84861010610114 4.23860562822758 1.63299642230323 -3.14355907199208 1.4974578449101 4.64219997453017 0.260735529318149 5.14556892076957 1.4165134320216 10.0757064733 -0.232469514625333 3.61029109410856 -0.685629749806741 -0.177839074357747 -2.00266247121957 11.8776050673392 -0.998238820284234 -4.91598474335204 0.136202461604304 0.859307923160329 0.631538555715244 0.166574718795208 -4.94888652420043 9.6739317643646 -0.492053765268082 -6.78026754974478 1.41785874313457 -3.36216516067914 3.70496678612077 1.29318983120184 5.50196896755953 5.75868657367032 2.18041705740832 -0.438557244908202 4.95551041323016 -2.45724986820587 0.762540396262682 -7.58746200847177 -2.0879210148832 0.458788304515122 -1.5194637611726 -1.88018474150543 5.78917607367751 1.97284646039593 6.89405187694924 3.85217233619439
"782" -3.86921652339896 3.32088458598048 0.0213701755009945 -2.73041208293675 -5.81683605355716 0.748614618336711 -0.936359615664407 0.872993362741193 -0.433577421375925 2.45679440439388 0.473630409588775 4.04152245133909 -3.7899693745753 -0.0644197881365961 2.37326063070474 0.0148468748895334 3.65227330145084 1.06953393552544 -1.90614144186389 -0.317624130534264 2.06865727750661 -3.62502127033871 -4.63282510366071 -0.277793599053738 -0.0149339026305609 1.16302966834186 -0.84298533984536 -1.79547849596537 8.26523364780481 1.77135438125911 0.644031829944407 -0.176478259259417 1.92700591943295 -3.60371901860432 -4.17469451087371 4.72989281140727 1.00866065334361 0.0305263749483806 -1.90003620783305 4.40339795511216 -1.43442882445069 -5.63993628010422 1.65728982024069 0.70427380016309 -2.24891173070757 -0.837133791147826 1.25427105622368 1.7959356124357 2.5720679927622 0.84942088153447
"783" 0.146075161912525 1.98402069740773 -0.409495713296626 0.96182880042474 -2.85912207988375 -2.83138566031217 3.1062507500977 1.82530951838235 0.346644483281389 3.64532023670107 -2.91249772745469 -5.29637670896315 -1.91130237899954 -0.861210157132868 -2.32102294625911 0.548259152542812 3.61722498697686 4.24024756343074 -4.05190377126415 -2.83484968686921 -0.769653972864061 -2.4576649479851 -2.08063368037048 4.3922477179931 1.00326752074844 -3.11294153206023 2.72598904626431 -0.398598769345443 -4.18504133306769 -0.419430840502806 0.666883818073942 -6.55199498997056 -3.56156736481329 -1.01243888373828 3.05783840056785 -1.43844798171419 -0.90674447492839 3.3700974930566 2.8559035075466 -2.13308167389661 -0.423983311794496 0.808222551414876 -0.315389716224015 -0.00873699559138022 -1.05188037535278 -0.806594310000676 -4.81104243404346 0.0868408673048351 -0.395541827838766 2.75421513945796
"784" 0.306847852333567 5.91858726733781 3.67511203158997 -4.66389683558732 -0.24661107098698 -2.57965512804113 -1.48232505055557 -3.3971195867337 1.89782950699559 -0.663264844678457 7.89555877501188 -0.943439837986502 2.05358515439735 3.84131637295677 -9.15957265077673 4.91544438053152 -8.40790352133821 -1.59530612898976 -5.89967255710962 0.0723335908375575 5.7856512124829 2.06561899990171 -0.829217378982117 -2.40062471140062 -0.440747662456005 2.95686966439244 -4.17319733998815 0.431978424879659 -1.44641309032696 -2.02765996757176 2.54582571758841 1.50286110308599 -2.00858891457739 1.39123009727075 -1.57848245891318 -5.76707491617225 0.754049635508105 -0.593431226554489 -1.27254327380784 3.17101288003835 -1.7503917289654 -2.7702619637263 -2.42692178491202 2.84930288874301 -5.01722433859763 -0.906370814253973 -4.07251287627708 -0.33085105483381 -2.14647641106337 -0.658208369242169
"785" 1.18451666878438 -1.8843480379924 -0.742777924831787 2.57743541841402 1.93352191465693 -0.264187177924668 -3.82101756461079 -0.618756680259096 1.44519370442419 -2.00091640209212 -4.10492703425018 -1.33277211265953 4.12507111355439 2.66403178356352 -5.26585822680569 0.656375901960604 0.581736564347883 1.32031973860588 -2.41670630115872 5.59036236003741 -2.15886671472276 -0.156029611071538 4.64212635756715 -2.2232165256774 1.52528153120291 1.5604141426484 3.8333207320944 0.492377537588567 -0.736835401671062 -5.21488849922651 4.61243119091037 -0.976974457314798 -3.52078770146341 2.12719921237205 -3.96414805849468 -0.456504417986745 3.33118712161932 -1.52796963477066 -5.00330318803026 3.02330175519039 -4.14146583182838 -3.58848654234806 -1.76480860282163 -9.38453059276795 -0.488257901347131 3.26646068108266 2.41890008992108 -1.43730505918581 -2.47102207772827 -1.47861565260781
"786" -4.2138055945723 -0.970926666824147 3.19921503285648 1.87742219396678 -1.68442524974489 -1.80356716862215 5.49901088784296 2.73404253648556 -0.827354111395949 8.91518934013517 -0.512437029025643 -3.63477718812425 -2.68497842040475 0.483757646575291 -0.33739248839444 5.99638225610884 3.46762528780021 1.86791637978541 4.90300609761383 -0.594248490914719 -1.09506857698539 0.33591740354734 -2.23766811048202 -3.3902355269053 -5.03084202184322 -2.28019109687743 -2.01690688892397 -4.9538890149556 -1.15004409266134 1.63199580829055 -1.09018967876433 3.88015850414316 -3.51733515723839 -0.247707901007385 -0.342211230810656 6.77899882611264 2.24230439237837 1.72795716875863 -4.3022970569108 -5.03510366182475 3.03493328730889 -1.28189377002464 -6.33694788545419 0.00581573116125068 -2.96100012593166 -9.57233802176948 -1.13178465454536 3.19067346848064 0.270231121374774 1.26768072584308
"787" 0.306916831515555 1.60752883804249 -2.54992414982795 -3.8735028444043 2.48841691543212 3.06343411127083 -0.784970312538351 -4.76781895773921 -4.83005064952065 -0.385500779570577 -5.59766528676281 3.18347453474823 -0.137626080843285 -4.6457310945704 3.51156872510846 -1.11426006658809 0.471698834898724 0.0221742099483768 -1.0625820246605 -3.47211194663366 -4.21907707768891 -3.82998533091015 1.57505918605341 2.50506256802278 2.57905348563177 3.42274442110696 0.170223233498425 -3.6102407343228 1.29097984979324 2.56490860255876 -0.621406214313528 1.07861646556536 -1.21170931333099 3.41908596423552 1.7272954834595 -0.0773782489482645 -4.44511966299969 -1.3125714407313 1.21019369619347 0.664478424503261 1.64627627473467 1.99007907799466 3.43846575943328 2.61857904562926 -0.78710479552223 -1.38394615095456 -3.81500385223925 0.384871257814557 6.91582388678376 -1.12615261522928
"788" -1.76632432874266 1.31877545038255 -3.44180667018704 0.747974466871348 -1.26528231639416 0.0405340783887875 -1.27010316782406 -1.90385908306683 0.325857548877391 -5.28816459764431 -6.8491453895314 -0.290132833530645 0.5572870184614 -0.983884900027161 -2.58200292889695 -3.23107432549253 0.569612984342009 -0.937935674670454 -1.02481844883958 -2.72164074234422 1.20679762621384 3.19547874832142 0.502629305115322 3.55672464786531 -2.68063335406654 5.02623465405605 0.786189239599126 -0.823441422630371 1.73044048481448 -0.0995510462583835 -0.248875676084635 -1.84962838341881 -3.93099557081836 0.466160287972645 -0.377089918991573 1.21987054895421 -2.35655766056606 3.2730443898244 -3.76383597886575 0.206169206270113 -0.636338832416356 3.31080756488491 0.305509720842405 2.20560793916424 -1.96794213469194 4.74983906320727 2.50845412303123 1.02308339391838 -3.68039403685038 -3.5441431388877
"789" -3.93345699005566 1.23744335229119 -0.251347645137742 -1.27421542320426 -0.817420269281516 -2.38878800961722 -0.62841010132292 -0.370948994819051 -2.19712343023833 4.58488420329994 -0.766522574932353 -5.17163512146295 -0.542522315960113 -4.60589065533006 -5.05605307220967 2.82385468388412 1.74177446583186 3.08599353154455 -3.21009190803059 -0.977986347576934 -2.12663627516651 4.93138121236903 0.510989428570682 -0.90810157571758 0.182798873779734 -4.11259432057471 1.21396189538731 -1.29473915412648 -1.62152351105312 0.189072363372846 0.184674585934773 -0.543101941112213 0.334881788069167 -2.29014097709755 -3.85319152078347 1.70479602440509 3.77281327317819 -0.326510290103551 -0.354874719024103 1.67552709959768 -6.37241020782091 -4.26145126190107 0.330619213602916 -1.26261022403619 -1.14943628378864 -4.8425274122373 -0.0418736920401585 1.8956578368765 -3.04545935353407 -0.760696957784389
"790" -3.2333879515848 3.95756547236923 0.673940619559992 1.53063956030769 -4.02961623975811 4.08345870505202 2.0123364842247 -2.79541284378703 -5.05967307297068 2.36043341270128 -3.56883152208289 -2.76433045272924 1.17965047830007 0.62057308445028 -1.10536591417055 1.94331821097938 3.22148709389198 3.45541570714027 -2.47354117722381 1.6027708673798 -0.76066378763403 1.17657976330651 -2.02255208860653 0.724316733015109 1.02813429709731 -0.69550685224543 2.84505912786317 0.623564058631475 0.731093621131909 -0.680479746602472 -3.07794759210749 -5.37155271152365 -2.16251068222293 0.906504379315019 -4.24717154258289 -2.63673537166005 -1.76240347035001 -3.93333506361457 -2.47823029899239 -3.58711078264409 -7.14560847719814 7.133254466332 5.53923658616354 0.876893809357172 3.07692182682695 0.648720332128158 1.40342419970554 2.70491627313172 -2.48692453045857 -0.630378079509635
"791" -1.0087343110055 -3.45925074200369 0.168925492994232 0.613982838998071 -2.33743812020493 0.548221569883267 -2.94682637340378 -0.528899864138763 4.74527886216185 -0.187859919584759 3.31299210027089 2.23991596192364 -3.81726008227781 2.47395922094643 4.36578479884122 -2.04360692814828 -1.4904531479815 0.256688228980571 2.31144766393508 -1.35260620691923 1.64623590206378 1.57257450206925 -2.2414924463895 2.81382223344553 -2.12170624532385 1.7535558529905 -3.45602648060833 4.31892040157176 0.232056723804967 -0.593457542145964 -3.31752727611875 0.301110537096745 5.11065623700408 0.521884240573684 7.43219963852547 -2.46186570179556 -1.83748022659352 0.133671491629817 0.819232626448284 3.89086263613604 2.88641330177218 2.03296650648204 2.14561004258913 1.96154729284537 -5.2672676152796 5.25358520186628 -9.85183210914323 0.844520726090236 -0.0349378601241353 1.9006432304292
"792" 0.339684259372142 1.33339278818078 -0.788023345977433 -0.726944775393661 -1.94730774769038 0.795760340328672 3.00435242746445 -0.240466842216909 2.25073656961013 2.9950539227802 0.696806437069735 -0.665599955042174 -4.06960908007638 -2.89501379607415 4.73204187272244 -0.0200788467008646 5.74288869171684 -3.61000271994432 2.7567809637385 6.02119015271703 -1.13703829973953 -1.77060584169669 -3.71542094301563 3.96121072467303 1.72853045120511 -3.21154543330788 -2.9109744127145 0.49656843050807 3.8240818384042 2.67324067135372 0.969277993222256 1.21004729160042 1.90734221317778 1.92554389670464 -0.678652796775301 4.41979375495142 -6.36506451570867 -5.64004221304592 2.01073567845013 2.00021694755349 0.929454520905217 1.42790018576137 2.16814355044236 -0.736411624818148 -4.65663744870414 -0.436022039284119 -4.70115669273004 -1.87268229373562 -0.697838834936523 -0.571371856332998
"793" -1.78288726748223 4.14964148048794 0.130097667638826 -2.97218548923302 -3.22235286244126 -1.96233789340912 0.781717471751295 0.539109106072762 -1.42930357195156 5.22100128664491 2.50523155052757 -0.421559739465104 0.217194956240435 3.98061222007224 0.811435285750023 -0.38609867001501 -4.53838661870766 0.303295385209541 1.28830414480831 -1.75142972321208 2.00508359695836 -0.35776402349609 -0.0229338654239615 -3.13041523925753 0.137805432434553 -2.58276090835477 -1.36964608443733 1.76517079549599 -1.17058519122134 3.93193518704654 -0.390067575628325 5.41175644154068 4.50578103367011 -2.43437793414801 1.47889052042994 -0.0216127438550794 2.42496368085453 -1.37944042922891 2.21570746514098 6.93114088412418 1.61351841163054 0.396206015048944 -6.07983374032226 -2.98086520245782 -3.58601852222818 0.822720738846829 2.30016596383516 -2.54282300251998 -0.596055410719141 1.51788599825328
"794" -2.19655049869735 -0.589990506774762 -1.84004649480153 0.456498570576893 -0.906274808901823 -5.11039566984418 -1.47350523146358 3.53039567884288 0.245644305722874 -0.56321688003983 -0.742779638743196 0.377016584147804 4.50762822384377 1.21028704287339 0.574465434877251 2.59753440029591 5.4482339806999 -6.67398870214362 -1.7744448621795 8.02342777303319 8.318329599799 -1.29609380882991 -4.38613402333733 2.44588211171053 -1.97422590962797 -2.06893505639146 -1.094391897004 1.13708327551983 5.31552896872167 2.47055858023014 2.42303568234428 -1.14718213163965 5.8796795324859 -2.16576179433278 5.0131590409805 2.24863627569176 -5.53663841303158 -0.758432486572782 -0.864412465160511 1.90098616496601 5.47860790212149 2.39612997672336 0.520166978066367 -0.230111878664962 -2.26826042509944 2.01999328551245 -4.88946718102055 3.68587757920442 1.52660031790596 -0.0928341177581092
"795" -3.06542139304214 5.58977775927656 2.69254351247382 0.816943615919096 5.23696631000346 -1.48857374612699 -2.77478543460579 -2.24587822211506 0.870783130016705 -1.78417675335768 -0.454171491768542 -3.09520077951028 2.61555755456434 -3.5494512436722 -2.77429487528736 1.55286670835812 -0.341310423376954 0.00637713005021699 3.03785948477638 -0.301878478441656 -6.80175796126704 -1.60001464493213 0.419725738510244 2.34691579205051 -2.65676351272153 -0.098786348654795 -3.30943916925372 4.91631113089888 -1.11562332643203 -1.18697802431078 -0.323328657299603 -2.76669966864395 -0.267665715765879 1.2811853769974 5.01563888200771 -0.635121932762316 0.402857703260906 -0.961482267434336 0.709166061495605 0.299017863748184 1.57144398309195 4.0334990961456 1.58543164061275 -2.86643587258445 -4.46955532437708 -1.05111662194443 0.283020416274289 -1.22856902009443 3.64318044896189 5.04955307689197
"796" 0.474897845183184 -1.91504727597477 -0.846399211010141 0.654930833722555 -1.96733655242789 6.81510741858243 -3.8720502666221 -1.30191568986618 -1.67491614665958 4.75000368380886 1.93512056558569 -4.13777735391949 2.76371311226906 -2.0340042915067 0.369655151385413 1.32593844733273 2.47075420256306 -1.27424839597963 4.5800350157945 1.9546267504968 3.92578566817361 -2.5087636554036 -2.66665970685342 -2.38636672985487 -3.25442189017393 -0.68943218435299 -5.36990120239018 -3.41058350562218 -3.09878474756568 -2.22496820750516 -3.74047888447093 3.19439368680763 -4.44470918069743 1.7423292437343 -1.62474105226291 3.4606712037234 2.30083120164495 -4.28518678144999 -0.138894483060439 -1.48242003537034 -1.25859748705613 -4.28500801979231 -1.59083773924817 1.10052017412354 -5.42129600892433 0.937733346777042 -2.27547467838813 1.20863511595474 -6.27189310358111 -2.55118284058325
"797" 2.68813930827739 -4.93649903825921 0.0189852342940169 -1.90413261551489 2.58721303444116 -1.98990777460943 1.27567560935759 -1.57247642316388 1.36125510697709 3.50043333642263 -1.37723773853552 -0.944906557264963 -2.34780662745277 -1.72854707907734 -2.74218977640786 3.23522920527408 -1.99380095537713 -3.64213184366763 0.225902533156841 -5.11986513108292 -3.36625405161372 5.26939746034949 -1.69542191775981 -0.546556195593413 0.824008449757315 -0.582437394752427 1.70277663413459 4.06305897746044 -0.540221297626485 -4.57165265344118 2.0282672606738 5.56053630006071 0.506877913970516 -2.72089595611203 -0.698896361786047 -3.58690964225783 7.9525516462679 -2.84428363529249 -0.432861755012977 0.0644135270261859 4.87171279124383 -0.817803708574136 -3.22981580104729 1.42418140754181 -2.98255230937858 -4.65187788588373 -4.37529521183539 -2.65719840511199 0.453331063306059 -0.732875452848799
"798" 3.59013415354377 -2.27206346250243 -6.48598322038497 2.54720753625913 3.80372797913055 -0.942074576975619 1.27907842552406 2.56252678948472 -1.25021217467834 3.48899098067245 -0.236389091390006 4.52875451883207 4.18954422365514 -1.23845592623198 1.06634351576478 0.10839809018987 0.854081956265847 0.307437048840468 -1.36232325347082 1.69197179187403 2.125372496722 -3.59945312836131 -4.42336415175769 -0.23167912512589 0.614038251771452 0.183067589222323 -1.96017161847646 3.1935779851549 6.2114432506531 4.86095438336748 -0.871744403312681 -1.01717168270191 4.15163000467772 0.363544406749957 -1.87107477641492 -1.8847109515858 -1.22052153605051 -1.91579557926347 -5.85701790415295 -1.65191021157441 3.92470771363671 0.634264734263994 -1.55120129290172 1.07558262433283 -5.36651633055621 -0.69291287684693 -2.85413331583074 3.77461685768625 2.35249214423893 -1.32711746120464
"799" -0.311344274507177 -3.01121347100252 2.71136046329485 4.17496790670244 -2.89549933476759 3.13625254199084 0.798074332394991 -1.68911684057085 1.04630054841691 0.641470966517673 3.20385767880337 -1.30728765598835 0.46975346915671 4.73893546987939 -1.45899809485502 2.05403309135179 1.68544879509488 0.974512193533509 -1.91503838833604 5.33493608360618 -2.15204621227363 -0.915152998387933 2.33015261071153 1.69649164936145 -3.54257821226951 3.53486463407093 -0.900477498586399 1.76780823301152 1.9703340516185 1.69622225174588 1.44028382146105 -1.73847082324435 3.25420448624724 -1.14286915446962 6.4304290199663 1.38241389742025 -1.07352446890239 -0.472935661886453 0.159166220655051 -0.719328156505999 4.66776919236529 3.75917330484457 1.23353151666351 -3.04708694094443 -0.771885987930574 0.106541773548944 -2.19474059547963 -3.14081073221281 3.51802643138075 3.78086485608034
"800" 5.21168674935306 -3.92298536398005 6.44552745940023 -4.4516873419301 6.50996038285194 0.520098240824354 6.38714060056553 3.84331697842445 -3.88703959949903 -0.376868505622494 4.39822277459102 2.28564850246929 -3.28787797452789 8.28265405228487 0.192176341538684 1.83224286651902 -1.26316539516606 3.05291458740347 2.55606496238696 0.238683848029727 3.16317420804839 0.620476647588855 4.62228999678496 -3.00430608938463 6.96896744549821 -0.735015149791791 1.91727994582451 4.1103165593191 2.30189680360066 -3.44995497291454 -5.82493676798241 -5.10084753948519 0.631578761261648 -0.776391899566333 -1.9210178896616 -4.42969542142393 -1.91980717220635 0.144503086367758 -0.406827223888299 -1.64155678753861 -5.61258757971518 -0.802032778692077 -1.38468041360106 -1.98070292437035 -2.56002040800103 3.96620075635502 -0.164781391322394 -5.48565452267153 -0.710101611261258 3.36992885281316
"801" -3.83207610546219 -1.23105648155181 0.36581479272598 0.389674009422159 -1.30159137437005 -1.63694241661565 0.0812768327453255 -1.06365209662391 -2.23147677515494 -0.368101067178222 0.716339974673904 -2.53395971837808 2.94480173407992 0.517651047151572 -5.41982162689207 1.19859903485789 -3.94920235999431 5.97555451977981 -5.89666017840359 -1.6736815142331 3.47414247131876 6.96892090545101 -1.70619617452816 -2.24613907058664 4.02465923014509 -1.16721774091178 -1.39978653835227 -6.58602906616173 -3.11910651032783 -0.0720740603745372 2.84335405196013 2.37015262066063 4.62883636298061 1.50125104792151 -2.61046963637335 -2.53426123304386 -1.53120838648671 -0.293998615885882 -2.2053582925725 1.66175799423606 -0.544825589135041 -4.09659721086926 0.476603284125631 -1.89612846614088 -2.40090767424786 2.08570673906228 -3.74151621529834 -2.07111149619519 -1.97460371634198 3.35935462830573
"802" -6.5448651379324 -1.78870990689501 0.355854797236205 -0.463032762180985 -1.71491243377292 -2.69912176528252 0.517034747210479 -0.209933168503039 -0.964880348393047 0.193859661250161 -2.92372485005607 3.20765550113363 -3.013480131861 -2.58343422008622 3.92252157718351 0.517938058499307 0.446963232990595 -3.01094296590152 -2.40514822827944 -2.57072705689889 2.09826855668072 1.22962060530536 -1.85894349647894 2.12548946858662 1.02323301111982 2.42544172031789 2.56996626549223 -1.29582981946247 -4.00252678892258 -0.00698968493710799 0.836328623519282 3.53348198573448 3.85456705068563 0.238784277064808 -3.59032909099753 -0.325457191722888 0.72488386630807 -5.5893782355786 4.56863133880834 0.122706729772678 1.59670135266945 -2.11580363710615 1.01657615477189 0.360493126809176 6.81580393742955 2.47780591932646 -2.64030752684976 -0.419282637433835 1.75473191081324 2.67520209624655
"803" 6.08393794310499 2.3045884543255 -5.18911796175922 -3.51758131688137 -1.25218138701213 -3.66008238681166 -1.13078969648671 0.858398757304709 1.33938406294902 -1.95936953465372 -3.44489663809699 -2.68898117895845 -3.30104346355348 -4.69214998491789 -0.786610717950576 -0.511913787824814 -0.641463152410869 1.61247567811929 -1.27895231546654 -1.28525062243565 0.715331728270965 1.69919598439588 3.51732481654904 -1.26230476124087 0.756881756999802 2.09340008984727 0.347565461441932 2.92713261069867 -0.559498026557158 -0.81416741886338 -1.78413443872538 -0.319930622758578 1.03482486454343 0.432959709670567 5.69442602001206 5.05641829159743 0.646411742412727 2.4195194498763 -2.0080573554257 -5.14417142269218 1.21976189620252 -0.782320480844979 -1.88509052227707 -1.01012645736016 -0.383353717420379 -4.15975222926561 4.09174780771838 -0.585467763229262 2.88087401253438 0.343562158227205
"804" -2.29164046526432 1.68232370718047 -4.4944718094306 3.79109459727456 0.762125698337652 1.60125751706392 -6.95743969139622 2.66715934081598 -3.8358767268708 3.70934588661359 -1.11009651356278 3.13629087564169 1.89891125522938 -2.36687086760895 -1.8871243145594 0.624866415410141 -1.25458323013723 3.05804006123977 1.34556527821624 2.68361926491988 3.39455101361361 1.22884769568221 0.127569484113095 -3.67322459506429 -2.29116590353808 0.390217792544408 -0.119776563006858 -0.0753463135711561 0.902537053488864 -1.41140547124044 1.2816537471175 0.133071739692256 2.17494414981182 5.32419692713896 -0.560668914332332 5.69405147926295 3.71259418130446 -0.646736614029499 -1.00312642727608 -3.04718821935158 4.64017005346866 4.13111400205793 0.00268161820545299 -2.25985504115962 3.24686398099116 -3.47938556092794 -3.65070472087159 6.73458372363303 2.89719651088929 3.17514199610336
"805" -1.60301058683042 -2.41785715073253 -1.49578741371951 2.69719816245458 -3.08935218207606 -4.11304890990599 1.49633721786572 -0.62757438104479 1.28951089083915 2.25472888710824 -6.49824341970753 -3.27960607060222 -2.24461115732797 -5.63866479264961 -2.37390613016141 3.61879616486226 1.3447443831744 -0.421326093524969 -2.89406156820809 2.55138875112641 -3.13673695412186 -0.352303171231161 -2.17888081858816 -3.34432290622413 1.0288243300712 -1.34397597317288 -0.80798655816332 -4.11295650876199 1.34519046096454 5.40654012218859 -2.10105845164741 -1.33604179248952 3.43348373276891 2.77039886259171 1.65266838741828 2.77453429599742 -1.62326031591643 3.30582272169184 -2.11846605277557 1.35543507233439 0.433425959793189 -1.28975549218347 0.396991071993467 4.28888375166615 2.02988669234027 2.22554465750757 1.55148917834336 -5.64297488692662 -0.854373485772158 -2.36004085874216
"806" -0.059328849535016 4.44479610605648 -6.29283797793347 -4.50461636914734 0.806039281695414 0.58846671943112 1.46589863313645 -3.97763312131742 -0.456305527013702 -0.337005628787896 -2.69372503899812 1.73844209890891 -2.8368702722761 -2.14066816913913 3.44391398936393 0.368423817995735 -0.961225444964385 -2.19116024262457 0.68170294443303 5.25293354559742 -2.11875898735038 0.46297398882528 -5.2713631307456 -1.29076696766988 0.72943496877415 -2.37244962349994 -3.00678283461389 1.81819488863271 2.12407131431952 -1.28508449789105 2.52775785732894 -4.99442134324757 -0.755395425054524 1.86234398751671 1.03672646419438 2.03045180095394 -6.84606263083131 -0.243762088474425 1.77425843774162 -1.66667850425911 -0.569712504203452 6.34291552812212 0.6116891427044 -2.47996985086001 0.482662982771983 2.87177953843556 7.95759210793898 -1.322165464849 3.82519392238785 -1.02358510922549
"807" -0.0732201681051579 -2.53774002827434 -3.01103043394743 -0.991667763277974 -3.40114484923832 1.78105415949712 -2.45021725898174 3.26857281075908 2.1669689360528 3.57410029668474 -1.39749516946797 0.533581294377708 -0.134788497307169 -4.12884071068373 0.387051995580524 -1.8680667256658 1.79284888779543 -1.45583409006355 4.36150867617763 2.7986785011626 -2.95448687416181 1.12741369164349 3.147011224186 0.350265316936718 2.26959518633005 3.51913771080329 0.484158295597066 -2.66464691616261 0.762399435329258 1.55242123894177 -0.766586596731202 0.495968471752796 1.75004190047745 0.501270204033454 3.78124205864802 2.50451716284734 -3.7002703204813 4.73083018555174 4.76179648372021 0.439494727070885 6.15044783071255 0.751160537327693 -3.66552330519612 0.345119027079765 1.94691978041727 -1.95779844149715 -5.9800135290881 -2.00034356548154 -4.56260362256203 1.20572561311688
"808" 0.029984624023733 -4.6204970819984 -2.10112092124608 2.1666248179725 -0.300645339172846 0.950320063635813 0.569748397119728 -3.62877449293298 5.561888241433 3.24840025862666 0.858878776922081 -3.39896549043204 -1.06610575969697 5.1823094720594 -0.865110175561381 3.91015206789874 -2.74660203944867 7.48038758859605 -2.00367127195586 -2.32416178646186 -3.60359404011144 1.66431759243493 0.885644799619242 -2.10686293435413 -2.0392903028764 -5.7813827819358 2.04664030656417 -1.04123204813864 -4.87988619710523 -3.51707221576694 0.820269150852021 1.51226026673844 -1.06046197677013 -0.423448483344271 1.65739018536615 1.90851076758204 7.34898038063463 1.74659862020949 -2.30782830305943 -1.91830602381147 -1.02596915489754 2.38720467539873 -0.153995225297366 -3.50921634612827 6.26930700312325 -2.09229982410391 4.43231414164884 0.191190039101738 -2.89731744353627 2.59922346492878
"809" 0.427549468657509 0.777847506221646 2.07320052150271 -3.0166194212893 4.42015090993672 -0.306067619123509 0.997819617993115 -0.226146343887575 -2.204867181406 -3.30606125642078 -2.27819937412325 3.44958213748908 3.10659032746246 -3.58989489859077 -6.13304792370931 -0.495295803740488 1.50819705980563 -3.85121465296303 0.182056561611099 1.81463672073404 2.16964441721717 -0.565493343077119 -0.781442243317273 2.99578333840429 0.334179219899805 3.52632260444736 2.2687614774195 0.0241222496504864 0.389530196611013 -2.08711458308461 -3.09529051353884 -2.64846134539687 -4.23600662622811 1.52755498881591 -3.78122917929811 2.68581742914602 0.942585250105665 2.99529927713046 -4.00080141252257 -5.00932429136223 -0.282936419081788 -1.83075763491058 0.357753744319837 4.33488289267216 -1.0556365180588 -6.18234082723945 -3.87898514270629 -1.22845748811051 -2.46202811177011 -3.15609735432525
"810" 3.46466155022021 -6.90892616193062 -1.85128111244721 0.567769965192877 0.222265353277017 -0.795543434485476 2.74557774099103 0.485509138366598 -4.4890241300597 3.65697731076155 -1.06787618043359 2.38442586905706 2.58985648023167 -1.99226361082222 0.989968736408641 4.6367875011116 2.84815368103651 -7.8200424664085 3.78656057385727 5.29436569515488 6.65870981147528 -1.64633306559889 -0.780685918782255 -0.961695689571686 -0.341318546782975 -7.61087050331114 -1.35785511224175 -2.71977447281398 -4.7087843706107 1.60978134220585 -2.20230974988739 0.0463856769140116 -7.76537231947414 -0.586105848749578 -3.25888546957412 4.27461462185932 3.8404095091337 1.5564248212473 1.02019970560135 3.17849186029929 -3.60885890737785 -1.10913458457284 -2.77106224729438 2.03275114957715 0.822457663307853 2.45957650694687 3.23875324634245 3.94792579376907 -3.74169970894563 -3.50734748304988
"811" 2.90410214779048 0.862615060644673 0.158543917970683 -0.460987283947879 2.74341434402671 3.70208233207039 1.15824200514961 -2.25692486714973 -4.35758596401306 -5.87952927404914 -1.2456795477191 2.28413356762443 -4.3995495319122 2.43857171582664 2.00944157746987 -1.71854255240252 -1.76062026921278 -4.16600684934068 -3.99855366065876 -0.0430803578076649 1.8475856389774 -0.557784251285311 -1.00464557125157 -1.12777979540752 2.98923568316948 -0.630381586874577 -6.0960392653047 2.03882358827865 0.331659323313065 -1.45384006875581 9.96965470461542 2.30429737416044 3.3500624363328 0.752397463847546 -0.40699779020898 -3.64801184126293 -1.81430263076825 1.70976589648916 1.16943085320213 1.39121641684656 5.07051784132941 -4.84543928659862 3.75531306921667 -4.06415561525583 4.57154286785175 -1.15147716673575 -0.162570551219804 0.628174311009437 5.10657555090693 -1.01160292527965
"812" -1.382264466926 5.67445750857674 1.26279923892836 -6.24371171593837 -5.87676600491967 -6.42231956440567 -1.77504223438856 -1.47093405336299 3.00056553533228 -3.86080034321134 -4.7896540753031 -3.06722023671675 0.497242548585567 -3.96471262683752 -0.276915885998056 -4.15735611343348 -3.01848148362714 -2.58096034153272 -0.504300781289437 1.21410534349058 -1.78189488858455 2.02640938855599 -1.12119188563849 1.26925517446455 -10.1757640945715 2.33814443483421 2.67276075915738 -2.84763159062149 -0.565243186552547 -0.924041342573386 0.736393976224148 1.42346007816979 -3.32595985899049 -3.30370093862325 1.88793106504571 0.692536999365311 5.42525228855086 -1.1619413028887 -4.99368254099 -0.897633821839703 -0.427476637656023 5.10465449138272 -1.71115809383699 0.153895773190852 0.626396890109897 -4.35959001527027 -0.548274649430455 3.62113810036855 1.52614081335771 1.81417911506749
"813" -3.00572199232573 1.25018649947889 1.10921758718199 2.35761894434166 1.42346268819469 0.461161245283665 -1.2024608560049 0.85689591764388 4.48525135469656 -3.25245071361101 3.23867079413331 -2.96291553215453 0.650752637404059 3.57935923671612 -0.0851449156506837 1.22056215592303 -0.43061897720701 -5.78370599314648 0.623180379551402 0.592046816227119 0.41928613306262 0.474210085517496 0.110229535369941 -2.12017138661166 -0.310597098150985 3.66079294754392 2.75771399884712 -2.19527927571125 2.75827822756345 -2.3177870082852 -1.35139094316702 -1.97640418282081 -0.929703921801667 0.746805555445767 0.154572840224043 1.69208359220432 -2.04970020252041 2.33955237369582 0.195143496234991 3.80150485005682 -6.32920114946705 -2.4845572910453 -0.721122490789745 3.90112196126547 -5.95457269996836 -1.46672418144792 -1.52647295562277 -4.7764408853071 0.19614024562278 -8.44703819718783
"814" -2.19925030394618 -1.46107319183164 -1.91007243525675 5.18804893940052 1.35679863030771 -1.54219658293286 0.876525143933626 1.6845693408994 -2.17166566957281 4.56821472643974 -1.53115966771916 -1.92751018681886 -0.141198747108982 -7.02983069894575 -4.40422215799421 -1.23748695515929 1.73301011167027 2.00728293242965 1.86245617136138 -0.23101565034059 -0.938111199445803 1.22123909045546 -3.92610238345955 0.255034857192058 4.51832079830073 1.64526389290508 2.23779392272057 0.772829593646119 1.25983782568709 0.943027981432239 -0.346518931721398 -1.07508180796454 2.83232410613035 2.13102552691654 2.72229425546456 3.7461809439018 -4.41895575685026 -1.38968542036458 2.98751363415138 -1.29774975066076 -1.53501757785784 0.282415391161541 6.49407944545969 3.03653627223911 0.0240502663088371 -4.49516010919548 0.18623010060993 0.855731907509904 3.56985651160603 2.8864416524493
"815" 1.3178589914878 -0.00857398721296497 2.82527009100232 -3.43070740793326 0.749035985763675 3.35749225767932 0.766922815643902 -0.513566423093529 -0.0132793910497875 0.653214141646969 0.265395903515036 4.50475523787572 3.68033711561188 0.305274355504649 -1.96267485920747 3.83603926985134 -2.15055785902193 -1.53240676561179 -4.01926214705076 2.69126639389068 -0.355401773463606 -0.253936697792239 2.38322183440098 0.23468013504173 -5.15231024708826 5.36182842559835 1.63811959172193 -5.60610353369133 3.56916554191633 2.27578194029381 3.08264462628634 0.902525573667385 -3.80162506599546 -0.258764188778406 -0.658697782474609 -1.85156439392825 3.45832456434138 1.73264150563492 0.281261548414395 9.52599010927613 1.4465855183526 -3.7687139581055 -3.33167371519158 1.65965007471056 -2.33788369153469 -0.888597990179485 1.59942945156166 -4.00192104423559 2.5923160170855 -1.47534581214042
"816" 3.8468589864202 -3.46811873426738 -1.38900041308806 6.1371864672969 -1.82878787225563 5.12028252926199 0.976549473046794 2.59634017570719 -1.26028246410597 1.34532997628444 -3.10338531425652 4.82181499193922 -4.80239339611757 -4.38965397823589 4.90924250975191 -2.02135205525847 2.11738024362662 -4.69111510199893 3.27313753903535 0.988853215356054 0.238187152671639 -1.99783831731538 -1.97360674682439 0.605922018959409 -3.04948807904972 3.80143006448874 -1.84441679075987 5.81702267369717 4.64538251238645 0.944692126424085 1.56353007101321 -2.25547072968328 0.262993109848157 7.19663357878995 0.225875913492529 4.55891216697824 -1.63237163423431 2.91145733447141 1.88036052100736 -5.47429046750855 2.95895384461216 8.41030035256923 -1.76095710921409 -0.30296176057385 4.61609924359381 -0.144605914360456 -1.16456985882544 1.68825129126873 -1.8331295685199 2.10782295837595
"817" -0.851541944689383 1.98819449046552 1.19102992306519 -0.925456112118114 -1.42945891567532 2.18982259084188 -4.41021470475602 -4.76622548609625 0.646050751081498 -3.82822784142778 3.07528728555206 -0.830066263086506 2.43050704122542 5.06065493658577 -0.837934658137015 1.49957641353335 -6.46446012409417 -4.02334689886987 -5.79809830675139 -3.63439504887771 0.309914964724131 -0.290630350088887 -1.75808406082681 2.21731695188387 -1.06259198487176 2.01447922302759 3.61896713511548 2.21818561070705 -5.43275099736074 -3.75698271424566 1.92114790151191 2.85207326011233 3.27796517830225 -2.65046072230225 4.0887633973567 2.21033089988737 1.32868985954411 -6.87649463093094 -5.64670753325344 -4.32371938818617 1.76921205446219 3.80581350519824 1.44128975998725 -3.32368178475102 -2.20099119105974 -0.716937280674084 1.06736226976172 -2.57397409333359 2.76204456373812 4.05166940500514
"818" 1.54937556488933 0.537323368255039 -0.86041965538417 -4.32748643484585 0.927541590610494 4.39105873418471 -0.770356138346744 -1.60762547544032 -0.825035570824203 0.192127357665624 -0.421167781341555 1.57620756909436 -1.97242908059676 3.52713014781889 1.41074541156959 -6.38771744002685 -6.03592245288713 -2.00925296945497 -3.40978663251805 -0.967077807298718 0.0238304913197686 -0.285926110621989 -1.48784892537438 0.905484754458164 7.98212712190958 2.00769364406032 3.42141433541876 -3.44277612392312 -1.09873173509659 1.74072648009581 2.42096201769564 -3.24396306641119 1.145835510374 -1.13570943616331 -4.65989911010916 -0.122153847316159 -2.83059339328412 4.11590597111426 -0.552832359968021 1.91076333051162 -2.08055216419215 -4.50062465203927 3.36987696307145 -3.16448787361026 4.40808491285233 5.02679993339351 2.55880169927523 -1.20411182773095 0.986535477929295 4.99904145847955
"819" -2.44728595335897 2.45033047054638 1.21943286722968 -0.382576698287522 -0.787868768094512 0.213310086951518 -1.18173505411627 -4.34053769750333 0.621821159684047 -3.31665960514459 -0.474896257279444 0.450143239164092 -1.42099757598177 2.52819714321824 -0.379254989209365 0.071722875828737 -3.7358389630862 0.630676257048909 -4.69742448017943 -4.65635252985091 -0.999120375866625 -3.88721454305532 -1.85742231842296 1.3487159999777 1.51903145044712 -4.60561252314692 -3.68930634031643 -2.99803433875767 3.36165895349737 -0.743817230297426 2.25857671297956 -3.22094469708524 2.01227174106908 -1.80254811527162 0.667674165619545 4.3476337367614 -1.52312364789535 -0.822394285558095 -0.448088491013474 -2.95318165428295 3.7290939123887 -2.98221159821673 1.71358303832728 -6.18509570800118 1.39304279776676 6.21801561312896 -0.65268960462981 4.44776968279443 -2.04929097242109 -3.5597878815049
"820" 2.10824758229322 3.94472745326996 1.63575651871808 -2.41206343005381 0.295079404818039 2.10958059163405 0.685458912084147 -0.413045034085092 -7.18767944242916 -4.13647312863916 -3.11312056433405 1.3975258104975 -0.734284688755786 -4.84674208246368 -1.62999679972095 0.681544783507671 -7.2750040288406 3.62502993134716 -0.941925537218427 -1.95579496241532 -0.083917212400435 1.53732674001931 -2.74870841379748 2.82755922161688 1.54017485671953 3.10488507131075 -2.57178490596134 -5.68435689929766 0.252182808927592 1.42286021941051 1.28783792193814 -0.637462911253187 2.09993552854603 -1.30274492692963 0.052693367176088 -1.7409466906243 0.140928675098297 2.44053674227873 -0.810536583747645 1.11649393130427 -0.0442359979855073 -2.83662510833929 1.43940462973752 -2.54729795938649 0.0241683724857635 -0.158388129850282 -3.24291501831151 -2.13260981913033 -3.07605060804895 4.42072800328596
"821" -4.78312092170004 -2.01765886756123 1.24813450764535 -0.524334167117283 -1.56640223493522 -5.85904489843686 2.1794207476398 -6.13549303104577 -2.80677112811045 -1.61518757421751 -4.7640118993046 -1.09645014929483 0.715557970191923 0.179218453986834 1.68433399446541 5.09330025063031 -1.8316478143886 1.26889773740538 -5.20339143213806 -3.78442741167843 -2.4102858073534 2.79279511808226 -0.86874852081193 -4.41547495552718 5.7803567968226 -0.715063354288057 2.01752313546686 3.01250794591344 1.06462858156922 -10.9018939021496 0.401457935000789 -4.26156898578727 3.12572828499299 -0.95049951149173 3.1671422092755 -4.85508647728959 4.95095478586055 2.81071414470222 -0.175380088839221 0.600699181162603 -0.0452435440239899 0.162285119827551 -0.898021378413096 2.68868467728731 -6.47361722098388 0.179648113105017 2.01108039289291 -2.85360946775815 -2.20835556541281 2.77359095456843
"822" 3.8767872394126 -1.70616932038153 3.16818557730627 0.68931191087247 1.0050671482729 -2.93516636825249 1.34987490820454 0.435772873174098 4.08199553305899 -2.6462227109611 2.29677305138745 -1.52095973573024 -1.0217281517288 -0.473812028914106 -1.73925878381091 2.95263889037928 -2.37896268161069 -4.80774068714025 1.79229225002081 0.224483387553512 1.05275177440008 2.23975103007244 2.68103884791422 -0.430731809032466 -2.49096484080364 1.94607209970625 1.13151739455629 -1.48234737366158 0.729448950176124 -4.27010465542276 -1.46442285489997 0.571915991184877 0.619883992787526 -1.08891878740145 0.83316940350063 -1.84599183263977 3.07473464416441 -2.74786500464132 -6.38591446333877 3.59812228529612 -1.93617912534267 -0.32980662244539 -3.63220548677507 -3.73300142211174 -1.10032502524067 2.05263543648784 1.9080513386606 -4.31401165512887 2.56449795619611 -0.965845873118641
"823" 0.852784728497198 -5.34493991862256 0.934809085275706 1.77134077104661 -0.843617503428776 -3.39183943299913 -5.40432026053123 0.700826465609374 0.942028226477786 -1.90620496302744 -5.81288653804323 5.06771761908833 -2.84469771069473 -2.77581322598214 4.02501629750715 -3.16744383613884 1.12275932822226 1.09060196189196 1.26849436903682 1.07964243566139 2.40486387317066 -0.359859668498214 5.87898634522994 1.31940135371249 -2.02658617174516 0.074595977998789 1.46299499596829 0.635419362068213 0.184696808416948 1.09154152050758 0.619131476511249 -4.33717237451913 -5.39489355050622 -1.01928963246428 -2.2078753256872 -2.23707321337789 -5.69686209678796 -1.32706761151614 3.22542798957938 -1.49777217432509 -0.799450168651193 -2.55587821857277 -4.26903423360678 -0.548684101715468 0.956700128756547 1.59902441687252 -0.175520802594291 -2.05051779814783 2.24873823266302 -4.20610951734625
"824" 4.41101177337505 0.466685119503953 0.855351352710452 -3.94165423384078 -2.89085353942254 1.52438834035499 0.0829748263763613 0.212666447622456 -2.31454191223559 -3.38687822804569 -4.94602384678324 3.62845659032427 -1.96879008206444 5.98591992551266 -1.2326985872711 4.19467645358908 2.28085064816685 2.63091425553185 -4.38956147847287 -0.268806294128708 3.66208736222392 -1.78830337888596 0.572554988326491 4.37350148667564 -1.8547344499061 -2.51486789767503 2.63745385480048 -4.51732539764782 -0.0180550180453398 -0.980737299261917 3.64134063361512 0.729534698349983 -3.1646131667685 -2.63274516368549 -3.79245372677347 -0.441341734598351 -2.08473165835213 -4.51495523849228 0.129264671035424 2.59551363826846 -7.70235119180972 -1.90182281762256 0.701298059687816 1.20270067741677 -5.55244227133277 -0.0213439410850321 -0.187911764929495 -0.382359481612542 -6.71874616104355 -1.00992663639619
"825" -0.382118258452913 2.47730285233222 -0.524377747623064 -0.529367883065065 -2.03623920637732 1.74322729863155 -0.971362239664168 0.271587325575357 1.05748424815227 -0.982183611793669 -1.75913888714915 -0.0973189565488668 -5.71961015665732 -2.19406667227636 0.0394379067784008 1.38696458870569 -1.10753262767643 1.76869574693818 -4.74846702211749 0.275976006805985 -1.86190682202705 -0.206419698622857 0.448121454221322 -3.2755537740371 2.32034573445779 1.80830374438016 9.26913429068309 -1.73676144488738 -3.00978552557696 0.591269954111505 -3.09546857586391 -1.65632738114377 -4.40425328091071 -3.56249685662292 1.68256722635375 1.53198769768547 4.80383209193748 -1.77344073016804 2.29346035363195 1.22784625370936 1.83059938824189 0.842237515014365 -5.05827805274864 3.39065189545003 -4.02456443257297 0.846599995847245 3.18493052343783 0.75842730138598 3.24389956096293 4.84355321344959
"826" 2.26557990274447 -3.31598777528113 1.37201903584474 3.77759850011152 -0.213497151950044 -3.07754893134716 2.81999466779078 1.686113689579 2.06570098273307 1.88688201608062 -0.784578721293643 -2.3610521634142 2.13600482024103 -0.41667605479796 1.86284681334465 0.37368667724106 0.115658805018978 -1.79480638640776 -1.06421069596419 -1.24426102294034 -1.14240745584161 -1.59301144267976 -1.33145136230972 2.71155456630136 -1.16226217422402 0.967580177551883 -0.625484608610886 0.0646808416678245 -4.29764821858307 3.64929694569537 -0.949160445132788 1.6144788826553 -3.92562992961284 2.80622076191926 -1.57526798300761 2.53601596143737 -4.99731633946736 1.97923407740102 3.82563913240044 -1.97663238505136 -5.2605838317742 -2.7850634394981 -2.3278706394669 -1.0301316781606 -0.620893411649123 -1.9683838681844 -2.85904481308166 1.61387815532314 -5.62690942386349 -0.847568308863326
"827" 4.53331300500053 -4.42975055119961 -4.52858181685861 1.89621777517413 0.998030406405815 -3.34098294453114 -4.1173732416782 -1.90940715566776 1.48665379315528 -0.368853774223819 -1.73176866303733 0.188818340200194 1.57905371320284 -5.06811679317301 -3.95636810094119 -0.892890367558778 -3.43384349083085 -0.52042369100361 0.233135758573128 -1.31066583648552 -0.436144658237698 1.16261267386686 1.26698859681837 1.22524655129326 -3.24810180796178 4.9225187825271 -1.54049362253877 -2.40173504181879 -1.90552058073386 -0.418005526568075 0.0280967505466368 7.53018816791868 -0.102043284474554 -2.41412961238868 0.132467684945427 -2.79160577444429 -4.81290225738703 -0.00250897260480277 1.72285800122956 3.55209380961633 -4.83610839214525 -2.40213538494158 -3.44094235921767 1.03174052228793 -0.120336073184561 -0.45801500133315 4.05355019665495 0.373382501474363 -0.148386332295979 -2.7265050636389
"828" -4.32941693944519 2.03682605246151 -3.57850719261979 -1.16508516913078 -1.38686423899444 6.64857930102171 -4.99832075718612 -6.90252477102658 3.44134514223593 3.65638788715472 -1.79706819605336 -0.311190811994993 1.84092518793316 2.2024672785929 1.42072220215815 2.36959974993998 2.9058618613726 3.1774814536974 -6.06593761551972 4.52730660543182 2.27032980426483 -0.863760188958129 0.742335318257832 0.80000593477091 -0.00666633082443834 -3.07280695349339 -0.453887136789417 -2.67453298386895 -1.17774466597793 4.23147998027219 -1.64865771247951 1.0705020956523 2.41575507710238 -4.31696609136229 -1.36762822317682 -0.704054789050798 -1.40704328973997 -2.24738494689487 3.28819546251022 -2.75033663110579 -1.98411249555879 -1.04304733991026 -6.94210886480674 0.806134184740274 -0.48054790373753 -0.584245860982551 6.49075258968909 7.78044932283581 -1.11237524491865 -0.42797828178054
"829" -2.29682195377241 4.32585572506153 -0.218570590815295 2.45549824565707 -6.16516144998497 -2.9216800561027 -2.89174935484053 1.51041908881237 5.38731794790428 -3.25195712846056 -2.54099647463868 1.52734746403651 -1.90540194062035 -0.54119262080878 -1.12284632486637 -5.24581830854068 -1.50681503087488 0.152862651729632 -1.77649612760761 4.38908057525725 1.71458233076343 1.99828455882151 3.87707875469922 -2.90305213925559 -4.70286249151981 4.23231785092808 -4.93565956483874 3.10206897636363 1.86841223610229 -1.4377147569882 2.59243540449625 -0.388388455022442 -0.691426707412327 0.464997969907478 -0.90220628192821 -2.81693567668663 0.0962952416899698 1.36915733597421 1.58965730981925 -2.60672846671097 -2.09400564739815 -3.0987540753968 2.23179561052086 6.06046688034216 -3.29122867473598 1.56639135698695 -5.38675509317594 3.15473832352934 -6.45563046795161 -4.47761746807096
"830" 4.92743228170126 -1.28259092637102 0.317046129930466 1.95672184898761 5.12364653082138 -3.73758641913566 -2.82946681134027 0.576911933062895 0.503264804074771 1.00708788519079 -1.24864231424719 -0.554845535041182 -7.80984802328582 -2.16653869494742 -1.68215369729909 2.64948515201401 0.251106068271903 3.80850514092038 5.76571300577752 -2.34592175298702 0.0374616006475774 4.73047774090667 0.198590645533034 -0.379153908963908 2.30393257290382 -0.321501742046222 3.87210621947761 -1.40555433053225 -0.546523592600172 -2.49868891009511 -2.1665662898411 -2.38761314465446 -2.09497407626282 -2.97515281206633 -1.55739600974976 -6.02793950758817 -0.472995554140263 -0.738820530737809 0.236735553139347 0.958955971493358 -0.541905949905736 -1.94157422840126 5.08374368148117 4.79123663026068 3.31849034028014 4.94380948422158 1.2593818307007 -0.659535611321309 4.49206754490992 -2.03687618829878
"831" -1.24120115824859 2.78765406000052 0.0821045193125723 3.51257946315652 -3.54126733707749 2.30687549376796 -1.03502754466822 -4.8120794507997 -5.00129340979392 -1.88824863535067 -0.899759025277537 -4.46168442906571 -6.93445524275864 -0.805401257943144 2.78467566989407 1.71129272168485 2.32758204015667 3.2030868680608 0.732791426042866 -3.6045883830877 0.845849361964546 8.54867988728964 6.49850304802975 -0.991857418040629 -2.51067791655335 -1.09775430588978 3.10523134147826 2.26155137718061 1.70194048609315 -4.6825385799324 4.47118188365476 -0.319939831189512 4.21279767282787 0.141964833440783 -2.13417466177012 -0.111909096412246 5.53343111897241 -1.29596280974996 -1.08819370306023 -5.31022274963664 1.39930459085509 -2.22610176079152 3.53289632195304 2.37779857276566 5.77657754788986 -0.966578286297584 -0.517502395181024 0.823535936997605 -0.232408186068762 2.9169992528175
"832" 3.36142610399665 -1.47287759783549 -3.28724870078627 -4.96770105533372 2.149438479629 -0.72276222665423 3.39177433434327 2.2160948677978 -0.765145071964581 5.5090989036653 4.1926982843324 5.61341286011995 -1.45919053928215 -0.672856124074095 -1.99375899069352 5.34454362582429 -6.26179790921376 -1.8193797638309 -0.112481076224549 1.2285587647681 3.12244684787197 2.77732667888494 -0.673550688082296 4.976599815955 2.81203277798767 0.370022545067371 -1.7408912746869 -3.58884893784127 -4.77815985182684 -0.225007733802462 2.15989735910965 -3.68870258491686 1.20320975604119 -0.0847150957409666 -0.0583957533931132 -3.60428245706811 0.266066103763249 2.37687485894479 0.587047691156846 1.81414881178449 -0.215589747092283 4.5486059791168 0.0537254614084938 0.285387896761606 -1.7188089727295 2.60338660526814 -2.07406393975223 0.308294394422604 -3.23462437094683 -1.30157794920596
"833" 0.922379393106062 -2.35963212647423 -4.42302837390387 -2.08152482059274 0.902647843161716 -0.924760832313383 0.793893692595407 3.7577313102792 -2.61255328500352 4.65846671941645 -1.4025296274973 -1.17668092802009 -1.03976672391246 -5.59934956884109 -2.67761807740391 3.77953124428925 2.05795892244971 0.0976187069500755 3.65937432862487 -0.847969661509291 4.76215574989928 3.00633429158692 -0.206735763636346 -0.499885965286606 0.842899896324885 2.04013694033197 -1.39094756652051 -0.129855389712378 2.09686252701801 -1.84058047375172 -7.17789219218059 -2.81427077468214 -2.57248377082461 -4.85426214059111 -4.55560883122682 -0.299126579928021 3.00520511246748 1.74837154186792 -0.202572651784107 -0.0086153045693962 -4.08790674465374 0.604852485114907 1.9064680482639 0.999603738148185 -5.43172876374756 -2.13813425636069 4.9122932435234 5.17162681303984 -4.46011567011181 -5.87314322100729
"834" 2.23496537575867 7.25489099406907 -3.33782178122197 -0.732546304151731 0.181827272617432 0.826611281735195 -0.882407010092578 2.85121449626045 -5.97853738077205 -0.588441009841904 0.270749598235795 -0.523842319493332 1.45599575265367 -0.260894620801814 0.248405602099669 2.85067157373382 4.9243252609491 2.52050323484812 -0.931908938910297 0.62197320739767 2.93977522859893 -2.76961698305324 -1.11771355422557 5.70662119386122 -2.74662911724887 -4.13093916045373 -4.54484182194714 -5.14553528517913 -2.61231648052439 4.16069219654336 0.195647132587346 -1.07529965992893 5.56943256578477 1.68520512448485 1.34855807839314 3.41548373073754 -3.97805266038655 -0.0476434921594896 -2.82122527474671 -6.27046652067302 0.0762954457994627 0.533264915694867 3.61079314584586 -1.08980395186079 0.779713208432022 -1.29046575260481 -4.19029876079646 0.162748158393731 -2.72086434716467 -2.62496655203856
"835" 0.613683983669387 2.18871635443111 -2.93881936222505 1.0419067510678 -1.36664914412285 -0.583657981952125 -5.23723049074003 -6.96650342588594 -0.166973022435256 0.342423200154503 -3.94465056876092 0.67969414750088 2.61638350152825 0.929644144071767 -6.92205782608992 3.6071968982187 -1.0377466271889 5.52338156343114 -4.68144562145104 -4.79542150194644 -2.61008984064307 0.662344051109212 -1.61514086043633 1.08190883546458 4.13555939400715 1.85684959934485 3.5532273331035 1.13240809284437 2.64811553492492 -4.63014906491468 1.04681826149542 0.149522721167741 7.01205684916656 -2.52664415595396 -1.95414766487204 -0.093774695768243 2.85973118998671 -0.42693216877973 2.47225992302496 0.43323435589882 1.10820966084154 -2.70307690823933 6.16119921082102 -0.313653364110501 2.43101290706103 -3.61315511942081 -0.0532370026027765 3.46394543530551 3.63327427101149 4.75482218181847
"836" -3.1714754914352 -3.70883328853075 0.539413490327275 -3.05471367909559 3.74308946418106 -5.26496658231121 -0.362873241753356 7.24230524764358 -0.648866806657321 -0.3527620070535 -0.430974698374638 3.76914015924937 2.03929363812055 -4.89967504548473 -1.01691460367152 0.60606270814304 -4.47112928362424 -2.12271265624789 -2.26906839321512 4.09657054281521 -1.11293398486894 2.82698821245508 1.01411405558496 -5.22801651458234 -0.909534338763543 2.06870370553053 0.266771873963118 2.78707564469993 3.11163241275145 1.87099218823973 -0.304321127245342 2.61998531298066 -0.641083270889369 0.10082892954078 -1.04629389727258 2.02957367904227 1.19861270523935 4.53556010507866 0.6752280369713 -3.45441437986885 -3.1705371402158 1.28440045926988 -0.821097280001664 4.31584715657976 2.13900960430569 1.0289837271579 1.32498739580931 -1.29414128489294 -0.613606489942663 -1.10775326585861
"837" -4.65989775180133 -0.837818254808597 5.31902675926308 -0.219672439952929 3.43857832271929 -2.43757510912181 1.20284159271898 4.32100983305042 -2.26361095038461 2.02634101925583 -1.89199438142118 5.84393316738586 -3.09113369372329 -6.25198602511182 0.150052880461068 5.37542116391153 -3.98962812977513 -0.0791575943374525 4.64504470441922 -4.71169339876014 1.97941514798011 0.459303607437722 -0.0670991911907824 4.50803083526029 4.17509474611088 2.18185891449299 5.84810526286172 -4.60282915191881 -2.1077475043194 -9.28361240670686 -0.756571723635985 0.68588611254908 7.70608843693921 -0.317999417952335 3.80977940337231 3.32237192748266 -3.34732705955504 -2.42966593568463 0.790544657255404 2.15784461675133 -2.47825646038201 -6.35947845169896 -1.98723445958948 -2.01824463012386 1.50294933942481 -0.298333728751649 -3.4464514481569 -5.04834842528374 -2.48792884864177 0.0448895260630224
"838" 5.08376150336917 -0.433421085051373 -0.295124962532888 -2.8518964744606 -0.0387970557960627 -1.87569602272583 -4.48574664678553 -0.625880396491864 -1.89330429887281 -7.72536696011387 -3.45429176441871 0.566798210821273 0.00269164038541028 0.711954180215229 -2.36056740400135 2.06038116067147 -3.56548750451723 0.229053846527327 0.608834877760824 3.68873489892238 -1.5890102097475 5.47448029985138 -3.071811079965 -5.81977908994457 -3.40286588383289 6.10239208397594 -3.97497669285377 2.88538039581138 -0.626004912208749 2.8475850545417 3.39256523441101 5.07146969698932 0.633408662714069 -0.408313483719156 -5.71238723792129 -4.40571206105624 2.48189325033505 -5.57521536127039 4.10979702006322 -2.98178405042587 0.61133518769359 1.32340978507655 2.61480583256402 -0.119170564149723 -4.87400932859804 -0.100098433862237 0.912156766315707 -3.74268850430556 -1.16409941292267 0.13643955399581
"839" -3.78890729830071 1.91123289752907 4.57534750001672 2.45193486679117 -3.56298036556469 2.53493245787334 -0.850495393495313 -2.00583232506427 1.26076853232955 4.34408207367157 0.179123066431246 0.337975392006301 -2.42007979260469 4.82694668542612 -3.44099341687537 3.50675720015794 -0.0608237784562536 1.37400243132641 -3.70583065552612 -0.912373963386429 0.53285897837487 0.141629982287625 2.74884871529453 2.4532195841269 2.97986383447455 -1.81537768661318 1.03709927306548 -0.26856060172697 -6.00083161639844 1.4794035570976 -0.737625715457019 -1.73391874831871 2.53457932675625 -5.13449107251927 -0.512746389209757 -0.814485033659989 3.80100434633131 1.70072626803098 3.99521007190521 1.36341306291272 3.4044427982004 3.22542220913089 -1.14546010354452 -4.23217212810883 0.298536037319953 2.61419851690537 -3.04153544284613 0.0707451807843193 -5.61347953706838 5.22110443494959
"840" 2.44421974011616 0.801313260687043 0.859136358353587 -1.36522279023659 0.482224429129667 -3.22597179296012 6.3645982826708 7.38467252808517 -0.375496545694823 -1.95136409992672 -0.492902432875471 -3.67451024661707 -1.74940182530112 0.174641727959528 -5.49074298206097 2.48387158111477 -2.68983972275837 2.80850400107498 -5.90313269741242 5.81174322890916 5.82707501952992 4.94793421115491 -0.0273634241357713 -2.53750616330793 2.63362004731986 -1.38032946592549 -2.19091353025256 1.08187613199884 1.10476237903465 -2.37989789500414 -1.97594877099708 -2.48301395735589 3.69019773375826 1.34554259148581 -0.068875925575812 1.07207484394421 3.5272641716605 -4.09062097408407 1.50967061006236 -1.46782912855078 3.66881935930846 -2.16609146421544 2.05172325233314 3.17470698332899 -1.27981656244828 -2.64848477687341 0.665104863419717 1.44410653196164 4.5140216226946 2.40434663653014
"841" 2.40718896522951 -3.41659152003868 4.0093296296086 1.30388802136401 2.09648675758834 6.50154133805391 -2.61051268083402 3.52625354663519 2.28289167802155 -2.06798005448411 -0.91215073445297 -0.818033185051591 -2.03194187678919 1.05053394188646 2.50639247169451 2.59291499530176 -2.11174026093681 -1.17321474714283 -5.16534997377472 2.18916675058417 5.84528226017079 1.22026036262834 1.15858215202376 -3.01912294875622 -3.66986406818004 6.48563212716648 3.34475486226306 1.76450750751364 -1.96268511659443 -2.35275879068033 -4.74276765666114 -1.20632109866545 0.590200160304125 -1.79095531737498 7.20839153795117 -3.83891179450626 -6.62435045509637 4.13403316183433 4.75795037003473 -0.963651959688832 1.67895416968681 3.27300333558782 0.583130661104356 -1.25366599065538 10.5485683087671 0.50763490455688 -1.65933272866281 -2.92314593339616 3.25169154933564 2.72301096919719
"842" -3.20709993647041 -0.485804059354467 2.2955567203087 -0.938503393504567 -0.619655754279644 -0.313796060650306 -0.127137610814378 -7.56188558690643 2.59409761531105 4.09833367881583 -2.89030564910511 -2.11802407299137 -1.17125865567796 1.09756838865831 -2.25440698907685 -1.65315675592795 -3.89772359074715 5.20584945983774 -2.5620961894041 -0.483772908616529 -0.935672812903494 1.14804541181844 -2.81558845344257 -5.50699271834272 2.24892740905423 3.39310252985902 1.86033623494437 -5.33037360194272 2.06602652815551 3.51292342152643 -1.91710830756911 1.03788490384652 5.64607938531031 -2.67805487042617 -0.032502756336708 3.41774076407447 1.43155229841048 -2.41325133254997 3.29607326680711 1.8708488204723 4.43920883309945 -1.31637248384489 -0.538790349233519 -2.42813619569372 -1.33658798016519 -4.86767428688074 -2.37732360799526 4.9543072155702 0.270270588931271 0.747650352797601
"843" -3.01500204609259 -5.31430379014598 -1.85181905940347 -2.14073327350171 -2.13273972859811 -2.26047945479011 1.11608254445768 1.45300195910607 3.29849658583851 1.25864275914979 -0.313957125345096 -1.39330432168102 -0.182138076032945 0.216407279126588 3.79034502955443 1.25633254763218 1.49319975261481 -0.873425127832257 -0.212094356964883 5.00932602009192 -1.09235402554242 -1.10507381063166 -2.91471295817809 3.14448506339792 1.67540111219663 -8.07879620769861 -5.05164369412658 5.01431849760329 2.38701959822749 5.51156078089275 -3.53212886434261 2.33593308230077 -1.15233706868326 -8.85617027468153 1.24949119381634 -1.50547679184545 0.029520437220545 0.580888144638445 2.83089362207806 4.23706424333542 -0.323268253350633 3.38006389198896 1.27008448794751 -3.4564897219063 -0.825496233098445 0.237959936275592 -0.366519539149053 -2.26828237640673 2.45148537192455 0.599791353781621
"844" -5.27583024771005 -0.877193369110773 -1.28660080384014 -4.76187574096384 2.56939783170473 -0.614471376074446 0.96504662258089 3.12072594001886 -1.83545104697123 -4.23779758351952 -4.15849444418418 1.92666882007055 1.8091479949175 1.09586714912913 2.20226260610957 2.29762872776889 7.1986571593303 -6.03446547245838 4.29665232434697 6.73034243708661 0.632748292220814 -1.93544055756237 3.84722210866314 7.39718298816033 -3.19942020391106 -3.20700822410729 0.0563758783385145 -0.253311973902712 -2.11701576642225 -2.2291988616788 -0.344665643261948 -5.02267356567558 -3.02654539149081 1.30048210200499 0.349001534638169 2.25190240221193 0.664897777398021 -1.61754883324687 -3.28410516602199 -4.62276510914012 -2.69522034363621 0.799922629531241 -0.7332233482418 5.01087944156194 0.604886167619989 1.96262029638063 -1.00839385544053 2.67678957884053 -5.09549480961543 -2.0039228388773
"845" -5.87403977347272 1.71684495336131 -1.57989252836471 -1.26012240825529 -0.447405483718952 -0.981399110277863 -1.69436378397015 -4.88412106103746 4.88715127798208 3.05117714261968 -0.581199243478708 -1.45409832618833 2.45450617000642 -0.107498543325958 1.96811073368932 5.26782322172564 -3.50885710803886 -1.06527067217373 -3.59446117320806 2.30934816708778 -4.27215763117779 3.30660569688921 1.25880919412716 -0.687788978066752 -2.79395718454757 -0.89461735003415 3.06310645310715 1.1297692790207 -2.72060878927019 1.98185884692016 2.92900317087041 5.70126919646248 6.90932331213029 2.09741580241605 3.75754348507095 3.14942328069924 2.17323337736836 -6.47196021106593 -4.18197070320654 -2.35216825901121 11.708960077076 1.70497696801199 3.22907479327131 1.60307576695695 2.40874278106179 0.972596349238635 -4.38739726319454 -1.41861433067991 6.72751398781197 0.215536558232203
"846" -4.8010133147273 4.95522693369201 1.77272455728273 3.04452176373586 -0.729342415544863 -6.12450016332786 2.04428610099148 5.23185176327737 2.60111049324344 1.30865775089205 1.79897035333153 -0.668648379562141 -5.64803403842297 -5.2378276314811 2.99211357353596 -5.41020561777208 0.251984431243368 2.64614547156003 4.73251831069169 -2.8698642785677 -4.36518734331969 -6.25426242119264 3.90380931541434 -2.35790636759102 3.59346870077338 -2.54030762933379 0.751923353412348 1.32095015103639 -0.783758824379427 -0.36547335068986 0.985458512891184 -4.07614871601127 -7.22749338549425 2.10760805007057 -1.48391764149499 1.01571633651938 -0.500086157871302 -0.900581403537743 4.6434792074478 -3.733848859447 -2.44669925668506 -0.400041913180918 -3.86513559169755 5.55162552011244 -3.39472163479878 -1.17255590429313 3.80829866859907 4.54521802509023 -2.59433220407822 -1.39834571970837
"847" 4.97185476120262 -0.305045714006787 1.78269522945428 -2.79892351692304 -1.95724920834595 -0.320674927331423 0.76509262609607 -2.44454321145469 3.70715832824254 -0.512320746052265 -0.262888842913042 1.11273462131218 1.92533170101295 -1.22301377457397 -1.54422339508223 -2.63046085419116 -1.84282476203369 -3.93956281335296 -1.11504929816216 4.61460808674978 -1.13672020875598 -2.36770783694443 3.28998638564067 2.36377550196368 1.17894686593165 2.55007549612991 -0.043767405028473 1.25247040179259 -5.57491474430147 -0.625521182664093 -3.04924629486029 -3.51568215292977 0.235152439007493 3.66902753368968 4.4986578800523 1.6736574888686 1.07819727620086 4.44452843873111 -3.24477975191977 -0.569857955094149 -4.73317794445037 -1.12173483798444 -2.78793828892992 -0.995265858970934 -2.05904328680469 -1.30664058682499 -3.75277040537561 -1.30899344938293 -4.58172068844614 -2.26112494022602
"848" 0.104044833722212 -0.884448079031919 1.43752170182778 0.125976546759891 2.08343547682606 -0.166062130209392 1.05165879650337 -3.30458006440462 0.0508459860199654 2.77387640125554 0.306000067485604 3.53780403135077 -4.65531311393906 1.73567189084418 -1.07413217526572 2.31230570972283 -1.28613764060364 1.86982725516003 6.63646381144916 1.31818422732848 -2.06489464204444 -1.4506068381519 -3.15548584183352 -1.85131710948387 -0.192977522274009 -2.69632719367714 -0.32691417030901 -4.6349581671805 5.13907402185549 -0.896112546603849 1.42960033279994 -4.38468628159298 0.91142987502443 2.6377646029224 -4.25646935568982 5.58068375997827 2.42025911714137 -1.22533707647231 -4.73402461091503 -0.350918951252325 -3.59289717322606 -6.24064792971866 3.28398981136048 -0.120231263804373 2.72932921851437 -4.01738747770564 -1.77657468600273 5.37572544995164 1.13195198775454 -1.80650690262222
"849" 3.67463597344021 0.167300589605986 -0.791415809644579 0.223783274600526 3.12941139468558 2.18179988491742 -1.77168349847867 1.39276576364272 -2.42505758954471 3.18979151636068 -1.52613529646851 -1.45225885398196 -3.57818908612007 -3.36847340958968 -2.31850705780018 3.59979452172079 4.694639299971 3.06885600989891 1.85472298222034 1.7354899111373 -1.30822578778854 0.677096470659413 2.30407088821277 -0.809391745465154 -0.991841559982297 -4.99890162111694 -0.930474512924491 -2.6308235456393 2.51897795446736 3.59005496716048 1.88556928270213 -1.39288066503521 0.39078586140073 -2.28875054232402 -0.971670762365101 -1.39291216492435 -4.93895770668205 2.42254463758165 0.806306993411271 0.287172334834321 -4.06251190896999 1.10426839914182 5.1243788910293 1.95444615198943 3.4885487320344 -4.9727634933515 -1.16292497338446 5.07378186991623 4.10148670870869 1.12110288458626
"850" -0.443358286224771 -2.56379387393549 3.1147847302395 1.26402735449391 -3.6922378266803 0.0389169232231846 -3.2819548868547 -3.62016745336599 4.4145599474016 2.18975135473632 -1.00667008020869 3.1414148875841 2.37896156441801 -1.28005990235426 -6.53429339667986 0.103087273269435 -1.3887065779888 0.105468867054597 -2.22998018576593 2.96821862996756 -2.02075924414667 -2.57981642703198 -1.09265041052656 2.83951417959455 -1.87923365962386 0.958609498056111 -3.37268120139057 3.51824401388724 -0.847369667920019 -0.389322719749408 0.32717335363613 0.479358076775001 4.1420383033712 -1.84920321094907 -0.296675233753401 2.56344922462137 0.345767845863598 -3.40873285959024 -0.786706200814329 -6.94800088131781 -2.03940930768762 -2.28413437810533 2.28797460992648 3.41212500705943 -3.54891423228729 -3.79231149223961 4.76168904409975 2.4607358994546 -0.826678920379135 -0.270037739758181
"851" -5.44401913189261 -0.890013394596204 3.31998056509556 -0.469418502090268 -3.71698695855058 -2.7909336861303 0.265555145218217 0.371483424929986 3.46400679944848 1.12200160391442 -0.525213815706441 5.26930413254455 0.501295927663374 2.31951816635671 1.72763705459269 3.34805724400994 -1.10079237999528 2.19318361711365 0.00906169273562809 0.755425858562771 2.65496503358375 -2.47790092260861 2.26485635730904 1.7079161908454 0.0393890602366884 -1.47447784610591 2.42198911780266 -4.28684344371908 1.15476128942511 -2.56627031335914 -2.8263632607164 1.42859965660539 -6.59648247374478 -6.21632563849777 -2.87184974584878 3.35380180942873 1.45872649065326 2.40099200839213 0.676894783930635 1.55522928253995 -0.835230042091141 -4.36509038712203 -4.01476330130933 -1.216766231413 2.19197440509513 0.387032242015919 4.93810569625835 5.81843992859925 -0.61730997886273 0.965474326086964
"852" -0.678182920771693 0.138008060128851 -2.62850654902398 -0.00330928948769049 -4.03212977863097 -4.66913048776588 -3.96055129260846 -0.440693853853156 2.21319632679521 4.51910951811848 -1.21416729178094 -0.122074983567717 4.40116730571648 -2.35491865876549 -3.28884613747305 -2.04911346723123 -2.65985426179368 0.42745144520965 1.6610011192109 1.81572738944442 0.568103341851485 -1.49632541596424 -2.7054328030204 1.33198156568187 -6.46105554679061 -0.255898020453584 -0.900013650827075 3.07359250572568 -0.226608514802514 1.82113746553714 -0.857752892274773 2.1606198149177 -0.87128568819814 1.90713203092848 2.91592739714718 -3.37212901429351 -1.71330409431742 -5.85592354955497 -1.86540134971896 0.819257460007528 5.32874775302563 3.06858235385667 3.27127865956728 3.1878857167079 -1.93176109200026 1.97727151364917 -8.74783509870014 -5.55500073240832 -1.8775468575281 -1.25145968141876
"853" 3.71478022796674 -2.65586158943719 -0.0987531187361954 0.600438340288066 -5.6339212887535 -1.83395684120871 -4.18316721640699 0.0998930701457967 2.79401120153056 -0.113975947518781 -2.11003476789559 -0.0648503913915897 -0.411130165766222 -2.23147889657625 0.0155135792105303 -3.55676670216657 -1.78368103263672 0.178379610583537 -2.80223486843033 1.07826230586494 -1.89557387278599 1.06370247544208 -1.26453682267021 1.34445223689197 4.54651092062252 -0.0511208004692454 0.390630442335334 -2.23299320948246 1.80391806681573 -0.67822747626192 3.70967493665232 0.29384986348427 7.10403228377753 -3.26709480972374 -1.50023729345282 -2.6311618277721 -2.44820477542947 0.406893531998587 -0.00874461722748762 3.57702449767184 -0.754477795721861 -0.410988638685082 0.796558601123818 -0.000338291046057037 0.365027529652858 -1.50294599858986 -0.519756664430091 -5.3913431040297 2.98021397940679 3.60011386922175
"854" -0.431491872923247 -3.69353004717557 3.26306448755448 0.645701123774575 2.52366137767623 -0.305880390258297 5.58729421556926 -4.30039504237609 -3.60572667127064 1.94881485863253 -4.66737784758856 2.49775480775118 1.0649058493314 -0.7547425444559 1.23662825784817 5.150653490394 -1.54701790967989 -5.64333074501733 5.41743934659332 -3.09268439819641 -1.23792674878952 -0.813527117611314 6.88758459786208 6.59642777173669 0.171215624132373 1.90163252354464 -3.62778286261418 -1.42273049053097 0.628960120242579 -2.33567944943086 -1.37317366076694 -6.71367048308196 -1.12244244990506 -0.778292752009706 -2.99165242564947 -1.53151667446707 2.22910259094791 0.672159707378817 -0.426444932875493 -0.457374615855751 -0.0509903370659922 0.296576643001629 -0.689162139850049 -2.08342538275922 0.957698937581909 0.0757649988814275 -0.450419589941749 -2.39243804501481 2.57648126259309 0.946924788635201
"855" -2.27362784134644 1.07186509288837 -0.934815496844166 -4.16764027151624 0.443610594597028 -5.65502365966633 -4.80414021250156 1.474520787532 1.35787874089082 -2.87300648501814 -4.46358152218987 5.86038254277491 -1.26461943423093 -2.15142260064131 -0.956588064170551 -0.168325715370822 -3.50856198359498 0.685809946164445 -3.98293180849237 1.8770788104961 -4.80346588838465 2.03870693156357 -1.06578953959178 -5.98603311507532 -0.4850911945262 2.67310436766632 1.4839761229198 4.31143198453032 0.267340415313737 -4.0779018203688 3.31381024916336 1.09964583161505 0.14845223170329 1.41131776054241 5.51414140685084 -1.81516544457961 0.994376056605808 4.22963696500085 0.839820359224002 -0.0642212849097618 7.32421579756737 3.57436442757789 -1.71823665416345 -0.482156608415835 1.54168496636894 -4.2588926454669 -8.08660657384691 0.858039238533901 2.91559005287026 1.90510554345506
"856" 0.691320110352407 -1.64278473822033 1.35800318713794 -0.349209640608174 -0.126372951637266 -1.35101572123773 1.3374471972234 3.24364453329989 -1.74699657787131 3.82991702856052 2.46137522746761 -2.57546270293382 2.32184350387119 3.5967099424912 3.06472972338302 1.87100229874827 1.90023471958613 -2.00982547317281 1.40078284536341 -0.951995347100143 -1.48123527655732 -3.90731749585966 -0.205636734942309 -3.99224536137184 0.0588431301094519 2.87140088118816 2.08621057119441 4.53941803447411 -1.93760660697252 -1.80901707136734 -2.60569794472802 6.14923363873076 3.39059008824184 1.77981937261122 1.7818819420141 -0.372791002703118 -2.8409374422447 -3.36606645980427 3.38039850829307 -0.236352014797684 -1.62441990526513 -4.39964387755312 -0.680144826281492 6.00749264909006 0.638362722190984 2.92934443420582 4.35479941870871 -1.90474260430675 -2.7816426018712 -7.10502124526137
"857" 0.276857706839796 0.939284279752739 1.1011436373262 -6.19504786432035 4.31919604982679 -1.97557780246863 3.29433665090224 1.28539971162118 -1.9479914543132 -0.66227202411125 7.27720359819673 0.282048025856 5.79951825094002 -1.31719947570882 5.17132915781678 -3.23105268132844 0.343190668716221 -4.49367183440692 3.99968572488505 0.33552318926209 0.0647077633708231 -2.19641095337942 0.814245114058032 3.99323158312342 -1.3047142798491 -0.36059771124197 0.83214626859243 0.857012359040586 0.912583272482096 3.4077556286724 -5.73047299588794 3.88319188497524 -2.49719063587074 0.458501005317244 -5.5527670801919 -0.770720941762526 2.99776685598177 -4.03038053137258 2.9879062491083 0.1228099996235 0.0855179148653775 0.642592224642535 -5.14730244964881 5.90152065298095 -0.6307198229579 -4.67710478367016 -1.59200869306908 6.35926792392902 6.86783791651269 0.641320205841494
"858" 5.06607955342447 1.9578469976271 0.802117692962886 0.178463286047507 -5.51648169032286 1.00000772683827 5.88417458629871 -0.276278152473585 0.244757371488805 -1.01862527931936 1.02630584807634 -2.72607856376745 -1.09727972035574 0.0962697518114183 -2.15621276439619 -1.36307377763073 -0.271492884679983 -2.49368802753601 -0.760298302102591 0.033595190053292 0.218832767158325 -0.503212840411281 3.59814174037163 8.20532911604943 -2.8899021973974 -2.58249839529219 1.53927886398035 -4.28693554749402 -1.59158620061734 -2.83439308213724 3.46868498133343 0.075071733838388 -7.47646278780006 -1.12894133911099 -1.91225310927484 0.450494559932686 3.73860908916649 -1.80355713587948 -7.91435698544435 1.31621399249055 -2.87057635219013 -0.555899661782981 -3.81683948226144 -0.235131397492005 -0.505696103730225 -0.972211640839974 2.54514483981321 4.20451431839938 1.09820013607893 3.3365890740696
"859" 1.47549453303486 -2.29124952212624 -4.93080943843878 -2.26126762777771 -0.544680906932035 -0.0159481232889615 -2.86781514658353 -3.45876249831654 8.36182821723238 3.08776142528227 0.939725916038229 -3.13356663417006 -0.164959497533195 5.90812652344926 -3.59695319963694 -2.76448497242804 -4.8690099920654 0.558843371538424 -2.03579061071569 -2.27185375030241 2.38275757954481 4.08338265419269 -2.90926135679772 0.0116547618778671 -1.79674146765045 -1.01580279011021 -2.67330985440213 -3.72173776265537 -3.73700299951075 6.08061966002501 -1.9550078233767 5.5865296668071 -0.260802166891438 -4.55842313508971 -4.79103648635623 -0.519193206048122 -0.535887918996333 2.97822583336628 -3.81532158981381 -0.684528915700974 -4.21689654442423 -1.85536237895812 -5.42463550067794 2.6539987629792 -6.32261055269981 -5.76395956779422 -3.65515291684464 -0.031991350816051 -5.42016351952465 -1.01083270533413
"860" 0.877534707393344 9.33400669433626 -4.30974992753475 -1.50398199826934 -2.82020318939492 -0.564106657129135 0.940130346677484 -0.0288454020802947 3.14712270215375 -1.9266385031011 1.3014251433572 1.97001662028928 -1.08691324280976 -5.03437745179374 -3.24227758893299 -0.0676238231302897 0.210959276742775 -3.66155431501091 -2.86161071817953 2.72643559454769 4.70475928585926 -1.88756836039654 -6.91351065414728 6.42446248395698 -0.890552866507087 -2.23994360964392 -5.13861145070287 0.567803494308198 -0.46120857640168 0.352401131216726 1.0576042048115 -0.05804891443064 2.43379693805515 3.08119528939904 2.46720330066231 5.38375159011172 -1.7500787988692 -2.32801263725517 2.68732033542781 -1.31829668589516 -1.51107838152003 -0.423763428564359 0.939568427297199 1.53695470659249 -3.00995415682321 3.20343513033939 5.12659324107997 3.7883089225856 2.0833038524926 2.13911984856556
"861" 8.28713280221698 0.818240353151657 -2.01594703074405 0.661974046527719 2.34340294656001 5.09995581590744 7.69153029329265 -2.51699261227831 -4.74783259800823 3.45228059274496 0.699532150132597 -2.45726063010104 0.827261402478993 -0.475127389071842 -5.8729297834023 7.06742100309392 0.00768264029824979 3.26886017139103 0.0270894299246689 4.76340699920975 2.17223770402943 1.341225202976 0.733503282847468 -0.264719007520245 5.40643844317063 -1.7057222956347 -1.23367849066887 -6.86708936188616 -5.8139683050734 -1.95807526989327 -2.40005841586874 -1.9348553114827 -6.03643720886776 0.0496317270291724 1.74665155292083 2.08810590796228 -1.54691420521485 6.62592706941418 1.84074467917507 -0.24712055957624 -0.791156656855396 -3.36847061558307 -1.38683061977152 1.21902308382982 -0.678098347027769 3.39324297581682 2.32327629668774 -1.99214971234179 1.17898660483637 0.0231991985950597
"862" 1.35714899908194 -0.718471102832118 2.31249897116379 3.33098712773611 -3.61703136241281 1.18811727845099 0.589483670647642 0.813652233990497 2.52823732338188 0.806947858375125 0.468039225539799 -3.32902079108623 -0.669802732927731 2.77009129985597 2.93990324995447 -6.85621671532149 1.61987021850198 5.47197933182889 1.32854222990607 -4.29639728285634 -6.14615250724661 2.45490525717707 1.93017553344625 -2.21394575779066 -2.41848829278278 3.44608035414123 8.16346873067425 -1.55545847699958 -1.05209076375438 2.28767731080292 3.73946678854481 2.12225908311665 -0.58112003373146 4.0650237430662 1.45585316551337 -1.78954738068791 -0.476368602124496 0.211458511578779 -5.1298589189394 3.98189227011995 -1.74837005906193 -2.26046076542354 -0.88062004642496 -5.66569146141716 -1.13677824519925 2.91066864819211 -2.83259873322231 -4.15634124690453 1.33121417237603 0.218618467955681
"863" 5.95375669629181 -3.62884493416425 -1.43802863744794 -0.102920778608362 -2.8316605736706 3.04838848286144 -1.46719593621535 6.42393904821565 4.72546656261752 9.64919960760578 3.5707148727426 -1.48624423569474 1.03255355410053 0.283928919408695 -1.88481156164523 2.72538766303255 0.986663906937916 -5.40546207699433 2.94123636360905 8.09462135245157 0.768556719440108 -3.88147314389508 0.177741073436771 2.49543732738886 1.36249199340222 -0.71494678956572 -1.06215196493812 0.26527211434315 0.346934107391411 2.36609393291456 3.28074321043053 -1.1290916541323 0.17800432802044 0.116823381450219 1.48181255832279 2.55248362139123 -4.26748978767443 0.458123977255466 0.848742610142572 -1.37958188484201 -1.08659454736629 2.61744010816908 -2.17110539980326 0.713161173756066 -3.64295178277435 -3.05003442303164 1.04496065362163 -3.73526253831367 0.00592194425105192 1.12824763685408
"864" -0.963205050053331 -2.19206047596823 2.54205996739278 0.738060332121262 -2.40400612000555 3.80509086249536 -4.89281899205427 7.91655348363125 -0.762631350163134 4.47844380235924 0.906751908496065 3.36701473253896 -0.308593914684908 -3.38663676661721 1.47508149615127 -4.53870411932157 -0.555048457225569 5.07607990028901 -1.48303840114595 -0.877020188113927 1.71676725950778 0.324771369671277 0.342624142088633 -3.32264263492925 2.07697761369555 2.25678271279203 0.318222635137897 0.988128082508567 -1.48615661971214 -1.07123290272722 -0.467515427870039 1.12312254765586 -0.5475381042898 0.320734100650624 2.32584384559874 0.0282349400615363 0.453243986167282 2.84905428980193 1.55140035962058 3.76755336171921 -1.81955368126648 -2.05653364089028 -3.85153095942194 -0.836092402083266 -9.49363891071072 -1.80876523535436 -2.61896311847833 -3.21865218588576 -3.88242946572218 -3.95251346002155
"865" 0.821396571986097 3.81070894227335 3.62256963659641 -3.34518555921027 6.65085228199312 -5.23902220084417 0.148079472072112 -1.00731319005041 -3.73458812077309 -7.40358234947157 -2.40614901714138 4.6267670400417 -8.07704618352719 -2.17014361640629 0.0165029664439877 5.95927098897138 -4.27911783956098 -1.5346158106093 1.11409509235879 -4.46544969653878 4.00011076476946 1.68341400431886 -4.33922032384411 -0.5159736671832 1.20227407604746 1.68630178180346 -0.251129230694863 -1.81871863239681 1.74304399759137 -1.28204800561611 -2.62885130466703 5.09281116287459 0.282033887514233 -2.06939100422209 0.684903408882565 -1.43059380526554 0.448596775213718 0.232539040672517 1.72675472345657 8.24397314789633 -3.45923918888817 -1.80175396848687 4.90365150374381 2.59845737221752 2.75000571621451 -1.58467001122062 -0.384253823124711 -3.10459250650429 1.66900900368984 1.3602668663685
"866" 1.34142317671759 -2.90389659857303 3.84562094686098 3.56317499496345 0.280602326114729 1.29175274859147 0.170027428567018 5.61401285417845 1.49320026810163 -0.33853384014036 -3.06213787399384 -1.45567578547562 -5.40261752815686 -0.470931173256669 -3.36806984399337 3.56948292690395 1.48622477304726 1.02992358128065 0.218175209151502 0.238444928118748 -1.93768371111782 4.04372397068923 -2.51218875752311 -2.87473622330192 2.27432779429301 3.29187972272423 2.79342271342943 0.22537005803857 -3.56478922415814 -5.48114814973473 -4.72395253069974 -0.86423941114978 -0.266588905293587 0.153795016314412 6.58177529270119 -0.321429079210756 -3.02290842105274 1.18909963692865 -2.65775344238494 -5.51195174086711 -0.87392262438046 0.456613330602997 2.472848821704 1.83277241939892 -2.76219137832651 -1.15561958111523 -4.71959075435144 0.208347214100817 -2.02876488615938 -3.19328452653783
"867" -0.639156981861404 2.43492092956202 0.22928764565814 7.10252483721336 5.5937019464351 3.41898242760194 -0.831562019988645 2.70766732426013 1.65755763794553 -3.92547565023104 5.47844653718065 0.549545950112491 -3.86048835839274 -6.91523589310926 1.41671952940274 -2.69000765353954 -0.134713065210396 1.55817947890893 3.06626386350736 -1.61633955672523 -3.12541939782568 -2.41141768991389 1.01412974528741 -0.518075329328758 -0.543515198258956 0.943168407545352 -5.65607327928587 3.21496830732405 6.078965797551 2.60643153332082 -0.572640058598523 1.03434664052484 -3.02589900760063 1.91785982697771 0.392476463991281 -1.47462377841112 4.41743080537491 2.7764888122644 1.18849223091098 2.39062013771174 -2.52542271761125 -3.860843070717 -1.95432620135454 3.13729375531633 -2.97806532479452 3.41460380255839 4.41820885973853 -1.86727496082566 -4.37759278884741 2.67029305950991
"868" -3.45958700166368 -3.91170191122598 3.97088615721636 3.00474013267823 -1.00226962553949 -2.71074666073957 3.37100143485446 -0.149600225378802 0.0815444233756798 3.48768863508188 6.29187699066993 4.20308736863226 -3.23322043201919 2.38581375763445 -0.760461970789004 4.96377707433907 -7.12142142530564 1.50357421995394 1.50560348075698 -0.24140468387273 -0.246278733749048 1.40676698532418 -2.39738058155652 -0.142993399733095 -1.87277124287732 -0.948763511589166 -3.19637618386846 0.822849378593892 0.616269386375842 0.9800540129558 0.92774123083209 3.94021824203873 1.30453777527466 -1.32109902419794 4.48433686275798 0.649762301835383 -1.12427422910486 4.95074979614081 -0.583364870501692 1.53340322064317 -2.32675375287613 0.647400523749974 -4.84845986799928 1.38564427354356 1.16376304379738 -1.63128452908324 2.30069844779989 -0.480004436568908 1.24575802408511 -0.0848082001015967
"869" -2.56114304217887 -0.274773225148063 -0.405235873358035 2.98053771018769 -1.75713814368664 4.44287286097572 0.87690658796093 -4.56988064249961 0.601974539725253 -1.74143558561466 0.661426610069134 -4.89609780440617 -0.39174866404796 3.2324841785611 2.70640622184658 6.46729254426531 0.450176041232323 -1.68969420657086 -0.759162984416281 1.98636505513476 2.56703861566317 0.858501044859067 -0.26141066204757 -4.39332176483562 1.0356743807146 2.63506875067626 -3.6611272329536 0.0777107148715861 3.59446357481461 -5.85386606901864 3.08306881759004 -0.344548618206139 1.14990809333752 1.30496133415673 -6.0657259398019 -4.45117820153085 -0.462353794712378 -1.58250776583848 5.87468176316362 2.71535245275394 0.99482489589982 0.166549311109979 1.10788165608788 -2.38404106438527 0.871317008155937 2.50358092751784 -4.40165051363716 -3.85454986327122 -2.64462848478146 1.56769578782188
"870" 1.46872418298201 -0.910954758454673 4.34919600569404 2.37218110026524 -6.89794463526762 -1.77665393609523 -1.70143598593851 -2.77082943357072 -1.8086169610825 -0.746903605378545 -5.51440919705712 -2.50824087768293 -3.38037251701113 -0.985287687148347 -4.04398371589241 -2.98533829932226 0.678997354271684 5.33192243450992 4.60671903630353 -6.46532200913626 -2.42707308805692 7.18942883041925 0.61205216357629 -2.86721320490146 4.1491039952043 5.90386273949341 -0.469516179491339 -4.73717461475128 1.12672527853552 1.13085253069187 -1.60063720010495 4.51861026258837 5.5289375888805 1.90834640109936 -1.17264167128319 -1.61496924070151 -1.94723143383494 -2.13750257372845 -1.67900717042828 -5.01457639708211 3.70450520866878 1.30471784494512 8.99098055397759 3.77968806069666 -0.443153426184571 -3.95427874043872 -5.0335815081434 3.28388844744637 0.876761951196764 2.09220468976178
"871" 1.50059039604678 -1.35978094617828 5.97859910388101 -0.13964820617676 -0.309233182089464 5.18292797895162 -0.299368897825323 -0.107533083970634 -0.601395784178223 2.47747165227149 -0.301758877668612 1.81961750028571 3.31237794729563 0.64701500454459 1.08006191765712 1.13986895840615 -1.70284355402893 -4.27631486398882 0.487993657168172 3.14636175879359 2.4756490327531 -4.75036983198666 3.59987635816221 0.54243610410782 -3.97021228689353 -0.61243374279308 -2.8228588926688 2.11734412608061 2.71125484148061 -3.18072790683285 2.05188407678338 -1.07032125934702 -3.28776513556672 -1.25188587127642 -0.0137193339330231 -1.35125445698024 1.21168048948057 0.896661037035798 4.8691178296839 0.343524653670397 -1.54404299033599 -3.57044693547763 0.135157547107955 5.58439366395966 0.533071809357835 0.158836677228818 -2.59594061434881 0.60433515066972 -3.42391847852503 -4.79558845327622
"872" 0.378047308650809 -8.29432538339799 -2.58973202750394 -5.78604967015196 2.06326607165026 -1.95170699239356 -1.89544922871845 1.89703404046949 2.83928363988732 0.122355870390361 -9.6125803076174 1.93336541827605 -0.991877138078672 4.21212874536744 4.54379899105469 -0.330155362948847 2.61931140629657 -3.33313531211004 2.65460592845493 4.82371820428993 -2.03527316096346 -1.5524281164633 -4.79920487303048 -3.70669699790255 -1.65836508468119 -0.159742621800364 -0.856557536929195 -0.124964167508714 -0.860812819326147 3.12109187246067 3.02820539780347 -0.166915970236958 -0.973637913238564 5.22842161538007 0.600357454769634 -0.206370698859135 -3.19734198635614 0.1516459664032 5.59643859602379 -3.88998957089773 3.02091524943755 2.27063942578151 -3.61138524096547 2.88893965645519 -1.59104095996495 1.32938597062466 -3.49621840978734 -1.60106596899698 -4.33170574344572 6.06066283728653
"873" -0.518709232898297 3.24008493313563 -4.34241961832502 -2.76280563777009 0.0821541541837439 -1.51285490748663 1.23665761247803 -0.103203624182664 0.524690917087752 2.41146291263639 -0.00770670553029964 2.23068433373609 -0.815758319766201 -3.73644233756386 0.80410776845204 -1.85499291374057 1.64108823451377 -0.277565504317658 3.23486327392929 -1.83033458089164 -0.937922429075762 -1.36042145547533 -0.248917972309982 1.09743131255263 0.249273934339435 2.5980292808694 0.035502316150071 3.38535197410722 4.19227262191729 1.97339298680883 -2.39551194496683 -2.82223862758473 -0.701690744819748 1.95969084069473 0.212762001565363 1.64502230081652 -6.58298629481662 1.23813562483873 5.90411828921151 -0.606935493629844 -1.0684764607289 2.0131329083961 0.725474746433528 -1.82118621090768 1.20274154201622 6.38645208528999 2.1604488653938 1.98254459453257 -2.11907539209908 5.6226160025826
"874" 4.53784522765586 -4.72261038194449 4.43037091040207 -0.143920506587081 4.42677632783487 -3.95757085975874 0.320696881272823 0.810743197498012 -1.23786853302234 1.60987068835794 -1.33958869604454 -3.31762678816295 -0.969465026900273 6.48114131326394 -3.47828019575791 1.60667204275661 -2.59545183053567 4.80240709986329 -0.6492536116373 0.309045741734558 5.53523409892792 -0.760697432196919 1.46104652799147 -2.07773565432097 2.38356132263859 -2.10568005805431 -1.17380864336946 -0.175105242034256 -1.72031065494339 -2.13331700046576 0.901917462406679 -4.11173341673419 -8.10534503705672 -0.300096068517495 -3.40745388727523 0.536855825170859 -1.78195669543719 -1.84381887576008 0.651605591451566 0.227659809015178 0.932834785455644 0.00398657525426717 -2.27990899079752 -3.15860168338071 -5.27221437105106 -2.07041978010438 0.800120210348457 -1.12787552400073 0.70239708078283 -0.568943070622253
"875" -0.728549098318264 3.36502349116558 -1.26461613224674 -1.63037923337761 3.04779413709136 5.61754526049553 3.80688247774383 -1.22216509706927 -2.55224483374809 0.883727168083791 -0.12530734541627 0.109113309894494 -0.225952282297601 -0.316858607729471 2.58169276855023 -1.39127197385775 1.23681657875428 0.771708019410202 1.92103679368945 3.13159531446311 0.366797267255456 -1.07863561895376 -4.51293432100982 1.55101932438226 1.06094764545752 -3.85217886043681 -0.13845236139101 -1.16402899700317 -4.50591705825848 1.1860398425418 0.252511416479318 -1.25118150623046 -0.201569112362019 -0.10267985808271 2.70342924399411 3.3842511631893 -4.83179657913527 2.27942540225555 4.59326441741248 2.91169499432868 1.02039334246434 -0.733471165986804 -1.51008370720844 2.37144289930557 -3.56670598034935 -5.35577808645153 -0.7677564871183 -3.79094326070644 -0.182537854752242 -1.78472496080823
"876" -4.33393078704288 5.86804093464823 0.893425219500724 -0.146578946245162 -0.309701863321725 0.551458029365599 2.64765480928842 -3.31730971034746 -4.58025780057989 -0.456952080887905 -0.33070458805564 -0.730659091619404 -1.36594331264603 3.17689978146643 0.0897829738445897 3.31416481661371 4.35598101562647 0.0692521518863408 -0.0712052734529252 -3.90498368124831 2.78762034273142 0.958675074874237 -2.13193604213179 -1.02602054501585 1.28946977866744 -2.37630969396061 0.34124019135517 4.00849023930182 -1.96390205419286 -5.94106032285289 -1.44356782626381 -4.91541498870708 -2.54201516222655 -0.0350450471364575 -0.63978486789065 -0.476493314072845 -3.76745669407303 1.98610867011907 2.94016217885832 -0.365337847533845 -3.13375948195701 -4.69224737318269 -1.05670131660498 0.917270348255503 -0.993922504302653 -0.593451731288699 1.20219111457163 -0.681008008418194 5.75104900841587 -2.15004469764667
"877" 3.7696048516193 3.37115180195211 0.0371372377839378 -0.25277562773658 2.86100177398839 0.884811539235044 4.49531250474795 0.936494228943892 3.68372936158961 -3.67140209945196 1.68575443555636 -5.99197469713586 0.886110239625862 3.94610148011595 -0.42061328418559 -3.09081131458042 -1.75842818449453 0.370965628489968 -7.55628602529056 4.30135731838808 0.80895803774399 -1.93604874551173 3.50919448995301 -0.537198197348825 0.115512121957543 0.469979066479607 5.74067662263609 3.68413724310513 -1.50440269148842 0.56348421412882 4.06809549816414 -2.74816341816154 -0.386712860947033 -0.736799074569568 3.20164060867915 1.06730332980323 1.20498987573436 0.141964185178898 1.96836079164689 2.6764347195066 -2.00258503624766 5.39490939442737 0.122858443533829 -0.715060969287406 1.81490181108888 -5.162630898632 -1.00625750307062 0.00996151665110722 -2.55750357419389 -2.35771190033412
"878" 4.38677536765484 0.823927592138021 -2.30526322052727 -3.39158670602509 2.36519461273152 0.70516955295719 -1.41934981207846 -0.863597449255266 -2.34871733026139 -1.53905361436973 -4.62109459599819 4.32824306376196 -2.33695729891992 3.78112633711829 -3.62953626473879 -2.05552943757408 0.745377673146073 -0.366999497633842 -4.60470241237764 -0.0968747507578441 -0.661296273669714 -0.679514822233344 -0.298291648024838 -0.220879114720563 6.52957171498894 -0.255957193305373 7.00919855429462 0.76637229488806 -3.43346112696607 -2.13143206901608 5.96240370280584 -5.12932826534325 1.14584926332917 4.27447405275232 -1.99591575175483 -5.8972998336789 -1.71418700424702 0.852988953022106 4.11417973409748 -0.24226085599657 1.53674647527293 -0.43153324041281 0.163825440547922 1.80959432551276 1.5562265318957 0.609493244477817 -3.91108014438479 3.0435438471888 2.27235335115674 -2.03743473376204
"879" 2.03608423340796 3.35790523021463 1.83942756716517 -1.71803139202222 -0.512992410247813 -2.03469929339453 0.559076117087615 3.55638586853845 -4.06997197839454 -3.43845558600704 -3.79640178231112 2.17926681231589 -5.21461143600143 -0.895081205314345 1.30057268203876 1.36296843092089 4.70776676667462 -1.64514484674585 -0.490021223740544 -0.998144979936007 1.97949761781776 -3.8128676362615 1.94482007225098 2.78066465099879 -5.89726807553129 -0.584772375180463 -4.08991922259203 3.08035006965822 0.0606962600849204 0.970796540696259 -0.964505062559523 -4.74766000493364 -1.6280103736287 0.606364872253299 -0.218986471269409 6.66557865067579 2.6220492893918 1.14381298396918 4.39086853715425 -3.86428418587239 0.320857457195364 0.98577893704448 -1.04028717128771 0.74216912867533 -1.11342718479059 -2.09593985993699 3.57513555411282 0.804730369821996 -3.31961595715044 0.706470738907069
"880" -3.82345320506173 2.26886069771549 -0.338439642963546 -0.103405672467399 -1.56089903706371 0.703535651115373 -2.3739858255621 -2.68410725601036 -2.55560474072977 -6.18478095072332 -7.63874816662412 6.03289794291591 -2.62517286894387 -1.18289496072407 3.27896544276257 -1.06257356848441 3.9357285653176 -1.35931692025674 -3.35375550861912 -1.34689340937469 5.57766062920419 -1.65675009097746 -0.296835086449189 1.61042944486664 2.27575011305884 -3.19893206664948 -4.80532437754682 -0.0666501362039795 1.5462930286761 -1.7960554358591 1.83017500349497 1.83607801719794 3.24742998878299 2.88095853288169 -0.643979358335556 1.63923251392053 6.81939289577439 0.460528781366375 2.97659174857448 -1.59090064529376 4.57242395785553 4.96236184415059 0.266378694080406 0.495214478237619 3.8447647996627 -1.44222554614951 -1.48347046886177 4.66386255497637 -4.49339896723135 0.212201429625391
"881" -1.91650837434743 0.629284471645867 0.450434641046781 -0.691911168556112 0.910929266990465 -2.48657084584569 -0.552519532014167 -0.700043197199265 -1.68221906782824 -2.62141044647448 2.26363371290924 0.874330501621728 2.44228227782481 -2.63713684970014 -1.23646417928184 0.588699698110786 -1.44400875056446 0.418482115113845 -2.58758358771305 0.829747282800664 0.519791923575236 -3.60117136309698 0.563377978596707 1.7787767773638 -3.08163771068541 1.53778711108744 -3.49696296371189 3.92776798657701 -0.0302592600800082 2.11046042033759 -5.79426676215012 -0.222737887013748 -0.491267673560372 -0.501226883463909 2.31720626558014 2.96027424023922 0.0442072325925946 0.904956694685075 3.65122785906224 -0.616775058534072 -5.35130586846304 5.39717817806781 3.61049050427018 4.35231562088628 -3.04617265088328 -2.87628216873942 2.47802766257008 1.80613561543936 -1.29699997600558 -2.06891276759403
"882" -3.21800476119515 -0.331321370975954 -1.76609583553673 -3.25721208095142 0.690646113880433 -8.98560528229194 3.59187021021625 6.64681406634463 -0.101104330454975 4.70243038507304 0.808191773637862 -1.52899979628536 3.31283139186085 -4.91155166146521 -0.299490980515862 -1.91606839966205 -0.635664722649205 -1.18764450995786 1.18939343334686 3.78571814241538 -2.22819150076247 -1.28827645752415 0.0658071886146826 -2.00109444453938 -0.0981856422074498 0.501808822231217 0.0156322684476064 -0.382027636131754 -1.59674271473001 -1.67111759256995 2.68614694981789 6.02555643686723 1.09997899998338 5.96720574336301 0.560193438820395 -1.93928966203007 -2.21432493435713 -5.46418528732315 -4.32961041904971 -7.08491693711262 2.11825309988436 1.13132913056516 1.8265894046837 7.13011600060328 3.15747995724113 5.52796244551242 -2.8054871795383 1.21252564683261 -3.75418363662448 1.81621259793401
"883" 2.82972340268787 1.12697479307058 -1.44511112117934 -3.46661248621743 -4.43367662477325 -0.81990030903613 -1.70145635111692 -2.2113191394669 0.509417353060195 2.26811376801283 -2.60283386484871 0.830612789608924 1.40593965025485 0.954323763330477 -2.46372791159984 0.335980303428918 -0.85466096417945 1.14293753129254 -3.31456966823544 0.924662233766331 2.51389475815607 -0.728204327292609 0.76239724929646 3.494273253856 0.459444503148402 -3.94749612750243 0.656550383676572 -2.05809565626622 2.8454835836431 -1.31440276166425 1.94969537636539 -4.50389265621663 -2.92518597023564 -3.50361495399861 1.12407149954432 -2.01495475179304 0.748915564125289 2.34112571259292 -3.26974764750816 -0.110117542712688 1.5396629731416 6.20538193594665 9.38762319597606 1.4167446491513 -4.34005335529518 5.05144150474348 1.00035292961389 2.83986536762437 -0.499908809663277 4.46089410980926
"884" 7.31670441367605 -3.19955310877401 1.26319139906766 1.66807904133309 -4.4332751141723 -0.219418445904793 1.0007784764922 -2.2375090946282 -5.88351712708127 1.09615982781519 -3.80546114219113 -0.144605536657296 3.06884461974432 0.822260439737463 -2.39206820955518 -4.10566507557342 2.28133078908658 4.27531027929216 2.20207883356833 -0.235128423763826 -2.08044883605198 -1.30770508230378 -0.0393827386580776 0.950760734891148 1.73641739658117 -3.91056441888056 2.16486273802475 -1.10577629820725 -0.921337649157952 -0.938974817251331 2.27321412557868 2.51109506851026 -5.28694411005546 1.19248827415084 -0.692178928608328 0.724974786285396 0.673229035404456 1.60715895931809 2.50910005703218 0.92334483759213 -2.44368124264798 -0.752894873671932 -3.99877029592082 0.405320315914313 4.01908562898774 3.41839270856404 6.35821861371284 1.55939688901079 -2.68224760908366 -4.44967610017475
"885" 2.49610243964006 1.85202283164928 1.14857118069038 0.902928362927826 3.47789145373278 -0.99608359681948 1.9828497702515 4.43051188284898 3.3900817092982 -1.40258640242776 1.76761663557019 1.03956409277263 -4.33377652615064 -2.53378531221297 -1.89247634122458 -0.658176130818832 -1.9061532791392 0.167074935659823 -3.15938262005993 3.08692825723831 -0.146459404080761 -3.9771714318076 -0.996881829919041 2.46886553250021 3.63651178346681 -2.80212923804117 -4.68445965916211 1.04452822412144 1.82821797064665 2.21350739408994 -1.96678157234811 -2.952681365174 3.07542826112404 -3.07164411926203 -1.74863395276765 1.89012237700867 1.7126427745962 -3.13069998438974 1.77207635226093 -2.64881540374216 1.65800104963726 1.68391027108717 0.780406572918213 -1.9577960907444 -3.07640465699537 -3.80877427267922 -1.95600668827985 3.05964115615622 0.614364318168265 1.36965478149718
"886" 2.92537914694623 2.70079848603726 1.10693091980156 -1.78095170571448 -0.661483971403074 2.08536087142916 2.20685593057491 2.75228976838969 -1.68998180965323 -1.73384929994613 1.11176855027912 -4.34748904021293 -1.38914056591308 -2.0910075531306 -0.251786969498389 0.0416318766239903 2.28284737292925 -2.93441063481921 0.301690802385697 0.875456663091757 -4.8072238177573 -0.149150651748955 3.12755317473806 1.20769826535435 1.64208200360449 0.549334822360767 -2.16334122718801 2.14381815536782 0.0169284610069045 1.94757142054161 0.333792859335237 6.69979766890549 -0.327693196170563 2.79211801446432 5.19095630280014 -1.80008233319006 -9.29823310418876 0.181548571221953 -0.0399908238231851 2.53031681575971 -1.56211005457847 6.26909426090708 1.61585447468379 1.96389882597338 0.622102657603343 -2.97459303990657 -3.75204216648107 -0.20404071118308 1.29791678390595 -1.92808002301468
"887" -2.02524906035242 -6.61665991324965 4.39976852195581 -1.18582021418396 -0.14484904711812 -5.34075805700064 -1.07685845533116 2.55793184777452 1.1182963897909 -0.242669891742841 -1.08590960126516 4.97180192689763 -0.494145589610085 3.16235233481864 5.34789814859938 -5.34885291403953 -0.772841131595457 -0.716876864433367 3.09264878677435 -1.57234023969114 0.16541477374603 -4.97146550348277 -0.103130824808769 -0.719266521331183 7.49479431415754 0.108291301628988 5.28320262290393 -1.36496742267807 -1.37231028138694 -4.63036811187884 0.457706050720072 -1.11376299315823 -5.85227921096323 -3.74931210904129 -6.34320050713762 -3.44853710880821 2.34026941493259 -2.14444042056247 2.4716517899438 0.874146873873186 1.57493559014386 -2.70365478772462 -1.37880629958703 -3.15459050956213 -0.0461770897669838 -2.45998528317709 2.38955685411344 -6.84958289548172 -3.10845155251995 4.00867346181659
"888" -4.44560629637451 3.74304454478069 4.72352817377561 -1.7335705175145 -2.09324211972002 1.65543242384965 -6.63406879889568 0.043385345682561 -3.90897598044535 -6.31108720198635 2.59430600146505 1.68215967547629 0.377038600542444 2.7832440282251 0.966971258957248 3.24101903650618 1.09757891547791 -1.10540530584971 1.40477284257945 -0.437734392056703 2.04370786785479 1.56088295549356 5.41164144928108 1.24451038678634 -6.14425694720479 0.456179274168838 -1.1823219144706 -0.93707517229696 1.06349387653053 0.00985205380888162 1.36563335216428 -4.0691860711209 0.234460622410416 -0.448221041360538 -3.65632924980836 2.79875636830248 1.7949614492236 -3.02194365231656 6.17267734739025 -0.01558353480179 -2.72476789117251 -1.12125125978342 -2.64175649740342 -1.52828635562016 4.15861764219538 3.01711999726819 3.4452499251525 1.9076587874114 -5.44378538635067 -6.33231523528721
"889" 2.23552122133883 2.55683060573773 -4.8436617723178 0.227306115645506 -2.4959938021141 2.31631657062651 2.35240540432051 -2.3870412503407 -0.190245835573091 -1.04792725114038 2.43191365772471 -3.35171273393928 1.37583690520308 -0.14657082091081 -0.549568005792057 0.724809056595043 -1.5297016321491 -7.68188255706627 -0.73267783980292 1.21477675213682 0.358010245764854 0.684957389033141 -1.28453821871638 3.51326290747792 2.15081245844029 0.948468264011047 0.623724625121093 -0.478496441996685 -4.77170338443177 -1.18059126012603 2.96519195271176 -2.01827911128926 2.27385345504026 1.35218280424427 -3.77561990267698 0.958805574271236 2.09343422429418 -4.14283246894932 6.09207257557285 0.566497039205515 0.778937546375125 -2.14502837267949 -1.59844793683118 -1.53179347347108 1.73983104041302 4.99044639772102 3.98343368350874 -1.66396991482885 4.61403459412205 2.46781005063151
"890" -3.1871069678329 -1.42110750448171 -0.329035992022942 0.552432114515972 0.588455023296738 -5.02419044729076 4.11637338087205 0.13690671549042 0.365535506325646 -5.4834126649867 -2.35561701270454 -3.87191723311095 3.23726072881362 1.65716578670973 0.806497466110013 -2.65574885006635 -4.20162978882837 0.317144628309931 -4.26014162868547 0.195493852579362 -0.355656307735633 4.78585964718011 -4.54463833989097 -1.12756661552012 -0.127080507367973 4.44678128187754 2.81468332071521 2.32047010171504 1.14785290416139 -8.92363378474205 3.9226357769623 -0.82007168598532 4.92506324790153 1.4353724833177 -1.03271237904301 0.710654396590505 1.47005752206262 -10.1346108560343 -1.46660729084919 -4.78151460855641 5.51295352839919 -3.13692989921313 4.12900954342989 0.781043001614367 -1.57000521866534 -1.02048107859284 2.71806604853414 -0.615466010735678 3.7783612198951 -0.0767413182940639
"891" -0.944930908400998 -0.825836980046441 2.92960158589568 -1.22522991829814 -5.53865696060508 -5.48444277967551 2.50094216212557 3.79105764331661 -2.34858337323524 -0.942189338594635 -2.76018387615747 4.81594177074947 0.308159005821502 -6.8428950234489 -1.11267331623004 -3.75580094915312 3.90586880378066 0.112063043210361 -1.53181851570235 2.76670099013371 -3.17978847816306 -0.526626959683844 -2.97616993743666 1.98391077032233 4.20526203742054 0.969684261047091 3.54725197605137 0.0653684227841329 -0.443748404635551 -0.125134345871447 -1.45505949012203 -1.76693947461954 -0.432670695193176 -1.4428413189811 -0.101251700433 -0.823227571744915 0.886536076750369 -2.89876334090717 -0.383714185412755 -0.45372375723656 -1.11769661995118 -2.15522592040046 2.93741234699546 2.06196872386771 -3.31419525341631 2.44339181965414 0.866628236212826 -1.20791514537773 -1.83073616638401 -6.69532181397166
"892" -7.26491705477324 3.35467766704683 -1.58724819526536 -2.01802755161381 -0.762807838202799 -4.88356333522376 -2.11685963725344 -3.71269539452587 -3.09215302318797 -2.5858939520658 -2.64765751809599 0.25413706682887 4.69643873815534 -2.02291348491953 1.44012228163069 -10.297587217722 0.303632371518113 0.890359908924959 5.93664942720196 -2.39607978747473 0.419016285394479 -3.53674353419878 7.15693123081742 4.64894276072444 2.64884855562919 -2.77573000158678 0.909504062770986 -2.96906057340192 0.355093222582221 1.74588326204378 -2.85854591696323 -3.87472989507045 -1.88456029278659 1.12943024284629 1.33391867208384 0.244072021641016 -1.07893319604022 -0.344829865074814 -4.07006928596767 -2.30371179521816 0.919986138343389 7.14109411373963 0.536472870422447 -4.26261524746823 2.94021496426447 5.68556015756528 -0.445386097834153 1.56521956476452 1.51477552911804 -0.783252528918137
"893" -3.30949033752046 1.96054545972832 -4.29423688506027 1.76249162064436 -3.00468714884514 -0.299631709881747 1.38251650469333 -1.20816632366824 0.938426722738016 -0.159929253911403 5.84815804520893 -1.63332231707068 -0.175211471171706 2.73456214896139 -1.71952344545843 2.78938678028728 3.6071484030191 2.53937390949927 2.66509644924465 8.09820486909673 1.54531901855587 5.58934967983438 3.39913406944342 -2.04588432719719 -1.15326750164324 3.0533389310406 -0.80449029683374 -0.917381321806995 2.14220954929904 0.426888423226544 0.746162052185312 -2.4036828063831 -2.055255532866 -2.76713792022483 -3.71057413147134 -0.839656478951197 0.926290897196285 2.58642740259703 0.628848783158676 -3.00788433340661 2.16535068384199 -0.238402353786088 1.35532384664124 -3.2191741998538 2.4652908910243 -0.831617504135309 0.131193446137258 -1.73346775516462 -5.47004522347818 0.209144909332565
"894" 0.659477230923367 -0.993199490253761 -5.07605272690993 7.34600761486662 0.574659139037543 1.42507348943923 0.613807433639677 -2.50464465236238 5.86487278254438 1.83509629194773 0.395134266193998 2.77073733729565 -1.20646455677172 0.488743339748249 0.774494164089965 -3.98592430860136 6.25893224579433 -2.99911688494647 0.619949843467038 5.08833867942522 -4.68907106781499 0.259793362610079 4.46453246894712 4.87151239851215 -0.61973564855162 1.74541319832063 4.15978111390745 1.0980086762575 1.55524151314004 1.82895738302128 2.6438586246734 -3.70794115928706 -1.93387078957197 0.00541600295054838 -1.39148064564648 -0.612490341582904 -0.581376574732508 1.28695616508525 -4.07116474579408 1.93145686825909 2.09340928223702 0.581514823125426 -0.313961529874804 -0.864680540240814 2.26600923319387 1.18464733035932 -3.69725663256344 -0.928638038120661 2.6242394881806 1.77002948634594
"895" -0.736304908811125 -2.16580796739134 -3.49611661158031 -0.702474174618898 -1.85159260460532 4.43942615675111 -4.68872048529485 -7.03378493373224 -0.0869895796183836 -2.84251475011638 2.82019587490691 1.00008245394557 1.56757602011592 2.61416161365157 1.61947150481029 1.54394926417846 -0.422061304764037 -0.292314121198893 -2.94750458468751 -0.529164538060613 -1.48847105595346 1.16374778103223 -1.45883314161413 -2.38654027061483 -0.687325005156575 0.718950754564464 -3.27748764351094 1.62940445852219 -0.980819172053304 -3.07796346411257 2.37809236787484 0.207394613948606 1.61048249006097 0.966604629382305 1.74676224182675 0.578699529240285 1.38736415007321 -2.06522199217098 1.08606301891838 -3.3354939021563 4.44048891446629 -1.6023145121299 2.6459510586299 -0.96186800857776 4.5739098387538 2.41129344186867 1.44153434518544 -1.80899583717525 0.020341627536909 0.0430000723768722
"896" -2.2911586919668 -4.0888452466122 -2.87330111869074 -0.214415092628681 0.354525835088351 2.3782992578515 2.24016275766839 3.77044338693107 -1.02962603701333 8.28337311593906 6.13434520434652 0.517609692265645 0.105479012224598 -1.0602127219805 -0.334313070058584 4.15189080557246 -4.13661113064497 1.48278572306029 4.67611210268052 -2.94442928287391 -1.7828836150933 4.93107399500996 -1.60043760781843 0.202865475593711 -0.369419624941668 0.868630237547294 2.4375715602303 -1.24999005032994 -5.58519608722383 1.20059618112977 2.6070315931599 3.15672393179654 -2.82553873390853 -4.01495822564357 0.0618627917275919 -2.89664044937445 0.441280381984771 -3.92005151618154 -0.713134890395263 0.0183873964315271 2.33899147838777 4.46764411261494 -2.5542836953151 -6.80811065270404 4.04827150088467 4.48226345585411 3.4680190072058 -4.04975202247955 0.700026213785729 1.83804292661485
"897" 1.891594519887 5.85339918277925 3.92491904492521 -3.70614603156573 0.466576878395442 2.72597244108978 -2.64837046421153 -1.39576230928628 -1.91898854894494 -6.00495315892655 -0.271431777590406 -0.910222574500281 -3.19807785696077 -2.45271772116183 -3.40328520503188 -5.06153313505116 -1.4987199767067 0.37848313414302 0.782473082801433 0.18301520360899 0.830844044815947 -2.19005136324269 3.72805578431488 -2.52167672458853 3.34404095860043 0.0260329537779929 2.38246163627058 2.60622484403945 1.55835142411111 -1.78769060963675 -7.61798815339485 -1.56545526328456 -1.07576109268437 0.314607855818374 6.09147412991184 -0.14705340999291 5.16174662323289 0.902290329782309 -6.29334712757621 1.98743452945642 -2.63521519466608 -3.56176004947552 -1.11631847306404 2.15706359397109 -1.71554512889453 0.667620227678834 -2.01098500275695 -4.60903787776303 -0.570604642346462 -0.185692060170923
"898" 4.19672368227011 3.80729945028792 -3.06230135925851 -2.59022963782602 -1.94436336511977 0.615245610185573 -3.75986274288157 -2.43520532502669 -3.62405996601549 -1.86960542963286 -1.15753430530456 -1.80619756410742 1.03668102464154 -2.27097003779987 -5.9385550706954 -0.63194300231802 -4.03642856009503 1.72618783574896 -0.0863107410749298 -3.86328358699407 1.12806335035641 4.3038586374495 0.870266327271758 -0.723250012172793 2.26518663170123 3.85916711160459 -2.85266264798102 -2.55506139898682 -0.612866056593835 -0.905060542496155 3.94631837495436 3.57648933446363 4.87677910438804 2.39224595281556 0.447354051913211 -0.472815394723288 -3.55516463534051 -1.80133195901922 1.97077788127779 0.807542337297715 3.24033769587619 -4.29829966309124 -1.57930680996131 -3.60819800945679 2.41774641938534 -2.53162170818277 -5.96806875758799 -1.26770592920456 -0.772970269701285 2.54066690679194
"899" -0.733126673649869 -1.58861650796051 -1.41585675475567 -0.0171313912507941 -1.33149086884871 3.27938109664271 0.497105305597915 -3.79373673581399 -3.17927916330771 0.437192710975156 -3.21117155074878 -0.201744270516866 2.77454477847949 1.85706737517103 3.99671660208659 -4.25222306365737 1.66966875176032 1.7535818360405 -4.78295441124756 4.60127587918636 -1.28912260837559 -1.9165177792892 1.71168249912249 -1.7933858521325 1.41708194100074 -2.77657261338146 -1.85397843887532 4.11905928145541 2.23963978302806 5.72292307408098 3.76504070578414 2.85997874308197 -1.76210226276986 -3.91195993191739 -3.99882772180802 -3.14801257034598 -0.947486458489407 4.16181348498727 0.523856103922211 -1.92032630734865 -2.4660471716963 0.16141492343903 0.796168843007894 3.13798060959494 1.02610335484006 -5.64862830425902 0.724358389223354 2.40756192773041 -0.549700670703373 -3.11908424597749
"900" 1.69712432818181 -5.29485386402439 4.3827374891259 -3.58184099933827 -7.42736867038974 -2.148945208265 -5.25896350692557 1.05727505839124 1.45004815951687 -0.71037723898915 -2.95521615801686 -2.44104040496132 -0.840728606991308 -0.835951271585077 -2.84388392447799 -0.73611053754679 -2.98786158772357 4.52272302789094 -5.28714096373036 -3.49441058138136 0.878852373326105 6.23223074949258 -0.898948573285941 -3.16296282013456 -2.32036161349935 0.428761425493816 -2.86617667547885 -0.703823770691964 1.53577633687696 0.975027368733457 4.41361498247857 4.08841654357048 7.13289793912183 -0.178643549040203 -3.16175723442326 3.81518303123515 4.05461431250403 -2.07645119208171 -0.342799368901735 -2.1255954005213 3.77143503516376 -4.17456735699254 3.16647124634309 -2.72530381539143 4.07861095953666 -0.177004741154174 -0.70590430810971 0.61705487507664 -4.38425090504677 -0.535892643468922
"901" -0.764394602005453 5.62406021846691 -1.29458252003254 2.0568804135594 2.74873106121196 -0.946293085499989 -4.11279742606541 -3.6632076396975 -4.15379406725198 -2.64606662560378 2.09201655168413 1.2716179604012 -0.639592840952621 -0.975540585005433 -5.17240232575533 -0.0808844650280895 1.49108646450723 4.16111595627439 5.54264712087619 -1.62760819145432 2.02486089269342 0.817306762368861 3.69724531540143 4.12774428808775 -0.607209537636954 2.05445360821948 -0.928860246464161 -3.62423683711075 -2.91171801527674 1.38334023865135 -3.77834422139038 -6.33391669196644 -6.25651035422295 2.99917976081766 0.310216804994576 0.583440047874653 -3.10904206546177 1.62766964273678 7.12456895496591 1.13592203309687 -5.34181021663461 4.36466419767624 2.05015549243424 7.39199163012113 -2.13962676831063 0.46806639478949 4.19915990938278 0.844336457431339 -1.70955010517718 -2.22209507290406
"902" 0.0840440578537929 1.6006069797712 -2.42684469982192 -2.25277188213306 -2.7200153915581 -0.774858074760678 1.73046186437153 -1.03052476635892 -1.70319409342092 -4.72737969104431 -6.2500049350219 1.35387838944478 -1.71046739092338 -0.207385140800418 -3.60535904286426 0.304233611358416 2.6735177131389 1.09806060385874 1.26065214318406 3.04411731241032 0.71568759348064 1.249190991992 0.509644141236427 0.310546410435432 4.78540659820933 -1.36483451518793 -0.555602284416977 -0.769540525064003 -3.38694279173318 -2.55646554068642 1.90412848249184 -3.20294960869606 -2.78388801602586 4.60188047555857 -2.0876648504005 1.95166173648201 -3.35182571443231 -0.70401088760948 3.68619101467742 -4.35319578500667 -4.61588342766432 -1.58492291955856 -1.87400650339494 2.15191999516436 0.590342823619967 -1.17520394508176 2.73715967908456 0.880221053327154 -1.69547091676185 -2.48783921383062
"903" -3.92559563843445 2.33491153546107 0.559651191302056 2.12833949205224 -4.20736242299222 -1.01370950808164 1.29220551171133 2.51669900667782 1.59399139787483 2.09777590889727 1.36256305819988 -1.40113754160027 3.58788495705483 -2.71661772700704 1.83843298038317 -0.7201046176274 4.23650046838841 -0.365366895501997 0.551683803010226 1.65180502635196 -4.41283132259639 -2.5901709705475 -2.87046048204332 -0.28799798815246 1.69004550197972 -0.763872249547216 2.10287250562311 -1.20106489732149 -4.02474153022936 2.35387478040782 -0.447489167187492 1.98476739886035 -0.633839884168699 2.40062526042652 -3.97420585240924 2.41440054636454 4.55855072398877 -0.814317174186878 3.4301652007699 3.97890576742916 0.165966348433979 -0.567709177962129 -2.87675937453559 -2.22314165207717 2.63912124134504 -1.11618549574016 5.89213733420474 6.07600081616283 1.59369798455783 -0.317296255331495
"904" 4.52333367673811 -3.47633434198296 -1.34509472846352 -2.89989846565053 -2.56859040263609 5.57156350663752 -1.41465253172877 8.34886384708068 5.66325728069768 -0.818684412431511 0.367569846651458 -3.48066348710662 -1.80724622384729 1.42978564824212 -0.433584384351087 -0.129101511683542 2.77857092715744 0.690767698359677 -2.22264648300295 5.65588914222631 0.70274283063989 -2.18705510075945 3.58096794471199 -4.05864916726791 -2.86756096171297 -0.0240432931524847 0.68092444875329 -2.50593924514319 1.69841459599068 5.14298362042166 3.1517010723629 -0.452316057935702 -2.85682032877469 1.97286133425688 -2.89123477472654 2.24507895809352 0.0836570518083771 -4.06328701259455 2.24178029547595 2.00350651105725 1.62952036724182 -0.832571944283156 -4.0945197627055 1.00532153781299 -3.6528033593339 -0.636498407404762 -2.56275165982689 -2.97579985971987 -4.7073370520624 -3.52739366748737
"905" 3.26886146973435 -2.61582858230055 -4.21081358546877 -3.47278262000508 -5.91799597290217 0.627685268963555 -3.4143236835164 -1.96902480195681 -0.0344858681413065 -0.0745067286728796 -7.03769378440823 4.34745487920289 -4.31389469304513 3.0361818148856 4.67761248053609 -1.78304678069101 1.21075157206853 2.35254601174243 -4.56449370726854 -1.9612070704015 3.53423141551106 1.66216180815288 0.0605459717557593 -0.143733360837399 -2.64440623378852 -3.46583305532014 4.38554860398375 -2.22381396897685 0.180679687746802 6.61931846061517 -3.55267145833892 -3.8352378840536 -2.86650966187111 -0.938507214613029 -6.27358074536405 3.35373059726899 -0.37377272977953 0.128117478825361 0.257279537737514 1.89876552596932 -2.60384826627954 2.60659951800698 -2.68209314965659 -2.43551280085263 1.76568507741062 5.59923244826385 -0.580525261532113 1.72812556383997 -0.303697152126887 -1.52960848149152
"906" 2.12355094037628 -7.05298471135563 1.58076511578443 1.2459139145875 0.0205331723742981 -1.34817143151306 2.01873122550913 4.24121905414954 -2.32962369092956 -1.73829916012092 -3.9118144784181 2.55708807080485 2.14761611151797 3.00635895620813 0.0872337961616724 0.574635983603206 7.33186594411352 0.747846658445618 1.01596559461126 -2.54162460055301 -3.05193224285656 -4.81087006965492 -2.36415908668415 3.02416628997718 3.36487376256387 0.32149808553617 1.18601351839919 1.31724189148371 -2.53530986671805 0.880582865822163 -4.71175643906557 2.35444840954231 1.53596045670104 5.04935324652896 0.866033365814102 -0.514067407206878 -4.32680389132618 0.716152076304986 0.422812063948957 -1.30068539058777 0.942641972448861 1.37376086189023 -4.83720598491256 1.36359914554993 0.448824028601883 -1.26273214117854 -1.97649333529978 -2.17113057639868 0.358786048420259 0.80919857748508
"907" -3.43610689133994 -0.720404784916017 -2.02099551356995 -0.561635618843527 0.884212483553617 -1.58341913707167 -1.73914163414083 4.53959179446471 4.43378356700846 4.45803067650406 -0.0450456011347404 2.32510711905402 -1.03571198466244 -3.21762268609413 1.77383801660543 6.05308001821568 -5.60730286695606 -6.05769988772699 -0.618542328150564 3.10065822423384 2.24819315913464 -2.38403966333706 -4.38591383830973 -6.42282089329575 -0.522474581557652 1.11479504200012 -2.50569246665101 2.92522196879486 0.573422235189595 -1.4331629898315 -1.84989010566764 1.06778306539531 -1.39758278275906 0.489973276941571 -0.338065571991094 3.16750176431112 0.48398474171856 -0.0518050786885706 1.08208715946262 -1.91156874889128 -0.0931196133239776 0.556791620857323 -1.55752651824596 -2.10868141092052 -4.01280347830714 -2.1862686232822 3.33558577448581 -2.56775840625182 -0.119000598108993 -1.2828605643522
"908" 3.93663976832847 -1.883629117784 -2.30042886497818 2.38467284126526 1.48733381936148 0.361037499105218 3.2908587912374 0.551460301218832 1.02391103546242 1.28575418549493 -0.185763624814364 2.10744103349903 -7.58625181456829 -1.41362076446394 1.43144009554156 2.68287746064266 -0.316837988977956 0.258333608113714 2.56278207547134 -2.38374839699063 1.22218349385209 3.55280606389896 -1.20697045545977 -0.199785394636026 -2.15899549918032 3.244968835069 1.86116016741503 0.315571265495192 -0.624275545226464 1.42344172898618 -0.838202091382711 4.72969843377669 0.161744100596749 -0.714493360427143 2.8509714433787 0.205619286023482 -1.68695125304218 1.91913644632659 -5.19378378197535 -0.267252999971326 -2.54005696084627 3.19734596065315 0.839667506899949 -2.6687658552752 -0.845622443425099 -2.16549875782574 -0.558480874623653 -0.756848669853548 0.125787364505885 -0.717324489331394
"909" -2.02611430276119 1.81538522412327 2.20546864702587 1.64621964996917 -2.07688976848954 2.15765572773848 -0.519301328114169 1.24682178336533 -1.36890313960827 -3.10046732333022 -3.0662055155263 4.33218410030995 0.719915058098015 1.60300668526868 -2.85341413688232 2.572457423456 3.14397575429955 -2.0543273919718 -2.67866550661216 0.391982671850725 3.63284819861993 3.74613325905675 -1.77350900419877 -2.03561934847485 1.19656216979391 1.49363701644486 1.48383083602922 -2.41583934416189 -2.67256641075239 -1.5215715438418 -2.11901759788186 2.6451500335546 0.0152001718857029 2.60486249119783 -1.35608968600112 -0.95964685184472 1.26628446420367 0.428166138265707 -4.25894529183188 -4.26040675937579 0.539914807181223 -4.9515378990964 -4.07656807541228 1.93400943245608 0.0926195210812118 0.164859008974046 4.18732123020127 -1.66944378978857 1.20246633162175 -0.572058589768589
"910" -2.85539895100676 -2.14067406096274 -3.46740969762004 2.87886764103107 2.01279667287796 0.710272027466113 -0.962282766414052 0.216626365648057 0.0257896883356425 1.13441024732087 2.05015581004872 1.16895539442746 -2.14819668723781 -5.46338143264299 6.00763075732753 -0.876327164025559 -1.75194154194685 -1.03837913529241 -0.646155279631938 -1.70264820045096 6.06839760215337 2.00144294645676 -1.94556618216866 -0.533703566624714 -0.502168174116477 -0.223042120359713 2.53616893877323 3.14365234565328 -5.26520544368989 -2.74257094051403 0.0647849088619384 -1.66555287148243 -2.1718139246866 0.359575130358826 -2.6956916543184 2.31161739104247 1.06216917078564 -7.54128347088669 1.50366934351464 -2.49055664040926 1.91794458516539 0.466533500413823 -1.94699465319229 -4.96154420510116 -2.74757354621974 0.157282450882932 -0.550676630984317 2.25194877532059 -0.0480985822610846 -1.99446362853472
"911" 0.833663637804148 1.46375041082362 2.2070338596613 6.21686220575055 0.457516320625225 -3.26155965428526 1.10386507684808 1.49944998062137 -3.00861194043631 1.22482471760188 2.60244373940915 -1.57476700611121 -1.26739572476725 -0.423916686616358 1.42429219745838 -3.44046333508366 -0.78854143862697 2.70922278619021 3.14200147111478 -0.0225349703823972 2.99346303234812 1.40059770099231 -2.37072858270832 -1.17494929912098 -2.25708822621645 -1.83366343760274 0.199119162692267 0.731622577594692 -6.58303160975021 1.08273320434763 -4.27245756938507 2.58195585457918 -5.03095702345738 1.31064384069073 -3.39763508748731 0.731487804083384 4.11522717873735 -1.00258281194709 -1.90636362845057 0.525261346454255 -3.57146175511777 -1.43500408075782 -4.67315147161042 -1.3361118325394 -4.06162773175361 -1.5124756006109 0.729268604258937 0.412868006399781 -0.226544109032567 0.301902064324805
"912" -0.0739332682396032 -1.68470419491535 -2.05595075099987 -6.55423781239793 -1.55390615618689 -4.15663386593867 -5.07789967961401 3.32610576461245 4.67728710325562 1.26145578836286 -0.257404791047842 0.476014510569797 -2.62329162517202 -1.80819691459561 3.00111097408306 -0.0576409025367846 -1.51070621504767 2.50493465053274 -0.194780762810303 -2.2617191745697 -2.6009234220762 -2.02928887574619 4.44862726829505 3.17624203199621 -6.45917499550216 1.78505394654304 -4.45603162177611 2.65748485220694 4.08097900386329 2.73202426302811 2.64160726917925 -3.74862066540052 2.87262434626485 1.4425220969276 1.08511342929153 0.689363511258744 3.2129245794387 -8.76578966253373 -1.13059970831466 0.401234303437364 5.89233904081428 4.30423290914073 0.74670713210414 1.03146141605847 -4.81791150804415 0.122012849038473 -0.0554676073739641 -4.50361054978236 0.218440854096761 -4.39919992591712
"913" -1.59373742772981 -4.08413090307639 1.82787358558564 -1.43243283947946 -0.774839456581215 2.12643811596702 -2.52245884585526 0.0484754691814454 -1.74207573813545 4.32898536772681 0.649279441372065 4.54856508350777 4.13783753675712 0.895976908385765 2.73147497486918 -4.46862202910277 4.75226179269604 -1.19038961504408 3.05662652298425 -1.01134520690408 -0.926870510612064 0.181263480499424 7.0533548058641 3.09692398643315 -0.636951314261023 3.21138894756857 6.31720281916683 2.00140543781906 0.860256854943642 2.60045773935643 -1.65465575984738 1.26661006275203 -3.36835487715942 -3.66555705300999 -2.27652310272678 -3.46147878911787 1.10005228388382 -1.15485145485905 3.61853657197021 1.88212509219375 -0.186013391092401 2.9003460811925 -5.4696610866719 4.09187230542334 -0.614991784300836 0.148897081035983 6.38311616665444 -0.575100401371552 2.03995324631128 -2.60261597514411
"914" 3.17373335130904 -3.44976048062272 -0.597142915610177 -0.563168354479696 0.220090687023126 -2.74855276128157 1.39014055647006 2.66372133526339 -2.22273834157668 0.128524008605252 -4.11237295332634 0.759527135133417 4.64991666536935 -5.38776492781999 -2.85872456890704 4.78585677799315 1.71237909511872 -2.80189616201061 -5.10163510987812 0.536171869839442 -3.13371429534803 -3.03617764915033 -2.03163013360509 0.523812099443778 -8.41162187126544 6.51003563479183 -2.55907158606496 4.86204153279299 3.18605264219106 -3.81460854669559 4.16592424716852 2.70353017999104 0.0783728108680723 -0.533620462296705 3.88211808152761 1.66162112186798 1.4086003791835 -1.37895383399496 4.19840550872503 -2.95779857160574 1.74290413429105 0.961974212795943 4.88462660568734 -0.924490460424271 2.77494285065366 5.10708757185461 6.11477803194709 6.19721545606766 -1.01465812944118 2.22472825099244
"915" 5.88423776079868 -3.9121023656198 -2.98165353577353 -2.04288469763602 1.08750272883992 1.73172389093755 0.499267020342105 -0.554049811752524 2.07217609559691 0.591678941153287 -3.58054635633544 0.0770079681741418 0.0842545136532505 2.69090384350234 -1.22297516303465 5.65019208995984 2.02212208709247 -2.86599346147848 0.0801368367379656 3.09989027686487 0.830198725337905 3.21358710860003 0.126255546907916 3.15765021112029 -3.09206721176228 1.671042404947 5.0095419833177 1.40048687965484 0.666246140006522 -3.90243223996633 2.87456371693717 1.65610979959548 2.78733599270764 -2.303159215049 2.39058694984903 -2.29124854131035 0.0815406250154598 -0.71122403016372 -0.00884097233958366 3.10166198290942 -1.81483416846439 1.78030223694827 -2.80076694756117 -1.66971933442607 1.60074239855932 -1.16424765114696 -2.91278060604066 0.82999118791657 -1.57390535791258 -0.447133733359356
"916" 9.43409874630105 0.858219076170405 1.66413750984412 -1.49550918559547 3.44385041605356 2.18442666630247 5.47699201785145 4.79094088624169 -3.17939409613061 -3.93201768357644 0.805580157050492 -1.00446719728828 -0.888343858821812 0.22510681926072 7.73888337563547 -4.90550345757295 2.92168747250463 1.7230933677743 3.59182619481038 1.87040331989106 -1.2104345225293 1.44158736877754 5.18167137864219 -2.37740460529988 0.34178684658271 -0.960009145046351 6.50942626397354 -0.276337844537296 2.61713380237867 -2.13434806127336 -2.43937746440336 -1.34121767577522 0.780217203897388 0.433858032301821 1.17467793224251 2.15967385615735 2.25980320975471 1.02336618113209 2.37562589687976 3.8285434941765 -2.88940621525851 -4.15182895613948 -3.86266226824198 0.965079155751427 -3.48378582638696 0.270722321246945 -0.518356810285593 1.91414725456294 -3.12565616443516 -1.30601083803212
"917" -3.96831712392179 -0.249320391904688 -3.09607612375519 4.17303195030775 -0.229829865744788 -3.56618118109388 2.16317698546507 0.322456716214644 4.41560698440297 0.863636086319666 1.05419624692524 3.83396175403137 3.6912661444121 -0.438961937610014 0.296596763421373 -1.28102624366269 -0.923113128319227 -7.18584057627826 -2.84164591921604 3.01540399801305 2.62773940682354 -0.37991171572473 -0.906022302456363 2.27192698231981 -2.79647290821957 5.02039006800668 -1.39005409888569 0.364668171587812 -1.45346200900272 0.78899337272355 1.35794678457779 4.03694020425534 1.00842967517296 -5.79476381264527 -0.585915376606628 -0.433582583426053 3.0788749712629 -1.67987640142965 1.17724305819931 2.40822536691267 3.18328690492075 0.410997460473353 -1.16984090295514 -1.74961737805869 2.0149295337419 0.0311275897991502 6.31535565485243 1.82567152594026 2.36617800643042 -2.06984944798272
"918" -3.58282033644352 1.67451004057059 -3.80918660351477 -0.625547745565529 -1.55408536370171 -2.50275846312967 3.07710162675301 1.53322193020355 4.10163299524279 0.899264908054763 5.94697651231282 -1.68958657066184 -1.94582064362495 -2.90783645524801 0.739820869517412 -4.65444838187878 0.131478994342753 -1.28637315676471 -0.967974802777901 -1.38830590149662 -4.38160037305071 -3.12682340616908 -0.558078509772058 -0.480713310482049 0.418902705576364 -2.59539284145383 -0.205738297743036 -1.47628263241342 3.00020154045156 1.28112259053734 1.93579079102675 2.64122354187159 0.833194480311916 -0.0422605007353677 1.15202067048095 0.326280907231132 5.66726237815317 -1.00766096216069 -5.27583601688881 1.93665497821721 -2.24031871640231 1.19681529789531 5.13920181928669 1.80170063191281 2.5719251228518 -1.30312519036461 3.12754505519581 0.523323659785912 0.979218566054824 0.811154357029211
"919" 0.157819000648129 6.53423625610874 1.80143179950314 -3.93664946187822 1.7466799204409 0.47056342012624 -1.40897566878995 -1.86954779149887 -1.59622092839358 -1.95126146634976 5.17154764717011 0.147014622340146 0.630264068301402 4.92835826806809 -1.08934948322468 1.26700823343003 3.04107525702799 -4.21756267263188 0.324826836522487 -3.99729813185251 -3.50065273964535 -1.62401682988939 -1.56165121215381 0.807566468903037 -1.95255615133119 2.81141310152274 2.37826770886657 1.38255613699298 2.78898835893423 -0.402143449694423 1.64726973475879 -1.32097674956618 4.97796352181961 -0.180145787521908 0.327753256170523 1.60294444538296 -2.83186313495024 -1.22651767798341 -1.60859514619831 -2.30462947131227 1.44371282800109 -1.83681238673611 -1.6166108872183 1.36773362272754 -6.30594523622595 -4.02116190843208 -0.79553189071455 4.58582425913026 4.22791072014052 -4.39794877334078
"920" -1.51159511174326 -2.71790521680381 2.8369629355316 -0.627979858605875 1.37952088866881 3.29050532948243 1.79302404251902 -0.364095926092945 -3.03420493181426 4.27854255148887 3.94083132683537 -3.06055611027645 3.46197440784481 1.10014804467056 2.7126374579049 -3.26448292195165 1.38021041374618 1.11383010281958 6.30705998450628 -4.41926091886436 -3.9572429093883 -0.570667009083058 -3.07131526134001 -0.968316070056872 -3.97730455391865 -0.290580818457458 1.42583640173059 -2.68042531800035 2.75578498220529 3.94825507856582 -3.54970448320159 5.58953096659794 2.84088540362346 -4.13108096065345 4.86864546059795 1.52520654571592 3.84887854514664 1.26746929398407 1.48422439985128 4.69341166291256 6.23185355861653 -4.71321563832163 -0.452428360194062 3.45018213751381 -1.42096387241203 6.71130948418336 -4.32677687185892 0.857881822261694 -4.76983676995834 2.6561204754855
"921" 2.972701952931 -2.82822032441806 2.80776922546159 -0.0700001326313087 0.85113486873895 -2.29672933045647 5.61905470127228 1.00214292923681 1.34278246958363 4.42389515430553 3.0630649411439 0.414498072675232 -0.786375839110148 -1.95494501556828 -0.201454121603868 3.64304336102454 -2.32799725133269 3.25472493799952 1.8440111477557 -2.92483667588772 2.33433990068244 4.84141973407677 1.39428465915719 -4.19481004941373 4.72231710364251 -1.27201480289487 -2.62509705235719 -3.94877175507959 -1.55248921024769 -3.76603249460248 -1.61677474659919 -7.02466494831745 -0.687470310459482 2.80154456624486 -5.47093893433316 -6.56099681157882 -0.264053324491185 4.39980320088754 -0.820927975598524 -2.05092389517879 -0.789198503786637 -1.0785578973676 -1.24644554032536 2.50059222716822 -0.75564613449469 0.0424112242170849 -2.22672747722121 3.17241595251524 2.93349561731284 1.5689875666656
"922" 3.49721660818928 -2.16742599697518 3.20081364513306 0.744508604803003 -0.648612480015116 2.12334066678308 0.22650099979542 -2.76302967367317 -0.918228631049615 1.12302918767125 1.55225757567726 -0.197606181574516 2.16520487706551 -1.29896379760055 -3.40483114056003 -3.50929877258238 1.57964131756851 -1.07421563333422 5.00105103324501 0.671669568535222 -2.80270294693007 -2.31056256721335 -3.81305915073927 0.202594752446078 2.51796892438142 -1.58529494064616 -0.198943916777075 -2.06168221694832 5.22371492713445 -2.73783510543116 0.892118176547381 -2.43007450857053 -3.67397491574529 4.56142589306461 0.24642008624799 2.40193869709625 -9.19496118514239 -0.116008989481967 2.44694329788993 -0.265606084000841 0.119060902630675 4.0187592056196 0.0826092576840283 -1.1742512212397 4.73302553147793 5.07946339183003 2.7424179417672 -0.679039590209249 -3.73289080860012 -2.07003203618417
"923" 2.30384923285239 -0.0312289540986759 1.56408281908272 -3.01130639499418 -2.04372724309278 0.341129828958565 0.515350775151194 1.36614813250636 -3.8533138815367 -2.88205256604344 -1.72428318761697 0.225761939991529 -0.848389077148193 -0.913899772994117 0.487130942849113 0.401021034537791 -1.36827832722917 0.907736401284511 -1.68957529901557 -0.876227829973816 -2.60838161470553 -0.0177163790925201 1.74046147043572 0.00122209149712928 7.06703575026361 7.98882390157731 5.73424453545188 0.212373017409682 3.50490027862706 -4.69450803043197 -3.50042323993043 -0.744652796675996 -1.18420414143018 -1.84189252873963 -1.24275011912344 5.7325241147131 -3.86360065814634 0.418408746273379 3.69949363044147 -2.25788836082205 1.73987082745581 -3.96811932298275 -2.59515914093345 -2.69208735113391 2.7938914879209 -3.50181147661855 4.52088020788942 2.03551681828402 0.73361119872344 -5.53852029450447
"924" -1.46254742859266 3.72063167873396 -1.47925946519448 -2.42043686463548 -3.59441148361287 -0.675258172719554 2.62484768650962 1.99877697554539 6.00579637517954 1.55427471597799 0.719571352384789 -3.67045558702075 -1.71676079321488 -2.70851691699969 -3.42744470729384 -2.61151141992685 -0.00845629768349151 -0.280668006089575 2.64464861472067 1.12169060201052 -6.08077393386063 0.930838210823219 1.94849545276224 2.84896972739784 -0.878856849042637 -0.0796806633235734 -3.49375015598697 -3.1222669663881 1.00151877604757 2.59820167049583 4.07427000791946 -0.802780765278976 0.501706220278242 8.09435501501655 -3.37970057972695 1.24492105387912 1.31501907889144 0.807340254752735 -2.24775377452023 3.11872007370894 -2.68837768810675 0.110366946143114 -2.17142248456555 -1.9389799747733 1.92484119630711 -2.23281873806773 -3.43469760628405 1.49310492429626 -1.91468127118056 0.931116053009538
"925" 5.40382059588042 -0.5662099394562 -0.961107793392696 -0.547277417277459 -0.0750167339126626 2.43055018363442 -1.26173196892905 0.446322463903433 -1.67128653836929 0.980528038485686 -7.86802629808653 -0.550569317967442 -5.94722284408454 -5.15022368999171 -2.58072809943335 -1.9829588446209 -5.11631898457896 -0.0909779250213777 -0.233600334455925 -4.86087569175015 0.0800597091503836 -0.952996327481416 -4.91776591322899 0.704665197761542 7.03690327986713 3.6220414452854 -2.11153010871474 -0.0817932847104383 -1.83683346827999 -3.01057802684844 -0.0318485719361831 -4.80048246989502 0.595241448270781 4.42872631504497 -0.57121438214436 2.51320469037022 -1.27621334733059 5.41034858272128 4.38848753836208 6.25761937117679 -2.94195366216194 0.262661839359061 0.851533085957085 0.574871693308392 -3.35618860370365 1.31676335973117 -5.87037276936241 -0.933330855781696 -0.0242092301431155 -0.073789580773196
"926" 1.57893895510823 1.85008219738994 -1.9055113272967 3.84149638928818 -0.588962609929272 -1.93663774799083 -1.21025947036462 4.72668594495975 0.222320480494843 -0.0950855961846174 -1.23072502037424 1.32710070045771 -0.823141333019582 -7.17747468774082 -3.32280626387339 0.320214428623207 -0.266100645366694 -2.73816373974663 -5.67876440357034 3.8658140993106 0.0889458693038426 0.745620919707034 -1.64529322823328 1.57617884079391 -1.67906375777238 3.00172538192054 -3.39505121930996 3.26457893814858 -3.23166889091499 2.87111632831089 1.0546657944706 -3.29596514457207 1.43427150465865 0.387176029369751 2.03830346987396 1.9645501181195 0.506180436580249 4.01548724564177 1.43952521814826 1.10201530346892 -2.63496345384684 -2.45442539882004 0.236153599588361 1.55844952527353 -1.3954031459207 2.15050846833306 0.144011672854187 -5.96548113682535 1.88555139195872 -0.852521541753295
"927" 3.07210212113011 -2.49091470414568 0.244423546833855 -1.38056311232463 -2.77024851883749 -0.895336776821421 1.45874837072384 -0.501339682155181 2.75800056356793 4.7816194568817 -0.219404814503053 -0.348220139586 -0.75756746388753 8.25580109243527 -3.36742389609485 0.266651598016752 -0.150066864826048 3.98096571431636 4.74652444500001 1.20925656914481 -0.17034711425165 0.552007815373269 1.57391593801497 -4.14790662686477 -1.88482079903696 3.24210538249205 1.586734168755 1.35858354437161 1.39156358227001 1.5506380904866 -3.21279858511141 2.82876776518889 -2.73004907194727 -5.36130343618164 -2.14308335651383 -3.27860949366605 0.545383991805294 -1.79886663971867 0.257643616935561 -2.29383524388396 -0.0533322470936952 1.18381633288455 0.197242152739913 1.00497007680047 -2.75270294299687 -0.700095920506282 6.17908113260024 -0.218331629994504 4.49009842662645 -0.602647374969548
"928" -3.11985423258104 5.67150716304496 1.49764713351893 4.410231523183 -3.22468957182256 -1.8400543220924 2.55098858044746 3.772657574748 -4.52057984880551 1.17175510792482 0.820761936840083 -1.48209576537717 1.10357784279021 -3.51865379300121 0.163175538319461 2.13921917395524 0.799144359463023 -1.12114583828541 -0.74156747710899 -1.43862685732589 2.05887704851091 4.30140361934736 1.19950561496138 -7.62490230226214 -2.14951962483473 0.187039967162533 1.77855664627621 -0.52529086425257 0.152888368587876 -9.57133311028263 2.2030195058938 2.53651373497096 -2.19033492058423 1.45950908227137 -1.53026427365599 -0.301482514945793 2.96172114320406 -3.72412476822578 -6.1480195811777 -3.6245552753738 1.14318023562211 -3.859473153413 3.92896205019384 -1.43296972570283 1.26151961115391 5.27816513853202 2.60984763391723 0.0141107737553794 1.98899916430086 4.84248284712164
"929" 1.62339664970352 -2.23474500019195 2.39424023760713 -2.44274595914317 -0.408104985858363 -3.1625326221196 0.0369378780205552 -0.471788544347356 -4.82676501847979 -6.35609569064703 -4.34274324261047 2.65237216883437 -0.562550960146032 3.9166123935714 2.59747277609142 -3.2303257883127 -1.18670514926136 1.98881295738353 3.11502386480657 -2.13700400284466 0.865876201702678 1.73430811542235 3.78033357314582 -0.741023838379399 -3.56566501928968 0.268333566130403 2.23968490972421 -2.80192290690441 8.81722771336694 0.196414223509302 0.965271858932809 -3.37093014470147 1.29075541535617 -6.8517203666965 -1.10002357954066 0.843124416729333 -1.14741439148525 -1.51736603416701 -7.83093496813841 -0.462117200030039 -0.579571212548719 -4.77555431534485 4.70930069704062 5.02589865584999 -8.14332952784314 -4.16624122104261 -1.75889218512829 -1.67365275549371 -0.486613168009896 -2.01214215395491
"930" -1.58481863687239 -2.61100537963997 -0.567369479993623 -0.757936993755572 -5.06120226704456 4.12335838428222 -3.2926946631251 -2.18414425284243 2.25922219004353 0.907966323816572 3.77970763932712 -5.19444763044768 1.07418834252514 5.22827051540863 4.57859322832544 -1.53397555872677 2.29543464177552 -0.543294935404053 -2.88752050945234 -2.43456856664746 2.68864323241413 -6.27105029607426 0.162119265694076 -1.95840011216723 2.35493243186409 -4.15675423091237 0.411512621536559 2.9038701120607 -0.817769892700029 -3.9230005743384 1.79146570282995 -4.16466892940372 -0.19014850951007 0.596290485449429 -0.194236894462776 -5.22704704713342 0.471214834916291 1.27955231450266 -0.399530042912354 0.336474336697333 -2.82624064561674 -5.27734019245653 1.69847008641192 -2.31051839845417 3.78901708098553 4.22825440795012 0.890391334792904 -3.90954896340621 -2.6107165458292 -2.40436052831911
"931" 0.455204583837559 7.24658547038102 -6.26873038619022 -3.42111890256042 4.32590921800925 -0.560494645166937 3.46775877273193 -1.6199122301867 -3.37714616857514 2.7184154691647 1.6877225720247 1.98600632020555 2.6923865424155 -3.46064199232392 -3.6913330839846 -2.09143555739029 0.640636269240875 -0.194171317044473 5.28838484150182 5.62001654646338 -2.47676474104543 2.6872550805979 -1.1811075143273 -3.66572092152394 0.00475136547751002 1.59867749889394 -1.54552198522464 4.10175742383955 3.74508412526207 2.99157395843282 -3.88233950613673 -0.602440302536667 -2.75539955947175 -2.73732689231569 -0.216799268605932 1.43539125872108 -0.911932532972435 -2.49427602431732 7.58474722208515 -0.362609257339082 4.21982291052324 6.88899515690802 -0.815645005702444 2.46840991714005 -1.16776913290043 0.443082695337208 0.844657158471159 -0.342534351580948 -0.916180165730718 0.660313645167512
"932" 0.565853174866958 -2.7222151654751 -0.050991223483827 -1.35501280670627 3.55471268668199 -1.04832527311706 3.07207480311915 1.34692347417148 -1.41401033076 1.37447147520866 -1.96354690808895 3.87365410837181 -0.729235609355381 -2.90888657301773 0.19586408734336 -0.41621568200179 0.114194215929979 1.91606349927751 4.7041231685628 -5.63620559940327 1.33956465022123 1.36553618261673 -4.79687556374714 1.83325120865461 -1.71343091853198 1.8253122744493 1.76662691755611 -4.77327390085236 -0.836364490468421 -0.682776429617533 -2.61415892068889 2.24729083216425 1.32333343544065 -1.96360981786674 -0.546152777801768 1.35469554276434 -0.816848270032183 -3.45029059611556 -4.26550277005552 -2.56143440480539 -3.83024203367746 -1.96886606027488 5.39880826176351 5.0042575513875 -1.25234723463472 -4.01742895788931 -0.144909214756396 -0.13883474388801 -2.12710757573203 0.283771798172576
"933" 1.78950686628895 -0.585794363769915 6.21209449723784 -4.96838922652009 1.41945812161025 -1.02497799168641 1.09917693952871 -2.21728094434495 -3.12850329543524 -1.07048097836554 -1.1463948678452 -1.16484453297919 0.715675713177087 2.43568689432538 -2.03931507969976 3.09191180634404 -2.61809084965484 3.8315691293736 -2.36043633036872 0.0832874322399238 0.69383365202396 3.1219673262108 1.34276150596008 1.14030690073446 -3.36927394414153 0.84726585959916 2.24278113268719 -1.34072639660366 -1.35434431430704 1.81898166436838 0.877729572470497 -3.13871847340473 -4.29281043106251 -3.57766760616422 -1.33859570620861 3.23479675331186 6.17638512248234 1.21545790915335 1.64241665591187 -2.64702090749404 2.12271882462392 0.436794040158522 3.81647239759509 -5.38620970700889 2.39995554343552 2.82109659644738 4.86280141011426 3.58835033961732 -2.9967882972737 2.31771567228271
"934" 2.57294411772181 0.473265227677388 -4.70045698006848 -3.5642247118956 -0.933425827260015 2.39717634799828 1.86208798476649 2.74132112618752 -4.0154385914333 0.917449235285592 -2.09223256378485 2.95258415446308 2.9418258807372 0.185170350586977 2.2313888036093 0.443445898696407 6.67521462333908 -4.97205316913486 3.4101536903697 3.87855928630857 -0.451750374521507 0.580339246621499 -2.65106278098194 1.90264423755431 0.230022725037765 2.43751498531726 -0.670995348642666 0.295061639289321 -0.0754257520344395 2.67010687113876 -0.514847626410837 1.00309435809844 4.13748356368529 3.29645283967803 0.160929649928121 0.471466068885691 -1.48935266918697 3.07377116330301 2.87447792472962 -0.717137338831686 0.891690271307969 0.0823113457697169 2.03451646014683 2.77340102234195 4.0577615964756 1.25901877603685 -5.05869753062084 -0.421931062416987 -2.10783530321745 3.35121585703174
"935" -2.07839183185818 -0.623201561145252 -0.920902776351966 -0.474445773828203 1.77179936455048 1.87012370216595 1.35085807827695 -4.91833222614853 6.66433548525977 -1.45409481460212 -1.44216931733533 -1.86580279646178 1.10455869854816 4.32288995691678 1.80743631782988 -0.918526771006404 -2.70554946032667 -0.498114992301606 -5.04600332180376 -2.41479024596638 -2.43836106217282 -4.88630845818789 -0.370266515444872 3.58446822563149 -4.19972646605664 1.05249877865815 -1.23239632056238 -0.801328609946818 -2.07065972606077 3.4567988081299 -2.56465338727798 6.71244954018916 -4.19893922635397 -2.61974643875133 -3.53788667771593 -3.27861384394868 5.37618205168033 -1.46504427909828 -2.94070255446896 1.07723258412312 -3.68397227310634 -4.13880065895711 -3.85777238766053 0.868365178019008 2.39266075432004 -3.80163458547386 3.03319503067722 1.44169693303087 -2.11425822524761 -2.49174506662517
"936" -0.0370115009692858 3.06251109214743 -1.38553550939745 -0.450836134689687 -3.7911369528119 0.0288097434501222 3.73417017107916 -2.49801401056737 1.30864523089197 4.4542595998624 2.05271163027027 -0.774654915860093 1.66311109294879 -2.78154510110287 -0.862800135560205 -4.22847371614974 -0.857299854916565 0.17934880269087 2.44743613668926 -1.944743752427 -0.393911495144715 1.8879650647572 0.870305179436456 1.63720977260046 -0.443383553065135 4.54222220278263 6.10001730479578 -0.204522189526255 0.558150237246986 -1.60134898534284 2.77322486543941 -1.09271940974719 -3.15628371639692 5.30177153195235 -3.28503238314236 -0.922594865363261 -0.91976598638982 -1.2467365730558 -2.84729536714514 -2.43746958302079 -2.82931478669947 1.53554003491157 -0.103203760917554 -1.09926131693655 2.52065303528317 -4.39265292478447 -1.7219418352623 1.62282372171669 -0.406052246247579 0.145072284226398
"937" 0.822544232540333 3.44512482779198 1.38853892820571 -2.32774047842626 -3.97767235046241 6.81269082467487 -1.78998869014839 -1.28142159661902 -0.359583019688245 2.09195931036579 -0.00808623104955862 -1.431672575301 2.74102020830211 -0.7694078901273 -1.17787715559175 -2.65054737583075 1.90156868114127 -4.51435433064047 0.794737673193158 3.14816599542822 -3.36553737304789 -2.15029869032295 -0.76224159810421 -3.95535691861311 1.95725718473345 2.82519831972415 2.0974370398359 3.26396204132376 2.57212664718947 -5.17185985917417 -0.280106931966842 -2.7113763285797 -3.49421313500851 2.13451177643815 -2.36670973842986 -2.28196990248598 -1.34020756371971 -0.000777731611601457 0.159487411811947 -9.12445998091328 0.226529011150313 -2.30430911046588 1.27704787973225 6.72289870751083 -1.42594106200804 1.78293310822102 4.67537637969373 -1.34958593367167 0.460187157901455 -1.35701297386005
"938" 0.91018803798497 2.29175812924251 -0.2474576097695 2.4986691758155 -1.75670541704921 -1.88403013791277 0.102432802379461 0.500185531751746 0.646286148560736 5.72353905410835 1.34869533986561 -3.74849997782218 2.18609918498605 -0.476904323595926 -1.0039185366177 2.99715471097779 5.27973714070222 -2.00485297302227 1.54224373087049 5.79882997383502 -0.979198313316745 -2.62388865792883 3.75277437005673 -1.25118911281815 0.189718989162271 -4.41209281426131 -0.709086184704695 4.41505666250976 -4.7519843436153 2.52705262897013 -7.96258461775946 0.107113930665606 -2.16070067185342 -5.51670063901131 1.42041916930304 -0.836599865901026 -0.329240127628071 1.79344511276848 -1.18123730166002 -4.38335916944499 2.98614754352523 1.3884294433453 -1.55799196227301 -0.748353214247027 1.10627840556471 -0.460701183917788 -5.0581016313052 0.306847077694507 1.15044740295376 -2.21292750726522
"939" 1.30202932060953 -2.3154112658397 0.0307645491594678 2.37736084906418 7.1459117389005 1.06971387825119 1.68831057036186 1.61773541393817 1.11947313810381 -2.03534442930712 -4.32185922509628 -0.337193711512452 -6.9104477469243 2.02832323744514 5.48190695056518 5.21804469161525 -2.07768990120297 -1.69429839872868 0.122850402245669 3.41766534920367 3.39981387372227 -0.586674728078925 -1.29336944976232 -2.94095758274778 -4.20208677154753 -0.890812368555199 -6.00082249261675 2.13049291295156 -2.76982164582234 5.74082996391378 -0.487779870093067 4.30894029409173 2.08409866812197 -2.46230016919237 -4.20001631193282 -2.4871219604247 0.772594217984218 -5.24439669486553 1.63260378278228 -5.97653422492781 2.06278086577123 3.78392525639763 0.859877516405232 -2.22930221039581 -0.0378514373943101 0.336650641869652 3.06805706897345 -3.56121199021734 -1.97735936981006 0.927915655872503
"940" 3.86510211790301 -0.665929111585111 0.0775005913554717 4.64460884090274 4.11078995586629 5.44963281980422 -3.98606552653155 2.22284707478022 3.54559378839568 -0.621624530164912 1.40864708601054 3.01344434732257 3.97385098599323 4.52485387282468 0.131281039393308 -0.462873368112926 -2.9188028368641 -0.116280919001113 -2.15498207346356 7.8121941640377 -0.821611212610881 -0.623389487415128 5.48249359578478 -3.60145228392712 -0.406963078206775 2.93612355473754 1.18744300157256 1.4487269617163 -3.79831319730049 -5.40110259638652 0.510448546788705 -0.57164032150082 -0.69117723094496 2.52573451513852 -0.778530703727558 0.338794795370609 5.14702410338043 -1.11119472714111 0.417894806925092 -3.57714005472597 -0.476468741750452 2.74440968967512 -1.53338152107144 -3.10513056915872 0.885102387570673 0.548575371846325 -2.94056910844859 4.02930336064778 -3.31323765813263 1.72755988758198
"941" -1.65492197630423 -2.16203185544089 0.9975215170317 0.846254232142962 -0.320571903618458 -4.20716036868233 4.88749567543995 0.872128804274068 0.0980795851744498 4.05480768035357 -0.197506797638037 1.33840053308664 -3.5149041499159 -2.86535914530329 1.91523709074193 1.69012687469116 -0.947592448741291 -1.40912775053504 0.462904321754897 1.40379764871486 -4.66671444054266 4.80863001098019 -1.21812127463882 -3.45238595738853 2.92969938584219 2.64317968450548 0.257936013029501 1.91078212027211 -0.479747294139931 1.73800717113526 2.61789047169243 -1.29614495477793 0.829329870309784 -2.16559829463514 -3.24054088556469 -2.21269863547872 0.726324780453233 2.71787489906883 7.51836650680436 -0.116359847004637 3.12652996986599 -1.31707658690571 2.02090935519893 1.51570692534038 1.32770916963863 2.81859424919433 1.8749889120027 3.1898803943127 2.16603501432602 1.25951261046079
"942" -6.40606389060169 -0.0939561269438538 3.94005553489434 -1.9267811028775 -5.63338242679813 -0.653526582129221 0.609169489714013 0.527512737776636 2.77762795540113 -3.20155391149527 3.92331436577176 0.180534471288117 0.0224119731955189 0.45916461305559 4.20218881530095 -2.71126622769412 0.438906750900961 -6.71564847683127 0.493812233524109 1.28536586533198 -1.82359403838692 -3.76729168417284 -1.39181585991469 -0.198794697777207 5.13171393362285 -0.838898468484988 0.0467286903650418 0.908841390883649 1.12169722359292 3.81018223455169 -1.73052695585162 0.626678019537011 0.560261159986046 0.62013317736277 -2.46626938767913 -0.637420387820014 -1.70418688339605 1.30783474744091 0.518593048588947 -0.622986174292164 -3.58435338118972 4.04530810932874 -0.771049176016121 -0.0610291334184884 3.86023878214652 0.72216277980454 2.62685348827386 -1.08792274329858 0.840421550048136 2.22880459495791
"943" 4.28813241804159 1.83079615320553 -0.879144832063188 -1.61839800473528 -0.228139105314335 1.17518398177028 -0.39926869017619 1.00605621780089 0.204253482493506 1.11073152836255 2.00351806358934 -0.717012254935891 -0.731998289272565 0.624004597788469 -5.45213598149339 0.516270043589998 0.706658113958517 -2.2107273423817 -1.38294014819611 -5.48672733200467 0.418081289449636 1.39754066097863 -3.07969486892597 -0.521961126691349 2.25923440442576 4.33404791243725 2.51525178353844 -2.23044562522618 -4.3833065813125 -1.16501633529906 1.38099037618009 1.77524257436935 3.96255560139813 -0.564920031413593 -4.06135613235371 3.04082496033056 0.19774693983993 -0.420444469075091 5.00302757659394 1.33120935247194 -1.14653371036307 -0.278473689760413 -0.128692042067094 -3.2733024558053 1.04798752131099 -3.28929310425393 1.57650499794595 -0.862277962173879 -2.94387706220852 -1.34281628174114
"944" 2.91113492252731 -4.98975220894261 3.09301610582197 -0.224943518950515 0.874755428929753 -3.75577799501816 0.500089026906369 3.46859886607092 -4.4542072795971 -2.80777466939253 -3.90951537910051 1.01353234460856 1.48164571580249 -0.142318921572564 2.60099521271617 -0.186565390540267 1.849702423341 -2.90971978436938 2.49944570001325 1.75666053083298 4.1202282722833 0.835193806226134 3.42510385838066 1.27723886388966 -4.52376601206542 2.46642910697864 -1.75149423431467 0.763421398027363 -5.77897812037488 -0.813386661782233 -0.10197261481763 1.53401191248232 -4.86898172594898 1.88719454522653 -3.69903454827907 1.34266356936199 3.71542989679887 -8.0491404621741 2.81317732385343 -2.10525755178417 1.86618566964564 2.9394032741359 -4.03887606141753 -6.71167354701294 -2.51794421718832 3.64483498756184 4.35739915137574 2.49209599999703 1.41906668012638 -0.734132094819398
"945" 0.67273946712735 3.03280025413816 -1.41145980619023 0.898303625931564 6.12870808372954 1.87419143179669 3.65606948174622 -5.62094299117699 -4.26058237532896 0.158162481217128 -1.56452402263561 -1.78991148580814 1.07450379408267 -3.26008220392421 -2.79632661071735 3.48386606452114 3.89225973276686 -1.36332871241317 5.98934145783934 0.751745850191258 -1.38408728028874 0.906568752600671 3.29601454951053 -0.371301671672007 1.50996781245513 2.31854549192453 0.491673980908279 -2.92539207747727 3.2296999511766 0.145474484410471 -5.46128635885087 -2.91830654911612 -4.46863610999502 0.814576249820116 -2.71836402671161 -1.96609047076116 -4.76512139382722 2.40225958779809 1.05967192623682 3.2471410140402 -2.7794435363047 -2.64617980363334 -1.85681572719998 2.57469689704394 -1.04502705029338 1.10890988385497 -2.61101294695725 -0.817348886478427 3.56856517078729 -1.14124922917902
"946" -7.60829313047561 0.815398147095735 1.11171222783423 4.97149214169755 -8.91789773175146 -0.716086829700799 2.99961531448089 -2.89639512798799 2.63013727027981 -0.568363138460163 -0.595736805879754 -4.6728845495821 -0.811428915166922 2.91724485871732 -3.01835467049333 5.49298238588286 3.81853196665377 1.60664209504965 -5.43126051374381 0.235620637396598 1.57910730108803 -4.44422454774798 0.203528095624448 7.38552307233111 -8.65041702768764 -0.979127866177334 -3.21259596199143 1.57759021385422 -0.199605797019272 3.95822645514354 0.366311423048058 -2.02918200278754 -0.42053131449901 -2.68429557483817 4.75339916703922 1.42455569320604 1.78516700337664 1.97109515555129 0.424189227620246 1.52270837204811 -2.74882843090228 -0.679784991665154 -1.49062692103262 0.299207014042414 -2.06288393920878 1.66334962216807 1.23747181356614 1.02711847728072 -2.69724197021173 -3.69422328885701
"947" 1.01092860088646 -3.18997295250354 -5.26975035748532 0.618076689831882 -4.35929431653815 -2.64890352661292 0.0169428943682344 -1.27212597408431 4.48178653045449 1.05701843487884 1.56253206241728 -2.32650846357402 2.24186931093629 0.996469576632513 -0.71076933206748 -5.29938789339841 5.28363717467746 5.69740838478107 0.0659402235463151 -5.22962015942961 -5.1521768027312 3.70675326257414 6.62423330290185 -4.0730108835869 -1.83611687051828 4.71140927392388 0.169607291397421 1.97699615040108 2.6214415888464 -1.12016933200979 -0.0510630502410606 -0.248065646565983 -3.82137083386589 -1.26496569729806 -4.06126810461341 -1.81237291380187 2.91424665905237 1.64515463713321 7.10615222875381 1.56261269016237 -2.73306049606253 3.72639024652518 -1.75531201481639 -1.72594967516391 -1.06242160919312 -3.00825733682062 3.18402659737093 -1.47783930515195 -4.33537916525333 0.772572722594504
"948" 1.47768447239496 3.0409676722137 1.12244262316603 -3.89357558589991 0.30160373461536 3.07940354979195 -3.55852374996298 0.537608372631692 0.127328809072611 -4.69138235094388 -2.93051464551544 -4.75905805209016 -3.77741717102104 5.44882518787078 -1.60338338501805 3.99877304730254 0.976678990130021 -4.96477059023953 2.58196502493249 -2.03478251423137 3.80029730893558 -0.884765570239169 2.3910083603887 -0.894721190210444 -2.61701500625659 2.06082565489617 0.821058709085427 -0.571333280217079 -4.32293412434087 -4.77449972130173 0.960373145985566 -2.26530718099783 0.477109383983747 -0.620313766998467 2.14417863797403 -2.79687405187298 -2.36581903331533 0.399451766191656 -1.76904576141272 -2.51999333064121 -1.73664663361397 0.130320881095021 0.314096843036961 -2.08598540412356 1.37593826403738 2.12299054673826 -4.03195978803719 -1.02234252968028 1.6870012406956 3.28498991917436
"949" -4.12076945729074 -0.631849964537065 2.25169189787316 -3.02782649668381 1.34968267439091 0.625888835732085 -0.80333492937574 2.03110058443528 0.389972993608322 -3.82034539517213 -2.38473819497019 0.804825237971858 -1.74849372947376 6.46556922499373 7.39592049520117 0.490483894361635 -0.53938503983939 -5.54964247492545 -0.89210954785952 5.27563618799081 8.30253802151128 -2.78472658500594 -0.17715279107458 2.05643341582182 -0.407185777952782 -1.66057530306021 2.98597001782878 -3.13464474628829 -5.31585035337749 5.19517949047977 -2.64288993188086 1.24749657240413 -3.63203408442659 -5.41492699722951 -0.861289703807947 -0.304396018953375 -0.460318236969657 -3.08233675172133 1.58188501219022 5.42944393133191 -2.63130059695023 -3.04789279020631 4.07401835136477 -2.1264516571808 3.56075281286663 2.84337394346148 -1.10182313832521 -0.708476296915394 4.8276683149891 -0.430846102135802
"950" 5.33721218363647 -0.0247024473357811 1.78329434604535 -2.66016939663646 5.6404017034963 0.630930740761764 -2.2919231659025 0.497466995363347 0.514891479749883 0.100439835108185 4.10049361517485 2.88645686863846 0.915689436659044 -0.519326498137383 -3.29548147030471 -4.65292075842127 -4.55254853379121 -5.29622114404065 3.0128514243497 -4.0096381710832 -3.49215938658576 -2.3125515759947 -0.390628310031764 -0.249298307523793 0.87080878460859 1.62156604022014 -2.21388254284221 1.76347070422123 -2.38255073889781 -5.92962940082034 1.22000164414912 1.55006001279931 -4.29749017666424 6.26746983698133 -0.0933998748728866 -1.98232466900956 5.49421591429292 0.326654925116567 -5.64388189677796 -3.43737454573393 -2.72292735543878 4.77246868513241 0.271267424411904 0.857723098569175 -1.14268915134181 -1.4472559484796 0.909959473713121 0.394171642303942 0.845832190275822 3.33501794463066
"951" -2.59021481699482 4.38720688335076 4.15737966963114 0.391261076964994 0.886591134455171 -2.92406406345055 3.91937532911519 -4.81474494850595 2.4127291719584 0.61352198941434 -5.27152920075549 -2.71640340087628 0.693778910612851 0.344109358000855 -6.00884977484794 -1.57831776477698 2.23010367387476 1.63562627297268 0.0462672623726154 1.03709040120812 -2.94907577378615 0.270049336810242 -4.60461413485168 3.7114540876155 6.48096893788595 -4.62508665907031 -1.12405739953802 0.186056578764873 -3.70034443524104 -5.01434425325687 1.47616608424557 -0.548739032797452 2.69724152283258 5.28041498737184 2.63330374780198 -0.556895847345818 -2.21610533864166 -4.38230108334683 8.1309425374996 -1.23039950461904 -0.333692335080445 4.16786045171636 0.724018429298554 3.71766190136029 -1.99312767433247 2.54276118163162 2.86968128170501 -2.06633620289909 -3.12797037173983 -1.98937640664208
"952" -8.95971402798766 -0.484062733323716 4.74033381023093 -1.33884838568455 -3.13544158896034 0.322049315197367 7.22459721918587 0.303372211552037 2.90972964258954 3.9011328658819 0.932811912646202 0.485748463091238 -3.51549160342218 -2.57371266047786 -0.188605555960254 -1.85743551469723 -0.180927055482468 -0.777754451216906 1.83901571020103 1.87514326001748 2.95736170824749 3.11404451744632 -2.61970343221098 1.61225652095179 1.0541984823772 -3.69212494344824 -1.93867585439599 0.0396996732243789 -0.28524078500189 2.49019182220876 -1.61710321653385 -4.88581826568907 -3.255140982539 -2.76205710560286 -1.0092770254189 0.268395811645932 0.749261649079213 -2.02619852680403 5.27567357647039 0.923310407741877 -1.41049167879606 3.20702840928557 -4.57546372837826 -5.5266026925028 -4.59938524333765 0.41387209700938 2.31344321073415 -0.899871871953243 -2.18293976062806 -3.11827602270047
"953" 2.58093173100877 0.722621870118451 -0.900094954276976 1.87284616688096 4.14457489417316 2.95383787367879 3.6974998760681 1.86722214137314 -0.0135502475951958 0.0126579069236936 -0.847804224433884 1.22524357580321 -5.85741727729229 -0.344261894805806 3.31562783261135 -0.909424316378035 -1.90805303671381 -1.93555772885748 -1.93165346519977 3.14857029550245 3.11101468020261 1.13894881750423 -0.641420327623439 -3.29752698544882 -0.463628433092906 -1.38533160709883 -1.50779215021442 -1.94272224994916 0.720858783893103 2.35479872582073 5.12647539771275 1.92164997223952 -4.36078368224241 -3.5005446427771 -2.40150574644196 -3.10847552479208 -4.53282886004267 2.27466232242858 -5.59614543026053 -0.999280788276789 7.76217010293564 -1.2489852136951 0.966982437935907 -2.80799569128682 1.0655825373252 -5.17936470029442 -12.9857173220731 -2.42727149986781 4.01804987377436 1.9512752904582
"954" -0.330733371881178 3.04096921945359 -2.88305090411704 5.35345143427879 -2.07694740161771 2.89901516167049 -0.19494449809857 0.966392542651693 -1.13701926844331 4.30639475278041 1.80846760202865 -6.03719832612045 -0.87953434062665 -1.91675301089607 -0.904938559590141 -1.53536196229605 1.57579750262469 7.58663544201538 -2.2870181552167 1.20409364235339 -0.949584148973531 4.31007784009582 1.29505003179277 -4.59806871573821 -1.14566023065861 0.295102881002414 -1.27945883624989 3.25086003128592 1.43242716199441 -0.776821168020866 0.94521812679191 0.818250080381566 3.57935213166887 6.3146219997758 1.10025434035973 2.50689043713784 0.000919200399139528 -3.25863850899449 -0.693204565550021 -2.88278390800825 -2.48466126090011 4.53192004628815 4.59452874486833 2.89379086787281 2.30112667198379 -1.09748205569256 1.88389872715468 3.85538636200356 1.32966989336701 -2.66084501664739
"955" -2.19890658623159 0.750881505828005 3.76335576152016 1.27203538348443 4.19075905647442 -0.938132807380982 3.06758771368714 0.459898351709446 -0.215202647091544 -3.80474755531154 -2.47130322250346 2.39410679175492 1.21543934769641 5.64049064962704 -2.16931039369934 0.509252713647843 -0.0911195597572493 -4.50570884453213 -0.874631387533062 7.75015006709579 3.68916355183125 0.733858659274178 -1.45069796154345 0.0891401226717327 -6.49933845477735 1.17186420112452 1.04043470492653 1.59998976113023 -1.70658702134481 -0.681220764654622 -0.261699305875552 0.699457629206983 -5.97828619811019 -2.65884952774363 -0.231909116060669 2.10659383696973 0.109716905763613 -4.37359118025306 -1.21475108537971 -1.28577013847931 -2.37678219243829 5.12047885297897 -0.573667927244577 0.220703457017409 -0.465642498194297 0.0779872801641351 9.77777607278032 1.54790762953138 -0.048581062050666 -0.434523512202587
"956" 2.94719636837301 -0.723056165269857 2.53922364084709 6.0762680382254 4.33055470350394 2.18753145281093 6.94625060266175 -3.37994270372875 -2.59734872250794 0.0921931817965164 -3.84803800997557 -3.13006908004385 0.127150613012792 -1.98679066036997 -2.08551638472985 1.61036963970464 1.18871778226215 2.98557988411196 -5.87032910885727 0.476286699567532 -4.41357928679562 -2.99880011798804 -5.44690159139919 -0.899777487225572 3.67964309164237 -3.03667945111871 -5.21707033156733 -0.092369981244311 1.28797009202109 5.05879380795099 -1.44234027160971 -2.56303510208594 3.21607166537013 3.49655026081929 -4.80267290789666 5.07744669964536 -2.85958754395389 0.644230473448304 2.79836002412295 -2.12512591817386 -4.5050111973486 3.76402405548578 3.82369831480071 -2.17898034066866 -2.08810017578938 -0.843491850633396 2.72036640602378 3.18303102358541 0.407754432080202 3.90275157952623
"957" 3.20401639288375 -2.59345634579812 -2.6885140527168 3.00155533860688 -0.946015739256726 1.6340165510493 -2.5151826115523 0.233323278922381 4.77261129819017 4.64652807249647 6.1090264290007 0.388105791934046 3.00854167603963 -1.90117766316465 -2.98525392046646 1.76092437826838 0.552933466982989 1.13797243149786 3.02891387694021 3.94787229575426 -0.644032005702404 -2.23825499136193 1.9898843537838 -3.73949414661994 -3.61526600701102 -1.04552444472977 -0.862037850357578 0.532894393165469 0.964325853835104 0.927002401735369 -3.55469188741774 2.26404759358917 -5.10613746060661 -1.65288148036971 1.14733613499801 -4.62196445386296 1.96913123012804 1.85968600372716 -2.05211680759839 8.29502237451185 -4.77413027650305 -0.812148621462842 -0.413975077723174 2.43309279882373 1.43616013976489 -0.630144315175063 -1.93165163011632 1.05924455904421 0.138975019182185 -6.23398374204426
"958" 3.66341880099368 -1.53638716699175 -3.13099338123969 0.973103783586057 1.76637356321534 0.140639454335651 5.57613054085575 -1.22315830988056 2.29124652903101 -1.99929822055691 -3.89375436327621 1.14907130402678 -2.46294315104474 3.97220980707226 -1.33634396481436 0.87377904028899 -1.1013263937053 1.16593975286289 -5.59431843725049 4.00791746928522 -2.29672411607251 -1.03491474664802 2.1325178435407 2.61946015971419 -0.221260885106392 -0.0395642814106502 3.35052570356164 0.315854689549576 0.766844398396748 -1.70063666551486 1.72199001976162 1.25091716939691 -6.06662526872183 -2.88799562021203 -3.20420054054514 -0.422965068907769 2.45013381077938 -3.62202275260791 -1.46985506771497 4.46997454391559 -3.12733727728374 -0.369354031801753 -2.30290514853186 -4.60684165375961 -0.0762724048634479 -0.411940790163917 -3.12583732845108 0.616198121609558 -1.23307554402245 0.18436879245633
"959" 5.34460797520055 -0.351817283822478 3.13217638907028 -0.789705158176841 1.71250321805017 -0.123371730080946 4.6777234347074 -2.73221861234851 -3.67362453770389 -3.31964039924493 6.6796612132638 -1.04624993724057 2.56894832541419 0.329840060603499 -6.53518001207997 3.54368084439949 -0.712107939874439 -2.39970563132332 1.04382447535521 -2.07456021405119 3.009669216852 7.36635701545934 -0.249697632909785 2.24592349480312 -1.29406467947722 0.262355803504849 -3.79332800102793 -0.0365265915161459 -4.13110559548509 -6.11388787465585 -5.48643120209125 -0.529390730908306 -0.0413531114563716 -2.71715900237383 1.77248151594564 1.66812606334043 0.344237666271118 1.90545183547889 -3.56501648422194 -6.67689873614786 2.76845361283498 5.61280265436685 2.92537119514813 -0.776491854527912 0.689387091073488 1.35167200475806 -3.05153135343304 0.0404852704728423 -3.64778476451242 -6.02334301987333
"960" 4.02585108859747 -1.48086585006234 -3.98474187092239 3.13303416512607 3.14682850692066 3.21865634793978 -2.97836488397117 -2.87337024373108 -2.51768539630613 -3.22238617712834 -0.690510168646757 1.79056319652585 0.178142917768722 -2.31518009877533 3.067388776232 -0.780954305993592 -1.97187467807515 -0.561029187027242 -0.295412431006158 -1.81104229860463 1.43537953605794 -1.86706603714681 -4.35540324185092 -2.23900680627606 0.205644148767535 -1.70132942528834 -6.46499652857029 1.30308098170096 -0.341084792515558 -1.77515313600368 -2.87082910358412 3.10814127137786 1.97869001067657 0.836858728828794 1.51056739734598 1.95698963213058 2.53950994603557 1.6785694025856 -4.6977996825287 -2.9669832884832 -2.80522261805726 -0.328234821765644 2.7541214533561 0.286685574483603 2.24605129679007 -6.69788369493343 3.3494723302286 -5.43900123310045 2.95161823001795 2.61522015028854
"961" -4.4735022053988 -2.19667975617378 1.83997180737925 1.97111032253888 4.56109283242166 0.203043827476254 -1.880232784777 0.219637254152914 -0.798619958442178 -1.61788012883829 -1.13746169998558 2.26842247689118 4.58861393798545 -5.74054210312672 -2.75238964749017 -2.34515292576541 -2.38465891892178 -1.90151406315959 -0.749061857187821 3.42780412825996 -1.27535976137773 4.9075922247042 3.45303777718549 2.34059514973239 -0.389079414539178 0.785737225018911 0.10917695707274 -1.10457128200215 -4.10993962471288 -0.651206477221717 0.0805216141382114 -0.99205136980393 3.84521647829505 1.24179238931616 9.44081727992799 1.60758393415452 0.175042975487067 -0.64594503176776 0.958893896357853 -0.194241126174403 7.10091527987419 4.9928413750837 1.01875349662249 1.54717917677309 -3.28316438740791 1.27507876707101 -0.631777997961995 1.43809477005896 -0.197838830220133 -1.75868962669118
"962" -0.369097579601005 3.38945785817942 2.05926369887594 4.30283216382693 4.53143111711405 1.8756994048164 -1.18446584298818 0.132942083362436 -1.47093932390767 -1.74178488928133 3.57710248053678 -2.66465470132582 -3.14414810040749 -3.29511524472598 1.28388408997041 -2.14950403110482 -2.48204307407788 1.1894180133368 2.08085937968086 0.321839559181718 0.68210020691893 2.88539762143792 -0.354051948350195 -3.24991546273397 -2.46806772841788 3.23146837766353 1.60928001962023 -2.69231495730655 0.972068481189357 4.64015788764801 -0.0911047490367104 5.29588240270864 -4.11660156700828 -0.223719321741873 -2.84567071036654 -4.91601657237719 -0.420593883222662 -2.84397938177074 -4.21867850815628 2.1593004469954 -0.350684846598066 0.957135271821233 -0.862454236869241 -2.34853091378883 2.77529917459794 1.89500166567343 3.69482533371112 1.27796437292042 2.9483942141321 -0.406992276033503
"963" -2.01538929938557 5.37185383501968 -3.9047711552798 4.05543076410261 4.57436507323167 -5.6159591154221 4.74348982439851 -5.40705170764901 -0.490470805097177 1.99362762962515 -1.67950116027897 -3.12016595989956 -2.20901607760023 -2.74853843865818 -3.63774091899069 1.92341480096498 -0.546102841325691 4.77247663138916 -4.32027931233449 -2.05842798654524 1.83421558934551 -0.694280912502907 -2.63090430164439 -4.24821412359577 -1.96240430983856 -4.0663187979538 -2.49735797362067 -1.62352306849252 -2.4262024644935 3.91677742212694 -2.02170818916385 -1.42701656745125 -2.52964285919745 -2.41748950601331 -1.39234767178885 2.8423781187395 2.96136591645898 2.1556535655841 1.23330178120931 0.61357571735502 0.661319373707144 1.69163504281974 3.96843175351847 -5.59537892501005 2.94458548111954 -0.0960484432967686 -0.773527376072286 -1.36596328741351 -1.90948059289067 3.50215612211281
"964" -3.05438093309936 3.47544034973254 -5.81549594257164 5.06599969227879 6.41113092642648 -1.9568054691705 -0.0972407375784539 0.935948780973341 4.36502959671677 5.68013994575438 1.14313451824189 -4.44536631183407 0.422012372040446 -3.8720424266619 -1.25213424648318 -3.1156194010816 -1.48148663824051 -0.474965581711673 1.64907074308575 -1.03726334681261 1.82234985089661 0.24896258675835 0.757359510772547 4.76749166830113 -1.52949539823755 -1.22465391988059 3.77492910110009 1.82569263413564 -0.742313960154686 -5.975459177422 1.2229014912299 -1.56419581660573 0.458577239882712 -1.19161811442123 5.48361036883206 3.85504845768525 -1.2534468000891 0.515575715795013 0.116448413707093 -0.0875763633547543 3.03790810443393 -4.37833268708084 1.04921393257056 -1.78670380416308 4.05977978144882 0.507204886163082 3.05310241495309 -0.994381323370426 2.18009093600641 -1.95938476571669
"965" -0.420984485992491 -0.46825516111132 -2.17400822023741 4.64560296992411 4.59227305268681 3.33126309923001 0.266810296663581 -2.31939144310809 -0.624674470929082 -5.05551447905905 0.32179042578824 0.28258931611043 -2.94769145824848 1.7218215338323 -1.50924440413322 3.92108960074132 6.574626925991 -3.9352884630109 0.778402367320137 -2.41955839698706 3.11689924313892 4.4273459743854 5.24855252319441 6.85867514659555 -4.30994591545969 0.527149486423855 7.08414518698103 0.969847316161138 -5.67598103389247 0.383565797730705 2.34363905774867 0.0781575629866886 3.90199873304062 -2.79143284347022 3.97895524409376 -2.88306901482912 -1.69312735561966 -3.17304630996249 -2.0731300065007 -1.10264474091877 -4.52257032827657 -0.146666909474362 2.97603228577614 2.7489113753556 1.21569744606849 -5.41980029688145 -4.55145024988818 -5.8962527294065 -4.36345531596558 -4.26331988852452
"966" 4.85002779688108 -2.9058695555577 -0.0201716903420492 -2.46913276466919 -0.296275264361106 -4.35874845667549 -1.25570702272988 9.48915490964686 -0.763234593995011 -1.67365267532339 -6.12881456421411 3.1221596648298 -4.24477250679609 2.3451048327007 3.16612747999474 -1.14666286751887 1.61266126254837 -4.11093099985382 1.09529171039485 -0.82641089496916 3.73137582913595 -3.96475939020387 -1.65735149472911 -3.42034054297448 4.92030098915088 4.07909094845748 0.76434417539718 3.25554692836228 -0.183942461047507 0.491809069186525 1.72119617280469 3.82516979166344 2.93324235595196 6.95700623379665 1.16890542824375 -4.23405225750687 -3.84498471066103 -0.0533675503497769 1.05379272018994 3.04486573764723 -0.189851470761842 1.76067937897807 6.12124969618641 1.16979124819409 1.87190487998045 6.00884345536448 -3.4042164217488 3.83755429752002 -1.01951681310347 6.19409862591971
"967" 2.70401817882468 3.32433408777668 -4.75153592685215 2.29510552802094 0.964265949670153 -1.15653738244235 -2.37200488390047 -3.99804246367514 0.965980314845559 4.467134733571 -2.52722638114631 -4.98810300431158 -4.32308239862633 -2.53627798348359 -5.62475712402821 3.16574811386418 1.34184695211486 8.69419274851489 -0.736732786785351 -0.871782180085914 -2.23588562256512 2.15942127374417 0.00850906333616407 -1.98982921168869 -1.59174068321664 -4.9589521943646 0.4230557894594 1.52485734008022 0.427187848257496 3.13944873536807 -4.55018064239866 -2.17026151405866 -4.96819516339361 -2.96742401025645 1.33238347286497 3.36609373436417 2.26666160685663 1.38043485883893 -0.798609871812034 0.049076926304299 -1.78389984734398 1.93451419188954 0.0616774580997786 -0.605826874610586 -3.6798305872759 3.69557603070631 0.220590529749463 0.614492893031062 1.88185798088879 2.74793533266656
"968" 0.958367909671448 0.773070414272025 3.07319991606329 1.0855491561226 3.32085261639084 -8.41514492920418 -0.0647796518627319 1.00497619507366 -5.68726866850723 -3.57288021603101 -0.301532850595775 0.579747855771423 2.33824243085085 1.09827647021414 -2.81076483192421 6.67397820880893 1.99868007444737 0.040934785927835 1.30140478594527 -4.68495165671437 3.19976809854316 1.48931561837087 -1.30155761840919 1.15737908334011 -4.98403009888496 -2.27332667695521 1.9947785344862 0.488638899922746 -2.98890790772665 -4.70859765231039 -3.34377033533266 -0.573017143400955 -0.737595908912388 2.07985751428419 3.59288461582964 -0.799005783556667 0.89409487299544 1.07527776735203 -1.79344321603621 -2.36148376143545 2.75863159646105 6.58081547815903 5.47799706832904 2.91943625926728 3.18558068924998 1.51877391608744 -5.7381072653284 0.187156231822988 0.20041581284916 3.29330666450109
"969" -0.888035884251169 -8.66166767539702 2.17297203935684 3.92332272039192 0.306117202188919 1.72268973870149 -0.385962574642556 3.43162583121316 -1.53375371011894 0.719059201827989 -0.05606260538747 -0.676758747975909 2.54740864057572 3.52969987544372 6.16397906034603 -0.52953859593436 2.99880292938952 0.377833678690529 4.31938690621741 0.622262487188451 2.50341541675264 -5.14088251397997 2.56670066404214 -0.0994090407892255 0.940190465414097 -0.997308567883526 -4.44077734841983 -0.882528094912077 2.62173245558668 0.740271011348482 -2.49875414758364 -2.12172644209933 0.463569722596218 -3.38478107347906 0.825782478855524 -3.45226394211236 -4.00127387849885 4.26136052507815 0.873200420440501 0.710335266131189 -0.76038477866161 -0.973466816967564 0.0781861661451029 2.19288077484254 -2.82328587605824 5.10038215844831 0.152576852114949 -0.0522547426126193 -1.35289271136218 0.574734943262937
"970" -1.98739586519629 -3.43625428989655 0.992224123890361 0.272246612506097 1.83694274241225 -0.639909344445868 -1.62710432167254 0.556117899365019 6.34237485711013 -4.33126378194344 0.247787985924776 3.28339538498241 -1.57757318908255 4.23259040313888 7.21845131587932 -1.37465965238703 0.0565831729216709 -3.83334431762343 -4.49972615899988 1.83582792735276 2.32537990318925 -1.05165640693069 -3.07727544843805 -0.240535475796768 2.0834164754128 -3.96078776237926 2.65713258095233 4.30542631734573 -6.69709159451448 -0.313095214618749 1.74155963173233 -1.49215257514396 5.49694924698263 4.60117797219495 2.45473602979139 -1.87881860015713 -0.508355483669927 -1.19549985043047 3.06788888110285 0.30590240964197 1.45651773609944 3.84675073611516 0.940385380247873 -2.33053900136396 0.419060175521188 6.60140454617964 -2.81863036141364 2.72036054327562 2.4702393221376 1.00062515381003
"971" 0.684454901131455 1.46981884897261 -0.542222915170968 -0.727972750867063 -0.962814200783254 -0.32045120168006 -1.3354098191659 1.2077407020344 -0.755809595238958 -3.13968364428216 -1.73943219944907 -3.63847220609076 -4.07498373255451 5.11877238950393 3.76255638231341 -1.50104541423781 0.00480394693980274 5.34246037016151 -4.18812608548328 1.22081091990902 6.07793331395173 2.8745441226427 0.948136714388814 -2.15017579027226 -3.77542680873955 -2.4140091962263 1.41749473363907 1.47489037004115 2.90506571044494 4.68513618262719 -2.3878809780731 3.86962657639966 1.31636982685457 -1.92296094226409 7.02413125499069 -1.22701982596967 -6.45893736442541 4.22217832123304 -3.2435345793421 1.60168193383667 4.33740068389148 2.90801085410707 -4.41897768354733 0.478260567380007 1.08614384279942 0.986263955266608 -1.0141942517011 -0.740586679797616 4.49665914033118 3.12334353898431
"972" -0.996743278219604 5.13145325603843 -5.4386067928551 3.4773817881064 0.426118151606514 3.31128774347326 -5.77094553759732 -0.872550770919351 1.81601433146391 3.51860929116213 -1.74119802216058 -0.743389236237999 -2.49451159622666 -4.49626008527559 -4.35237719742161 -0.603396825563396 4.24311324404225 1.86716714204342 5.06819259328152 2.20907791203188 -3.34616972155136 3.02996759764185 -2.01130888793419 4.20389825428463 -2.80036396540147 -1.40538385033564 -6.52715766027496 1.86320709238616 5.57695814960521 2.10774072544692 3.05597212141297 0.172372276943428 5.30109462174369 3.23976435368864 -1.49767900819629 4.4939052406823 4.86544833048229 -1.87720299699744 -3.38477861273304 -1.28755291472393 7.02286640851134 -2.3053025358527 0.619815549350877 -3.91521281147702 0.267616008382405 0.591383983420287 0.32752797954316 2.73461864875504 3.31582065409363 2.15463651043201
"973" -1.07185555360867 -4.38846902979874 -1.87446870856536 -0.0475441354894495 0.943534280509645 -2.82530486158386 -1.56836522745772 3.83067827376728 1.83470695280225 2.8527722881303 -0.12201280736598 1.91794879131313 1.99678874260453 -2.46078785930062 -0.707729727318597 0.140366919709775 -0.605824312474313 -2.7729611314457 -0.836542593705577 3.74899940585141 1.15807963023531 -2.49864035652058 -6.6261473538846 -0.629796056449091 3.26194298912577 -2.85533882849257 0.711614208288602 -1.24644487096382 -1.13749663972304 5.1995533500641 -1.61078814504113 -1.12928735446144 0.832742736707268 -1.63237410455033 -0.363288158918423 1.57062442408129 -0.0143273450719237 4.72195534169438 3.68606449851028 2.61822507590681 -0.549728628563315 -2.12133254209569 -1.63277388087197 1.59211819120147 -1.69697572409034 1.13139865071399 3.82833229494178 -3.56980651122473 1.05673822133728 1.09589786454372
"974" 2.27492417651686 1.60726747051837 2.42577468593686 0.20691694765374 0.23301143949338 3.44711231307647 -4.04738511002441 -5.98888162443479 -2.60567778704934 -2.27851656010255 1.09323780252648 -1.82979661343467 -0.604826311873386 3.69290994238532 -5.98088987916632 3.00911314046747 -8.168097588148 0.443689076530191 -2.24201796173336 0.301999371899291 3.21319931034013 2.55970638790326 0.165656714081868 1.81591625385908 1.87648733029875 4.91138725505493 5.93303536443985 -1.63094990107814 -2.7817115882858 2.3934546081585 2.15338665199863 -2.73366575053145 -2.76477830000848 -0.312799696876098 0.547325811116815 3.11859119835687 -3.68027593295983 3.73919263141166 7.98929282862197 4.16767771930243 -4.27018127383586 -2.6524694980634 -2.16632774114973 1.93899076798463 -2.35776787301848 -2.05364540903439 -1.51831020766238 -0.907771922977553 -2.24951686814539 -3.19945296653121
"975" -2.35032027426824 -2.96404796549062 9.35508019375066 4.68403888188147 -9.57926223307902 -5.33801880828291 2.23851714871634 2.19273583751608 2.80401861726666 -1.99025390631067 1.90291019800283 -2.39960197393893 -2.65902593069225 0.581257758328882 0.480079940472745 -0.432361252594706 3.34422719081351 5.55225334884866 3.8187177961045 -4.12205837316591 -4.07055522297998 0.490455922829726 -0.678653272508374 -4.17992806908739 0.0430635027132168 -2.97678796838503 1.48020833746837 -0.395335323731778 -1.86358803173579 -2.8029813704254 -4.41225476417744 4.16904530324405 -4.22349336723751 -0.109969120071949 0.903974187686857 -3.77665471255285 5.3409225517298 -0.265301976309009 1.75041715316312 -0.462011988665294 0.57332579481969 1.69896490009441 1.32238790879918 4.48176234123789 -1.72676847954805 0.581484091398534 -3.82877496871841 0.26249726737992 -5.82355481764432 -0.153987792566261
"976" 2.82243471003826 2.25192596919449 0.319491868015471 3.62316723654638 9.34679656817949 -2.71861713020468 3.47977066942224 -2.40853031005183 -1.50456890895322 -1.79003825174034 2.73368571380351 1.96627125674308 -1.82469627245428 0.164499454989 3.13906804624557 -0.751672323900871 -3.48410980208362 -1.313342294601 3.50834568028694 -2.39864817502849 -0.778073580722529 -2.61484481929393 1.92373136664052 -0.0402570527201385 -0.387274957746474 4.00661208029363 1.69354627860068 3.97608576031003 3.79843263447616 -3.12979461728716 -3.45777460047377 1.85006812341971 -2.42363271771752 3.33078110944778 7.56036851647946 1.0046219709665 -3.87384377304541 2.78400923802748 -0.634571036941294 4.68916564117398 -5.09354429520393 3.48864169952954 4.41019878439783 2.859821037654 -0.947938374775382 -1.65924440614137 2.06417620189493 0.0319997309861723 5.20269027851317 -1.26030579314409
"977" 2.20922071245665 0.342447497865829 -5.94440673267852 0.120729484343947 4.93363153370764 -2.35555080251946 4.86481060882368 0.2887531738202 -0.976940165616961 -2.3556760638051 3.00102000743883 -2.96354519983303 4.89257434736169 -1.5462534172787 1.56307537245943 -3.60879439176122 4.15267082991605 -3.75411017456333 2.4738349212704 -2.14638458753159 1.11106248929524 0.86367983501719 0.234660408381902 1.78301686709714 -2.72300479894878 -0.155915155261366 -2.7806184358263 3.31083372029681 -2.99067990871725 -3.91929104787179 0.349302064842109 -0.930062898029029 2.30263009665052 2.64173053626694 1.8422177837092 0.694647127305554 -0.333736072387124 1.32059046426779 -2.36963840337158 -7.65456277213343 -2.01645448279887 5.99711349780462 4.22008661895993 -3.79185650455647 2.5200702804811 -3.10508467669607 2.54456224143731 3.16110600845584 -1.89052520221958 2.44597414269344
"978" 0.934281303246597 -4.61999904327881 -0.735681444388354 1.42172782605989 1.4465593496371 0.963371170856552 -0.802476933529705 3.8651103653757 8.94427036125147 1.21773145195879 0.367209487100585 -4.52739931501928 0.0832189862184931 1.84081517884635 -1.48591889341706 -0.588905507601619 1.70465585398745 0.0233341172036166 -2.01429251109731 0.46195113055228 -3.88700912649661 -3.63114064136172 -2.7166366251535 1.3851841365363 2.96524964244044 -4.13252862293028 -3.43114726552607 -0.68235084249615 1.70898798304727 -1.20671376063585 5.37929997712488 1.42708664749587 3.33072914107701 2.02255023643832 3.30798153946453 -6.01092873572232 -4.78936740940023 1.51435761394395 0.382902290846227 -0.764753885451845 2.79476316426806 5.56510999980676 7.12385689155871 4.85160482440639 5.90911079394845 0.977244273861305 1.65091612728005 -0.584816717014344 1.91701876724718 0.143229756002991
"979" 0.601134339057034 -3.36811082086903 -1.27264537648165 0.75115424746895 0.924456603078046 3.57421846243315 2.15857929907556 1.21709457839607 0.888359177289612 4.69129842721062 0.171122422874137 -0.156692848306987 4.64501897306858 -5.40907793009088 0.0187468206824427 -3.36796904326556 2.27584717570131 -3.54041419383595 0.299338092770592 0.768795554415891 -2.0742514347487 -1.13306880294698 0.00413252203114435 3.39674060082409 -3.70819414114584 4.5712542910481 2.68109857545328 -1.44891120586302 -1.80658784140014 -0.0584718233787385 1.15907589443065 -0.878001884368346 -1.07726609290523 2.16529439900219 6.25128232554564 5.78133837968733 -3.1122276439623 -3.28274978139286 -1.32968724112703 -0.696064778011851 1.41524559430089 1.31569179592022 -2.57439952874858 -5.0533523539788 -7.41230733240948 0.0525510349934023 -0.476983219923555 -4.63947730507886 -0.688395401830055 3.98991496794891
"980" -0.570202749255181 2.23758247567592 0.801254143624063 -0.558383131487655 0.12527934076056 1.31700802245949 3.23104746752224 1.22982689302952 1.60731039670041 0.641891990273357 1.85695164066927 -3.81940432847402 -4.29522230749608 0.27880572783482 0.273614338378615 3.05254050873652 -0.217160046429014 -0.898093566464759 -4.71348058772586 3.05750480507456 4.38289251587924 -0.389175827475866 -4.1417650445716 -5.10526520663811 -3.60054892205064 -0.29330744053568 -0.197568318008617 1.55012594285761 -0.795652664028747 -1.26938584835927 -1.41122433051571 1.65128293152367 -2.31478171368731 -1.23208871771233 2.39298989906263 -1.02093194670021 -3.65104764921275 -0.0110464610999412 -2.32303468932026 2.42495376484419 -3.26477809306816 -1.26588390412719 -2.40634351881426 -5.94137914495366 3.86043157990034 -0.923078644482915 3.7655449546587 -0.470020645360087 3.65940760104647 -0.569179872639316
"981" 1.79150013698612 -0.410667408444391 0.621571064334805 4.69316526555561 5.153751036271 -1.30133168914755 0.371969751290577 1.10956724146055 -1.06875529051524 -0.190544128194425 3.12949287812472 -2.04398178856251 -4.68768039093965 -1.88098667570754 1.807311858245 2.29011811083409 3.37777659846293 0.875308672301531 5.80365754186256 -2.10149537875227 -4.07268664099363 6.77350091800527 -2.51378938452468 -2.87902733819165 2.36627311868577 -0.423304194829337 -2.04104680372057 0.87749250718366 1.3170171563936 -1.08692865133582 0.319100763883987 1.17596345154036 5.22041690655239 4.02897881296413 -1.88097170273051 2.70278985052746 -1.55456660928225 -2.61537185084607 0.96165233613965 -2.53085267106289 -0.342725830496453 -0.346230891392847 1.5234671182764 -4.65021164210212 -2.08055796911737 1.20345372143104 0.0743662874817917 3.01089829527207 -0.317196237259825 0.792909836713728
"982" -1.91502361869361 0.0678144789034115 -2.6859383400611 3.26708013873898 -1.03520173720304 -0.188690941833946 -5.22604803089795 -5.30447429203106 3.99885010128389 7.60865415938446 -0.860611398672027 0.442569070090245 2.23877698374022 0.861497950083747 -5.36523474244902 1.86848630992864 -3.75567862716793 1.7243503553808 -3.41635090923911 0.594911942934099 -6.08882800683454 -4.44221236015222 -2.58015462647851 -1.99172401057411 1.06673122137254 1.55782674423313 4.07859509217726 1.48741629809558 -0.833253690907133 4.70775285785023 1.7171572423495 1.28901859565708 1.29473552290583 1.65654383758757 1.69078586918965 0.913692586366648 -4.27850247700845 0.610639444129412 -1.75468513639314 1.16441783165561 -3.68941431410888 2.87824489121918 3.963102187893 -0.732946092038662 1.90537014718312 -3.40275111289693 -0.953187894217192 -1.49557632729485 0.699281709822353 -0.88357379150446
"983" 3.60381493132594 -2.08680263472428 5.64301343495818 -0.240681411425006 -0.497249428884928 1.01914584108101 1.8282575962855 1.20415013934648 2.33037737801061 -3.93756758726266 -3.8951988343178 -0.392334812690258 -3.11864801851579 0.507984706334045 -5.1237892590218 4.14066843477547 0.000789770805904984 -3.14971890745402 -5.17229120373315 4.58852038774903 0.306454089093662 0.886748152788805 -1.50018829721036 -0.226297677137825 2.21593167139513 -3.56583614839428 -0.687687040808411 -0.00627419525906386 -1.97178173729365 -2.56691352257226 2.08880545723121 -0.166060391641998 0.748891714859355 -3.96581867159669 0.00613224464951232 3.2357329575419 5.80699533927569 1.84507566363479 -4.87939902013956 -2.36246273974169 -0.697540294116365 -3.74471702963401 2.76534813613513 0.24406124522153 -2.75243743470076 -6.2266336999856 0.689490027855254 -2.11508637521236 -3.50101295806152 -4.64641922739734
"984" 1.79059844680962 -0.015157367923737 -7.00837137122441 -2.36581490074537 0.416720565013111 1.34297103068262 -0.459388650361367 -0.424574493684089 -0.841248056936029 1.46534579643367 -2.92431023954108 -2.94521002636602 1.69875579749883 3.64770914510115 2.36814531301124 -4.17914720743282 -1.89251497674498 2.23062232852144 3.33838579795808 -0.419315084796789 3.76545921526355 0.0876038416358976 1.01999238637323 3.83451163119633 -2.03350836835282 -1.37436021762817 -1.98955910774681 -3.03085968462282 0.970688588828508 0.218801033308384 1.41728631469746 -3.79926226533122 -2.93702852021595 -2.53087722271115 -1.15133469034957 0.906068634844949 -4.11229350852811 1.92209973397873 -1.70593558971968 -0.66415363929242 0.627787989211972 1.19578053234715 2.69194607303791 -4.85262928476426 2.54721846951538 1.55741662733879 4.05323532443903 1.08346462936697 5.90454521099914 4.2779507462793
"985" 0.782839519033845 2.13893838105516 -0.332491196990265 0.242134506049425 -7.2918995965917 0.624248227188273 0.638995557898937 -3.66437015200141 -0.33307605568403 5.39354996242993 0.703791044538147 -2.08165509361566 1.91657660079291 5.47688342165518 0.637165977846095 -1.24011279149445 5.37112287203184 3.61227503978215 2.17673142191523 1.9148645428465 -0.0776005857113237 3.34964398500999 -5.35927217736738 -3.62340140435602 -1.0958129766159 -4.87978195473128 4.03282924061376 2.67670434319902 0.0445214919393217 -0.018864853342152 1.88805165483369 1.96224672264968 -1.60016706273722 0.333577836131514 2.80624219773932 0.686729128857928 -2.02126632057482 -2.68259551853999 2.449523685193 -2.27310091729657 5.41142413380457 7.28846388702338 -0.52634074438866 -0.864015671835441 -0.075445773781969 3.06849346175395 2.43092799131649 -2.58671659675319 -1.30013618242234 -0.245543462630608
"986" 4.25066129529337 -1.303048178285 0.154638601179568 -0.269399683369314 -1.09677688829342 -0.191618201700313 1.90676545086953 -2.81376146118358 -0.243176219166106 -2.27000849472764 -5.30117518483326 -0.891328553610707 1.40449145475649 2.09861527384965 -4.40453712117182 1.10986319535871 -0.582939294763315 3.8331137846203 0.848825422248975 1.39514020217319 2.65044274913383 1.73992639386162 6.898054776361 2.7110861739752 -3.25700531549487 2.6514541501297 2.40961322016102 -6.19009258265738 2.75003783780117 -0.676175997176388 -0.37520088130526 1.6524212239041 -1.9057801703675 -7.82992055817768 0.754148069994209 1.11155334357399 -0.22419495307976 -4.10832976894908 -1.88271998941274 3.56110751234262 4.33459053052871 -0.486345424914331 -0.0353522283479532 -3.74492323506218 2.22648966243763 1.42453519827614 0.187840623593179 -3.53587666958322 -0.498904404212722 1.3015336409821
"987" -0.241669500184245 0.342845221123209 -2.81180281897806 -2.70194803477639 2.8520455343771 1.17467653597571 -3.04200984733587 -2.34073545561259 1.86333671432609 2.44419940408415 2.80232778110715 -4.60571882799697 3.89650911368382 1.3028862701081 1.60806418362877 -1.54755032536367 -1.51068953245492 0.100721551075332 1.98971213945346 0.140401415848909 1.4758050653162 0.0999385801484283 5.03560636819342 -0.744177666241792 0.54560167256761 -2.23982443976826 -5.44231424384868 0.967965790942105 1.10875276010133 2.91421652943465 1.80759657313407 -0.336170084680678 7.60873233152151 1.87039004007447 -2.21783661753014 1.21017459114893 -0.126338758883375 -6.16159146883567 2.30489944362989 1.23731659380691 1.95978419413566 0.732676508411071 4.02670757116756 -5.62398386518275 0.52269761098317 2.20802829428385 -1.25180699466982 0.147916803239072 6.43941905122601 -1.11582999960032
"988" 1.39350586119428 1.28722065741293 -0.287842300510175 -3.83279699153306 -0.744591895746013 1.36887460955796 -0.316587953773672 -4.93300738957662 -0.0414786456728935 -0.717279732502662 1.3438318866215 -4.10530850182753 4.54094430719422 7.54648833644621 0.586962062396785 4.86489332957624 0.478608635688883 -1.50226212281194 -3.33149315312234 -1.61616076609613 0.103533787327966 -0.203977865191905 2.93365238079919 1.20560969321327 -0.363248925615987 0.295501472584848 1.65641738117337 4.25366480138795 1.99138130352658 -3.66148984776305 1.59732722459304 -2.36777676743937 2.45189535602848 2.54192534395177 -1.10977315806282 0.628743573386479 -1.75014760990174 0.891478727049475 -0.492154107035881 1.82123200549922 -3.56318338794797 -0.496514256753912 -0.65730855944155 -1.97534239662838 0.408897851629136 -4.43171740168161 0.654627287094401 -1.18892122646401 2.79137257677272 -3.1625869743267
"989" 9.34389482313741 2.5084855883284 -1.96671253963567 0.0128320394160954 -1.88824370420763 -0.473469395919768 -0.865277224107625 0.386092412034055 -1.07540874554123 -2.66762239345712 -0.558484327984414 0.415925146852369 -3.84434796660679 2.08329095595044 0.372418153220197 -2.30910968599907 -1.30033642907352 3.72457276798143 -2.31487944539196 2.37061199058824 1.5229328725312 4.05199973399255 3.78026729017728 -1.53338347987349 -1.74599420353658 -2.1548952978526 3.47318507274737 0.105328578174574 -0.180825717252961 -1.91708553707995 5.96168901025029 -5.04669507672844 1.05720617008081 -0.591025335624165 2.86190903659042 -0.117364093887927 0.0783226928884906 -4.12074554662129 1.18502811134181 -2.43876179313165 5.81688124706881 -3.95112306854807 2.16908446431265 1.6587928056749 -1.05061439828589 1.88999195411245 0.406951797598633 2.25965332284872 0.450857597906283 -5.54929883815665
"990" -5.21343890781125 0.81362946062008 1.72001807117588 -3.64922956611607 -5.03625036334444 -5.80365485636189 2.95850036894144 -0.148631290732053 2.64690612558004 -1.44599777070113 0.74752779561805 0.525005422510685 1.88341621475248 3.79872184199153 2.04295930915305 -3.55884014544621 0.826748298855325 3.37784460767296 -0.2507855461432 -2.73233372092426 1.78455083348391 2.23753771220191 1.64854968958692 5.08170376364558 1.47209488184029 -4.96994632528115 -0.23688975728242 -3.44628823565438 2.16361929340636 2.05982290018964 2.42190816931654 -5.40401159569424 6.32899027250134 -1.91524433791501 2.07053533205381 4.15537174952273 -6.79127285758416 4.4394902499608 -2.00386151918061 1.39838262656913 -2.12274327330044 -0.414048891648914 2.32509065448742 -1.21418493870706 -2.21051757697972 -1.75989120401887 -2.49549451078877 -4.85165449930594 -0.697497813851273 3.24444679841644
"991" -2.79951868056908 -3.19681360320065 4.28556469441957 4.66191688136125 -4.1773472332161 -3.55466093103452 -1.06593899968661 3.8347369118831 2.32371025214912 1.76090520263102 0.199099922716895 -0.440357670541786 -0.145708388364174 1.4993059936783 0.907758353194967 2.13237937588601 0.472043346255429 -0.103110136175966 1.30777604610413 0.665536184564002 2.60146213279331 -2.81889877960757 -0.203136243228554 2.75505721377654 -1.02652503809199 -1.14510125390687 -3.80517323261643 1.51564810454557 -0.177351779179706 -1.85411989473802 3.43061094505339 -1.36870589644176 6.20782240111945 5.70662153709049 1.13179992758596 -0.18183617166702 -1.48728541776891 -0.406643607372051 3.80886469452149 6.19202426316543 -3.32144359835355 -2.76718445539381 -4.88304054498949 -0.48640493009328 -1.83065026287023 -1.14760781205018 -5.68109760869873 1.28127203345348 -1.26809249929827 -0.976205654881949
"992" 0.447436643415743 -4.39602467746706 -0.769925465459927 1.93446229156472 -3.49446432824806 -3.15075509069267 -2.56512053731958 0.86504562101469 0.80635840728759 -3.25248296008552 0.558638652129039 1.86360450582165 3.01925277014467 2.36498939695198 -2.62688039522794 -1.77144850633769 -0.218780278022399 1.47679205399593 -0.48346345176367 2.79033564975006 0.815939864075431 -3.20131655196062 -2.07160753598495 0.710003714465131 3.12767898523517 0.358670691823559 -2.75349710662796 -0.758847905474161 -1.89839720482327 6.34114910672282 -1.3569094772206 -1.97368966229289 -2.58131425301669 -3.43201520564881 -4.40133043094905 -3.95565311023932 -1.3355108757053 0.525980210530421 2.63614354630854 -2.07560630316783 2.56766183223683 1.86874011345151 2.82445167590431 -4.23519230839811 4.67673717634896 -3.29324144598753 -3.29836093364518 -2.34609237738001 6.31196827007371 0.0686434748297186
"993" 0.372131806103438 0.870288703851582 -4.46162628986671 1.6960522943087 3.53635645810008 2.11089829040493 3.26019188609954 -3.25063223788616 -4.12297332822145 1.38754452583151 -1.53205375241536 2.92830151287569 -2.20174723328417 -0.178421036069525 3.43507563657559 -2.36500550764614 4.44654754083969 -2.15963784650151 3.43386249350442 5.07226415540956 -1.15915196156566 -7.47768488792393 -1.22954238471155 -2.86115545476357 1.76673328026774 1.56057463270025 2.57400026549222 -1.51353883893674 8.48218453571972 1.35892883923366 -0.18519249639906 -0.530819382662333 0.538674605433379 -4.03303554697136 -2.39816669819651 -0.209787332326553 -3.9061416731257 -4.58319685337875 -3.12097557196442 -4.35670554975453 0.479633522640881 2.49284235503111 -0.201232714235666 -2.71493025979791 0.98314990806783 1.21687452043047 4.12098804705516 4.39612012371022 2.43662794879246 -4.24471938394153
"994" -1.26892668766191 -0.310320514039496 4.24543278175764 -0.704954917179649 -3.31023994180099 -2.07377813856681 -1.3308753659631 -1.05873837706524 1.11744682650002 5.64468672083322 2.17587100714365 -1.66200545753279 4.47372363133045 -0.393314512142184 -5.75338025672469 -2.23783565666337 -4.13272952576415 3.34145540410171 -0.0788326565238027 0.376793715975478 -3.19610817456444 -1.224790866686 3.64934391725728 -4.13835223686172 3.89562197184107 5.26653125788325 5.69646638820094 0.471629141286591 -0.478019076919772 -5.45166938893728 -1.30981632246169 0.687438670601288 -5.50738961853264 1.49518343074802 2.59417651923026 -1.86211836447411 -0.443751575892139 0.775571066873384 -2.35548036984654 2.93394850233919 -3.30089105912121 -4.23902053800386 3.166760108066 -2.70955625806394 0.343752823752087 1.48254126361806 -6.92656594310234 0.213393572575819 0.255411976279832 3.96774541745126
"995" 0.745308435673498 0.278502242884663 -0.959713726806017 -4.0008788548326 -5.09519671386806 -1.62161017144201 -2.95088592684322 0.770778269665029 2.89347726828492 1.57490077933771 3.59404263575926 -1.26028621124102 -2.4351691662116 0.957829712204043 -1.10795614979551 1.25792472594457 -2.36411645781721 -2.7546497014207 -3.16556569242694 0.00112636747971717 4.48986603696976 2.72512991841915 0.575626123768813 4.13510549089922 0.603363978961607 -4.57242846847357 -1.45623915853265 3.66355267854861 4.21170592179405 -3.93991459908469 4.95460670787842 5.17384514285682 7.70302317518868 -8.03662797928848 1.51008543560045 -3.85225158785202 -0.949719976130042 -3.58530174925997 -4.49184321649088 0.497498816085257 1.08347243859297 -3.76248918491186 2.04920597525725 2.26034123962299 3.28009791718568 -5.02883477201012 0.38981910921026 2.77738258029561 -0.562823355930655 -5.99958462699333
"996" 2.85606225604878 2.76850957036128 -2.78195094615649 -3.36076574753755 4.30612736726127 5.50557534456492 -5.41281202700902 -0.7674876593026 -1.17998993968928 3.49261941747745 -5.09841798419831 0.384184803211908 -1.76702723822254 1.40417605916813 -0.38470957558006 -3.24675379557289 0.579122951709834 2.1459195636418 -0.974437255870666 0.657473440628583 0.669756494828665 -6.7971513785839 1.6452225651015 -0.820428403398409 2.61600127371699 -3.12563492624243 3.26162910729903 -0.777962150970336 1.27869598444294 2.36314625314982 -3.86708113592646 -1.15413378969498 -0.00681684007829703 -1.34906100101163 3.19915715694519 2.88202885982921 -1.76768328848269 4.36123994215409 -3.46448926089461 3.37197530877705 -2.85125026109221 2.04030014233625 -7.0043882839261 -2.8640045921383 2.81290863986436 1.88093842004121 3.97354708907887 -3.06535726858768 -2.31328570011086 -6.01776547255113
"997" -5.32098164429592 0.978620660302484 0.845030658775984 -2.34193350628366 -3.75686619532062 -4.37659332323757 -3.34106387844122 -3.01611262656647 1.12653166493885 -0.426011834603967 -2.80626585972042 -5.88211273015581 3.14631509638035 0.201512841692131 -2.89732160430474 -2.0282333426153 0.249010283603203 5.13712099941472 0.89856658248281 3.13114134290034 -0.0898346282568313 -0.954733761875094 -1.01318743983826 -2.97029064964607 2.61941508104617 0.787332874802617 -4.38499813446547 3.7070750231459 4.63464138980606 4.73235358274395 -7.30806583643912 -3.50359704822665 -0.978509887176367 1.25420947044019 -7.10929933382522 -0.391353842774817 0.636706493470175 1.62283149180938 0.174634097242532 0.152956422180929 -3.62731277601322 0.553325548704408 -3.13016676075058 -5.78757190622836 1.2969908802955 0.291070757862224 3.04944313323044 -2.07256140879635 1.9136463679104 1.16603052763518
"998" 1.98586355385229 -4.65147536117858 -6.44757776430135 -6.09821752426796 -4.33986792909325 0.323469731209384 0.118223788694236 -4.33590393574866 -0.484137881004301 -2.39121883409053 -3.7804070134856 -1.2451770134446 5.72405793299478 2.65394509698583 3.08978471854697 -0.711399384678471 1.26933049878779 0.407585818368834 -4.46084182974796 -0.0977455878158525 1.63973638166263 2.87419025942304 0.251940870431324 0.413143788039402 -0.965179831570536 -5.42164521402399 -4.11235218229528 0.229262202624902 -4.37025558464127 1.7248535912179 1.09318971984421 2.83590700969507 4.88977142117626 -3.29417797772992 3.59969908879905 -4.70502323724847 0.542925227758834 2.41906964459428 2.49138058375607 2.6611513670591 -0.0140490668907479 -0.252936220522758 0.388370340185509 -0.417256497182591 5.13356751606353 -1.47850696499934 0.471579075943827 2.61099882950353 -0.791239863220935 -6.37478164261754
"999" 3.34476688826402 -1.85277996630319 -1.11878299280276 -5.9753639760044 0.817434836816766 3.98289527501463 1.12169361506521 5.85801497659999 0.0940152529325851 4.81316796701195 1.25660365410042 0.781392995688573 1.95672472657207 2.39873838090633 -1.21101880449602 4.69789081038164 1.51908979111173 -1.37660562424463 -3.52030774573372 6.04762949358617 0.20448213014368 -1.12819148709234 -4.3852337528559 0.163164319380207 0.185695450749098 -7.75015207236386 0.83158360796929 1.68871053029787 -5.62115099930853 0.670987558346073 3.13749149877892 3.16433088885593 3.1324189239963 0.458659715733033 6.50520010464985 -0.262313800428627 4.85118627476293 -6.07042020154805 0.154013951328479 1.21327154666854 0.196255997877102 0.783606898574411 3.16412234883266 -0.443960298519095 1.63478776844476 1.57426389964691 0.611500139554828 1.68036921028138 2.43452155562723 1.01124963808038
"1000" 6.02861457598291 -3.21159359535201 2.79291474009335 -4.92014717051361 -1.53863042160993 -3.66248445652997 -1.14311280159972 1.90626146991445 -3.61305774607526 -6.17186879879634 -8.36311036368861 0.0308131927863517 1.48800880135698 -3.0349301433814 -0.62454448519726 0.814711188862996 -0.53665291094542 -1.36903269769787 -1.1816862943203 1.57028559907867 5.34255314623125 -0.449091059381374 -0.345689448014612 3.79889163361037 2.00819492222927 -0.567145472032111 -3.1139977486859 -2.53021887957238 0.271704878737731 1.97157427963284 -3.79542924249173 -3.91089063539157 -2.79276721882068 -3.38862136889279 -3.90226545969908 -4.1442372951828 1.54296321834664 0.712854829948983 -0.763853672344291 -1.66668176479525 1.93011714038342 -2.42912178082882 -5.51057789002962 -0.0590960815452243 -0.70104744352101 -0.383667000994693 3.88249222161804 -0.367013027958294 -0.357019834269844 0.48341920178847
