"V1" "V2" "V3" "V4" "V5" "V6" "V7" "V8" "V9" "V10" "V11" "V12" "V13" "V14" "V15" "V16" "V17" "V18" "V19" "V20" "V21" "V22" "V23" "V24" "V25" "V26" "V27" "V28" "V29" "V30" "V31" "V32" "V33" "V34" "V35" "V36" "V37" "V38" "V39" "V40" "V41" "V42" "V43" "V44" "V45" "V46" "V47" "V48" "V49" "V50"
"1" 0.478786534782709 3.53181679057651 0.617840164471968 -2.04914853539624 4.72057816772826 3.6458502674846 3.99096727379538 -1.2419894921824 0.286891385195756 -1.14112155603499 2.82478382540161 0.763742207967483 -3.49010986628225 0.983547373828117 1.03607561021392 -3.18614621569322 0.802320310737751 -0.763557611324111 3.04569572742053 2.38600801876069 -3.49742032071788 2.7351281243275 0.33642066214693 4.71608920064424 -0.10510822671021 -4.52978305419098 -2.52963377141758 -1.26259579406396 1.13446977457208 3.82657780727743 4.96198977003936 0.135328926983952 2.00035275465864 -1.66231214530547 -2.37286848914224 3.11171382143419 1.17204913794416 -1.11876873394312 -0.668237356091011 -1.19000454361692 1.40095283259151 -3.44052264423816 0.593678679472438 -4.56422884711038 1.43551559964304 -0.498171593194796 -2.1219214484102 -3.06342294091904 1.16699022559299 -2.55745833235472
"2" 1.02443117071524 0.0946173761007137 3.68370337400777 -4.11996492486369 4.01018844115803 -0.261881211393553 2.29953444036622 6.44672986706028 2.62947172800231 -2.31485644226446 -4.73678006657234 1.53944876288572 1.28181127021479 6.69311408144363 4.06014257809451 -1.15564865021342 -0.243451388781245 -4.22074424511579 2.6147260439784 0.427833690896138 -0.698148547687981 -4.85205269503304 -1.21182223317152 -1.06698013507944 0.671173618720766 2.08219149618162 5.33062987616986 0.941438885880995 -2.10547921857221 -5.9416279179407 -1.94377095957502 3.35880248798192 -2.65522191177374 0.035247660829978 2.3165756635619 1.88127120344839 4.81344266370461 -4.03090822517109 0.677024151284895 5.9896156821821 2.60445783742689 -2.80976212637745 -4.62176328937435 -7.53943302817949 -2.02773777374709 5.55693478252511 -0.318986723526881 -4.2069247294969 -0.894412793462926 2.13580739620492
"3" -3.71465857253255 1.77402750573766 3.67512090354975 -2.72607652307942 1.95839932568744 -3.59616665734996 3.7468232695792 2.28216109448757 -2.43144556555551 1.82752606469385 2.90921375889597 2.03692279280124 -5.07229108679425 1.13909956020897 3.41011515045553 0.589540804544356 -2.51332209203307 0.279274424080011 1.19923489404582 -0.72902325491257 6.97812954789898 0.888843701323681 -0.88141226940933 -2.12622273083111 -1.07084990270048 -5.48194518718779 1.11852987248171 -3.88963414792685 -2.91045958881127 -2.65774677475002 0.852791919333063 -1.55298183442794 -0.258647203552139 0.108495549491179 5.12389356400096 3.78669911238271 -0.923144237022497 3.636376773824 4.11315338582752 1.3039180427724 1.91613701672062 5.24970980372495 2.16923537184488 -3.74374631789181 5.04154185427729 0.884970817689733 -3.44222842307919 0.082424508550296 0.493103242611054 3.83224609107411
"4" 0.878182613103101 -2.65906519731782 0.077858660872547 3.35684843172926 -0.68413782546321 -3.36279900297479 -3.98296012722346 3.03198461271806 1.29919860549136 -8.74936926379234 -0.420109999722887 -1.42180537000372 -1.14567598912775 -1.67541192600837 -0.472788309730088 0.410260838627126 0.64197757411662 1.93889742051308 0.562071086844598 -0.647601115840989 -1.31079991448376 0.946199693990003 -0.674439373697187 -0.962562477238471 1.28838186049252 3.49692277409668 -0.934216954785495 -4.62739642757612 2.17860017054599 0.847016041688525 1.98069528009551 -4.20824894549235 5.01851317886807 3.29799485957679 -2.94816212556354 -2.49638325849476 -0.177447055863099 -4.58121786846743 3.12130218580846 -0.590679491883733 0.947370650660062 1.55419094533977 4.8348896627279 3.55920168765748 0.542544864037504 2.55610118059217 -2.8684328570664 -1.48928636409551 1.87307026865363 5.92478061069533
"5" -6.21745706919994 -3.22558171480224 0.175589893968442 1.95793635612283 -3.41731184967876 5.7210005123976 -1.91997350637907 -4.79726139896222 -1.93557256402339 1.63246670737512 4.70297215034066 0.316081352875632 0.43159228593812 1.75490502118928 1.40840410538128 5.00008794509915 -1.6096305525613 1.22451201474231 -3.21947215610744 0.857165234207547 2.88468600960223 1.83729460509321 -4.45601536234254 -5.15075400623067 1.74151685994935 -0.557370591799458 -1.23222532776792 -0.118705730338478 -3.13597540662884 2.1328888955962 -3.35064170664128 1.64105365699398 -0.491218171073645 -1.28970310154027 -0.802378314090581 0.44662138518031 -3.61143034809687 3.76091265002563 2.50201513106672 -1.429256021662 -4.19117207941647 -0.558848975812025 0.0862240231075381 2.11880483207111 1.72053816549009 0.552823894373113 -0.656784375674978 1.44669560946771 0.0841381788998348 -3.58819893519814
"6" 0.52097447954785 -5.30243193395465 0.691913896730243 0.772441410864464 -3.10665262170955 -0.544217357818851 1.68255689995689 0.627433131740309 -1.81898323502422 0.70211379484181 -0.570482509228156 3.92258664480874 1.01369253603335 2.24444174692991 -0.488012324846695 2.66843831892975 -1.30867308301134 -1.83904391670769 -2.12047589227934 -1.54596848642227 -3.0205047980193 -2.73535277801208 0.803862426569848 3.58122149669877 -3.56288159329564 0.770866602591588 -4.20854302708446 2.5873437316169 1.21564643026238 -1.36878728593985 9.60734856506438 -2.76662052447963 -1.23749575932128 0.969794854882069 -0.713976839421949 0.435905093279482 -4.01943258471188 0.580099670526405 4.27967453833128 0.895492067558261 -3.14332106338772 -0.553344613911075 -2.9890161340326 -1.87431109642296 0.403645971136508 1.4840746614101 2.89873506947848 -3.1007854848043 -1.80612788999089 -5.21929653519573
"7" 0.516420612431571 -4.45344200606588 0.548621168277824 0.337583680037679 -7.12212201782804 -1.61890014360439 -1.8328745711457 -4.66321575123197 0.517308638111709 2.19628680442853 1.81080416097692 -3.54254456771141 1.50691901366839 10.3686369047523 -0.861388194375194 4.48421838360564 1.97255979880782 0.520027654240299 -7.12410301960805 -2.06663878931175 7.82939721127028 -2.29449829245997 -0.336402317332018 -1.17430945732816 -3.93570616407685 2.3485416758061 3.81854884380839 2.57927007260929 0.0380857377175549 -3.00640156742198 -1.92202112101905 0.974966160704053 1.4324970216004 -2.78148280202955 -0.951215561794099 2.70557997797535 2.25643418200941 1.56763152616841 -3.09517522897125 -0.508180092233162 0.0622303378257016 -4.77454815147586 0.939921185953324 -1.77796358793054 2.00055341819915 -1.55005771331025 -4.34986426757339 -1.59862847517992 -2.24250330941971 -1.18420673036733
"8" -2.58346120402187 -3.60910856386749 6.80691330812025 -0.378755846707041 -1.62885552281082 -9.75143126038563 2.70753215557943 4.57633468655122 -1.90712337498824 -2.38224598981162 -0.686972348272456 6.10775299494124 1.79675381870386 -1.92287981431403 -2.61414120628476 -5.2536895645913 -1.14278466414762 -3.61742175670145 -0.56870051353454 1.17222702065059 4.48448319177614 0.679546741460385 -1.19892682949131 -0.0479832095188276 -1.76424662456582 3.18116981671358 2.11050044752532 0.398959392457777 0.983273581787068 3.10237394957905 -1.08619210720165 5.163189632867 0.628153177838331 -1.34185499277169 2.5970904528146 1.96885920958868 0.0832079810831305 0.00330207816405515 0.225661089798481 4.72235402698468 -2.87455790031116 -1.84627467289403 1.99042259005525 3.5922279871849 -0.396966913003283 1.06998366761417 1.67524866910559 0.806211328021361 -0.620035143469346 -5.94946232675578
"9" 3.20357627185029 0.0940460957491898 -2.45110417136098 -2.55908501983583 0.767264021293794 0.453440714940064 -6.32098416328831 -2.19755066990248 -2.26886679348693 2.81691047269973 -1.83690405177473 -1.92159736330299 1.41325910920474 -2.08341232960045 -1.99550437664314 6.90120332246445 -1.95788457877444 1.19230923999153 -2.76459468889836 -0.353671022848876 3.96931684713281 0.764083221244074 -0.27826454463199 -2.51846035154744 1.89432634150699 -2.5650643146126 -1.52076469763497 1.95123002644658 -1.21164118188949 0.431664793307762 -5.86951663800299 3.60453053705479 0.448385032449673 -2.79407823304839 1.92031083734955 -3.56128301749171 4.34215079109087 0.265853649336115 -0.250884419369496 4.76845617201535 -3.0959109321309 1.34326648899647 -5.13883878394074 -0.220294995678271 -2.05648509497249 1.60418405802865 1.113332843971 -3.6072866741533 -2.47892985715341 -5.43065916467259
"10" 1.09242636804241 2.34526654005034 -0.208659372793732 3.04920190870359 0.151915681542524 4.60281532969988 -4.96103689152033 -1.94216454766333 -2.46878813846012 1.60105207967519 0.785475948912668 2.2108413349763 0.94217593087476 -4.41923598859 -4.18911232000119 4.18052318655976 -6.05791444979298 -2.25156601978751 -1.82330078071592 2.67483912667517 0.388857574962658 1.46068982142364 -4.56702245670869 -3.72783001482425 5.3873208080446 3.04183445562881 -2.42725835794701 -0.220299265214692 -1.56486540293207 1.53787383980585 -1.47819635151304 3.9718384983959 -0.590076092136675 1.54983704360937 -1.59341508685631 -1.23128233810591 -2.32605946761197 0.871333120976556 -0.413336466443725 0.320300621570904 1.71853669233601 4.4059596368979 -1.95946587759451 -2.01687639084265 1.73344734287868 -2.02902957262349 0.839750555503748 2.23855522946157 3.09504748158353 -2.28278784892742
"11" -1.63388248868694 0.150982899401188 -1.16026770744963 -2.83458813103872 -0.763336163511951 -5.66335578227677 2.17462818330148 3.91784714590062 2.8105351110063 0.904509860087027 1.97569953656236 -6.33884197462234 -2.54831590147839 -0.404343402160197 0.101251168354717 1.15101038745497 -0.31737109349522 -1.14096409220542 -1.44277257949326 -6.05852516479816 -1.65837610289636 -0.271875981743559 1.77446335833485 -8.08932576692608 0.395410896753466 0.865890547115198 3.18167352501432 0.114066040606799 1.8988694951972 1.61816650794668 -0.128020914731076 5.36258870004732 1.03144522636516 2.32580190573942 -3.28719110000574 -0.925558314493358 4.05450012939928 1.60561359113273 -4.067924031982 3.13099265208675 -2.63748211100936 -1.61653312626338 -5.20063253755613 -2.56168338686234 2.66322172008912 -0.302008514220435 -2.4781589532538 -1.62284991249355 -3.99026635304118 0.587857747899735
"12" -0.981094157924652 -5.44878528321766 6.00268632835419 5.47610071700873 -1.70012056466398 5.40471605017087 -2.30304417547773 -1.44351358966407 1.46935266208115 -1.86428788933568 1.48041819736247 0.472074062534189 -2.21881991009496 4.81239041208419 1.39009105767311 0.501842181616503 -0.0576205022684479 1.03341197132848 -2.33243327921491 1.83261720440774 2.25704899653776 -0.154133887316355 -4.92790789907783 -5.13664318616619 2.6729852034495 -0.0579577915232358 -1.37554751409527 -0.390784661831613 7.54388207220587 -0.556623069176834 -0.823126544247477 -2.18089165121618 1.10081380309361 -2.01735305638625 -2.45720280701939 2.76065087023237 -5.36517063158595 -1.13574382997354 2.05862801758489 -3.46526907028013 0.153155242808356 0.300712447580744 7.31577873856 5.37192183180325 1.49295519404849 -3.4698764612683 0.614064901711163 0.288087803649505 1.58000357981364 -2.49578273277662
"13" 0.975524101763287 0.379403126965181 -0.299447863943173 -4.1283424739044 -3.13040200217127 3.42904550735519 -3.47879695796589 -2.72750493021729 -1.35266822497936 -2.0400354174013 -2.38185196385425 -3.85342585267347 0.468782957653714 4.0012604717372 1.77058402067359 -1.52383336000895 -2.19890275595929 2.1923369996186 -3.59795468854918 -5.97144306051496 5.76902150012324 -3.48193690206681 -1.74265108707586 -1.26867106123134 2.61603657005665 -3.32615512055306 -7.10103200917788 -1.02941679307804 0.552505191012159 -0.535812020368648 -5.25168169342352 -0.915401431574209 2.07325699414468 0.960307829525691 0.459268128065192 0.473575849414966 0.324239689068115 3.99281657848045 0.866589561955325 -2.16775723372529 4.13361149184835 -0.514508394664657 -1.64746978651036 0.271832915379477 1.69413227356929 1.13734080514162 1.56539216064069 1.0113599558774 1.08337801358493 -3.2150565250288
"14" 3.3537823921297 3.07838824487075 4.11769612922313 6.10726746538291 3.6160624061798 4.11436460461023 0.131331075794238 -8.94838072933658 -5.65116664812426 -4.47100673349503 1.91223756165363 -1.06705294164161 -3.95363131177499 7.75535918567676 1.66562094899903 3.09199375805206 -2.75113674042939 2.21284740071255 -1.58853251563294 1.07680106164818 4.6797086286655 -0.320169892765974 1.50575325196847 0.384504882114412 1.70776998130127 -6.01382323826238 1.58949773978285 4.39792981757772 3.84110674573687 -2.84111255928537 2.49675025435702 -8.86057766186741 0.416335243071657 0.483596248592711 1.38058525958988 1.13388827908681 -1.18214141916908 -4.26186020305168 -1.95404299331058 0.0134353890789132 -1.76738207517614 2.59814688953945 2.00492094598525 0.211472682200853 2.06494972788459 2.91829134075127 0.782596795076544 0.715228030547715 2.41212829297125 -1.27684932952338
"15" 2.25694938819554 2.58011874604083 -2.81132033571188 -1.25951519925731 0.348969166590804 7.74505574186367 -1.3871673685565 -4.58403462770966 -5.7289291598373 -1.47734154736361 -1.58060803231386 -4.31285354500361 -1.71981761167881 0.8656909776789 1.66229937662425 3.26456218058862 3.37039421355828 -3.48837578721519 1.22672044959781 0.815720393625662 3.23783025968065 0.467406440831517 -1.73424079383781 -1.16921297097726 -0.739253570912013 -1.63977583783017 -5.62174611174535 2.10010148065691 0.975422985323639 -0.0392638615381207 0.201754312145518 2.72418409925005 -0.756650868912658 -6.3379964290487 -0.959143532139614 -4.47051396906124 0.990539939177866 1.60395480838601 -0.181579761500263 4.08200755521528 -1.61746505609629 -1.55401447409802 3.0513794697197 -2.68617646701797 0.0357175502692377 1.54817916930771 4.86511653924813 -4.82056941110579 3.13145597986344 3.17531501447269
"16" -5.21154406741105 -1.47915768975715 5.96026766678421 -4.72337103256389 0.398778177168604 3.09370814566676 -2.20824488557852 1.98253947586897 5.4419435712309 -4.15098737344759 -3.23874738590442 -0.269380061791236 -2.83269598922593 3.15018428117056 -3.64064159560646 2.03526744794337 2.35130232401958 2.34546485535806 -6.03390136955522 1.9266367885602 -2.42631686604961 0.628825500178469 -0.920720717170607 2.28086433904426 3.11766051555871 -2.88694726114448 1.71692323191731 -3.82703379882021 0.128577982858449 3.75708173466739 4.40868753874439 -1.64911112265215 3.97648029419037 2.68548413390612 -3.09608971077871 0.865487783764821 -0.788013564049541 2.11492116298316 0.2138912030251 -1.34917669528761 -0.597882821606171 -1.12526564463618 -0.261977791800208 -0.342039493399332 2.64686261598221 -4.65237321476443 -0.390674557396434 -4.40704383976481 -4.09210855775394 -1.86016306381774
"17" 0.00449634067799112 1.12572376502961 -4.42968356588709 3.65474632052534 2.48058421114786 1.12354805630434 1.76041801276423 -1.68759900158615 0.909638291771412 2.01016965193712 3.56350987677093 -1.10181905511259 -5.10392278735367 -1.94492933632796 3.00797145156315 -1.79612225805996 0.365178181086712 5.11307488608733 -1.87982765076934 -2.41577764495037 -4.25443759872283 7.91522527946747 7.19265071501933 0.944174239186848 1.15048261472622 -2.16000251766809 3.1385083995962 1.64480967397795 -5.69400491179226 2.93359832396004 2.32792715430734 1.61549917241942 1.82680215603454 2.33154069277267 -0.567167153358378 -2.22098844345993 1.04887566525853 -4.67802169555828 -0.407930606079335 -4.157456846607 1.27037506574879 4.37714973524075 -1.73155980807165 1.2485458362222 -3.23645961417029 3.37913992230815 -0.742135507793708 -0.963693689676572 -1.59220242758445 1.15868343737
"18" -3.80705583070006 2.75020982949851 -5.64714536977397 -1.78717107311812 1.53943675938534 -2.37421961215301 0.462735578299786 0.167974693027433 2.6844518858743 -4.68601659952475 -0.720583062220166 0.406322486487424 -4.53676117472202 -2.85138779595162 3.87564945428286 -1.67952474606063 2.81700402272179 -2.22573016695625 -2.97986997189309 -3.94186204374505 1.48153633330674 3.80543446801825 1.07568915980309 -1.27852192284327 0.321842372497671 -0.77377145326681 -1.22800702641206 2.45244472859958 -1.31760720954691 -0.924489872643838 0.671564038282894 2.44323686303767 1.10871736811175 3.55494545003073 -0.00528959125121044 -1.53089652410117 2.17666445631759 1.4328851722235 2.84039948341179 3.5267963265645 1.99442582897785 -1.44761009928353 -3.62105603621084 3.26851341018274 0.34188468592792 1.02360918068971 -2.89691280770978 0.227277940162008 -1.82506644240659 -2.38123509848669
"19" 0.958832428418498 -0.918550849519678 -1.56046465126789 1.51710030246207 -0.204925144893968 -1.99049634793388 -3.88086609572753 -1.29971215316756 2.51698509512437 1.27199310435375 3.3890759244781 0.771032234699849 -0.676745925166246 1.25534436388922 -4.01944426578232 1.78721084124494 -0.438195241490003 -1.07291072765054 0.167148491475901 -0.300769595614044 6.5339046988773 1.51764693139505 -3.04608822471361 0.646759420542955 -4.15142123257245 4.50841831669062 -2.12437991286176 -0.982752428717504 -1.75449486941734 0.150007802508529 0.389730281267673 2.68883476342286 -1.76385312386069 0.511263734673351 -2.04423281097026 -8.24387808424285 -3.8529704026577 2.53722093230367 2.12195170536344 1.62355918097417 -1.26151781833814 0.892227532149874 0.39132094127803 7.10012897591991 1.55396416448264 -1.44621511645146 -0.0768251019339384 0.323072056463715 2.75395431332997 -4.72846671092901
"20" 2.12287147202948 0.842841318342984 -1.96378600990392 -6.53406517714335 -2.84068124580384 0.610518843963755 0.571439740384681 1.12209228909327 2.03278295778612 -1.38163141670045 -5.80946814859268 -2.34219389018926 -2.82975714399906 1.33225638094224 -3.98085867711054 4.31343244674719 0.657187078943779 0.519476393954075 -3.28196127332138 3.14616113684361 1.12555111869876 -1.16282269549993 -0.150223260046833 -1.80622609834697 3.34797600032502 1.21974247648436 -2.99134006289762 0.928166944436062 -3.07050137651787 0.325709512050501 -4.88255448743728 3.37100123570972 1.57998238064819 3.90675525795816 0.663213580571297 0.249550402053413 1.56229967838008 -3.35916463840235 1.57927064013787 -0.762674435156748 -1.77903249902773 1.22075936876292 -0.711433244273852 -1.96881112420722 -0.154115387075905 3.86778053016014 2.74212209745774 -1.36251434097668 -0.825099426375322 4.88259796342306
"21" 1.69167047801305 -6.60316197045755 -4.69319529968264 -1.5704240219096 2.01157194478396 1.77507398403746 -0.38408724380436 1.49419869206024 -2.26027800136226 -1.73757320442215 -4.68846962452585 5.21188233383469 -0.682277724820168 -3.72142321321359 1.13774514917678 -1.26176742308811 -2.71787048833433 1.13013881321405 5.52996024586694 3.10451151567338 -1.62394762466272 1.55880733487373 -0.43028685835008 -2.68285998567114 0.141376750488458 5.1251419570781 -3.61956578323836 -0.373371742541348 0.109159178400268 -0.854500682229582 -0.52709767125023 0.688432619543459 2.05460958705792 1.23031419946259 1.91108489509236 0.61577378221173 0.457214195701253 1.61748008245406 -0.527476418257843 -4.61491452948621 2.702461397378 3.35496128838767 1.77536687647116 -0.674401369602632 1.01541995957458 -3.21542872570096 -2.67009569775228 -1.26892416916789 -0.708072714566194 4.0122541002426
"22" -1.0069417754758 -3.15104261006081 -2.4433060061456 2.41332647661187 -1.48240985590901 -4.40222523423114 -0.251388972122617 -5.08263730491943 -0.709194577419527 -0.580324511811629 -3.31811251277443 -0.247993614016356 6.10784893061208 -0.228548484218536 -5.56250387951734 -5.58805681247586 3.66422995097906 1.61837186640896 6.28918483202074 -2.15559185859834 -2.78378839171905 5.23956086059028 1.85355927660681 1.07386405426812 -1.12765818930782 3.78932553438193 5.91874001819078 -4.04993731916426 3.13795000509651 6.23202625045892 -1.48991537087881 -4.57393930798099 3.05633578981636 -1.70873650684873 0.659703295445203 3.82221612880805 0.359104681596825 -1.64233356119684 0.170537583737987 -0.467214651639859 2.94635881769395 -1.14765056595035 2.77834463951213 1.19418885934056 -6.39030070391917 1.85088265924326 0.075588980142173 -1.56806175412143 -1.21661952638894 -2.79735756033755
"23" -2.53039574057689 -1.1134236186019 9.45921706927508 0.0816739140135502 -4.78691015162187 0.159614278808988 -1.69094191944629 -0.565762799211421 -0.740272540615659 1.45983608127917 2.48449194856769 -1.28901128634262 0.565071210147365 0.625781391149851 -2.16459684305802 1.27586569113486 -2.29991968434967 -0.0521337502548802 1.4665043879639 -1.76911518768091 -4.51967747044534 -0.847505514294274 -0.872746856260705 1.76137010289943 -0.84614851080194 0.275141794586691 -2.4203056920292 -2.03134814788417 -0.87871181591727 0.632062566439584 -0.841453980852376 5.76116874944213 -0.205357914677733 -2.27908693091901 7.79106576053544 2.22802756454423 2.87690698379048 5.22642375330258 1.22876821988597 4.73172778761749 2.25767978929701 1.49629273921019 2.57596735021785 -3.60481955443733 4.51431227947551 4.1813780475717 4.24252620068307 -1.10697818130368 -1.05114671436098 2.41481037320346
"24" 0.191711228275316 0.937555851331814 -2.04693150847403 -5.17728525823397 -0.611102285481789 1.75837092543206 2.5174218306203 -0.0347659873051955 -2.76202501979472 -0.229778418553222 -1.10537064838621 0.958182309723973 -4.36162534197642 2.95437955333636 5.83292217838666 0.776554694359874 2.3875797733408 -2.37875065786554 -4.55893416116272 0.382398190827819 -0.514625307436184 -1.29099307526298 2.39400278249354 -1.85528942409362 -1.82681627950988 -0.130334507482821 4.34270870300042 8.19669059348412 -0.419430903090143 -1.09402009195497 -0.39709683676067 -2.13308989734941 4.15456667518153 1.65413054477977 2.77880884356014 4.35068885000171 2.3366781213543 -1.97308634846143 -1.81099753188354 -6.86986528330966 -3.26562323200322 -3.93714750753001 -0.0362909749939244 -1.83252520294087 6.73840347729848 0.517499822751271 6.61566359161639 5.90443435587459 5.45039920607554 0.79717767518713
"25" -0.020298146929477 1.96043890596639 -2.09264771983706 -5.72165384637827 8.13709089601516 2.57683545286445 1.99749295628099 -4.15678296827981 -3.79476182614399 -5.59722084967979 -1.33122226865316 5.97808839555832 0.126943287945485 -1.90495009037042 3.38395922384909 0.549832980190165 1.23950964899129 -1.80095551599371 -1.12337132682792 -2.05710841104272 3.71194184412404 3.46932370263599 3.33876156739121 1.7665592619546 -2.14448356646817 6.22901379264246 1.53366338533016 -3.01620931526412 -1.10174081743879 1.18428836523547 -0.229306476729217 3.14179145061714 -0.509721174684908 -4.13362910999315 -2.65025496357138 -2.28371870085817 -2.24647539046422 0.375261193999217 -7.11268264428994 -3.77710642436248 -3.84836677098878 -5.47889934841419 0.737975329705717 -4.24697528688402 -1.11967400007464 -7.95568672941028 -3.69051354872625 -6.08132855414687 -3.34042961495004 3.60029217819644
"26" -3.19891389181416 0.657506551456701 0.317093681707583 2.34959123388605 1.10359379728352 -6.76456970065165 1.26194326704294 3.4785608204042 1.1599875454646 1.09002126717919 1.0118721858284 -4.52084965228382 1.74197300843025 -2.76779652931872 -5.32642953886495 -0.153036114960095 -0.926467883356622 -2.84250551404626 1.41540819466753 -0.899890646269947 1.81882059213675 -3.25627104790557 0.592822821838207 0.46575138709167 -4.33767348388741 0.332184181811221 -1.0336190194175 -1.84121358961467 -2.37917292165659 -4.26368730878911 1.89070080783207 2.97399134043654 -4.3724759408095 -3.49594763255682 5.86956201644691 -3.99520878272632 2.05536991234748 0.402165792768214 -4.75956127182656 1.15771321999164 0.413218858591512 1.31572428785067 -0.637651490846835 0.182488344373063 0.0166207676746638 -0.654742069475052 1.5639675416673 -0.184078005575376 2.07522964844774 3.35285926362914
"27" 3.1328443873302 -0.99581283676134 -4.85058785142042 -1.52117740148333 -4.28166805508598 4.32114427198431 -2.80146852083756 -1.68003698850881 0.0228081603642977 2.24153644908482 1.42124971884458 -2.07871852992227 2.42106426370885 1.50004265723986 6.35800589298681 -3.36644354681823 -1.83377104282537 1.30190659446559 -3.0179387544234 0.868771210292482 3.61387434751016 -1.51638416082379 -3.27556749300493 -5.03377115250853 -0.257429967733221 -2.75491029667786 0.556442397933822 -0.200987969326084 -2.52679058460388 1.74191740014792 1.70906706451439 -1.50447357910925 -0.153490768540894 2.02278421429734 -2.39545201325097 -0.443667706917745 0.108047837070698 1.1790584415068 1.61722849945889 1.23235428187976 -2.45526796096382 0.451718580347027 -1.15842562825506 0.469514800676173 -0.614050164100625 -1.27810423223955 1.2478499425739 3.03020723392521 4.6054930107643 -2.27044599230481
"28" -5.48997701117548 4.37665192970202 1.11692193217892 1.12616818512299 1.22373529694291 -7.08924667893972 5.1009016775599 -1.4648228295244 0.377099417104695 -0.234759291393818 2.33594264108787 0.76893412864649 -2.59866868310979 -4.84889036130783 2.5957407169722 -2.7222561650394 -3.4329465774159 1.29399478702111 1.07945763078061 -0.184560208710345 -1.57036161156148 -1.18275331383355 3.1437909724691 1.45972585522264 -0.451361163222052 -2.34163282679353 -1.39101857147048 -3.55473251228525 -0.169837540665065 2.66470591001292 2.01770780889719 -2.12056514522738 -3.39034212156652 1.7686743548291 -2.8671054133151 -2.72740445826381 -0.0906463428849746 -2.41245297684352 -4.1491619883978 -1.56588152775449 -1.54139724201035 3.50896494503841 4.24035730457442 -0.508796211830164 0.53128085594329 1.33638796752311 0.0772795420734518 3.59626990053334 2.87736760009868 -1.80138915995443
"29" 2.09938011845159 -3.04286633494426 -0.323555384616014 -1.82196063307302 5.36458848930819 -0.571386683444951 -0.818042189751435 5.32324190820131 -1.2416684831031 -1.08551024712762 -1.8563786106726 2.61882726672852 -0.836658176363019 -2.6960912382889 6.92015551942366 -2.83984936620668 -3.9983144130525 1.05365567666565 4.8852265096061 -3.22088357176398 -1.33913837176584 0.940624495737891 3.7916182889172 -1.05733606755801 2.38605389625506 6.38125372437818 6.35553910762713 -2.63685768947376 1.36569135702404 -2.60349037604971 -3.54160066118053 0.26961372212526 0.692912552467304 0.0367061549698201 -2.72541326737407 0.0951115262110124 4.09581899356988 -0.20108398631327 -1.79772509794553 -1.48320057263548 -1.77895705136575 -0.989961257850816 -2.34641242401408 -1.24291304324739 -1.84432409171179 -0.0788680420514645 -0.888454706433488 0.885917903412499 -4.2395282294528 2.70867157530181
"30" 3.20934350236973 -0.823680306705054 -1.380325172409 2.76240315015358 -3.11737803530439 7.03539327423286 -0.13002518114403 0.376323358539913 5.24682756411192 3.39166823325619 0.361862371304931 3.26509818339093 0.139011824152887 -2.1023482374379 -1.40804825147981 -5.13405840659215 -0.980619590647512 -0.145943856813913 -1.95637888266932 4.46480555932759 -0.23620846112904 -1.86804497775112 -2.13338168446465 0.838100675952459 -2.65618580971797 0.000972422747319672 -0.130805555232114 -3.12762879222882 -2.42119889809269 1.52403340359889 2.57568381839335 -1.9137330961511 -3.12131150979476 -4.52417688461816 -1.54880539933262 4.26341485806214 1.6119233052687 -2.58295857001172 3.51378313738602 0.262506395523925 0.853689524001155 -2.66795380876516 -2.42125700595265 -4.84457874959835 -3.47756662047715 -6.55790522060439 0.83292886765798 -0.523024845661477 2.7031379417309 2.26964728037631
"31" 0.16250587693812 -0.463884946318705 4.43799331550188 -2.29304854972142 0.738041160891296 -2.86049026302817 -0.0451935769461218 2.44165988383947 -2.85114375459689 3.37431250834536 3.91534634566802 -0.0182510377264557 3.56855258290303 -1.70082866161389 1.21792807366737 -5.42870950542139 -6.24186712052447 0.443881317450865 1.40197404968818 0.938753866047954 -2.62052971923874 -4.52103921531714 0.0216885366252782 3.57625602018424 -0.562468811430704 2.89292144557718 1.67115667817322 -0.416539110803452 -2.58310276314259 3.56460039474626 -1.86543391435377 -0.577181159372725 -0.575591308458789 -3.78407065650856 4.47358919777202 -0.324029420010596 -3.8028120991633 4.82268078088616 0.773047035154255 2.70078719757511 -2.84763975137639 0.397829588273994 -0.929827883920987 0.127243963409822 -2.69740076050635 -1.28287573644691 -4.59117630876135 -5.04459548790395 0.783795892261492 1.1919973813756
"32" 3.7410255819419 -3.09883697136176 2.84411931813958 6.77549815373153 3.05955999348737 6.10838323284625 -3.15973625294673 -5.02023238011234 -1.6328086626152 1.50479065867423 -1.37045443479237 0.690019467644498 -1.63835361406238 3.33654258063927 -1.67165772122024 3.20635345396952 -0.602845546829601 1.21869544913055 -0.13041093175646 0.426592684546362 4.91487416928856 -2.35343602844652 -4.4933039197864 -1.56629176750537 6.64345913289252 0.275566260556282 1.34627356527779 -3.11219459592327 5.27164787842723 2.9445032647179 1.68480943384759 -0.612658348726207 0.418394944290495 -4.07746244284298 -0.686682830966111 -1.7035751010672 -6.027715202335 2.54621332803413 4.23029257234805 6.43718339957408 2.15893795909626 -1.04566812378048 4.34450542123185 2.23102960871563 1.18547560028951 0.575456318780183 -2.51131014099204 2.74701728521251 -1.30692094024817 0.0324658198932393
"33" -1.36428058461082 -1.67631457525157 3.63593634965246 1.50937359914416 -1.14243945082478 -2.04191507399146 -0.273593410458729 1.93344254409266 1.24668690628831 -0.229324004873112 -0.925642047839372 2.42815746251972 3.88735664432459 -2.25435423210874 -2.40509940409046 -3.30651162019326 0.361761797288651 0.161929627357827 5.62746748294116 0.638278052961427 -3.935027523872 3.48203238022686 3.10738135848213 2.66132115830786 0.26986247148904 3.03755700361001 3.65480834720879 -4.65833232865257 -5.49480066144086 3.61541962517066 -3.83960010370436 4.88209174606919 -3.97597256721223 -4.21953164280829 -1.53893744442553 -3.7453329198281 2.93412863239097 1.79943538698337 -0.348328168199339 0.121447181906961 4.20010739361193 5.49991266629553 -4.72371696581507 4.02115795895728 0.632046752162212 -0.186110985058134 -0.448667112679679 -0.950803766601862 -2.8718636615654 0.876423681416701
"34" 5.26928790951872 -6.67653310446057 9.18247965125623 4.47926757996851 -2.94271890219548 3.15362006928769 -4.43407906522183 -0.666877354932252 -3.47854009742528 -0.718014571353098 1.10397344463231 1.16288656451127 -1.77948701752787 2.52077317607973 -4.58324781000198 8.66230986948285 2.17825673296376 -1.3991156612641 -2.67018738289326 -0.99573994067691 -3.14605951336867 -0.307745153202483 0.698738443687189 -1.83540886023274 4.00651723806375 1.54425481014877 0.667400517345381 0.101562597995565 -2.52838537793196 -0.727901344147233 -0.725125384253293 0.840511228453254 0.876442170614972 2.36316557779867 -1.76994253235854 0.928682544081538 1.05725417524064 -3.10534358306447 1.00389087110215 0.868910416808116 -1.33862586672415 5.11136104174242 -1.59323171591011 -5.9263847856865 -2.79245622015987 -2.24155641181204 0.533675517349915 0.273222524047545 1.47474006870145 1.00072083813388
"35" -2.88119225560947 5.77081750651992 -3.78771841622046 -2.4679822914185 1.52153767695272 2.58997449042382 -5.04162265516435 -4.3049680965772 0.432145368276979 -4.23170725999666 -0.249651304852844 3.12100374247152 -3.94064307975032 0.904252252157722 -1.21048299657035 0.710782935310262 1.4055489146884 -0.689032736302389 -5.08421758551876 3.58184243189728 4.55171504588531 1.15881884825239 -0.545520159302423 0.498331198648838 1.00856462383158 0.649558565486388 1.85764862453045 0.890555221580995 -3.42563694285775 -1.41733527739663 4.44056245507048 -3.2395964778335 4.8717293201075 6.14050228366929 0.891807664445911 -0.62195300418494 -3.65651215961379 -0.728723952019748 0.840702081066462 -4.34565890825109 -4.5545160374545 -0.598605587965325 6.30163406061838 6.38285818507804 4.17237043207627 -2.27699551916122 -0.346863161679353 2.04606931671984 -0.81984942623126 -3.31510202702643
"36" 6.78007121531065 2.27442214716065 5.57273911253005 2.28614082674369 -4.15410770411347 2.4398228193273 0.902327096591024 2.05948256972977 -0.25510978504023 2.22352089959544 1.32883248875813 5.37608016316186 -5.53870255177198 1.25813777336563 -0.789447560964933 2.09205867782989 -0.870882662623157 -0.209769046595532 3.7271264489882 -1.06890234711824 0.380826102825255 -3.5077286529952 0.663339197163844 0.736331305454158 2.12873275656032 2.38721979066355 -0.114834109849965 -0.164678552963586 2.92531474537572 -1.90944158635404 -2.22826350115741 6.20785282644678 1.15844082913596 -2.38665484865552 1.84706818791252 1.62777295112344 -2.12133477332251 -1.10089082635939 -1.06729739690412 8.25617822118956 -3.10182460276995 -3.00496599224928 -0.638214600335847 -3.77486874975631 0.0814615925642287 1.15776414292587 2.28647038747428 2.21957873076786 2.42438381180376 -1.04590735518168
"37" 1.99024402139848 6.3377644433012 -1.74063246681462 -4.36115637901082 2.10303987784337 -1.81205376761459 3.28338561966114 2.76980661671169 -0.960382082855011 -3.2995031029043 2.20655891970592 -0.9921425115959 2.30329328456957 -0.305465538055417 0.977880335037247 -2.16471743058152 -0.348825430026946 -2.22066770101877 3.41236689775668 2.7822019842565 -1.86265392792798 -2.75538241854487 0.262403949183687 -2.99305163128814 1.17977601516891 -2.35649565537718 3.44376113241519 -3.30269999508625 -2.80863656183758 1.6894081801669 -2.43732219950495 2.03843432286902 -3.05509887203309 -1.98407436350423 3.89814419217106 3.34170738038311 -0.379420107262557 -0.0924152172775153 -0.0554133281283544 1.91914231493436 1.54657994741046 3.72569820274885 -3.52154068724441 0.784885209903826 -1.97698183753396 -1.61230865231027 -0.295015573938853 2.35452124372957 3.87929781672431 -1.91529703250847
"38" -0.201749220713283 0.62329931744205 0.134877113094793 3.6650644510614 1.37209558179333 -1.06524915888559 -3.3218179172973 -3.4770151438748 -1.18105967926784 -5.31199528852516 -6.1807993959697 6.70973429402383 -1.56336744357636 -2.61482927810299 -2.28446453313806 -3.40667404062496 -0.926581671927681 1.33377086231942 1.39023287259883 -0.857946993529521 -6.31731076198092 -3.57154642670074 1.03958290324289 7.6946972438434 6.07547691354666 0.381660812681669 -1.19452295446658 0.965737321867828 0.880457325980262 1.26237898804309 -0.406332167867796 1.6233158401868 0.465342134866788 -3.40689310084121 5.68869957569583 -0.643611037703981 2.80157757450144 -2.55091434274534 -2.21522857836833 -3.45062861174127 2.49963066131637 -1.64359125798778 3.60711541744784 3.35885393771774 -2.04745973219263 3.61305776865241 3.07980668076867 -3.90674830494935 -4.32732217225591 3.02661656804176
"39" 0.4791049588684 5.58792274026281 -3.7006840665392 0.20776104863533 -2.33288289033215 -0.315347106706 3.37307970158263 -2.53604317535178 2.65329373490932 2.79019361147124 3.04210815800157 -4.26271926985112 1.08266713295081 2.41073622766342 0.478904936554731 2.74296438785472 3.23143150186207 -1.66886716656572 -0.906658021121878 2.20692704102947 2.85920724431928 -2.15412300981864 0.706691995490412 -4.56424794239079 -0.727658574113792 -2.30795225048915 -3.36818885236897 3.49540445147445 -0.157364263570538 -7.00037425061855 1.08765103344488 -0.275758967339938 -1.61878007706142 -2.48440796536919 0.261872659265986 -4.54323420790745 2.40211240610086 -1.06862282804127 0.404767444983915 -1.39141651767992 -0.295309685956425 3.42250335354225 1.77285731154126 1.0428113811152 1.32703673679957 -0.258140920044353 5.60027196919747 -1.63542940907567 -1.08452616889942 -0.577653656238677
"40" -0.58333283997589 -0.224440526722343 -4.3150160453748 0.235752217599979 -1.33356471510335 1.51359672065249 -3.97620323684276 -6.93418705129366 1.3643124631005 2.98571700547395 1.25865575809928 -2.35535539936054 2.99316994495607 2.3914806564478 0.790269749895876 2.07624104753333 -7.66085110714926 4.15178449828905 -6.34781057606776 -1.08943600529111 0.20425691428208 -1.95715277301727 1.11038364130412 -3.52989108774056 3.86136492281098 -2.14490262198023 2.27649913695131 -1.03053824445413 -0.851669608727778 -2.6298346161277 3.59677347204594 -1.7847202831343 -1.98628549480676 3.12590811144308 -0.774608298994883 0.355856578406478 1.93222771543706 5.1346408596533 0.908831178635371 2.00568312369693 -1.69134100495832 1.9418343383887 3.69939625316127 0.351190453528184 2.50070787406174 -4.74003263739344 -3.1932813978105 0.246747965392947 0.985457995229029 2.47523339587704
"41" 3.24452326261361 -0.0623770078826518 0.594760736166462 2.71280099055094 10.9161523823062 4.30704035198769 -1.62047270732016 -3.41292681884229 1.74555604408459 -2.94077693866227 0.491660586303812 2.58043762140335 0.673062437905346 1.66414319278785 -3.7466290441562 0.852708568607087 -2.28359605172141 -3.40223213982397 -0.885166720967121 0.275042182686892 0.150205598002994 6.47203014926404 -3.67061723787666 0.603933355266139 -2.14925977313971 3.52177041461805 1.30523302187545 3.88545279352579 -2.11675975781152 -1.72751032779121 -1.49679247206009 -1.81531038288733 -3.30366339923439 -0.803334271667231 -6.37391436109627 -1.00466603354172 -0.159615083520754 -3.32815472111945 4.6093108585817 1.05194450079272 -1.67187406381135 1.8489295170781 -3.24330793225497 -2.30260684577228 -2.84498627309824 4.02578047195554 3.88317676251319 -3.70271365096626 0.102418308526337 3.93594107573498
"42" 0.372958476625768 2.75413963417194 -2.92050561087288 -2.28430230659277 2.41352463069282 -0.970926067842652 0.896132154105077 -1.74760296455349 0.552104920199809 0.111535427761929 -0.6572660869353 0.302764987695071 2.8561889018477 -0.072285889598684 -0.360588707681683 -5.49186797114243 -1.28850532141134 -6.54961176451579 2.58737038940787 -0.297245596594822 -1.03236958625128 -1.53449386888005 -3.43202807362942 -1.18635117951527 -0.4168085904682 -0.803916332674795 -1.56095899288273 -3.1904460290816 -2.97715353290642 -0.3893265055513 0.775997803034796 0.43147822676134 -1.51098733128628 0.17988232293335 -0.378992579536726 1.7114229444279 -0.678521757262015 5.9721196927217 -5.78774719049824 -0.0332153302167701 -4.24817104479854 -5.75074746483272 0.639316162503758 2.1956915745957 -3.93114427322416 -4.61519818915807 -2.96601352850675 1.35567300560957 -0.67953292227676 -4.91632167461175
"43" 6.05524702266479 2.2093142841411 -6.62767740896957 -1.65876119533347 4.60128993048277 2.52599818089354 4.15594653807542 1.36533441314984 -1.07783336259852 1.37431859683793 -3.42419018378293 6.46880916299311 -5.34737163089487 -5.39302915770905 1.30312474716738 -4.84283806518291 -1.29060466530398 -4.57477164823379 5.62954756904885 4.21274755935794 2.99946707073926 0.600826418329554 -4.31089711925069 4.42345680336128 -0.977590457206433 -0.500251915351599 -2.93019945216151 -6.36331840950204 -0.943304371835169 5.51674811312753 2.59408160518662 0.920313191027824 -5.55992056605023 -1.91280009181303 -5.71918590211665 -0.944275982214057 -3.24046608275108 -1.08843724560025 0.657772313100536 0.955170957217245 1.47164187489952 -0.891620163661573 -5.81565384548405 -0.320266679246208 3.85405966571241 -0.731942273748284 0.7160540764101 -3.27120167774629 2.78855030370634 0.854232714253799
"44" 0.0228914949645949 -0.552198423490164 0.0813979018594069 -4.59327433634944 -4.42099473613887 0.861041897480044 1.94286638153917 1.6930663475077 5.61243026685571 -2.67330438497545 1.12305542581521 2.37193947561706 -0.962278662580624 0.983892697731483 -2.16903322274844 -5.06848860511372 -1.57711566205035 -0.431938073880381 0.459516502432252 5.11492652491152 4.63870131898186 5.78920285141017 -4.44906747805421 -0.851870941688975 1.73795606865404 -1.4322282139752 1.99066793616868 -0.016601465326339 -3.81464645204002 1.92216811364828 -2.04442527894297 1.58965677651422 1.7659307726773 -0.465827267350696 -1.72753136007528 0.276929867031959 1.75096046063698 -6.67836908675031 2.1024813197009 -2.33933141648262 -0.45597391966068 3.91221669916994 -0.740770178092274 1.79101420821035 -0.934767450746374 -3.53073350617921 3.6850605386443 -0.425609745347423 0.984278515637959 2.52282669392657
"45" -2.03929881321174 0.726522010920274 2.73495183002847 -2.61972787922113 -2.04958576666807 0.147681299767822 0.492932995810311 -2.88284259962402 4.33637186872621 -0.217589148344123 -0.094148553399919 2.05024530883771 -2.52250297858019 -3.11714341649008 0.160255529561017 -0.932673855591118 -1.81853731902039 1.06012280918585 3.79083880660435 -3.11752733011859 -2.84706975405435 2.5738449048993 0.373057705890168 2.92000370499773 0.394847513819559 -2.90446773357413 -4.33780575648912 -2.79683574969755 5.8414820294167 -0.681969837525156 -1.16607844538345 2.44085603147713 -3.38456651623334 -0.769919278312525 -0.743381842673948 0.480190651102375 -1.88370117824904 -0.0062271120819619 -0.335170392472441 0.190545609494808 -1.91084308688538 6.35424025816393 -3.81951076959746 -1.84637447405995 0.23611975216947 4.49363581946981 7.10502687069368 2.81120218262314 -4.68056080650786 0.132138002686119
"46" 4.81324702516189 -2.83791223875174 2.23652692862992 4.72391236381827 5.02304832521612 -2.07937982702341 -4.16248527650277 4.94407120010726 -1.48108317093917 -0.937379488576256 -3.60534785735321 2.94398816291002 -1.86884521416453 -6.42467759861228 -3.82801310539316 -0.143429421012951 0.00043780526829612 -1.21035544972554 -0.137779584815284 0.919785765103325 -0.186343441409264 -3.53812937727156 -2.59508478375882 0.833505821261107 -2.27115312827262 -2.95016360041692 2.05376419332182 0.087771435655576 -2.01197436932769 1.25268810412422 -0.944619602154204 -1.26928318563965 -2.95575707627514 -0.787128641062779 -0.487294973388469 4.56802838023194 3.01547702508476 -1.36878855589802 -3.75649644719247 -3.30029011210603 -5.64549623556757 -3.63714136168798 -1.3983853526637 0.992466999595793 -0.7104091635708 -3.3503247125334 1.38092720950394 6.54578210851637 2.13849482212989 -4.74749551427916
"47" -3.0817594930194 -1.430820974828 -1.25462828888213 2.00206228726187 -3.48224802863062 -2.21229039098751 -7.58036342853102 -3.48240787564548 1.67015438528933 0.32545211159229 0.748190850742194 1.39375957573931 1.91493710198125 -0.527907274564846 2.60524324177963 -1.22109297552318 0.209056598105739 -3.41351972105218 0.561200920163882 2.8375390243215 0.656186415314374 -4.69662848104185 -7.03101562423257 -3.31398696181447 -5.75838366096301 -3.36935309345079 -9.74744461873761 3.1190980111967 4.18527395557654 -2.17332411214718 2.58123906501699 -2.2418160287471 0.649730356232085 5.04389827558853 -3.44300796855564 0.341561697373636 4.11797834652007 2.03213794021262 -3.97501179283508 -4.03981675639787 -2.44394051155237 0.36529734988926 -0.971470573173825 -3.12020212596827 -3.345231493703 0.200936543631882 0.168206940501583 -3.96888410664725 -1.6624520705304 4.23168530907996
"48" -4.04458492619111 -2.44492314318801 -0.0244277647586118 2.84180423726527 -4.77220882672614 -4.20967402584956 -2.59031980800343 2.97561919408767 4.11230845808329 1.95924060995912 -0.653136441831217 0.986363272296311 2.43357120484538 -1.53027063565105 0.5663212590489 -2.77167618964649 -0.187747113886171 -1.56384473924048 2.6639332727977 -1.46233792878487 2.02416670050212 2.0095141878406 -3.20518241701014 2.63519448273052 -0.228609938595326 -3.25340313967358 1.9715401911254 -7.03170677796589 -3.52959128721407 5.22677924413705 -5.67724378584056 5.57472696772853 -1.85452833226414 -3.88101722527235 2.20025365735897 -2.11761604450937 -3.29391409165232 5.66223372360284 -5.40101270979982 4.40588475047578 -0.167541586791189 2.51681351224468 0.670456431554824 1.19001661080998 4.04435349992469 1.72993266252482 -1.18426228056189 2.1572035026732 2.93237528220988 2.41801111404812
"49" -2.06490792920613 -0.580433309067689 0.75037404354771 1.40179774816687 -2.83311747409904 -3.01193485752143 -0.409662128693435 -3.9170404493582 1.45381468876322 -2.43166827594234 0.154016113491094 2.23965725905465 1.83128012279398 4.08695311887445 0.840520566236526 0.848885531858371 -2.86742195232646 2.78584683916108 -0.519762215964735 -0.850960308397716 0.0947726467752169 -2.52356043807134 0.947914815627143 2.92545811941452 1.4373475554639 -0.526397503655154 1.84102472371125 0.895425813007384 -1.84299885357736 -3.75807050116266 -5.32096434827362 2.35238494818489 0.905151662852136 -2.61335303267953 3.42962536516827 -0.78271506135226 -1.91054635360434 1.39986610073444 -4.0610963328232 -3.91948625650719 -2.56645708021785 2.05394093879018 0.322808074040052 1.64530189148609 1.25600559875833 -4.6391366053057 -3.81761761336798 -5.15583318178862 4.58444884110895 0.513141243730556
"50" -4.72182080466 -0.451030150156547 -2.62387209949607 1.54846808741568 -2.09929280087774 0.800866199571073 2.59707168763773 1.08906759493247 -2.82439187491798 1.53846774477857 4.99699617442145 2.31724440883503 1.06120287907912 -1.88670132481428 4.34448487461833 -1.14948493227403 -0.733553073055052 1.82850815914582 0.682939358327277 -1.67834696959056 1.63976792827417 0.443131293927603 -7.55466323560787 1.04753269641859 -3.33386862120644 2.52557487794004 0.175711837949147 2.33186711153487 2.19161533675566 -3.88948282210004 -0.0407813189393591 3.39564946861414 0.328730703699426 -1.32381101602881 -2.62472386749409 -1.58417504827697 -0.0706902860359635 -4.40018860842577 -3.36453526230872 0.244015544147299 -1.21663006299898 0.791250500734642 0.122540702686165 -2.33223122999986 2.72899185886056 0.117873710227873 1.76138982919422 -0.141226763189911 -0.544006932436634 -1.36287090454272
"51" -5.41208113366584 2.85713710867431 -1.82030827477709 -0.986907390971875 -3.71481182242169 3.72058202160963 0.643942273709446 -2.23320360040802 1.39316793298005 1.05265131849442 2.30894726423308 -3.22499635888443 2.05907761347346 1.44790727554943 0.743497404795647 -1.39809623428025 -1.6090799714587 -4.74186755386168 2.19122395116713 -1.97027141660144 0.876914847884868 2.90700835270756 -1.28961214667944 1.03854326282868 -2.44566468011859 1.89053709536658 2.04743608572069 -3.82673495209447 -2.63901018364458 0.233662707337723 -1.93541436345755 -2.78265502088956 -0.106712816211002 4.91872584661459 -2.69076961933014 3.17984079036225 -0.0879487342854055 1.63738598770271 -1.74127092725293 -1.88253851118723 1.09558118203526 2.18487154740123 -4.71319084184556 1.71270179019379 2.38766598338712 -3.91714912625312 -4.2075234781857 -1.32735719721307 1.62675604150101 -0.166370813386469
"52" -2.02622495547499 -0.83085214986661 -0.228822810485852 0.40892924901414 3.04686232575442 2.78300096227478 -0.451262726805498 3.51865204877875 -0.73528331279352 -1.09942126426245 -2.91544762048256 0.478388417977674 0.99460428787377 -4.31015626531581 3.23650764585933 0.325261414290981 -0.828159822536177 -1.72268875488157 -3.04635844253828 3.00696423376634 3.95425077133589 -1.2674018681146 1.07192370468984 0.86275120747424 0.0607575409539078 2.62831152539849 2.71959269806863 -0.00359577069756068 -3.27077840867438 -3.53292216517791 1.36007624313806 -1.11621732818031 -2.61019521933613 -0.133862191721769 6.06474489768299 -3.00000262317595 -0.541278487265161 -0.303732440880459 -3.83836664298378 4.68020694055875 -1.28528842790887 -2.05484480667044 -0.47406450151394 -4.9149456135156 -1.13494485998475 1.14373827463762 -0.990263765030318 -3.34644269743679 3.08060414102448 -0.121016226080909
"53" -1.95023156573061 -0.564229970305733 2.06263981928295 2.39228680971362 -2.31798408573571 0.0599157172879724 3.06827960643343 -3.37337541872119 -0.218529268162534 0.951202191371441 -0.178697576631267 -0.181358158181405 -2.08282156781755 -1.21481091172937 1.1094492385032 0.332605486313882 -0.225746377615243 0.0971631027261982 2.40960272551343 -1.44060634269508 1.69572379722281 1.87706686648853 0.237841204495011 -1.24326468630658 -0.477140299321768 5.12597595205084 -3.12543097985095 1.14838345732263 1.66167121202663 -5.09608130140734 -0.817909714087523 -1.11300645639903 0.155721488263895 4.01772199054416 1.68638681534745 -3.54511565388633 -3.43133265021858 -7.23676888341585 -1.53965023432811 -3.95069602785813 1.05962039653115 3.32546880645627 2.51254239112094 0.913636081270684 -2.78170698953413 1.03608527831626 4.7477424849996 -3.2199572512397 7.461914373542 -1.84998210945494
"54" -4.19065291084939 3.04032657668906 -0.883923610908082 2.72268913236145 1.90532524524028 -0.0445530502897252 5.05781939278396 2.67484870255444 0.697745136156673 0.316223971173617 -2.63142138922269 1.2391170899083 -0.93971689312169 -1.17288759275725 2.44955184669432 5.45864552841115 1.33171709160208 0.0313945549005865 -4.30990683831312 1.38578147110159 2.07379375326959 -2.4407253636346 -3.61655295167484 4.49153805074915 0.127313665547049 -2.42253483569587 -0.673403113136668 -6.0632370054625 -5.566533851503 1.52513727625613 -0.00643593341814676 -1.9416044750597 -2.84321395429145 7.39365263941197 -3.55542309967767 2.31373738942427 -2.69455250082806 0.615311775734325 -2.36101790382567 -3.16548247281724 -0.520946915991315 1.88611608944405 -0.0739883879097813 -0.77860233784687 2.42796426028204 2.77856394695257 1.14916005527156 2.02886740817683 0.742343945141581 1.90516787468811
"55" 3.14411834649839 -3.3649005219802 1.50840736556836 -1.09668721186654 0.335683670405383 0.451959632570597 2.89698005362685 7.20648597095901 3.59662514341337 0.680613556003291 4.7151387007438 -0.72157312583255 -0.165386090403261 2.45631462953205 3.75917412703316 -2.5057147211828 -0.299426697871 -0.395915635315447 6.32663068431903 -3.0839097689195 0.63057720929701 0.777696654244298 2.23165266336143 -2.59283475140326 -4.70082303223611 3.75792729074008 0.520861120668008 1.45699954486522 2.23305816947398 1.48280706749403 -1.53762996062494 -2.37047714667759 0.124918213361594 1.79994000072984 -2.01965445932493 1.32557828230329 -0.354997454344436 -1.45066124661357 4.78808480635768 -3.75187367131675 2.78427097340683 1.65315030946481 -1.99239080538886 -0.654861454460216 3.90791776284272 0.894175701525085 6.34530297670014 2.62520739070447 -1.09245793218427 -3.85585588333227
"56" 4.01910035003823 1.48659031339954 0.049331294063003 -2.61491804559042 0.882241023921874 6.69183652914022 1.90640022441328 2.01689857348361 -2.96985879897648 -2.23820157540474 4.14331270382926 1.20447018135165 -4.1656851674687 -2.05487929918248 1.2152991848485 3.61366573292417 0.112874968983432 -6.72561151745108 0.742380357733891 5.55456730802247 6.23577712070729 3.34948695284831 -0.25156872128709 1.41134313957238 -2.15818400940911 -2.829555686308 0.324297187947673 -3.3947673266754 -1.81453202898587 0.350089137428371 5.52086081589936 -0.410568959722098 -4.78037971343648 -4.31282162738599 -4.63811724044857 0.40172202546883 4.39855221800122 -3.10867046293313 -0.0209507616140527 2.40732283287936 0.827835396534571 1.62456707804876 1.56214511642211 0.292275075289315 -1.64093852758686 -0.517299240987481 -1.97242802385145 -0.303460851996649 -3.9191790876309 -3.15806380291849
"57" 0.737123146811788 0.92687316735729 3.46899383142691 -2.62228848956349 -2.03359059465968 -2.58058624886544 0.786457990984101 5.10204575565545 2.95080892183323 3.71673632249896 0.756235342170723 0.263658838314111 -2.08424464637906 -1.65560396239576 1.15201703245793 -0.0718443638052242 -1.78480961079514 -0.0302653906189785 4.65055089045082 0.0285003125251708 -2.52858697328114 -6.73610881538463 -2.51889619513798 3.36690754135074 -0.0112928355054515 -6.26439772328411 -3.85274659317948 -3.3603996086996 -3.34670398915435 6.13365818163128 -0.178807736648891 -1.54294895775071 0.313443581369723 3.44543411266478 0.736046979387262 0.343159140057079 -4.92740384601574 -0.350861081377322 -2.21965406372123 -1.28874713646331 -3.30949844614059 0.876182170764269 0.15378455381635 0.717349135847993 -2.34332308042327 -6.47075319405201 -2.72548986573619 -1.51574614994217 0.643591999900894 -4.86255825344439
"58" 0.323133468969583 -0.502358031758591 3.22278566012313 -5.71784510373043 -3.14897781949361 3.11392006191427 0.376545117323337 0.245556431275363 -0.418306486126639 0.504934462724067 1.96096772290005 2.8480873832836 1.00079566489743 0.772958081183875 -2.87354654354524 3.31949851005842 -1.42679305429127 -7.07310668332924 -0.708504135413325 -0.625071147724531 -0.994715120030869 0.720515402600351 -2.1619179456756 3.06476674624798 3.89351183056318 0.0141291481320448 0.648522863439874 -0.727857897340459 -3.4468872774203 3.38889122714396 2.55109980683443 0.332237438345555 5.5464881342027 2.50991198278701 2.28359543817329 -2.94057329605358 -2.94543599109895 4.06016653266769 2.81985516881609 2.82365200663578 -1.29323153630557 4.0545691984224 -1.68773905480312 1.10773614967302 2.80893993959367 -3.40766509094646 -1.59521440437769 3.18886512829528 -0.971110108608764 -0.585615986812126
"59" 2.92333403803469 -3.10737279648007 0.986214604004388 2.92543280949305 1.63710807557285 0.95055328204201 -1.05574315693727 0.301651787439875 4.43496304765598 2.95549295865064 3.71505696119942 -1.91589584475826 0.802056111770914 3.21656637627197 -2.53507843546661 -0.427271219165138 -1.85352333603859 2.04782711315141 -2.66416194017329 -1.74862466591282 -3.71564542116168 -4.25421114347945 -2.66407240884789 -0.634699220808624 2.0676452539867 4.74769174759234 0.258893273772362 -2.99208520112643 -2.77359391366315 2.06506743723219 -2.29182220475664 -2.79870511494246 4.75352529672942 -1.28292001491518 2.09847517247235 0.805224553746852 -1.073322267331 -4.97640556099896 0.946769413234122 -4.35550849216939 0.213787753199418 -1.90805416981343 1.60941281871068 -1.11767230521685 -6.46143563193931 -6.9350575963248 3.61614859742663 4.427946835231 6.74473487452888 -2.09919279465901
"60" 3.32003619439018 3.58090143180398 1.70679402439802 -0.251162998639789 0.502130357452163 6.87304140129506 -0.68201275471629 -4.4378641716016 -5.92721429993418 2.3735202400677 0.0054360694567391 -1.99953991370459 2.54128896533706 2.13793761687116 -3.48101063625649 0.149609106092778 -1.93105177649892 2.94131495583324 1.70361830359699 -0.586640399405962 -1.59360130393986 -0.0972797430668943 -1.62803445812037 -0.10992882913267 1.57676066651641 -0.274683635616307 -4.47511905984849 2.49237980694697 -7.09555266912409 0.107816921035364 -2.17051047034642 0.930018226776927 1.52036477863666 3.51778101176496 2.45631620666482 2.37641243722457 1.70810947709137 -4.25433850220518 9.4102998550877 0.0385232768979213 1.1545343316455 0.920749532907791 0.281441137772939 -4.25565513157639 0.857273601471042 1.63732007361514 1.59345340569594 -3.37982434705415 0.402916678411154 -0.482711092064848
"61" 2.45188065594685 -3.59031915487549 2.98309325723348 0.731866230051817 1.65622207150615 1.02903897738534 -3.14980549725106 1.36267913514496 -2.68550558152436 -0.202508708608074 2.11658509626062 4.61533420106569 1.24120395297285 -6.17457352128904 -4.68532372204098 1.44008109038691 -2.90721315783758 -0.341348709754905 2.85721942153496 -1.8645400295325 -3.6689098658625 0.734087971337015 2.25911153130008 -0.187196906116792 3.01435478556199 5.82543849389755 -1.50800722258682 -0.558719935908731 3.74606244475056 -2.31025741301954 -1.92068762778851 -2.16368209643912 -0.430625655139702 3.3082566025686 -5.15067658576712 5.09372689155031 7.5334181737362 -0.832358583516967 -3.97323052158318 -0.471661741245028 0.649835422699416 -3.48965368019596 -3.21656750973104 -5.36058348308806 -2.18042989554076 3.58818046575289 4.45256334979839 -0.251009531395875 -3.54642940199675 -1.38337956533394
"62" 3.09828687353804 -4.56380320993063 -2.14853798701449 -4.83694930679311 -1.08329395433513 2.41800635697503 -4.17417744672953 2.63084206924354 -3.46785818629174 1.57176980761006 0.257595880868973 0.811632816473928 2.24066668289556 -3.27055467259315 3.33272367981237 -1.96006080555036 -1.35032203189253 0.239836339924713 3.17364751470182 -2.06880274857059 -3.61083482974817 2.72759769228203 -2.40414005958031 -4.21695989332362 -2.62899665351138 7.63429082586129 3.03477460261621 -0.37870076594196 4.19925802804781 1.17805705914755 -0.00648710850239987 4.69431577130694 -0.434342482450607 -0.759982815860249 -4.80672857392702 -1.90249692566695 -0.0529798767981759 -3.59705814793845 -0.866830041893187 0.15096413049654 0.420238587188045 0.512265694162032 1.82369403337382 -0.140056973810459 -1.41803663171642 -2.06248494207197 -0.91010824304836 1.47634687607374 -1.1268391682352 -0.445240278191639
"63" -5.22715445142011 -0.0135847998001168 -0.398610936427389 -0.978890047325843 -7.64785550961509 0.627862602220829 -0.781261370747262 -3.82919185817412 3.52642829455648 4.53084125189297 -5.07972288225736 -6.55775023058435 -0.77889235097987 0.227791315451942 -3.10550785768412 -0.222712304996655 -3.59009490612285 2.55705299860007 -6.62028513860287 3.19087103113132 0.157205296806802 2.9219187194542 -1.69294356702998 -5.8230411736487 0.319936593410941 1.85163782214398 -1.51795942668245 2.23078417026293 3.40327581023067 -0.0160818566845408 5.47310977817481 -1.03241069172675 0.371043012084531 -3.01577210302544 -1.15058457913163 -8.48290394813044 -1.81985813364813 3.05487248543955 -3.27060965061133 2.30661522058914 -1.83295063125213 2.67488196328787 5.81123269682731 2.0643340529973 0.824271464715219 3.36828350250203 -0.366663361237675 2.62976418994366 1.0371213106823 -1.42049629740889
"64" -4.51189535318948 2.04577499280533 1.2122098980884 -2.85601983755636 0.470587747133258 2.89262605576233 1.13113982347847 -0.135526314573737 1.80751815226803 -0.00951247843772714 2.93393753033909 -1.61483109985025 0.24398370560348 6.21254931967237 1.29400607416896 2.18295532898686 -3.76569195577646 -1.99101794533055 -5.55701990116719 0.817681639416531 4.4947370038789 2.20288148161747 7.76513179230377 -0.321054961318627 -1.27826045397801 1.6276162835774 1.06017539551003 -0.734464239775627 1.2521982244407 -1.44542315281794 2.24469924689252 -5.37901031314555 -3.19969396945138 -1.92719114876416 -1.83491648262037 0.200831652137046 3.03832522825602 3.91561094720952 -1.09206001649926 2.49088879143357 -2.39707513447668 -0.697767419347263 0.450096579682464 -2.31648697364174 0.741745654096206 -1.91288905822998 2.27131668616926 1.53245898693997 8.06199748926924 1.0944278943935
"65" 0.658736459056497 1.56930679410906 -1.88516646473121 -0.5764751967089 0.863679487854727 0.125372443894782 -1.5253464179708 -5.3882185889937 2.3425691610163 4.6807819889258 4.35296960952604 -0.707516627726153 -0.249908045667857 -2.5142609312964 -5.07936545208785 2.62905215466619 -3.25996217904907 0.287903264214972 3.12856580410434 -1.26434694224641 2.3493582121888 -1.21782758851627 2.8659120292325 0.0514087156194647 -1.80116537102891 -4.39962034156289 -4.82284440606764 -0.888841962460395 -1.66496055666594 -3.51406017450416 1.90497960690229 -2.52670264194053 1.04705926717429 -0.327245504740847 7.18175004736 -0.661218850073448 2.20000800515449 4.21084172899467 0.774477915423395 2.65723640978871 0.654335640047663 0.780879100637613 4.01424770291801 0.333401095232073 0.195500507610151 2.34456927187492 -3.62382841470835 -2.06680198647377 -3.12072966074123 -0.184634707903853
"66" 1.61799881777361 8.07947909244461 -2.215469152941 -1.21534489528268 5.71376603188995 5.88361737441649 1.65753409832485 -0.196336035628306 -2.1290731126876 2.14391287528046 7.11108214419792 -0.703125060172523 -3.94854381021319 0.979074543688838 1.88058868066668 2.61162382869491 -3.86270512278193 -3.25278020414145 6.07963253195184 -0.531331539976624 0.976756667567303 -2.30565671549069 -0.768143964375032 2.02477606619135 -2.26725212962576 -1.50957802128704 -8.37887412495873 4.39992247131738 -0.886594105340052 0.92232423939893 -3.97708616110464 -2.10076074272628 0.748241384865237 6.86909624795096 0.33699917305592 3.32551614956509 -0.75562967156163 -0.167393520357651 1.45854061713829 -1.33137772815939 -0.156657344932161 2.46739150962898 -6.42687584420324 -2.92478255313258 0.734067605217889 -0.419448026563978 0.844364347549457 -1.03266483359639 -0.741323189479801 3.3487538726044
"67" 2.28232982348589 -1.25987794893439 -6.22193632115375 -1.46166176232953 0.252787827013647 1.83179708271774 -7.41976279475525 -5.25850452333946 4.04942501912997 -4.05738599518416 0.15573021963554 -3.51386630670335 -0.0926275678177736 4.00011635071727 4.06639043927242 -3.13801334549327 0.733388300777006 0.752102690418961 -1.32040237432003 -5.33150665914697 0.893413815586847 1.94288657774892 2.91062632178331 -4.57758781276888 -0.0129992096648421 1.09526812177367 1.22001022375828 1.92643489838124 -0.987919887527487 -1.7448234587779 -3.43468812237679 4.75820454296534 -2.91867991697279 3.75820982342545 -0.212754751455675 -4.50495473444124 -0.14398447197969 1.7277664367979 -5.11648901998349 -1.69913518614042 -0.726937826092019 6.45401572027428 -5.76096074293911 -0.991371933438854 1.96931387542257 0.706681276942745 -0.257762435012899 -0.490793492447469 -3.10493344463179 3.51951638261919
"68" -4.13755535354407 -1.63863260881302 1.96021379004337 -0.277802721887175 -1.77522054909316 -3.99100957079586 0.747618714423823 3.14331059629327 1.69119424640887 0.309251991735093 -1.06376892586725 1.96262805751041 -0.101379476219949 -1.13246226998924 0.967102977049121 2.04599978335323 0.590409041318185 -1.82672723446148 -0.141819591925897 -1.3935662519626 5.11764340090936 -2.85864921803281 -2.38673061649283 5.18805466574233 1.57097649072995 -2.03424627988687 -6.58801992481744 -0.429379514527796 -4.2911246462947 -2.90583313668316 1.60326947775065 0.262865355399447 1.38064124408636 -0.206709262567144 -4.3368604810901 -6.9600801004602 -2.96993514082492 0.263547844661944 1.3874001767012 -1.08889366746306 1.21010844609255 -2.47730097755824 0.793063001859317 -3.94435442588126 7.67453593796267 4.03061529126087 -1.88394269383577 -2.65224200350792 -2.26047838075257 5.09963078325188
"69" -1.72239274295546 -0.631486744232303 0.578654160741361 0.418065385601596 -3.68261243377065 -1.63648550778504 0.631643700909046 2.36065839588888 -1.81520728393059 -3.52269888987609 -0.452623231287035 3.09213850689681 -1.19618180425516 -1.30732507092287 2.77973616109929 -0.635924812947699 3.92589963478595 -1.46777427744635 1.93698988937859 -1.06111681946491 5.28910301183793 -2.13242069072739 4.12948363097591 5.80410139725941 -3.09937585639651 3.71880276859294 -1.87269434826373 -3.32801125631975 4.96352674817447 1.89505859874525 2.94187194088258 -1.52305728467661 -3.26581625907096 -3.58023343822527 1.142233808978 -3.88281323687111 -4.9118145409144 2.12455276022704 3.52070842342537 2.80812945282205 -1.8735165811463 1.26188698921952 -1.93422137154302 0.512192426827519 -0.463946632921328 -4.0849810167572 1.42164159369183 -1.71065908542601 0.000483817591507959 3.00914988785625
"70" 2.7964258823154 -0.423922318144937 3.83683648232705 0.746868918643969 -2.49157665256527 0.694358362581904 4.16729917038448 -4.57130293421948 1.38880052076719 2.07776688333778 3.1623061137946 -3.37252723775924 2.20192878665212 6.04337372519417 -5.8067298424601 5.88487132452203 -0.460818746655048 -1.55441988680758 -0.654428429547955 4.03877948848396 0.577609982160165 4.43160503525879 1.43360619192697 2.77914034403477 -0.0582916309767253 0.00757161933619499 -2.21207631086009 2.03935863836114 -3.78655064642389 -2.20846204096899 2.89443995593264 -3.7014231548903 0.819035735378651 -0.520365230557786 0.708839792600624 0.85934957110616 0.433774573448978 -4.43117576514468 0.248445950674227 -4.92610264227826 0.813108641567084 3.78797886329166 5.26357577782041 -2.45380187292992 -2.1047228439522 1.21257078787388 1.97998817615096 1.7958233455913 5.57006753731505 2.62747904049162
"71" 2.63938160894625 -3.33031563015062 0.13745515843512 4.21291604388589 2.2780614414473 2.57953504024204 -2.95130719074651 3.87225083230209 1.60330920814159 1.31323021733887 -0.407284788737805 0.355411796478491 0.404302803000387 -1.35009841962388 0.616345984717781 3.59108472354973 -0.328193620807182 0.667417206407807 0.296759634015171 2.87967309987254 -3.39616123496723 -3.88661273894659 -2.05441326254361 -0.367120130837638 1.91884493977802 -1.79459683485681 -0.650075425418104 1.34074186589456 0.960263421941903 -4.77398017117021 -0.550419282581959 0.0625798560353622 -0.557676190202382 0.796930317370888 4.404062294944 3.44543542116983 -5.31847418457954 -0.432042559261491 0.389190886161349 -0.257044175440159 -6.33993452154169 1.52390758032548 0.619133987042248 0.868846072364643 -1.96975296360714 -0.0535378992935116 3.99936358663161 2.4531718017025 -2.12361841251019 -2.17703439493124
"72" 4.57202876239138 3.02683005835485 0.212039999706905 -6.45157806885679 0.471141778615461 0.105627821976624 1.65800295153583 3.04203721264722 -0.198293655953453 -2.70568122858408 1.4158231219316 0.255712361394013 0.107620989241383 -2.63892222265834 -1.95936056880223 -0.549025090385398 -2.27473877004348 -3.82293555045605 0.512464295036556 1.37636818734138 -4.20456500397514 -1.18502107241446 3.59890713419188 2.60360243212793 2.10375989913199 -1.77484101605537 0.0543479071829252 2.7902689706697 -3.32115524895683 2.5681673449993 1.56165948614176 3.65284053986838 -1.90148476182503 0.319540549102015 2.09493255809381 1.37485733941612 -1.76678811522112 1.34547618868366 2.2642363753923 -1.2557445174347 -3.98097479371186 1.92641739920921 0.0968186365702529 2.76777267416263 1.71109292817586 -2.62145887830138 4.23938715597008 -0.142586466292476 1.15458650644736 -3.32152975569315
"73" 2.48901123154767 -1.24363121036627 -5.25527466398413 1.85371568351383 5.0212730578374 4.65056477127511 -1.07382247320855 2.55404118178992 6.77967247807028 -0.995057397298415 8.31690348046975 -6.54471064560127 0.32340974537097 -0.518209845004183 3.04957466166536 3.16675574925319 0.508844731601712 -8.20548703220766 1.89780539254329 4.7719966703702 5.32177046442648 5.26033836232626 2.58073108305569 0.644671199283472 -10.8154956259032 3.35495951530159 -1.89583233940309 2.67058808882696 5.32096045015182 -4.13668408859712 3.6730965190057 -2.07245917026468 -1.31228012974021 -4.4399829681384 -1.55385869711327 -0.0536322933432688 3.42036147448526 -2.3373890268968 -1.61799108993099 -3.17317682962854 9.42778873737422 5.04096243150421 1.3070320959236 -4.22669001193941 3.72677774680693 -4.44960936780585 -2.18848393766986 1.04710213569191 1.15226418233006 -0.37329978815874
"74" 1.84636211530808 1.3469523221306 3.21985996235383 -6.56250077848042 3.01376599574529 2.08424453595658 3.03508683504316 -0.428769775972043 -1.97580818922613 -1.93544001178599 -1.64963047930705 1.33731620922272 -1.62507940350572 1.72611122718175 1.4103843080907 1.422864647312 0.178612783882737 1.01868333452852 0.740316372590384 2.80461872861752 -2.01844901652227 -4.86147179151789 1.8700719137247 -0.0655466563869828 0.18112419182271 2.51996569124508 -0.239804790856343 -2.72125660859366 5.09198786104782 1.71942623149041 2.11062048221276 -4.30267789624352 -2.20905000046402 0.0220848647952716 -5.11110459394838 3.20163008567053 -0.00169811237095725 -2.51873284719937 2.41004830774864 -2.48647848934656 -0.105560325123651 -1.18248797210662 -2.02955390999603 -5.47332095843666 0.479494663948952 -1.32760460059484 -0.510628418451915 -0.428294099413194 -1.77055482016145 1.03247692257065
"75" 0.0245319956890676 3.03362296484703 2.16652674849404 -2.56679848212643 0.238826295411011 -0.989729507449386 2.56682635391437 0.458512435262774 -0.05477296369027 -2.579862967234 -2.60218715016342 -1.66520522041487 -0.110776418456142 2.30994407251996 -1.59785684606356 -5.38764056314256 1.40399688937639 -0.717636768706274 0.90641589295405 2.42926189724524 -3.25652948733447 -2.02180764000665 -5.31447964145768 2.37617592806106 2.59874654195955 -3.42455569728676 -1.14784258758047 3.78567323966556 1.04248119485658 -0.786733205229201 -1.09980858637047 1.0521687153748 1.60477603623469 1.08824934027001 2.04736169868752 1.26731716695272 -0.377953093346438 4.91036993543894 -2.18239664807876 2.57173546354203 -0.384360495098542 -4.58188806840162 -5.1243770033908 1.89232805515851 -0.209638243695661 -1.5096884336674 -1.0411922632989 -1.44796506753272 -0.859820464929122 -3.38210927880779
"76" -1.81313561517193 0.755115757735771 -5.07963636207263 -3.78486587959353 -1.38525687331628 -1.44906120615205 0.625467488175437 -0.96435166367015 5.48698786976707 2.3241938259132 -1.81199313989555 3.47749685183987 1.72186435903438 -4.4152279871083 2.81299918048168 -4.53952493648194 1.41223484922675 -2.3837504683519 -0.595689641895893 1.71152201033969 -3.02176545804029 -0.365544159514309 -0.1923254145902 8.24097537705392 -3.15215569486885 -1.72847167652898 4.69990947088226 -1.94066418923295 -1.99860749314161 4.8794547145473 -3.25274189754714 0.00919523136100872 -0.32424516118099 -3.10753542674435 0.269089493330053 3.34718289342355 -2.61121165854303 -5.13435628325097 -0.875182937496492 -4.30245208179768 -0.0294657678415089 1.25879381544473 -3.40407312599652 -0.0174275337979773 -1.16309285031616 -0.150996707614346 -1.82788213956322 0.246743854585171 -2.04914458188061 -1.82163310307296
"77" 4.11518596744808 -0.433261785131808 -0.869723927415611 -1.12087069251082 0.620415549529149 3.70023506690222 -1.5556319626028 4.00656980453178 -4.68582677019328 -3.5993067190139 -2.20465204673616 2.68616110700111 3.40821944951866 -0.35861527895585 5.98572888140728 -0.0833928003842327 3.62124684107154 -4.13452897560352 1.33899307046618 2.57858055901883 1.9796679833411 -2.75992914080979 -3.7549144352746 0.237804157327593 0.267446726902351 0.772618607591693 1.31240276892352 0.724147714166076 -2.47690607739105 -2.09599974734754 -3.62798175589748 5.23018925827496 1.18581699836142 2.40871486003746 2.82834334428502 -0.584705481927851 -4.04506874513575 -2.42865942363386 -1.5822136759853 -4.91398723585026 -1.08936225157215 2.43885545591009 -0.32538338451963 2.49045280524535 -0.715160466613182 -2.46008585855976 1.81703016133495 -0.976756303364514 -3.11061749264299 1.85323889325603
"78" 0.41215966889899 2.5610069825716 -3.98886006045556 -0.9782301769837 1.76437887471486 0.45316287369477 -2.30042873982095 2.6330648395338 1.55007598676101 0.431502569003362 -0.347139288472611 3.78724110704356 -0.891726790597347 -4.01591743602815 1.4398545254275 -4.80195271324515 -0.691153474766277 -0.750536053818008 2.63315663462945 2.55154629054303 1.08228570903553 2.57470133128959 -0.0142023833614592 3.46137264572334 -1.66501013329523 -2.32880092527865 1.63805760932104 -1.66472040151318 -1.33925806995515 1.1465790030408 0.181034974404013 -4.85053815315872 0.211434527984548 -2.74139281579969 2.48402703728666 -0.0983647464599604 -3.42140086714715 -1.48336955936026 -1.66100688239206 -3.1298315601494 1.43381989973538 4.60775917616183 3.91368138615605 -2.36655058231811 2.96878761530658 4.39447364205938 0.916715574718724 2.12771397408525 3.69292960901144 -1.53187252055488
"79" 2.8373812044859 -2.78471402083062 1.48890382088279 -0.151816894412804 0.230557044922602 -1.65224174082211 -0.659525740922682 1.0537490838984 1.36748055927442 -2.46127191595022 -0.661007894025796 -0.865642667023772 -4.60508443938561 2.61303639207899 -1.87837156463533 2.34486674095457 -6.96371506115169 0.286901018404066 -1.04189136029386 -0.588735304355965 3.39167554944856 0.58120982408528 -2.44898367626274 -0.289917445111747 5.5642876850402 -2.18367857655576 -4.34978961858356 -4.64167519238503 0.874452727425911 1.48580648850595 2.63955139994784 3.07962634836712 3.88197539584255 -6.65555449311514 4.66848735736996 -3.35503373666531 -6.77913738268703 4.12287325061533 0.29590342706145 2.0240305911547 3.14614995175918 -3.081572370215 6.7599684799499 5.3411338703381 -1.83718436908397 3.44597035168247 -3.51282640141919 -1.60898333792029 4.55712233022091 7.92831690100283
"80" -2.250460263165 -0.157734333577938 -2.01324406035442 9.07949260499972 1.59507075132287 -6.83409193220803 -1.49270908692798 2.48949400370265 10.3491881326941 0.808744007668294 -0.570637777539719 2.59890198941146 -4.58109537648501 -1.11524665067853 -4.26469431167097 0.83883539794415 -2.49173439906217 0.504141931124694 -2.39004584298322 3.12348531022425 3.55158535443972 -2.57798724785505 2.7545737956963 -0.348022425509263 1.6333687479273 0.875134786508566 -0.567163249665695 2.70444710127165 -5.65017522374851 -1.72593621420244 -4.95889545566772 -4.38299610689891 -0.207557421877804 1.28104269428969 1.13089891456991 -3.34911994653314 -0.941822752978745 3.80635747571818 -2.31325644743405 -2.87100617105936 -2.34618942881381 5.9484090357454 1.13339410275611 0.891004836500854 0.768782431885218 -2.60820883847903 -1.59458978612347 3.67797833583622 3.21608420849762 4.40783988934856
"81" -1.77916484239825 -3.52675180684543 -0.0451990888341567 -2.44975040623392 -3.58676620578039 3.07876879738938 -3.38183763690913 0.552834666028957 1.1590481492697 5.05833175176498 -1.08839556171983 0.604158100477144 5.14227627257857 1.72169475541175 -2.20139931538942 -0.0791592340823511 -3.05197151403639 0.0603869102968223 1.21694042531246 2.9250168735756 -0.0342535268943325 -4.72136480269824 -0.705084928696105 -2.13154951164661 3.20469352336796 -1.26693894353822 -4.72769788711972 -2.42437039404273 -0.189218242735225 1.58794297876502 -1.81009295217613 1.53281285922096 1.96031854603685 -2.63223636156646 2.03907863272547 -2.36218358260112 -2.5341720244625 4.76385666386366 -1.21094009121307 0.46869632009647 1.01206926975199 0.276497619584211 1.67773305671023 -6.22077398699802 5.14548943819582 1.9421989871609 -1.223338000473 -3.34804306243539 -0.0996944185157878 2.52348817333674
"82" -0.59876567570522 1.02223437891032 1.28608412753125 -5.92038551604886 -2.23360341853493 -2.89497021254821 1.64399763037074 -2.87440180271065 1.56627546897499 1.09181313885212 -3.33271099702666 -3.2207015263458 0.600879947142029 1.37453638801593 -3.60594302308255 -3.04941584255313 -0.725828776367929 0.0374336211792987 -0.358074813018316 4.34542264780981 -1.16701858403812 0.142814061337285 -1.86704537830676 -3.07729072195083 6.00591906648432 -1.37635207946975 0.92905353387083 5.91389378016801 -2.05408216461119 -0.742345546347166 -2.19083991944476 -5.27607516917355 -2.7008441622244 5.09692335534657 -3.10006146732591 -2.52597762655413 -6.88567699208121 -4.57176341321701 2.10390696842882 -3.94517340527427 -3.45325698373455 9.56624087119297 3.42763628443536 -2.78322748893584 -0.347073175694214 0.216880163022438 -2.75489418379391 -2.21053805550105 0.503054796986185 1.79872615560201
"83" -4.10859807596786 7.97012680020425 3.05012530405048 0.511421490582049 -1.47367335201396 5.42070399093925 1.19044812834187 -2.43287830343079 -6.62294678308019 -0.841832970008007 3.86100033771874 -2.7271110353625 3.25267631580856 -1.73783710754541 -1.08793058335432 0.664697686262471 0.573230571735237 1.61530004836142 -3.97922480469918 -2.46583459428623 0.57635167640898 2.70401212219504 1.21931381387085 -0.109717893058726 3.38722108782092 -0.000674240092132616 2.28073729842832 1.93716400317359 0.0272124611352394 0.0588241348947902 1.25104460052277 -5.09060837109108 0.733432599939378 -0.223789151077023 -4.67259429735569 -1.06815108407715 -2.2639610034383 -1.44197319929246 3.388284274339 -0.109627676486164 -3.77129187196493 0.0980090587586561 2.08118122568498 0.702045440053295 -4.81253090284373 -3.07068984409926 -0.797038967388556 0.862876514937623 0.409940993159375 -2.77119998481858
"84" 4.84577685594754 -0.435526398188613 3.56304579466353 -4.56363597338036 -6.00710339852196 -1.07105748040763 0.262173754462087 -1.19397021735363 -0.859561919179436 1.00564503450901 -0.159041055755892 -2.28001217122514 -2.46762232727441 0.790939179343606 -3.91291705897608 -1.55529046953341 -4.43210276239033 4.64918178670186 -3.85926414616992 -8.16517693418456 1.82553708242296 -1.11469855115839 -2.66917965650139 -4.38919328600158 4.30881796766039 1.38043994103961 0.846815410685002 -2.07100114937711 -4.45135227869404 -2.653308096879 -2.33346871744822 -0.607217743100563 0.524420725483771 0.62361831559796 -1.6027158417677 -2.3774712072462 1.8203799794259 0.26928548085941 -2.80498846009549 -2.99499423196706 2.82914190587508 3.1581799039622 -1.67055748687285 -2.98503304292817 1.21521290391138 1.49987234954844 0.855644807244965 -1.30115053418289 -1.08605745672218 1.16803601735402
"85" -7.42898744886429 1.24564480878157 -0.502495211230214 -3.95211039156696 1.23522136871049 -2.45271416052265 -1.89571989749266 -1.18076351843495 -0.0538397641041376 -4.57144141568074 -3.0304247408144 0.219203932990001 3.66626776799357 -3.85589314006543 2.53652814855122 -3.55674551537829 -0.038300540257395 -0.173529768871636 3.34512143119507 -3.05888204485154 -1.80179201997775 3.37933762332896 -1.55052727481304 -0.379043401568994 -0.782577999244504 1.72633425098779 0.583073448309809 -1.70380151987697 1.45398953536088 5.10830550497315 -6.0042996962823 1.28638335685468 -5.70418644337041 -2.76533894849417 -5.10248650079941 -1.24256619458075 1.00165823463352 4.28774250952255 4.06043879268862 5.07807185543095 0.881499718060371 4.98841139310171 -3.0877819151692 0.157654441508639 0.0413302498342351 2.3851827917943 -3.24740814629737 2.8939039273383 -2.05002674544799 -1.58487778927139
"86" 4.44979461819002 -0.417603645286654 -2.36036353915046 -0.811409383294492 2.98853080199012 1.02588022121026 -3.10705579003578 -4.02198220742422 -2.89232032833511 -1.13595089785284 -3.58033021454285 2.09365940144033 -1.80358274396266 0.94627975019463 -1.9973651854755 3.57953709275378 -4.50945212486 2.99291788678653 -0.684103990231294 0.215989623066883 -1.00073365531372 -0.487089055564047 1.93901392315904 -2.18582409370331 -1.90775239106057 -0.629120969207294 -0.477187120505421 -2.16568753865604 -1.29566796064125 0.782151188904746 3.04898529036654 3.61422769321871 -2.90536412220003 1.07124094517674 0.141885379148508 0.358681475059564 3.59636021750218 1.53919331431203 0.907384472659788 1.29314773459759 4.98964536322742 -0.0957156370837212 -2.81433072056313 -1.44538315787832 3.54097392312891 -0.154145156875977 -3.46344281902017 0.3229746673384 -1.68238344559564 0.365747510300858
"87" -1.2349266011703 -1.09241542569531 2.42450687558869 1.06476266762245 -2.25372463330939 -0.984062962908052 -3.00364612629042 1.12350253554979 3.02875079034909 2.32976747632152 0.899553425259605 0.465422622824189 2.62568439456013 -3.76295974967814 -2.78105878841388 2.85015782506655 4.59861875142191 -0.660593279317704 -0.353504186993025 -3.46377081372143 2.39438323618018 1.54563926413123 -1.30888366793224 -5.19004238344 2.52708274254529 3.03209166593407 1.94574396441214 0.0268693399760802 4.1417654375011 -6.04766934781853 -1.27892324069127 -1.61378247498449 -1.11869424129943 2.74595020349868 -4.69373941269528 -7.95233610428857 -2.7275462826542 5.23371707164944 0.922580429051356 -0.130760779089803 -2.48114541485684 -2.73003909038134 -0.0716303505328192 1.16385644724359 4.11142216972396 2.20622118218587 -1.2792134645559 3.63879389959924 4.47746965998788 2.15310145197129
"88" -2.14306224095938 1.87205573040104 -0.158265029514201 -2.7493123322761 1.7491524739916 -3.73334890755879 -0.0450660460458949 1.4479276596259 -0.0273603692840263 -2.85378734054316 -0.0705737103757594 -2.07150056855742 2.97394133866483 4.49997626910113 0.0382342390546125 -3.40694419183572 0.324520128968818 3.25100695592469 -4.12229606091765 0.681291179942462 0.827721341149205 -1.97405574664779 0.980011756822529 -3.39540305395042 0.303639950785537 1.74217572404681 -1.04845861136721 4.31270934338875 5.72341242702716 -2.86140513819264 2.90699350275069 -3.53994309625335 1.59132406126399 4.74027902907706 -3.95584143779552 -0.403584651762442 -0.455540513941101 -0.253951668444304 1.98348911499476 -2.03753045772014 -0.785188383101128 0.8229158956139 -2.09145133177005 -0.915267123968569 1.02137671128482 -1.77320105521386 -1.28944633294128 3.07335922071899 -1.90901183762625 0.512848093716464
"89" -2.8803663014648 3.03403027550149 0.540075242864635 -1.40950041542208 4.8952548265452 -2.71995319498085 -3.17604762272464 -3.51466780576655 -3.30032404968477 -0.684922019324772 1.9683875591979 0.32628000760605 -2.10643937732299 -0.919659066593133 -2.70596246531828 4.86321021523944 0.615211569264966 -1.9551863597151 0.375955385765937 -4.96146434057706 -4.59505774331248 0.441842436823363 -0.261848160473321 -3.77042204508427 -0.332256333695198 6.54703093753865 3.97865587666899 -1.2340998728934 4.49415749323649 2.36014047202976 0.796007262167915 3.53004041100545 4.47416149950897 1.26160153869405 -2.01721858675114 3.18408409343656 -0.473153775734873 0.593434886083814 0.010336790209082 1.06576584278032 5.72735103472404 3.75913579193826 2.07992136171451 -1.22770385850447 4.59212668093614 -1.98237073563139 -1.44120273752659 -0.948288853294521 -0.98141739176514 -1.57317408650205
"90" 2.70965652278302 -3.05550680866649 -0.709749120499873 4.23072247974372 5.24405280238835 1.29546275457818 -1.6182154152089 -0.0730678549328249 -0.0419546780913218 1.31184962418616 2.97637847467226 3.59593681444435 2.97423448481578 0.260843504838649 -0.863298107288371 4.54308406795308 -2.02670072823181 -2.00962949582097 -1.30020078786136 0.450561402016184 3.27752948847155 1.167445574292 -2.56399471289587 -0.418066009317695 -3.95586077017098 4.06151003230941 1.91384431571584 -4.38118358325824 -2.48969140154385 -1.24752193399505 2.12271394206531 1.32137047441641 5.04902823105126 0.785622323700792 -0.594226780509824 -2.13815770921973 -3.64018495505341 -3.72891320472039 0.0441455722900831 -1.48548154196766 -0.858949637538911 -4.1110211990634 -1.02392641694707 0.662320721571956 -0.036352676150798 0.480561747939307 -2.14119561768236 0.329240658537064 5.14548973807329 -2.08037384386167
"91" -0.359449384320518 -5.55834301554238 4.4746137254334 -1.35959348740271 -8.23143859266751 2.06384443648709 -4.51686625647446 -1.81972256934494 -0.410024115671001 1.14075882974729 -2.0635708904809 2.71727561298547 3.89838445463889 0.747928902249472 -2.08979324109098 -0.175706029733965 -4.2147321438145 1.73356558543104 -7.83630427833447 -0.51490208395286 -1.66002454031332 1.0748745494027 -6.02699068557167 -0.4910248652164 -3.59664449907184 6.57337476840256 2.11970463974239 -3.28689503541685 -0.55415919938382 1.31183674805333 2.00028837300878 1.75775936876247 5.78482816693274 -1.68841853203036 2.4906736287331 3.99017994184232 -6.76276737948727 0.0545653782281857 1.94363053562424 0.663203087568624 2.48620214141997 -2.31941625391407 1.30095064137754 -2.58242574353105 2.85555241937666 0.597388542979693 3.4229012567481 -7.32919863552816 2.48197636625508 -1.65204686333276
"92" -0.95466053152666 -2.89668091393161 2.53960971683634 5.21755715972733 -1.18516953728213 3.98024000459007 -2.20996737565905 -0.28460394079318 -4.95041626284735 0.0677362774715315 7.16303222675378 -10.246380084338 -0.762540175894164 -2.85450473564113 4.5155879978904 4.39284409522025 6.28155742956038 -2.19799010030013 -2.29240200878538 -8.18013815382419 -1.55178868228597 -1.87210352683886 1.89718802345079 0.0796220362235451 -1.91728604731266 -3.7932538748007 0.347669474694394 -4.6384627694803 1.04533445001864 3.53518039935271 6.75604651682846 -0.508306539222248 2.50257577914354 3.06154389823965 -6.48166064748591 2.09234253523633 3.87035529724123 1.06284873687644 -1.34544035110313 3.15083464120332 -0.206086889200803 -1.98082059918826 -0.767075894023008 -2.99529890024012 4.92018448849786 -3.65756970993183 2.54271362533119 2.64970522825507 0.672006149900028 2.67149648437584
"93" -2.05324003381249 1.09796172121147 -3.00490059058578 -0.506928126846102 0.312535928737796 -0.0382613132388932 2.61509481722861 0.297546038155795 2.52197390113632 1.83681334164951 7.04503422031688 -1.47164362436939 2.21699581346208 4.11128059705365 0.981886289970839 1.33039502181815 4.30918424907856 -1.29563819005685 2.86341514412603 0.220740044408208 -1.03906867383594 -0.459245248314337 -1.38132993449978 0.174659454647156 -2.93834242241883 1.16064921212518 -0.142549286674188 -1.71531618363663 0.0127333636501901 3.43364583917721 -1.70565830394378 -2.47767938157337 0.108644423818691 3.41586328522041 2.04169134684224 4.09672421035924 -2.28349889507875 1.36580928399383 3.8332603414385 -0.292877092644307 2.93663001997784 1.97437667593496 -0.299188164172409 2.41542573152092 -2.54251172941478 -2.75654104319398 1.3208303533759 -0.244845280542502 5.11269315655044 1.91828006550198
"94" -0.305940135790837 1.17971711631549 -3.11898128643349 -2.01327026818685 4.56073449158929 -4.39224342375962 2.96342795743497 1.95450768463089 -1.24573147800108 -1.61517095622378 -4.06811442861815 1.68703538075471 -2.20484334593459 -1.1323809650381 4.39717484035446 -2.75334476435414 0.163454241734269 -1.50356861703536 1.37808789389975 2.25447997662055 1.57427425172811 0.919331178676504 3.04390575688555 -2.61545409295358 1.21821301011604 3.73738521875724 4.4522639543089 -0.9392360013864 -3.06131160573279 -0.0635702909744643 -1.59655674662909 -0.0268755290111083 -1.91720558448352 -8.50608950906699 -4.89582762151695 -4.76966965393854 3.5932334760338 -3.36798175755626 -0.147403001822004 -0.844769751638443 5.19086343571512 -0.543754372368981 4.69150208866491 1.95865642864699 0.185697457947598 -4.26037692130481 -1.23918216833887 0.111495477808843 3.4029575105464 -2.25802173462067
"95" 1.06993857766723 0.817241916351544 2.70023134037168 -2.94152022443924 -0.394692066591686 -1.80618713317979 -3.22697505207726 -0.869039529955857 0.337184862248541 -3.75140237628596 0.990441329186749 0.515315872021573 5.93224302713111 4.3858625291298 -5.80754633126984 3.00008385615567 -2.71105573597814 -0.994386050518711 -0.49759158724181 4.01659688846475 1.08196404242767 2.11045996294536 2.35909249754762 6.60612348839851 -3.61565767885574 1.58095068967412 2.8753972250175 -4.08473941865954 -4.09615330327949 -0.0385913931354293 -1.77863705642819 -0.11514502503641 -1.42429768864407 -1.63788087897432 4.22847770289924 1.97612983109868 -0.775981607084265 -0.623708057513589 -3.42883584682641 2.32132192178853 -4.73394874020105 -3.18077757920414 0.570484642868359 2.33217605406419 -3.92501959763575 5.89796695750463 2.95864315849709 -9.03609156320581 -2.8582439443321 -0.70201623790636
"96" 0.0945808438078647 4.17035591148962 1.12128112092351 0.870899712307363 0.0678506696775452 4.29435163194638 1.55673252381068 -6.51980932354853 -2.75287868402465 2.158858050496 3.88330914404524 2.99087055339577 5.08624097136303 -1.16900354490985 -1.2090921864632 -6.04661010144785 -3.13533239382322 -0.461344225455168 0.91564734192296 0.701203029475319 0.970134568319212 -4.67567952144187 -4.26710297192682 1.60532465208795 2.90286995045148 1.30180772732358 0.231592315039651 1.92403212019699 2.23658969063863 -0.48893918568162 -1.70696095152698 -6.25172770989586 -1.19810164542496 1.6951315875687 1.1866411204986 0.368510853832159 -4.64033674829831 -0.957864369304922 0.220185322392248 -2.12843091599445 0.125596218653462 2.08223725652645 2.5194347198707 3.91798479266286 -6.0182002293361 -4.64736523229817 -5.79034976400108 0.31323346939125 4.46402891033705 -2.9815193510554
"97" -3.5128741512889 -1.93906445618377 0.502068794153734 -3.82587335773654 -2.14581321544616 -2.82405777023196 -3.93418380410643 1.64686597684952 5.56697035719765 -5.41440427077008 -1.83383592495298 -1.23176593498732 1.06718362921756 0.280827532138263 -1.89629472967296 -0.490211526351195 -3.205037886195 -1.00733229254391 -6.82364143160077 -1.77745141383124 2.53977542060229 -0.501645465901862 -1.00216340534986 0.250122326834535 -0.824662115128869 -0.902538185917625 0.942526303399071 -2.72125931648522 -6.71055920700652 -0.363725501403857 -0.6012749067891 2.70180476399765 0.666303941795176 -0.344063273277567 -2.05306221935282 1.89167496389785 7.73540824560376 -5.52466455935367 -5.13804647028203 1.8640065644188 -4.12541527953932 -2.13963041454225 0.288487060858544 -1.22960353324913 -3.76508986743863 -0.896984779136631 3.36803954628944 -2.85388936903434 0.219805281679642 0.179631506332018
"98" -0.379098696365771 0.814195660062307 4.10355891486769 -3.28131071777815 -7.4802542100634 4.83153976154347 -2.82865818925944 -1.98266796983792 3.45161150118609 -3.53618843486802 -2.05705670307984 0.149653034648726 -0.0256529146625596 4.85369395600779 -1.48643355483818 2.25297249038756 0.400477424605902 -4.8575296616236 0.517098114362953 5.9719339809613 2.07466641184359 3.69513966943126 2.34436776645912 -1.6407058079667 -8.38467829729087 1.9595823162426 -0.891638241296188 3.3001666396732 -1.86601152041311 -4.31734342024078 1.24812257621476 0.906846706744201 -2.8938554842189 -1.29643242793496 3.02765288255598 0.666709805622582 1.84962364877432 0.795187861295877 -2.82856643702304 1.42604007491119 0.103296107166276 -0.0886867185028241 -0.509077398718408 -4.79855773354174 2.79134888255571 4.27803661613438 0.891972121357376 -4.0445441099281 -0.846890050131864 -3.86747272306967
"99" -0.752835185928924 -1.93368383829194 5.32975887092178 6.31172411028719 1.78522817589323 4.51333207416816 -4.27602058668867 -2.72441748843446 -3.97817901066829 3.2140765253926 -0.588669170960185 0.671316833704512 1.95762416094293 2.75736543700197 -7.96606708617854 6.7326241565792 -1.38083457911504 7.57918361148489 0.369556598757282 -1.95222255987371 1.42656034358174 1.49337681159075 1.32826414981571 -2.57474659460082 4.17100237045978 0.00357975423324342 -4.45156624239753 -0.891246262204467 -4.87864506998743 -2.26739662293136 -8.17010243696691 2.0880881258202 -1.91456325009738 1.00546399025344 0.413337099933528 -3.53482426678621 3.32748700573854 6.49406820994546 -2.31169562853409 -0.593175456174431 -1.58786323559457 2.9148327979192 1.84935574206827 -0.265139543302002 -1.72626736759197 -5.79098788433807 -3.48457357690116 2.15077511869067 1.57226030733792 2.44723475040817
"100" 5.62465715065162 -1.62052373515992 -0.620518191091588 -0.493463837366583 1.09972075452592 -4.73989559425674 7.98215443041656 3.54405821852155 0.291990687076862 -0.910421798167291 0.0932116981715017 1.51326096789512 -2.30866321170236 -1.66796002251722 1.28778719116487 5.21073345093448 2.71971651189493 -6.6430614857268 -2.07757377639449 -0.250948643087229 0.431138108663514 -1.58521949913433 -7.110596483624 -3.52194959761436 -1.78365536951326 -2.14893360781614 -1.9339136224862 1.76703380941637 0.484149064603793 -3.62567788554904 0.133695334089914 0.691842899828267 5.2386691801767 1.40016712911615 0.7642396284093 0.0067881625932884 -2.74580779105241 -2.9168993421979 -1.52312763569747 -1.9674058954988 -0.307138042056016 -0.413784841446654 3.17988326587271 3.19594008783196 -1.14408862009122 4.26060715388809 -0.541528237730915 1.92470189958611 -1.09099936066144 0.441023001615242
"101" -4.19422504167758 -3.08482913050416 1.37100350663145 7.71542899382895 -0.863359154514971 4.12994237005233 -0.734014485851148 -1.72780993389815 5.9258739219891 1.54698866875682 2.14555304329536 -2.33142861791742 1.7451948937825 -0.939017192646444 -0.53244263984491 1.6162937654098 2.4814662123842 -3.56372718260102 -2.89700109145484 4.03927413005741 -0.579475507447424 0.293498995063806 -0.889578321204587 -0.227533843552743 3.13528722333832 0.71111899347809 0.59672730419744 -3.6571695609698 2.18643031385561 1.29185021299936 -0.34192847090824 -6.47790941919434 -1.72776437379511 1.78655920574898 -0.262516655519491 2.29220730036906 -5.09102378362173 1.17330630073332 4.70860537786583 3.01643599629386 -3.13952731787861 3.50004166455719 -1.35977915276596 1.73053045286214 -5.63848656873822 2.42071729455411 -1.40451205916456 4.07543653693238 -1.58075764575283 0.445659726605653
"102" -5.51462142924905 -0.744068206666043 4.25224686874753 0.145216690775197 -0.34252995622038 -1.80809717051101 -0.454382741762383 -3.6064336517114 -3.81572031999146 1.58002440685644 -0.0485422243858828 -1.91985640735609 2.47265116527676 -0.701639392193663 -1.22778458405398 2.52161644527269 -2.55447638075425 3.83358412963143 4.68556911153244 5.32184572835259 2.9379502394515 4.9546745447503 -4.42862271548428 3.42475161799028 -6.96698513697598 -0.399635899369494 1.78178217318669 -4.4953939062326 3.22432724727758 1.10261561007803 -3.92908749444545 -3.81524712610771 -0.525350644312824 -4.19201336980394 0.342098129276003 2.75554616921503 4.12086005975807 -2.40901630830942 -8.52144447094986 -1.23702356545425 -3.50392017842942 -2.85404624878498 6.0839747294236 4.83714601915848 -7.81878956167905 -0.756148009175232 -1.80654323139927 2.73612570760448 0.702176059608691 -3.1724050278499
"103" -6.14267853868945 3.31653335304612 -1.90713108542319 -1.58426871416116 1.20200398568638 -1.61632395813756 2.14967777814387 2.18759768712626 0.829001122441568 3.13075441895305 3.76303717872548 0.86645321402653 2.48600220156795 -4.61464409332712 -4.82667356871049 -1.12634932804087 2.51311574397117 -2.58466727891129 2.39584781342747 -1.79864016299254 -3.55305410290903 -1.57271711567094 -4.49271573657536 -0.521292732785637 4.07136276379015 0.763301971998081 1.17740884122929 4.44710519693263 -1.91373249827557 -0.82092026452151 -4.85035037632659 1.06713416807192 3.06790484202275 4.65459189749257 0.200470682480735 5.28772353071286 0.119372393727049 -0.991555405555046 -0.460595070822654 -5.29584033078587 2.06269889295484 -0.259509410518492 -4.28401166237328 -5.7446567909287 0.953514354477916 -1.45603403559623 -1.7296121803563 2.11858398135381 -0.375396208834212 -4.814546710463
"104" 1.26902819370641 -1.29612189433077 -2.35808226321052 4.23127335771566 0.0498680743731785 -2.18477515118434 4.28645207743643 -3.41533371163748 0.932538743458265 5.31949291964028 -0.0104013472551325 1.85942190099812 -2.93996706975442 -3.50846355626221 1.12385993997846 1.84511343001561 -1.16486489341041 2.44855020362289 0.723764518053729 3.47810406532896 1.40942543722587 -1.09638229998576 -1.92446793015437 -3.51298785236622 -5.49664571030277 -0.0149362550548907 0.728365416884877 -0.219959020236954 2.21728016444928 2.67502807607037 -4.7943766042457 2.02325832911835 -0.676145113737752 -4.93090877051272 4.28217905391821 3.38814492321346 0.079429907243955 1.47171546293957 -3.86691759544835 5.06102396042582 -1.81217782101336 2.40447992059788 7.22371539088353 -3.50754661095056 4.90736094223323 -0.253883631103349 -3.10849659091014 4.43390288355318 5.47222803311711 -3.73933875556386
"105" 2.43333835074031 -2.88926253655749 -3.25690423551038 -0.296804300320217 3.71274110094572 -2.78901001058342 2.72179355513325 -0.453929278438337 4.88018403673537 1.13802097715095 4.18072320081311 -3.53716836860423 3.56764636295344 -1.06549024376224 -5.59186493195969 0.525532373337323 -2.38217580151663 -6.08269710728182 0.594541223653261 -0.587943418597026 2.58787998722576 3.05835544145676 0.00161393176651593 -0.854936666053614 1.1492377283097 3.74398830854744 3.12116169984903 -1.17856968282353 -3.00543897168367 -0.358182523339398 -5.93431905289236 -4.55167214815762 -2.14439143907541 3.44668985769393 0.449077719865695 -0.167367766229292 -1.82711992177659 2.20184410267177 0.463341187710375 -2.13918647173373 -7.51523448324759 1.46215476706266 0.352990873020184 3.12824242612022 -2.86818844033264 0.907834366743428 0.716143566454515 -4.13216025459627 -4.05548056557608 -0.325929745965532
"106" 0.601113613603972 -2.36765887562922 2.66694394902784 5.36648586416629 2.73380769173331 -0.819008452139722 4.45964334528824 -0.135875563523261 1.46586018875138 5.85917508321886 -2.75327762264335 -3.23902916008443 -1.27393524362706 -1.0399819082163 1.48288492962978 -0.245133588060533 3.83612205935466 1.57930364098745 4.16483307651135 -1.85146352677416 -6.38292810648873 0.40343522685564 -2.04948515868386 2.7082884364246 0.526764182281853 -1.0284986362528 2.27590699210348 -2.40381735285533 2.15564245226936 2.48142514637088 -0.809349447993888 3.72145718908865 -0.949153155253203 -3.32631287978107 -1.89826940754755 -0.760564435186812 -1.05265169790227 -0.938573420753327 -2.98501029039768 0.590831518859937 1.20120923967931 3.18495742585263 -0.346028844648114 1.53170126303942 -1.77396547494108 -5.17277090843417 2.62404260725954 3.28786500681419 -0.321020653011348 2.96778547125926
"107" -5.6261620056855 1.35095117886406 2.41698583215585 4.09270050123932 3.22205560846598 3.05446843214063 -2.14356227852787 -1.23365639133798 1.4991293210123 0.155634220099372 1.00442898876128 6.06781817555174 -3.19015222842271 -3.64565520084132 4.07556165274209 0.279824460508563 -0.380917328219665 -2.31800899064679 -3.09402837143802 -3.63015588497528 -1.18112426811721 -3.05707470453502 -2.63472591059788 5.05649835823946 2.15517413878839 -1.91083498295321 2.02300813016701 3.34144314831082 -1.78047258097267 1.23197407349193 -2.38246069023724 3.25109362814737 3.38474128887478 -2.61559989396653 4.33706249207989 4.12540141342808 0.214601813869025 1.66809276141854 -4.13909040074161 -3.65496854398556 1.0458635006645 -0.243133008516823 0.933617873206304 -1.92885134945924 -1.42130375787869 -1.05581625391316 -5.71216611774445 -0.50076357964699 -2.70106279296954 4.07913152738776
"108" -2.3814018451816 5.224444667035 -6.06024223713465 1.99986636895387 -0.527001109189753 4.90560855832819 -0.522182952932487 -5.8191329836802 -1.54492128509541 1.85538459295104 -3.02667714969103 -1.81691172311479 -1.66345958626413 1.00778193876102 1.62841513018113 3.42891683312159 1.38606630720135 3.80450757652872 -3.21588631066878 -1.12932293319215 5.14614959199141 4.35299185763168 2.45950712674851 -2.85171118164914 -4.84308283589702 2.83078575580199 -1.6530419945637 -2.59287277351662 2.25787842924677 3.30677787606248 -0.535613751753099 2.65391671900965 2.23013168627612 -3.88713003432133 -0.851719893002816 -2.18100481144147 -0.313590521970443 -2.01345002939687 0.258890602937396 -3.07466954057752 2.69373193870616 -2.50082766684496 0.051656630780365 2.49689102662628 2.13219380843975 -2.8526496744173 1.40061439610638 1.86315262796847 3.65886767214354 -1.58999468254057
"109" 1.32817760469894 -0.851943310972137 -1.74718434728057 0.280863191865827 2.36133617848523 -1.52411991175664 -2.25546167603291 -3.50475512547124 -2.9728775059123 2.983426068938 0.41753484701481 2.63627196896509 1.93552613586686 -2.38086131503484 2.0204312325968 3.13242200962402 -5.11327812828308 -4.99136360788839 -3.31102802158581 -3.3691528158285 2.41247614966448 0.00565309407852957 -6.35443134394118 -2.98840511458985 0.36309869150911 0.826216674201423 2.61802401324398 -0.908629343109432 -7.05934718922046 -0.24823122257844 -0.117984662255121 -1.26700381745812 2.40375788596399 1.36277633513945 2.02506423167442 0.899931984685806 3.95132178021532 -1.46227298726347 1.9555563429932 1.38416761722168 -2.80665049808922 1.11005471541198 3.32323774180293 -0.415352808889256 -0.576961524901982 -0.954564917894419 -1.73173292439455 3.07726887238063 2.04496373170296 3.36805136062627
"110" 5.71936586139014 -3.10118658545418 2.82727924080045 -4.75013442470391 -2.63179376089784 -2.43377926945894 0.670653021568389 3.14777133435791 -0.499494221792138 0.302374967098911 -3.54743758056843 -0.0837024020957962 1.46854994905782 -0.853660642777604 -2.38310870022074 -1.48248802129855 -1.74427404519399 2.71416633622016 0.441509870809846 0.846121007158668 -1.43733630567888 -0.56935006103242 -0.472424662045113 -4.78051564674154 -3.73343164099175 7.53920643404167 -1.22619053835794 2.16212307797564 3.51638926979072 4.45753381423241 -2.9631342192696 2.22708648631545 -1.51852946254942 2.59713795238597 0.972243320441098 -2.19393659313754 -3.3637942775411 -0.194682104311523 -0.285256112513963 3.7141761862064 -3.90093323066326 0.23806506705227 2.29744699273841 2.47975616412483 -2.3335106568574 3.99676454650689 3.5855658617657 -3.69511911182337 3.23357789770268 -3.47367013970558
"111" -3.27727803631621 -4.90799562508716 -0.954319456600767 -0.584530789871462 -3.32073298603391 -1.08489440880014 -2.78547221445137 -0.000907257167955613 -0.425601761154565 -4.29973561874348 2.31532273660435 2.86168726897173 2.64484455522076 2.6639059966872 2.96971216103235 -0.0757678911733173 -0.370690744435311 -1.50439915779487 1.79044745646415 3.31729381817457 3.42499806175312 4.15778436010389 1.62777546304666 1.21214829464174 0.272343206267857 3.04620952263537 6.06043017511677 1.29566108149923 -3.58395022964137 -5.71776284513037 -3.25764642862713 -1.18358063463086 -2.91241618148288 -4.56488820331871 2.67347801023405 -2.01930114013665 1.28716555411676 -6.24246663056664 -2.99830999633663 -7.62152081532738 -1.23640788811219 2.58465337762541 1.29108948222781 0.84614847494374 -2.90697704536171 0.306235595823295 0.570807950726697 2.20096876622421 0.988108869707234 -0.489127890660029
"112" -4.09539630118823 -3.35418813823572 -0.49749599267813 2.45949603207107 -3.91310196017868 -6.55112117982954 -2.96627409472558 1.82674177351378 4.22340488004085 -5.02694605786688 -1.39135443038322 0.0378597932315812 1.66546258889424 3.92204257814831 2.16642292516567 -2.44183524836254 4.72425925400642 -1.22880282835593 2.82207400103217 0.871614797162535 5.01561766757787 -0.622289223100985 0.43925783778341 1.74129289456793 -2.16479090767218 -2.03063150350468 -1.64646239623772 0.294093758897263 -0.618531986859878 0.224192893677556 0.921847939641021 1.17147573422457 -2.0824473485684 -2.02097621884923 -4.09172622655336 -1.0676740520141 3.49714483421077 1.45435690381203 0.624944993926928 -0.679010133355287 -0.912463224366852 1.00817796655478 0.243932211956352 -1.35200156308918 3.13465610234654 -0.172032660568374 5.65013449002651 0.869468467317246 -2.22921009152716 -0.36955540615335
"113" 0.368976152111417 -0.988959549180214 0.231021573888619 6.38819724649782 4.13895602006259 -3.91637841863853 -1.14776018363064 2.70289795892228 3.16450406686797 -2.83372205167213 2.54798698663562 -0.274559114802401 -3.88743970156906 -1.56622534306627 3.83432005786166 -0.550481130933573 0.637145821742594 2.63611891301584 2.43537236874927 -2.21121177204388 -1.35887857692735 5.40402168151864 -1.60147351085387 1.53656132477867 -0.851416717658326 4.89202847360834 2.95044832300594 2.90005728534563 -0.394264995045859 0.0217299371310726 1.80220911324579 -2.09192726071392 5.3496165336717 -0.978929451978193 -9.59626198075306 -7.751865187668 5.29351245910073 -4.89870105085273 0.26916140858527 3.5695934913846 -2.06746953205613 3.0966997628836 0.137692581658424 -4.81857729506422 1.20367928822707 -2.32756038735456 2.66453792087096 2.48837918357331 3.77356125280143 -2.24206390425392
"114" -5.52002971372952 -4.01228127172416 0.440472279959806 0.539682995204446 -4.74774266522857 -1.15252365561626 -1.89679761014834 1.00100655220653 1.53606933190208 2.91290735901257 -4.1763549073066 2.37601875818222 -3.80567876498868 -2.84935458190527 1.41854666054518 -4.22206003316642 -1.21578305638359 3.23445126991502 0.87151929799347 -1.16428619027166 -3.83107979469775 0.384037747646485 2.58512034768954 0.290109628410099 -1.39444632922461 2.9790793638395 -0.632492177871717 -1.57579217015889 4.32662907088837 1.05792013869093 6.20881602151416 0.902795590168543 -1.17077766265144 -1.42272605411116 -2.87127029879857 2.85167497546227 -2.68295303200565 -4.16479724174223 0.242894126487256 -1.0012091498906 2.97831291186669 -4.20665202144483 0.0720839633516208 1.46208086962681 -2.11626316122618 -1.17861905355192 1.51231683937635 -2.1891493150475 -9.80321537907578e-05 -2.23640270686766
"115" -0.679688235391764 3.84777516819316 1.28632252809576 2.94511415883039 3.20542605568862 2.06637350656481 3.90760132052324 -1.308343797045 0.0311046041649235 0.0690522116004082 -1.80790424806735 1.42061149755715 -3.37275096734551 -4.98807209899841 -6.15517713812833 -0.0982067640391873 -3.61731085048277 -5.61531796294994 1.88671853233865 -5.99146286592183 -4.2233492778917 3.46056482244687 1.06190927265353 2.72484740598174 3.58809619969306 7.87028768372085 0.400065707448304 -0.662078445455725 -1.1776409343022 -3.50801226488322 4.23746685764351 -0.210556462260144 1.30835951611811 4.12003359195669 -2.45313245948782 -0.906535523043236 -0.944629177510057 1.84262540911492 3.76154202967484 -1.59965434600285 3.42851058750303 0.14515590071864 -3.45184520883278 0.767097320967535 3.43493498483733 2.05168628389801 0.410230145057315 0.36921111682677 -2.90017454682541 4.1389723786625
"116" 1.91385929475379 -1.2107917533992 -3.61645049496501 0.568831107962642 2.44426132955889 7.64881282565015 -2.2384497444622 -3.71773747909731 -0.0936415053420518 2.19876251189796 3.38242745498949 -0.852686565136123 2.46826548026922 0.26703138599928 -2.38276628587463 -2.32066062297516 -2.74886691917057 3.37903663481163 -0.132163580967468 -1.09870899691402 -1.20683181744596 2.87538992885666 1.22964150092042 3.95386142502979 4.08631425708294 0.542030414080272 -0.516958154264877 -3.23957353756099 2.79971428985809 1.87483658263959 -1.57735146053255 -4.77577358467129 -0.843305704762645 -0.641523739916611 -3.52045235324157 -1.02777041653551 0.849992765644556 0.949112074081892 0.640090219230856 0.274448437493803 -0.952354071881664 -0.646595963613513 -2.18996081428091 -0.394134225212564 -1.5227038421519 5.11393494991612 3.6238439172198 -5.45851612922595 -3.78079437168957 -1.77903531399659
"117" -3.0332983949774 -3.17738914668573 2.12947036421348 6.09935581595195 -2.35173236814655 1.27312639941375 -3.00344194799437 -2.79452630429965 4.15956604235945 5.95097092362689 1.53223449893538 -1.28290271757289 1.54819433399205 -0.9238022307421 -0.935848724148836 1.00135984101152 2.87779831156661 -1.84496971521412 -1.50515204214543 -2.87849919651495 1.25791794403135 -4.57802220841791 -8.41155560417697 3.78494669195495 -1.05476514709507 0.116947148746054 -1.14206693518569 2.07052175015486 -1.64954334804713 5.73918021538901 -7.34758351092779 3.62471149092915 4.97175157790424 4.09344201511346 1.0948919608602 2.65894245566153 -5.38112253819873 2.54661417881527 3.46580626090944 3.05716870311118 -4.67709817250016 0.422349846215859 -6.41100952739712 5.32955231096428 1.22814298254291 0.289331113427615 -0.403266153417232 1.55711061720127 -4.23577944734203 -2.42107045052508
"118" -0.131354480082829 -2.0334048941764 4.40968633563672 2.5421323327574 -3.94306727400668 0.156561868103145 1.69178875972323 -1.01169468179694 -3.53525449772548 4.17670276096037 -0.0916757862446038 -0.266083453540975 -3.7691003899453 -3.69701245932398 0.132460717800127 -0.235685666041531 -2.45664473532706 -0.646456765885859 4.55196321114055 -5.47554081698623 -0.609036885666839 5.14030167956999 -1.89124245542703 -0.358938844112177 -0.146898671968105 0.322060869151285 0.242319496032543 1.4924668900233 -3.31727125122659 -0.866120531169434 -5.08465222500858 1.84743179791921 1.89568926976722 -0.368632365843209 2.44760572376321 2.16765419374171 0.32265814085244 1.29462072755862 -5.59037226273652 -2.52053029331808 -3.78993484490325 1.05952860213493 -4.82718407764159 -4.13380950082953 -2.88476572344245 -5.78459437087808 -1.49616742699507 4.13655465531938 6.53030872625705 -1.41356225773442
"119" 0.542212697789355 1.19030651549075 4.88957513763162 -1.40662797420483 3.64086291572907 3.56397398052955 0.650734657899925 1.47225307623646 -3.1035336306071 3.10292931415248 1.7764304635059 2.22932544058241 -1.20561674337776 -0.515497056737084 -2.57062402510594 1.1709987137142 -1.22752140964377 1.12576278292736 2.55704462324662 0.0508933928778732 -0.97118488063835 -0.985493498178726 -6.39015056448764 -1.45354208998319 -0.799550831036677 1.08391302461937 -2.34399134911894 -1.4901937244588 -2.49825168095852 -2.24481265527821 -3.03890906799928 5.52688122557576 1.20216181327872 1.17681633956836 0.471763553108963 -6.24766471344135 -3.06626652517996 0.908607565008075 -4.09892452513213 -0.611897244714837 -5.86232267826694 -1.85637873247201 -2.46604730827542 1.00762376274718 -2.27734252519621 -3.90831148450872 -3.71933906749503 -1.23506137382244 1.16192343118824 1.72411907934097
"120" 1.21727667894739 -4.00158879149023 3.65309091535367 -7.20105317780503 -5.06483168325569 0.477935772932302 3.71779791355991 5.47211578320632 2.60412332403796 -6.12453034908147 -0.894356119764384 1.42958867985556 3.35120918295282 7.20572343613201 5.82838267074108 -4.59272121232531 -1.8437553717787 1.09998874282147 1.34657805899266 1.29149466866192 1.10829734262558 1.03897799242842 3.76604058074093 3.01327073220205 -0.576675286747479 -2.71706495553833 -3.97066603529835 0.123373153967427 -2.26978010403286 4.49387967847048 2.23051752379361 2.49633224995396 -1.07311669596838 1.45545453709961 -8.35609924308758 2.55227289660936 7.99653555345564 -0.948521730738002 1.95963973702786 -0.351627869249095 1.25871089536082 4.41632337190599 -7.04680501487843 -4.22815800192442 1.34364904178829 -3.90665174265332 1.07123140842686 1.66373091581846 -8.62769094566685 -3.87913085414507
"121" -4.13209557694292 -3.11208440036052 3.48102668834287 1.51646954534088 2.76660744945316 -3.47586616457537 -3.31302969612284 2.13947452710823 1.46890710490092 1.49966989559095 1.26324302027678 4.44101844741897 0.0259047520964078 -1.67779501903986 0.966327973165909 -5.64475917809284 -4.71254565969221 6.87596135428414 2.13557466609774 -0.0238893832913808 -2.07548019566651 -0.348620055182701 -2.27532298794304 2.5488923781301 0.915097149416763 -2.09064475328433 -4.83956625299428 -2.2828312260446 4.89289924792532 6.80225421069986 5.53016617436574 0.93251193110851 3.27062523958585 4.47072093196909 -7.15467669545713 1.76530758655868 -6.80140489214584 -2.3149487246648 3.99737406122105 -2.18230595771386 -0.0280824849853232 0.455598990184146 -1.5720110791904 -0.95452512800157 1.41745543606624 0.0448343480082141 -0.287436543450165 -0.125705420818108 -2.95585304733793 0.186023784130172
"122" -1.81436761784628 0.472999000908283 -1.87356258999127 -0.693352004331447 3.66619759749653 1.24760925278092 -0.262839418587214 -3.45739059778695 -0.516814862071467 0.0607029696924937 -0.220980732186081 -0.174687020825249 -5.53375888687994 -2.43610609363347 2.2618504284931 -3.58178889659535 -8.19166282801309 5.25595179015859 4.12817957530383 -2.05172067223991 3.80572232078361 6.33502260327308 -1.31032211833474 -1.5727997717849 2.397471732554 4.63971471833559 2.85143970566585 -0.0923383859463895 5.00748099093478 -1.79339230939222 -2.72656877350679 0.544602681555304 1.76669644590148 -3.72780986636074 2.46365744545897 -4.18856266373059 -3.6353545958209 2.38004922108506 -5.47360615330239 -3.10312719574716 -1.28401490396822 1.28123358763821 2.31070741807134 0.540145305257227 1.46969602297936 -4.09726732905107 1.24781556300548 -5.43987203046183 0.172258866464517 -0.651811732134418
"123" 0.85060954188638 -1.07872117669583 2.18472761015287 3.16469777734478 2.98698297668849 1.05155073601536 8.20309529708382 -1.16058859012537 0.809174231078253 -0.637271708626432 -2.49499585446832 5.16238168562813 -3.71008392084687 2.56341597790752 5.53516388477928 4.34907654645258 1.2839076369142 -5.65983452565056 2.82806882782324 1.50437798475225 -1.11403133406778 -5.52021629886128 -0.471353324876748 6.52602177049422 0.466540259494452 1.32130245732804 -0.934220540611578 -1.81992545731387 -2.81322483718741 -0.0847400348827186 -1.87229693001988 0.548827747385604 2.37952312177575 -0.692976391355477 6.14739367242652 0.0723355609719138 -2.30788616818642 -2.50012171119776 3.21630133491411 -1.21800440739874 -0.61240617231983 4.91222142147342 0.175662151803137 2.25322173472032 -1.92289373123596 -1.62458748736653 2.22262892048196 -0.368781828055807 1.72393774856283 -3.03414651282136
"124" -2.28924052715384 -3.42376170498466 3.23941195281604 4.06752472165326 -0.875115766498502 -3.87948685104116 0.961991644884852 2.87472009111774 1.38153575135563 3.46829928920744 -0.305209569432249 9.52772177772268 -4.83118833102165 -10.2329296485545 -3.29859089126502 -2.34491035788867 -4.20668544106978 -2.4401118203456 5.08718741573784 -4.10417054154446 -2.0483799703257 1.19001789937069 3.04312952761908 1.80741528610534 5.37781150359026 5.38508624457337 0.971149608120316 -0.692862357845038 4.31247302645765 -2.87527983589235 1.74624443712939 1.25601466092453 3.28717057860914 0.521032984487941 -2.10830789898371 -2.28966378315215 -0.341759375506046 0.501790256162086 -0.127276433325179 0.215269282131915 -0.898156435426808 -2.59066584071468 3.98772878548359 2.1902806065441 6.5515469759528 -0.380016730469171 -1.74092519701124 0.289227923867432 -5.6045174950984 -2.09109249456967
"125" -5.42139320319135 0.374027002014123 0.0350681894238125 7.87584075295131 8.87360014769214 3.29843089765648 -1.23449959062353 -0.519617730755075 0.909282799803548 2.69494919322722 2.47551768653349 1.02352848046 1.74754215607562 1.43205249368579 -0.316560223005266 0.358760363709505 -3.84885586565837 2.0495925292635 0.192478371369701 -0.211250491029038 -4.39695710235019 -2.56725758823476 1.13601570892091 -0.033742544056705 0.543167339551396 -1.41155383037787 -1.4359232438792 3.43702933119741 2.37610915359292 -1.60911376828734 0.663797936020545 -1.19780476880659 -1.18615306216458 3.08814267409435 -1.01025191556866 4.8197810921033 -1.06100518993751 0.371727627626899 -1.33302234362576 -5.64738513338816 -4.65529118696449 1.22282652711954 4.37614654412527 -2.93202792180385 4.46111992545343 0.42506756793907 3.18381549935976 3.09944955612619 1.73053577199575 -2.76137196073723
"126" 0.113818694143978 -2.46661861474722 -1.14940268242103 5.2306505606622 1.31949178266608 -0.613786130123885 -3.21449516109814 -0.162870848049231 -0.997853315291198 2.8347070316816 0.289662485543669 5.18098986889772 -2.03241317497449 -3.84423010551687 -0.161104439843587 -1.38512544189643 2.35150695641092 -0.455691174979795 -1.03433792130208 -0.134506123074267 -3.22026915993651 -0.140396680064602 -3.79999457143638 -0.963904122870855 0.260056064836638 6.7101837451202 1.1264334052371 5.17003554577737 4.06884077039307 2.33038833840283 3.6951309414063 -0.171026316077957 2.5560608871915 0.4753077226135 0.810194504653874 -4.06719121563512 -5.57848502954266 3.00869825765805 0.180192591590718 -1.23422753839921 2.22786729642896 0.859866379231195 -1.09032321729176 -1.42902202400042 0.614745991704682 -2.64272043696566 -2.25257525709243 1.76990696157951 1.06940063118955 2.36016860922348
"127" -2.37508658071909 -1.01114211059304 1.36438249540529 3.30508671698136 2.20611009847603 -1.77979735432698 -4.68264386240091 -0.359346369751435 1.59048897900502 -5.16458222322301 2.68209114165465 -0.0896538641987468 -1.67581096682504 0.657693804481259 -1.02728232127825 1.05098121863985 1.25479469403298 -0.135601998286811 -3.10478535761406 0.682658061073676 5.61331525646692 -5.07579116309979 5.82646661956962 1.27014940607834 3.13418911089186 1.66156271867313 -0.536836186834666 -0.472898086928609 0.426605072477323 -2.03993952153903 0.212273150157742 -3.82077033807443 1.63309820937506 2.84169675438848 -1.4773141252488 -1.09847049155871 -0.521201609151516 0.0334837958275308 -0.743685965355398 -0.642513626429927 -0.0441543240688515 -1.55895501997189 2.80392656711122 3.76224532730193 2.64021312556751 -3.8972219452307 -6.37378085629322 3.44308709728474 0.828829017646754 -0.960264396393289
"128" 2.21995838448812 -4.1979624685295 -0.416542899455656 -0.0847157670670558 -0.278806258076663 -2.08006806922115 -2.30680367255458 4.02713728383814 0.943195850554764 -3.08867701273461 4.59161103211499 -4.13052309783895 -1.07480017256669 3.34206910584294 -0.612255207267087 2.26034133633857 0.80651501070905 4.45300054759873 -2.58715992961518 -3.036974873301 6.55400436901015 5.78631037691002 3.60140831301625 -5.71711089395355 -0.183832532270063 3.30067645759265 -2.65413233999488 -1.22159153320989 0.799450079965125 0.12233740888447 0.668067412282035 -2.61173970253321 1.00463934974099 2.01747475614662 -1.4288083210831 -4.14685636553073 -0.416242463202441 1.92525959337953 1.837790576823 4.26302645291191 0.773279529571312 3.3397452822214 1.68880547085345 -3.21109973532098 0.603399310598158 1.35683546943872 3.22642773909834 -2.44257049747113 2.73927571815366 -2.4591670068795
"129" -0.158683180542376 -2.11539674521551 -2.8553904068835 0.834499552137873 -0.352383326588164 4.30875567320733 1.31100406082751 -3.88847280147923 3.26980127868323 5.36559379395093 -5.40507534884883 -0.774718980423394 1.55086602452078 -2.48900267579064 -0.90199992576559 -5.68515189819171 1.50928863682487 4.9607944603667 -2.13274742664491 -0.954893114851464 -4.40314487861016 0.187141719110054 1.09733613393822 3.08574026384053 -2.21013012443561 1.43260926701589 5.34587568842212 -6.19629191129683 -0.28574736056401 3.11970111410041 0.22225612166922 -6.20805166194597 -4.57629311958796 -0.0846657609969272 -4.01156103710804 -1.37017450920772 1.35028319701058 1.00051370859434 2.404071128479 3.16326314292851 -3.3568368875619 1.72734772615573 0.745809318442905 -0.679837706904667 6.5378037411137 6.29439748386053 5.02975005842306 0.45444145765127 2.57461803456248 -2.24553972264305
"130" 3.98784550646268 5.90309481768602 -2.33315967475269 -0.94346168592798 5.30728951001701 5.0260258807881 -0.622648715000978 0.824158422073872 -7.10347405664851 -0.224741946152161 -3.49071397458742 0.249120499888385 3.61397737900071 -1.65048231016615 -1.14605946130708 -5.15948226975512 0.144360496494369 -2.07964635198633 1.68423086156282 -0.0596712652394383 -3.27549594108224 -1.54761498486993 -1.45588951316534 -0.811553894036144 2.96668859256174 -2.40148548568196 2.60394697936296 -0.260610146190173 -3.35221518733289 -3.38628446544839 4.54808160516454 2.98792600198388 -2.27797827262583 3.34011123406802 0.470250047710823 -3.30682667005098 -4.1485769711298 1.7219652765043 -4.08825896778697 -3.51852237800719 -1.51430448862932 -3.50307625175887 -0.932792098425077 4.13859417090175 0.844352208798939 -3.6068114259164 0.614306025595582 -4.15987333587277 1.51859070308359 -0.634581746928428
"131" -3.06992821289804 0.373693446354397 1.47749801351327 1.22516064246353 -0.427446627253382 -4.90724297282321 -3.08940989366691 -0.576365434618217 3.21100429939275 1.12690483791841 -1.48083907878934 1.17217329671233 -2.33021679795577 -1.58757982350747 0.712437849963221 -3.2260761671616 -1.90563382513942 2.35588176663841 -2.71034382398697 3.00054146972323 4.14759574920908 0.537812609622218 -3.17019515616484 5.86610985126153 0.866476076389512 -1.01330144372135 -0.108240446736096 -0.402173546273043 1.8224006230416 7.54936079853942 0.897341645161292 -5.54053585620128 -0.266454905974589 -1.87493148344105 -7.90232883062334 -0.472025966846988 -0.390658222579715 -1.93648269317774 -0.218010179108934 -1.28716067007637 -1.12651532605185 2.75024721741908 2.49671339671816 -2.62688150905341 -3.82228702607472 -0.151021544353489 1.33400845334664 -0.817337934261846 -2.03435033963888 -0.961714041174859
"132" -3.30763243905313 5.03102069282687 1.28958141281255 -2.35041735664019 -0.370861922972269 1.22201997917437 -2.21750237590469 3.94413113125118 2.78242098465893 -1.11212046065327 -1.22797236162729 -0.579104227494138 -3.26013207569518 1.01905051229506 0.281973527569031 -1.92432533562447 0.628195956402922 2.4636697212928 3.31089776018297 -2.23531139840803 0.76474711178399 2.5722069360258 -0.518475507781937 0.606889053669147 -1.99338272422396 -1.70172420902987 0.418829686649605 4.77451619878451 -0.645313726176654 -6.14185258954068 -1.03167520077801 -3.53848786907017 6.29023880195787 5.02069880945643 2.32348336664478 -2.31550490423715 3.51490668607138 -5.59244082241116 1.38025320894769 1.5035987838694 -0.407035605601436 3.45872737047449 3.6376375586537 -2.62542640380753 2.4835578623948 4.43533545514164 -1.23994601229225 2.48461061403602 1.48686088295844 -4.34676100874076
"133" 3.54979709091614 -5.86422545198975 1.2358376324943 -1.54006864866332 4.53610011109393 -1.25858761898306 4.11516224935847 2.00363553102276 -2.74215360247777 -3.0015133636023 -3.50685840372441 3.33236647417207 2.62792329299581 -1.58079616539913 3.00466710896616 -1.49287742227083 0.0809105288547171 -5.6019303492706 -1.47276082753231 -0.379949403865747 -3.67154083995866 -3.65025403963392 -4.4124827690135 -1.10177271112051 -0.598619953951908 0.436076892895164 1.81294659368179 -1.58799219355509 2.31287523383403 5.41421971942914 3.54289473147063 1.18984329731645 5.10491221150701 2.64243412424782 -1.75979031623299 3.33201526795972 2.07479182237642 1.17573644070365 -0.427213079049709 3.37870598793157 0.4067354551848 -5.43192522133346 -3.46584008957876 -3.3134931643433 0.980867328161491 -4.96343093412593 -3.11374470463571 -1.05445546059058 2.63837709876421 1.04187401030731
"134" 0.241016939638532 -0.85119758789465 0.691458471887351 -4.21373481401956 4.01421632213186 -7.60584016393862 1.57752086857356 4.61805053163082 4.06391723211831 -5.7941729850179 -4.56723230073568 2.01927262712416 -1.23135111046076 -2.39633855869057 1.56006963582073 -2.40725437501037 -0.467173623375065 -6.18780128789492 4.87882145855108 3.48017134461902 1.55136036896325 1.52723716752122 -3.25133336094843 -1.72482007562038 -2.80577936454578 2.42717554713108 -2.64657133254542 2.18590556784292 2.54705067431049 -4.71882885022303 1.62654415757711 1.45136686683186 0.886430792051612 -0.00582302563296933 -4.59027222318218 -0.143687962397143 8.45602250037861 -1.12881435794051 0.239704694958463 -4.472583604418 3.49593010568949 -1.46890193671234 -2.13458627343633 2.48781819999038 -3.95222404438589 0.716282416770588 -0.433943230155357 0.682840039206978 -9.16300185189297 1.33356430667588
"135" -2.19276721218822 -0.444008726225293 2.64414031474364 -3.2976501148737 -1.37661127672557 -0.892860067745106 1.67205477063258 2.29579103599559 -0.00104468372571988 -1.37705548538709 -1.35315753765063 -5.55321303124371 1.69065919322466 1.13374625285 -1.27356765067919 3.14844606091428 3.0408745957421 -0.556294289432651 -1.80395121039808 7.70952931004356 5.50973449081918 2.24684358973452 -0.198802790072759 2.09087171960349 -3.50608032517777 -3.49543890750765 0.230699811749627 -2.64134373685318 -0.773623912211229 -0.462716832028357 2.21188197427179 -5.38641430055849 -1.45754477660171 -4.77959127028217 -0.514068502809228 5.15044231078964 -2.87210693117686 -1.75232651909439 0.070916728216007 -6.14090326506199 0.0839304380377895 -2.30157137544671 1.05541060807732 0.254655923208177 -2.66293397854206 -3.95775488108346 0.357249258403141 1.16547167785044 -1.59780943705456 -0.776351413553458
"136" -3.54893513582438 0.586160629801377 -0.0972132911622037 -1.14425193148689 0.988838580318505 3.9406594293811 3.20749215557559 2.02024249189575 1.60573863247259 3.21533328523258 3.38891931299572 -0.571847147301421 3.32110508299046 3.23229200880363 1.53115180381808 -1.09738630785505 3.42957168392266 1.70453529374418 -2.54000716312193 -0.232674866107627 -3.65369216398957 -4.64674649757348 5.55114406494556 -1.56235411937486 1.37070813931457 0.338316496144907 4.54935974691383 2.44671653517863 2.35446811324539 -3.74687723106734 -0.328988348836443 -1.52076335084991 -3.14098999628537 -1.84854442237079 5.04980462324436 1.09837043201117 1.22379272446961 4.85091940167989 -2.70736044493475 -2.18736385984352 0.489024317480531 -4.91692852535266 -1.9451377642023 -5.01514728967987 0.626338832779775 -0.601656730356622 4.59058561251292 -0.835524327288284 2.62684318148233 0.400465283054062
"137" -0.391976671558489 1.41168412620438 -3.65484347620645 5.63313713157364 -1.15549789550947 1.49731446230392 -0.570546037209888 -3.03140506942407 0.720348631881098 2.76873640558458 -1.0173136885926 0.618374286438117 -1.8718512348558 -2.4565730381138 0.73149646243673 2.26349738834795 -0.0808321577489494 3.4858263465785 -0.235517025163113 2.7729943032144 0.938984944136435 0.0396355862470143 -3.92774762792896 -3.83996799427473 0.496849461718528 -3.76673557583296 3.96676819958591 -0.811918708753793 0.638388072635298 0.198713723292158 3.29315338243345 -1.44070530422375 -2.41561847032918 -0.370865605033861 -2.41744749789512 -3.387062462194 1.29456682896268 -1.47299659454968 3.41471720614526 7.50552568772964 -1.09399970615975 2.16585559250257 2.15701326983356 -6.25489754739742 6.09219865734482 -2.02004321554909 -4.08768736852845 -4.2487483566523 1.80168951374026 2.00008763727202
"138" -1.77208623800063 -1.49163403589098 -0.384048844591811 1.22345953661819 -0.10150288421587 -0.720325694634001 -4.88128453432332 -4.97435475479851 -1.77307024502607 0.966964238431763 3.87235582164327 1.54326027086846 -4.66382751311386 -4.51684106636718 -1.05728896953152 -1.35452645613552 -0.036803740634647 -0.129813490054924 2.74817599413785 -7.64900796069881 -0.799560106391762 2.97399285834714 -0.212937753780209 -0.515556327791868 3.6978324125688 -0.0645246433238275 1.43281375851637 -5.54868604303701 -3.16663990367994 1.0037117919085 -1.02756527607157 -0.676135993472917 -2.3992551034278 5.25434864623835 -1.05927286050256 0.927048008544958 4.33278413390304 -1.1118774064309 -2.62840029506339 -1.94870818985355 5.60434772909997 0.643332129702425 2.77745995971549 2.39818242189203 -3.61595800822748 2.02687509254453 -4.14150992056551 0.494363791228982 -0.030009906679715 5.60071280655736
"139" -1.53368452294618 -2.6602573637278 -2.96927030818414 -1.64525536714425 -1.38666442612802 -0.865318239647195 -0.460212068933964 -3.03890966433299 0.616291927530274 -0.1492250538218 -1.07635470601869 -1.51229774788837 1.23074214716646 1.06350949136988 0.465071216270009 -2.04966270316398 -5.59758806527889 0.527829268306348 -2.10761740218038 -2.94281893839814 -1.54481117603351 -3.21511283954046 -6.62683036849862 -2.33260793595096 1.46038631630069 2.07228098962837 -1.30184265943504 -0.496070214821872 4.57873884504687 -1.13961927020404 2.95705964366988 1.54656694073072 -1.46493329845293 -1.47288575120415 -1.99146303188819 -0.567688939913758 -6.36875953911378 2.39410751396847 0.00817094486135101 0.620532005516326 -1.53561867386472 -1.22895303534999 2.42879159226458 -1.52716736611941 1.29241057575835 3.26322527138462 0.970601302928918 -0.522961336315058 -1.52241500080928 -0.291906967074041
"140" -0.89493097862159 1.57945629896951 9.98971279795236 6.62544400663636 -4.81575830958405 -1.16217723817466 -0.791896914672258 1.21238314047542 0.547005017861448 -10.7437235972125 -4.57951416227495 3.55283391753607 -8.26871338177874 -1.89488609789963 -0.980902563239953 2.1425362963528 1.1738176915269 4.04393973819153 -6.2525612015138 2.53177951941467 1.10070898877398 1.31552608890057 -5.42791472836383 -0.487548306100263 0.41461341937075 -5.76129226631601 1.72322539905173 1.77913662755029 -2.20664129605641 0.523956111674944 -1.55779664275129 -0.626232162912318 -2.40149119458147 -2.08330156746861 6.40569751036257 -0.584800302740232 2.80909269254667 -0.475926067546238 4.92868119023031 5.97174095839845 -2.9715785949066 4.47545420124887 -1.09086450372966 0.759370786586413 0.708271320415761 4.20205074232804 3.22740480018881 -1.72437358392584 -1.53112486092744 0.0833583784669658
"141" -0.325733124153042 2.09510616002498 -2.21444653702102 3.07656018221565 0.159226796976808 3.47443608529697 1.84942663784506 -0.676354597971466 -3.56272147441594 -0.140367822655478 0.875441112878462 -0.324661999327388 2.03462061824449 -1.06052680031195 3.53064098112595 -0.715554308305834 6.62863358069816 0.447769742345099 3.50150824731121 0.0340576108516807 4.25997093099622 2.648226681312 1.29429143900299 1.40077538312123 -4.18679045641495 -1.53646027827402 -0.0824425308615456 2.51188845401894 4.38548700405213 1.97120855135131 -3.87376024181806 0.459612822405756 -5.05030970730454 2.61122756975299 -1.00648012593882 2.23155685502069 -1.89210793013877 1.80596142431781 -1.60924660419337 5.778992419158 -1.37624702629576 0.898156152170533 0.542150439744184 -0.754727269328196 4.26474177354325 2.12051034603987 0.492593064026009 -1.74977065854776 -0.448057784218376 -0.643319375819421
"142" -3.91918152622536 2.60347174156334 0.455339267272827 -0.725012108328016 -2.83468479140172 -3.33605208926288 -1.10543593905105 -1.15783998028508 -2.7707333656614 -2.4811380141792 -1.0100188173637 2.24290004615421 -1.00115147780194 -2.86949160081276 2.85236540699043 0.913140665787383 -1.04994629577249 -1.1941894234526 -2.94041218911953 -2.27563578244175 6.15491856215932 0.097494321848221 -2.54005345443962 0.346802941594638 -1.22514306025308 -1.22880044571377 -0.596961091022126 -3.85558790076062 -2.40151126895148 1.28889892499809 -2.23296584209735 -2.49536090828975 4.66470308179812 -0.0272202634221234 -1.31970950195647 -1.04022083572031 -5.85001662114619 -0.43648787992808 0.864837227854383 0.905910231613991 -4.32131396272887 -0.538830106108754 0.362599392711446 -0.146283041963584 -0.1280199326406 -3.71775622546899 -5.06022579809752 2.24299797925877 1.58679986118012 -1.33434504939383
"143" -1.24278544278951 -2.47161448959629 -0.0630330159810606 0.558593808461236 -3.27467999117046 -0.256245300724177 0.197491891549132 -1.54846683788689 5.63869337319284 6.62777917378643 3.62737514886725 -3.09503294215741 0.716263520499539 6.46731147231592 -1.16151016722233 4.34928661591999 -5.65338976290242 0.623986519977779 0.0971101879994011 1.74932652739308 1.45377568401078 2.52573339781105 -0.958551452412733 -5.77829868884342 -0.423845385678045 1.04731369721221 0.354276694285914 -0.302597221787927 -2.71995807909232 -3.77186631155766 -1.75169986079627 1.3718726023558 -1.05551668805186 4.18660920908593 -0.453127218136095 0.222414540969597 0.466273558679937 1.61802052244269 -7.96550176393287 -1.79858975185676 2.435649311178 -1.4956972934046 -4.79571123527533 1.79126468059424 -2.42144428126557 1.9023623740592 -1.54954637758995 -3.94811406944128 1.49668850313505 1.20774605318035
"144" 2.58515746084263 -6.0397215755358 -3.84605723328507 0.697380674158063 1.61573868692146 2.19911547768142 -1.89998404850864 1.2600741317524 -1.81113192004389 2.62912712707716 0.706068598065979 0.952185900589259 2.4513955979967 -2.4661043824284 2.52629420334582 -1.01149938522192 3.99365179262899 0.644158685266665 4.97220472886023 -0.902645099841037 -0.0338705884099387 -0.755475754713166 2.36816333392736 0.242300816226028 -0.685815182191067 3.14880491708651 2.64250008446299 -4.79049633630252 -4.31095303474081 5.02696691044456 -3.43265655876087 -0.0247414341310819 -1.82303159735739 -3.20280250004492 1.33847452499878 -2.64665678301129 -0.312827567653826 -2.09218472614865 1.62763643631041 -1.48455137916695 -0.324168825278369 3.83039964441089 4.23624812531354 -0.807360725515039 3.72697478181104 1.79775833058618 2.98807022969068 -1.25067771142635 0.185655146527256 2.50870431064931
"145" 1.07990868405356 -0.242310894942649 4.97809853517387 -1.8678138209974 2.86895205181831 -5.30952308069687 2.81549584459231 -4.37735832656566 -0.361279901282471 -5.33750323896481 -0.274696724272044 4.49735926761167 -6.30125332808725 1.16646045387346 1.77413355307852 -0.471102940133864 -0.384345409952658 -2.15700972510114 -2.17056497697002 -1.7787211351742 1.65681608545951 -0.712614106065658 -0.0243608459699484 0.129692571829528 1.53058835660823 2.77904981516425 1.48055555215297 1.58970507502104 -0.292087685735307 2.92712748856245 -5.10734978761934 -3.45648746522867 -0.975225450579208 -0.935812047947689 -1.60502274307166 -0.317471681048275 0.191556937895419 -2.65337574432809 -2.85507740104254 -2.70156626115116 -2.58115386716743 1.82238904448177 1.29998026752293 0.443505092512555 -0.76724780364308 -0.337125876299147 5.15429338401878 -1.04952742217831 1.69345596383963 -3.05684943498522
"146" -0.926912799500511 0.924562054552182 3.1443969812528 2.82222743908082 -4.29411460447701 4.66420366861381 -6.44913314875742 -2.40318811954738 -3.3970030323134 -0.92563018161165 -5.020914432381 2.72777762737523 -1.59344791384603 1.71039301924197 1.90670253054964 2.87088038003871 3.46307074995467 -0.711883691175644 -0.718346947013689 3.56899424678993 5.25275645358777 5.6746959351646 2.53185905603333 -4.79366129598965 -0.784389960940222 3.18572911771458 1.55626512558296 1.91851633785283 -1.17345103351179 -0.512647226075348 -1.68001169689045 3.49589053437717 0.0689948524611049 -3.15259511505892 3.84796515181565 -6.79566061096634 -6.06960652338022 5.68438862558608 -3.33277730450669 -0.91166717269813 1.4488528996575 2.61149989801835 -0.92282427738478 2.4701314062636 0.930039702753884 1.51447076963422 -0.273585814563547 -2.60890357574475 2.28316614318802 -2.52052836647419
"147" 6.12451504138686 0.245053457436268 -0.498322969905921 -0.494699514421162 1.51515463425972 4.50762577439559 -0.89850479792153 -2.00399663233543 0.508767287890617 -1.28429053621914 2.70144483629061 -2.20495478210652 1.36731497783312 2.43262060445551 -4.44344256318966 3.08530279264746 0.751335547659423 -1.85784479558256 -0.868258483726044 -2.11529511180175 -7.12312476661879 -3.88642318464392 0.156331601025071 -0.247203139200256 2.00973393011448 2.25662634992417 -0.804444440070293 0.360673147930152 -0.166680422002478 -0.503640218236962 -1.47922909228939 1.46922608704414 -0.41788556579903 0.311631091511664 2.51650771803573 0.0752160639042787 -2.34402918440277 -0.700844319667472 -2.11498234227591 -2.35470186774441 1.15312494729693 0.677929960438047 -0.359473931400247 -0.365878568291676 1.12826972605652 1.04355063580433 2.00711244052889 1.43574996240849 -3.50997773290645 -1.03912665312123
"148" 1.94805932410374 -0.0435263259951839 -4.17592605376012 -4.41913208614328 5.14090958209208 -3.72659682281634 -0.222317969133806 2.18923174260432 6.16051395261626 1.40269963867259 2.00192557537745 -1.6637177112676 -6.36156054016076 -3.04912849788327 2.17538052803017 1.56664564627619 -3.75091308352136 0.0963808471572996 3.57907861723893 -0.321579571810601 -3.33952888384095 6.4891131046761 -1.53115136169615 0.686757955562977 -0.799866422082261 -1.31038820839476 -0.371048304896336 -2.74745562039273 -3.66279575937106 0.957292615501282 0.799450560335748 -3.40516082570509 0.668570034928751 -0.755827604717564 -3.35808676711909 1.85555544211634 1.13766679096787 2.84098418348522 0.0683403193062499 -2.6219609856545 0.0391116547385697 4.6855184374806 -4.25849251291206 -4.90040823095078 -1.53759842464581 1.39531465061618 2.97762064818859 0.45854006373468 2.88979454376651 3.30542191243201
"149" 3.41563726806614 1.06187284559695 4.12178700161028 6.7128365399106 -1.17401981895399 1.2393144676031 -1.20052653883167 0.781870639934894 -0.535715550739361 -1.32517579594356 -4.24942588242106 -1.87564320313763 -3.5947705576772 1.65105264663581 -4.26296528204879 -2.08123821731567 5.98216434087573 3.34200484056146 -0.875893570680921 4.42590809497661 -0.777807639220358 -3.61512930377276 -0.845042794183366 -2.64140137107754 2.9064499195543 -4.07209458611948 1.34832516891128 1.73833629918611 1.42518594776555 0.586730575781206 -0.0244954991394978 3.89460906482011 -5.27112722767066 -4.27207906872751 2.80089479117479 -2.18584947358429 0.163879383173885 -3.13080014653092 -1.12348202974942 6.37733152433487 -3.46379485590776 -1.97862563799362 1.95666285683956 0.105393551038748 -5.83863558461306 -1.12716540808533 -0.148291944807578 -1.6655460708544 0.638986993358745 0.0916048166119407
"150" 4.50235035974727 3.95750099956488 -1.37312719364852 -4.63947381651997 0.0520244424396789 1.64763924962611 4.60415749232247 4.2912285680209 -10.8968164308949 -2.62261860602796 -2.54538579406103 3.12059494946039 -1.18863273147858 -3.01833484157058 1.56174548654322 0.405708499740651 4.20622824184267 -3.54017850216511 4.05238807265957 -0.19559822728632 0.841873442712741 -1.18101922572286 -3.58317590624174 -1.05179083890872 2.90522621016604 5.95546569958811 -1.20742518954619 -0.742049950835231 -1.54465177193627 0.243793287260213 1.29408510503911 3.12905022133072 -3.53687508845326 5.60437340613165 -2.50749270726163 0.134661868742549 -5.04926662346906 -1.07501082120752 4.16655738753888 -2.33849773242022 1.91661906019515 -2.04261666544262 -10.2492445000765 1.70262135180411 -4.18133501792994 -0.604554637202362 -3.88577844739181 -4.61984949957433 -2.21390388166385 -1.20723580176767
"151" 1.61009733957587 3.59403485213402 -1.42044800937071 -6.18282299823022 2.21916477977134 -2.23579539541051 1.66176374003243 5.24536904985298 -3.63048336979906 -0.643798931374166 4.42123736080194 1.70445398597801 0.453667533919738 2.22563911816797 1.71916138946308 -3.1828814973855 3.03757541906613 1.35121557402292 0.525707520189103 0.797733128871525 -2.20975664542099 4.00108846578349 1.56904358618221 -4.84504744056231 2.00767134764836 0.875362606066585 4.51868009440855 0.514656860068803 2.18402318477903 4.81599579959917 -1.24201041584262 -4.22276520373246 1.48989557052082 2.11817463370241 -5.74618988045732 3.42582717750207 0.836224713640549 3.86865084217043 -2.41648920888759 -1.99860295748946 -2.73949635060293 0.795623334580528 -1.78359807566609 -3.78321209669289 -0.722409293636071 0.429250217087583 5.74325401024198 -0.33665833128618 5.12178853088236 4.59763194771966
"152" -0.834038102140313 3.02079702714238 -2.42063664574171 -3.81107930308928 1.3600054061253 1.19487034281561 3.28469095090058 -2.08720574073923 -2.19294068341873 -3.58812332942229 -3.9622129888697 1.5629885706347 -1.46029718419423 -0.293292784279505 2.54535725363543 -5.2050251863122 -3.04880617509776 0.156807602468935 0.110525093469214 0.85842036227807 2.42585273689743 1.04834058000332 -1.16710373514762 0.365997941462517 1.93427430145553 -0.898776566217627 -1.25713613389663 -5.60425905026669 -2.36301132110606 1.14089031332623 0.0554991458473484 -0.126928383635304 0.464956286078883 -0.163605693015316 -0.815886786079329 2.13456780851855 -0.629593505400042 3.13553559001687 -1.96049775709733 -2.26721987192456 -1.39108007110043 -4.4885526387748 2.95035758270737 0.665004006584868 2.33145751244088 0.0710052574121588 -0.877659095957363 0.423740121016831 -3.67070074973366 -6.64807722901603
"153" 1.24131777390918 -1.14362412344123 -0.0296317843613968 -1.50202148023162 4.7246063491773 -0.0826175976185753 -0.87391236409066 2.37039118372295 0.248699165300315 -0.646337923428742 -5.40341560369839 3.34251709953175 -1.9721807162392 2.42140448623401 0.677224066563184 -0.263197634113771 -0.549593971648934 2.75286565784518 -1.26768638714106 4.52331376217324 4.30413906040726 0.0435690196858481 -1.85444624124169 -1.28239618859784 -0.250933062046054 -0.312092690324679 0.73997602856472 5.25030098179851 -1.44383025303804 0.88018668184866 -2.90581969342783 0.419073591440487 -1.15452520189883 0.943588283456829 -3.09249501055515 -2.72224047461019 1.1794561900054 3.39596504294026 4.29988562210928 6.59083027441409 -3.33466132866928 -1.86362429465105 -0.402838590581196 3.08433137839268 -2.38527362554352 -1.88756290782342 -6.1422871649814 -4.0193574968682 -0.637413183635792 -0.0914437084176498
"154" 0.875715452142904 1.94209188729652 -0.112803731950657 -1.83169649615166 -0.371342014686728 -0.650772891207807 3.24855489986928 -3.07917700670115 1.87382140530059 0.0160893516637006 1.67587997449333 -0.73033931808173 0.514221929618057 3.2797831478956 -4.28003098009964 3.95380863217083 0.0155795698981547 -1.82205329174987 -0.294979744116268 1.64472340584799 -4.9233492249287 1.11739898944414 -1.18609938461464 2.75181268911789 -2.09094067872466 2.02305547018932 -0.71150845724019 0.459398944328676 -5.95599919298766 2.10674197623667 -0.37726145618048 -5.03276459613035 2.35080978645328 -0.191536173096094 2.22636460088448 2.12215137095708 0.675624024273752 1.17560666291155 5.07165227606205 -4.91989670342156 0.0612324205867461 0.807775099096433 -2.21265022365542 1.95319653214671 -5.26242725015864 -2.40842913854742 -1.59050845191936 4.53346749073139 -7.41883815491982 0.789511714290143
"155" -1.9757980028706 -3.54533937250577 0.170093046575979 4.43628666959015 -3.32653745417177 2.53628925565289 2.19179346534495 0.612879043337964 5.71812492015698 0.997366230471849 3.55818134678535 -2.4147402269016 2.18957652446228 3.07243021640003 -0.198386196631527 2.73848850441505 3.51460415223527 0.254239825333869 -1.56516081756707 4.87833796998593 -4.60873230545326 -0.0958591160010469 2.29115551185067 -2.14084451848959 -2.12377658352483 6.92864254827436 1.18166617769206 -2.40632240946881 4.3816548639796 7.2725215377199 -2.35839355916622 -0.946168056949246 3.22548690760658 -2.72569300457739 2.2142702987322 1.30860021127365 -4.80355675359518 6.38188595017127 -0.857074349674964 0.764151387431236 0.0187651445376066 -0.672598007335964 2.6431104200657 3.55250658261624 -1.37148652701301 -3.37403338103159 -5.17017869020609 -5.41168905704906 -1.56667153059358 3.83978158717811
"156" 5.13839997957417 0.62776450569657 4.67124487004153 2.31803513908373 0.769497699865375 0.687840933348554 6.53790013751913 -0.345456521537202 -2.52121286256227 0.97161508075617 -1.7308815538858 -5.31628231741413 -1.38522913181009 2.80763828124882 -1.57071288523807 -1.80700487520396 -0.930553433446253 0.543873029686692 3.84376860607984 1.29131462580895 -0.854961277565312 -0.840514674578285 0.251979521703575 -0.145501293796706 7.03769265052087 -1.4519205701589 -1.59159269671458 2.36205648781223 2.34434412339105 -1.02577338814258 -5.50492574245139 -4.03771199803331 1.63732089217975 4.26362491588282 -0.332456770267124 -1.06207788766903 -1.22135178532241 1.62570975796575 3.96950578107737 -1.08757943781864 -1.39929862391829 4.03926512995045 -1.76439958724324 5.35503441787639 -0.033528357428712 1.69361531020343 2.166919983241 -2.54694738622799 1.73721078964224 -0.00533571660477769
"157" -1.05354755518882 6.47917939502961 -4.97565598292312 -4.63022018461878 0.00614771345541188 6.0325538650848 -3.04517387762403 0.289475479082688 1.06343694139921 4.04994981782542 3.77538883115959 -1.62634704125191 2.68873964304637 -1.15926577062475 -2.04041604438315 -4.81031916447328 -0.419442532480364 -1.78724059807687 -0.487573224146698 4.33389111924301 -0.693962359538136 -0.989867056137832 2.03508784710688 -3.47120799883763 -2.746220105733 1.56548620391846 0.208127390752483 1.86316356435447 1.8592042663697 -1.85449403606283 0.474375020792882 1.27933034989591 0.907247107134422 -1.28758645456496 5.2204292217828 0.469442882847327 0.432025705906562 5.32541250199426 -2.42245139220232 2.15984620162292 -5.03361539161618 -0.936405058473225 1.93981388151175 -1.16069616975523 -0.356295954700627 -1.29848855881995 -5.25415622683657 4.53531944915451 -0.70755369003174 -0.459608888409548
"158" 4.6271287189171 1.41804009277484 -1.35493640103772 3.08122609091312 0.706136555059438 3.53537035282592 0.763692038120212 2.03797754563878 2.69532984150539 2.38694381383848 -1.21967166520074 0.177280225029718 -2.76061177542358 -5.87057468547144 -1.19212271759556 0.936071871524133 3.02267524332926 -1.67361179110294 1.70615047958897 3.31782350520096 -5.26107597042804 -1.09781118339512 0.666543217358649 3.77197878203333 0.496141019497886 6.153324434679 -1.18979431777794 1.46999039433697 1.40695509901972 2.73763147211349 -1.11607170861391 -1.29230041002075 0.655960100850043 0.920050004027952 3.08125854662776 3.17324612269999 -2.80141075910799 0.857517280140164 1.96203649349506 -3.20568817945239 4.20662442751558 2.77750642499371 -3.03353371757854 0.00400583662427245 -3.93114485142222 7.70407790316125 0.110983611825017 2.58595929759705 -2.19320252703138 -0.956024642142137
"159" -0.197151890009645 -1.84945716748591 1.37028750176857 -0.752306274233542 -3.06170929434033 -3.53283010268332 0.126136952016311 5.74763910829125 4.04013092365491 7.93977014393339 4.40293570746009 -0.920426357394478 0.552620067559685 -2.23286871717418 -0.881214633096508 5.52591005473758 -3.2569943435322 -1.80385255651011 0.764416644841331 -0.0371433614934968 0.191692211753558 0.428585209501108 -3.08957347110576 -7.87504612232327 2.80914163073271 0.209826964704812 -1.2190558370568 -0.215523660786047 0.514482156964459 -2.93040970499046 -1.11698073669027 0.52228733583173 2.33831783563453 2.08059051318375 1.28787514716626 -4.58880481043955 -3.75661498238677 2.69215043346587 -6.50440610246119 -3.97856228220517 1.67761601363867 2.07409396438649 0.944718293262907 3.82201521895089 0.89068921902709 -4.04009408833532 -0.370765657093622 -2.18729525611646 2.36015946058609 2.9682181519768
"160" -4.05620412911548 5.87107755070713 -2.32881009516214 -4.49845888165721 3.48670052778176 5.4342712017505 1.51245056346867 -1.29795745992663 0.278452931403759 1.21188872792508 0.0311804838929052 -1.59041859470736 -1.17402270575676 4.88355951977269 3.66407796721486 0.792805706991643 2.28502767357695 0.00885514897491065 -0.0383798994036513 -0.595428954590501 -1.02505811554826 1.44351314363186 1.0701827881503 2.87448067845924 -0.868320033360254 -5.32965893189435 4.31769843483169 -1.65511836455182 -1.28594547843825 3.43990775298699 3.35695424451255 -5.88285569336232 0.132702677894373 3.86971728371213 -2.44217459476511 2.49854536867389 2.45228666473239 -2.2565080188282 2.01542594238139 1.58541216933714 2.07058889769776 2.51221273214861 1.04255861621617 3.27103744569654 -0.857028451889973 0.721671417404137 -0.303895436099387 1.02717808226121 1.48834181344008 -2.33483600512017
"161" -3.05030183558861 3.57757756525829 -2.26301852023901 -2.96654611263888 0.194391307904963 2.89376226308731 2.25326201960707 0.223898397529008 -2.57538797744177 1.25361312270297 1.66582168754992 4.43784758175344 -2.23192758951383 -2.4767158748074 2.05893699460674 0.398672617608178 -0.66188603941563 -1.09638646988094 6.90247999200959 -0.944236240121834 -2.26242032540337 3.57631087722633 1.13540755440547 6.3319133367074 -0.248585305680591 -3.4511404050301 2.90657616929777 -3.53487802089618 -1.81962743547624 -4.4466475849956 2.96503228471629 0.136931711871966 0.332717954729604 -3.7851327162658 3.21817168780048 2.14913446831869 4.58296106147485 -5.23739020637354 -1.18025591180375 1.47576316127127 3.02219741049682 -2.39583829963563 0.105425939029365 -3.72933775512773 1.50439647937428 -0.439098524863443 -0.42277045928453 -0.19392478916388 2.87135811548031 -1.141904001401
"162" -0.404017170363565 7.44969973417935 -4.68124065722715 -1.03323729840022 0.697684868133543 8.64068062878107 2.7238745909007 1.96898478817455 -3.10752221170865 -0.453564223940782 1.38364935805999 -1.94021483259043 6.01148135309413 3.67266767392048 0.951797561915422 -1.92745423876668 2.80174822394902 2.39962388879493 -4.61971244892037 -0.805506669277733 -4.87459552846261 -2.35324719569469 -0.0498408316007003 -1.14073481506527 1.08704207530473 -2.18106407534747 4.24466800955373 0.948386155572442 -1.90660192374549 -0.39033833743514 -2.04947053672329 0.554618584701436 0.296079508804893 3.90711213185533 -0.0791559608446602 0.958598836876152 1.2560343373342 -0.479557629362344 -2.5429180181868 -0.493605348215379 -0.0241767392189587 0.887441166224504 0.980925535171478 -3.08640247673168 5.64957972965925 0.326261616403384 -3.4456503420952 1.02834942037072 2.39728418328481 6.84341711451131
"163" 3.24602664074106 -1.68321680491413 1.51059562421047 0.996484375248575 -2.55252152123292 0.72624303496896 -0.187171781105869 2.0681119398316 -7.08339984307942 -3.12737265835906 -5.09503853036291 2.06941785634873 -3.12368067519625 -1.54347647830836 1.48191012831917 2.5884819487169 0.892054456025685 1.3501277635933 0.530319533351405 4.26490559343258 5.12837172669686 -2.07989074882135 -1.85864195481837 3.42276866970588 -3.78546598007373 -1.30309766955404 -0.47274290744013 -2.80723333256606 1.24812143850821 1.93870139151387 3.0870799481368 -1.46972598548687 -2.32980704591768 -1.00456675769513 -0.330035431871137 3.53692757818821 -3.52468822836744 0.00270793685532436 -0.545251936132165 -0.452189671518812 -1.54756583330935 4.72243550837278 0.762091412831065 -2.96311553709045 4.25329541195935 -2.89739938841707 1.97587961953684 2.14113360969934 1.44328851374311 4.57063816698967
"164" 4.69202605339924 -1.01971811781418 0.908213442245563 -1.99668855975583 5.84604236401739 -1.14454167502171 4.90413406263147 -1.24331943946119 -2.2771558282221 -2.43513882642965 2.11972450525428 -3.32292997193815 0.809936678426684 -3.86373748614301 1.99304100232973 5.89139817014103 -1.65501523213628 -6.27256252341316 2.75363459843017 -5.95616312582408 1.20687586105 2.79022682045692 1.38177169952569 -1.89375114507471 -5.0925045753337 6.66384376955243 3.75464666854779 2.7416063372428 2.55057440977301 -0.603269908312793 -1.08445898660134 2.52616025190079 -2.81730527456525 -2.60930271170547 3.33985573058666 -3.48450671548031 0.736699590166774 6.3788782434281 -2.32145846705015 3.49285245214742 -2.92295590292713 -0.518020677890074 -1.92375487384116 1.89504662029953 -3.26869155945215 1.37616611526754 -0.187294374240255 -0.323351526596976 -3.45557736732173 -0.334496990546225
"165" -0.24146280251661 -2.38355880791538 5.04702559018373 -1.87973430604485 -3.81092994222289 -0.118531878459654 4.30749437927925 -5.15626233124921 1.53056352151219 -0.421035313768968 -2.1501486376402 1.13904043342434 -0.47344820389494 5.95313835516272 -3.62611739217055 3.66549199614756 1.36406390334136 -0.464812919895768 -3.22550828552833 0.429481530239953 -1.25823021490323 0.725514530140759 -0.158881318430487 -0.0399795145423207 1.04604556686398 -3.10548492957159 -2.98540574333789 0.143879688699985 -6.14521675572642 -4.0778460516063 -2.26368352385785 3.53816071486271 0.343498291573329 -1.56427195285378 2.47615341409488 -0.0184909272422683 5.10544431783195 1.13876619666551 -4.3565853194854 2.24194273517165 -2.82320694627916 -3.52512658739906 3.146269636763 1.36086279631723 -3.54811217033702 -1.46032348128914 -3.1948509638379 -0.196066822226745 -1.47405772519566 0.110467774677192
"166" -0.786548096173605 -0.344334983153324 0.928108813382723 0.0583138714698624 -0.404602904891096 -4.61256840780918 3.64262892522536 -1.21023645486759 -4.95513303890969 -1.02276478827298 -1.90545087156818 1.52277609524153 -6.03384742728127 -0.0667429548782126 3.26873150494773 1.11295383594582 5.49347050256002 -1.75737444684262 3.24688679291769 2.3639257462467 -0.0853385714694454 -2.50024908105337 2.90371356503391 1.93042957142406 0.272341012353199 -6.59106186331757 -5.11701055823484 4.06218485254141 2.81290752795079 1.03252264195852 3.64946872836645 -2.73961939716323 -1.36055968521068 4.07922753306315 0.0409746469145136 3.48239997490833 -0.611599273339157 0.711992468758527 3.84365084545194 1.11971662952037 0.508629383597024 1.17428043429173 -3.21090041448014 -2.18961947235466 2.37402918028604 -1.37068085186599 -1.23386428851603 -0.51778951205862 -3.81762747733278 -4.92249924054957
"167" 0.760619485203542 1.35815121414568 -5.47305050468965 2.5863155991979 3.19476037718934 3.12536234819762 3.84702967600205 3.42490130254542 3.24897346713236 3.10691583271134 4.13006197382472 -6.19633797647677 -1.48955027796479 -0.96394879355992 7.24733498464623 -3.61942008979906 -1.43980346046837 0.980596296204887 -0.264625750179276 -5.27611044356969 2.22825774571405 -0.61048791994056 0.44388588007351 -0.22980586722455 4.41647282590584 -2.72752013015829 6.49189599752834 -3.16740173081946 -2.78538504148831 3.01544147324878 -3.17366562347547 -3.70426373585476 -4.48389738868435 -2.33804824532318 3.81165532858132 -1.70141374376325 -3.93731544890596 2.86666793378384 -0.739859534402469 -0.770202709931927 3.86186312810666 3.4077446781517 0.790442102799084 3.52617115199442 -1.21689111611637 0.33767028037285 2.2156033751272 -5.65106260691625 7.05254833091066 -0.0624661102162254
"168" 7.30131860625111 -1.65000319782143 5.61483298243335 2.64911990449417 -3.50866221887682 -0.688545595100337 1.61820521398099 -1.76096360254248 0.549204469884746 -1.48695355608605 -1.48510680957374 -2.0174687740734 0.473761250036807 6.38785229004577 -1.22857948122457 -1.99754450140472 -1.51552832618757 0.723368476973942 -6.10193215810527 2.29237135858817 0.971874905557748 -2.19171543954225 -0.717900074299437 1.45062649052621 -3.5832880292027 -3.18597660006016 0.427485272145593 0.702404140372602 -0.894265708471106 2.01445080086794 2.6226349626416 -0.49409371986775 -5.98904041765627 -0.930203270024035 -3.71617786346822 -2.39454395956898 0.417432040401051 -1.45479294525807 -2.01816956570538 4.50009264694911 -1.68267564337439 6.58535573273773 -3.25431540729123 -4.06118618295335 -0.308505638989149 1.9573290793714 1.44700254340421 -2.03126188188356 -1.1321063312444 1.02664848833108
"169" 0.858535180923107 -0.148709609702083 -0.545752552223989 -3.0102259834531 2.00737584367531 1.08560920916362 4.45589005413238 2.23229756751229 5.67664326825237 0.327209416103285 6.17130662344271 -1.39217589119311 4.67391547968204 2.47508311315232 0.782416786154885 -2.77787615248376 -0.380736430607304 -5.95972808829387 1.7177570880676 0.233229972137873 -0.338130748407696 -0.782375017711229 -3.15776896500703 3.65283489342062 -4.15630500668478 2.26952360079635 2.88440689302082 0.814514283835807 4.74646944001837 2.71763524837091 -2.32314859881209 0.868430657231648 -0.207046066205885 -4.32785067737343 3.79807726211764 2.08133722762742 -4.06899461815289 1.94059609529903 0.857223441646276 0.602495479631268 1.25453801394864 -0.90637128236211 -0.802229061368309 5.11528399781895 -1.65248379040226 -3.97614831759205 -0.983513904589578 -2.00335883034565 2.08848054744318 -1.85236242544791
"170" -3.3229621290893 0.41991851515457 -5.92073180700837 -3.62680876001734 -1.51137430108694 3.99057709108385 -7.72647091584918 -8.16361188125585 -4.17568437825543 5.1663672704412 -3.73642079553259 -0.127630471674318 4.11793362842357 -2.4112903418807 -0.0619343822475487 -2.1052233641625 -4.47617165523845 6.34811358529793 -2.86359093023183 -2.05818692812515 0.742201482341667 5.30481739196424 0.238142392508023 -0.682188478636103 -1.42886295065232 0.583844003205896 -0.00276628775483092 1.99418400847066 -0.130152361858913 -3.76121806739616 8.35396690368437 0.412236421883935 -1.35010327750636 4.11000222949184 -0.430535328393941 -2.21549116084041 -4.77727921971134 -1.18448790899854 4.88444158065276 1.53609940823508 -4.24419274845374 -1.15586944119304 -1.41559403320445 -1.56980240339859 3.82836804213642 1.15567430566667 0.473521469212517 0.46213156374886 -0.448344365980777 2.08773551737587
"171" 0.675980034416733 -0.355128125931545 3.18748851658144 2.43864030456865 0.78110654745282 0.829007248656583 -4.0551972467769 -3.25146436265925 0.041103858083636 -1.05106337283783 2.45234243689063 3.20544743921131 -0.632431200093541 2.94695589085726 -2.38950712663849 -1.0744221372997 -2.48627985311888 3.465867102497 0.624015959634457 -1.68527734622221 1.0650396588893 6.99163397342717 -1.85721975564266 -2.47758578290165 1.38611314764678 3.90396922452312 4.58716325581138 0.23904967530557 -0.553090229110127 4.09496667685245 -3.94061913451445 2.61373877318094 0.802731091595613 -2.13702051255648 1.19718236193272 -0.799161877543602 -0.983339045502352 0.853764332080336 -0.790520615412222 -2.58544095727106 -2.07351529957462 -1.21680315785217 -0.190543206079893 5.22024591292849 -4.25317739487355 -5.21561620010626 3.81793641296611 0.894473253229802 3.3804226147249 -3.35530054192676
"172" 0.10174283417767 -1.54298169063894 -7.20533303567462 -5.41944317675183 2.37055268722636 -1.30989178442725 5.68124404389652 3.04147176950028 -5.8322485067412 3.31791968082497 0.431481657716239 -0.944404070914272 2.37841916340574 -1.88606577868836 0.646545341672358 3.1407278444024 5.72877209835249 -3.08583012293891 0.671771171972847 1.92656146834577 -0.305609383819983 3.02235768424519 3.43525797665873 5.33588976946108 -0.666950444230805 0.0871017781262939 1.55832668625425 2.28372516997319 1.84638123953792 -0.31756353333132 1.10099874789586 -5.12512471491937 5.08585085349044 0.809904480259204 4.84962444284022 5.50868658994663 -1.98616969456385 -0.922112554994223 0.8996794894105 -4.36211164061646 -2.51907256860415 -2.70819059267878 3.34712722373801 2.07358106735958 -4.01505025883746 -2.97498195812001 0.482838868155655 7.46861234692161 0.725509676147727 -2.0512797907723
"173" 2.18538932707071 1.57717864237468 -6.1827448883112 -2.85644187090274 4.39765257461617 -1.62454797765908 0.329695588442221 -4.32005609185934 2.98769792078939 0.698954667078868 -2.58499179191087 -2.65386128240707 2.0314279101286 4.08588756269441 0.0890419103655126 -2.60873897510141 -4.7261437899147 1.16146251808473 -4.19909711868771 -2.77627299134847 4.44168142096335 1.38278647325967 2.95554567511137 -0.593394008220905 -3.85416050432618 -0.626864690949117 0.116576039250085 -0.746985399909436 1.82474915224922 0.60117696785848 4.36836503587357 0.343517452949066 -1.88340610753814 -0.547882024279072 -4.44005301574165 -0.47776163161236 -3.94100076420253 2.15716442155916 -0.406005400972647 5.35615742422372 -6.39408015943994 -5.91389734041553 2.21574512630907 -2.34340934047494 0.399332405305986 1.82821829275341 1.4970873180949 1.4506456776851 1.23072432790647 1.18709167837121
"174" 0.237626390774084 0.587266774237526 -1.2960207642075 4.45473681978587 -4.49666029378251 -0.0496485134503803 -3.30421533923066 -2.83118247833988 0.365245975583585 7.13251658574213 -1.18648966435755 -1.24795811741298 -0.730410836443265 -1.75943906220225 -1.51065448353039 2.96695837066747 -0.936466090716667 0.974094450177818 1.77358889446889 -1.63880824120626 2.35153147357269 -0.511897224586652 -0.487168648753588 -1.69570619398686 3.15264958676069 3.04779853436798 -0.0796191690274798 -2.80819928407022 -1.59096180722872 -0.866502034713122 -0.693735777441443 4.44675210791984 -1.23189867966542 -3.21462090742353 1.62313939036683 -4.33441204418443 -1.05499917170768 5.61326074288296 1.64080632309085 -2.36418849046123 0.521349022327828 -0.5869221459081 2.21233226557246 1.72296442706223 2.13881879067816 0.601602384229106 5.75961359817339 -0.265486085071338 -0.449935382674452 -0.388139344665779
"175" -1.95552185136144 0.85844312958558 -5.10880561529569 -1.996145284632 1.20654283549334 0.426219947338726 0.262565553878757 -4.39686118217053 1.49824298694861 0.306947322483266 -1.87504567047773 1.45041464908557 1.13437330347329 5.15867459843319 -1.6179736661278 -0.88778177298333 -1.3431420092962 0.184011707800727 0.641857278515139 1.92718924770791 0.353109725855908 1.6607002544331 1.19045202399599 -0.454475443239832 1.59628570379823 3.19948275149266 3.61209510351493 -2.26074776836046 1.38874124386379 0.315092435553786 5.37859133853628 -5.30676208893528 6.2115774798041 1.19821904199974 4.78781940099843 6.47854066096678 -2.41840486076983 1.86001964162335 4.39515427924649 3.99366818024701 3.76007266513184 -2.49107923802025 3.200669770016 -1.68026346028451 0.440181074192369 -2.95463022365503 -2.45532405631338 -2.00831767684587 1.56793543105008 -2.72656924749227
"176" 1.46505002102981 -0.562896350511611 3.49954227505397 1.57613088731837 0.284565418047922 -5.45138030971423 2.66355832067034 3.15992082113599 -2.71502063305083 -1.28296060552267 0.866759452983053 2.47228600272691 2.07104022293344 -2.70247552682586 -1.54886160961989 0.812725915889115 -3.28065441855304 -0.606617791219688 0.690585666085929 6.16461244186464 3.14770388128761 -0.0530504282564341 4.1513935378451 1.07538437538185 -1.03362346086331 2.93692414342755 3.52758505212121 1.08496912223624 4.69257398059131 -2.98811906791531 0.322688875113325 -3.40962896447876 -4.50883879666033 -2.48807462217727 -1.79071815367238 -1.49103423660186 6.68188097969119 -5.17763528691341 -3.24841519404083 3.54275893891253 1.40024532600237 -0.893112833590125 1.85014338846579 -1.69513994525613 -1.84366751676658 1.79982044940618 0.260689747179224 6.93788820887807 7.1911692578526 -3.80529935588718
"177" -0.463723748802398 -4.90915669222366 -0.319243291623983 1.49354110125179 -1.04263781944879 -1.98051558490509 -2.02996797771305 -0.772674753758629 -2.27933378451178 3.04041266304406 -4.54794636139416 -0.724213983140938 1.97402441643565 -1.13451133503008 1.54335098188864 2.17019050825995 3.4069702022717 2.51402859169217 2.78632600279113 -3.49020403388947 0.292276767285772 -2.7771702094045 2.67899160194412 1.89221158483838 -4.59183689966011 0.620308305832384 -1.32562144802185 -4.17921278277892 -1.17210238120926 1.85407690955886 -1.15746662317504 2.78811331055959 -2.48155578561554 -1.27002370321009 1.30780373261116 3.54536476327247 -0.603071992976968 2.95771262120747 -1.25184508802682 0.364594644827292 -0.402494100176956 1.70650861362497 1.86701442690865 -1.30805020655724 1.17225665028466 0.783470686389159 1.6462215945245 -0.191327872983123 1.17460898293121 0.00883304942138056
"178" -0.368116481207949 -0.60517281716523 -0.0617667953791948 -5.74804052053269 -3.52236153291837 -0.118947509444851 4.45937768141755 4.66247145825721 -1.86504820839329 6.17469107489766 3.50050716385744 1.31224327539414 1.36659290191277 -1.57401215025483 5.68991353783388 3.48648729342445 1.60902568101254 -2.58278310025958 1.28949133123004 -0.430579869715459 -2.11272912477716 -2.03991035381656 0.324686650814376 -2.42513096948145 0.62916664622833 1.1501147934076 -0.634736484490147 4.71184165999272 0.0746388315938303 -1.47115349525145 2.81637987495336 0.128327709522797 1.74593843122435 -0.0493147517929086 -2.72662913648838 0.426569642311849 -4.20345049627537 -0.132908393337565 5.23419243932355 0.0581848354555734 -2.509665678672 -3.30885530693908 0.977698963752067 -2.86702447577516 -0.0313570591355801 0.879099925086149 1.12753359132325 -0.88682718740759 -2.50536498128849 2.83818001362232
"179" 0.385106800601168 4.51236765229898 -1.16272083910985 1.9930094186077 -1.55702451369814 3.12125022713477 0.346918094107121 0.296709674762424 -0.925380825865259 1.09556667987242 1.0386505437406 -2.133085986861 2.65563471936141 0.440168461099046 -3.72342558165316 4.8864870922054 0.875181626656114 -3.01841895901582 -5.3729229246232 0.538185045626447 2.7940269217963 3.9084850746294 -4.16704243063139 -5.25582105595386 3.40201773988565 -1.75231967253936 -0.18023771718007 0.988049648509095 -3.80998111893343 -2.95493401042 1.97763497836436 2.53475255988043 3.1823042439418 0.122619732962362 -3.01222863173401 -1.029209662253 2.31130933854326 1.18488187739924 -1.13221808822782 -3.56569650889455 4.34668551740769 1.39509727293372 -1.50723559867189 -2.85107422806682 -0.91490415294078 1.30022507608459 -0.25753215363693 1.95200331349232 -3.55682289345274 -0.20222033405613
"180" -4.96040534158068 0.793866057201858 -1.66703795824099 6.975993683163 -3.5809993701434 1.64671908248541 0.967183601555896 -4.13011926962576 0.732642935915634 6.78698394694045 1.35290294819006 -4.07794185815691 0.313820607379921 0.555241930292317 2.69488952308893 3.3172328558685 3.42453606296897 4.21290479654961 -0.340077911897369 0.457938479167659 -3.93215403867527 -2.74710392987107 3.90408244427738 -0.996851117442581 -2.24049576755098 -9.28228165852242 0.346760179937648 -2.28278072903615 1.5738299618342 -0.940287947370502 2.81488020191898 -2.05377185320993 -0.974221959426579 -3.08862483302681 6.61940589806999 -0.772596881290551 6.36528098910194 3.77654148485003 -1.36517852361062 0.189527506556529 4.2518827811126 -1.65383278737625 2.19976097462913 3.62690306522119 -0.604035974233541 0.796709159785927 2.95481503523444 2.30916315352397 -2.10222870874 -2.23973235769883
"181" -0.0786414625434084 4.66744647293622 -3.76989464646147 2.61492408656333 0.292611579168185 8.84221513277898 -1.66574898320661 2.13378236330528 -2.16800762919892 -1.5815100830891 0.990801899307629 4.19139974358857 -5.31575498213547 0.772865104564714 3.34403118277614 -1.44411658688935 4.6171893645745 -4.05734839596853 1.79823100789041 -3.30799256805032 -3.63710597089314 -8.01212209549522 -2.28186788624204 1.91606911202239 3.52084604827589 -1.84583674336561 0.998926640742884 -4.7395193718731 2.71539375018696 3.35647481472592 0.15036550307619 -0.259283099549585 -2.8767089583867 1.33664160613047 4.55619869987881 2.91293676311735 -5.37327178513619 2.85085093328098 -1.54572620685252 4.09731376264725 2.28391029105175 0.419258769430638 -0.329368246652475 -0.729021270928228 -1.91475807546973 2.5252621370139 -3.92547896549189 -5.15796421636869 1.99215550746234 0.283574305830975
"182" 4.76355083825499 0.372816074770906 2.29645645454772 -4.22014115650699 -1.98079019728835 -5.65524877625775 1.69920410863602 1.2170323436301 -0.228084190988288 -2.28240837773102 2.35891117766803 0.0352864907261616 -1.83668772869865 7.05571613863258 -3.11203763998387 -1.66958228407528 -1.11234959115372 -1.2279112614083 2.18725778581448 2.75266483335947 2.25669927893906 2.05792091291984 0.802556235344006 -0.13202962825605 -1.04100242508396 2.91921686896125 0.00920927565482382 6.87658889569466 -1.33267014525807 0.606675138721895 -2.3669747218723 2.05773587874458 3.2492131543844 -3.3714606694916 0.832646207908098 -3.66065386371024 0.215427314115426 -3.83322463088752 1.22833486354866 -3.18547822571803 1.28038180439263 -1.00557661647251 -1.2394273726945 5.67886248118371 -5.99944241424049 -4.70995040758764 -3.81645596259273 0.0895946833276948 -2.14130901706665 -4.46706803528892
"183" -0.651242057348822 0.707465482522793 -0.699584259424305 -2.39964147770569 -3.75166196172258 -0.33165278656232 -2.05659452459987 2.50336688427926 0.770305311226001 -2.02085183330439 3.50115029430127 -1.75468805802216 7.22279365934016 0.785437775143583 -4.11244794564863 1.87588844010022 4.05242427358072 0.143242871129925 0.164052261020869 -1.44437996926892 0.186412886061561 -2.25998532540921 1.16983723779502 3.74577528874407 -1.83455725541365 2.84721817781115 2.74288310718841 0.84546236881135 -4.5789624399641 -0.576085944041462 -8.12248271112342 -4.52104272464682 0.260750994747187 5.32555935559386 1.10042716270187 4.31236053235479 2.58012465099399 1.65359075523361 5.57398174276894 -1.69613461803395 1.19499828767112 2.55447215312767 -0.32874227377965 -2.41976440034055 3.28816050376742 3.86484834949727 -4.28520675662081 3.64360713046814 -1.73002696809185 -2.25130953897901
"184" -4.32790243554397 2.79446683991631 2.70457223062242 -1.05717057007575 2.59539282670441 3.1338654146197 2.94609719415675 5.50808845427937 2.27952465168944 1.88956669492888 6.38391185045296 -1.43908079575497 -0.0764941716482581 -1.23401717081218 3.83994371183381 0.113078606011257 1.4758822678773 -1.57604621081763 -1.33784954238734 -3.03989358395196 -0.254915255142765 -3.43996584422575 -1.70561516687945 -1.78386721306483 2.42970607755198 0.644789812067973 5.29213017321791 0.767688328128938 0.493048754153284 -0.396314642742609 -5.20062893910041 5.06594322607493 1.79695815468008 1.99862557991085 1.42211288508782 -1.278346874751 2.23883846215627 -1.63246064392744 -7.47485330794415 2.23544601115107 -4.37139174837054 -4.27377873341185 -0.569759124007139 -1.19725231313518 1.08030841695254 0.1821196058186 0.624679620294295 0.507789670080717 2.02145314340457 3.06119780661664
"185" -0.832862713161642 2.07214485940516 -4.22383824959096 1.76043792781395 -2.65620346312108 -2.40901118974799 0.17464730851303 -0.815958761152306 3.11346140599104 -1.27230160710052 -2.98568784047735 -1.43200182476703 -2.55670367801822 -2.13146274392489 -4.13163671938035 -1.66497284688644 -1.29834281362339 1.75206762807501 -0.46815163390585 -1.27335411159978 3.94384744789002 3.63190163465785 -5.57970303936501 4.06075095315799 0.0923064673554379 -0.0585810882384273 -1.63186561823044 -7.2198353296569 -2.24814070348285 2.12161962391453 -2.23024601504387 -3.77532780058524 1.33584792614049 -1.88176102895601 -3.92315438709545 0.00755640621046382 2.07568634948248 -5.03069480467314 -0.987659532373132 -6.9561047844803 3.78130371608122 1.90557538961416 3.58918731357754 5.44226369658831 -1.68861010053416 -0.0780974868724374 -1.7878314970294 4.39691587117766 1.06793620155039 0.483361223610815
"186" -0.66684029093284 5.30313912647629 -1.45217671169754 -2.17694621021165 -1.52889746401857 2.02269907154932 0.220280020000657 -1.8565409117302 2.05815608705686 -1.13764470979511 0.936584201614581 -1.36610449944336 5.31105950769209 1.32395256591099 2.10508021142348 0.251544053490395 3.43363505455126 -3.38538389275613 -1.5794847627136 -0.439899408887816 -0.35668181493368 -5.61180770584564 -0.426872372229026 4.25895603447461 2.94670879015908 -0.877258703407476 1.13460523227164 -1.74223062944849 -4.45052861771973 2.23424776093402 -3.48305293376855 0.626292926508991 3.12644692020721 -0.771671770228167 -0.0739034821981003 1.71671340284499 -2.13019555490739 -4.3290091855491 -0.340034962878144 -4.48201625085591 -1.33774392390989 1.55022044567111 3.25233066614932 -3.53835418324335 0.669578196651554 1.52090614757047 2.37250510586289 1.88632144312419 -1.59587757082049 2.49341594321452
"187" -1.4649722800603 -2.48175219898941 2.00808457639143 -2.95987978005083 -7.16380638908158 -1.88708095207947 0.850376150278157 1.61522230748108 0.876400862667448 -1.58409603047705 2.45688729290065 3.69991141126784 2.25598247381407 0.68848423870614 1.38798277032646 0.404950114661826 -3.12656881416891 -1.04326875198815 -0.868197232146085 0.589753408325568 0.584743257711155 1.28101982500352 0.732739936387124 -2.13238279880872 5.8134682897449 0.966792093584108 -1.4099339292185 1.20733855750546 -4.39111261012255 -2.64210291842929 2.17727918009964 -2.17539984584892 1.32981166613469 2.75450847258634 2.78180795034579 -0.222440641835058 -0.135130841946965 5.65315186139073 6.22490516166806 -2.38174773272397 2.35732503313182 -2.41493392588487 -1.19735541790323 4.0288577978837 -2.74561933147056 -6.3597328893694 -5.04870739816149 -0.125374290200213 -1.75617505011901 0.932516566355491
"188" -0.563858344393401 3.04857177507887 -3.25551482456349 4.95086091693119 3.34780232665149 2.97901283064908 -0.450467116644515 -4.21834957662789 3.30123692287662 3.20487695300933 -0.595846147912099 -4.85688048831915 -2.06028116674395 -1.54946549255137 -0.165570010928108 -5.21509945816595 0.614851998317071 0.149456555891541 2.99551601517247 2.99864923582923 -0.480542896611342 6.41598469993543 3.90754557112407 0.16878386182887 -3.74963249589563 -8.12471429607518 -3.73918599758479 0.622668060554125 -0.677746091524675 0.320572969497535 3.88573202205282 0.540283885534896 -2.10478050501295 -0.852760009806216 -1.50880496236392 -0.83959431885498 5.29488064325259 2.84523497910748 0.494203852286672 0.0129772611403188 4.67399752718092 -0.828661600842387 -7.47526612161777 -1.78609479433168 -0.0751401296234878 2.17591329260659 -2.80391616316854 -0.360230997580057 -4.23709244085961 4.1713130666246
"189" 0.867655671664948 -6.10985906541687 2.32711241938215 -1.21258248135965 -3.48862956812931 -2.9168925761589 1.18540922725089 -1.64253437244617 1.75315465700893 1.55570411272299 -1.08737038470151 0.532094521422095 1.28866067621569 0.959697135123777 3.18937194717448 -2.52884559437087 -0.633091008504743 -0.646229614821362 -3.04096240210393 -2.57384822905796 -4.58403236670575 -0.739306883576145 -1.64365244063679 -2.19362032085322 5.10449206713057 -2.17320044769713 1.69094692366773 2.83597529202155 -3.85867916050005 0.597448134747286 -1.55451373704819 0.0353868396014347 -0.64725658557417 0.536581536397568 -3.33672281849752 0.632983577071064 1.40777862996861 2.43078230924066 0.712724518122462 -0.0633639307421272 -2.69523441823567 -4.70209564962256 -0.630431593320064 -2.39114905820832 -6.6710812934567 1.9424303794688 -1.41025482354639 1.95152819040001 0.284286197396505 4.87492253741095
"190" -7.5637874432536 3.43905042489796 9.5656693651686 -4.24215912345761 -1.51728543297719 -3.2904007568382 5.40223988188005 3.22686031204333 0.296924465054414 0.223160635632804 4.58207207137077 1.78282059965536 0.325068679580908 0.991368314786085 -5.56456379808891 0.667336319721892 -2.10787601889161 -1.64362814036318 1.59522469492699 -0.262342074797043 -4.06791097144572 -1.82682482028483 -1.16888916366982 0.213415639296209 4.21424599166741 6.74755940898679 -0.631080023767054 -1.38830106377488 -1.80460300080981 -6.51875283903409 -0.4082845988086 0.286910192194996 2.77953356574735 9.67036640420569 3.94976847474182 2.36425621464128 -2.04054681656577 -2.0204525152761 -2.48659029992745 -0.528791347562101 -0.161672638964552 -0.994926640042622 -1.85289784999673 -2.65211961576984 -2.2558497701483 -1.99091997352171 -0.428682422777037 6.08828904822684 2.48961638478187 -2.22663813242279
"191" 4.27932674618549 -2.8334691865659 -5.85617841704204 -2.03273732784901 -1.67185815020359 0.984652671095648 -3.68533248101765 4.77643289023176 -6.69773207380385 -4.92934153880566 -0.197102079028723 1.23690269718329 4.15289557496656 1.56047462332957 2.40795546696695 -2.9986769446584 5.42120725621251 2.36946067673296 0.270280830853087 -4.16336370344796 2.10682052202374 4.07126251359798 3.68026107837148 1.1873041315545 -1.89890289463458 0.0559554282979882 -0.54903333222745 3.94986298269061 -0.166890713263029 -2.20084583839462 4.4200053895601 2.8622073730155 2.08224967799826 0.468088464103789 -2.06038428162149 -3.90785331777928 0.00482183754948861 -4.34158631869079 1.16959988148025 1.83459747044738 -0.63292330985651 -0.955156681350561 4.44806806491343 2.324990202482 -0.0523554635334365 0.0806614363363697 1.30572027458114 -0.598555991432986 4.67236085492388 -3.61477723550401
"192" 2.70800852110779 6.72399754179342 1.97350665795535 0.367634600824886 1.29647414792074 2.07308503945001 3.29048375136783 4.76526106246511 -0.372535994393429 1.91283314660342 2.9552870909722 -0.313643027379566 -7.92459688366276 0.288627292237098 -0.59486719959754 0.537744606420498 2.743000206085 1.75112019939952 3.73524325586593 1.65872101945915 -2.92533806674071 1.20388052935329 -2.65775302431215 -3.63417977215789 0.47207377194705 0.6293128751704 1.77936101114685 2.51468721341812 4.07145949159865 -1.46807809730699 0.354471666116626 5.80601478152968 1.81361872783248 -1.03890583544169 -0.220587406027672 1.63615519306794 5.08652687453317 -2.67007975243048 -0.563646824549243 1.32999931006981 7.72645013976186 -4.52587970429874 -5.28499007156807 -5.15413171557689 3.283381208014 6.10316009176683 0.92370702391415 3.24052869147259 -2.89601422816606 2.45699325467488
"193" 4.4026220611447 -3.58719925716019 -2.71128494268272 -0.107758746364216 2.31609612319252 -2.17901005392415 2.13486377990017 4.12473014991629 1.38942670223881 -1.63493033489522 -5.46444073755173 0.799288234214763 -4.9388535275278 4.94397153423531 3.95990173279067 -1.76596860685875 -3.58539063779182 2.91137153592859 -0.528329043096468 3.92927069314286 -1.49345832843804 -4.52472648572377 -0.900715640745065 -0.550717440818054 3.50033282358123 -3.98439302369934 -6.81650306612764 6.13624200901151 0.840359765691384 1.69364601047176 -2.63831195968721 -2.96383201034571 3.00092673944533 -3.48710218129966 -4.33242012957911 -5.21327683273558 5.85889345544879 0.165994012179534 1.20430943946246 -2.23709962090835 1.9084984378745 2.0274364254359 1.82537139517677 -0.0425708290961977 -2.29278806216813 2.78340930905574 -0.269578051292165 -2.23518402478982 -1.3807461030671 3.66135385903701
"194" -5.10713090638829 3.00395898576805 3.16055793697291 -3.76276191587083 -0.842343570390231 -0.697953092223855 2.20484256812016 -1.30499959323181 -3.13551111077003 1.34676603342862 1.08799672613517 2.1872174078758 0.107905877958674 -1.55548260729415 2.96421059778892 -3.01983575870615 -2.83229461251616 -0.828274551662064 0.957841343003498 1.72314770411789 -2.20281036841826 -2.15274880509733 -0.191310786794063 0.537589110423964 -4.4594519714519 0.975991957752571 -1.33477245348739 -1.11360850033388 3.56957378077785 4.74956380738739 2.33556549400635 5.86383036861645 -1.64488254642754 -8.54296061066549 0.614868871579699 -1.56350028200373 0.602930520658965 1.49124095186887 2.56613231684926 7.5318393390654 0.478652346771815 -0.544379634236433 1.58328350183038 -1.54139488568237 1.47806643408208 0.979404891047664 4.51232122690211 -1.33516417642329 0.892177535321286 -0.961320818357977
"195" -0.0756885331639558 -4.985523160927 -0.385064536168037 -5.95930908292045 2.49528826813584 -2.48179846106002 5.67256824603402 1.8847419118393 2.8909723838566 2.13254721331313 -2.45830137904132 0.383681275401125 -2.27414425242381 -2.81699970413916 1.37330818466774 -3.11593354938386 -0.273992202465087 -2.48609111398917 0.127223133217915 2.7091293378098 -3.43340410438278 1.90826157153178 -5.85373555428884 0.653373319360745 -1.30699104568009 1.09971396611493 -2.49225153104282 0.140232506013976 0.215816132057827 6.94183400671925 1.77362146276467 1.55677869106246 3.46722733843109 2.97391645869325 -1.47545090727256 1.3808427255042 -5.84624121986825 0.278846905172894 2.0681784875904 -1.1989096724141 2.28427008955088 0.801995855565647 -0.645775803022123 1.9331623529006 0.472380811100844 3.53540463827847 -5.22277559375691 -2.1567611646709 -2.64887919802537 0.529510345884036
"196" 3.7319361191823 1.9046585544851 -0.894074512191928 -1.78633752929915 1.00395431348243 -2.96107190595507 3.65857707110544 -2.55268660746177 1.23481791546569 -2.3645413613002 2.37430625989174 -2.26716426639232 -0.645898285648582 -1.77785406919625 -2.69498151286785 -0.0299582620054824 0.932513192711723 -6.11727964537337 1.8686355357887 1.79140246147897 1.71500720534674 3.08356503365082 -1.90961747763726 1.97588098299828 -2.35006287109017 -1.38339990772882 -5.61568399496399 -0.713567842280416 -0.429167469595075 6.02950730738822 -0.0995356593698053 2.85817806320442 2.71087918981474 -0.577607830897435 0.069922979031779 0.615664262423472 -5.2996476619534 1.00962020724129 1.45943943553858 -0.834768968173843 -0.72531301467325 1.82098529806485 -5.31494100748883 2.9025964531459 0.81424060764323 -1.6152031228937 4.6224877877129 1.49135733264441 0.510096967802226 0.0677134199053462
"197" 2.02654053415768 -3.98303605116331 3.46089164155598 -0.326944545329722 4.0295765160048 -1.71656573894029 1.00685101826529 -0.0411278759815415 -0.114565649961043 -2.09766670557316 -4.07254121317705 -0.424896155560809 -3.97044038403546 -0.603304181489383 0.541511718297379 -1.04308209705616 -1.85922783369661 0.355039331329717 7.33832228465216 -5.99932603296225 -0.563839556079663 0.575195233413643 -2.98202524106124 3.66360410061191 -2.94428950957668 -0.12116286895413 -1.28971179149076 -7.61488405655108 -0.700991051761601 -0.576454533105113 -3.36660631674059 3.90097086089463 -3.42312465781767 -3.28644096465631 -0.663112468682405 -1.75956700055742 -2.43603101732428 2.31023869448271 -3.0343513370755 0.697143180241129 -1.88567658186052 -2.00962151485373 -6.5833214047007 3.13285319414704 -1.3715958298732 -0.105467822301265 2.9932627664486 -2.65666856779873 -0.559227196068033 -2.0773389032626
"198" -2.25683118555496 2.39972989523637 -5.82060463810552 3.43955813779372 -1.06901155681647 2.41633479702711 -5.24216619414898 -0.779590724929563 -0.982554081789616 1.9393719934648 -1.36149838351117 0.966868319207689 -2.26463099862771 -1.67329384062168 2.28821116265773 -8.50142976825419 6.63607620653169 0.903246546145754 4.00945448564377 -3.29658040552709 0.0445422253251535 -5.06304247606151 -1.98770692656276 0.498109735459453 -1.81329308927239 1.71883045035884 1.22462417355675 2.61921332139891 4.69603845464 4.65409849659667 -1.41381961050977 3.84300800174711 -4.87464564289014 1.71292279088591 -2.70534249003031 4.30025121909707 3.01378876801377 -0.474799069344269 0.797791268745483 2.50749895267364 1.40579421835044 -0.999829106164766 1.34923397310843 -1.27690676070356 -0.714315157307654 5.44278884862223 -2.20107960319277 1.86094942131456 -2.88741570027605 4.62477249247196
"199" -0.408471980273572 3.3595642168428 -1.33271286196391 4.15484547645302 2.32824412866451 1.15268990897226 -3.00411233629425 -0.422102095652081 2.03427978183618 -0.70753185977742 3.34654309332451 -5.2382990803093 -2.02963315663438 -5.7335549266649 -3.07158598603667 3.06946335156644 -0.930833447346966 0.913600062511529 1.1535450196528 -1.86922294099626 1.73488813317459 7.72381408424574 1.88767588399491 2.3078191325848 -1.17422561828197 3.08277623067682 2.78867894248457 -2.32522126087884 -3.44931372435076 -3.74780711563468 -1.56081803897762 -2.74358034883977 0.995519156437686 2.11548738956144 -0.881560626269666 0.421477058694675 -2.59632264435275 -4.14044883421105 0.267394252938028 0.540248602189045 -3.05435315277004 -1.35280708848757 4.18947703037645 1.1789742715602 -2.58295439560693 -1.18077608588202 -2.21967922521266 4.14019032365611 0.398330095909903 2.31055571607595
"200" 4.65840626984954 -2.53172420061353 -3.84815277310029 0.430742141626484 -1.55562341406413 1.65928072800446 -1.36856716283359 -1.90604964582741 -1.96593281227996 -1.56871022112661 -2.14504443272493 -3.72369863092342 -5.27222257481841 1.76110036603412 1.31185698103114 2.52840204478406 1.62652379051 3.21062044656523 -3.24499529392082 2.68946211085811 1.85124288084496 2.58411462239627 3.94121587487587 -1.19178268927647 -0.405430657395291 -2.21163583915321 -2.29942350331366 -0.152284929812464 1.0285160231032 -0.357778643465123 1.93437313584925 0.176647138424928 -1.4934184597859 -0.393353936276065 1.89047007477559 -2.55682227482275 0.80986676246331 -1.94039307355905 -1.81657068658073 -0.0786767941739048 -0.0810416731338055 -1.2915778150912 1.46145750008464 3.57694479051061 -1.01288041971539 0.735372018209717 1.59897643170167 1.31465451085434 6.15318387448767 1.77155024704378
"201" 1.67477318893925 0.0811480033926809 7.01231391196407 -1.87900280748358 -0.392960635430966 -2.3864964483578 2.69632813654966 0.918513473933147 -3.90289358286599 -0.921628236121979 1.94322599886844 1.8871748294126 1.27937956936333 3.76542386193868 -1.56034010885101 -1.12329777264018 -4.19818128555629 0.614240064480745 2.98707793454276 -3.92054160497442 3.16290686213295 0.0947618919143366 -6.21594265329864 -4.63299676324224 -2.67382239480533 5.74334392591021 4.1760908231449 -3.38882439654568 2.15661315039713 -1.05206343127021 -1.91643338852309 -0.100456951955422 0.708082868173013 0.584469394882415 -2.47831229799428 -1.58508817349588 0.637113530144474 1.85067476133372 -3.3481777186226 -3.53997488672059 -5.45738180138184 -1.68648821792466 5.41873233931972 3.12327967515388 3.63351737231608 2.0395099403344 5.31976722147581 6.07282176985932 3.37963625272929 0.718115178560057
"202" -4.40122889114021 -1.69090663845479 -3.25894533931515 -0.108161315763585 1.92710392245159 -1.47107295687982 0.876172581894483 -1.06684860573711 -0.588561506866908 4.66148978854019 2.91033535951147 1.11666120545991 6.88767498661166 -3.04490509385657 -1.00064124204191 -0.957365078025273 -0.654195577725913 1.90363432462438 -1.22236111306866 0.77467227388037 -2.31779262349084 0.319210005713501 -1.37832525958573 -0.0305947682584586 -3.00074242270827 3.4347676402197 4.92711711721705 2.53936713653063 -4.10851932933094 1.10625950537886 -0.893016558566191 -2.45376997704268 3.62861968261645 2.34473243442396 0.822930206286579 3.58474524771363 2.02704797260963 -5.15929980359004 4.66623222458523 -2.46833081338086 -3.3150164619142 1.21982955417833 0.195886238574141 1.83913272969186 -1.38979444141744 -3.59663306678945 0.845361008843245 -0.0607820930242965 2.24790496557776 2.54438135851776
"203" 3.12084556375468 -2.93202233030653 -2.53883781711317 1.14097664667845 3.68470566517686 -3.48525767329155 0.404315967307716 1.10269961954811 -1.28865862059111 3.38590781752791 -3.2585810457059 2.02928638977447 -1.58603466375903 -2.27526306090399 1.46716432796887 -0.559021482989074 0.657794004009671 1.79127867780504 3.2601151336376 0.575869876932908 0.770073809161588 -1.52515720003996 2.87827727803003 -0.716573300511564 0.284945849291722 0.772161372610012 0.988466265018867 0.106094735704838 1.05859035405599 -4.96485298499017 1.35128356400838 -1.63987685134849 2.43947258334603 2.54134747727551 6.58155550696926 -0.817729887509235 2.53596702206297 -1.77680846992487 -0.453131242887315 0.54376722626836 1.83924696417006 1.1723103369493 -0.558612420351053 2.04356867158601 -4.67848590055631 -0.217441077902641 2.8984455536549 -1.33918803563233 5.34949325114777 2.96084764482206
"204" 3.49822657576631 -8.45324934543391 2.34152975571419 1.17497396541464 0.147390999947532 -0.761591458767718 0.158640917844522 3.42361326303031 4.6589224297008 0.543050384334802 0.965942342773857 -1.07306195154467 -2.99448941194244 -0.630702064768665 2.03160262291139 -5.58058630498042 -2.00467588649859 0.742374455728328 1.56208228364049 -5.00593480049888 2.36019500317055 0.888632274224767 -3.34019658646329 -0.141990612154684 2.27446477400293 0.631052613591158 -3.02562880028928 3.38589356138415 0.39937772411111 -0.834278015942834 -0.329867860896868 0.048058214593191 0.703016038818525 0.821223796057618 -0.53611339749148 -10.1383184144479 -2.00019045173678 0.168563945053113 0.257080568280103 -0.367493654239915 -3.40703174664295 1.10934862859476 1.44171263054261 -1.12004451115797 -0.762350442630289 -0.799941003224795 -0.813431556780364 -0.715457638100987 -1.5471140154968 0.0269278368604043
"205" 0.756579191335021 5.53946364747941 -3.92969570322125 -0.747509814999687 -1.68546254067809 2.11607055495244 -0.759065905280075 -6.03517794795662 -1.19188706876693 -3.39985357850821 1.71497867016701 -5.33760310613066 -0.485600126706254 -1.14878198534412 3.31772094338382 -0.575608445227428 -1.10629102186945 -1.46233300940892 -1.67387059236801 -3.75655810774185 0.152024677097916 0.0312228563082755 -2.85608064074569 -3.59856111243667 -2.96463659196267 -2.86247821482355 -0.0708019183445906 1.01177325156812 -4.09803505903826 -1.98532083161547 -3.3287159943882 1.13056352461163 -4.19296272538937 0.351314950945886 1.22015728982332 -0.430014973875839 1.56941223597824 3.71071280106478 -3.60792472688471 -0.723461840145176 -3.67578686511183 -0.922599782268642 -3.30288359409144 -0.946674646925691 -0.0245003011059069 2.67330204078025 6.2563713282016 2.07974156851391 -0.933571849457829 -1.74525194382633
"206" 0.367515941356185 -0.192226521945154 -1.68631613979748 -1.2106253107891 4.97920942980736 0.0289443016269724 -0.534024116642604 3.49286629334081 0.9802621967389 3.59693602799088 1.77648231483828 4.88468241352331 -4.01667677729952 -3.66857218386902 -0.282621771064898 0.611619156749794 -8.99957195892968 0.989948623931154 -0.12657575322029 -2.10856778121657 3.45872143680452 -0.430297381253513 -9.52985710494673 -6.8578434913129 5.96834222399442 -2.58383657146053 2.74035003694989 -2.20912203722647 -1.59648095816286 2.23588526858744 -4.43433372943948 1.69812044940584 -6.87807841429247 -1.41611914576992 -0.833833031289462 -1.52973164254204 -2.48178913968891 1.9703353266053 2.96568706626981 5.69962740938402 -2.18853335594462 5.32104925763218 -2.08948258684594 3.30279215746948 -2.49679971967379 -3.85780398936102 0.515011829077744 3.63982390357363 3.86723450003942 -4.24955346359868
"207" -0.00503709520165625 0.895646270898779 -1.14580157321008 -2.30473800471416 1.03494707355551 -0.0238134793663503 0.768984084751897 -0.808910806424681 3.41972120265346 4.2182096284444 -1.45601961319964 0.124516102079669 -4.4238669044368 3.91268443111988 2.41288679597399 0.616068267507274 -0.243766608688275 -0.836822461126165 -1.21180980246844 -0.718244847253948 0.46125341531778 -10.1180269869378 1.23803221849508 0.0527052800400745 0.427765081510546 -4.00991149607554 -4.05585503218307 4.25523357132871 -1.36242417715613 3.70293493932946 -1.19676336314746 0.720618851838467 -4.29014475732849 1.41912621196567 -1.27826660830708 1.45832097703181 -2.74096579146947 -1.18537754365296 6.55662109736871 -5.69031185414425 2.87420409423081 5.49230559137853 0.874490954173949 1.80434346171413 5.46314194791735 2.8370966276938 3.20700224374456 -1.90745604034866 0.983425974044581 5.39180924620985
"208" 0.667076091391412 -3.53324898621159 2.55996418552655 -1.02215159684584 -3.8461750911481 -4.26465164765519 3.77738700697265 -4.67359560927025 -3.89862618675452 -3.09107965926854 -0.718264206369658 -0.0550605276638837 0.931985316662683 7.07238641164015 0.490877938080307 3.47098285259686 5.40665406441483 1.96374654854359 6.65752152790332 -1.5246500984893 -2.96315729917867 3.97760830189975 2.6564941186153 -2.72749062224019 -1.73620808016373 2.88140477167126 1.17358301130264 3.58249944704719 4.66715456243182 2.51639518183318 0.747876757532961 1.63018144095021 0.720675698773472 2.41194537974386 -0.950612090752246 0.256421811997614 -1.00361258107267 -2.60484716675915 1.96217389134307 -0.147792601018269 5.57386783307398 2.64267352194198 -0.180934904598004 0.584060551158018 1.15323610925614 -0.216066621680428 1.66006995539266 1.43629770284481 -0.94117721483135 -3.2958599457579
"209" -4.43620304960706 -1.12078766117031 -1.38827538032129 0.111895803164726 6.51867825220931 0.720219649137768 1.94120233001483 2.43727112995046 3.05506882082288 3.82109154089494 0.829462594287268 3.608226782487 1.47295303134885 -0.234601030572907 -0.783424664677852 5.69296341319749 2.46249843570942 -3.15818072791118 2.24527083036381 8.84278166292198 -3.45596809001502 -1.34841443895001 -0.0134002156696226 -2.41233509048583 -2.22187513262863 2.38822466956677 -0.587664350457628 4.61403123597787 2.38351906332034 1.3034498934381 -6.01321335936191 1.50236525356288 -0.306889948116757 2.78523981395003 4.79213658575122 2.40745067432877 0.402906907448469 0.8483684025769 -4.57158277275725 0.675328625949464 -2.67465791478202 3.50900054728991 2.56639820937231 1.0708607685768 -1.97362119189695 0.316651572160714 3.44040512777282 0.753058486151719 2.09915811064808 -3.87248169314683
"210" -0.133236438006703 -3.68009853993479 -3.53565148246985 3.97634369354189 5.46927416331045 2.39198889281232 0.198772724363302 2.59246743942968 0.895670454163054 3.31345040231802 4.45190223117176 -0.961820916340061 0.795224510785618 1.5789934590895 2.78720389076135 0.426050296694889 -2.69730279344153 0.093620340158899 0.783133965935403 0.354141751143244 6.82782158998652 -1.60732274341016 -3.7121633141616 -2.46477805465584 -0.110860631755101 -0.0263400756161377 -3.02111006994192 -5.53846727889364 -0.532576563734972 2.27309549422692 2.07540702334799 0.343680203755876 0.0850773409528761 4.11348781777695 -4.0057577643618 -2.19448210811376 -5.95771947046794 -2.63499083803426 -1.16545615932087 2.93629712568658 -3.11954271036388 1.51545843186165 2.38384001103388 -2.6406880845587 1.99557616814663 2.63537836136526 -2.99826951489364 -3.70206003988765 1.00817833055666 3.98023793735956
"211" -0.391156554400335 3.31464663706969 6.85648969740233 3.11752269242971 -0.568965386014292 1.3094584691468 3.1809279909319 -3.05377517442818 -5.3722191710304 -3.96050579893151 -0.114165385362435 -4.09852303517103 -2.75763946082956 -1.91576231980293 -0.449907030942934 -0.657703112547339 2.56485384588022 2.81823529658082 0.584629762333153 -2.32766676215632 -0.633613912676463 3.54825177370396 -0.717992128101427 -0.79177769645086 -3.35109964552973 1.71541442360998 4.6546912067247 -1.86998230322618 0.575566944988683 2.20945984356149 -1.13958513101021 5.62411852247381 -0.187746841963779 -3.72793160660788 1.04405548778893 2.40090167380562 -0.50484828200319 -5.26423380283876 -5.78829791633647 1.83761449632034 -0.00363192029588156 -1.6948554921438 0.62077866999935 -3.3872272485201 -1.88524078602952 -3.30520333903022 -3.82915120177972 2.03908427009091 1.56802021073945 1.03783320787532
"212" -2.37686362128525 2.31599422952079 1.78034343089867 -2.14416666340794 -0.109925092047467 3.09448914375085 2.0643377133276 -1.40178104623255 -0.852391295804334 3.06669591417389 0.437171897241314 -0.00726237481389853 7.73817992625928 -0.0953241373707745 3.4942708187861 -7.42638939823544 -2.37468434823994 5.33549921590457 -0.647483344797896 -0.614746613149287 -2.33643019148428 -4.63850564780283 4.40688595212901 0.771567866970974 5.66379623344448 0.246987547943944 3.11831027167038 -3.97788690773597 1.48041444589721 2.53146775161987 -5.21875270017635 -2.76981939314517 -3.6759548919674 0.535534758600721 -1.03424765505284 -0.899013330164248 0.852594391132303 1.41574040892926 -1.13360471725735 0.176488466178649 -2.5321073635134 4.80094009765409 -0.731983466133543 -0.219146914381195 -3.76572039126157 -1.45116248916172 -1.71251389341212 -3.74451275697189 0.553164781790173 1.04948945701519
"213" 0.850070762417125 0.779348987556074 -1.92969011043469 0.166300612250176 3.33631930089802 3.22101927237018 0.461111588412234 -0.127575950058345 -1.59565584230521 -3.48214588691966 -1.16887287914028 0.866951742245522 3.5168553467406 -0.154084157752152 -2.17964270230277 1.21922133479619 2.39657766374985 -1.21820758471454 -6.11740089078831 -4.1254633274246 -2.81541352640668 -3.17010681007911 -6.18650938193943 5.03403086126531 -1.37839929431602 -1.92274970562224 -1.8779413650044 3.26919592427961 -2.15256788831654 2.04648919009721 -2.68155896507102 5.17663227006223 0.561119013081892 4.11645537784475 3.00810354744846 5.06600453721938 2.9666843388944 1.14307317665178 -1.75819670510747 1.33782292601719 -0.511547964581948 -3.49072808616152 1.18763086182063 1.49461900477057 0.728615188381878 -5.43844480896901 -2.67860727047101 0.681327488455879 4.68968930530722 4.25456354464556
"214" 0.546143804106188 -0.0303837447764178 3.04431392771673 -0.793721422493905 1.24804674112518 -3.13941226342607 2.60185580395138 -1.4097969779371 -4.95004431958718 -0.426155472845435 -2.07652842695951 0.95716699359264 0.283611001087354 0.368357647401516 -5.12474507678968 4.91104657133105 -1.99226631419743 4.66209056016492 -0.818457025089187 3.20616556036094 0.216062125951668 -1.83328196869267 -5.76604261465 -0.81227388669966 3.23704122445929 -5.26240378030593 -5.34460233075028 -7.4243910279709 -0.578127367334239 2.49684170730021 -0.337837779324095 -5.27189103914961 4.1402868465808 4.44280421176951 -1.79658270496604 0.311181252035533 -0.27728752929516 3.04910963313788 -1.97000693171395 0.218529684515457 1.96104494849845 4.70269771573273 -0.742295591031095 -4.60113196858299 6.35487064582426 3.61175006736342 3.24143241794903 1.09294675390143 2.54471019847742 4.11293515502268
"215" -3.56697462926485 0.507616292542417 -4.50144189453147 2.36219244473248 -4.07243072229136 -0.0859312653678227 -2.51025405300385 0.265589121152679 2.10719574823379 2.10075530518006 -1.4747097698554 -1.98429895886236 0.392924652128285 1.29238472749695 2.73892264441205 -4.77224151090004 0.103660531942668 3.62642180650055 3.73383498700145 -1.76112769583501 1.90515386656801 2.00186041216036 4.6086644296333 -3.00556769831425 -0.441742863261795 3.3446989150088 -4.21861660601398 -2.11766456988829 3.74368110814622 0.376058593041033 -3.1731553240928 -3.37349401934005 -1.25243634921617 -1.34803126917734 2.491289294453 -4.18833294935544 -6.90811258673078 1.79883515706882 1.59138414933211 -1.55154649150797 2.12603492849254 6.76550507485131 2.82111825830413 -1.56874978334878 -3.5022325440371 4.96434685818268 0.382551622188912 -2.65777061473357 1.20672201042242 5.00263242089208
"216" -1.23378361069374 0.41897446228543 -2.48244709489765 -4.79322434758553 -3.61900076924017 -1.64553239048011 -3.3104597349926 2.76000516994421 2.03549463477277 -0.1972673438696 -0.883238537022381 3.3262057344405 -1.1024360878902 3.79167670390684 2.60797316696971 -2.75483861545042 -1.61194116228095 2.25348156731939 -0.439511259104872 3.85412648671981 4.18654687719062 4.23112798617943 -0.801529291873337 -7.11548758919445 2.75809674724491 3.1973267806784 5.19823383466034 1.94339429997234 -2.0278295955368 0.426066365534046 0.971857124887938 1.02618400473216 -1.68007025390512 -0.549760347510554 -8.46449889855523 -3.26588578365786 -0.990422942392346 -3.00198081553539 2.57677286947144 -4.75333984801349 0.049519149924767 1.14373825764003 -2.34214317930815 -0.305033892261608 1.49866278451303 -2.73402138646431 0.867623127553453 -1.14072766108903 -2.22250809852332 0.462463702528061
"217" -5.57494297229919 0.440933658602699 2.29372236511419 -3.90564764081793 1.11720575343504 -4.61527572034815 4.50756661466077 3.3700271922225 2.1604566383819 -3.67684557214958 1.1463715347885 6.30622263028656 -2.33221230793041 1.63776035159817 4.79831797158074 -3.06574958374956 1.16474652601567 -1.89805624372171 -2.73034897372931 -1.21607858462388 3.18088776909964 -2.4939476895816 -0.627687272398076 1.23342883265128 3.05465356532174 -1.99248529044688 3.70279395909097 -2.89759954558089 -2.51499632032164 -0.443245315650479 -0.200380974456983 -4.88213685801516 1.55635447021269 0.566227303078924 -1.7647495029072 0.49742283255241 0.0999941786672063 6.00032570649642 1.94416128231559 2.77959681561034 -2.28341659518898 -5.38276737022059 -2.1896639332771 1.91210846493504 -0.181116976629 -2.0122394822854 -0.84981522820229 0.691969387600136 2.63452075954272 -0.189178715080216
"218" -2.94948719314918 4.86430457559435 8.05266116943214 2.01904154480256 0.329344841169296 7.72903278764395 1.53245258580726 4.04352668438957 1.55687851646789 -0.433019036438977 0.630873559377463 0.649641508782848 -1.40961701663663 0.952839552528988 1.7163515211524 3.13218966205233 0.604730763213864 -6.30495254163512 1.2483983496213 3.43908396395927 1.91877993803396 0.111784792147408 -5.39269669989128 -4.30073824734671 -0.181840489706796 0.335195116782092 0.825780927889055 1.02358563807736 1.25180768827094 -6.71320421813429 1.63571272767494 5.65921522172924 -1.6065622763111 -4.41260348848597 0.0222707650697041 3.02460382110285 2.60306666015138 0.169961031055505 0.347234525295113 -1.20287914369182 3.06492119029245 -3.40602363858162 0.710504782055872 -1.82135132109669 -0.0539991018712156 -4.8619631343331 4.03452719246556 -1.73541421542843 -0.0930812577741995 -0.499729419487683
"219" 0.998949715378661 -2.86335279536149 -1.3516626861887 0.01256967836608 -2.10620676171898 -1.21887192919418 -0.692111098362519 -1.15728586392833 4.89094730657248 1.86253736573018 0.79027697902982 -5.1967691534289 1.55635264765835 -5.82717161209736 1.87366954248703 -2.68910290897866 0.065300611492071 0.0894257075709311 -2.46258369927386 -2.58081210989549 -4.63242660899696 5.41907910782496 4.01722810991135 -2.98164217002954 0.21718921030536 7.24873920337521 8.6404518459106 0.757291828249124 0.945390625423528 -3.7288576916683 3.17140110543335 -3.36668777714863 0.434058271303359 1.26860086711478 -1.30079432563116 0.156776066966986 1.57022551245803 -3.67189814999 6.20948659314789 -1.35188692134225 0.135621004140985 0.633031101274046 1.76613834101783 -5.46411395523687 5.82144372373451 6.26652258925694 4.4600853302464 -2.82657066089581 1.46113329672124 2.58501158769252
"220" 1.22227016080831 5.43582939874805 4.88133012668773 -0.544543831649903 -2.67308907336303 -1.1976199243066 4.6854149324295 -2.04947899230789 4.78675448115444 -2.3211531333918 5.18903140562474 -2.62241001825999 -6.06612680214378 4.0863888697983 1.59116757048043 -0.245997526534248 -7.2799416820189 -0.17429479872984 2.28877354213315 -2.91382727967442 0.490825673057862 6.2087532960087 -0.581797633702819 -5.90818517663861 -1.23944180450522 3.76365437296821 0.326968265027975 -0.705637877623518 -0.0902733170322147 -1.78632370426482 0.313027959312507 5.25721210255704 -0.236753726514944 2.10781215355768 -1.12283638345148 -1.42156058609478 2.39483797553911 -0.681050999683016 -2.26038964906528 -3.28979427253719 -2.07784261951842 -1.41440559590705 1.48983436924534 2.29667028614011 -2.0485663836255 -1.45354500304295 -1.16554638289802 1.53882580322477 -4.16742865624737 2.21891061106565
"221" -3.09614226926522 0.983277797092316 -4.76798375654451 -0.568357088226437 1.00088287081252 -0.369249343941516 5.88724106642597 0.842956970757581 -1.24518383546692 -2.91684567249533 1.46731017726238 4.59092853377529 -3.3555178361229 -3.15088363184578 2.92629612635729 0.973798663350491 4.78597121620195 -2.6975018651659 -1.92654816239703 -1.11295274046943 -0.0484329210571849 -4.96271179485129 -2.39644324077626 5.25627265402783 5.07138622325118 -1.95362979599211 -2.45256454020787 2.93784524326914 0.216636357609541 1.80520662797546 -1.25232004776432 -2.39775964886926 4.15093925851495 3.82389467099356 2.0339027413246 0.341079656112441 -4.22848046875595 -0.217679848806261 4.6437231306975 4.23202642286869 -0.454792110104667 2.24307006603778 -0.269012749226333 1.42249084350156 1.65606155582844 0.772513464397063 -1.07360674881347 0.343506605644655 -2.22583493314663 -7.62058040813738
"222" -0.38518538169536 0.692582932081391 0.817039326668345 -2.51587237616281 -0.390315213474774 1.84329340997279 1.985692153658 -4.77324904496474 -1.90279586044622 2.01751004274856 1.25442196423196 -0.537010402816667 2.52750822568615 0.277744190088876 -1.17336741745285 0.713521394886282 -1.65368710874102 -0.642680239015341 1.75484837498467 -1.96595383620729 -0.460481446962645 1.86304924134539 1.38359730529101 3.60710822341471 -4.81691789046996 3.03867589438524 0.997508081072287 2.50634486726778 -1.76453260251009 2.05214610354402 -2.12005011299782 1.98579539756679 -1.60377739586108 -2.31168874546449 3.96187721301812 1.41232881977652 -5.59391567181181 -1.3370316021464 1.97809869990248 1.31110225049993 -4.69466979311826 -0.488340554490063 1.14532849534822 1.89012107369015 -0.758254441318719 -3.01258815557089 -2.57586341505328 1.97451029168006 0.709804729336339 0.293762520994077
"223" 1.14426582905223 0.918948350758574 0.402773621304119 -1.91407892418892 -2.41509538096641 2.31690131980896 -1.50827226322762 6.19553160264918 -1.93047271797068 -0.897890673309785 -2.48923149835911 -0.902896611102305 -3.36983914865627 -1.37099162183092 -0.0108711836449816 -0.629362358068654 -0.017961851101815 0.817643659573693 5.41901659365934 -1.94302370478551 2.48691523818001 1.16641754158118 3.53736267123624 0.996728499850284 -2.12603940997528 0.664975263446323 -6.13074998696732 -3.38672405989882 -0.195205065509819 2.62686646261291 -0.155349281122029 -1.75292288855995 -2.66599048099671 -0.395599903188159 -0.0342113419395084 2.96448822310963 1.3611309171983 3.93871179941335 -1.57013344660241 1.46513853541449 2.61760923975023 1.23637917622636 -1.87534143900522 -4.37886944648839 -4.07875149739997 -6.01119924669874 5.70083932278212 -1.85535871497343 6.62480128525346 2.50881546145408
"224" -0.889293802363313 1.34031463789453 0.859886263052582 0.90558859723927 0.761045107621162 3.66639048491346 1.26815042680969 1.34912375705417 -0.219902892366915 3.24926164720914 4.05406705690382 -0.0997305458257805 4.69885246585694 0.195438236950097 -3.91869705973932 -5.37721289843206 -0.795566286297269 -0.875929372468321 3.17836220751893 6.5870919447297 2.00100977929626 -2.1687077003473 1.11072870913252 5.83905218582047 3.85684095927327 -1.27118408227019 0.928317651370589 -1.84847828246816 -0.777742466622217 1.93988903584665 -1.63081710626969 -9.64221908383692 -2.89023477429749 -0.915195255031677 -3.58125973489197 1.14942755633191 -2.73025287214566 -1.64023573982704 4.89164190161282 -1.70933091125766 -1.49999171820908 2.54619219764355 -3.05742232056063 2.5082738935028 -4.30178480170229 6.78568114764433 1.2799363018926 0.063945501083964 -2.1779352035945 3.46824502265675
"225" 1.08401630007864 6.03845192776326 -3.28165701349968 -4.3222562724032 -1.35452919511552 1.81295019411939 -0.969091611513488 1.45319537141869 -2.04899726780636 -1.04906990747655 -1.29483277277734 6.70574447659434 -4.39468602452696 -4.28474340971424 0.1572948829649 -0.0871688918330328 0.27680203198443 3.44785145319951 0.553139144178726 -3.45612032436 -3.69433143000781 0.583566337420755 -1.80626547972975 3.32196496962659 -0.699340923967877 0.306156901682409 -3.17224292759689 -0.169853150674953 1.17747690072539 2.89727017204167 -3.55297953418676 4.25991238510657 0.689059976179038 -2.37184245562288 3.16496810967648 2.31939535247056 -1.12138001618389 3.94699754463304 -4.21102190655206 -0.227809970147167 2.57878637106367 -1.57907915133492 3.0350621237755 2.85068947608992 -1.70894137729982 -0.254824586249899 -2.94476207722965 -3.7624998985408 -7.69294127164808 1.24657239867197
"226" -3.87527593764437 1.62702272755408 0.55730855673985 2.09291427927341 -1.31524671946643 -6.19284176093449 0.601138635454832 2.84827121583195 2.68209557523891 2.85780939059192 2.75341086834973 1.95734549876608 -3.79609417418382 1.46344706025253 3.72864836322034 1.0726650240725 0.278143707684174 4.53830280761741 2.88619960384242 3.56157749389036 4.20712399060127 3.59478041331657 -2.71643904180582 -5.83089198255409 1.26143195111684 -1.29445818523282 3.43153771342494 -1.60988518012181 4.35964588511485 1.55583680211511 1.26675085874328 -2.57534114594749 -0.104617795903852 -5.06296889402515 -2.19713759073677 -2.75203771276901 -2.741944452237 4.19478029169589 -0.484895927237597 6.04524163277467 -2.50074961358525 -0.653308316102347 1.81774409831572 -4.00398849792468 -3.35123543581125 2.25440325743189 -0.712791823226271 -0.537435709850658 0.736757212484116 2.34495461428278
"227" 0.764230887834891 1.23802321058467 5.45673572652318 -3.91279211712345 -0.309406062430063 1.35419723935435 -1.71429524628083 -4.71389085964517 -1.10532381173775 5.86206873274396 3.4109534377525 1.47408877097066 0.395657379986734 4.84026343173089 -4.28424951629168 4.68757335970683 -5.66800904317961 6.92206584879127 -3.37377680661251 0.90806747723339 -0.168418935273032 1.14625296090421 0.643978359619156 -4.19693074995761 -0.448733667668881 -2.11744817700468 1.14781008446622 2.80756581732231 -2.75837548786289 -1.08973296262089 -2.98357677527878 0.152941307245215 -2.66754443813229 2.71977556544388 1.09962274637559 -0.531096848789682 -2.57234704825858 -5.98731149980268 1.88127745610027 -4.57678970012099 -1.89923041237277 7.26760879352249 0.0162192617475712 1.48644278582705 -1.06503624349929 0.731598989861709 0.657935969379013 -0.687946432406388 -0.182740364059995 0.164894376629457
"228" 1.77698085968155 0.163486695913328 -4.16315622120957 -0.868691905795835 -2.32385485772446 0.946119679229359 1.61609093245182 0.410793763967096 -0.882898710009842 2.48224924167587 2.77102937364905 -3.05254713277922 0.527481553883803 -2.64979375822042 -2.40380310789297 4.82379535834482 0.890032079654766 -1.39163951415303 -3.26918604344004 -3.71410813763802 0.966862763995592 0.953038835537981 0.67379640856559 3.7260577213911 0.108243067980131 4.15395265038685 2.37489614688861 -2.6480227335247 -6.02952554730284 -2.32529632126134 1.48212473801161 0.598727680314804 3.97031462057157 5.10824844627711 2.88752071157904 3.75391245857357 0.556291568057536 -1.35473563004491 -2.52671411411923 -2.23288701153768 -5.36467454644621 -3.72478402151031 -4.30708222432561 -0.949193057068644 -2.54194924686623 -5.37576730446966 -3.97443305454438 1.92116109888707 -4.12126614594381 -1.27472535315808
"229" -1.3972184665314 3.76702960192183 1.44487710285107 -1.57364990569736 -2.94370599582634 -3.39141985511774 3.25123730233242 1.08379265383313 3.38923308991951 -2.92813305252543 -1.78238243171232 0.259754212075899 -4.25857219338973 -2.09008908798478 0.468695691744711 -6.20291991889622 -2.86326514059653 -1.48261265001778 -5.20763241693348 -1.22803388203709 -4.49700261977079 -0.90338428936605 0.806778320263764 -1.44462198285015 2.48244010375077 4.57362743490962 -0.236863557071341 3.83870559901975 2.0072416769752 0.981153825326101 8.12537845248836 -2.17251287486409 5.92515125620791 4.18228248500977 -1.60801095756027 0.744428385554444 -3.17665841699307 -0.654981811418971 4.71470620449938 -5.30256348668828 5.47007425576432 -2.11594967270338 -1.73819253965708 -2.20467007901951 3.59266498959594 2.02501929491317 -0.6325145754007 -3.82752458472764 1.63279851396932 -2.01525498534613
"230" 2.24164105557697 -0.418550211264522 0.141404688519226 3.81888571598772 1.40040560184738 0.584183684329961 1.69854349233177 0.883817909929519 -2.07995043086072 -2.73826254392287 -4.37434632026533 -2.56476493626419 -1.98553211983168 1.69598842716847 2.73690222252477 -0.247523287183242 0.108104030301675 1.14447424928058 3.31714042088108 2.12423334421672 5.33831387239513 1.98359354992087 -1.2601864331813 0.612671764638897 -1.08653642707149 3.68125584759912 2.54454485030017 -4.88364332631077 -0.638599337603495 -1.14893840018543 -0.616830468931675 -4.22515758318611 -1.30603210914715 -0.365922311265815 3.16539634600163 1.09761784421199 -1.62430833033268 3.23508995645456 0.15390932667589 -0.908348276714465 0.344308751954845 -2.29321479820559 2.98247059281564 -1.48389126350358 -3.12070153602544 5.18663849589962 -6.33336910319715 -0.172565612907897 -5.81254312041541 5.44694064290451
"231" -3.59529803212956 5.03284615854558 -1.59143884759952 1.92169954281671 1.34013119387643 3.36438933105092 1.88418401049033 3.97042977432199 0.775717109119052 2.76209882331416 0.885969695604961 -0.823889423038038 -0.31494396746729 -3.27484372360196 -3.02443346264483 -1.71495460526052 1.94480102965869 -4.53666001428125 2.99189773994503 2.82058116902139 -0.977424463924144 4.80826363624254 1.12423189838876 1.66981935735557 -1.71408809309174 5.52132752220427 1.24736183442031 2.52920824125573 -2.29731850419758 1.13212718929388 -2.48131653970061 1.58589332036079 5.18662024514622 1.69731310217742 -3.55922211194163 -1.36683668011044 1.67653346365775 -4.74463384309499 -4.95544053518478 -5.71706933227103 -3.94435947890364 -2.02511008909337 4.08581932633719 0.720431700664083 -0.519239991530104 3.04390897341024 -3.26165366754301 -2.16675669579191 -3.65367411234365 1.9456360144501
"232" -0.944970458848498 -2.49704375040825 -0.556779284939991 0.522319156283819 -2.59290896059857 -0.0636592682352004 3.91174245437183 0.925408245781648 2.62740581911259 2.47216962434445 -1.29476283273284 -3.58503412508197 0.202710553708067 1.1604227753615 -2.18561295156883 1.69961817250867 0.828903634697468 7.94233929976086 -3.73137762046603 3.43812902270722 -5.10045526922831 0.151801193579541 2.691797522519 -0.869413965004832 0.120712226911828 -1.45420837084281 4.1715568374575 -4.47164221337038 -2.14782878954066 3.5398098414418 0.726948975528784 -5.91826346948027 -0.126384476368407 -2.12651097829602 0.425588235252248 3.93500901199717 2.39881252347638 -3.61917759028175 0.386556847554938 -0.354563650589186 2.983230635364 0.781774384544937 -3.37269643398856 -5.62352291928356 -5.2495690431171 0.52882727639475 -0.88391756069458 4.00870312968879 1.02307718203068 0.721509475315312
"233" -3.37709828064735 0.274517243853149 3.54611595584409 5.60552123262317 0.231382335703303 2.77295669258983 8.04147867125826 -0.958741411962344 0.263997800232919 -1.64833868894444 2.39034835365297 -3.94966517401394 2.95410675577405 0.812051008527458 1.27377509264777 2.95456136519138 3.81805500333909 1.73962857633704 -4.09284433307971 2.12520707210528 -5.41327557024068 -1.44290545293885 1.04525363343108 -3.69210374690296 4.93243433255694 -3.09297531551044 -1.38829530282246 1.93962521471397 0.695047431278509 -2.90418317409641 1.85377370561944 -1.77445156589283 0.138622361988246 4.6445486429144 -0.145581749815622 -6.13540899957918 -0.378815724394535 7.14986990869446 3.20104474062796 4.90363153910199 -2.86489536750253 2.91416339717181 -0.603059627572031 -2.77381715048098 2.60885429168151 2.89339989605367 -5.24276873379971 1.40199422645512 0.44328134358144 -1.69251276081555
"234" -2.44487620251146 0.349794811280349 -0.306652718140394 -2.60776888552178 -3.06533900833785 -1.03069295743076 1.9419934926578 7.26526066697577 2.10159606156501 -4.19863310707365 -0.717487078106989 0.699858041009757 3.81663328478207 0.34309932071021 1.37757810350455 -5.10197293890539 3.23366691597692 2.32442420221381 1.8354147723269 -1.78028668247269 -4.59098403677598 -0.158158714532745 0.708866253507723 2.795683620889 -4.8248403684149 2.92430668231441 -0.772363761077624 -0.650552842500961 -0.793449097864699 3.08705499625665 -2.30635530004738 2.20900732677082 -1.61146876711073 5.01424158671175 1.34648993965092 -0.411466746234404 0.570844236779619 -0.905584707699471 -2.75173173160254 0.0284288906475571 0.807727476573946 6.09509709909673 -1.02963640324273 0.659467886110542 -1.35229691237543 -2.54359049154138 -0.646405259698919 4.42501327724735 3.99690229882937 -2.14674881646396
"235" 2.17128034662 3.27578983639279 -1.19128704064589 3.17332738963696 3.88181603056451 -3.06653612084976 2.60808844710777 0.10314531113725 -2.70529090516944 -0.644086694906975 3.39786329604003 1.71919071406728 -1.18466557426004 -7.48054647464188 -6.55782188207412 -2.58161445051031 -0.634323706052256 0.260068402811561 7.75854960873185 -0.792260609414474 -2.68711560851766 0.0831548811791097 5.45240499791026 0.27331944382475 0.261807057636637 4.46719305964239 -3.18024073387841 -3.69584130619662 5.56665604716879 1.41965985273218 -5.5936003355871 1.07515966552002 2.34230999110174 -0.623678724126464 1.19879493109759 -0.27391790284537 5.0909196540017 4.65936778534035 -0.449787178301458 -1.01338290697232 2.50998084535357 -2.9665414113874 -1.20661897023246 5.07525721430881 1.06832034181075 -4.78169815879109 -7.15010393888173 1.7533228783527 0.502007282234084 5.91425119662655
"236" 1.65235510188121 -2.15188823085908 0.957966557700574 -0.116526334187772 -3.0957255203818 5.01635420945017 -1.47172705066781 0.455236755763524 -6.25767037034552 5.75326165059173 3.4226725848395 -1.41803217223542 -1.82142196857566 -2.80992580998809 -0.162108500238942 2.73141110952363 -1.4344316257238 1.03139695278744 2.45938749950114 -2.46698991318038 0.0383145057536215 -1.27895623670213 -1.81332362591303 -2.52267337043053 -0.772617037132512 2.46112788004143 -5.56092352193276 -0.164426578564099 2.95382630589047 0.906768691033985 0.0113806296655607 0.910891939489094 3.54121374592627 1.23617841173553 2.06563267293042 0.137982679721566 -0.720577033023618 -0.502354211530403 2.83236061885916 1.21596097552576 2.73646067544263 4.17582059691605 1.01257451756083 0.00379217302817092 0.800790841304034 1.48644346484679 2.19428056519142 1.61369724498254 2.55591394586369 6.63579684589568
"237" -1.14820227439449 -2.20640498203453 -1.99489573630162 0.214805287581074 -1.91461704415176 -1.77244355406981 -1.27201840642656 -0.904574173982495 -2.77174572387902 1.77533424132775 -2.55684419809121 1.64331217940588 -0.450541804108199 2.57347364443521 4.92724360331883 -1.55440764999411 4.60978921651798 0.333301119747235 0.542067071567677 1.73119909082671 -0.182323253236408 -2.62170245900332 -1.96223762934113 -3.41323203686203 -1.41450365711139 0.157125955358617 -3.78682176292061 3.13166583084611 4.20472289895624 5.21447516168717 -1.60337499891013 -1.64221483885754 -2.61848918878156 1.17448080241194 -3.1136498438765 -1.99722329572205 -6.18482713700244 3.49534129962456 3.14025172299779 1.66236183587057 0.124110327095123 -0.744983354677304 0.501431600568385 4.22534829177269 -3.22997409761974 2.27557649704477 -2.03621538841942 -1.18285267828401 -1.3599630890124 -1.69820088909307
"238" 2.55515819073856 0.927165240279578 2.56269545692249 7.53571608227357 4.51905106841258 1.65868722907448 -3.41812188434809 -3.04664439237747 -0.65614652949167 -1.44439600895746 -2.61760090991448 0.257345903261787 -5.02246209218152 0.591832918893463 0.713395122180992 1.25918776314268 1.26174605489378 0.523812634181129 -0.242503830371672 -3.2412963391225 -1.93295827612843 -1.06721708345542 -4.00116709475069 1.2464736167891 0.366118973977268 -3.1498524635242 0.164026727372751 -0.094299653528075 -0.653016743064135 8.73607997281373 -3.4532338212877 2.94100599119329 1.99169938352096 0.263135677336023 0.268292971703337 -1.60513945445582 -8.25045912119319 2.31177453423766 5.38166488190232 -3.49780370340859 0.209863745387341 7.94035766658413 2.27846909346023 6.04994240065987 5.43768232880227 1.19776066039447 3.04066541612765 -2.44717970303615 2.72626001814075 1.47582846601814
"239" -0.389022662875717 -0.669278421257455 -3.75425634387481 2.4391899413413 3.61291772512766 3.03795612332903 -0.0754219302448117 -3.67518863818145 1.55778211445766 6.19189297356819 0.79059843685678 2.65996849847275 -3.83786607023966 -3.27748421960753 1.11634019853209 0.926072625351329 -6.52284340005489 0.672369076723223 0.445613498713129 -3.28822132864421 3.65207302913366 4.16307830137223 -5.69506398427554 -2.58784124025621 3.52743507668013 -0.820973601405087 -2.63992146115611 -0.758231355430993 -4.30974534221614 -2.55279731561899 -1.16349948573926 3.20174078315438 0.0113778420568547 2.78239214115674 -2.48768964230216 -3.43842681507965 -1.68755521108352 -0.203148310496822 1.31397165925403 -2.01341542713585 -0.291156492663631 -0.978762741324264 -4.72034648942622 2.2768383989838 -0.686876648929418 1.84824342810608 1.83515859471726 4.82281120636455 3.44507268239694 -0.47429183496952
"240" 4.14966641284012 -1.2794930971834 0.571600741117821 0.937357012253358 4.42973910916186 2.7936884580603 -3.3688525479705 -3.08403663458116 -2.53465201229493 -0.440191834726031 -4.41285298740431 1.44766000721855 -3.04951135037476 -6.26437005841458 -0.996555776327794 0.474022111688867 -0.792652231251476 3.04670997506041 1.39299183177822 -0.799680075804573 -5.6521129835093 2.33242627057479 0.946103734964907 1.03430367689733 -1.08974729509403 1.59295107665601 0.111232296806483 1.30707705642116 0.204123777158368 -1.04762563159839 0.897849598653942 -4.7778751046254 0.483933819166575 2.25258024231754 2.86758236875266 -1.63442679208382 -4.99893194938935 3.22643905248514 2.24363268506976 0.154460747181595 -6.84995233155406 0.239832581479146 4.25092217363767 0.434289342901698 1.7085097846007 3.63420545709162 1.04425794746126 -1.16503001307452 -1.21194009476258 -4.61351331747167
"241" -4.74342616460265 -1.50034426719376 0.632607923753102 4.23481718670234 3.8007598267716 4.497270410605 2.01509889690342 -1.60676232016903 -0.116168712434961 -2.05993657368465 4.95023349255421 1.86205341289253 -3.62063959647051 -1.73094113714154 5.49531538935859 6.68275389912203 -5.17988259626954 -5.89612908818847 1.12480646210119 -3.75909425241213 0.979797908702319 7.49617796289417 4.98972548922919 4.55376581564993 -7.80700943520892 0.0933203806054121 -3.9407426878907 -4.39535031461507 4.07128082419977 -0.300422316203442 4.11711676160078 -6.01716303914048 0.98367903614141 -7.8317647092544 -0.983864854506799 5.05389450363591 0.362936897350382 4.34777068215215 -2.30817445204789 -4.24471213849447 2.44127988308545 1.70488449970118 3.84573266472191 -1.01499562444629 -1.98948754678852 -0.366849578686653 1.48492565376715 1.48438446673326 -0.773504726916519 -1.09989144004442
"242" 3.23034824327262 -1.22503327485543 -0.747997722355084 -0.226167407384479 5.86703837071325 5.13029361431905 -3.53682433401499 5.88227035013529 -1.89439472372875 -0.323385144627077 3.05259857844727 3.3608441216617 0.5025668677295 1.03580970576269 1.64026128416983 -1.67695629262313 -2.23922334343246 -1.29711067950935 0.523837399712575 4.79651360771949 6.30401859946263 -1.96382026523474 0.420438002615664 1.15772144006421 -4.95591093780804 -3.49612085152369 1.86400606176102 1.1338501242492 -2.46390780234959 3.24767239581107 0.293220778531757 -3.05141320438733 -4.87944965097241 4.13764675059001 -1.94502765272106 3.37410200460473 3.92424570788023 0.11251722445738 -3.22779290230711 -0.172618433229172 -0.964439745062433 -0.917638525771985 -0.588117839436343 4.98829187986829 -4.31407300431862 -4.30477253961349 -9.97274774270612 1.20756085126457 -0.133802627128595 4.86085963674739
"243" 2.06136619000509 -1.26390539530323 1.64476472725423 -1.98895345580828 2.78860514895134 -2.52735734961955 8.89896417460096 -4.22019816260254 -0.18629237788451 1.50023943455435 -0.587330179373731 4.29244506037848 0.411393340469469 3.49495676622667 -1.40579260860634 4.83685098422964 0.42006278155917 -3.20836314564716 0.293234756341282 0.0702448424477183 1.25549976290111 2.43386125916208 -5.13726120419594 3.73023108550085 -4.07199609258081 1.60363478039816 -0.894552644998919 0.330331963802285 -0.417075294790806 0.565358388251328 -0.858086728142318 4.61278841593368 1.353292405303 -3.18096112372634 -1.61190917931468 1.5784791209242 -0.199019258825037 -1.82158713399544 1.65149836296473 -3.46935653160784 4.87896900556609 5.32834083050732 1.40937030216367 -0.844957792986706 7.1688412624406 -1.52832595944751 8.105223793728 5.36779361152935 7.15908268277403 2.90885659134414
"244" -3.33843352623284 0.346293880400092 -2.68253745152614 3.56509834244689 -2.3782362218418 3.3955241601643 -1.26782641667089 0.114746509336728 -4.9277482827977 2.54046692372376 0.871507305645872 -4.43912969485801 4.10857354491875 -1.51580702397319 -0.15545265616664 0.766999539936108 5.49695534542773 -1.06132080810624 4.77453834916393 3.29838554034668 1.79262075798642 1.5106315444522 -1.65816143660666 3.636340958503 0.611915824090086 -6.42952713558779 -2.99591834350331 -1.09845706163428 1.55808354863647 -0.676559291065514 1.01409375283034 6.93326721043292 1.55122857225547 -4.09284770558163 1.63625250924597 5.83048814944478 -4.38048553759165 -1.95859633512408 -0.801471662894745 -2.97000116990406 1.37353696625438 0.882357613775128 -0.424600994125637 -0.28875294732924 1.52250294453381 -4.40853707319216 0.30872427550506 2.60047426893629 1.33039645368765 -1.33412207820134
"245" -1.06160403465299 4.31314046974103 -1.08354073248103 1.96164471146259 4.96671620369832 1.22946862643926 2.52371890000712 -0.870771974746948 1.82260240551618 -1.1317064661333 3.09498507790504 -5.34276440243125 1.25063706663157 -5.24536406920505 0.253463351000086 -1.39096642454879 2.63119614222151 -4.29070967346876 1.50809507286595 -1.54516716010217 0.666630586257493 3.68215849756816 0.104415960362801 0.291423051318893 -0.803326744131684 1.9474090557099 -1.69141764358557 -0.87329488266504 4.15031934920408 4.46964907199788 0.212889969118021 2.29580207343961 2.2191558201335 1.15744582403705 -6.60642832549304 2.6468266209788 -2.56363526487667 -4.24121348021153 0.106469783541728 1.27121579752152 1.64876578818455 -7.03185352081676 -2.69680735876191 2.57827043490791 -1.57563212054602 0.570025196448868 2.06495737171568 -3.61189122375658 -0.768187985766848 -1.81442428819294
"246" -7.79588896297339 0.838846337177893 2.63479612709391 0.432398327889494 2.80455906789613 5.78785061829636 -1.99277457182716 2.14809134918823 -2.23807379870738 3.78915698394002 0.572513738764637 1.99875819238455 -3.91135330643907 -3.7700247275681 6.40616273323204 3.98911965985389 -0.710083603416766 -0.473076676429587 -2.7570795443824 -0.490533700503554 2.85849714338407 -1.05325918033693 2.36164386923913 -5.00528491676508 4.46398718465969 -3.82342439071673 -2.88771793375796 1.80936444957656 2.89901037085556 0.959693301824098 -2.66384218640937 -0.496325196652987 -2.22337990079882 -1.48431704398305 0.0604804445360502 -3.04114046087895 4.22155649471612 0.383002914582348 -3.68139552133627 3.21911090265439 1.93540500676949 0.815360108744087 -2.18055900816882 -4.85666187917039 -3.99278547653304 6.12916132345272 1.71448486895921 -1.46797414236437 0.811398655921841 -1.59366363681261
"247" 3.15577747063958 -3.27269199752444 1.43460044898814 0.416839867047997 1.99656916496916 -6.11441552879304 3.59270430095269 1.46778092712732 -2.08515678310527 2.88818046281086 0.667936064800594 -0.518765392679499 -3.36099233802697 -0.25063551566189 -1.07586908605828 4.96216844576784 -1.72069539926789 3.05465522999465 -0.83197086811876 2.19493646029366 2.61196125255172 -2.7990046099588 0.0733684218760254 -0.97441137112134 -0.467678719284689 -1.01679542949715 -2.89349041759957 -2.61512811210044 3.94652752486747 7.42789848521145 1.05298602295945 -2.4810874385033 -2.48682435701751 0.376852235336553 0.636973558148725 6.72898657286199 -6.75868105687926 4.09225083261147 1.90568852593555 0.648365689793378 -0.477799110385887 -1.84894349481796 0.539884482386944 0.749533958747201 0.743872403663773 -2.96713603112576 1.76056312966883 1.93778911638165 4.84230353639714 1.15409891116364
"248" -6.24193488623622 6.20233067178009 0.610926003387862 -0.507083759409816 -1.19013352583346 -1.1311380839856 3.08366927755888 0.692270161283666 -4.84835751663741 -4.11447637102859 -3.63253374320425 3.17025410266174 1.58123133348091 -2.0976262400547 -0.615166885188191 0.687734022867557 8.60244533160576 -1.76982940678216 0.425085483901764 4.33845453977627 6.71877798596635 -1.97528342508592 0.996009487807486 3.01171901008016 -3.22796565589048 -3.57781811445708 -4.33445411573157 -3.79531799674325 0.480379557330988 -1.20674686555195 -4.10782683668973 -5.42625430493772 -4.65098475894012 -0.857556151511833 -0.976660102891307 3.12333738162255 3.06347747363946 1.47685147774274 2.27015526503301 0.62837816257128 -0.831489553747343 1.01871365751391 3.1693892638946 0.263017440650624 2.04658372959067 1.35250555626665 4.53628440818948 2.3381856095679 -3.27967792861168 -5.06366800281567
"249" -1.5756335310139 2.01409599897218 0.50765911477576 0.993800543868796 -5.71565994478925 -8.05498862572116 2.39026445569958 -4.18312985995398 2.74200707717791 -1.67473352495128 -0.975169638063303 -2.12179873714758 -4.75425703300256 1.66015529365811 1.58455858921134 -0.913426810616495 -3.02212837557174 2.08740582904535 4.41790806794205 -4.64310123179908 0.687385528988494 2.12875890945387 4.98877257172744 -1.36826842030363 -2.07380593433565 1.62080679521496 0.385314853531833 2.02682599808503 2.24877127629525 2.05104392923019 -6.33811121783863 -0.803651614963461 -1.30011046682913 -3.70835904469725 4.18302536861411 -2.2129617791031 -0.978813227679536 4.06165065714783 2.34372288229932 6.0323908176812 -0.637294896280841 4.26346698521174 -2.56832323731335 2.59737106347332 -5.46760729341772 -0.0456979392801691 -4.99094451221869 4.81234675390895e-05 0.424352606545656 -0.376052521481048
"250" 0.0268105957025149 -4.06960779815834 3.07773428240599 -0.184469247601162 -2.1244116905526 1.09153645260726 2.97053827812801 -6.38995775408301 -2.05103765796779 0.811699011297594 0.658243600687588 4.22553902006955 -2.31542097861047 1.07217812009584 1.80193960754867 0.00693784930688434 -0.341205974826642 -1.57973740739338 4.13590895989359 -2.79230200101691 -1.8611356337332 0.604120829599571 -2.55867950750296 0.172266490037337 3.78980591298764 0.589529898694253 -0.879500487297443 0.20534680694373 2.75525581260065 -0.866962361261363 -0.71282077620316 3.61037122004829 -0.291036358212764 -0.0864433975640372 -2.03190392943227 0.453204585516788 2.04734762425414 -0.740347509678413 -3.71104932082669 -0.755142069971021 -0.507940446614816 -2.07538065764121 2.00543463708093 -0.892088714120599 0.422375040185461 0.612201546816618 4.60899078127421 0.94559200197596 1.62793830361889 -2.47609719436648
"251" 1.17378059545158 -6.27628534800486 4.71621057471701 -4.17336567757858 -2.3379683628202 -2.05701919631606 2.75106370968858 3.53956215608282 -1.04322928976061 -1.83985499923924 2.89167760038852 3.69648221134669 0.525404737744099 3.54456383247492 5.9075722032672 -0.82106863572903 -1.74018518964449 -2.51559822303572 -1.33739654852502 3.20573567956058 -1.00247272773666 -1.04123644768303 0.946118399938933 -6.91399896891722 1.18579212609544 -3.26724436280493 -0.369347791980663 0.0285711767541252 1.69437809583612 4.81408982607667 -1.67496096700615 0.610771014784001 -2.86182589423137 2.39481336712781 -2.97380870371852 3.26916386293518 2.36458474971422 0.490967042983052 2.59048710576745 3.70025397732699 -3.82570911228368 -2.04742781095424 0.199958489664015 0.0331097376161449 -5.2988501876204 -0.639434498133961 -3.69429463896775 -0.339266604937558 -5.86183687853112 -1.05886071860973
"252" -3.89801211440405 -2.30904542121697 3.78885563142234 -0.855891211231294 6.20524805141803 -4.42951482062075 1.60382295826602 1.08030974679712 2.28736127156372 -1.2316269789647 2.65876064549366 3.03496781387364 2.71507076012157 -0.246756109292041 -1.80185223500809 2.94901424554669 -4.8637363305209 -0.199859307872788 -2.82910402419381 0.825759127963917 1.98446848414183 0.234486331217008 1.31719626593813 3.36129404883096 0.966552092369003 1.20604028572447 1.73895678360777 -7.15037974699083 -4.87932174964759 0.229060304166589 0.366194512689473 -5.403752537465 -2.47320059927916 -1.15906401246205 -0.968852548557874 -3.91431318589399 1.93777886525703 0.456719366696198 -3.564790988886 -0.838227395594331 -1.93282958118909 0.54194049655193 -1.1860797710794 2.26025762799252 -0.324209887652252 -3.12205169010343 1.08016644453002 1.34421698109543 0.674423584691841 -1.75474945773413
"253" 2.87251492113522 -0.785029898702159 -0.71379468584518 1.47554805331617 4.77428943407405 -0.979577847096538 -0.418826253003644 1.70399891480639 -0.521730451494445 1.11560544700397 -0.833508455873256 -2.71483541768415 1.13460879179882 -0.39780778199942 -4.0927984678868 -3.06314084117313 0.12769988403128 2.26230681066633 3.66805225552859 -0.515849774360714 -0.943902752444408 2.09913506512203 1.47320886240108 -3.39455487666607 3.92322919005991 4.44030083210517 -6.52749799261281 0.408942574426056 5.56477167405492 -2.06836707600113 3.53685760853038 0.644211785108974 7.77349664752128 0.327368222096567 -2.19433046522296 -3.12183780764815 -1.16116645962393 -1.30068640530682 3.04065906129847 -0.972430199180839 4.58549015884535 0.527929934511969 1.16152571304466 0.46289038516451 -1.50506881475195 -4.34521764922183 -2.75539365217824 -4.44181758447027 2.96729401798599 0.351368216319915
"254" -0.60200155300176 -1.84139093728179 -0.584486885651294 1.60588030498995 -2.09318858899711 4.22375161213149 2.0288677880657 -0.928009798809847 -0.929799962883426 3.79747740886215 -0.877519237727302 -2.7899673026546 3.08826647451466 0.0209989572454214 1.19064931753745 -6.50336851108092 5.15536594973573 1.51223213905786 -1.71257620674065 -0.0045721085487781 1.6308149850434 -1.53898253798932 0.828592214146006 1.10019421684346 -0.169834700545181 -3.63452866136566 4.4059361147813 2.94280620001295 3.10826459334143 -1.25574526983429 -1.13309701994628 -0.672271411728986 0.811047846081016 -2.67746463334847 1.07051486996006 -4.68713089876017 1.91127722515118 0.722489636887151 -4.5599893872376 0.688615916093028 -0.35807955097293 1.05454606036706 -1.03691640284903 1.42060359067288 4.15200283679273 5.00839025876632 6.79117904582003 -0.696298835319447 5.35020150237192 2.22102341863807
"255" 2.9066862603472 -1.73159100277254 2.59276099335083 2.46417768619265 -0.323410662259329 1.52110061359588 -2.40216427995719 6.63912330470844 1.1001124566974 -4.09231980140231 2.84289432026221 3.17461154154084 -0.0115027277100102 3.34350247188598 -0.868765205204705 -3.00415910954723 4.7899443180733 -1.07362371570783 -0.310908434667642 1.25544498572549 4.7648302363594 -2.02205229886803 0.260269314529689 0.839260996181556 -2.65806655632531 3.12032267943333 2.67308644024424 3.38982042802471 0.52454184321348 2.58523392241339 -5.43865089606648 2.0297791171498 2.49892259378645 -0.382633659673117 -4.18447116405459 4.23958494531437 1.64770106310059 -8.13433731729311 6.00299367266462 1.05617934541752 1.42027131877729 1.2646130268565 -5.75547629020312 -0.746556912768318 -3.16843499505051 1.19276196795085 2.58263849354252 -0.843859032042626 0.35043170965997 -1.40442145744792
"256" 1.23671741749947 -1.21136915150656 3.32533372220787 -3.80054061126402 -2.8560675248417 -0.30451169458055 1.97792401474557 -1.2819252468969 -1.98480326788548 0.184354934250447 -0.391780853011617 0.674437418868146 0.498128759609942 -2.55715001294418 0.480531194059591 -3.00530142391163 -1.74804228302992 4.55780771263655 0.990192018522321 4.69166450951895 -2.67408187911929 -0.586393597830926 4.23524011264546 -0.302833648438065 4.5882355293082 -3.54100008385092 3.55173277450975 -0.453045619894245 2.61366894883921 -6.80688543388231 3.80326112991667 -6.94234677093045 -2.65857435828459 0.230817193600692 0.685557348582628 -3.45230868014206 4.67716267087885 -0.981030624471422 6.37025165603333 11.4841954328086 -3.19679992319697 -2.21621227276752 2.13847953749251 2.56496688049434 1.80695501351613 0.716398475925393 -4.30550128153675 0.26445975786824 0.787387209547458 -0.976095273659377
"257" 0.716228287516979 4.03190067728261 0.00814779951309989 2.88597153842083 -0.487760421783762 2.28856856842822 3.7904357755313 -1.60639017151677 -3.40187613728193 -4.72267412633784 0.212449313473897 0.854315592764298 1.19331009180468 -0.913803557372731 1.08929465709493 -3.47198821991269 2.58181335731084 0.884159339733195 0.453917312087936 1.1396700995851 1.45569489067337 0.580766798941336 2.52196003886224 4.34916657065405 2.41752640271245 -3.60654804953343 -0.86626560605931 0.875142457988965 1.59199923271183 0.322095211730248 1.65810501727189 -2.55215365915469 1.702185820459 -1.45537321105534 -2.91461807122363 2.22812022293771 0.712800510527951 0.174291011915075 4.68870360960998 -0.924244282900434 3.15171039619126 -1.04850120052628 0.931998303225516 3.13245961779845 4.33310825348094 -0.143379083290404 0.773437640634755 2.19571889791757 -2.47561631950792 0.399362576305468
"258" 3.49275264790056 1.57443267998054 1.06542411724478 4.60063120652705 4.12300458377531 -1.02388424686555 0.690398091396055 0.380074330361131 2.15330909367794 -3.86275317148879 2.40671421802154 2.27342816836546 -3.65381282411541 0.000862427223775106 -2.96005853111586 1.85945547298134 -4.93152492333562 -2.13035171422198 3.08345611338749 -0.933496709613541 1.0458256265316 2.9564504608391 -7.11785708969739 2.20870844768233 2.95176472068737 -2.73967518724183 1.80025764409415 -7.10069517460633 -9.09369269590849 -4.99266489237719 0.0690914355135649 -3.68862983358583 -3.6575500554219 0.989354037384073 0.685595649310856 1.33300103945445 -3.18290771276612 0.0563750044741345 2.49583817831447 -0.335912034504896 -6.31470405328579 2.43755062786426 0.410498518210993 0.988177954864048 3.25458627745928 1.34158808948183 3.92950314675278 -1.36833621763377 -1.69948827208981 2.75387261083991
"259" 4.93410860233173 2.68598640716931 0.127925520788322 2.5950478095349 -0.542015807088785 2.6692574944352 -6.85356040355023 -3.25021046380302 -2.74644515342265 -2.06754484685665 -1.56369519024971 -1.27402597919671 -1.3626435679449 3.83542689343103 0.581490291600266 -0.349296135787621 -0.225035679946568 2.28285336348291 2.43399032707831 -2.87624982994498 2.83266165677022 5.05781705225991 -5.8739312677665 0.219721344202476 -3.32909962969343 -2.77998733046692 3.95444342239143 -0.65060933545111 -5.5083798161318 0.14701663672696 1.45222091429883 -0.522309024807317 0.953010244905944 4.6859479470723 -3.91351167902451 4.35618848280034 3.03239488939109 -0.0102459633637118 2.00347707387027 1.80786639049546 -3.7957826753907 -0.353312441391273 -3.1374481684724 -2.33620012006406 -2.80031590362155 -0.163570833231701 3.03543959571547 -1.86945635921459 -4.10566397551831 -0.0742243806323975
"260" 3.03281240665491 5.05279304240722 -1.10776574272563 0.225770843402283 -1.6702873312973 -0.0941620997580035 3.84166523960121 -6.67971087063697 3.98149019232673 -2.2532296834772 -3.45140200546611 -3.34315503239145 -1.71834880761739 3.98215696798975 -2.70637328686144 1.8670529742445 3.86891581441797 -2.54736787739826 1.61228542455215 1.85787077680879 -3.49656115266572 0.904368211223821 -5.68819214280708 1.33612668576052 -2.76891576395903 -1.3433393245191 2.75789178584283 0.0705182956391188 -3.19503457886253 -2.72365092528705 3.4485295684624 -2.07665600939825 -2.8930522147285 -1.38366210157542 -0.830433299948111 -0.158625673344607 -4.02467990703485 -1.75241112808173 0.141092774414322 -1.63271435253945 -0.191630559313786 1.75569207973294 0.150065117514598 -4.05018252988698 -0.613408136397095 1.79000583189927 0.44838693895839 -6.61492880078825 -1.03277670146976 -4.30433417533247
"261" -1.703687771089 -2.39448860357173 0.603353727460846 -4.92192155305798 -1.08250343070756 -3.70222999043447 0.209347319636499 2.4959021826914 0.646512158261813 0.880894627209066 -2.27735769176975 4.79627986805694 -0.902736520877335 -2.03440623707628 -0.373159277976414 -5.26462922266039 -1.3904790853722 -0.532205290198979 3.23091581455467 -1.16781849059251 -3.04059884097566 -5.21191033172679 -1.52657288180985 2.88978324819459 2.73098162147138 3.21949056547813 1.16713505277968 -0.385569437051968 -2.97594688634103 -2.85983142080948 -2.45484536581312 0.270097782536244 0.850728063199509 4.02192663640408 -0.466769302717059 2.32145235637288 4.14194650114955 -0.542820921427502 -0.405018032983917 0.262413427138594 -0.125297506842463 -0.379264007630684 0.100070031710721 0.124184100584392 -1.14639844494005 -4.85406674971825 -7.14116378919184 0.610607437989559 -1.78411280932574 3.32744548569471
"262" -0.239069496126918 -3.6578390183602 -3.90648224794722 0.173245085172917 3.23920452680301 -0.0105506318852838 -4.58051585445793 0.811686964791022 6.39489771438208 -1.96640407928203 -4.93799525373236 0.694859874292111 -4.50679257619959 -3.20968041111609 4.67423511587578 -2.66946985097347 -1.27325874660687 -3.56331119510599 -2.17423963449964 -2.14856377053797 -4.68272521555517 -2.59640691086323 2.18487790410171 0.471118079957709 -1.23839218120648 0.827614038605486 3.05354785575408 0.307855377374876 0.534688128869931 2.17300061152552 3.802051495759 -1.80828632244578 -0.603618350877086 -0.353880969053894 0.23318929105472 -0.864475075762483 0.631651420885595 2.56054991284389 4.55206533711739 0.0973970990036851 0.695336458523299 3.58783736702709 -2.57324998667587 2.12653046555735 4.30905166130392 1.07751969263935 2.59369213358051 -0.117902514938135 -1.85145988330127 -0.257291443320028
"263" -2.15020238741119 -0.10129159818719 1.90370523642676 1.39491791046581 0.016773314258779 2.15297218463928 -4.96832258820826 1.03640497659808 4.5547080478764 -2.27708957816183 -0.425031774835787 2.88774623650124 0.591806516829458 0.255790047538434 -4.20290555990228 1.32967337973624 3.08946541830992 -1.38418407813728 -1.61204063286784 2.58984038479808 0.109007015926212 2.03044943344414 -2.32062814653643 0.264574112728229 -0.63433467867021 4.76427571534033 -1.47492061275271 0.0776250203840726 2.03119783480147 2.47039438249423 -0.454279691028636 1.17489153207372 4.01991903798612 1.79182855309423 -3.31665223241026 1.71450691402273 -0.10925513592721 -2.19191044778953 -2.74166162043182 -5.12063260792371 2.31576558172093 -2.33442852026901 -2.241381545663 -2.82411042530298 1.26179402142413 2.22783592386168 -0.88344004795893 -1.26097964972136 1.17899041509802 0.882306454491953
"264" 0.523401216901574 -1.95148648321227 2.41900774338008 2.45041805288016 6.1479093465462 1.23870366477495 -3.76812254184453 6.13439435579896 2.88903835256784 -1.51300958419636 -1.61327014799167 3.74418271735663 -1.13505574490775 7.09099896770625 3.15334320974104 -1.41348293394695 2.40632245707525 -3.96938899283113 1.21977418215204 2.32282425809954 1.59741411140958 -3.18234800870595 -3.54706222138632 -2.32968087202627 -3.15239639795232 -1.03097589180474 -2.31315822033742 5.99842625650303 -4.09276450764105 0.970540566018972 -1.09953005501083 3.77729234848624 -4.5793987297163 4.54838510979777 -6.5418981457218 -3.17805924280193 2.50364289315532 -0.601219533074429 -0.594654103980648 -2.38150535976948 -0.855427228911848 3.06916509348875 -3.99150460013005 -1.03334479383583 -0.0250013108042172 3.06610906704778 0.226425299871481 -3.37584145609577 -4.93418805960531 0.474611093835024
"265" -0.543136331149804 4.16988142845884 -2.57896598319552 -3.63873670260077 3.5386450830754 1.63526858031444 0.654245323286234 -1.86337434953258 -2.93988552656915 0.123138065801733 1.7015132236763 -2.85952168540123 1.88651936299492 -1.78582632831023 -0.0998803545727792 0.0324401955094947 -3.529618845902 -0.450879030075508 -2.27514769259225 5.82492655930799 3.07393192608962 3.57639341785785 -0.0922819718767307 -2.03583973905425 -0.658286150139816 -2.29559281028402 -0.888326737177485 -1.31869934694841 -3.79956563678318 2.27217238588903 2.13033048909912 -3.11144959548195 -4.09543824521418 1.4819300230456 -5.09235697120123 6.52583799590512 0.139008084297715 0.467818826679545 8.66722293232169 3.51009342510352 -0.0595928832837528 1.30465032949304 -4.52850225083718 -2.99880528168504 1.10653888038609 -1.35366561201169 5.15336247955005 -0.452687347803309 2.65744146284553 -1.1272192743068
"266" 1.82841013601765 -1.40262874601211 -1.89170447133947 1.91818642577965 -3.87641544606499 -4.62541943319564 -1.36851656997865 -6.08992578630141 3.75162525757779 -0.784882799924278 0.427247936516573 -4.55837694861434 3.40564787914703 3.34468897812032 -2.64521764844355 0.656077328314092 0.497327742056621 0.82214662268893 -2.17016136663083 1.11512709358635 1.93229146696991 -0.982331260940481 1.24141697840012 -0.117581817540666 -6.18524300655233 -5.20120882907403 -0.0626630247505739 0.709028705057919 0.62135811348397 0.137328137132362 0.969810388447007 -0.217659900124427 -2.42229497838252 0.480923685216313 2.33960141836144 5.85854061274748 0.0822229920266683 -0.0441389893252398 -5.33386837469785 -1.9903608281199 -1.715199404318 0.483315472504298 -1.65648499503285 -4.36569902349729 3.75049095684461 1.25444113569333 2.74911482557952 -0.544596024901482 -0.767581656640871 -1.01585487011077
"267" 2.60344664043229 1.58147052600781 -0.624512024288667 5.63721407773499 -2.32378473329134 6.15808366459576 -6.68099515200197 1.46524904586376 4.57074178952114 -1.31245771910254 -2.02330568323491 -1.62952624448589 -5.62075707306003 4.8761208314287 -1.3823817835522 2.9826537092462 -2.13463632986183 -0.0645776828018152 -6.72042628986978 -0.406163769026857 -0.668410980640137 -1.93301529088611 0.821107947456614 1.1598694956193 0.791264916539302 -2.77200622997409 -0.019143316256531 3.40919100430919 -1.91546212705937 -1.99782628527962 5.76401952370338 1.04312900185255 -0.353774493997275 -0.791531106236686 4.32882040255328 -4.37962367966144 -0.68814141017045 0.979779415446515 -3.36473378361195 1.82218170172827 -2.59321296479617 1.39707012311459 3.69303294327853 -0.178575797611067 0.918820765105003 1.69012619697084 0.0422582390288991 -5.628637312187 -4.36449549145397 -2.45502269812342
"268" 0.452793577780668 -6.56397015502877 1.43527413748337 -5.51648122375549 -1.28054453764664 0.826045267037099 -3.35766754720528 -2.01266728390504 -1.47348184736448 1.1117257264146 -1.2602249739514 -1.15359317845485 3.14503906218583 3.50245681101312 0.500675960128137 5.43686123265258 -0.401570329231466 -1.42120379391926 2.16261078180918 -3.2256880065497 -1.82985757340586 -2.93137257121777 -4.16031551575373 -0.233155196788958 -6.53604719059293 0.727319683835707 -0.664524757627201 -0.512335721946694 -2.48729745954636 -0.00493557046510327 -3.66473509144738 7.65624520476605 -6.22440291471334 -2.25714103236196 2.25921677311994 0.126670780119652 -0.0281158893510761 -3.90552158912084 3.65848410397019 6.22151665856505 0.900319502441236 1.84851207182539 2.32145490885188 1.62045598613431 2.51435992413142 -0.31523222520371 7.64472859840387 2.10796436182304 6.90866363653555 -2.74183818787349
"269" -0.526740936159468 2.89728732535581 -3.98663540744503 0.610837890774158 5.62547657672617 -2.56727559933038 2.25326974609399 0.615250482822893 0.268990695256567 -0.341821581556743 -0.674515235970564 2.90472919783011 -0.114342836624076 -4.9790416690959 -6.18656236770059 -0.723998076305868 2.26797762591017 -1.02977202983753 3.30988711756995 0.837162834575221 2.45864752684667 5.69579400834099 -0.839208260161906 2.78409887986082 -0.659061398681807 1.71638845815639 2.09526823375557 -6.30819185701015 -1.7689793176499 -5.63733607593523 4.71249241377234 -8.05781010142996 -5.1979735886222 -4.90439122718614 -2.97701481496811 2.35921291059404 -2.44596055833503 -0.0761492973709945 2.08509951709681 -6.98342146636833 3.80309857002581 -0.717605338089065 8.4140780859334 -3.16020331105527 2.53803458847438 1.55761260600607 -1.66088439565965 0.697220590276676 -2.33177316248037 3.13319471798938
"270" -1.65914504050598 -3.41240560305467 8.05413680735612 -1.11616895329516 -1.13517862572805 -2.04772366657512 -0.559230666032283 1.90421424636071 -3.01039256412598 1.00189804268615 -1.41393928467717 -5.07521895399183 2.18418881109941 2.47598012123227 2.95446325075981 -4.46624212867058 -0.457984036959656 2.65021567337351 6.71241756497355 -2.84021034429683 -1.12084553185449 1.32102489039766 1.43233896206247 -3.77666910528311 1.93985689695146 0.226838043400533 5.98347189390566 -4.30653168754335 -1.52273993776762 -1.18963029553811 -2.26909464567935 -4.24204418331663 -3.07326661659912 2.64869557995189 -4.97781617211544 5.32336875540557 -1.09029224782353 1.90946498314869 4.77345717423437 -3.5228826473448 -1.22113097006838 0.0762345811981109 -4.40400120957406 1.54573707346575 0.911196176223623 -4.53129008207088 5.13921018826365 4.29627766967104 -3.41486505753098 -8.46451942601377
"271" -3.67157994595837 4.55689259584803 4.24268819647738 1.30655008872179 -5.59211290265865 -3.03993138177868 2.26561658495206 -0.10751789680114 1.77487733300588 -3.70863528036951 0.848557794527174 -0.892135243937506 2.29394997006282 4.62215537785973 -3.65790562626583 -0.607461952604881 -2.39590517812092 -2.62466779763189 -1.21326917346435 -0.335225842179096 3.95129906185164 1.06231271567574 1.80978966152194 2.41361077786902 -2.36728474121136 -0.145774012990565 -5.34711130985069 1.23003941991186 4.16976217926888 -0.240412081395066 -0.14657256456666 -0.34707344944608 -0.19106343169423 -1.61830279537466 1.38784801181465 -1.75862715906896 -6.37744110841481 6.22529989907969 -3.07382382174201 1.5107597351271 -5.71052580360872 0.644746248191134 0.283906690303753 3.84511152486784 -2.53072981197778 -2.22820273415793 -3.06279301110315 -1.89162525452756 -3.95286701577684 1.376460137999
"272" 2.41186273131361 0.217716177275229 0.373645080625059 -6.55490955185036 2.59581215548279 -1.6693542604144 0.462452017804177 2.8833709209614 2.99067442728482 -0.88669878754703 -2.64390100873754 -0.856863395513736 -3.43854507868143 3.52928331523434 0.683615111945098 2.88096524833701 -1.25341645165962 0.460826586633698 -1.49810311430372 -0.566878921390248 -0.659616223665227 0.683171858466444 -1.30426561786264 0.275200031225462 -3.02442456414074 -4.548305929103 0.528112303860807 -1.31152331085756 -2.6197936425072 -3.73986367178946 3.60408041709056 1.07121972758369 -1.33150135475865 -1.90099269594917 1.79738885746238 0.639879831835336 4.23761209606818 0.736846159875368 0.930405990592918 3.8277606639622 2.05141804615838 -3.35406819303195 -0.358951299082494 1.322825747103 -3.56778202896773 1.57136294027272 0.27451592850188 -0.206242577087034 1.35147761416441 5.20947136147922
"273" 1.84667661172991 -0.765226417443918 0.161616645530794 5.14641916215228 1.19335453320628 2.31427145411147 -2.88249693456377 -1.87508153408364 -1.13846302871996 -3.01827412847527 -4.11885877573664 -1.52359877029232 1.40704662055199 1.70162716169466 3.10473637078423 -3.68804888469893 0.679330112571618 -2.95591951282624 -1.98752956999608 3.11282763367675 4.36848728383212 1.51851667657065 0.804213841421785 -4.23195180196599 -2.55292746510219 1.7030378302035 1.86705202700891 2.13254347461846 3.78704006390643 0.740734812026093 1.51602681691189 0.477403539667442 -4.4056434480335 -0.555719439733314 -1.87437430432241 -2.0867675611567 -3.32862615347155 2.47025671234601 -0.819845140641304 -0.9239311712672 1.60142506718625 2.67136420273253 -4.9590947227387 1.50641475736193 -3.9520572674773 -0.355894384822994 -2.80599409279471 0.649984576993918 -4.86544168377978 -3.72539480328817
"274" -1.37242255151804 -0.378026941191038 -1.01238310997234 4.19536110823492 4.0194642070732 -0.660664150042505 -2.71711030506217 -0.345623230648318 2.98306339064736 -2.83264851029325 -0.00484640561811499 3.88617510517993 -1.79602532400165 3.99261564034336 4.08498419681384 -0.848070952080496 -4.53208436731898 3.8962406599467 -1.29511003411473 3.10020215935402 0.691173918402486 0.463633755488412 1.12798815549051 1.16796095784797 -1.90781524835773 -2.34486201367183 2.92513718460316 -0.783926323728628 2.0162702720558 -1.25683136907642 6.24773983572006 -1.77102173241725 -1.66411966982708 -3.84337411618985 -1.0359935236762 -4.63792307037233 0.545026930082495 -2.01450237390429 -2.16333000637518 -1.36300533898739 0.859765462720432 -2.35358519209425 1.00418693816238 0.200551541675093 0.721022293187527 -4.33254664951878 -1.82739387974446 -0.943844466573487 5.05718158497015 3.68499374090235
"275" 0.745111814978182 -0.641769585430991 3.48662187825345 1.79368598301724 -1.61021172400929 -0.49857303179412 5.42244122164856 -3.80283954311019 -0.755772311215105 -2.27717820681447 4.6368887880895 3.1549856025197 -1.67664258573454 4.2840302387803 0.767765170653675 0.915707079927829 2.55048270242477 -0.833434140802706 1.15325132742244 -3.7966552764076 2.14178266516786 5.51173644220753 4.02155128102256 4.28720172386783 -0.953506029667697 -2.88811122556377 0.141074226215812 -1.71662408707327 -5.11271508922811 1.35788481403271 -1.12043219623562 4.56677921072244 2.07033677863276 -2.03806650090535 1.44756693366132 -3.72927304631229 2.94740087653326 -0.018782770541629 -3.11771051279783 4.83114153464532 -2.0068755502549 0.901751542177895 3.67557156090448 1.29905599514108 0.0400537132930181 -1.52980460961182 1.91071611246804 0.528090840990966 4.27775283213277 1.33089325798817
"276" -0.660102754781676 -0.878366886410269 -0.585269430120139 -1.67879822322841 -0.276168393157836 -2.85808486231603 2.84286953148344 -0.381607991188955 -1.91438970599158 1.4038912445566 3.56174061026073 -2.38053541504301 -2.10485983031747 -2.17841898335408 2.767330255834 3.56741720206393 -4.46271194103477 2.22061309144496 -4.91387807628792 -2.18951731130856 -1.78537986722824 -0.309844350907729 1.77803806999876 3.61337802906647 -4.53904876864725 3.00844170260813 -1.34216904887215 0.180845651630828 2.99494649209971 -0.889754459676686 5.54887443286185 -3.40894745530111 1.73956646997565 -0.725967343728828 -4.13707590711861 2.91966127240217 0.864181248857522 -3.11464653346641 -0.445956308220788 -4.14482282782041 0.0811402821147682 0.915186368021676 3.45169966865385 -3.59828025105297 3.29284683566498 -3.16743985048651 -3.76364315375299 3.05731566535499 5.79940016789595 2.29913613920639
"277" 2.91712963543181 -4.21905921585633 -4.64988381502432 -1.6103166287768 3.70785522837309 0.0793621334770554 -2.18353772565047 3.63377677430709 -0.284333016806562 3.06802201349281 0.681047480343436 -2.60558303464939 -1.58733953860103 -2.12613178216976 -0.964277396951078 -2.85307789095671 -1.53179606088068 3.09826264812785 4.6728794673017 1.59852029539939 -0.943173835305037 2.03762115040999 -2.08860635805146 -4.91701013936838 3.88693367477882 0.644037634149476 -0.718864138438668 2.89154289209266 3.02304477713311 -3.09955734091015 -2.6461807264198 -0.508307130742551 2.1672419311031 -0.788095877707722 1.73987000844442 -2.31409305166599 -2.24813549624383 -0.346919042516723 -5.2511009440746 0.740682561995592 0.341615347837884 0.720292096867453 3.41081707374644 -2.66794651895008 1.52593317143054 1.38222916934772 1.28495711339166 -3.50551686926824 3.01373394227125 -5.83356146160949
"278" 0.793781210477014 1.45869230565911 2.32570877401473 -3.96635624740926 3.98427374549019 -6.01288446148405 0.580736212465054 -1.96973987338441 -4.67496212758244 -6.51397275464563 -2.06956722792646 1.10664142062573 -0.12282598259931 -7.67412237841575 2.90371523435535 -3.87279656363906 -1.66113055229857 -5.1880379350329 0.0348595567588551 -2.57765342407672 -4.49296679950078 0.802363636273924 -0.174958718837007 1.82776727245879 -0.735127757862248 0.250626117943982 4.80222492805616 2.10686239338054 7.14050979238693 -2.22779509610694 -1.63374745753584 0.599339830796192 -5.00079824778629 -3.94098911254136 1.2972564878576 0.453986487149283 0.283329606391186 1.8556109055686 -7.90596208425395 0.572180724520271 -2.82780289185573 -1.93602243899988 0.898464665868315 0.38961272380171 0.819066373786546 0.687065900309159 -2.17765538525613 -0.268029083174208 4.22008390666304 5.84329597748636
"279" -1.04253008744733 3.99938273940798 1.35625318684756 -0.420621399633724 -0.759533625690161 -2.22893629512339 0.541202622817705 3.69349158663374 -4.04393302045266 -1.56216292292143 -0.906510656004268 -0.326414409364348 0.495381260634079 -4.05574151882445 -5.18745551393928 -6.51324550726858 -3.25115630271085 -3.92582334312075 6.55980567797088 -1.2949856371637 2.61884762763354 4.0268533512049 3.95108417835085 2.321944315962 -4.40461813872523 2.24774096462647 2.55586197311567 -3.63884792270992 4.15708194613531 -1.12735624178982 2.69180149818376 0.473331714417307 -3.62953091165993 -7.64642636554277 -1.7274426042632 3.22338680621191 5.23372448889687 -3.14696743838736 -8.11228959680832 -2.46499512374054 0.178558798120321 -2.49431847381511 4.02978266424859 -5.39919491861206 -2.73746034088 -1.75240802148379 0.0941026304510687 3.73621226178268 -0.648745345540828 1.88941316887574
"280" -0.305262585781148 2.36961294817078 -2.82093845873233 -0.301983767755604 -2.3639736062348 -5.39908200311593 -1.8777950699034 -0.848523997055048 4.30584236504684 -6.23799464181718 -2.44378670601441 -2.77643154311334 1.17977604794654 -1.61824468541469 -6.24275965557826 -4.21084919400725 3.89721856349388 -1.40519129833278 -1.02557252629519 -3.89014375133908 1.07206161727954 -1.22633478478533 -5.37402289169924 4.12391879428885 3.58955768216144 0.423792309894109 1.17355150540254 -0.696101008740641 -0.527210832028439 2.32738027604141 -5.46330498308979 0.724717978200775 -3.79934823497239 0.427583669706488 -0.880808018971203 2.45236681676455 -0.191391569988854 3.03318743622545 -2.75362126895395 -1.81825128126519 -0.969645179907067 2.05894493554838 -2.26351987190841 -4.25609193885307 -1.75774005239821 -3.78385254381211 4.05919144939102 -0.0578582420809094 -1.46424673262356 1.80746292875478
"281" -2.43382187442315 2.57508484768296 4.18518010103734 2.80780193803905 2.68123319245784 -3.76820127399201 0.0608131328401093 1.904391335573 -4.52009000924475 -3.83208089157214 -1.30403389472266 4.80242690626995 -3.1643920571657 0.0741627322842978 0.118851470897447 -8.19519477125955 -4.98827762824132 4.96288334450068 0.0451475508274094 -6.15510570944869 -1.61037361810068 2.14695415399577 4.60810881702162 -0.287976009821063 9.00069426682304 1.27433685878504 2.37518452262271 2.39000271582549 -0.226915165596695 2.29380707401246 3.34275542694433 -3.15945588079462 7.44904146057344 4.75829139032094 -4.76300816857263 -0.0533245599566029 -2.81182718903868 -3.12656494590211 3.423865365367 -2.0889923878585 -0.408367423814125 5.12345440244785 1.5850580550074 -4.20118353379864 -0.0268066324693901 -1.95427118727521 -2.02163903590859 -2.08027333038139 -2.90850962372973 -1.49883435314541
"282" 5.49753131515417 4.57249937272008 2.40818883842505 0.177294067300303 6.49684402925769 -0.192265594122605 2.01601035455193 4.81798584006657 -1.48994556919403 -2.26816779364692 0.165465738731981 3.76847783303186 -2.08905078400228 1.40732661412005 -2.76799881689801 -0.779992089846694 -6.43828434068115 4.24207297703363 -1.75801897519802 2.15865922356457 3.42812935027989 -3.29000266956629 -3.92627251834429 0.627888454843132 1.8754993575796 0.963008187390572 1.41911578674134 -1.16889936166092 0.0896391417541322 -1.095839296765 1.09007549381369 1.25982758820152 -0.327576796656081 -3.52243434924161 1.46771377994191 -3.30290570828059 0.496594689937666 -1.72421718041023 0.158951484432787 4.58826907892028 1.18616729130439 -0.980194054322704 3.15922702495338 2.29001786433239 1.00981182734998 1.17320683329539 0.598907263508298 -0.0803932488482973 1.69215903604813 -1.67690678467772
"283" -2.0998004935116 3.31539062005879 -1.46563207216624 3.96606835722779 3.26492385419337 1.70819342149304 -3.83449554449134 -1.67301797053405 -1.88490268972174 -1.71341582549288 3.2916323514034 -1.30819133437188 0.136571838672881 -2.03795583501759 1.42348620351095 -3.0032949268613 -7.01962020478176 0.951805893626103 -3.14718258305098 -1.00979027130216 5.58075510907 -0.211984983719637 -2.44239151691813 -5.26184940287616 -1.13972110021092 0.922537199822436 -1.91757139669582 0.22242922491509 1.43975225116124 -2.89755679043008 5.81786119397294 3.63728560862307 -1.8748815457025 1.22212488149229 -1.44900665930451 -7.3937277909362 -2.22706569752147 -1.95392460728189 -5.7399569055138 -4.07899256824324 3.14899853418859 -5.73003660820334 6.40621453766008 2.26896032818586 3.90172146869944 1.40191413568806 -5.52759905641554 -0.921121721887159 2.90307109050618 0.913734083077808
"284" -6.79170800652374 -3.97167638157253 2.92890506492865 -2.2328964581612 1.88988724629026 0.600433343548754 -0.440145590713723 0.10037936685316 2.48601165909333 -2.3998820366399 -1.43486536138211 -3.78342923947459 3.42870755409446 -0.890126787686564 0.0349469614637754 -1.51793074554655 -1.65549776627953 0.332801203588668 -0.267850621526843 -2.99549221523831 0.247055795580401 4.30731310521671 3.5431328211913 1.69349322494725 -1.24541440166093 0.0962288726731503 2.31622302805275 -1.24020390009991 2.6480523878821 -7.62004839924523 -2.05086848642952 1.27518370059083 1.23314309648184 0.242274201031241 4.76791408689435 0.683030938721258 1.52854462735648 -0.219788495559573 -7.61317925204022 -4.64869849532589 0.729691670153951 -1.1985190484879 2.40228665562179 3.43583068717853 0.896234336076218 1.53018403696906 3.81376307726187 -3.62907334055178 0.879783750885858 5.51517799077826
"285" 2.62815689388068 -6.59540876012163 -4.07136832210296 -3.53966620670585 -0.124839094767201 -1.69007363641035 0.216086254930054 -0.245343399331357 -2.41119741356121 1.28538142638061 -3.5153775631202 -0.640541361853749 3.21038084638871 -1.71293809271868 -1.38683953660065 1.07066431832308 3.19344214054801 0.407436707006229 -3.68165176102674 -3.11180999284164 0.272285667233207 2.11568668475625 0.929918077746761 0.0460239872176935 0.754298483051626 -2.49068466294301 0.968458333647302 1.96197816989433 3.51130114217254 0.66078909050061 0.108431441617054 0.578244803098398 -0.262693476692461 -2.67386105875717 -1.7915771600173 1.17868179849685 1.29105385666418 2.32578213742341 -1.25589535267232 -3.89416747036761 1.48811802429201 4.37890997270127 2.82661709219576 -1.87108165985007 3.05338966935294 -2.35113711321197 4.63729357241248 -0.983815892198748 -0.771838499228648 2.35574256043396
"286" 1.68273033525517 -2.46756022162226 -1.60862394876207 3.32958189610337 -5.65199929718274 0.396013957341393 -1.68307898526792 -4.26299245505001 3.13148238232233 0.721438027078096 0.452347725145871 -5.70736400981334 2.63653123568155 5.4654108270756 1.71256431522961 -1.44464406664404 -1.21165313947369 0.591983012122729 -4.70979540124905 -3.55263586737962 2.03877746804003 -3.17855122051003 1.83683262809869 -2.91809211416919 2.43371730424059 -3.02127892100067 3.48475631470164 -1.22629341870482 -0.597550194721595 -3.09062211561675 1.19049253043034 -6.92570694299961 -1.17031903545474 2.03543774931933 0.459593545066893 2.51023510357508 0.150079171598206 1.46993315071224 2.81292158877591 -1.99392453354564 -0.552586260307018 2.07176547359559 0.834682584849748 -1.21625918349961 -0.560461638305425 1.13723051664791 0.644437380449929 -3.37070319141174 2.0343507547055 2.72566903122368
"287" -4.29167606341943 -0.949117226109354 0.357380624479112 -1.8766857929598 -4.26949176104751 4.1356929834599 4.58984821093646 -3.14925979371572 1.87214451698322 5.77272644027852 -4.21409886094391 3.84862826033323 1.01905879734056 -0.463798933534158 0.417492601233345 0.960035551000864 2.0234341015001 -2.52601127827102 -1.85415251198145 6.96511238234788 -3.60818846222775 2.13820118314253 -0.233409417634945 -2.64946527073135 6.12830275012027 0.440242436375581 1.04881493310056 2.65958266597599 -1.48466864443228 -6.94578900175232 6.21706079809911 -6.76956188389003 1.62338840555598 -0.391566756027933 -3.08024792206981 -3.65897475359455 -4.57504206035213 -1.23822682209118 4.03286758675966 -4.79229734713616 -1.44202778357252 0.449405922707119 1.41963796616682 -2.77216444722729 -1.42495709758213 0.727117720384237 0.884588275167107 -2.12888665447414 -1.27229143763023 -3.28778947545488
"288" -0.267248568863856 -3.25206378793421 0.819337279107487 1.16292179173815 -0.0604971045042314 -1.58986794600803 -3.45657796796727 -1.80818401410374 0.648811519654877 -0.766342515031976 -0.348054429132754 -4.36150576252522 -5.94801401674082 -5.58260360761585 -1.92059414084553 2.14849701248791 -5.19345673023726 2.07149513038718 -3.85504000610137 -4.73877987233429 5.55218630939449 -0.914393808559207 -2.30590844545953 -3.6382729589153 2.52271954870443 -1.88783201386275 -3.64481378180577 -4.41396021368233 1.12488536608702 -1.13073982614089 2.9872044551363 -2.92405735421908 -2.61038636201333 0.93454928875961 3.42986596635465 -0.789503783316667 -1.0033593034331 1.45002587388299 2.06850748224464 1.43530876806724 6.12109695169824 1.4921969137087 -2.05364607164559 0.980904673634948 -1.522391867492 -0.552438149844707 -5.80822067994663 2.27599105923673 -2.10839782329866 0.163399888792604
"289" 6.70876957419436 -2.92230353731415 -3.424430856484 -0.807311316878808 -2.20475164941653 2.25938954550117 -0.47986809495454 -0.98291516505734 -1.77360423632586 0.839161325284412 1.50010511006909 -3.46631060488416 2.64885468175213 4.14178884634815 -1.54256601152015 -1.17876813659051 -1.79277329310557 7.1080005014575 -5.08223405979909 -2.6946673639653 0.294798397668527 2.50146704495745 3.14366237105535 -0.754265284909232 -2.71771970404874 1.83200167357187 1.80335463438524 -1.00910841137484 0.588058772641524 0.401903429126007 6.87110876584138 -2.68938026944816 3.63423439060888 1.14074904426345 2.13452374681545 -4.94150035969699 -3.87944625478733 -1.98406075040267 2.87256279846582 -2.56375534005769 -0.892156350187331 2.81138301836033 3.20946155763909 2.12436374010057 3.48154966199052 4.34801440376766 1.05751362187387 4.21130137602913 -0.339272152210596 -2.6731487386642
"290" -2.33623081943788 4.94471636047252 1.72145061767479 0.521927535502051 -1.95655303096432 4.07125801741242 2.41034843592709 1.97453025347775 -0.371937391649544 -0.642760585719508 2.11319704449934 -2.00437786879656 0.130519571595009 -3.05931166606309 5.95541947848906 -4.18880341355998 2.50144149784495 -3.63667831735868 -4.4957058614442 2.66575774693899 -1.5997630047895 -5.29431679386513 1.07352184397985 1.59768310348893 -2.58111219706605 -2.98936597696285 0.834261148534002 1.79126597983568 1.53265898648294 5.67679104259611 1.82146639913732 1.14483106690292 -1.05308175649955 1.90621303566761 2.05497046970023 2.34834939612312 -2.81262325440061 1.00954116729281 -0.667391021274088 4.69883250963097 -0.221749555764846 -4.42603775216603 -2.85204294668132 2.58719770608379 -0.630819207571849 -1.15028313217067 -5.13658325583131 -4.25430948852134 1.15357565412986 4.75904312034954
"291" -0.402367772063478 1.25429567318459 2.80254582156948 -1.22661303540211 0.0775520374920714 1.03306042663936 -0.0611455407715929 1.30769850567155 -0.248687201791122 -7.04454286047411 -3.33178135009483 7.14406544470482 -5.58236373526499 0.511085089540833 1.68927392338075 3.48473919836467 3.04744080397531 -9.05440357021016 -1.16557134882646 0.85867177473028 1.17622562333704 2.53029734954489 2.60855519335773 4.16478443520492 0.0470540112496562 -1.67067584493837 0.383338880435331 2.14746031364165 -2.62785533945503 -4.19525027668075 5.83849070817273 0.205571470827215 2.14910914633977 -0.422580251194783 6.73578881096727 -0.158267887257912 2.02747787531217 2.9422463297119 5.71804800858677 4.35804388461907 -1.59973497966986 -1.13277620612737 3.98186440472939 2.05050459818005 4.75459677396519 -1.30738666741338 -2.23611916707521 3.48079205320533 0.486984967328317 0.579813102397654
"292" -2.37035010235445 2.69889413273877 -4.3223542139565 3.176485722991 -2.40163460410838 2.03711517034869 -6.24133542000163 -4.09573991297696 4.43853381558064 -0.15222269577589 -0.172779101493615 -7.55486864985805 0.533607440917512 -1.04485499769202 0.843572389206946 -0.275953449127211 0.244384907003325 2.06479462809995 1.09786622351137 -5.19582890986408 -0.0188614542346207 2.88132687319135 -1.27209181739209 -0.623444794521916 -3.61267358995036 4.68061190558272 -1.47935512550061 -3.37932676001889 3.00665505852202 1.42161821804901 0.583068294860272 2.17860263554338 3.95603007640988 -2.88224366865208 -3.49254757504255 1.4859602317329 0.0436685950610725 -3.73292794855622 4.34114281199392 2.20028203431531 1.47096318846993 -1.73285978100995 -1.25162759582014 0.00782039041070275 -2.67384893770109 -1.00289756502543 -1.95055831318763 -2.17886595222604 -5.98206659431485 0.0494344573970984
"293" -1.62986304469571 1.24703894134892 -2.21687110127116 1.34718047829824 -1.49730984370062 -2.01859120143108 2.11848826043074 0.664568744753375 3.92219910903218 1.82474081183033 -6.53379124255308 1.70098077821052 3.56208462775522 1.10316642488307 -2.90587975290422 -1.95568327539292 0.445005046319756 -5.04787330896949 -1.73927925295468 5.36300059004642 -2.17761725527246 -8.56711213045413 -3.74138229225546 2.12726632157269 2.49944042007197 0.649444644187505 -0.0498653313707658 1.27140674363089 1.39809853670859 -1.63039611625388 5.71597320562611 -0.0701594395285553 1.63716168478303 1.03041162190208 -0.310821027091518 -2.4222314096195 -2.84456641142173 -5.12934668992629 -2.37492536341876 0.570572830730885 0.574841746267673 0.889129802973747 6.44566939887587 -1.68349080070854 5.60745918534262 3.76886690381929 1.97848630397812 -1.39936671498746 2.86298922197147 -1.55889606235962
"294" -0.667230887720585 -7.12963446411661 1.25606834043971 -0.866860627408922 -3.90814243317603 -5.80775308371162 2.17689742027026 0.419965423588824 3.61416059121671 -0.132764881724032 -1.80341399614194 -1.17281257881208 -2.75569996707107 2.98278326063412 1.68416168269723 -1.47348477623116 -3.55102122119426 1.27173408991945 2.17734151898735 -3.38371367493128 3.0777210132547 1.11426227442076 -1.35868772587242 0.43934328966469 -1.62363581791364 -2.81570530767552 -3.67559733465636 -3.89272798491685 1.5775629678527 -3.00313255063916 8.02855273049497 -0.504929615760884 0.678318158548935 2.6116098587008 -3.74965353365699 0.973154827168799 2.33994394806147 0.756588886424566 -0.0310950396529792 -3.17639278878348 4.41656015003076 -5.87853152058567 0.305604081112711 2.00438195066434 5.51522803481824 -3.48569443210195 -1.19899271659347 2.97395130389894 -1.26811927180914 -1.5465761051376
"295" 2.576928453636 -0.464961567078661 1.15531334891017 0.81031531955921 -1.14542114411351 -0.0381745192429608 3.92933342502561 2.60872802476258 1.03509844904855 -0.915145055939078 1.53917648741833 2.00540780748961 -0.885725232716351 3.48601694900762 1.0435011582921 -1.4847451072446 1.76875040565555 -3.99173951268482 -1.84864619441934 0.201307654522331 0.985878435355998 -2.6473650275606 -1.32305501267364 2.13176022928248 -5.67075843694048 2.21579150705825 -3.32692182268629 0.889956523392412 -0.632716458095319 2.43480717883954 0.50349782690763 -4.02059911254629 -2.0548043425473 4.91595460163708 -3.6179421592233 4.47102954746329 -2.02456716598102 -1.17673404191564 -2.5025153086344 -6.14271351350516 -1.38704360818897 2.21381496233647 7.7748121862575 2.4593311979875 2.53242066770931 5.74766621224055 4.45562727136783 1.34007005835111 -0.558889012580664 2.71760058208087
"296" 3.94635695623873 -5.58940220071245 1.66186617027361 2.30403566656861 1.19596044059756 1.80583345494836 -5.6602737311251 4.07072416893629 5.14929563750804 2.13897550756584 3.01869008840943 -4.31995710369913 -0.589632546123442 2.75700529855231 -0.345683166710732 3.1047588187643 -4.03434741160725 -2.2400544553975 -1.43207001179152 -2.33241995554038 -0.434169901133097 -3.99682052758404 -4.53967426640319 -0.819200371945262 -2.90854227109467 -0.774572172752767 2.17914443215383 -3.02530913605929 0.880267311665255 -1.98719472413617 -0.220779370183964 0.920471418218741 1.40844948797742 -0.821341318932139 3.36644503050235 2.33375455396732 -1.48754398070244 -2.41220312127225 -4.89602591533053 -1.89045072790968 -2.27667798694195 4.20694455835045 0.80366007569295 -1.04682469551078 -3.41832949390032 -2.10736597618651 1.33771431621123 1.13059711806584 2.05657692796443 2.68747225464685
"297" -0.506116484824498 -1.25589099017252 0.290266011562718 0.781896271367454 1.23740819899239 1.43767270496053 -0.251666074600451 -1.68563622604882 3.83455180759281 -4.11703583764666 4.42756718367668 -3.52991863444547 3.94428448463172 1.97240319322177 -3.91708472061417 2.43683541961351 -1.29056896965501 -6.01260977750017 -2.13218102397822 -2.49204225887659 -1.92782514246134 1.27024125955027 4.41122346344756 5.58428037022835 -1.53781048707829 1.69824190891341 -0.731036576127139 1.30179216787237 -1.91159863899279 -1.76602308984814 1.59218576816356 3.12061188968288 -1.08947896795664 2.36301083210433 1.0322403202059 -2.83361614247733 -3.56571382614472 0.438971505113666 -3.16811058314263 -1.08529024743113 -4.37808646201334 -4.01966021121903 -0.410709588376682 4.92053754358031 1.5155354735883 -5.30628896801947 -4.84959639971299 5.51543224773309 2.33298328607489 0.931353560385537
"298" 3.93411288901061 0.530312869848665 -2.12005694809042 -1.42595518122512 -3.52665084375435 1.75964248644155 2.58170308510775 0.768983159752752 4.82062489079236 0.0261751274603453 -7.73261947865187 -3.15993679815991 -6.94537380787663 -1.33520954094914 -0.65547186818146 1.62625396853349 6.03420685223929 -0.00641377599999882 -6.61836019244012 4.97335044949137 -0.18686019188191 -4.82627027142878 -7.2964251846417 -2.72593577980756 1.99275636910428 -1.38580681411248 0.352117620357558 2.59665185678423 -0.535582279169438 4.97543943355637 -6.27431284501121 0.321509368323266 -0.9959487300013 -1.7257638593216 -0.692125107904889 0.223388158498845 -2.4760216242791 -0.742419693725688 -1.43550881489619 1.22824301852623 -3.46908446003357 2.17082695082349 -1.48744170348833 -2.80109510782361 -1.25889638516798 -5.27562428136391 -4.19022849787108 4.34552171262957 -4.07536152645882 -4.06269712282125
"299" -2.57886192386877 2.83275210013699 0.319378024874121 -2.63972172238158 -0.930196630900077 -3.14323380262315 0.236688349901122 3.51325344370554 -0.584805326666487 3.26797230018079 3.07445013705576 1.24897898415318 7.42846452586637 2.24331119436667 0.841057416843706 -0.844299094230248 -2.74038457462701 -0.119057448366567 -3.67418543575331 0.234497644817268 0.13817837387441 -0.765857816037175 -2.11376615932387 -1.48903901120291 3.76681075916007 1.83735254507708 -0.748732663812114 2.05058875407615 -3.77752196139503 -2.97864472565262 -1.14403711645121 8.90495010434495 5.11774311948449 -4.88161346235132 2.02659401531155 -6.26277478694245 -0.679007672959628 3.15417797141104 -2.70671563043368 2.538130495428 4.60873525137655 -2.19023270074112 -1.57250136448532 -3.73395535783525 6.48693437853573 1.71274566632244 0.63465788400095 -1.06449041259404 1.77451414609541 1.81568420983314
"300" 0.86128837936753 2.91623068430156 -4.47866754640997 1.70139133176807 -4.76422958804783 -2.10818473520825 -6.15728342695715 -1.81688845352918 0.805960040674255 -0.167402620440024 1.03184408728489 2.57527150080781 -0.444609592917101 -0.932376205046473 -5.52641588475124 -0.660649883608749 2.70621154773345 -0.625500474958674 2.0612896301614 1.90560733853544 3.22043264448405 1.94614735648553 -3.47520957182379 2.02046718678328 -0.852218955797441 -4.61484652136224 -2.73579260358762 -0.892582009289654 0.815778370445646 1.13327217745648 0.832553896016364 5.60850822187801 -5.33341081270118 1.64999592276408 -3.46566933258763 -0.535872074141628 0.194008417367432 -1.03346091604196 -4.02969788085998 0.120513946407444 1.32442805974874 5.78162061566349 0.39491006269628 -3.73449726946351 9.55726235697445 3.05041849070807 1.69783141092142 1.0773297281631 1.4360162758739 1.18241690502175
"301" -1.40181917011386 2.67940142632265 1.36304721137224 -4.69448430057924 3.44354123275106 0.918614349680557 2.97869953588908 -1.17004834414986 -3.80882395562895 0.575896161022149 -0.0456019414856457 -0.0723171188346657 3.0018893393621 -3.39286164165835 -3.25037986667432 2.94042874550615 1.27215597093521 0.312047487492282 0.241988441433534 1.5188987182756 -1.80869272090834 -1.90869557307187 -0.872343103530345 -0.6754371275319 2.4864551192161 -0.326101826036885 -6.12780235226464 -1.17379754759496 2.22496828417095 -1.64524445066943 1.99116184627348 -2.87366142216835 3.29287164877606 3.42192773915906 0.914996245919826 -3.30134261236929 -1.32748822541405 3.83091421986323 1.86864382109614 1.1957176523615 -0.910332438854784 -1.84162672762163 -1.44491527133961 1.32081717136776 1.29814819594476 -0.545355063198038 -1.35636108900853 -0.562363827677258 0.724076651729379 6.07964922233012
"302" 1.72722860903148 -2.33762451914487 -1.85962499859801 -7.78604691408816 1.73515340167577 -7.57550047241435 2.37117791989671 4.69622520206729 -1.34655353943405 -2.92350769328131 1.1447906426266 -2.96305086045557 0.896412276432172 -0.45798857123782 4.10306995805481 0.272327803325585 1.11580652961888 -1.78696850332327 2.8043462620773 -2.76832089139746 -3.17816452068823 3.13200942097291 1.72513358610359 -1.41258362173104 -0.760859330295679 -0.506011166334306 0.223955908035813 1.54817854041518 -1.72722333060233 1.58900701646325 2.45640986106292 1.68683728728529 -1.42990904070765 -1.87462590380889 -1.39665762521745 -1.75253864059029 -2.52110196627174 2.52640174874509 3.23862814236382 -0.838678044847968 3.1309109802262 2.40798647918422 3.74950491080489 -1.34628167085539 1.09872977257621 -2.57665253261779 -3.21394193376849 -2.99618194989994 -1.07434711589845 -0.69917599431964
"303" 1.52368524288488 2.75361460345815 0.185076789220016 -1.04796394913907 -1.99842738070095 -0.056199668749357 0.816282268501033 -3.34896428172464 -4.05191071932384 -3.76739199991294 -1.12807283428212 -0.0139723240961218 -2.42362876004924 1.86788123191123 -0.136194700668298 2.04723641489578 2.57767313271434 1.67924717076862 1.51118447167901 -0.584853597170002 3.31036207321616 5.24059628308028 3.2998264231159 -2.60540222141885 -1.55269258300641 0.33505990147177 -0.410043730678351 -2.29040488502952 -5.40592921353622 -3.4228297230189 -1.95529238508551 -1.36790440478258 -2.27037915136651 0.457363387144528 0.866227435657142 0.738570738700779 1.84380436397143 4.74507102429555 1.4511771360478 -1.72436909881076 0.0612949382798695 2.58349072904554 -0.449268885959971 -4.23508305470096 1.50862144316446 2.54156992405183 1.86889175751811 -1.98341841873132 0.66608467137529 6.14368193461852
"304" -0.813159470583955 -4.68440200327631 3.72377551427621 4.28491338008132 -6.2464305686258 2.50028910156576 -2.62083181445996 -3.35500238749109 1.2095500927996 -5.02434067277422 -1.05965286840184 1.18848479148794 -0.796840850583096 1.77946081233865 -0.969634682284734 0.491620748727289 -1.51003314864965 -3.83347676100406 0.102545834520419 -7.80923586741905 -2.0768386294882 1.32841846951829 -2.18989135578479 2.11670922420705 5.64398823194625 2.10465676089769 2.2251444551703 0.288733146452761 -4.05795626586232 -4.9692028290189 -0.862902784215489 -3.02410906201438 4.30951021143905 -0.449644858776395 3.26889521735978 0.462576910855135 1.3622907702644 1.31421579756205 2.17209038082506 -3.15705057160223 3.90631746207037 -1.23397914342654 1.62263254848712 -0.804984272592698 -3.75339560828195 4.14201125407601 -1.41266862972124 1.02337408604049 1.83414449799173 2.62505764015646
"305" 5.08740512490763 0.205431555328223 -0.79801728579801 -0.803856635289047 2.95235906684719 1.10001434885708 -3.05877597316081 3.34881473694795 3.63498954597412 -3.04120958680589 3.21487378331044 -1.13294778909867 1.66125723921603 3.22725738652201 1.85998429796199 -0.00791288402654219 -1.17195443593713 0.2894736408695 -0.961127187898384 0.372108696720307 -0.128702304984983 -5.81300478097246 -0.186151529660396 0.250129463707778 -1.09283839843898 -0.346632392604303 -2.93832940608545 2.42619611801563 -2.05315464207482 2.54901532889741 -4.78016256770103 4.07355848751679 -0.675896580254497 -0.596434011237019 0.976539371897318 0.327287445276534 1.09474371288375 -2.59327620652615 -0.961181261924198 0.576680593751663 -1.23016096580833 4.27417726519548 -1.16406969360407 -6.21037920774119 0.576406929688421 1.1265151056141 2.55599404781376 1.84197350113923 0.32476995773988 -1.30795736176018
"306" 3.67104819997073 -0.0198035512178122 1.13960505820209 -5.73990452949819 0.223533796784135 0.538363448288554 -3.40543450737541 -1.91011566029948 -1.6815066921932 -0.336531099257231 -1.27160464532816 -1.36962496603625 2.66978441665219 1.72184994304991 -0.571399493655383 -2.20055878679576 -3.80759266366891 -3.41405946870669 3.6897938990008 -2.74923704196745 -3.29666158562977 -0.362340457434938 2.1233267332362 -3.65999045778737 -2.97885316007032 2.95601624612896 0.455065831463168 1.09637199533124 7.2050297289183 -0.832552439001643 0.546872210712451 0.0757104025527347 0.093757176045266 0.0010833700322907 -1.67920038237798 1.54018855844697 1.76513673667966 0.705032338607999 3.254447084604 2.54802884398771 -1.08381234219293 -0.718074258960779 3.18983109651975 2.47380327358246 -1.35492627721126 -0.341977048979845 2.12134558286713 6.83170857153636 3.64764050010107 -2.59415633151953
"307" -2.35705378479824 1.37600289593882 1.17872091963659 -0.157760354699334 4.51043455025278 1.36003366912441 -3.19270138035335 2.46596561406668 -1.11775901859013 1.24836730571638 1.52857778001217 4.31686809160849 -5.57601431366801 -5.09068563763287 -2.48027562702478 2.37058766917571 -8.86310932890483 0.846765066833076 -2.39724235983436 -2.87938817800215 -4.93901241499731 -1.81637871911819 0.786509892619007 4.0761981107129 5.38591191215223 -6.49252784065759 1.14873960574788 -0.564627915976902 -3.6640168829599 -2.86027934416771 6.71070114468016 -1.11626522804844 -1.23278961863789 1.51908894948703 4.42192412109458 -1.44819432396644 -0.404197701535854 -0.1680997453396 0.196374394221612 6.59480292958577 -0.790283118374993 0.0101496785877446 -3.79455283712654 -3.57384076498828 3.15163875975384 2.9458306054481 -4.14375832684547 0.140471464383644 -0.96983374761402 -0.954753347117977
"308" -0.562894887359013 4.12798987504259 -1.73066338178339 -2.74615256905419 1.03091144481541 0.256034155918888 2.22816949999682 -1.21709608325771 -0.310703885607314 0.00687675085580338 4.35504284911792 -0.0868128718892694 1.78450284413455 -0.904754951800668 -0.572433732450418 2.97210087496171 -0.38379715498526 -3.26236218679083 -0.614116417710801 3.58661043020688 0.573512946618502 7.44119833432236 0.807472541204914 -2.48940931812435 0.859419136844447 3.79833080257454 2.79352138287857 3.46238997934822 -0.185907121655421 -6.1617711513507 0.706540302402414 0.948556935992814 5.30467389849806 1.16580689860701 3.35247222619664 -0.49994774747176 -1.83367137164303 1.55485367603407 -1.03707503972958 -4.40923259179016 2.03223692039883 0.101090168081467 -5.7362698827432 -3.72760067113575 0.66700204132534 0.447602101027568 -0.995589202300493 -6.05368758303638 -4.34664736744813 1.09827167050057
"309" -5.3501022608998 3.204323756568 -4.66900587013438 1.05880357706482 -4.80203944716438 6.47633121560859 -5.40717930010092 -4.92169795521499 4.51927920450068 6.58970006740407 3.86667330704091 -0.0124038619694929 5.58016319720697 2.69869490959289 1.15547766470612 -1.04083241285384 -1.75104896902971 1.60007864298688 -3.21581462405579 -3.07313041127468 -4.29688304298054 -1.89102971460918 -1.45692082601012 2.92560423326012 0.638688078689809 -1.23935647394688 -2.46233603155646 5.31896081214291 -1.00386254874434 -0.130606853729279 0.0698226608429908 -0.637793864199018 6.57800375081912 5.27319247865297 5.03054548691001 3.19248017136181 -4.75410795991402 0.860094929805922 0.554537007033449 -0.440853401700938 -2.56783063337653 2.25267887465779 1.98254927730946 -2.33622711659627 0.683563651174026 -4.10898398028135 -1.76086823315808 2.23441720049288 3.00557163114865 -2.75627342937159
"310" -3.95759499562643 1.3222106669193 8.88739107274689 2.79854382101552 0.861889818863825 -3.72508557686634 3.61644255984887 -0.689367753308835 3.57305577655579 1.28003705165584 -0.48033341617397 4.97248641822302 -0.705257209899678 -1.05801888327556 -2.69801767795926 1.00670910666956 -0.423251500867204 2.05013317606871 -0.621990961553746 1.62056729971072 -4.45286019886371 0.884239353990649 -4.02322365137585 1.14412293247657 -3.52253696291877 2.97429389095414 -1.50310290170495 4.04387052988816 0.604516121805985 -3.66211196984323 1.89751091402793 0.932356310424397 6.77018682360592 4.12304103669731 4.83100813433363 -3.38332008019014 0.605378275330176 1.50087040627441 -3.90327504492206 2.74305428717071 -0.574691577954541 -0.35340168850609 3.8993420535088 -0.0609710112484414 -2.39942017647956 -2.24762056140424 -6.98947655253597 2.66514278610723 2.39018340659129 1.61855508904618
"311" -2.23451075439362 2.36211774709551 -0.141999797197999 -3.52589322265864 -1.81999945021142 2.506662511481 3.5965300933421 -0.841416371375015 -2.04856629092019 3.52943879016145 0.546387396707323 -0.702994428764197 -0.254692253217147 3.56092674251186 -3.23315443629038 0.983992387774187 2.77335756909646 1.9376640621004 -1.78486146634647 -0.687525350992885 0.94675403738446 0.146167494802003 1.41572743900403 -3.66426099837672 2.08120612547704 2.02396405856009 -1.00302217995573 2.72150024093633 0.224828359141692 0.756367085143278 0.70189448909054 3.5825670832855 -0.297670366807015 0.579668723079935 -8.4876145191419 -4.02652268780701 0.242623255521267 -7.87139274848485 -1.53572131598292 -4.54435685427084 -2.43249642376447 -1.76347585013278 0.873060723798062 -1.78148411340998 -0.524977276932159 -1.32678220842322 0.73045829220272 -0.200542812269834 -2.04960239398454 -0.740989625952782
"312" -2.39439150553847 1.20759197236182 -3.24219501874882 0.306854847199282 -1.13827110404592 1.3916300436068 2.81232977959332 0.295918698283188 2.11490689701682 -2.96281256520999 0.982082205484585 0.637969999442216 2.40737378383949 1.35132993606024 0.577820750942091 1.09561216601517 -0.520118968509309 2.93600768883868 -0.300391063590995 1.13861054866329 1.41709331626363 1.00705240427128 -0.096158128786837 3.5588894419578 4.7299457599661 1.94961000482521 1.29081708872782 -3.72960124099304 2.04339240492238 -1.88761682478337 -1.97113017486111 -5.69517721655181 5.81413837094617 0.194864942407858 2.35412571853734 -4.2731846005843 -6.47865833356188 -1.00553466867311 1.30070445059952 -3.56953980651532 0.525491371744848 1.36595725433863 2.57902490499505 5.95893079649083 -1.73624538496543 -1.01405523882136 -5.52946727286631 2.04382141929706 2.3629845638176 -2.81751044160661
"313" 4.20678381436965 2.57361145895571 -3.02295051466364 -2.99843717290391 -0.739279417781312 -0.517193591833326 1.19694948925502 -0.799188869808386 1.25947120175155 -4.72940700968706 -4.63762715439985 5.18275425070031 -3.3552584038408 2.44405489876721 -0.732880299690095 1.81071737936221 0.153867454290631 -2.68532458336724 1.23772605194804 2.50804583215449 3.67833493790553 -4.16272582062842 -1.969336282253 -0.388279014164749 1.41865815543514 0.786478196081167 -0.369905358732033 0.991854079428932 -2.85319879503106 -1.65693230473951 -1.50047659128014 -1.887759531066 -2.85653762921881 -1.19799230632889 -0.2066884129507 -1.78102622489951 -4.40378207963706 -2.52692521514722 0.0486287177169422 0.102226020654968 -4.31155342282754 5.81221757356562 4.25817941218907 -2.41203575179607 -4.16552174510003 -10.6988177369293 -3.21995181584909 2.58375633947024 6.09586406973844 0.404655385396764
"314" 2.44949146865424 -6.96088561498152 1.7289356025783 1.02006917819841 -8.27770814623574 -2.55283504144238 -1.56962499351411 -1.41295890531998 4.46812314074469 3.51745904825542 -1.26762750061348 -1.66613836195422 4.71459374501708 3.98376420521783 -0.909023159337978 -0.00537662550661162 3.26760710292994 0.595358870745141 -4.65153312828475 -0.427858948627603 -1.22871779752978 -4.8095203559863 1.53826616875953 -4.45011845621563 -2.78279898980511 4.01339858374883 -0.474271566778986 5.20294199216314 -2.06666506965857 -2.6976546853025 0.188644082230398 -1.03884090960868 -2.01703380513257 6.55101254680549 -2.75521800154282 -5.26183654904082 -1.36690626777324 2.86860409075349 3.31201012860498 0.169284366226754 -1.1801813487759 -3.91491266954744 -4.80348936378524 3.77505792934175 -2.00774576592625 -0.306835063003978 -3.48455968010831 -2.65057349563315 -3.3807084742407 0.664433496979667
"315" -0.526130467614124 0.778325888396001 -2.58590684158038 -1.07594594198928 -2.09516343698267 6.3913815458501 0.395466403212818 -3.81682071083809 -4.96580176571225 4.96075556207747 1.36780718378816 0.977888396837094 2.10021230372957 -2.11444021683485 2.65593174371305 2.2066878098477 3.56576146907793 -3.55846458587534 0.0810566098521235 -8.83524129243142 -3.86204950516856 2.46724245869234 3.31242571667946 -1.29913197079123 5.80615025711601 -1.09396778449587 4.32521956926344 1.82428643581911 -1.17223975210213 -3.47101951820739 0.503474877315618 3.26606401315568 2.97750737174853 0.925018105456931 1.05267135619676 -3.16710000491871 -0.0708674472111139 -2.07917008111143 -2.11325324677653 -0.59589565703472 -0.100353519285085 0.56895084213988 1.50979260582975 -0.0273438615505071 -1.28517394397117 1.99180558959508 -0.152539314203962 -2.41965508997505 4.39477254843215 2.54725142479535
"316" 0.189629898012758 -3.52710969341753 2.15046558202177 -0.691840514226095 -3.19020826491312 1.43558779108926 1.56728234893135 2.40230971772946 -3.26155605428475 3.11100531729487 -3.34595187305168 0.614247783655082 2.60129929254364 1.33404736856798 2.85919526964272 1.84869182987775 1.94618045779931 1.43244810729073 -3.06741418173203 1.31852090733268 -0.590060299777189 -1.05729412038065 0.958876553302839 4.03160548522367 -0.962617878735351 -8.7193041061595 -2.75009472394318 4.3737074192407 -2.92024892991758 -1.10394276861409 2.48887887668772 -9.50464808368674 1.87355579103148 1.16092588529547 -0.157257482254103 0.661863638880866 1.08393016620423 -1.55110286212013 3.05902178480968 -4.64477926589336 -1.73047726713027 0.831251816681904 -1.42246730839837 3.36937987441502 -1.72338306362324 3.32097587526396 -2.41406414423762 2.44807680117326 -4.0145017283811 -5.03535667144893
"317" 8.98696744234853 -5.01499651889064 0.803989982008759 -1.7085336403174 1.50844711617261 -3.26783549785922 -0.404389615092591 -1.267403834382 3.71136473619817 -3.14864044441795 1.70407019163778 -5.95285222290719 2.49956991905035 4.24627362485841 0.358756059829083 2.92535856405333 -2.00052137997974 -0.571712147320696 0.479679780671496 -3.61172152553461 -3.38365780295057 0.437011032524566 0.218321968755743 -4.79204202786022 -1.48879474012229 2.61237954890948 2.82855323961716 -3.01901967902361 2.61333407306064 0.906643060136576 -1.1522570205895 1.85088383118042 -3.78647732221025 -2.94299725335688 -3.73857708648078 0.644006441046012 0.251853462770984 -5.26058615947082 2.9889983675445 -0.946296264188589 1.74793309145958 0.495972402299296 0.113514015618964 2.2924724359346 -3.13705267915348 2.79342164834371 7.20374596127399 -0.19833973788872 -0.536982960450822 -3.92703064786766
"318" 0.475559356448828 -4.88516950942376 -2.91599261756507 3.4872425544438 0.288220391653593 -0.457460477906066 -2.51621442242084 -0.827914745431857 6.10899992484561 -1.14950916604909 5.69094669810516 -1.94308911700833 4.0728983682867 2.8708342966637 -1.44614356152735 -0.231355760373794 -0.242069307691671 -5.73178620090359 -0.205928925073403 2.01308435487873 -1.02451357944828 5.46713647515181 -0.260812523112281 -1.76811433319693 -3.14581389758785 3.84644045144659 0.621034750852982 4.0500665694528 0.30709416422776 1.7671195029187 0.32678740592832 3.2395887893135 2.09807562690854 0.984975827459001 -1.78348266880424 -2.47593603272396 4.33881447820923 1.86287614169578 -4.23387211598351 7.08798775878163 -3.290714550351 0.940461253888649 -0.955445850455693 -6.72050213546371 3.44535152295704 -2.39239367846993 -0.381261771083204 3.51029762152763 1.88768479166102 -0.713097565133374
"319" -2.05503255561951 1.66701276047829 0.407657243443123 -0.0578313633206796 -1.62586427641929 5.32826619810181 0.57435435275572 -1.46896045106879 -0.625111676937051 2.30689125138904 1.44601553935574 1.72029152363508 5.52801236830861 1.41477905552739 -3.44475658444156 -1.847474100452 -2.68709561504558 -2.15703456394052 -1.29871428088601 5.3297575401861 -0.78420033387576 -1.33444557046434 0.0244325168976165 1.00385477864904 1.929797498295 1.70206504358516 2.6810578315465 -0.550390756039611 0.554701141584263 -2.81199583322518 4.71973772926596 -4.04915504303287 -7.16594112518376 -1.21456546420986 2.56420948367821 2.91606004087815 -2.6773862923049 -0.584070037858751 0.185327980916735 2.10792996840518 3.03427579091172 0.724901672236467 -0.264727963401794 -5.2179205504121 1.56816636825906 4.0767040775708 8.19804744529721 -0.409168496962327 5.81487993116927 -0.742315700191974
"320" -5.86955763033147 0.0868769856837523 4.22086957847556 -2.73813629745128 1.32246946996197 -2.49292956558293 -1.74554229231699 -1.99073815263985 -0.298784287069416 2.48494506229118 -4.43061754033636 -0.191375689707228 2.40839688144191 -0.827314755604503 1.32074340887005 -1.94793124317221 1.39347760201456 -3.7880827059015 2.73669198136375 2.60911048804348 -2.16155768439261 -1.99314305324458 -3.31312180809564 -0.941086855638202 -6.85333839730835 1.08454027603884 -2.25402384001538 6.66672132554729 1.33210563142555 0.346533249066545 -3.62856014412625 5.66913260531898 4.57169195059393 4.21483582258688 3.67330072689606 4.4944315197619 2.05082549479572 -1.41152271807578 -3.90086683834497 3.22073294317237 -1.5046082752086 1.23094462933482 -3.72473437708985 -2.06574538564596 -0.0786556501840929 1.31698289409678 1.63836421636323 -2.11137313237999 5.0446741005972 2.21511935305865
"321" -0.126390828261315 3.86903014724452 0.245534822178353 0.254729769335387 2.41306858828954 -0.871802435310741 -0.803377270031762 0.362148679091149 -4.23022129617094 -3.49239177940764 -1.70944392354464 2.71949346727263 -0.391572525569638 -2.33286506804972 -3.89699148383754 -3.52625289867148 -4.46042131910087 0.587231928865581 -4.81548504938289 -1.35105901786974 5.77846246406702 3.22047053555042 2.30226820630143 -0.0423293715843717 -3.79726702390215 0.859897011569146 -4.91030326181038 5.08046798488497 -5.29101851353867 -1.42854170426685 0.864224618146624 4.61416659256114 0.865799879069535 -2.69030293696704 -0.849835085229125 -4.37696936967959 4.74236931721887 -4.26397157369778 3.82464072745324 1.32700681803126 4.38344504488311 1.3712322289806 0.611357210505438 1.52706466317989 3.54294643301702 -0.31572479715581 -2.65434137867672 5.740055124436 6.35481395181063 1.54095675536622
"322" -3.85976407184533 -2.43524258326919 -1.06676906967663 2.52040757107156 -0.446851516722595 1.00324338034961 -1.38951368537906 0.644257484934892 1.41787693984687 0.405013622187965 4.03146336304326 2.16395246955297 4.77002566623004 0.92264749977743 0.0699889760904121 -4.6064699241189 -1.91956684751142 1.13484454486299 -0.0451292749125354 1.12396467353608 3.22387668510825 -0.0556270039797399 2.03851584215985 -2.14381580655957 -0.974539591359464 1.57692187246652 0.422646376607258 -2.40105831947215 -1.25872432909932 -1.24755316127777 -5.05273723553624 -0.00479346667849688 1.03136494763947 0.30638008639753 4.95431880699818 2.86439864410522 0.288596177787027 -2.97800262217107 -0.594234293628573 -2.71458057761391 -3.50998087361129 -6.16832938496326 -1.49778318317789 3.94956989222906 -2.00685124050949 0.0940242270377899 -1.43687981634352 1.82284042320554 2.99753824374337 -2.43111528120204
"323" 4.67179202029785 -2.70926681794534 -0.168536356031138 -3.3253603565116 3.00549724212482 -1.19892488832671 3.07977330941997 4.29678729752683 5.07786279961519 -1.31423969997949 0.914989882159613 1.68783528677871 -1.89097202416364 8.3521477366669 0.475181364295345 1.42507998144609 -2.68416328117655 -1.13222795398924 1.27642648349746 1.17535941365408 4.80054307596519 1.62082436828186 -4.84143024600329 -1.59907787379486 1.55925576493728 0.702300394741606 5.98851807400599 -1.89957982873146 -0.662261828431752 -4.73025029568617 2.09829729283068 0.37460915149089 1.50914425408349 1.30256597387342 4.36632505715824 6.65067386044504 2.15238573515715 -4.33396182098386 -2.40724898492499 1.29389344055617 -0.0543931040040046 0.47213873718709 2.69935763686287 -5.35762254011693 -2.80525198336693 2.25857932234883 1.02243040999355 -0.293246284520583 -2.2577145051053 1.76007989756495
"324" 1.50636993036335 -0.304844962945798 5.22479307733128 1.66627697799195 1.07052458242739 2.03041818636506 0.844044082213452 -4.13664049888735 3.19071161346025 -2.26529098818603 0.505065856186637 -1.09949478594654 -3.22419833063686 3.00127105141205 -4.97645803162775 2.90438144477454 -1.56249218019078 4.4728220234799 0.063769961432243 2.94794212650695 -3.3599343371575 2.29591964497983 -1.84419493700638 -2.40152461183856 1.74088153456434 -2.59771245005396 -3.8223930073916 -2.54243405400518 5.43895366632562 0.325727181547336 2.53130645989225 -0.295084613244585 -1.61886473064592 -1.08389876173285 -1.00400542131132 3.05041839896806 2.61876418213094 3.5479088204436 4.95009793121175 2.24779390905461 1.45476358976771 -2.97689584177674 0.821979112133067 1.37880541721187 1.39872421273542 2.62429787901584 4.32567140298077 0.378812455303184 2.01069394305448 3.80788485046565
"325" 5.68465632559786 -0.414427396005441 -4.32626758984133 -1.16206213901482 -0.67189108954502 6.71408531220905 -6.36978713718295 -1.55492151606128 -1.63368844191195 2.2009481549713 -0.403243292723445 1.86137885380422 4.86148425010744 -1.03525811471395 -0.133357712147488 -1.60787673835134 3.4614995624655 -1.30283926465872 1.23287329676857 -2.07278403735627 -3.13361597748725 -5.01322698532027 -4.45060984649542 0.701327978619035 0.71262836553283 2.00693482268486 2.31515886031365 6.22198775063958 2.87182263583043 -5.45008471464907 -0.390626258079322 1.96505880499799 3.95183757311584 3.6436023313247 -1.00142301955476 3.37100626825297 1.63907115322956 -6.90526426174263 0.665312848254714 -0.601036295841342 -3.78429527332635 -1.67083569886801 -2.26417184749964 -1.15474649312091 -2.56331726442891 -4.1822603839433 1.83734703361521 4.4158307596993 2.83066907444277 -5.43319439199323
"326" -0.950251081678716 -1.38603716648283 0.746235979355106 -5.23018308552824 -3.54284811762631 0.105660011618996 -2.71272423911414 2.62577466800491 -2.30009438769431 1.43608462333266 -2.51647351632991 4.1224823822482 0.490512360413524 1.13779978965017 0.0354367594311695 -0.381640467355127 1.73870647428748 5.97508774248472 0.645033993495212 4.76857305269412 -1.98508848291324 -2.14031108741039 -1.10328775835619 -4.29819703136518 2.1283359800609 -1.12400487114449 -0.427237737637742 -1.43852019822456 2.49189021134389 1.01823644535649 1.56794652815134 -2.64037412569646 1.83561329053482 3.07102482389042 -3.10998936760613 3.96654803638402 -2.12978639834312 -5.48642923817513 2.53620745409178 0.986159889345313 -0.600582669801087 1.08200534228485 1.36928260085305 -3.48063308448095 -6.28693734365763 -1.19176103527728 -3.05630450117144 -2.87834139767128 -1.12803472141671 -1.47770144395712
"327" -2.02425997224559 5.90977595047521 0.165115996719531 0.951236647628635 -4.91241310005039 1.44144239320541 -1.12354498053496 -2.64022668410135 -3.27037092673251 2.37939949340252 -3.18270464661374 -2.32530456524418 -1.63765858718214 2.12422478437111 -0.0173225560356194 -2.45713692289922 7.46520454462984 2.00029613128626 0.386943772407257 -0.240239184044236 -0.346206503079513 0.690222507938813 2.03966380719193 1.34866654175071 -3.13071076118469 -2.66248099732313 -1.60690192605457 0.704825983933104 -1.79767909364411 5.63466500497611 -3.73162216875936 3.30476041249094 -1.04554172707491 0.79324704450627 -6.18003041533368 6.18901003269927 -0.576240968630108 -3.95522395668661 2.00079921794361 -6.19585156341541 -1.276308138076 0.0450773149103877 -4.50318524096155 1.04159445872015 1.31412881570768 -0.550242246065398 4.9842937685629 -0.083155466581994 -1.65376711307904 -2.54625543719616
"328" 2.78776788539141 0.567853519880183 0.750179455188199 5.49300652377802 1.93456303254011 5.64429871135906 0.165216465849628 -3.51541584304934 -1.53165763207417 4.92604562115395 -4.11578487106368 -2.06641072124151 -3.95110660186831 -0.896736239441432 -6.59629722243378 5.22363759318702 3.13376210423286 2.03350467867521 -4.75541484650752 0.177525669256306 0.785307128496965 1.62449928001944 -0.118382125058179 0.52516566283493 2.10368575196757 -1.91406014784015 1.88830961233633 -1.40422831375863 -5.16823184544179 -0.570950378970579 -2.37729737061091 -1.28039263422427 0.916558048408657 -1.51607511744254 1.46779496424347 4.20193972765353 1.48006471510378 -2.99731254487428 2.26154964974367 -3.6625212707657 -2.32110908771049 2.42499376970363 -1.94347976310114 0.837648568395788 -0.607728323727323 -3.61246316188435 5.26954205137814 7.0752312876001 0.615164674789958 -1.56163960125326
"329" -0.84283976590052 1.79511021206715 -0.242960506199815 -0.271735031217446 -3.6965510697302 -0.919197201930972 0.655998090626827 -8.71483521649316 0.911335664452151 0.0582257107006663 -4.85080725964403 -1.43493388776886 4.14790298348537 1.78729379353349 -2.23788527585512 -2.06044636901189 -5.66611250101257 -4.73306080195183 -6.74578357103451 -2.55101801124599 0.821906044718358 -3.93791229386544 -1.67404411781208 -1.52357452512336 4.61143945963901 3.80616254792713 1.88666337011553 -4.20004234387224 -3.92370506239146 0.182336950203301 0.115805205009347 0.706316212986606 1.59135427845909 0.766476076140095 0.561868814175819 -3.63983841014987 1.01625607724027 0.543575505043045 -0.383368990447529 0.245144082246517 3.67921221878959 2.9556162900888 -0.959211661251942 9.08872259995626 -6.07872039045965 -2.25708735263167 -4.90932378352929 -1.42219022507049 -0.11176543075216 -0.945388918271985
"330" 0.869540584722302 -2.08201974733285 2.41479012887059 1.8225238480899 1.59072615978017 0.444292557318437 4.53578309690668 3.92427863352904 0.790025827322304 -2.18667299817844 1.56844099419012 0.954239947972435 -3.5585303596117 1.92402175563032 0.00453323799167197 -1.58394708354261 -0.021237695017222 3.41495588317823 -1.25468233572077 0.768008647393335 -2.43544826512779 4.57868062338888 2.25554008143418 0.145476644818201 0.773295482397542 3.14832173087652 4.54606140777409 0.859127648902665 3.89628190072745 1.15369006244404 6.37926055838498 -2.43583777821267 -1.45111813022995 -3.30358460770961 0.568467417415848 0.0515951631220539 2.60306184878601 -1.70991258670834 3.38575629273955 4.81713757206502 5.24704465848174 0.374035984650697 1.46687557019883 -2.10571484199056 -3.19056180180889 3.75058420145615 2.90330443634936 -0.906011739735156 3.74491378996163 1.01403016248995
"331" -2.89977315050799 0.127519175187185 5.83909522829595 1.37856963253542 -1.94542511980014 -2.46718491340505 1.52886436453041 -2.03351559142898 -1.67212748314429 -0.457512523403229 -3.66345997387397 6.26897852939419 -5.09132696193168 -4.29405510193695 2.17202045411065 -4.04560972735834 -2.4288806801158 3.89219716700266 -1.90447572480476 2.43638313080218 -0.567836847602399 -1.80457053180247 3.0175464284922 0.0762922449098772 0.238024698155642 -0.90262425256265 -3.08105128167525 -1.35674449494419 -3.87915429566462 1.18267666156518 1.57223931214174 -4.19689093052438 -3.40500868514878 3.87973722294327 2.78616750023676 2.91908262618576 2.15411809364342 3.23994687914628 3.3778045009595 1.63035840006203 -6.10042163812669 -0.498789743429716 1.24319791620852 1.89476137875191 -5.96821112310273 -1.44609643496131 1.13655791528818 -3.79632926600508 -5.80646659483724 -4.65263350251263
"332" -3.12682265546277 -1.56728901304248 -0.215139408981959 0.966365725172351 -1.93513803012493 5.63065501591202 -2.0089478465 -3.43489698526328 2.08636813666661 -4.1580914103664 0.989825364080572 -6.05776577774441 2.395585769594 4.01910962643206 0.98561000209171 2.16020865122651 1.917992822046 2.46550132129443 -5.18635417205083 -0.372944494465154 -0.761456045407528 7.86760116337922 6.93736628347574 -0.85277613068262 -4.18417094651549 1.70451816676864 2.99002273309463 -3.56814751624371 0.238656007718556 1.25537012902168 -0.19151928979432 -2.77554341077872 -2.00589096171511 -0.388939936169549 0.635365107518151 2.00206938903647 3.05111283953295 4.13405486534657 -6.617645440045 -1.51086344481982 0.96371660604175 -0.34952224777274 -3.65221033205971 -3.99602451578106 -1.84445503932764 1.31081904099387 -0.108447773409176 -0.354352895468505 -1.50390055341282 1.44290921567196
"333" -0.938472125413198 3.94241318518808 -0.837016484872235 -0.497137301024128 -2.8349734837404 -0.556343428463451 -1.95640367701659 -2.48947622261529 3.59980467232532 0.786406776142065 -0.905138752310335 1.29133742037543 -1.9063376859375 -5.32208734364086 -4.52261506143727 -0.530788938055528 -0.659147713874785 -2.26373265141293 -2.54115839273988 -3.42708926504265 -0.134685467180681 -3.98043405231896 -3.96901782046217 5.28730995011291 1.87936612969675 -1.70372716367076 -5.94009291747629 -1.14625668534268 -7.27168404568605 -0.0442550225077984 -0.360217518788343 2.2381877419721 1.26763114906312 -2.51616256275492 3.80764587435517 -3.53900154038493 1.44724706955531 1.91989142811866 0.714969440467407 2.60969355436213 2.1143195048121 -4.02041693581949 -4.78778164682298 -0.767333039147976 -0.663215786941744 -2.27753113009004 -2.57398517449234 -3.58541279512261 1.18395473392617 0.761148995917174
"334" 5.76082258688144 -0.52036313222489 6.62911117526472 1.21856638002966 5.12560399250354 0.119706960003796 5.56771129625099 6.89352399955199 1.1271138558197 -0.788714185541734 2.9688526391157 -1.15089333087441 -1.44043019567947 8.22473033101318 1.35164272775453 1.14090978106816 3.37994107139231 -3.11479334056534 1.9323191272056 2.76781703987704 2.69094744071457 -2.90087224599638 1.36115212344369 -0.416564006611968 -4.01525427996421 4.67119476108411 2.66939764728898 -0.163117776751398 -0.92648421332033 2.55559770704943 -0.832343287944909 -0.223031580245734 -0.903974516253063 -0.0120595492439014 0.462918347176214 -2.2030989281298 -3.05088590059358 2.00774414612956 1.47021184076269 -0.691871945834205 4.51754764108175 2.75824211897898 -4.81518419089727 -1.77468988368028 -1.08246495346184 5.44302124583655 -0.152856014396089 -2.06484065984912 -0.178770832697211 0.650567280404569
"335" -7.39441218130607 1.14814339440613 -1.41751611585022 1.93267196689996 -0.140651567480142 -2.24168448284537 -4.67442257262548 -3.73833266037115 5.91828322174873 3.75833799524913 4.50389781181499 -2.01868985596303 -1.65311931081542 -0.931828682854224 -0.554642858894233 -3.37464861209311 -3.34454990929984 5.81757887698582 3.43689091258385 -3.70570954300957 -0.733543361647767 1.48365161127919 0.939546257392375 0.0565215322959742 -0.272584234061173 -3.59166152582747 -1.10326070948362 -3.28708611498024 1.19012854895066 4.85997316158948 2.10002942554329 0.528967396478657 -0.30669916313384 -2.79380659142131 1.19011437251324 4.31503145721332 0.167755814450838 -1.39058255801998 3.63671584707112 2.84419730756442 2.28408623336645 3.48847753626657 0.288887187871228 -1.8343126839069 1.567999222552 1.14243226942473 4.09673503874776 0.516360420461228 -0.408500259681591 -1.93600152858784
"336" 3.55308858729211 1.05369648367877 3.04616545139989 0.590312821781531 -1.84429632081898 -1.34608266326779 5.94884773812926 5.12443032934957 0.843620541060952 -0.49095371088217 -2.80671776772815 -2.34947718441615 -5.85920734811496 -0.466554595006825 -3.09197908858114 -0.595752753971272 1.21194256539413 -1.72544147131671 3.09520566578834 0.980050026289789 3.39584720739153 3.46204410684295 -2.55916488913713 -0.65708561263118 1.22291873458996 3.49406596927987 -2.96154919087973 -4.66596848871181 -3.14632005438614 3.12800656374629 -1.03339331403183 2.02420956411077 4.86056583052782 0.0986408324904818 -2.62214725607221 2.20593546815339 -3.74299622739278 -2.49913403295922 -0.660318633345124 -3.77766355389947 0.922638937721965 -3.54375133388393 -0.477434925259613 -3.17729133205434 -4.55725050994333 -2.23857126904269 3.06712947942046 -3.15127521419428 1.71704837849453 -1.23101691001914
"337" -4.09461635350166 2.2758403457759 0.810021874889408 3.09542789373453 -0.794902877270357 -4.9819567791673 0.598365740598368 -4.06569383656999 0.573035969217967 -0.14347605337461 1.56546325192618 -2.56026755382248 3.41195145093679 -1.49800014036307 1.15794614464903 0.00888778739162424 4.91533359643651 -2.55294181229342 4.73576697235846 0.455774806069051 -2.13457233608916 3.44514449404691 -2.02523936064313 0.168707682463424 -6.58308792885738 -2.6703204929441 2.39892945978995 -0.321858489303978 -5.05096209056268 -4.11738764911846 -2.06902505328373 -1.79478026013554 -1.76492671668008 -1.68141115001289 2.41006479953794 3.82677278062778 2.89673287772025 -4.59158374992745 0.0768899269192478 -2.62175145943331 0.937944056475697 -1.36944809106117 1.25871442929686 -4.67675989787052 -0.187276282264262 2.37417364199136 2.59781778387921 -1.6110721984716 0.88047841749909 -0.0523455005358669
"338" 2.50443525445718 -0.969590601687469 -1.28690010666967 -0.43332992008452 -3.3429631989627 -1.07985217842882 -0.222737367282498 0.993920415461346 -1.20971105548416 -2.53565340522103 -3.95482382286898 2.26376608359294 1.12378173999058 -3.62500747374236 1.42790056664968 -4.45842465410586 1.65982908147079 -0.389095489694814 1.74191432364628 3.55998296999628 2.57551372464985 -1.02696479790006 -1.35602226182395 0.882841225012005 -1.35102100598639 0.00130272791634853 -7.0595080547974 4.80634668051013 3.38187038122568 2.1177474534462 -1.37011707265725 2.26790876546592 1.00351249951386 1.28183585576775 -0.419917832473992 4.08039173389905 0.145846400729333 -3.79296514809379 0.730325225468486 -0.598079451842147 1.7114213906833 -1.52785930261623 -0.71336863220521 -3.73144352355808 -3.52803183614209 -5.77566695810236 -4.72078559176476 -3.14712303813922 -1.84160710848575 0.336952193962959
"339" 0.224734405494754 1.98714959003016 0.0201276355616229 2.80010914252373 -3.23066418087336 -3.76108751252237 -1.63312517402726 -0.984324798655028 0.135125991680562 1.19646664743925 0.442934580591797 -2.70048160389103 -3.26823776615493 -3.75368075570108 -2.42867456158381 0.0284029543654312 -2.14023976418008 -2.84511242189799 1.91587389451969 -1.67739682434988 -1.31722207735647 1.55542535061393 -5.00721833283523 2.77738172846146 -2.17787564296757 -4.7755885719613 -5.18967357577735 2.39605344017133 -0.238352587493902 -3.29279712153177 4.00287436663834 1.82197426053241 2.08169010590407 0.156365929075776 1.40647949902805 4.46564633041473 3.21533983997959 2.24758569037146 0.101100830639178 2.72413747320777 -0.415705204980559 -2.0180035986781 -2.48585783990271 -2.56465943401678 -0.149572930249828 0.4092481840203 1.07933315758917 3.58255448184654 -3.85158901000415 -5.47539331213844
"340" 1.33891066601555 0.0778055429615769 1.45633245470142 1.99314249909768 0.028097605409148 -5.2296512391736 0.63356833639844 -0.772091989534296 5.93824170068943 -3.26612232205884 2.62015170757119 -5.40612665491781 0.813642178377916 0.464090030557448 -2.93566375456561 0.411876080587146 2.10021416147938 -0.803415940813905 -0.25986924510729 0.837307482095583 -9.26333920687961 -5.11424572945711 0.44399560171913 3.70034015146026 -6.29232181164324 1.79126992333888 -0.960981504558189 1.47723959205429 2.34750756328517 1.4639185185905 -0.109855450822236 1.32483125570717 -2.57556847065733 -6.23565807153561 2.23984052317137 -1.15986278817861 -4.75205853552771 -1.88741547480763 -3.43197577160477 -1.12025660962922 -1.27654327673152 -0.609066132705469 2.78610073260652 -3.85941705346445 -2.76621339260126 -2.06688783158647 -4.32738180092459 -0.142186384146076 1.07390376472451 -1.93135318119758
"341" 1.26890387853196 1.52359016020894 0.233722681911262 -4.36252776434242 1.96110636649144 1.78354292021888 1.06870524877202 -0.648306990792933 -6.83939640846217 -2.24168205900793 -3.81313063784862 1.10740692529995 1.39305028681886 -2.54948869354954 -2.71757695410765 -4.40779214419994 -3.20521387884341 5.59447339509854 -4.03869013760021 1.55000927938951 -0.889549429422784 4.3318146741138 -0.27368903177528 4.6862459331275 3.41311940719117 -1.72115011501829 3.52729166003927 1.79237126760931 -3.32671050203071 -0.0350389825195941 -1.50763459180826 -0.0606961744794658 2.72406045564769 2.33128774720637 1.36386928522326 1.25069348417837 1.02266320491262 -6.36071213692667 1.81901976596236 2.21466343231532 -0.0945206761574296 4.14902049690672 -3.10339929830592 3.09147641883259 -2.94051028299796 -1.90176811890577 -1.22193706388284 1.52102893626506 -1.26004031538764 -2.2184761152067
"342" 4.00613651569699 0.576865998992442 0.924475163774257 -1.19450159866839 2.52645125086903 2.24112534616786 -0.309334513799539 1.56733406302054 -3.33176219854454 -6.16518385416673 6.38128277943437 1.13785261485393 -1.404008985683 2.2736953858637 3.57706820140937 1.77402666616333 4.74125637369005 -0.1510643831059 -3.73779271446179 3.83066438865698 2.60070786807403 -1.51102854307205 -1.15062988734575 -4.05400441168062 3.92098445951272 -11.0934356320777 0.752538556016421 -0.45851261268405 5.2192537316012 3.80277357571953 -2.46759499892972 -4.97486250546961 -1.87318813416805 0.223547701711308 2.31492795078191 2.840116842189 -3.76841535808906 5.310347404981 -5.96072188997827 0.0673143703728214 -0.667790098126685 1.04316464993824 -1.1765841447462 -0.00552200096846473 -1.1070153571031 4.39243708598081 0.691888343309386 -2.38920653256259 0.347090385593782 -1.04583713597854
"343" -0.301820222840376 4.95726736955725 -1.28253394095857 -1.88445875530392 -0.20299463345309 -0.108722923650064 -0.623721297927468 0.449481054065145 -0.893646055435185 -4.93102166720147 -0.492397153567299 0.97587158276864 1.83020097383594 1.46464392926264 3.15416129725403 -6.04901911657014 3.053289964052 5.79109908766233 -1.76220685877694 1.83685599251999 1.42839282123121 -1.41422365895249 2.99177975849366 -0.480092438020329 1.06769977372946 -3.74539203481218 2.42672181279397 -0.187289384789269 2.64748864723166 2.00724217129595 -3.83360324748851 -5.15506777621649 -4.11282542100096 -0.38257477164949 1.37920224526138 -3.12359049904193 -1.35219903891141 3.88998439402731 -4.72854544297141 -1.71981020392481 0.408213704899406 7.0828817960238 -1.19658168754308 5.10098061924884 -3.69831182807746 3.57745899857509 1.46299511009216 -0.772861116814645 0.716908171018957 3.44618392086449
"344" -1.06246327067694 3.69558276820814 1.83364120201865 3.43327138509203 -0.803049439888601 -6.85754671729728 2.59668900413549 0.247032354198671 2.57101602564237 -2.38352889731574 2.12979009007897 -2.53869076598229 -2.86550235444272 -1.09128657247589 -3.0427817621871 2.70999668171674 -2.0692352280257 2.41654105252401 1.9146777796243 -4.09111214145596 -1.60798798625628 4.65629729144096 -1.64205354002271 2.66285695166487 1.60987222450093 4.58997678568488 1.0305426175453 -6.05613590395757 -5.44477172981491 0.177508365409628 -0.378049587387509 3.37765168584885 0.649870777396037 1.87305423511666 -0.274353858075824 -4.25992778509494 -2.84019107460552 3.12409170358916 -3.16664248507715 -1.17442045681938 -0.772968303692311 0.584146017079057 3.24789147845515 3.33756582910709 0.117441819882547 2.21659173110208 0.923175306075103 -1.39587584871016 -1.22923690746355 -0.472879986633904
"345" 1.76342581599342 -2.63630306111046 -0.756769240724874 0.489823634265113 1.72055707243025 -5.32303491935639 -3.50256381456164 3.63506001780118 -0.469891458187566 -2.65636888486788 -0.47772652206371 -0.603729737318164 3.39926177999481 0.537050303914679 -2.71682609443271 -4.78456939012814 1.88776434770777 1.73343670801986 -1.60845354118305 0.41706253157198 6.63764266416662 -3.25326166340385 1.89601482085062 -1.72444839689482 -1.05667514563405 8.30470561891452 3.27354069564709 -1.91640362506694 3.54103548749856 -2.31830188684614 -4.05514028962598 -8.12804828014291 -6.0242526906288 2.41602749093514 -1.6270452097362 -0.0876295696227582 1.36793803289858 4.67400779743637 -4.35974762325549 1.16915251287078 -3.11078188565438 -0.198242090517937 0.497363691296115 0.325864168792967 -4.6580117384829 -0.252733601770386 1.41725803856342 1.18933745919361 -3.00389468108831 1.68739440349648
"346" -2.28776818315177 2.0131595909135 -3.93310742795971 -0.552299708589277 -0.916317693226544 -2.62924058847877 -4.49623269627614 2.36872690598024 3.32195908345632 -2.36210021168416 -2.13689827514672 3.3025267383222 -3.32977045743981 -0.388247133949409 -1.48731382508796 1.59397401131085 2.66896611461424 -5.2942154165764 2.84980377467193 -1.00362123289465 4.61897936162755 -3.13608909007881 1.20101991279924 5.85642849299427 -6.93221217812893 3.84079521205296 -5.92271066386508 3.49232034629141 -2.90863188779317 2.11472124277544 0.373689144264976 2.01517930213152 0.349485222489518 3.07983208890059 5.43126535841701 4.09375274517025 -4.72142833969933 -4.01590978028838 5.84719806223066 -0.254151948369766 8.24426591092358 -0.180893169748434 -3.46195195105143 1.2885281777315 -2.31185154185533 4.95060361083512 -4.8437939290637 -0.489325074993445 -1.15940539592612 -2.05672227694544
"347" -2.07512705553515 0.313491910383757 -2.11860164019556 6.21037923013362 0.47326006762407 5.54196957396044 -4.35102395633776 -2.16497935098328 0.69913937421344 1.70772716998675 7.58721176388579 0.870658136486571 -4.71639079548459 -0.997392364641697 0.893688708793172 5.38738526655726 2.53823241418308 1.76994962269516 6.94712758222795 -2.9710398398715 2.5417779780633 6.55782760159762 3.46149037716702 -0.376577795752801 -5.37361414858786 4.63392062033697 -0.857628323094972 -1.85297939879927 0.942321757935813 -3.01303060561693 -2.00554435766813 -3.67976160763654 -3.89906404479762 -3.766198364529 -2.75202576409927 2.98352928862328 -0.687533270136666 -3.01664974223921 3.56864420495313 -5.17235362088207 -2.60630758416206 2.23511780759846 -0.86955098804474 -3.95232238473845 -3.18455308644273 -0.482804961146821 2.60858437704396 3.6296117728111 2.90047096751053 0.148429085870133
"348" -6.74039722518495 1.20689767361462 0.732048998990678 -0.564198992622633 3.86967263511819 -0.609747554476692 -8.4011593519305 2.03899891744372 1.75127911421432 -6.00881068343087 7.9095484335941 6.73974232181256 -1.50925890879994 1.77902990278678 4.09585433963862 3.18800206617503 1.40014967269395 -0.962651674675422 3.73675311534187 -4.41284506439844 0.734928650520814 3.35745009861991 0.116516135216947 -4.83558161834379 -0.896525125530289 -4.81193438479664 3.51419608646801 3.40465758476009 -2.51076778187765 3.13144085416542 -4.67895708126053 -1.4815113509682 -1.73889033853244 1.83632550777302 2.37112122717945 -0.720430458638514 1.87365377158837 0.628998023793984 -0.124041405831336 0.0792793726714953 -0.929482595325577 4.81161071247976 -1.98897881849204 1.79521770534259 -2.10717265541666 0.793449265986663 -2.291427256278 -2.72426790921511 -2.55044632105484 -0.109931825720549
"349" -3.9812882157401 -0.704234136342309 -1.27961481194342 -2.35532062319077 -6.86830169541695 1.95697556277738 -1.34038949157862 -3.50432855207424 -1.1045414674721 -1.56955504617684 -0.693101550428018 4.15381362356859 4.9894070749667 1.33840323041038 -1.70258773058523 -1.73099385642132 -1.57471163854243 -0.352527603524436 -4.43429598025018 0.261754609672034 3.65287136869071 -1.33077896716709 -1.22912232095368 3.53665234070591 -0.445537202475348 -2.16616895919247 -1.80401557052193 -3.72694788930003 -1.86638196365782 -2.25881796751039 6.85341212354635 -5.4335501899011 -2.6410339097442 0.953007655353969 -1.53479190602016 3.15397032272966 1.43767310461082 3.58961943865787 3.26384217739006 -1.17009665917206 1.82867776249825 -3.03237413436659 1.31201968593872 0.934963399957943 4.16417082192773 3.31287671286061 -3.60599966826038 -0.833649775920153 -4.09316000061849 2.17715641872078
"350" -4.47096609028507 2.06995870296458 0.295305710860107 4.71030092997954 -2.4621632059795 1.07244849884285 -0.768318244693503 -3.48231921455456 1.40844095542534 4.13113251911772 2.31578146084765 -3.44003962087301 1.45791063089164 6.43259807901044 -0.233886766451398 -0.601806264383255 -5.13755404427586 3.39653830514413 1.75415074926562 -0.365824454590138 1.49665708087368 -2.86482920933229 -0.527096096047262 -0.584615712083567 6.00886220481267 -3.15729148095245 -0.476014007163367 0.0472727213865417 0.152866598829996 -0.727018355971244 -1.35866124997246 -1.75004479491456 2.39323819208534 2.4648862760593 -3.58662909240859 1.89797629381588 1.00139639106713 1.91929865037703 1.49211247091743 0.156266955985496 -1.98992605812865 1.3659378730738 -1.35005510367409 0.745177296580575 -0.267688313344634 -1.27405809548559 3.96878383442528 -1.27066320766934 3.15288925358727 4.15762169522902
"351" -1.54926949176231 2.14579627688711 4.08207424408937 1.61740027890736 1.15083059845822 0.0819677259692757 2.95289833853524 -1.85810214344496 2.6528160053807 -3.15233778847271 3.31718953961054 3.6239378315041 2.81860931246621 3.13812029668929 1.59296946389587 -3.90018392568737 0.55447426130218 -5.71918536127012 -0.283512126406911 6.38737381989469 -0.798282228769727 0.443354462557137 -2.71115705593067 5.10591567962846 0.734622503401312 -1.23024518919245 1.89016636717874 1.108369719896 -0.230166321116256 0.717966305897482 7.37191851662354 0.168895601574406 3.5372939431674 -4.01832625103741 0.840742593020431 -1.22675444492526 -3.13508013860742 1.78247908922102 1.46406067714665 3.43349576241575 -0.990601635129314 -0.117529459133005 -1.50353026285089 -2.25818713429331 0.414462596341146 -4.38588351385951 -3.7481002055879 2.1278756433826 2.25092773275274 0.439771283028222
"352" -2.3229827281148 -2.57788752091802 -0.550863178058184 0.585176786196503 -0.746025952970806 -2.53197485479104 -1.88915103919511 2.72835240680206 -0.0705611840069636 -2.18912299983164 0.841564725558851 -4.03656358558868 0.945144705835222 -0.681840281722921 5.15928316233879 0.811247965767949 1.68761489131641 6.01009928598014 -0.682139124445723 2.08299869058272 4.19531649471907 4.35005344872145 2.93281086631075 -3.60049202067931 -1.56063184842108 0.140512413432025 3.59224164689034 -3.06339645797378 3.65019249635229 3.44694189289636 -2.03558896754285 -0.537280063115239 -2.43748447026066 2.30160065287279 -6.55193921875715 0.969264999595821 1.9830249129168 -0.697062433524772 -0.818361909837611 4.24444993372981 -0.466357223910974 6.30567243388586 -4.37007476922126 -5.19352703670327 -0.3455900936263 -0.205384428731955 1.17311801006792 1.72762412177723 -3.01996330438916 -3.88723454363832
"353" 8.28939516341873 -1.99548673435111 -8.0300332569967 -2.82643475871412 -3.35779308290669 -0.522342190414727 -5.1540202805259 1.55396545646226 3.9292020997328 -2.35893732247382 -3.43451926002772 -3.92867153200795 3.21758771012055 5.94989493516882 -2.47496199310457 -3.63657585196105 -0.409292194198086 -0.166802294395587 -2.23247826900367 -0.852928984833515 3.52985334500476 -3.46193036275995 -0.936351440980385 0.421418511136702 1.6804201569359 -3.85281022732513 -3.41341129835772 -0.152772554596869 -1.06734547337222 -0.9965256243199 -0.814120611001288 1.43629432718271 0.569801233693734 4.27893914478821 -1.25198223284463 -1.82499029323889 -0.457746557679883 1.32741559061891 -2.7986783974549 -2.27795806494655 -1.50399657429997 -1.79953383138058 -1.30297083292535 3.14511594625941 0.0428790697821363 0.59324231325378 -0.515582353364631 -4.25623225570571 -2.68760939217606 4.83913918511088
"354" -3.9653401083509 0.266713724412205 2.47760838392907 5.83439914956855 -0.183681229506853 4.85359229339258 -0.611276942839837 0.107513170225801 -3.28467219120719 4.47507627679501 -1.2976431626574 -1.53469913319269 2.75173239998772 0.49146638142624 -0.558815718668914 -2.14754505896747 3.32337620935319 2.0588288611351 2.06128138546397 0.362802854344175 -1.59469264160765 -0.514153502168932 -0.840259244134009 -0.659067661086299 0.853520816224658 1.07292429870279 1.1743707726307 0.590393226328749 3.44138642352978 -0.539985479951071 -0.247513947848391 -0.112589277903787 3.96009538052825 -1.34571921451562 0.620878150558974 -0.154318285969765 0.0704178325923066 1.23130571013031 -0.338659326305497 -2.98450109979471 4.17448993121652 0.0316276924631407 5.7258068618117 3.71163804571216 1.87463095879843 -2.66985615225829 -2.27518530983869 -0.795299596337017 4.94030154030935 -0.408516771958145
"355" 5.14734445562277 0.304516865276092 1.08133615362898 -3.00214831850808 -5.02826628242852 2.20970917495587 -5.3731527885707 -7.13566727989941 -3.88656354685162 -3.5261105930374 -6.26124914705558 -0.170465667007445 -1.42792845064594 2.07400463406944 -2.83102113383607 0.0950227468888926 0.937475621805878 6.29698873312795 -9.03134690683203 1.7621239617767 -5.07685641716153 -2.31120963932368 2.5063273897479 0.716126934766639 -0.603851999009863 -1.43609114161284 -2.40091332524799 5.86011105180708 3.04263342449813 2.51199334625186 3.35093492036911 -0.930099957083135 -0.446006316497967 2.84154489614839 -2.45073835095165 -0.261485719470516 2.12269630169618 -6.53141121492322 0.282531585205479 -1.86256935376956 5.52064803294083 1.823464683377 -1.28345161219533 -3.90587561056469 -0.292133971552408 -0.579929933934523 1.24656956300037 0.1290464243573 -0.282242810587212 0.0820847723903869
"356" 1.40877956182576 -0.743594617087464 -4.99540944728152 2.18551384989453 -2.56517750987633 2.28914391518094 -2.89012950126821 -2.65806147903562 2.51825285883077 1.45332157361438 -3.50863618165295 3.07557231104668 3.08936427319083 -1.92944055522632 -2.63259901959313 -3.31681641844016 1.52388637503958 1.08477039189071 0.294724833702061 -1.43456066823115 -4.72464394274329 0.140650379422188 -2.79764553116194 0.991098667522824 -4.34187312915091 5.70588296075302 3.92118699794324 -2.83061616024819 -3.51779972976484 4.94924921954355 -5.27607631204148 -2.18487427572768 1.56178016993856 -2.75700382098531 -2.02395657513999 -1.29680413640611 2.31163970438815 -3.68325224814633 -3.01548298708564 -0.194785626869963 -0.756559841357475 1.99666550848531 0.0692743009666197 -3.54979804897872 -3.18106362758773 5.67002010969178 1.07196981833124 -3.5715572486234 -0.500861550944009 -1.33820815603905
"357" 1.69039431527929 0.922423436063675 -0.323099814281725 -2.05664312517007 -1.50941682426176 -0.867542993000195 0.540457028572898 -1.65124790903522 -5.88198004364473 2.62196994599545 -2.71281442782893 -1.80349302618119 3.88448663191024 0.829122806144876 -0.807294449316323 -0.945631045828127 0.421774734459925 0.499537674846008 0.0713276238884281 1.41263896676392 0.72074738855323 -0.675504141239762 0.453782103016914 -1.09579590348862 -5.1736210739214 -1.8873806381765 -0.69735676881373 4.4260086189627 0.81281562761246 -2.02868041250188 1.73080644341823 0.0457831778961947 -0.677250763501042 3.83178157065929 3.10505484509398 2.32052891070703 1.86408545436331 1.04685857244571 2.2316613602498 0.41069136567872 2.88266004100908 1.71271384264508 -7.44881781235577 1.81210894256971 0.57991069677444 -0.799390816763245 -1.01946639251912 -0.299330405605645 -1.15935012063178 -0.883294804928655
"358" 3.08624454385836 -3.22178203683674 -3.1421434969574 -2.39637826012669 -2.06676805323989 1.52840870315183 -5.25763019806054 0.307616294148345 1.50906027716551 1.85955943777412 -7.71006795636758 0.512637456956432 3.93702555767278 1.48136595678117 -3.76912462671414 -0.50956393038579 2.62988444974148 2.52387907269792 -5.33109503161042 3.50442213554299 -2.73521023621469 -4.32621773851887 -1.05308414434337 0.332915174446079 0.641326140524886 2.33692420386816 0.546963232374553 4.34863183571272 3.98223197394478 -1.55269222891383 -0.607161097569039 -3.32176065325917 -2.16454019015855 4.2773192848103 -1.16280534863968 5.34954039011828 -2.12152097730561 -1.55047814067274 3.32174119731051 -3.52838789898863 -2.20142480939448 1.14232787421045 -0.0828764774194896 -0.970313782381741 -3.22938529780368 -1.76927311000101 4.39785470554757 6.85316333449804 -0.662881470328586 1.9113119883774
"359" -4.63142567704417 1.61965930635816 1.89377854430013 -0.0315523924736414 -10.1965445203021 -2.23793961693333 -1.94103571288827 -7.3835284831655 -0.987253173230546 -0.0320810595841892 -1.42402250824723 -0.39569338967098 2.67435981245017 -0.057775826480408 -4.21998266929689 0.300257301315853 0.70397142940746 5.10660714879615 -0.742830176659334 -1.78461750919141 -0.791132105739302 0.584291196884988 -1.01868911251472 -1.79834194230097 -0.37899228469732 -2.76872550496894 -3.11100944195003 -4.46451584711747 0.40292943751079 0.497901123889193 0.761490006252334 0.470304919448837 -0.552242427243427 4.27140369111392 -0.825546598753666 0.905336078750919 -1.12363816631484 0.0606122183775755 -2.31302270153873 -0.407273628067877 -0.170950498897293 1.56289810810231 -3.43177200058315 -2.19564317921178 -1.20625343877119 0.151986080221984 3.64713634037502 -0.88539006161924 0.174686958686896 -4.16348214737904
"360" -2.75581141005917 -3.05959060531788 4.83221997521004 0.285888972284573 0.622524077124391 1.592129412937 1.06869726900284 0.872465893355152 -1.90672935513819 2.09149339498446 -2.03150472450903 1.28896858349175 0.198619892279044 5.04911158866176 2.06737516541363 -0.631113448325331 0.996056961633792 6.6254104218579 1.94429583636425 1.26965345035706 -2.66775125516389 0.59315622882937 0.255305529283867 -0.845757868109717 4.28317437316014 1.85178184491231 2.6755984609492 -1.30204856762421 2.23887539886462 3.8266507374226 -1.422612038677 0.540932841437822 4.04679706212052 -2.05417635618692 0.765773879216315 -2.05749370221331 -5.35199597526399 1.2272841812112 0.159258384400859 1.5296738197184 2.26008003170362 4.00583780043086 2.91296218971123 1.1905653194916 -0.227456150429002 3.22065575349228 -0.511515444090708 -2.97394079534109 -0.495714253482848 -1.09360393064
"361" 4.66370241945886 3.88873510499046 -1.97621176889088 -0.947638960491974 3.81625577480533 -0.617336280146004 1.47534471126782 1.32783601584445 -4.11048392607584 -3.36961095141296 -6.2155762848316 2.42822837204194 -2.56809942871013 -1.12390121468085 0.360495841428664 -1.97725288591226 -3.31084308872825 1.03106428309193 -1.23557990982549 5.17020475423972 -2.23761794330252 0.965196841065421 3.64804210727183 -1.67846540558597 0.530882216973262 -2.60487930174105 -2.52814467860012 2.42180425862178 1.90616180249687 0.542884759250362 5.62835501447082 2.62814500470777 2.54429165766327 -4.43788877036009 -1.58449728944873 -2.10770598271833 1.94419867572905 -0.691361372651688 -2.47790902011753 1.32927804095526 -3.90268312659976 -2.75417653877962 5.68976077086412 -6.01068018446334 3.43782755955259 -0.150379909966694 -0.30545849046449 -2.70288732136127 -0.253728282459849 -3.51563095290665
"362" 2.42293582084996 -1.60747044968026 3.8682743827275 -6.16575958765619 0.273649795021884 -1.58154963844148 1.39793658923767 -0.243571249414396 -0.436305377721714 -2.36743022576887 -3.37301052533411 1.52887211171316 0.488284556357394 3.26754724982321 4.49357746013281 -4.04449501663831 -3.1430152443753 1.29570200420888 4.63352770159086 2.12570075463882 2.09879219160361 -1.31609245488179 -3.80708217020317 0.226519811509452 8.94350314896218 -2.180185164043 -7.14079083856175 6.12729721026849 4.13574282773024 0.491568281192279 -4.68488381019744 1.13975414523228 4.31095543258448 5.05759548035268 -3.04470159542487 1.31763691795606 -4.44618557925051 0.255419795281096 4.15350425232858 -4.40347653875146 1.18314885962348 0.916757976537505 2.07915019334793 2.77502256204472 2.49761238277573 5.84941862935708 2.70104118835995 0.133560142975782 -4.69886552373112 -3.79229108739285
"363" 0.43162393088717 1.82169503369687 4.61554181198362 -1.10056525857283 2.1970420387895 -2.42504505212207 5.92766798572231 2.00507338173352 -4.62400663346147 -1.57277678028272 2.75670246723333 1.73317189024534 1.61005075081236 -0.983752680253179 0.791052090215114 3.04692553033888 1.253471641446 -6.73466310557368 4.28087543624441 4.41381345438007 3.74238260624718 -3.7324712024707 0.618440073300334 2.82475078201662 -0.828543692693956 0.706481855853141 -2.90691933563376 -1.82922510753973 1.05070325437023 0.714353251116655 -5.82178967888727 -1.66987149161602 1.15084563598869 -1.5750734166 4.57719379224114 4.66101519860501 0.696465442807257 0.285453318915232 -5.25726356118463 -2.93018094286083 -2.4163179855118 -3.63532769762013 2.63129385359947 0.901339667089981 -3.29922033936527 -2.17391041639803 -0.955690734460236 3.19518177020418 -0.15519429295705 -4.41363998358724
"364" -6.90259831199986 0.388288175216357 -0.373838061840429 -2.11821776464814 2.62132094352727 -3.20439458556721 0.0442589676839493 2.00130886014991 2.63527390330005 -2.11466097166841 -2.32257917929285 1.69008142942401 -2.51362497996534 -2.56885748572747 2.35264910071389 3.47877043822668 7.41284433993644 -2.76543227572626 0.598937325721872 2.7161567058445 -2.35654605181772 1.90716188619382 0.991932564709 1.56126312667713 -1.40351210912606 0.685217008923503 0.0599746820081782 0.0614676553378797 2.98523582301346 1.89310727513914 1.03729847481425 0.0987452284636473 -2.34626698870664 1.25054428396393 0.0465794164697455 -3.38139505668441 -4.32002448233404 5.67061720088585 1.84671039832041 2.72060988368452 -3.99198489643911 -0.899145002081423 -1.7674118253043 0.464324943869497 0.964288690705185 2.70416716562538 -1.66675944314622 -1.35104448149257 -5.17311515432511 -1.45812423958526
"365" -1.42000514178045 -5.18640309577555 -0.7574379875372 -3.1435301158522 -2.25338188914107 2.85168003318356 0.681647035198633 6.90907652140023 -1.0764220383349 4.11835209263937 -1.36098207676377 -0.703870034162107 1.1941420164542 2.58256973059547 5.92908868525233 -0.921088046172395 2.31439236301934 5.46498356433945 -0.729817499992798 0.9561525501553 0.330725750741233 -3.30028877205859 2.17071433070733 -0.855573047534543 1.16046357117341 0.00265606976935954 0.262843663096886 0.797658996409024 -3.19716908527402 1.93994698252375 0.341131319690079 -2.22857732471558 5.17755841904705 4.56155025934481 0.787486574950688 0.259131602103505 -2.12644003687029 -7.48269503849696 3.10373903406059 2.15203291081526 -1.62363136462745 1.02229618279285 -4.03339635770666 0.0514090753946283 -4.6319126311636 -3.3174220809692 -4.38715436255895 1.74208516741877 1.51213520379187 -4.03713020787059
"366" -1.72290386516671 3.04507120527319 -4.97499765678491 1.90575267175652 -1.21437678383109 0.870921004194383 2.69733792501491 -6.39524161736672 -3.875767709128 4.6520729197108 -1.00671702397596 1.00524542937249 -0.395897788335246 -2.83056014910787 0.251485762586995 0.5204911667674 -1.17320933143566 1.68153426158322 1.78588342026315 -3.47829906020794 1.15940439802101 3.40090741370589 -0.585190744108159 7.79707191914863 -5.18839373277191 -0.677466615986605 -1.84432209903266 -2.6197909730534 -3.05148712187314 -0.834867727872684 -0.898431994627969 2.17075005784307 1.75778804811393 -1.40641060176281 -3.01931468191992 4.1480648140001 1.0342828700811 -1.47371344073572 -2.37012351056398 -1.09815871198063 1.63610632635149 -5.92928252081373 -0.903603701173087 -1.42048771514277 0.9807605333441 -2.21289007816361 -3.78965965167851 -0.0420638818518111 -4.27794587260715 -1.33993926006081
"367" -4.06609193085902 4.74439062186806 0.35158456802028 3.1535520228291 3.7480683210836 0.108251304114213 3.95743049074299 -2.56805944208435 5.77871464820114 0.279424796019515 1.88844684666431 -6.50162771241856 -3.1678570372417 3.45236076914231 -3.07782651845202 0.610774789789412 2.22520790680279 1.28790326264928 -3.21332645506099 0.220431448126747 -2.70316947244191 2.69423346355568 4.78885070187241 -8.06585769189372 -3.54458826105145 4.90724773282385 -2.0408096951384 4.40951099312329 3.90804728643673 -1.85436353002373 -0.680585307210613 -1.1849466487236 0.574755789969175 1.07537055923068 -0.386693934209427 -0.330389575456026 2.19554863741071 5.88264418821781 -1.28938934852009 -3.48600741931038 3.19525772722438 -1.34724154230278 3.04701007252837 -0.902389337278834 -1.95155618969608 1.61985278180287 -4.53081283698378 -6.24003640612451 -10.386112399187 -2.98139693636705
"368" 0.342621758566228 1.96073282572495 -1.07377714161267 -3.45439165884715 -0.460524656249571 0.243965611957478 -0.838314721299533 -2.25222921769291 0.692156482164968 1.48407565196722 -5.44970994637779 0.224509573244976 -0.107384433887004 -3.9487099561413 2.10342275489209 -0.256126649449647 -0.215243346254737 -2.01201202392872 -1.03119614190331 -0.0654553477419707 -1.56639095534867 3.15247358490066 3.40133478527789 7.19179095059764 -0.400356607461521 -0.259425121442768 3.38103655212167 2.69765876978399 -5.07581922752653 -7.43352927688349 3.89862319506541 -3.08401903074686 4.15967322111053 -0.314338379006061 -0.153563661724282 2.96136196354275 2.9863739338614 -5.69971045037901 -0.200696084992215 -4.36055702089149 -1.22638163898352 -3.08661939244269 1.7353955519712 -1.67306090772721 0.21620094627707 -3.09744244130899 2.41151131853309 3.8540562517302 3.7586764947167 -6.63572316926435
"369" 0.155301983143893 -0.595332142735259 -1.29058899174974 -2.631607053501 2.79443513825392 0.658107390238151 0.0754464747589362 -3.11842280385702 -3.38258888988043 -6.6176227688538 -2.00289710071919 4.76791759839995 1.11291063219921 0.317028936948604 7.4744232935338 -0.245138913022373 4.27047427849707 -7.72286467304599 2.58945113908665 -1.06291558463248 2.31391254704787 -4.05404627656481 -1.20754072375926 5.52015217135004 -2.73198162491623 -6.24966205229768 -5.4350629863884 -2.86478345989804 -1.38746436412042 -0.308856980491942 3.51313134097527 -2.07793141848795 -0.999849789685712 -4.34167473690132 3.33733192647433 -2.20339894967849 0.0173271991024749 3.50041418201375 -0.13718399136382 0.625838808322598 8.04362683021017 -1.64838212531836 -1.55972787955836 -1.85133734225231 -0.965632762771328 -0.278727503583078 -3.01311798439559 -3.66250277119949 1.40683388023609 1.1344370760555
"370" 0.010351946127623 -0.166759458886985 -0.690408839157673 5.02399320724113 -1.56486333309668 1.69360164730541 1.91697779843348 -2.14691277502143 3.8849222611488 4.77001946949966 -1.29433815589848 0.821603743580232 -3.2134880062579 3.85451560603854 2.27760138064005 0.804244374538636 2.69269884831629 2.33074466224595 1.61575343305721 -4.2317854117109 -0.107845467235551 -5.62898069223792 -0.557939454556088 2.42643593283839 5.43838596017413 -1.37089197261006 0.328285716621685 -4.45901394519157 2.68052960205063 -3.32382227558832 -4.01671687100422 -1.52482462263545 -3.57085995327327 3.42861327741829 -2.42003167091738 -5.66545753746324 -2.2785403130718 2.0286054351555 -6.63572026365166 0.13764379576068 -4.16070792731085 -1.24300137572408 0.391192372150086 -0.728226189256048 1.11261549131982 4.46616910043669 3.88040786541568 1.98748365645822 2.87000714714744 -0.0260640561089779
"371" 2.82624207954944 -2.97611909184978 6.88769975311369 8.3560521692408 3.7873613346797 6.0373709046672 1.79223358292676 -0.101024914862363 0.257542165990374 -0.187107160372743 3.36316281000814 5.62249754722262 2.08886459840845 -3.85643632270651 0.133732726497225 -0.82720791048668 -0.538910076992802 -8.23221033234751 3.14105330184189 0.506182416049782 1.1458857937751 -2.07156209195987 -5.87540196411359 1.46918817746342 -1.64172913552506 -1.06690647431042 -0.59573564250442 -0.39003890370051 -1.25377869485121 -1.62271002128127 -3.1095374646163 6.40400849994336 -2.55719641588924 -0.0814933767897131 -2.32330807686168 0.768148867917041 2.09701605130417 -0.897068946247851 -1.70833091720085 4.19047209586102 -1.6305078142435 -2.3415172506759 0.688842933298746 -0.20654485069365 4.06812938291505 1.92273738838596 1.45326547435934 -3.74060851708803 -0.194777427651945 3.46337483116048
"372" 4.19011826998086 -3.52901274992417 2.35911572104008 -0.134588165376226 1.1386560598119 -3.62520364630524 1.75487799552659 3.04453965957009 -3.438622431378 -0.724497056015182 -3.65487457050802 -0.0321298534080853 -3.83274662431206 -0.760500764042268 0.746702586512198 7.30562764691677 1.00672279806157 -2.44112735387009 1.74490566736121 0.831655651971019 2.33884595406502 0.589014621211584 -1.69098449451118 -3.03209431655434 -0.495545680724378 -4.94745260442087 -4.53682953098221 3.91976169820916 -2.2358614756487 -7.14327144899953 2.34727024062408 5.19434866258245 -5.31473160190295 -0.17235984412384 1.46559202659853 -5.54570091323361 4.24725472512199 5.31780931776037 -2.62641872344923 4.02344468499765 1.07975196665496 0.279121148088136 -0.566452367464746 -4.66781371437461 5.66379027274393 -1.34478487015806 -3.21229287320162 -3.40065130382231 -1.44905002317017 -2.84619081434321
"373" 5.26892687645838 -3.35531408559093 -4.16505657603974 1.14930864262724 1.4609776323345 -1.92363501139028 0.0509906749992826 4.69006202476186 5.53278576107891 1.06663459079335 2.75090411239448 -2.9397698857107 -2.91321433468332 -1.47145861497125 -3.96367090822992 4.65078234067545 -1.39811834411643 -0.48383068107923 0.145075390863613 3.4942788114992 -1.07147407416859 3.22448793161479 -3.15101634325586 -1.73855082759628 0.614015630686626 -0.0434533307624946 0.369747417433282 -0.0345813075013175 -1.62726210082036 -0.386684598757779 2.34010211121807 -3.73995866033091 2.64279144951897 0.793489308383206 4.26396051587328 3.24856470886507 -4.09164984341056 1.00698784260824 4.99837156698692 -1.95138973817478 -1.4308301757514 4.79222042073549 -0.77224722304892 -0.51803551707013 -5.64987071886063 -0.203999023360688 0.386036789536223 1.1899441492984 -1.34505083165926 -0.360631505468213
"374" -0.965637171465936 5.09671768312698 0.825166601926307 1.68312833895111 -0.894429921496534 3.30912339517325 1.22751233345359 -0.835821381375477 -3.26498855390368 -4.34368105108712 -0.868278223270936 -5.78859119592217 -0.875573824011141 -1.42705102431353 -1.99743235040091 -7.66606016628796 0.22658246055442 0.107807046936511 4.53819335102837 2.18569546653208 1.65667028775031 3.9744259336502 -0.591109348322823 2.19085925135418 -2.56693341830792 -4.8083647488942 -5.97170835670972 -3.93475310503995 1.01889249346677 8.35371109342801 -0.996370324186887 -2.47978716109484 -0.190448088145954 1.56192222656802 -2.37671732783673 3.22995648479363 0.259940545127402 2.37665701324786 -0.682416186288478 3.57123638942608 -2.93372097873977 2.9764234711448 -2.10820128927283 -0.538413203160819 -5.19429279281576 2.8167112915278 2.39508005516834 -5.11816489539686 1.62498845415451 -0.42013982979457
"375" 2.07302058765382 -3.92480839765484 1.36066712544573 -0.00728003309039102 2.56468260471345 -3.37266846100125 2.19719327149492 3.40541282073343 -0.0664594286965119 2.38689562506168 1.91923986819557 2.22902579707843 -3.59698583110779 -3.29400274443152 0.590589340242001 1.9754054872079 -3.88671499251374 -3.43084073684762 3.46077880734074 3.08311829232364 0.51988444850019 4.05535704551954 -1.26817202974103 -2.1548439703048 -0.721893921475086 -1.12246949490903 -4.50253421319102 3.71803428020712 1.68697593553854 0.405990137613511 4.35243012530053 2.53994611813537 0.911402006497606 2.60681765261684 -0.58099722752837 -0.0850014796388504 -6.11493516453772 -0.675018259984819 -1.0088896749706 -1.01588631551933 2.61530058042597 5.49856811593011 -5.31394568255674 -2.70944229271044 4.17647229363253 0.894250183017769 1.30581672795431 -1.75859035156436 -1.33527735984877 -2.03532480602096
"376" 0.790234102455987 -2.73642195148945 1.50068092708047 -1.29628679483707 0.294036505809147 2.79707857558334 -2.58746728046062 -1.82708178358875 -4.07693707357937 1.86087535119724 1.91947908845226 -0.661450157899612 4.76504654188852 1.03464530491453 -2.71598515829669 -2.91359174760904 -2.4247225805233 0.716875177353508 -1.08902950021274 -2.63410456038399 3.30288042762899 0.344213689553364 -2.50014331044544 -0.434387117915043 1.74685108020029 0.255614647689959 -1.37778527371608 0.36681457919098 -1.18765257614215 -0.379886208505388 -2.10371472931448 1.36911696867461 -3.44563698346275 1.39995645789272 -3.33467166506077 -5.8095680509831 2.66189760945333 5.4940568037847 -1.55655303873869 2.33676762811394 2.321183394072 -5.5373353031151 -6.17530561685278 -0.308472340358452 1.70812958336707 1.12884866989269 -0.591101084972187 -5.11348380968164 3.26835166092186 -1.73454893214263
"377" -3.02049284134609 -1.33948669672888 -0.0714923204524091 -1.73879023912013 -2.35024266382634 0.924237030548099 0.629256177528157 8.23607147610253 0.120938361406793 -2.67090250074642 -2.09490403967281 0.247837511436143 2.05793962081247 -1.24398496724154 4.1004346628253 -3.01714748516094 2.70886968974414 -3.0606273938009 -0.988052753653836 0.618460353049744 6.48420739003343 -1.187891535767 -1.13730940809053 0.227426828308546 2.33847840178295 1.34268280450173 -0.787584761672719 0.552103619218308 -2.688854763774 -1.49551772855404 -1.92973237316477 -3.10132511465453 -1.76036965647328 5.13058031178242 -2.35973617339332 1.47278132016199 1.24269470495318 -2.18877587054676 5.47703108562407 -0.412603288362276 -1.32580798771496 3.35726569926708 -3.69114491078003 0.847773384691023 -1.53957694214207 -2.61460337952143 5.05083910218053 1.45506565762942 -0.120258570164719 -4.39295707206526
"378" -4.63623601529501 -1.14155023240224 -1.05028386522283 2.18005789476716 -3.10761506642053 -10.2777955187595 -4.89873697773186 -3.33100297594485 7.05615101791485 -1.62297750463156 -5.11931440614784 1.96042091516096 0.220522580036084 -0.31465411412686 -0.72400101452206 -3.87082637651448 -0.246105738569044 3.58403575693837 -1.24583349571817 -4.47822562084444 -4.99489444317071 -0.412871712577398 3.67945221467792 6.44583742009431 0.508371346676956 -0.554548020290669 2.99416262636913 3.44575455742584 -1.06450602505953 -2.75504315980333 -1.83132177943782 -1.51793354081587 1.98789308837529 1.59212144457744 5.84021087225426 5.77591006140844 2.2346300196203 1.93532782880831 -3.81073448908503 -2.59802930375537 -4.38816850429175 3.29027560342906 5.20051359075693 -2.89457434381108 -1.30739261030848 -1.46521188888993 -1.09676589972259 1.82587268930913 -6.39338588828617 -0.0878275455597801
"379" 0.724584349245117 -4.65581297893571 -2.24488998596453 2.61379080227846 3.80722998649421 0.347430135103395 0.647702418237717 -3.20365972125432 -0.840681803361492 3.79663536479993 -4.10344357182303 0.324005437981442 2.16101281297074 4.50096928091457 -1.14467971366053 5.43049158765956 5.07974021848493 -2.58868432726057 -2.5060902047904 4.86469034926975 3.52098696827901 -1.22157734085847 -2.4465567947427 -3.30650648438592 2.95439729192971 -2.08825252688754 1.43606573298438 1.50094039338502 0.678680004475447 0.239519426474394 0.388554876369764 -4.18101775523159 2.27665049556891 1.18735636180865 -1.50822564851514 1.00484778853191 -3.27805082330032 0.812504691326457 2.74584280751337 -2.227823687776 1.34655076702619 4.47885368000802 8.61787144671538 -0.730230503017447 4.18511935202365 0.0308129664430555 1.62043291652358 5.6093866659738 1.00172384486665 -1.80941345316967
"380" 2.75020131522002 -5.26917112721223 8.14277390634074 0.243844841679017 -1.73792931602081 -0.138572943192446 2.14599853011729 0.178373141584996 -1.10902158558401 -0.180856111569059 -1.24137337047179 0.134405556537235 -2.80191837437773 0.299141074613621 -1.55155338938622 4.50156293265259 -3.77550558573423 -1.17392104368638 1.65442684872431 -2.45895866700527 -1.21972069132099 -2.71915437877786 -0.945570222551782 4.1769218193472 1.92144192607038 -1.43130832601453 -6.09017059004519 -4.12145086569964 -2.23882312003031 -1.43991347480478 1.82308888541912 -3.85075724643338 2.35015315249071 3.3556070088851 4.2721615920828 1.89095008497373 -0.156215802304975 1.75228607156549 1.36505703302614 -0.337568236674281 7.86749538704677 -1.16604187869749 0.869832897939742 -2.43417235611841 -1.01425780145589 1.46471555997881 0.183988357837428 -4.84457557753108 4.63049947930873 1.82340419803468
"381" -4.30080118537737 6.09270197986693 -1.0837872524455 -4.10630324623285 -2.45039508283623 2.1951490311018 1.98977650492954 -5.39884530536309 -0.325382982810279 0.646605225914166 2.64963773849969 -1.89714424456967 -0.086533388554978 -0.328958020649543 1.14625462402887 1.66574804637832 0.720291236267454 -1.890418805125 1.65758449868265 -1.53030027568908 -2.04373734218819 -3.13434862356257 -1.48164209293125 -2.89471515872846 0.716842633557814 -0.0889683272720635 -4.22662707990027 -1.66905376005882 6.53667877182514 -1.60867018901658 1.30357095405905 -1.20200370421715 -5.79461681740984 -3.14308168527858 -3.83267008225794 -0.509221688691279 2.14652614427138 0.891323041117463 -2.07728402855867 0.700440799664154 1.83624025610448 -1.39363050112699 2.98228895839048 -4.78001952842899 -2.09060061326714 -1.78248950509606 0.470968013540357 -0.53411002846946 -2.25447908167339 1.89914604714075
"382" -2.77287943930561 0.267393080154742 -0.850053869327102 2.00040399350075 0.209362414544945 5.45010242617604 -3.57183534772457 0.248249550427239 -2.52219536592578 -0.977930491164849 0.873446558916104 -0.286894046708453 -2.08520914732658 2.85412079516719 6.04138130665263 4.03398372946175 7.34911559069442 4.30674385544562 -0.548207970221893 -0.547975923931722 1.28373141183544 -0.120399917624708 5.32310272568462 -3.18190431375234 1.49642389060493 -6.06395840407868 0.609554415266889 0.66300371492998 0.953648650918947 -1.89935564182975 -1.95327530621774 -1.09446651579983 -2.17904421331605 -0.522695104418712 4.10848707399834 -6.8856082719533 -0.55522546518241 3.50500288786038 0.0949008622544268 7.08087705243737 -2.99629527264575 1.92924112193971 1.98825738555794 1.91306392223912 3.53868110500356 5.34931333642713 1.76354689113832 -1.19072223197876 -1.23005214086781 -5.65343140553898
"383" -0.505172617033136 1.24358696952037 -0.0281205945786004 0.988594793602142 3.75014784221577 -5.95561537583098 9.27911941196864 -1.92792726868774 -0.994021065886995 4.30953753119425 3.41607333939172 -1.16937778055061 -3.58029493244531 -5.63645183642584 1.27958988794676 1.73396947133758 -1.40949711547304 -3.04035068681089 6.27223065765461 -4.56372444972014 -1.94892224525545 -0.243570397158489 1.48312574275472 -5.03851630052711 0.631354950988072 7.06601714768583 -4.47591554553103 -0.012915198042974 2.75906229081907 -1.77165437398935 -2.24685384541402 -2.28155569079167 0.858417946738849 3.55722970970469 -1.84641280148235 -0.499698466042536 -3.29384396426561 4.26827079160445 -2.35141685311185 -1.62615937943299 -3.01193134114335 1.80886990950701 3.64539635201723 0.454791427250332 -1.34436137516244 3.4954027026657 -2.78019648980479 -0.282513635640435 -4.45786080469036 1.9440195271241
"384" 1.15738482247627 -0.704235323374672 -6.2002960375678 -2.77753881359601 4.17854589522395 5.68939733231559 0.717558310850911 3.53413979401484 -0.197671914484932 5.69070945113885 -1.50630702722953 3.73787703865739 6.69202985447353 0.512132212754597 4.20676745598434 -0.582215052257942 2.72181649144812 -1.85074394585592 0.0972958543218942 4.56308400623485 1.07794913210839 -2.87907700372594 2.34705468662576 -1.63317728195634 -5.71528571546821 0.834681339669365 2.89530859182666 3.65668429328096 1.72310870857962 -1.89082178219559 0.68503995284493 -2.26504520392134 1.39761259483135 -4.34652998976254 0.19372873502811 -2.4543768317588 2.78879764023923 -4.50125289283774 -1.93836202485934 -4.73436959936816 2.98291843761134 3.00943502754684 5.241028888726 -1.29661886734691 0.983012930959509 0.755377923191291 -1.57846576506909 -2.11100512734641 0.424721349527839 1.04775388264235
"385" 5.81251942928555 5.5711930996371 -0.530087925982405 -5.40826654290144 0.120175480950768 -4.97512462427517 -0.367389649560002 4.90739392274811 -2.15422935828983 -5.00876921632416 -0.547764588224987 -0.135893929366066 -0.688990552059801 -1.69885657834726 0.369194777229842 -0.0736026005908253 3.81583809033607 -3.06804110854979 -0.328996513727435 -1.75150786918224 -2.73322827356512 -1.73478138451909 2.15392492888505 0.67987061595621 -3.0683979743214 -1.83577508325139 0.526863854259983 4.33691878567284 1.48726887678463 -3.61322365343415 2.66769456612405 -0.448855441252838 -3.55035612678398 -0.321448183996352 2.75754930593601 3.31347877093353 4.46471738538288 0.170611760199935 -1.37467666255981 -0.383675982077736 3.70744347160339 -0.666830640045614 -0.468163208373001 -2.37264102360676 -1.72266847975654 0.886071736497118 0.415000376762272 -0.520085885165738 0.331415865019116 1.42546977321052
"386" 3.59281302893455 -3.13256744073619 -4.2464420533026 0.940700108792546 -3.17386821326744 2.35184244575145 2.00866765606406 0.301558839034479 -2.56099594850652 2.30866683961025 0.950100644951944 -3.74221436576478 3.30394446565203 0.871378187046206 1.47182385348207 -6.55892113950901 1.64410784159062 2.20153173815756 1.58794262512392 0.670282346573133 -6.01334137905553 0.270187866681496 4.50758960711199 0.047610431815664 -1.42217770910507 2.01665076896234 3.03995129247464 -0.659410107943411 -0.397470116118704 5.04666978945111 -4.18697771956905 -0.276412108057002 3.38550462635614 -3.02229279862248 3.4410717790558 1.22203160395593 -1.71109457492724 0.0578474716882872 -2.38804936520784 -3.0916978403412 -4.40548380394582 6.76776311086858 4.20272203533415 -1.33187172854386 3.75794734423449 0.934064438707655 1.07913843044213 -2.06638842109181 -2.16343198538821 -0.381386603947767
"387" -2.71112473081606 3.19742924003679 1.25835264962997 1.4996269861849 0.475403568446513 2.68831610007123 4.67121416301404 1.52388420644252 -1.14167951477706 -0.481903608980079 -0.884178087394676 -1.64606752699212 -1.76920374579031 -2.59918739475252 -1.63938910559107 2.32872788115715 1.13784812449296 -5.04304893687239 0.185601445143455 3.06218075022933 4.7882575424843 -1.52967258197308 -6.46582414792731 -4.16291802376917 -3.43924001975593 2.28707826470763 -3.99071486781952 0.740822440834811 -2.971087857548 1.3375060219497 -1.35650623550014 1.96281384171863 -2.5243254595078 2.75440133211916 -3.73677753893003 -2.52903669157863 2.99723227097044 -3.79030825126421 2.23690327294305 1.76113274758538 -2.82061144748195 0.762199235814985 -3.7481052294544 4.15062451450203 -1.63092483140894 0.19019130722092 -0.129831077774654 3.99373718852551 1.74896591945663 -3.3903332687758
"388" 0.448419817359708 -4.49353143692264 -2.9707076499394 0.985727603075237 -3.19452097672795 4.5520975469763 0.526988357284091 0.163713438635553 -1.11559724421476 5.07658837217657 0.810434530841433 -4.1246865861283 7.65747850424318 2.09366735781126 1.90236810792442 -0.195452292536676 1.18879759895314 -0.361322583859213 -1.82133584058535 2.43235244978639 1.76276695468669 -2.27380453577848 -1.86827657835324 0.610336711518449 -0.689973930592256 -0.936799412003591 -2.10569062154839 1.16183025566181 -0.664386049323457 1.99694839996443 -1.09492474750792 2.61639858127325 6.6321310584778 -2.00635139205323 6.68973933276564 4.80915452198017 -0.510440703042393 2.42825783166018 4.45213776397417 -1.42691744560046 0.212541953100212 2.14597960871595 -0.989230820874679 0.91029039897607 1.88356294337079 -3.21722299653028 0.215277495633788 3.13915245569353 -5.50632779445854 -4.75563131514297
"389" 1.74617823414892 -2.98843446427677 -2.55731097136684 -4.25552143760335 -1.77818460778156 1.18681347894996 -1.01899370969185 -5.61962508774364 0.419636739810492 1.70816444903351 -2.2923256221254 -0.738614982178579 1.54640401970307 -0.655036895070296 -1.47872894749017 1.41037683211128 -1.46652435349499 -2.69425968111994 2.3188378417763 -3.25844038774926 1.68086170548547 4.06737447487448 -2.46785887421761 -0.813643877795286 -1.14400797381153 0.520676411101681 0.373062473059732 -6.38137115091553 -5.42007447361888 -2.19951695065672 -2.04298531677634 6.08648259779548 0.583667834541764 -1.6394243579142 1.4297084179905 -1.12599849690709 0.491891344018617 -1.32568039726375 -4.57512206218656 -0.847352994727591 -3.06913608153419 -0.206149830555753 2.77819252080032 0.124711168269497 -3.63016729994408 -7.35459215728439 -3.02484185211511 -2.28006031344082 2.16815120181674 -0.580826519016724
"390" -2.3626498745636 1.85349782771218 -1.40075597205898 2.45258488571298 1.44947878157215 -0.823627547207285 -2.47503668420431 1.31431735136813 -0.0621395512302866 6.7917561168466 6.39559255528556 -0.347400414318113 3.68608755977739 -4.22995258355975 0.912744357856267 -3.91064380248641 -4.11394305244407 -0.990349633227386 4.43847712447227 -5.26701703494346 0.300979562482834 1.19966598288259 1.66291246378578 -2.83028743374065 -3.59732474280386 8.0526976345915 -0.318751448584516 3.02970563697682 -0.416248716215792 0.706586824440572 2.86834799727484 2.79815122071786 -0.896860443523146 10.1813384060426 -3.86406745915509 -0.155537081824911 -1.99292704869141 -4.68204769877958 3.70239817189434 1.42692868425646 -4.60460357376207 0.620087279312995 -1.44644301958 1.65240317800294 -4.3517468722421 -0.0304670137891873 -3.53064976015228 5.49717598594247 -0.975031827486158 4.98584772254162
"391" -5.81345036074011 -0.818969296511044 -3.17926463644337 4.01558942587865 -2.92551787377718 1.04807178750092 -2.92941331819129 -2.17996641208492 1.72498811681762 0.781347678683199 1.62480437250177 0.851264550342691 2.71879856168627 -1.24807882161099 0.20107099831508 1.9866626896914 3.35230330525172 -0.95325370398021 -2.98561184640784 0.78709002887293 4.63234621513125 -3.55776525718801 1.88667097073398 5.4422603140434 -3.16166289089766 -5.04531455749489 -2.60744468481316 1.34277412531058 -1.8102621928053 2.5962423682519 1.06376418068331 1.61707611605263 2.50039299247167 -3.47612373011658 0.0362717261671619 -1.20014595189812 2.33417876641249 -5.12883057948471 -0.321772921781797 -3.23377227153305 0.854217460897182 -0.911419304990488 -1.33716554438958 -0.101549714792541 2.43168517428764 -0.434743392135115 1.77179617192359 0.494210414442294 -1.91921303446771 -3.96322967092795
"392" -2.97834710189838 -5.16075785009222 -1.55990019675467 -3.9895111063155 2.06735403428552 -2.93126332222188 3.89655348015616 3.9877309335765 1.72417801368447 2.05233932763501 1.60939344562735 -1.48330425508408 2.77124253350398 -1.90628632314279 -0.51146423180228 5.52722054641637 5.77201804799872 -3.26689506155995 -1.63845280999713 -1.35391990425168 -4.96514255260326 -0.367816412694235 -1.01498788614606 1.6854696007126 -0.719602878218522 -4.77882160818503 3.42888855990717 -2.37902855116065 1.72821653958658 2.33524167563544 0.411951619383009 1.1531485417173 3.38485495783838 -4.48109817498624 4.79584606859812 3.26816973052415 3.25227635274713 0.960068220698052 -2.93377892592644 1.36388864844189 5.4423621424741 -1.64813255942055 0.228656582486231 -0.724115982831927 1.35840947434523 2.02987420717805 1.11723809155933 -0.292379742144708 -1.68861604027252 2.95341442994665
"393" -6.2901381118497 0.465573610174349 -3.83041523872616 4.82481555891082 0.4651458166686 -4.53986904960167 1.24742915814576 -0.958242992171209 0.558272397509044 1.83688751352619 -3.02547805104285 0.631489311788254 2.56791866235408 -2.89398039951224 3.01353460849198 1.91344613254006 1.38575694694453 -0.295132050816453 0.786761049897923 1.38174198839082 -2.52499021703299 2.35019536548637 5.2300353411606 3.29064715869688 -7.55357206776204 -0.50058337387518 -1.87550234870943 1.6723160600673 -1.51695394588311 1.17781817108088 3.47454050566861 1.6439558612333 -0.795429588909551 -0.627693798767786 -2.69771586506189 1.05660655546408 2.06012660350171 -4.19659786065338 -1.62924710901304 -6.37738365021298 0.915163260988576 -0.770109761343552 -6.03173834687933 1.50973142372344 -3.24319533481082 1.2995740085079 5.46396479822824 -2.69942482394583 -2.08768486771696 0.34885547711754
"394" 2.8986719864269 2.0919117638553 -3.80949861018764 -1.69963511752705 3.3132248119436 5.76523407102912 -1.53719433545527 1.93989282734729 -2.18169200209733 1.40713561487561 -2.29105807299857 -1.93682232724838 -3.2835912671626 -0.483311910970257 -2.14440616321884 3.54287410032405 -2.31954357280234 2.14676167742771 0.523134726595845 0.0815655751680374 4.88847305759255 5.06098404022573 3.88525476368507 -4.28971216651322 0.330614193287675 3.67550661250634 1.9178900079413 -5.59716118037484 0.834892619303919 -2.7465817739325 -1.55000254747832 -3.20066689371414 -4.9793567550236 -2.23248977539838 0.0971382369992475 -0.871852581788369 0.0468834638410665 -0.528257407841611 -0.130774415226165 4.55976913949283 2.36299650430262 -4.36089997310096 -1.10168564703018 -5.25037785950814 -1.19802622735276 6.25627567629069 5.79582354267762 1.83535397856431 2.94131083016132 1.15660197936767
"395" 3.4249706826056 -1.10635987559689 -0.510893271168084 3.45819783326879 -2.27207504404235 0.647762857858887 0.757566541563539 -3.54282855924361 2.31132667138926 -2.68302911304765 -2.97644784097506 -2.61676230789153 -2.55351816655054 4.07832310128436 -0.318036695960173 5.05050195863979 3.2218402468883 -3.17137906899243 -0.706701752939678 3.01368339727522 -1.71449006207769 -0.821992678910877 5.37501082474895 5.01542619191229 -1.69315986535698 1.56513328933989 -4.07499999631942 1.16724982140304 -1.34743617569713 -4.51917238892455 6.24850261332011 -7.53193183669864 1.54295779327438 6.96488353426077 -3.41509566318481 -1.24761818719738 -1.21968241503987 -0.360462710652752 2.9147543268722 -3.98222796459022 1.80699021452722 -0.228573297355285 -3.93077323853136 -6.40089550812336 2.65970218073513 4.8829650172574 0.873668087304186 0.850071056933418 0.407442598375421 5.73717209503475
"396" -0.271401190941314 -1.80013532940299 -2.38203154993474 -4.13582043988452 1.20456948403257 -1.93684629001478 -2.54107676537615 3.50826428561572 1.08282183934606 -3.54538546371571 -0.350531792389189 0.844701155440699 1.70047512576174 4.84246531014863 6.41581930777885 -0.23172061401988 -1.78825366398155 1.74818264038182 0.325503846502856 3.33754577615563 -1.4156131547789 -6.31260580797747 -0.948625081096735 2.18184210822117 -1.02468954018165 -8.4225565997148 -1.5100172341084 -2.06753987149736 0.382139915412432 -0.426677360635659 3.07664132256382 -4.1495224682322 -2.45811376412721 -1.36948949521648 5.40036310841975 0.947576554115028 -2.17991921762037 3.34409309617463 0.362159330219732 4.30879976088882 2.44730012460656 -1.78914228096173 2.87195356464011 -4.76194635804769 1.06336564646516 3.34030706433135 -5.77183550068193 -4.45317981048264 -2.84865355821525 0.181093155388941
"397" 1.31531819789198 3.32498588767756 1.26385397186739 1.73423375216252 -0.612534842287378 5.91550131237447 -0.53605582819371 -5.18450532036318 -3.35505750343755 -0.772899567743247 -4.74681706979817 -4.51293158839102 -3.12447487741255 0.0660275552290958 0.714932155536858 1.35552352728451 1.64126021009637 2.82779654903789 -2.69194403464535 -5.97198975668402 1.01083243468701 1.98134024659284 -1.39220158791234 -1.27209005414916 3.32026968606661 -0.330016200578685 2.13028096896725 -7.1959649188848 5.74871775094546 0.480846932950561 3.96902014951489 2.01145009630769 -2.21709314954301 -1.85001183784855 -0.552240804689811 1.73267710308985 -4.99971265492464 0.208024236488548 0.312196404081932 6.53098351990168 4.8266217829256 1.77939993540246 2.19010839344882 -1.68335440554452 0.69615737546202 -1.29191318592115 -0.704965375688385 -0.996367592205437 4.41554483420244 -1.20943178594812
"398" 2.3853600034151 -0.755992649102472 4.72930481285288 0.369625460947741 -2.16662902196608 2.99007537004872 -2.31420152504797 -2.18385758903631 1.13237144986172 0.42464066865623 4.25139106195705 -1.58146892087476 2.36386355962686 1.44382665064878 -2.56102467410976 1.54870802086358 -1.56694189823863 3.36722262344055 -2.38530333928897 -3.00890256910668 -1.37103712721068 4.7608955769588 0.536483125194797 -3.88818176893748 -6.6529113652371 1.89945347624968 2.05443141313988 3.15934282255343 0.709649801148204 2.5409635760035 0.0927903772801648 1.90160987773258 2.09233925517086 2.98743314074693 5.02431283334913 0.444331598337252 0.865995641553457 -1.6690248530958 -1.16551057869365 0.915639970655158 2.70027831636498 1.89301500526215 1.50766441364936 2.94616685433459 -2.48578623637928 -0.292800242365824 -5.66265962915139 1.03544580248638 0.410808566152004 -0.919937684240719
"399" 1.39415278032581 3.81214233554917 -1.02388437784341 2.92665106927518 0.154558947562588 7.75263503952658 -5.96205621403927 -3.03976029798227 -3.79061365537247 -0.691108736419986 4.31642950303395 -2.46766753971689 0.750258343450413 -2.59778840749554 -0.9046863753171 -4.03539626428375 0.041266061421418 -1.4533926602421 0.949937421023315 3.06566551754419 3.15423860530044 3.9698593224692 0.227277378429088 -6.415605277708 1.00119167539097 -0.288652790470992 1.10519217388757 5.62888831637496 -3.28540485729088 0.538018850749397 -4.34464006924834 0.617578318101746 -0.159404451093446 3.13010542482216 3.0426603103525 -2.61595905983755 2.33126262355077 -4.45727044363615 2.56475103166636 5.00559327461359 0.193183178649491 1.86800165992788 0.0350103531782627 0.81302409352496 -2.20673509317245 2.12799726195418 -3.05932292963571 1.14188622164455 2.26697352944724 -4.24748075080797
"400" 0.952939327401838 0.230855603471683 -2.09521416139402 4.89884465904673 -0.130574927457713 -2.30517624901379 5.00462798558451 -1.11984059640591 -2.38117888600381 0.83925047132284 1.60180604289371 -1.45011464836085 -3.30209504372748 -2.2556760528118 2.29108071150674 0.333379303411397 -2.32385004383989 1.68122331999369 0.443092093716897 4.15190943075787 6.39715055852982 5.31619228880999 1.65768963611161 -4.74810152851008 -4.69460143138203 1.09033977490202 2.3881013447806 0.70366800729346 0.118697180629692 -2.61181103657927 1.72241072441458 -1.68865766620151 -3.23339892715438 0.782347622700688 3.10024383746096 -2.68885113918475 -3.65512913738104 -0.844649263777902 -0.111709560987076 1.39884465528342 -2.77869933802786 1.01287141201645 2.04221912380558 3.17300680319027 1.70884997867973 4.13005104593933 4.92389146796035 -4.81394768825988 0.982940281515852 -0.649330157358047
"401" -0.864621189977142 1.43721967891822 0.131845486480095 1.44895124655219 -0.355660207431214 0.123592292034198 2.24853302539897 3.30215832193183 6.02235607639601 2.39922552398198 7.52600943705137 8.62292568046819 -0.799864231552802 -4.98326024960894 -3.23159104906429 0.0815394019657815 1.23956038854667 -8.30098837015292 2.41165238348229 3.12111009790626 0.329554744930921 -6.73509375170566 -6.60136090085911 3.09693485957988 3.23912809003518 4.28153343180976 -3.34844763009933 -2.29243711432944 -2.04827431436456 2.5416313609245 -2.06314315616177 -7.24751230713507 0.00386458842689891 2.38208529449209 -3.93363372270675 0.623248434874088 -2.36121438305177 2.82981601882561 3.56893576634923 -3.06363781859301 1.17922486793012 4.15186229039039 3.75837479363868 -0.94941873873612 1.61698993591494 -4.63973231344644 -3.17887054147884 -0.119261034222619 -2.51243963272655 4.32407770335475
"402" 1.11888272396134 4.12929967919397 3.60526002851012 -1.26931946515176 1.28463588709889 1.40788214255112 3.05110522491044 -1.32316831665678 -4.47604872171412 1.57618547599773 -5.12895205927551 1.36412996074883 -1.6150668783528 -2.26181884629425 -2.03232708629733 0.880499169470393 -1.95700715995159 -2.66558750886742 4.70324855955525 2.94007679670543 -1.04849104876928 2.38331438053529 2.76039323773489 -2.99340637309588 1.35653057178014 4.34446741310639 0.369212592679104 -1.76997130321192 -0.520937395905124 -9.20082653297113 2.34708120475248 -1.63738821908145 -5.70774422425939 -3.11453734641267 -1.55711312246547 1.98813204665101 3.43179276431224 -2.18205650008934 -4.19559081341868 -2.01301713886081 1.13471572775159 -1.99413049042145 1.36899628879398 -5.23723713363095 -2.34370373518276 2.16895647071214 0.43499303634423 3.10486949658968 -1.0011056090825 -1.06804636049313
"403" -2.0701935230382 -2.96771881066877 -1.44183359986992 -4.40575509612281 -4.75322325828541 -5.52440653693204 0.240007693450087 2.20004700862535 2.74470860687643 2.01599567710534 1.1696280431654 -2.83162882582361 5.94721115928762 1.53681624366244 2.63979198377108 -6.19386644402456 -3.79797849025832 -0.803685600342617 -2.17272885048124 -3.30232326765288 2.68203005716533 -2.79539966768149 2.55270368220051 -1.1969049727158 -4.38527307749689 1.04563885708423 0.405086449321274 -1.6335637531458 -3.42789297011384 2.35148597887172 3.14970904256337 0.435005208428965 0.50067596398019 -6.09711465285652 2.61882574607367 -4.29951024437634 -2.80981523152462 3.69142422540712 4.24511769969042 0.105904289645676 -0.188806356508869 -2.4662848026734 3.48224394450924 0.522448592844605 4.39695580946334 0.678591132842504 -4.68396160089394 -0.255079499507466 -2.57419124764044 0.699616463764922
"404" 1.84368181688868 6.59980034165321 -4.14427367716574 2.42424928485288 1.75570768976236 6.84734168743466 -1.07716972134736 2.10031952954158 -0.77063557095264 0.549858731564527 2.92482196689411 -2.68766574687912 -1.03438102132995 -3.7156157885009 -3.47311695810502 0.0616220674884285 1.47155945468797 6.54312221308976 -2.81595591452065 0.381532931488989 -2.50538843204999 -2.70226554342805 4.87354971433125 -3.36365939300757 4.58198425144991 -1.64124432722471 2.73963590549956 1.97089921607391 0.339013390139391 -1.86404310779881 -1.48179458119055 -3.80061505501602 -0.926583916013549 4.42806591596347 2.33779659499483 0.25206679224477 4.81184699202763 0.251984921600311 -0.758804494907778 3.500347048021 -2.23895957656731 5.87861162593516 -1.69358241891794 -3.00958749703647 3.11774785923574 1.7589013089145 -0.250791598663674 2.41761911622716 1.19557147008889 1.10618879242626
"405" -0.526626620582723 0.340895961160097 -3.80672663047986 -1.81344633332751 -2.18146451449763 -3.70456709883549 -0.734361066305165 -0.410279646274364 4.6809212647647 4.77034035090846 -3.84904184682379 -0.234061182060114 0.947796383419925 -2.23953166359978 -1.69075934882286 -3.07118066605397 -3.95517067843578 -4.18440777272907 -2.97770182808744 1.75991161549496 -0.161431081891107 -0.18473792639144 1.3796493106551 -0.236235961746617 -2.88313398846754 -1.72506473371003 2.38578662556826 -2.86907444215394 -1.67912538684835 -1.03974262605033 3.2385720531443 -0.814910007757512 -3.46876644924022 -3.2510959681187 -0.298071430507036 2.90379600540733 -2.3496345861348 3.01314971082427 -5.09074251122545 -0.784831437855192 -2.28764987919337 -0.381256233913218 0.343105984611988 1.95486390687625 0.783554351883086 -6.42475394665883 -2.29853570779328 3.22446691256824 2.48925318788768 -0.852989184136394
"406" 0.589627637543322 2.57333674721641 -0.318538646775598 0.0324493801290748 0.0609538467804495 0.16324914593103 -1.21564310107943 -2.32408368582949 -4.24087087783386 -2.64603589752598 -4.13280564634656 -0.456396323078938 -1.01543880626733 -1.0904714921758 2.3835229961449 -1.47734629455858 -3.33500046482209 -0.139321224876629 1.40017081596078 -0.897317815392304 2.05328877944026 -2.72014485611152 1.00254276874567 2.33648206396561 -0.197316456875198 -4.17280461681914 -5.79935347390706 0.153233041363301 0.860681183303228 0.0442173830566884 2.19623952531376 -1.47783101112928 -2.58029103838158 -5.36804702991973 -0.671294215792965 3.79355965757386 2.45010845160695 6.85065733491482 2.35827288859686 -2.48696557315174 2.55483188813274 -1.19926960688364 1.74182585457452 -2.18538790561654 0.337935999393803 0.429218269735063 2.95390574537331 -4.1669329930699 -3.79514377647864 -0.592696376768932
"407" -1.06293685959894 0.457168582475081 -3.50345323358781 -0.113915203879241 2.64602955377124 -1.40082981200745 -10.0742368023736 -4.71960704136032 2.91527978539216 -2.50194893528267 2.46638507311286 -0.135685375823584 3.15894982819416 2.71574654469618 -0.99751008272649 -4.28924775149521 -8.28643731565226 2.62765822522295 -3.49428392164875 -4.37902166645649 3.11979601627183 2.25429156426136 -3.62591117173598 0.258517474004437 0.206129573905689 -4.28216348689877 1.48869462050481 -2.95963813554198 -2.73635500839399 1.16808144850674 4.80408666816167 3.21983363467444 -1.65687168154474 -0.502997934239069 2.97073473786292 2.13176916665044 -1.36812150103981 -1.61519285794345 5.63064529189323 6.60377734805792 8.23944787749083 1.39326052999174 -2.1120586224472 -0.365642191394818 0.262503000097119 1.58662289958337 -2.61528995106394 -4.43455800102557 -0.450554845764664 -6.04812403628489
"408" 1.47000084106425 2.31149222625927 0.449112910832758 2.12429313067579 5.46159909625017 -1.06294389970012 2.74973765011603 -1.59689968898036 -0.153648879780976 1.57743629176357 -1.0011593532985 3.27704320710294 -5.53179280066565 -2.78966458241265 -4.72695429567146 5.80511002297471 -2.03050897838042 -2.39263347654183 4.79271948773903 2.37328997603929 -2.56334918753364 5.70216006142181 1.18690354358997 1.83611727586026 -4.23063505186153 2.33605079991004 -0.00947876064093011 -1.92316462522316 -5.82378291427828 -3.1569182579644 1.91147683818136 2.49392518690359 -7.73352371196175 -1.96676141471415 -1.41336843700593 -4.90003274008402 3.61212653819103 0.602024762390021 -2.51268667474606 0.170867318328653 -0.658831762196836 -2.5830370744795 0.895447316562162 -1.26870498225312 3.77705973650732 5.83124937810848 3.28353254170588 -4.52186904935153 0.836984760160669 0.683843711628005
"409" 0.394333757791134 2.80846222586542 2.13505002402579 0.822266497665184 2.42449207605401 0.862295507698322 0.0675264101274558 -6.72515714343522 -3.33348662250127 0.610271130248376 1.01228147606272 6.48187902043309 2.12241491476291 2.25177017057074 -1.03225227952325 0.173839318834473 -1.1045947922996 -4.94750659922957 -0.443633949086358 1.8003968423369 0.557212685097868 0.544662725055188 -1.97852608623269 1.36637725762778 -1.47275880858664 0.577234253526273 -1.9563473902033 2.40241612207533 0.746159483937037 4.42346163115243 1.19733023909742 1.86929475878588 1.9106260367398 5.21048258729447 -0.335717381214308 -0.496582549854374 -1.40425570872032 1.0118618772088 -5.15317958796557 -2.48842786034213 1.42791874843579 8.44385195926986 0.066509246822754 -3.15517103389341 5.77842704920543 0.208574295527947 2.29315979538671 0.308763602890512 2.81111424917628 5.90736600463987
"410" 4.12672287285589 -1.13436599456636 1.63171420868151 -3.31625040730266 3.42065853015272 -1.97963706166841 2.43793113192759 4.90499829121033 -3.52601359850985 -1.44552623254775 0.207582446944526 -1.9987660822128 -1.58273627464398 -0.694443731034612 4.13931306552009 0.39769477694688 -2.28177279266593 4.02139289198028 -2.66616074007305 -1.68380891115713 -1.18930333981688 -1.04124204242041 4.77595105214737 -2.80138712401936 3.09223425033764 -0.171582409163343 2.50119370320757 -1.86339433585716 4.36920568833005 -1.90998144678173 -0.813261137314138 -2.7718818642665 2.9995379895954 -3.40192987824448 4.85953924090254 -0.748968153406375 1.07680270395167 7.51005374061528 -4.78952556815752 4.79681661042189 -4.07479488252128 -2.88192762453288 -0.442488456815274 -1.99909684612678 0.628000509608245 -2.24800410894083 -3.05252858108071 0.0208706782763343 -2.90985694362818 -3.67373237759839
"411" 1.8208016210733 4.10406466122162 1.62772872825044 0.709684844244553 -3.00059723909265 0.488740165920381 0.700269939752255 -0.936142032845198 -0.961992486803323 -4.63064723473323 1.9838952222874 1.08863492449425 -2.48496298268883 1.86216195385385 -0.892889467217947 -0.845044744696854 -3.09378081192139 3.62117030018739 -0.0349553203885725 0.0564671185220804 0.801424213216917 1.62869557932772 0.242748593452336 -2.19291646120041 1.23447327917639 1.47574534323948 -0.953754760185351 -1.58832488518493 -0.794810539762834 -1.64067637289691 2.84376711818872 3.65587606618861 0.698678591861677 1.25299808550268 -0.914068486607379 0.443907273092129 -1.96745160872916 -4.10323474356051 1.4893861153679 -0.703685479989269 3.31950061835189 2.39982410954856 4.51240403097538 2.41473776368655 0.563868072977355 1.05234239618409 4.28186368243888 -3.2658197316977 3.00585709877174 2.84262883853782
"412" 1.21888955787293 -3.51527403912994 4.11485424375285 1.91818733888741 -2.18409912005854 2.27356422210896 -6.64592611641882 -0.63500120302908 -1.69461585795274 1.97594511527181 1.467262750452 1.7138753806964 1.40162480932666 -0.514781432524487 -1.39183513930744 -0.831774240636135 -3.24735357126901 -1.78284258302907 4.14325241581485 4.01322290925169 -0.360535859563466 -6.17309905199972 -3.72244378045598 4.66875930028141 0.974124684206264 -6.22833401586932 -2.61664192801959 -4.00369566540948 2.9667338421401 4.3834449773567 0.14723576885528 -0.985591563737498 -3.79566496117897 -4.84571269613636 2.04061701219348 -0.442587301035069 -4.01153679692547 3.99605568107516 -2.03659463051924 4.15042970252809 -3.58689537045957 0.455055706477067 2.31696029760756 0.288534066102674 2.54680360273704 -0.305470713578038 1.9059931981726 -4.2998706029302 -2.3737884416665 -0.117356304921022
"413" 3.07367694756957 3.03364198311609 5.44329557181009 0.893562791860989 -6.61032951283832 5.80138540244008 0.63716233655433 -0.517738773746003 -2.18005903309769 -1.14722810331106 3.99091408525923 -2.56213244067647 -0.138269106217041 0.732053451349197 -1.61036719765362 -2.40546006713565 0.0811830942117076 -2.78462436759719 0.96271601401651 -1.46442727265291 -0.577378857156175 0.386428844787598 0.782941785686934 -1.37453477954384 -0.677243954468335 2.91246161257289 1.56922315508265 -1.68342146777512 0.162068530930171 -0.518246608885275 -3.47765753943556 0.095031242122622 -1.00572897644737 -4.13771732901123 0.370471351141399 -5.28209678846447 0.397342499714048 0.603278337388112 -3.15593020257681 0.34722618241874 -0.381804913777874 -1.78942726983508 2.14338391889735 2.34559316352959 -0.046423374670451 4.4151656427334 -3.91935463551982 2.69138115512766 -0.0252490069144143 0.499971315130484
"414" -4.34189765690642 -2.13508928726846 -0.369312179460138 2.21746110062048 4.60289847761746 6.3877133210407 -2.5019753372403 -1.2339941869231 -3.00902970478745 -2.80916172935275 1.63971391999068 4.82691807781767 -0.344225203006067 -2.48006049686692 3.49933904876959 0.31143178271924 0.722773676058908 -5.4275996238063 -1.49633941628035 0.325917263641166 4.49911060788525 -1.24611420012978 -3.32083025526238 -5.0044110869141 -2.0289938269334 9.47534121783508 1.55358611282968 1.77753217126637 -0.278955084213659 -0.983841418258613 -0.645494974094303 -1.57201853613138 2.52919211741394 3.75004902660424 0.725050016222136 -2.43831065361506 -1.28063099000815 -0.961859981035991 4.09976031201085 4.81948543573501 -1.17227634721554 2.57347873830946 2.9196167350889 -1.8156063792847 4.19547835028579 4.11630230662552 -2.99703220388999 -1.26080823686437 2.63865008098946 -3.20918593271836
"415" -2.32052628104041 -2.14077674034988 4.25296465111619 -3.33552430091201 -0.994550707167589 -2.11019191265793 -0.478288208859882 7.01111749756414 -1.07005172116502 -2.65728781796473 -2.21561427121415 3.18126864965106 -3.10790676910034 -2.02923284581438 -0.779666354882261 -0.667138597417118 -2.63417440944962 1.31220576815461 -4.01225737369077 -0.289467173436893 4.55449090483183 0.520665558798693 0.170942577499825 0.385119296595744 -0.607346004397517 4.65517034532796 -1.98637315284324 -0.152763561862724 0.347040860070709 -0.107238907531875 -2.22621836008972 3.66207244844812 2.52806334617437 -1.32251332142674 0.102482040854806 -4.69609193409698 0.468335497892612 1.75947814021481 -1.91673445847919 -1.57801731588865 3.21923524044576 -3.51530970241849 -2.820269091723 6.0535084413794 1.33791190745846 -3.48405352299951 -0.508377469833616 2.87169669602936 3.2969080317707 -1.82248739124853
"416" 2.98567082546837 2.39097538484685 1.69883236915109 2.69250086381176 -4.24436793406209 0.769056529933115 1.07158387534544 -2.31642411072119 -0.337944996162402 3.18115577169617 -0.408435454300438 -5.2626853919611 -2.76892703556922 -1.91623587303102 -1.26286812617589 3.92117948214294 -0.236847425018177 5.8719398167246 2.26871272907871 -0.735464179343474 -1.44589121541494 6.47693894023309 2.17037093538617 -1.00618902420416 1.50244438654811 -3.04663228952593 -1.79156789001704 -1.5569387544066 4.59276506996707 -1.48475389723006 0.640260055760537 -0.573203177245972 -0.116692042748026 2.56439158631093 -1.97619907249668 0.597494292589653 -0.45641636959285 -0.631030972818456 1.53581094151235 4.676338716393 -1.73801189069458 7.14807060626375 -0.564586949660764 -2.30048187809406 -1.59739477177025 -0.0778058206385144 2.71614717616937 -3.54988888284738 0.866827241647301 -0.839956316494466
"417" -2.13947693681456 0.319681788423088 3.49017065889885 -0.885519274934128 -4.39567036666196 -2.03669323729347 -0.955377836501548 -2.83478180291388 4.09609955490137 3.63499746929302 -1.35605568018202 -1.06237890618771 -2.12049186189421 -0.902222075499984 -0.856393617633746 -3.84919521754349 -4.7032769834591 2.35052370660656 -0.510873702706611 -0.44157452009383 -4.04354496644051 1.24324026821703 0.233889196391673 -4.08846505579198 0.592106777527495 3.05851031638567 2.64379844796351 0.606114542770623 -1.67720291452381 -1.37881273709199 0.0362814084075063 1.73191661242781 1.31473382689132 -2.92706037586339 -2.49656428044219 1.12285315446213 3.57431804671429 -4.07165278520541 2.66682060229117 -3.87955175050946 -1.16845411388098 2.95092765198616 3.04190221927778 0.336504099709117 -2.70423603547679 -3.53997688028133 6.69481732066682 1.3132071073557 -1.02878969250982 2.02186992338293
"418" -2.22461060994319 1.59473472686217 0.213725134613524 2.71851637311248 3.39565095153849 1.79123915392173 3.05905470841765 -0.761031810659722 -0.96691293343836 0.909576054575771 -2.66596288180688 0.586401725344464 2.07744552036253 -3.44125841004567 -2.89463647106514 2.30130912130857 4.51539138245282 -2.43798415274974 2.63896258873904 5.11789839275425 -2.34975138606994 -0.107252380086634 1.57180360848564 1.11315480241309 2.41402790066817 1.89101857159872 0.901800494875911 2.66219984801449 -0.2646270777735 -2.21410126647035 -1.86033653825817 -3.14134541483829 0.251929592807 -8.34635975297697 -0.119672319926202 -6.51970972929222 2.97335678910865 3.36477814810756 3.22245219342111 -0.455609030932465 -0.819103525061815 -1.32820394998351 -2.13793678727999 -0.507320648634151 -0.857089266199894 -7.31436309334767 -0.598522233432074 -1.6475921369451 -3.18728838771097 -0.575595436743294
"419" 0.615945824366755 -1.65900847013055 -1.01656031273556 2.65239706972834 3.24693695377892 -2.40057419273496 0.151732389489865 -0.714028910294732 5.09569385484102 -1.09170922937799 4.62790587219532 1.08023593259645 2.55227885125249 -0.254150262912423 -0.565832240559934 0.208387289822983 -5.17938079829693 -4.61449365978257 -3.54944332842507 1.97787928962468 3.55413940167237 -1.81451845090463 -0.00587364501128601 1.16454793416231 2.17054140572671 1.63608732384907 0.911319197442782 -4.55745036868153 -1.74065324952862 0.434941140922918 4.84572101521692 -2.23258772317335 2.18552290107806 2.36294602729421 -4.22537840418039 0.471601537785348 1.65229092171107 3.36000410714502 0.201193922102102 4.37469209782896 1.20599496986862 -1.64251399388882 -1.42725254547047 -3.73757797673617 6.50784814823596 -5.69189291067069 -3.82601229439717 -0.935362850774572 3.77208842852102 5.72438185004438
"420" -0.4721484789709 1.50297587380685 2.5214550910628 -1.38369471294813 2.71276745619797 -2.59598894629245 -1.81136822810846 2.45001941158675 2.47703553986551 -4.52356887956487 -2.67680162235952 0.910467827475535 -3.05482183954875 1.11268430957312 -1.2768327180782 1.73059724620069 3.30060345051462 -1.58777990966636 2.38020098539435 5.10001204284506 2.77653936104806 -0.33501927201988 0.579463065641119 -1.44788591946332 -0.493269244651127 -2.0556324843417 2.32459030928515 -3.76988786307888 -0.779144051666528 1.71539185634499 -3.94235976025203 -0.412729339863912 -2.06992184013252 -2.76513097954009 0.571123997404861 1.82171661098968 2.40733707412149 1.90281574327317 -2.10388094388751 -0.806383679847612 0.900586841284402 -2.26091491246433 -8.23381026936218 -1.43018014770928 2.80302486899422 -1.99818777700345 1.42797264850318 -0.00837275800047769 0.322485950539177 2.56113534275058
"421" 2.06731556281681 -4.06572383421904 3.88220531904301 -0.0439514987669025 -0.19457956094581 -3.14303603426866 1.55370657681778 5.30345580452271 2.67482067033981 5.63784507786564 -5.04574456986735 2.90378107318556 -4.21140367082405 0.342142414837128 -0.440988088615729 -2.7088342720026 -1.67707692553551 4.6250717659626 3.6029719695261 -1.90377245600873 -6.30808332426156 0.551348735488194 1.36095779366804 -1.57006032157286 -2.92910914362117 5.01972903704346 0.795250884787625 1.58450015529833 -0.246564826427378 3.48244192274471 -0.669576045982171 4.92043036655003 4.91791108522621 -3.50358227883422 2.42848245310372 -6.0522162477581 -2.57875441692117 1.54209881067366 -5.84260570258538 -3.43197180143985 4.38442228995135 3.69341640611414 -1.55624694001835 0.010873605551774 -3.53241878489262 -4.42213626551303 -4.12567047661069 -6.89371793713265 3.07623119226219 0.573551325885082
"422" 1.26760170507262 -7.81027295623425 0.692052414898663 -1.21687113499327 -5.70047950851611 -3.71652928144596 1.00311303059609 0.0848074789353798 0.675720334833713 1.02095610135064 -1.92047421481171 -0.396417943014217 3.80296338480769 4.4638305800759 0.443458448125617 3.96478197458022 -0.46782772545272 0.512249566697327 -5.61427906230681 3.88987570827416 2.71260200981545 0.36907393542611 3.77025417821829 -1.9325586183253 1.40230806472669 -3.22864222415747 -3.33585825926515 2.96790647679087 -1.2265224718879 -4.10141608270782 -0.671358980124987 -2.38593824703057 -2.51029896533315 -1.62997775754138 -2.72936888062486 -0.269714436537362 5.18782318324003 -2.44318667552417 -4.88880728572122 -0.689833373902671 -2.38544297311303 -3.87958629248823 0.636434118592011 -2.05506243916471 -5.82895010210591 -4.07950519422317 -2.3560813199287 1.42450968301365 3.05339181311323 -0.598768492209825
"423" 2.87661062529892 -0.209285237745953 -1.1680858239957 -3.96880124608758 0.76219497053095 2.03605969115856 -0.453083367519234 -2.32054740432646 -5.9634173980325 0.816849242447702 -2.84473713067042 2.06388620851185 5.4111493980408 -0.822390982083076 -1.82365306311969 -0.334707903646543 -1.41032125716109 -3.68845465580057 2.44995629114439 3.24681170693724 4.08191868270182 0.812222212224015 0.617339351088895 -3.44815608703159 -0.0672060520587599 0.856137789290557 -0.602331053771087 -0.295022433764119 -0.37386446526431 -3.68025391498313 1.42318046655356 1.51410045729982 -1.66944054857982 -5.28742699533987 0.0923187680963891 1.13423820746861 1.87407757752218 -5.9699857267416 -0.131835370349084 -2.07654064005601 2.4881418662827 -2.41329383224958 3.35955477395676 -5.97472373829539 2.140625449739 4.65345816904048 6.12018198978391 -3.25900708679942 0.408021095205926 -1.01504581637303
"424" 1.49222750429436 -5.18162269356836 2.68218854301301 3.14860445867055 -2.9181224766334 -4.39647993365226 -3.21357671623126 -0.847298025953836 1.11427173659088 2.2047870313064 -4.0758590783493 -1.58446817791503 1.53422387164463 1.68347585508768 -2.80612295541685 0.254317109912931 2.80412914167666 -0.362109108402092 -0.632750792071283 1.51034432398184 0.538631018584844 0.128468289552018 0.529703182611988 3.30659628486219 -4.0802751065108 0.284134366895669 3.71081099169873 1.15116421434514 -4.93273195817985 1.91868325658545 -0.206429960631877 -0.729970878635603 4.1552537812858 -0.876870140126148 4.61184589962162 -2.43376641259319 -5.04428158748764 -4.09404573788568 0.522757945342629 -5.60609413500667 0.27643148150181 3.30390052272759 -1.60673393195124 3.98490932007193 1.09322261587317 1.8470260931099 -3.12879432312065 4.92335701544017 -1.56419777715144 0.524882128492962
"425" -2.83759172018725 -4.03085621663858 3.75726778730786 -1.65207241044314 -3.38604833029498 -6.10625672974844 0.666809002308555 2.87089016362345 -0.494883326886029 -0.520673080600007 1.70564572424543 -0.550131066702113 6.83639411784026 3.41092301846025 -2.19082177670453 -0.737486249890925 4.2610205688411 -0.481788629004888 -5.46561133533472 4.45158151782005 -0.553976875020255 -4.36771954658725 1.06244527606149 3.7799564514653 -5.84172824680246 0.712158671059652 3.75709190874967 1.56970473807444 -5.15878252242383 4.50852208281693 0.575795051362589 -3.23828335922344 -2.77021366695015 0.127734290337356 2.90950319054219 -5.71006961379961 -1.45346142983568 -0.786496655668039 1.45628878521576 1.62652727779419 0.241796242347288 -1.46505802931955 2.06058180461874 6.08096922339962 1.79224615757581 3.58472514236607 -4.88950539639577 -3.92513389549432 -0.737880110136249 1.21605583953576
"426" 0.502021319651688 6.71720545719003 -6.388798285951 0.00737149246443523 0.360628757916978 -5.08206467724654 4.20841284966103 -3.10712365083948 -2.35611525210389 -3.66413331318346 -2.22116211241656 -0.851673373802602 -2.28243172191876 -7.26010005868056 -1.78805213891553 2.34524763039717 -0.578436951584098 1.61951134470874 2.46379767853893 -4.62168726621774 -1.21269699957364 -2.783360068071 -2.01574772927254 2.36627460560734 -0.858909368328449 0.871925432102227 -0.655215183261843 -5.27665911333643 -4.49879060417074 -4.31652428069702 -4.45558376221715 3.93847373338754 0.0644194825831472 2.18388764020417 2.53241787365244 5.78318029632189 3.08045932855946 -4.44144641992714 2.3464908005321 0.701138526588962 0.453146919900355 0.336576780232661 1.31025925251146 0.955972519990896 0.185746121607768 -2.81632356791155 -2.05324962908982 3.10516618770646 0.427262860802304 -1.02527527350842
"427" -4.61395315187987 6.51049207171213 -2.76846199145622 -3.17317861171715 -3.34887065665631 0.281805520214935 -3.68374458554834 -5.02683205104272 -0.806544485443358 -4.07007512925374 -4.30505512282857 2.60021717161801 -0.839731918906893 -0.227372082711419 -1.07008923963043 1.20177396941177 -1.04821630661267 2.02719304291103 -4.50935600590307 3.89365424977173 1.73643176603089 -0.200638020438805 -5.41967176894589 -1.06929288879937 3.4459185533034 -0.407186690801991 0.927903002956675 -4.65416339246382 -3.90121848007043 -2.64135802559633 -1.60096767388686 -3.39942547376198 3.74141895532614 2.28359665266037 0.361131340540249 3.86372723583266 0.456841043011123 0.256357765148803 -4.42630983963024 -1.08571334897821 -0.142792742328478 1.13782195183604 1.8490769138233 -4.6044632449626 -0.116743997461028 -2.69965473041456 3.31174288051648 -1.75937422336335 -0.657332820663984 4.74730836562267
"428" -3.47383989758367 -6.0714558139932 -2.99024907392483 -0.889829135896945 -0.931070153901405 -1.6023652151654 0.0871578940832885 4.5150131167104 7.4707652613594 5.67620720281736 -0.295821588002178 3.06723758383979 -1.49229499907493 3.94163581441553 3.46972765920178 -2.56524426059528 0.751460560965305 1.58282980873078 2.76529257148402 2.09150190590735 -3.90866546745824 -4.70036123934263 -1.84835326905438 1.94867446139074 2.71308982316767 -2.01916228927443 3.89564886862503 -1.25914761462511 4.15432430704168 4.29398902710531 1.19245897292954 -2.54229096512013 1.10162493158092 2.71852778688525 -5.65436342647442 5.98062411329842 1.90488673065922 -2.50412858941899 -1.4729545825566 7.49329040768103 -2.96184879296886 2.97289050600043 -4.00393711362499 -2.75102702957257 -1.12512817555875 -1.51360170893794 1.45150431035872 -2.23895000378061 3.52219702000947 -2.18887978854013
"429" 2.22109867626974 -9.08959259083101 1.96669848433561 -0.982771929727255 2.86748611049811 0.680316372431761 -0.215895134087061 4.22187684137575 4.5576723690013 -0.0527097469270044 -3.20920920475274 1.75070855156175 -3.09606654193512 4.74422213891458 1.11490301820278 -1.06492801838537 0.972481630969222 0.0221321275436657 2.71900029158182 2.43758730540833 -1.59894345909034 2.41403326196509 -1.47297429658853 -0.311977621604982 0.965807999243263 -1.73629804448017 5.86537288802063 2.50628798700488 -2.91195559843638 -2.33855936179377 -4.58038033266988 -2.01236783923693 1.87647131953728 0.947083216225032 2.82452187962147 3.72141325701756 2.40934139030457 2.69929023522555 0.391150039866302 -5.3005867368257 -8.02699548985304 0.96400511509706 2.80933445326385 1.72555453336915 2.00277905061511 -1.20928819335249 -2.46703924792675 4.6990347878745 -5.12171921826823 2.26658970372881
"430" 4.2462346020921 -0.978393428107073 2.53979701830288 0.566925785867518 2.95481185144164 3.37537023559651 3.63311523195669 -0.146733658327613 3.66046958569222 2.99405097363856 5.44699200069837 -2.64556879431922 3.34938211168526 2.06891851452178 -4.96123200583428 0.194625283682885 1.70544210688519 1.76028839049905 1.51324749969246 4.60389829757228 -3.27879522966253 2.60129791542697 3.85526562984599 1.42257386446425 -2.20270752566018 1.75566190464817 2.31841298705109 0.558838032967 0.477379338684401 -1.83728214848145 -3.58711610566053 -5.33231969188944 -3.24484729593775 -0.993522859409981 -0.531529116827052 -1.54898522963697 -0.0764509768640568 -8.47512195883757 -0.961665596662242 2.51845630691356 0.859947842256611 1.3282305004735 -1.36104298748999 -6.00662546182678 -5.39820843880262 0.683536237113699 0.67887132350109 0.443007097186046 6.25154230850044 -5.08676448124497
"431" -5.05235629770044 1.70858474629535 0.789616278296618 2.12087533824811 0.916404872889777 3.59670426000057 2.67489639111352 -0.433572731052716 -0.597965826144184 3.06037378350521 -2.30214126862787 5.73659773033484 -1.25103837358823 -1.46828236155316 4.4642639017119 -3.82741519111635 6.01672313303381 0.118396862182584 3.63791579256648 5.67284530129166 -2.9273599131055 2.9484003906415 -0.421324469601743 -3.10496861991265 3.02524543899468 -0.290290745647844 11.3804019764764 -3.97123665661263 -2.75809152258487 2.98191468262176 -2.11854189886561 -3.28751620902927 -6.75910504647155 2.38734126881768 -2.82213280822622 0.479056613150287 -0.867429709532897 3.39257597433697 1.42213122357206 -1.21909694541083 1.03100290650069 2.76114616399182 -4.57308890569754 1.19100604086729 4.01108365420468 1.34948617327949 1.60177611111817 -3.53335074188297 -2.45585349111582 0.0533661535085706
"432" 3.56570369889946 -1.36981839543491 1.18678693989911 1.36565712578261 -1.50454121808826 4.79311492681562 -0.604158550144117 -2.01325775228781 -2.09252866148384 2.64895025883349 3.94903228460704 -2.89587687518927 0.33350690124481 -1.36970580150232 -2.04605145609495 -1.38114918420468 -2.05068719060473 0.814317474037385 2.79557312703225 -1.0909844755509 2.05216562757977 2.1912932177244 -2.70820284182137 -2.72245234502235 -1.49391476911733 3.7643956802441 -4.32495769168967 1.69399408215956 2.03859675937154 0.00570989211682139 -6.01226299010358 3.1017567430737 0.0743623658544372 -4.16429479871136 1.58751925142274 -2.36692090411016 -2.95991502144602 2.1359315066365 -0.336874854942398 -2.2661750707122 -1.22616802790618 1.42705814513988 5.69479547506327 4.69199095982567 2.15379742671135 -0.898760723095267 -5.5729379030307 4.20426380663066 -3.3238480060261 1.14042471952945
"433" -4.17069948363568 0.865616784067395 -0.94394092861905 2.72827381127788 1.26591965192065 -1.58180249421862 4.04731270722217 -5.5440190632317 -3.02338645793181 3.07615472549453 1.26474051276574 -3.32713883049336 0.166785797135814 -1.23910571078142 1.29908920162931 2.52511376444244 -0.703283888225897 2.88793076778343 0.201060267570194 -2.91245964359372 -0.630883206046527 4.07590472039114 4.86165854678218 -5.77402242506079 -3.05941643811262 3.651722464899 0.491480654621224 -1.36454345349744 1.8599831102688 -2.00196346482509 5.8898030912697 -2.10612871091992 -0.387619628353471 2.92058846343929 -2.55772492674471 -0.306497337527721 2.51058384154696 2.59772244961573 2.68626088507139 -0.0771886881033835 -1.32581746417172 1.55351483981248 -1.61607028854049 -1.16410634330437 4.04284606899811 -3.16013668828265 5.5606898830522 2.42093906418629 -2.69166288397477 -2.09174093565293
"434" -1.01580635060123 4.4017834801865 2.45897578439119 -2.26485614010712 -5.23557824791182 3.36757597718333 3.50255611793553 -0.324209153436447 -1.14282550261343 5.58869143983321 2.77697377002969 -0.773606473526905 0.974544969360954 1.16810000018013 -4.87671156530354 -0.944213267024127 -4.34102038614101 0.404440529800634 0.118930031717616 4.09382041702286 -0.105749268857578 -0.518191291823483 0.0798029088109143 -0.98088547971798 1.55090397633894 0.705416876344386 -2.38402826172479 1.16004729598919 -1.89244367107557 -1.08902928871765 1.79984162967426 -1.75203585206866 1.00781298453152 2.96074403953934 1.01529602813613 3.35017204171945 1.67647015062537 -1.29117841579097 0.720103211641274 -0.430678277547464 0.429077291952083 -3.28239134559322 -0.823942227049271 -3.5599737197974 0.696264486066649 0.72890598446609 -6.95208034499736 4.92448192167985 -3.73703638577891 -1.22583686868412
"435" -4.57567549404317 1.29058231612472 1.70803095916585 6.87316074461812 1.11420395330645 4.62332293560908 -10.0305344969601 -5.19891640855265 2.31756002504068 -0.786385532034264 -2.46666844566443 1.7017293340515 2.42802600901632 -2.03898597447119 -2.54516049044395 5.10761070322045 0.317919092092761 -0.44457351161617 -3.93774246715219 1.82321007665222 -1.76726724963126 0.87827095392636 1.9713729454594 2.23149495385114 -6.55039685010826 6.67256878281255 1.41016872783717 -2.10662721427391 0.0983934095574971 4.59069748542534 1.72549756606911 1.10154374817537 -0.841680545702014 -0.927010529280331 1.30410226326589 -0.364526419948189 -1.40971359029645 0.228052866781873 3.02651127406216 0.434041822003827 2.96471420870183 4.59338933312362 0.113771330148124 4.62911357063108 2.69621817365588 -1.0083332007482 4.52266360630053 0.299888080565806 2.8289234851473 -2.79375845459552
"436" -3.04959831607611 2.90440901930497 -2.9741003283122 -1.87976000228173 -1.32441044051501 5.51214904328791 0.866382525863442 -5.14944422968054 -1.32684702666174 2.10235724893025 -1.3285724945913 -1.53588850691276 -0.0380423617440111 2.73127994194209 -0.199146810407046 5.76937274927039 2.97691889278449 -0.316108036854132 -1.12449000333347 0.792900462103179 -0.92642564940654 0.92883208164739 0.878650655365686 -0.812846911147531 -1.12627845546754 0.350748330914964 -1.13998440372657 2.16874233976408 0.692573372554606 -3.24683098856905 0.905416819762505 0.826568280174001 -1.59367409591129 3.81430301284326 1.376020224592 2.93352853287914 1.02748118285773 -2.3226380481799 4.10801100710077 -2.83336184364013 0.885068835307491 0.782319268831585 -4.95904905980067 3.51200691919989 -3.01992750342935 -0.324303280664022 4.43722309788494 2.10959692637064 -1.91522362668822 -3.565105351599
"437" -0.0166403973843667 0.562724602755247 4.19708259572003 -0.83925959731634 -4.60838272732499 0.753390754089374 0.967662142261985 -2.1129100571959 -2.65766609180324 0.186556833231746 1.35525084453817 -0.832914052410183 1.63584416027356 -2.18801322247722 -3.16498610790662 -2.16523865117687 -2.27893034424552 4.58335895664621 1.41647937632985 -0.0253397018138019 -3.84254946730834 3.91167367390469 -0.796265261198117 -0.939325854959109 3.23390955964499 0.73435565744779 1.69702436128178 -8.05084569722992 0.253330994518625 1.81579705362927 1.01797044193253 -0.176227082827634 0.070982140208736 -0.57183586783446 0.0932082926435753 1.87735458913193 -1.00000922879133 0.223792791790584 -0.0385712139942957 2.8614890642332 3.5457495605395 -2.19871732758938 -2.68844113140113 -4.54666918397459 -2.61955903266007 1.78694348494372 -4.56467938635684 -0.670305458070557 -1.18844164604305 4.0638965043117
"438" -2.88798483436434 1.32899881511365 -3.0732312990979 -5.39472859522019 -5.33235900863525 4.112779960426 -5.34859007884288 -3.01362703288141 1.11162872939861 -2.27766438182541 -3.4339691717357 -0.709850846103602 3.38748600066813 1.87390975925779 -2.00375420362542 -5.26705461450837 0.419569707244088 4.19546266079949 0.371820354388431 3.62798276501376 1.85562769924107 3.38572110540132 -1.12241565534606 2.60153558700631 -1.2953657349081 2.59081017471091 -2.33710493688154 -1.80810207073687 1.05757858084856 -1.1781177114781 3.2452601395721 -0.0313683048966928 2.90356192019307 2.9842214680588 -3.29189288131553 0.0107791244482823 0.221725669608522 -3.63934823008929 1.65255331571416 0.333644942359484 -1.8340290142207 -0.600493062946466 2.2925474088102 0.826488802379985 -1.1792795846817 -0.649853564163725 -2.24792271316513 -3.58425887998791 -4.55980378836151 3.90431581332467
"439" -5.93484566735976 0.227235386876359 1.11731756392269 3.60754248537278 -0.0281566946000637 -4.97033944708901 3.65193387418516 -0.614852071784728 -1.19167611763146 -0.512342453858856 0.250898285649047 0.825942066211675 -1.73241650322608 -4.65032046692679 4.16139012197603 2.42067982747918 2.9845519177592 -0.119757630147149 -1.92897519458272 -3.51947777958809 4.41619055594818 -0.560332414070365 -3.7362087069469 -2.88081039517742 -0.34639280354305 -0.561666222155566 2.06279268624474 -1.70292034491716 -0.695407624654469 5.62222193575764 -7.54344782200149 -4.81707762182985 2.87835445271882 -1.87748426459648 -0.861303376550687 5.64509498711345 1.20139340227484 2.35181154430443 -2.63984672858854 -1.65516870794272 -1.06785590802719 -5.61128754391391 -5.32016672879659 -1.89163462021091 -7.92915033481952 -0.92835404930753 2.73856952375956 -1.37514043892664 -1.76794044860617 -5.45693814164119
"440" -5.56391242341296 4.26308119819138 1.53510806673217 -1.8269933346628 -3.60795009932482 0.497974741290389 -2.77623533760426 -1.46970853907353 -0.528272779352128 -3.22843440792406 8.22704872621131 -4.44476190181689 1.82888064813109 3.74917695281847 3.66639327161547 0.747603117517538 -0.425781009935602 3.23959199793263 -2.01016812588785 -0.317717343406909 2.63066484200633 0.25885124411798 3.80859846172221 -4.53347440596949 -4.39952135552941 0.490282287460381 -0.987779657032235 -0.167372217374765 1.4960521520888 3.59273005190196 2.31097398630431 -2.95495535368031 0.795577496690237 2.37812210323289 3.51753452410954 -1.98625566754086 -2.23447433079191 -0.538325677679242 4.34471183674513 1.77306974582451 -0.317050662781593 1.80779932253665 -1.57162318858951 -1.79374367452386 -4.49987774696429 3.57013061408636 -2.08087604994046 0.303895713120194 -2.32298486708896 1.79419556965736
"441" 0.845540326314046 0.767631077927365 -0.647259426019477 0.633713973414299 -0.668527421361607 -3.82400401664481 -3.04663580342072 -0.62421692032055 -0.318645294469511 3.83457496722172 2.05641580829405 -0.773160394287988 2.25180170297164 -0.0616177909532892 -4.1121116735605 0.304006560162597 0.474917094354666 5.82210031066766 -4.01222659738973 -2.92100208254836 2.33798564963551 -1.25214566769713 1.8688864180723 -2.67535338261238 2.40438984006302 -5.65036233758765 -0.123036804291769 -0.475798366659652 -4.60446695090532 0.144188418942797 2.13644197033359 -2.66858256512829 3.70594124554345 4.37015863800563 1.8627533306001 2.09583143800927 1.42689031090785 -5.72387293411045 6.94230307307723 -2.08807515236878 0.805822264038435 3.41107266215198 -1.67014933544815 -0.140764287115865 -1.03349066223703 6.4391999264729 1.52468677805599 2.00375199145982 -2.69982246532893 0.470697457236443
"442" -0.912090381825513 1.74694823772403 -0.181444959031536 -0.401920239946137 -0.719173986417213 4.43934124946585 -0.174161430591259 1.89168774559919 -0.849586960053032 2.73434791313552 1.3687268798556 2.87390341650012 -0.520934716472803 0.968315493924522 2.44705289666159 0.684417563691219 0.330289640205058 -2.91866441750108 -1.29057428346301 -1.03879046410934 1.10762820410915 -6.46057731756698 -4.4848321014154 -1.72246826507627 -0.429824620888546 1.8497118818982 1.45023790744988 2.32137862201785 4.14627499174987 -1.03065530523886 -0.0305097726129627 -5.93206438892922 -5.23861325880513 3.22678729313818 -4.001653542494 -0.248944160789634 -1.12427477554403 1.13815980502261 -3.10597630363262 -2.50150387692706 -4.84105675749254 -0.989128507668485 -3.7307308149334 -0.872679160332327 -1.91474742359246 6.8328812871538 1.64796677832938 -3.94677036000427 -4.7851157066466 -0.0696426123311346
"443" -0.608676492591698 2.67711524212108 -0.415806210405447 0.883858691344739 -0.0810708782462611 1.25102291142245 2.35039369892013 7.003108013376 3.68337780994506 4.11680692960235 3.86538918844825 -1.54262493385259 0.0467330939863488 -1.82672805047527 1.43586643385477 -4.06964662248944 1.53869039176629 0.254337400884855 0.923944146616792 3.29844059129309 -5.17297918135038 2.93216320543952 -0.370682239495871 -1.26611939010485 0.133698028054659 2.06170548944316 2.65266893089069 5.94047750517907 2.30482822246784 5.16525683187582 1.67032479640167 4.32086664821814 1.5784193259397 0.413905257652772 -3.22656975640429 0.136624372012592 -0.616595290703438 -0.496202271090775 2.39176340996924 2.13371197749768 1.07581269636511 3.45920278690938 0.864721643336806 3.12646617096131 2.49695790274476 -3.9008211840135 0.693982789395701 4.26403745527533 1.2516762770981 -3.0183087108136
"444" -6.25632291684634 2.6219766286886 0.470693665850328 -0.398757145187997 -0.20367954691892 0.416878571340206 1.2871058665021 2.64629243859547 2.45638414389831 1.51234121766341 2.08221705464999 2.06937835777583 0.37230287624518 -1.26075176462875 -0.212949191762592 -3.05106575574305 3.00466856370612 -2.96312438403956 0.387001860199776 1.33784970456754 -5.10110110253005 -6.29366451799157 1.79491364688166 0.663096106097748 -2.94982286583793 1.98845712647411 -3.18967485702563 3.71250630770927 4.60360672736353 2.14095003395081 1.78403772079057 -2.71475167678483 -1.21380388937869 5.38936698318126 2.84641404261346 3.67620214175092 -2.66020661128437 0.862937858018194 0.739329647849587 0.0988445712377556 2.65677667498402 8.54319591923434 1.98871626328414 -5.42543402084454 5.50212960206295 5.33425460324934 3.82950150185248 1.16457845524704 2.74630168601996 1.30942271132473
"445" 1.83049383046964 -4.31744517513916 0.33606000269732 -1.64994411375628 -5.99401586767743 -0.711877692092625 -3.06386935969137 -4.78320658950963 -0.0924493449155556 0.494996688369871 -0.710951554988717 -3.66574760210967 3.49101632247407 -1.31974557368208 0.862187564466943 1.07863989098738 -2.99007930976138 1.75732614243742 -4.68765130841811 -1.50254004220308 -2.33836554358736 -0.528303209006085 3.93504189027841 1.42534729785057 -0.46792375062255 3.17156118588681 0.487945086057129 0.807702372331105 2.69198869418463 -1.36388894745408 0.0727625798325432 -3.25480285116034 1.26850540403923 -4.36351172694511 6.30676169062273 0.917655957468008 -4.51815135607181 0.841252348932936 -1.0237728610501 2.48801683408499 -2.52415141875691 1.14812340927871 2.03876880818288 0.264440606788328 -9.15469817625721 -1.75179070029431 -1.92287662512163 -3.79656014785306 3.57591264881025 0.212439784811137
"446" 0.781938364596881 1.74543359243657 4.04453249547961 0.413284611085432 -2.35277138115411 -0.0170695651003196 -3.42689749720656 -1.90473685879646 -4.58572959422751 -3.09964623110035 -3.13742071027056 4.55944674043691 -7.0710464970709 -6.70459652271124 1.27760466402417 1.92124343554089 -0.261347018611686 2.48897764268293 0.246474014619538 -0.872110218397138 3.24163967250617 1.38117960427968 -3.57986717223562 0.63127149130313 -3.28504483228886 -1.85805316195242 0.322969855673602 -4.49297426717501 -5.16769776965774 3.98188774257776 -4.96470277880355 -3.03699639348007 -2.56273665681471 0.691290653863841 4.08950768854384 -0.548227702983978 -1.3306971784505 4.38988789308467 -2.98651127140304 -1.08813045621267 -2.08048071655024 3.61551196604352 2.39499100943763 2.32426790655518 0.712412995185307 1.72627625970329 -2.88687187462196 -0.0719757746725235 1.14556513972833 2.50137358900766
"447" -0.793382974121666 -1.04077503255219 -3.23591604420367 1.78648475447273 -1.28936203960007 2.72822968546092 -1.21835308811005 -0.974120772584499 4.86288557031975 2.55071150820795 3.60226746100417 -5.01545800707033 0.559630814130065 1.60555263729383 0.319446330802926 -0.182451315406848 -1.48904209707261 2.5503424871832 2.30073594635937 2.76138719333029 2.88785570105455 0.0925726809564458 0.359674392780013 -1.00068921061283 -3.30883943786281 -2.76601568113592 -0.948496192984237 -1.42767382350463 2.51294310633565 1.12635231002189 -4.10458112288238 -1.77307354771676 -1.97868892409735 -0.996241303607876 1.16202397238862 0.222818701331095 0.520038087053372 1.15305889164239 0.757610131724898 6.16523599179502 -2.16800294272224 3.91055964320773 2.99824981218885 1.23901443269198 3.68449527405388 5.12834963384591 0.186653565632736 5.58930069204529 2.49204099820099 1.45290520767825
"448" -1.92096140076986 -3.20898156945669 6.06690763228936 0.358583488348298 2.29547464079617 -2.2019474235626 -3.48226781531518 1.71365660803213 0.0746531544050996 -0.693935135115362 0.51336232249856 1.73181201900234 -4.65634798016405 0.193348972037876 1.8892968547465 -1.5226996326015 -3.67086972164571 3.59484305124708 6.72062201015769 -2.20428258765664 -3.48239359981459 2.37579760708537 1.00397475251287 -1.45946368548909 3.0115847032505 -2.00480866550413 -2.0327493566515 -1.89732771394997 0.840790382477503 -0.0157478440233522 1.50513748124751 2.26690655357442 -0.160249460112175 -1.78744479718329 -0.775348481656592 -1.01535508516564 -0.375865001977887 4.35591796606007 0.0788816527405213 -0.391623979163937 3.24594104275646 1.00655370672126 -0.63240075430567 -0.610104795857637 -3.09706601794524 -5.61101003495231 -3.63209643302722 -2.3169751753133 2.72298019706701 2.16063932754443
"449" -1.50922790180336 1.93341829877206 -3.89198493586677 -1.93356304476568 3.40806193787503 -1.82812663922305 0.266491563494109 3.98112897672283 -1.91969957076895 -1.21797999195169 -2.21506449954839 -1.49619865108617 -0.00198535912724755 -2.30802004423171 -1.08541901647095 2.40429340654659 2.84130526489967 0.393894454179746 2.05910371955972 0.395910375951304 1.80903441524476 0.331541699714319 2.29417619642509 2.6562463440211 0.473704512546281 -4.23167575396175 3.63634052890746 -4.48417342977775 -1.45119507517679 4.72806004345023 -0.6985882832482 0.629629423013154 1.28044290026716 -2.51754876092596 5.0124993921517 5.10954644173406 1.36712749330869 4.7440690956371 5.10536321608843 1.20683336986523 3.32804422629191 0.387256778249062 3.79043958723247 8.12962915856123 2.87142194883028 0.152195563854729 -0.945879137373209 -1.10058636630228 -1.48871668210357 6.16278250119098
"450" -0.287625796099404 2.29756263024733 -1.91561636106083 -1.16317705503108 0.540285136718188 -1.06283629842379 2.59533268737181 -2.32668606864753 4.096592387081 3.0696784759478 -2.94167450637795 2.73445167234284 -4.33405001685285 1.23676265331762 2.87269595483008 -0.158591280240225 0.86021554676881 -1.29757851833399 -2.91589535330453 1.94495645293939 -4.65867159335764 -4.05641583072423 -1.65842285520752 -2.19133663502787 2.1415933559064 -1.95359879821317 2.15373867642086 -1.13170080351181 2.12897291291954 4.71267944595968 4.64404707578178 -3.7621403418048 -1.60027465843911 4.15271066356564 -0.97043114705945 2.69723280189793 -4.23795231436866 1.61113333628805 4.31963529827817 1.5864570048679 -1.09612907823923 -4.44119443193812 0.043774239005023 0.784003524365138 1.98006773857867 1.92081964275795 -1.20523113131594 0.807145969077051 -0.789967811889886 -3.93784072597639
"451" -1.09570668621092 -0.536459240492375 -7.00226597151975 0.98868579407578 4.40000188987088 3.07234809951944 -1.05737474185066 -3.89220845187958 -3.3466724522302 4.77983409089092 6.12862966885369 -4.94614048881004 -1.74624787395217 -2.52789097235405 3.18992177566676 3.88602451956336 -4.34246875766706 -2.84178299039841 4.98410921178862 -2.27892970812841 3.63980298756608 5.31111131616615 -5.16645016678481 -0.812164142606203 -7.77719713345318 -1.89516884223196 -7.13559192645366 -2.09832203652473 2.83252685269115 4.44427588887802 2.46284057908485 1.2510531805898 1.99561458419082 -2.71600787846747 -0.726262242217141 3.27256194553881 -5.82405214169603 7.05373803976466 -0.006632689859394 -0.58017415304471 -0.449712173032737 3.17514117063925 -3.36698812074756 0.113699928632008 1.04194259263408 -4.31332198163575 -3.20476690022425 1.25732371650462 -2.76919077022608 -1.04397047375203
"452" -0.748667102597227 -4.35155668003991 -3.16648085626701 -0.154524179738807 3.44145332205764 -0.0886517308893556 -0.54442803743129 1.62228962490887 1.56220327105247 -2.23480053220207 -4.19148441556087 0.590041176058389 -6.18813534726897 -2.03665908816775 1.15334269977564 3.41239911454344 3.7939001577062 -1.54847571219469 5.00561232470306 2.59478623142764 0.88139060789643 3.98432886945004 -0.39357273568578 -1.51689480584793 1.98891853159787 -0.413781652735985 -3.36074288901 -2.76401610940277 0.920927285212701 -3.42646685667818 -2.00246431137059 -3.70024359901337 -5.12952400961687 1.66926618518733 -3.0469999933501 0.202723416354365 -2.65051621580253 -0.746954026091258 -0.991700558728127 -6.69106279536634 1.39226757162425 5.47152123317557 -3.16968810909224 2.58030905222772 -4.83681684937284 -5.85426163524687 3.96859520491849 -1.99738652880362 -2.47504863646572 -4.19425283683766
"453" -0.656797862956963 6.54178508464154 -2.07546218146926 1.40879694969056 0.819151339953377 5.67002939362424 -0.0752757009556946 -5.70287046949438 -3.1834432085793 2.1638941346534 -2.59197938131875 -2.34611114241331 -0.0427190243591951 -3.74142474608168 -2.45344704172694 -0.366682836236837 1.66995176094413 -1.40403659196946 -0.765359431647834 0.269840095406882 -0.297691198316881 3.10202949692667 -3.47194265509009 2.97627186411351 1.46961652211277 -0.441670010739808 0.229294810767858 0.221915796061733 3.1019636902184 0.492971314174169 2.87668094331387 -0.696182773106969 3.56309965989578 7.84602569802715 -1.57335417627445 0.164356844718104 -6.22049879724341 -0.61427830044563 -1.25127073192143 -0.586141131096594 -1.51607489806733 1.44798923686762 0.685015052027965 2.48383398489027 2.78178126742032 5.58692929296696 -1.57392085581098 3.70367319951106 0.014962433347642 -1.04115124436317
"454" -1.39784368058401 -0.238396292562003 2.70652665221278 3.72952594673526 1.83557403915092 -3.43780727095875 -1.34502309451911 -4.97230232973557 -3.40972163415094 -0.22785619973535 0.284226412045923 -3.37120010426924 0.308839721412513 -5.6539597442794 -0.940211537325356 -0.440885343773904 -1.23535589138629 2.08739694087893 3.54963865894031 -2.26627332844149 -6.95580154223264 4.23388049516851 1.99743172440015 3.67207922353249 -4.56816057307443 6.772447847978 -0.0540581880857335 0.780250666714963 5.86154980696637 0.940698401450374 5.32792972896697 -1.63892788062352 -0.293718125148553 4.79256478619343 0.973484842846361 2.3191924610255 -5.02671628716925 -2.63506559612087 0.449955273322234 3.9344497228399 -0.946568657381002 -2.44813909316918 -1.66224480584848 1.51558091183613 -5.43900109019993 -2.29543590702589 -1.71702521751394 2.87506461068758 2.93954638561886 -2.10482849429599
"455" -3.13102075591332 -0.0347819898386968 0.81453637156186 -0.320712441927672 5.59557582284274 -0.0224708738633238 -0.97520303757948 2.02535164124089 -1.66581506970432 -7.27908906705064 -0.696629313106588 1.03094277732912 -1.71925722431932 -5.16531571658474 5.11574876496045 1.01199692909507 -1.19669939251893 -2.08393729485903 -2.10458215756635 4.19206079414136 4.06709075094096 2.08466532041356 2.58155014730294 -1.98187169504762 -3.64381271990207 -3.48807648487092 0.0236638254005848 3.25062134636462 1.34327787873188 -6.31081066460081 0.757706419121368 -0.839252023548639 -6.15129492571681 -2.32179327458667 0.842663644324733 -0.784198507125111 8.48477275290247 1.01486850310941 -1.43631885989948 1.93596342625828 -1.60284730211528 1.87837142030732 -0.53349013460823 -0.375006117947001 -1.68185356123909 -5.12708925043584 -1.2311208215446 0.507911545901826 -1.57111441767826 0.797217436178177
"456" 1.50210705617119 0.894761453840379 2.11810658792597 -0.251946904408216 -0.98077293378829 -1.5783063279361 -5.80637862085124 0.529358925253664 -2.51943440558635 -7.88170399237386 3.37182233857002 2.96796125451972 -1.75622373285752 -1.70283864138564 -1.60964433465011 1.62553894960393 1.347950865835 2.75845755301036 -0.455578142712191 -1.95778720738385 1.72058194165369 3.08575808854045 1.7145401980029 -1.08506314289991 2.88996324154318 -0.147825906329107 0.725564355972021 -0.303257533978556 -2.86711838525105 -2.13057758008968 1.24970749622024 -0.711018533387958 -5.47117852263423 3.416149155414 2.80379858928533 -6.08365117547005 -5.43739977890241 4.01453111893461 2.83554736456585 -0.984768790691053 -1.64015962457613 9.88570404327131 1.59428219019 -0.608944048737893 7.13587012092255 3.93774193908629 -0.750837534201054 3.84062143505871 6.64392259475813 5.29686072879395
"457" 2.4057287127209 1.69858228818493 -3.00408031302756 1.1168353292454 -1.75504798287298 3.183507659688 -2.37001273819598 -0.360387959372321 -0.0835788005790389 2.17324194745723 -0.549529567102258 -1.43286513468858 2.03910554391911 0.804958475613108 -1.64562197426127 -5.43658376780023 -1.01205464437357 3.06295985320371 0.557764321556308 1.87378545182198 0.453853374566288 -0.499861376185035 -1.22222149631691 1.19835833977877 2.013483315172 0.544099083122996 5.83740989451057 -1.23831874796881 -1.83393130636114 2.33934409584078 -1.57013546744111 -1.957638888053 -0.840169516826408 -3.22930906349004 3.66736231113139 4.99749935944331 -2.52880727396184 -0.963791716514948 0.424482365020589 0.603343183353158 2.2275871686694 1.11028171126954 -3.11788645339646 -2.9244303540751 -3.81444723789266 -2.46835237139613 -4.67833941447375 -7.34875763181999 -2.21778183046748 -0.466169416391159
"458" 0.327336151106342 3.00017925289277 -1.18166419267977 2.20426995013357 0.0656390231292805 1.04450889804027 0.796446297896228 -0.539444198582657 -0.447098242951433 1.42992679594345 -0.327558642359906 -3.67839668772253 3.89148243192941 4.14743281679151 0.882304394969743 0.510607113132064 2.26509633722506 3.19153481761325 -1.95301972835297 6.68341986917 1.98371791166467 -2.72341952211902 -0.486666231769751 -2.57882999970548 -0.42378879842225 -4.28390771730226 0.80666614095866 -0.454826707372378 -0.126896245000593 0.855384940813771 -1.77815516117184 -0.0759424877400622 -5.65257078370806 -0.429905622232013 -1.64361047587979 -4.30779020084075 0.0253247787647871 7.15547310093046 -3.44447255780967 0.883118352739726 -0.929502131736442 3.24034042714876 -4.35576019552929 -0.876464248533727 5.32716682536336 -4.63623628520241 -4.50048538336455 -0.106512653682028 0.419665862150499 3.74545886160868
"459" -0.305709887879567 -3.25789853845982 0.402466340149599 1.68260865306 0.246535202042106 2.73008458268816 -2.58575350912284 4.25821910545207 -0.582830033026665 -0.338560262365229 5.23391257345629 1.00679929916249 1.07005021430316 0.758616750807871 5.02859159186339 -0.0284519631784519 -0.761559713370712 -3.23963038787903 0.515610393469801 0.691002063151229 3.51759129652419 -0.443853535168077 2.13678629265871 -1.76866190345787 -0.308550547138371 3.81533369641762 -1.22752544409828 1.87843236360496 -0.797313650132526 -5.21650298861594 2.12506315329525 -1.0568067531143 0.768141048080458 3.93743122665499 1.66455723406501 0.897127072374666 1.06630273639053 -2.06687705222392 -1.97267561939925 1.59681772686033 2.99795994168771 -2.56247197751702 -1.85298636786958 -2.58032081463874 -0.952908853176125 2.96740238576801 3.22724813248242 2.1095687594165 5.44549844578671 1.12178512983209
"460" 0.713029075547473 -3.298551726928 0.999819192545365 1.36768532461761 1.48074485263209 -3.93752648925442 -1.85882471356306 -0.519131798924747 2.14278477264631 -0.628404868681726 -2.6698413205347 1.83993362174339 -0.847324895246782 -5.4522336613104 2.63163251562805 -0.549944300515439 -6.23526777483646 0.20229234600665 -3.17288962299934 -4.78325035407363 -1.02641826132715 -0.2321017390357 -2.41993252469875 3.70495233880327 1.33127243730213 -1.40336358491694 0.121093530637691 3.0070397810074 1.84058053509496 1.82150876401401 -1.76456554981134 -1.50901115825516 2.92104399022141 -2.07619287138205 2.75034509534975 5.14596605422065 -1.11129564091039 6.88169302461955 0.0122808284891393 -3.40861139917633 -3.60306150608896 1.68995660870535 0.941460356898757 -3.2008699181563 5.0773077859465 -2.62199479379588 6.60384132575465 -2.21079796055569 -1.38442605133607 4.80747389808854
"461" 2.41943152303377 -4.00252651780547 2.30858066263853 0.431153622678992 1.92908713591312 -1.14654934707069 3.02212564226743 3.0567637562699 -5.5329227796229 -0.991935949216398 -8.54940069206861 1.92211951330091 -3.06423639075294 3.17566607804231 1.32736383957889 -2.280411262466 -1.1904283606561 -0.925217969469454 -2.81557365190065 -0.883348151976093 5.48243168491389 -1.12496936519715 -0.594558892379949 -0.790803277798546 2.57686630578484 -5.15845298579726 -2.60080071004861 2.5385375102854 -1.08354878959851 -4.55992942210294 2.63869025128316 3.50136045626312 4.48707795357205 -2.20969015649343 1.49931944724614 0.138762919916749 0.0415702487431193 5.37684986240999 -2.77656989656939 -2.58189493865758 0.251412400081213 1.63854778216806 -3.08149406315179 -2.85312627728499 4.74826938740017 -8.2443502927045 -3.2345455368789 -0.551949489898068 0.03574677855404 1.51773283726539
"462" -2.41421545189053 0.135341908115166 -5.46714710388671 -2.59659691249492 -2.13114432409345 0.797988545712908 -2.12620831082368 -3.41529596824456 4.92339271471189 1.16072578715236 1.17127612024458 2.75548125916128 4.53024810190488 -0.551362064073015 -0.161015350373252 -4.94686969938398 0.0630649785329792 -0.426799485385468 -1.29818731237334 4.34092542308736 1.67681095022794 -1.70413257747207 0.132916666960301 -1.13388531476063 1.4108030689311 -3.45596367566513 -2.3207188395208 -2.90485620262269 -1.78477054051845 2.53971631651986 0.301503625179582 -4.34701371612846 -3.69300749700302 -1.36450052672954 3.04346405041297 -2.54977933399368 -1.83513446236144 6.44777770735323 3.37635642501686 3.4782768422916 1.33216875906469 2.46706490538752 -1.1971454871262 -0.735894165588445 -2.06872890988817 5.06769185269888 4.15265920378407 -0.203907956153889 1.57615101812766 2.35391451411844
"463" 4.22429898711006 -3.01172120477665 1.43181974785655 -0.132859930386536 1.45603462303601 1.96458574992911 -2.83166070627097 0.812567058109017 -2.30522884275057 -3.26277693502328 0.535660725716774 0.753756003126028 -4.51781862962876 -0.483592969892051 -4.76227789710423 7.12790485872955 0.960766237019542 1.40376428963335 3.00252709820814 -2.26845984873942 0.184041996583912 3.96349730991366 0.366571379138009 1.21366240905062 -2.36091233346308 0.761275721820244 -0.384465628891509 -1.64992275372797 -2.9541265859963 -4.21203501469149 -3.90469769215783 0.290759763044185 -3.45746508875455 -1.16741418666567 4.52259333920558 0.444784059108458 -0.538221227866833 -0.489029611898031 -2.86268193181704 -1.46143351968382 -2.92247526922087 0.289398368571886 -1.92580338082113 2.04548904422328 -3.02677851708101 0.693198471297524 0.646962277270113 1.66039241567133 -3.23222668407363 -5.63857518445246
"464" -2.92644315210236 -2.78786059933734 1.46528069582581 -5.14705342564901 5.36786323897162 -2.3670739214968 -3.6668637950475 6.97236681853744 3.36563434685109 -5.7930237423176 1.80042324553535 1.63364302951389 -1.95092795716587 4.0993242717157 -0.84439894354183 -1.23873803591868 0.81243583124653 2.42928163224492 2.16579912436502 4.17159150053263 0.727927639301223 -0.121061116689092 0.391851819491254 -1.98307607726232 -0.602225397010874 -2.8689833040247 1.21680144951527 3.49083675309324 4.79562302855153 -0.45110323343043 0.37496052812749 -3.61901796726931 -4.69946094356901 -2.85763382492806 1.61677334364755 -3.15821835106704 2.00293382574543 0.62825699764302 2.62250755601228 4.5584112793289 0.125752819793297 8.1686866073003 3.5495058704594 0.128608271337285 6.09051580012983 -0.495314399532633 2.42760685331511 4.06914138074631 2.51787566168528 2.93379045871756
"465" 1.39498649409986 0.394604850450929 0.736377474766681 5.72568217721691 -1.1965477600279 -1.62805403044359 -1.32070720941962 -6.68184549649905 4.754966334994 2.65636176052789 -0.878255503882357 -3.7129571116502 -3.32603168947704 -1.8881493639657 -3.41004828919911 -0.0585051918304673 -0.326941348598019 3.20906678190932 -5.92335720325964 -6.19401876582977 -2.40724879380801 0.335991829022169 -0.42169271786925 1.41930217333924 7.28047631020163 2.79926792683784 6.6568720369267 1.1563065278211 -1.04726209234953 3.72098867983465 -0.402995526370151 -4.60351016326678 6.5177477954449 3.57107670945945 -2.90741794770024 -3.72261602303929 -1.59795530209762 0.629902607630355 -0.166156473313354 -0.103008274593002 -0.193455045356605 0.516773839157898 -0.607184393163147 0.463449186321763 1.72109664250961 -1.20761523508234 -6.14212976514938 -3.54725031690179 2.36617740280461 1.67540315764777
"466" 0.601284647755459 -0.143757617250657 4.06385007426649 1.27067032316231 0.276889694991378 3.36719450749864 -0.735479581118329 -3.94309793290443 -4.12562898992979 1.70245717725078 1.98878752105222 0.118542434709832 3.93559560825056 3.58748214188618 -1.97804284536483 4.14483245419605 -0.347166207310145 2.0284573167586 -0.422992182258435 -1.43598764454036 3.03530391349374 4.06401406675036 6.43613765491493 -1.41410411746355 -3.87501877529765 -1.44723966848085 -2.22022594078542 2.4772974327521 -1.33092974352591 -0.694524094696962 -0.285013167231373 -1.64779587810501 -0.96581184509963 4.15473238224625 2.49253760896724 -0.162726800956812 0.437928990409753 -0.485396601723591 2.50460720117369 1.05263785555208 0.0759039162034735 3.07941009517344 -0.281450018201294 3.25564314904113 -1.51569562430803 2.96742132426331 -3.13739070146108 -2.1727771090123 -2.129495929056 0.386430441089113
"467" -1.68016311292207 -2.87002808790447 1.29358939625499 -1.82330992445784 -3.94752033218126 -3.53847240689929 2.56558962349431 3.44263721539218 0.160649896255413 -3.85193407775521 2.97494165489169 -2.23523320513321 3.15137509119732 -0.0414809084581195 0.252602156248234 0.124330564857933 1.80033801330056 2.00547587616399 3.87698612518165 0.693276640846266 -2.79240942853399 0.058865061937628 -0.283312153054727 -1.32851029641163 -1.31311140863485 2.79013809037047 -1.89305707591042 0.0333509349842492 0.868852644643749 -3.22058616690404 -3.32734828060287 -0.969606428637334 -3.37137211699543 6.2165737813918 -4.69389419129727 2.16722641631872 3.04213998609815 -1.33023779390499 -2.01912337598874 -1.05164053134926 -1.47233072633726 0.896711806393063 -4.0073215189349 -4.45604090667748 0.171922676262819 5.83891802014458 2.56347079838961 -5.75031313808098 -6.43308627286451 3.23075934046969
"468" 1.08806859794261 4.55576353928366 -1.63076119687317 -0.157940797035814 4.04572027451691 1.24671626925823 2.58319724493057 -0.826388065611671 -0.746605706481161 -0.527453558532519 1.04232225362679 0.29958754213829 1.66986164730282 -1.23625757993865 -2.36403627004755 0.753576346896207 1.13303993550751 0.921566753666142 -2.3119082775807 -0.190394365233808 -0.342889635643859 3.14845978281353 -6.81992921285058 0.443267494505247 -2.08607760169462 -0.608117619351456 0.0515513276179669 4.98753059666845 -5.6110466782267 4.19317510691533 -2.19995049705399 2.03934806156886 -1.08080552001004 2.75635960679414 -4.97928386265346 -3.05217181185469 -2.32719882115346 -2.59321227821262 1.83267152430653 -2.56990812373621 -7.77738111696453 3.3449873321122 -0.301702735548667 4.28616846410559 -1.45917078878503 -1.55550210746036 3.94350551292318 -0.814425408554002 -0.18564032504217 -4.30958489913412
"469" 0.00456703349802972 0.173356735903515 3.17535965160547 6.45470829109174 1.22459632273475 1.76502543443673 0.471079500968258 -3.47197699022927 0.225278655848512 -5.25757928930592 -1.01598323518502 1.3826168356398 0.0879896344889709 1.44872737117219 1.66126855951305 0.00629653998904275 0.79423790386175 -2.50828618932826 -5.66413187172925 2.08188665366159 0.0805994759800935 -3.37610463321775 -2.99642517561108 -2.2023340531724 -0.184643754071777 6.52623512277373 -1.20423213437472 3.08886028097415 2.25040334865086 0.655492418455119 -0.437180655818441 0.912752001710658 3.08557338398471 6.30561187737789 0.501690016524206 -0.108155510901139 -2.62658644607584 2.68903537984748 0.291843642437618 -0.249974796591861 -1.0890468087114 -2.60710884718197 -1.69172405692402 0.821675078061129 1.3718788392795 2.78520749538034 2.72681850263937 -1.22617201725892 -3.89328169745213 -0.854624452172744
"470" -0.177417098524434 -0.439811088289499 2.28772998047023 1.31245520017511 -2.05663969697032 -1.1909140391429 -2.74661588420772 1.61779035147651 6.50955142170662 -1.34218374219622 -0.0128297008658525 -0.706957799430247 -1.53147675807029 1.93693934078977 -1.56200406000843 -1.80917465332545 -3.13882796212702 1.4317371362643 -2.18833843398673 3.26404317054294 1.73545125147912 0.582447906740068 0.607775664685818 3.76173095385168 5.58414359490396 -2.44166854236711 2.41776510225396 -3.01270012263412 -4.08211635999658 0.0670430284156028 2.10941862518738 -6.6316060850501 -1.7095040625639 -1.42998808232955 -5.18675495495612 5.04261051049021 1.61858207082731 -1.72642829019065 7.6149862681324 3.08507708992427 -5.07547443053395 2.75323703051068 1.47990648737152 -5.79008207911204 1.06984245617449 -0.0880682189370125 2.76863822602759 4.90638236538411 -0.493672482123268 0.0108485998706149
"471" -0.735785257782025 2.11594269756909 1.77114825313599 1.83349282719472 0.819673379230737 -1.25710575757022 2.9142455761428 0.652701923929645 -1.81082966556734 2.22425034402989 -0.64432245450207 0.0219688794238443 -1.12983057437638 -0.260312769700199 -3.97910114808713 1.92436417437627 -0.469137388800159 0.64351049756362 1.7258724956063 -1.3229326347566 -5.81059632309777 -3.66074863827138 0.60902131888285 1.23249649157173 3.74680624910259 3.86822888535998 0.969747421367015 3.26796139442645 0.725066961364402 -3.95594388463016 -2.45651190747437 2.24106850110551 -1.42449803825702 -1.39799645955963 3.67753531664411 -0.218760804083127 -4.7540731215531 2.64440047084083 4.3019621533406 -0.327167536346806 -3.55121735328228 -1.90512317554326 1.83910198526165 2.977991356724 1.02702170796216 -4.96733920661991 -1.42836834148989 0.619719899386893 2.61201121319103 0.194612381306639
"472" -0.334192463016892 -0.660343884347307 -1.98749954831035 -4.00244393158901 1.03629001079336 -3.67759450296873 3.18655385757634 -0.612018221642113 -1.69345865617747 -0.254018164558066 -3.06986349198319 3.63120330944292 3.50960513738695 -2.91479893165938 -0.831053053006847 -1.08167325483788 3.82141902357914 -6.44630963264496 2.91385895548378 5.4881383759496 -0.986837276397084 -3.10076886324097 0.745099954964822 6.26055114085037 3.53446861212722 1.80962309739262 -5.01637290329449 -2.13948640890203 1.57922906055557 -1.96939110640538 3.95909165076886 -3.83191568797047 2.50606902360407 5.12656587781843 -6.04996126478545 2.88955430026419 -4.34795874434941 -2.07414876509551 1.78641985029483 -3.35716659781995 -1.39362365993146 -5.25244049847711 0.478497512317629 -0.128427506119106 -3.58680124722504 -3.86662406482318 -0.21861445521891 -1.99695642660175 -3.66985060872314 2.62617689860061
"473" -4.45557986611636 2.28962208049875 1.87833431430973 7.25146794890498 2.2962030855226 -0.269821223098553 2.07243244026215 3.61832350032901 4.53374758052915 6.31767100445252 0.927160702873514 -2.62583613305559 3.16720440781065 -0.52662874321286 -2.03805259201496 -2.66560147127056 -0.872746813868476 0.885225536487108 1.60243843932028 4.06801978830822 -4.39222761081597 -0.100309382236427 4.92548712915225 1.4205253482512 1.08344568906803 2.59088696276377 3.91825882449018 0.604171277658419 1.10706699236822 0.215357790910684 5.16630224377423 3.61839455512552 1.67637465981966 -1.07443418195381 -2.38240427990596 -3.53606658749676 0.033569636632044 -4.50782097511663 2.75934915805549 1.20276852105249 0.644234004750915 0.94648816069198 0.489435354838498 2.40870397753637 2.77492882846254 -3.82602050234574 -1.07157759846167 2.54681943011536 2.19520123884704 4.18897943268635
"474" 4.96120863756733 -0.61348132628574 -3.23562516201989 2.98781232577362 -3.66785782714961 -4.58323359246838 -0.559775860798236 0.191974193570223 -3.04601654074471 2.42428118943817 1.50479163585341 -1.46079033999291 4.71355733093759 -0.745566233630693 0.67091565550829 -3.91487688203206 0.956816929439647 3.37247669169222 -2.18105420186541 -2.19403673377294 2.4058212398489 -2.93911112644605 1.11765188995141 -2.46331939978841 -0.301838168811999 1.12275251245769 -0.416475218462793 -0.201841395276622 5.34731929605523 1.99446606998497 2.97024311549457 1.08250702704831 1.07242238696833 3.06299280904369 -1.65154197274869 -1.09518883908864 -6.58474836874269 -2.75495050613917 0.550631338866734 -0.570255813818355 2.82145551559479 -0.879370952300239 0.228226697168396 1.56650159839242 -0.795494326378126 1.99474266334506 -0.118105772013016 0.436565318685626 0.235731297817127 0.766980837320228
"475" -4.40152813012151 -0.348427662487867 3.47638796092241 2.87654755853154 3.85399076684278 0.714016004926559 3.06707254147574 5.1783674256549 -1.86665667816906 -3.90943903784852 -0.111997129608769 0.883733282649155 -1.19906137064343 1.2043487341237 7.13952593174925 -0.524302665391988 -2.35499884726332 1.66389457795259 -3.64317911567976 3.7522047768479 3.56514857813244 0.350230522436236 -1.11891586547947 -5.24340943257212 1.63196669372144 -0.00278849956950132 4.16009801925996 4.698648226127 5.50633534045098 0.804657734504208 -6.61914908600636 1.00135228551125 -2.97272257563066 -1.56562007870297 -3.56032402840815 5.21139673569963 1.08170084561499 0.0953662780823508 0.924785684058214 0.0763485665205685 -2.1463530145258 7.70566929162475 1.54786633567125 0.640827372540949 3.17570527669147 1.37705217284911 6.37688365857619 7.61026375149053 -1.71433385606332 -5.50298646252764
"476" -2.38231680652745 -0.819976751457271 -0.554747750135959 -0.448023576765843 2.15615198767066 8.46957858588932 -8.57812311127972 -4.10210228680654 3.22537157442885 -1.22684782370122 0.200523288421605 -0.365725411099 5.6210195366076 3.60393811103272 -0.791810349379579 1.97587669906024 -5.17342490723783 0.724133775201282 -8.72418862089616 4.88043333047154 1.64267628634139 -4.30625374885972 -0.414261615433693 0.318927733493704 -4.37315720297482 0.73543069817943 -1.74899308395505 0.62844024485781 4.1951910527316 2.19636673950151 3.75007250538432 -4.76364675214658 1.0128300436791 -3.88097477669252 0.575016558807221 0.721569013242947 2.26294942826705 3.53398835292349 -2.84683372379714 -0.59633858574004 -0.72478180960143 -2.01672465763564 1.89564903771238 1.57771498480048 1.01042328927634 -4.56858173457364 2.93973245209504 -4.75616324891005 1.3174122434505 0.0731176703139971
"477" 1.98801866798186 0.930007972266896 3.3204690582512 -4.31666823056465 -0.0229047693483737 -4.95880135123182 5.08479697479345 -3.92196844695664 2.95972552067008 1.52134313100373 -0.00783183906013677 -0.0225445409792787 -1.88080010730945 2.9212797652845 -2.4313327201048 2.36351453970847 -0.62460446933318 2.69137204781997 -0.384003827556448 -0.872220144213048 -2.99445075248697 -3.78492024361119 1.56681354868972 1.83537149001729 -3.37951249615255 -0.482275607144084 2.2095801753324 4.39904137393788 0.513427054057698 0.273319908620447 -4.27536875928066 2.57997201239796 -0.456386472948082 -1.5228670669264 3.85467242223534 -4.44329204406004 2.59227904150741 -2.51988392812693 1.16067699080434 5.45528938594825 -0.999003010209647 0.182777515963069 -1.13894659389409 4.66277181411839 -0.492014659444628 -0.796767851938474 -5.80001319371435 -1.61395967610741 1.93380001375175 -0.681269875611535
"478" 3.5773490848907 4.72277026264844 -3.39531332731562 -7.8889632035283 -4.79097156306806 -3.62906343554726 0.136356774015364 -1.79408094511581 2.02696523866247 -4.72377282310627 2.27951455389417 -4.64207364961884 2.45792593675353 0.476377292600061 -3.33469569756674 -3.39590712838492 1.96845392215915 1.0850318654188 -0.681644291538065 -5.12272706086886 -4.97958233616749 1.19317955129658 1.55958173974705 4.48252251906122 4.16099398320347 -3.3504529731153 2.00857093714096 -1.45907112933113 -3.75108209654764 -1.68364762423046 1.73014674407562 -1.8394822527641 -1.71980108112692 1.98680144970452 -0.0311268857112755 -0.0148175989271177 -2.81777250885847 -1.51424978006009 -1.85433991998919 -2.76331489126606 -0.240209306662076 1.69216809514541 1.84259971530548 0.14115360980232 2.93338968067432 -0.320003170154332 2.58748193098522 -2.50630369105358 3.41624088738448 2.31532049411117
"479" 4.25798132767404 1.29350576650707 -4.83561313980801 0.341815354816538 4.45391011436581 -2.4900812054489 -1.24470131125976 -2.12983987495526 2.45037361885273 -2.57077725048554 -4.03514554708004 2.17057546777984 -6.43285844204788 -6.68297608035586 -3.86570390620495 2.0935320831601 -3.19981753119938 1.32870815464194 -1.64207077133742 -5.26896938732586 -1.25541620799982 5.4523761947562 1.30915980953784 4.76221656451525 3.16831084091658 -3.18173699321233 0.00490824712735623 -2.3758340863293 -3.64184155543871 -1.8256380386472 1.21751985130549 -2.43563041554339 -0.407510059719639 1.22577088343666 -0.193929144687619 2.00573977972212 -1.95336630715352 5.12562852197453 -0.919943363447115 3.43045323409523 -1.80930052545677 -1.22055449539127 -3.21205373832122 -7.52101537372103 7.38411468289984 5.79777402836117 0.725455395383741 0.810843418563326 0.750376181064034 0.238717221725899
"480" -1.89705395607317 0.0026652290544891 3.13055601408313 1.75511483150826 -2.86566548521505 -7.95361659339669 -5.25217592059965 1.96268908378121 -0.794340951095008 0.467483108438762 0.0330968248935795 -3.42836846964039 -1.55730805890921 -2.04924080278893 -2.02522137701505 0.109469950375001 -0.170865605960553 4.50362880745673 2.90893109801258 -6.0377318900034 2.41013031813453 -0.0907554900548312 0.929496310409359 -1.73576000283922 -3.00074684971348 -3.09584662869378 -0.692431820501163 -0.39717791429349 2.84900726298592 -1.8631561513901 -1.54353820868817 -0.902486973660681 -5.64893183390269 -1.88940285501222 -1.53701487176688 -1.87408744496717 -0.972118873862449 3.68632934289363 -2.76762234135699 7.89589199482524 -5.39603968749039 -2.95202598399057 1.63485809558509 2.47489290167836 -4.48806713937458 -2.42865784927191 -3.81215325106473 -5.42757359938592 -0.250104355268962 -0.87609772930078
"481" -0.65019740903496 -2.36974542418859 -7.85171390948164 -0.653857794904672 2.98338538955139 -0.911867014595955 2.06874658866121 3.85642650761393 -0.499905036980242 3.34001467700408 -1.63691858802154 2.85455203022508 -3.16820804249517 -2.74246410896654 5.70620221816642 -3.15936368820403 -1.72726149651133 0.800886006361645 3.79547842735331 -3.28345155253011 -0.729430512750644 0.86147699857632 -4.92545455041178 0.481066888815434 3.74426264979986 -3.11985522415898 -1.43855416882517 2.75406798114921 1.29847062738658 1.63790253637005 3.16459312872974 3.21730756666654 3.46298140840777 5.16886333720623 0.295773376740767 4.85414566253342 -0.273575326525758 -4.30494069530568 1.67319995926802 -2.36785123678924 3.69020915209003 7.5762577227238 1.99841216309665 -3.16286296597068 2.96812870782435 0.1176584219727 2.27749834054353 6.32165695173686 0.14867232662381 0.711979189925886
"482" 2.44939848321527 -1.88094885257057 1.25792591255846 -0.659649513381659 -0.938159333509471 2.91325294595891 -1.3104563383122 2.61090415715568 0.144221428988443 -0.819280900712413 3.56425090506569 0.576821660989317 -1.33575981525116 0.177269907918993 0.760080495895673 -1.91923570514694 0.195264384768012 -0.783133299615024 2.60361078315405 -4.17800052751435 5.75285180217799 1.66212538643481 4.71051667569412 -0.17450022456143 -2.13580469120403 4.48138227550817 -0.514943899183096 0.0193869775001367 -0.273970955322544 -1.24606226714322 -2.49185515720192 -2.82753540649953 -4.21883179702388 0.413724955416548 -0.591262261811276 -2.1860843804945 -0.941038321998851 -0.956508300184693 -0.0788331579333472 -3.64225457706611 -0.624780570626876 0.102111488322187 -0.874372170773491 0.792028528870971 -0.580987695441847 2.66869481255448 -3.72297272894814 2.53166645384301 -1.49350212502384 -1.74712001593072
"483" -6.82732827874973 2.02979014029865 0.538014331888273 -1.07627520721005 -2.71047700713227 -0.446701071465326 -0.450433175216349 0.598895267628315 -0.995738527291864 -1.99259932830713 0.636520324749906 4.71752797096059 5.67730446540546 -2.33299826984281 1.82763973146419 -1.19790656765774 5.77006747225844 -3.40787156689738 2.86684821387648 -2.35222437454011 0.947224860344291 2.97810115800819 -0.0417842239206458 0.277666051783373 1.44739301542003 1.27492410147442 6.57008273116599 -3.05078147219427 2.27353125808698 -3.18407898691478 -3.51802766054612 0.131955429914785 -0.0770132412447747 -2.95273951759733 -3.03802772259293 1.06463932586078 4.93832437848857 -0.649063289166817 -0.615669446568498 -0.17075386494777 1.54764678199418 0.62203568504177 0.78767473216833 -3.68653664614303 3.0707136248988 0.583774845166263 3.50858976956422 1.25789029635019 -0.0664584997345645 1.03165989755993
"484" 4.15987866140437 4.97367839892476 -1.79252305770977 -5.99588573436185 -0.967598216590756 -0.544331445255534 0.886552386077448 0.0756528928574373 -1.48725650640095 -0.121485077524388 -2.34785728177833 2.29116437120341 2.82508417847797 -1.57214375759711 0.951703770271295 -4.88808597377626 -6.8298599895079 0.879862549799292 1.36953252560367 2.06275961845656 2.20408460336186 2.20397894680226 -2.34882740097325 4.56080009754168 -4.11171970743311 5.08242728129664 -0.252859951489739 -3.36108748722634 2.64117410872889 1.74416959043715 0.231451759937459 -1.0948592858009 1.54705824394166 -3.15427918954411 -0.685704915366278 3.15610913781332 -2.87700197792539 -2.52539126499523 -1.17252387403251 -3.7994663117806 1.01505945731788 -0.715932904356624 -0.0245585666385121 -0.271871162490287 -1.32013276523167 1.71145514687046 1.94560384185771 0.68756011805169 -1.29534955327225 0.969494568819805
"485" 1.89085670710346 -3.32299265637672 -0.590993703960603 0.240313200082183 3.735761747216 -0.11927533802281 1.62046387416242 -0.0127140117872258 2.31380004389795 0.470087498953322 -0.772877149637187 3.36384714098597 -3.05639523603835 0.796476495553528 0.9574011600718 2.05863530745131 2.10501633115703 -1.27242017599331 -0.484813361837671 3.50329219525877 -2.24808826374263 -0.313159691144275 1.88592391802603 -0.246481843591178 1.10993493738832 0.756678856715337 4.25713277705209 2.29159119531037 1.52583977396548 3.32597406723202 -1.27353496182852 -2.10159740313532 2.76593963690328 -6.3657269838058 -0.444068830548084 0.321689010942343 3.12145511734175 0.203451780638814 1.6526538938475 1.00812384167227 -2.26631188811882 -0.223958691896806 -2.63975814121179 0.0367349289841553 -2.38386582978138 1.02751478560658 0.170606566603264 -0.274872003134302 -3.83764549940911 -1.09690045356221
"486" -0.934586317214544 -3.17342668372405 3.09745868540717 0.683285157998787 -3.7029479753454 -4.5376184442436 0.313386266064609 1.42656786102041 6.33291466629088 7.26136552764453 -2.83484534064305 -4.05439657325989 -1.45098864390708 -4.44796949946574 -4.07328172118615 0.0204146138067809 0.0905256754388719 1.71915587173912 -2.5195070807383 2.45864140998855 -4.34530670198429 -2.08212726299539 -3.83046694780739 1.12645066289657 6.45247768746356 -3.03365568490119 -3.76781963995935 2.70703129142292 3.8034515551468 1.32874571237989 -1.29626702390149 0.426442804984328 3.74972984102761 5.73276794834977 5.27173632877512 0.53050715063541 0.288799154171232 -2.78954757800738 -0.893752392317252 -2.97106815415453 2.03880333217654 1.13410624194179 1.25033967653176 5.21402557010408 -7.72664679048588 5.05896658474619 0.28541802521345 4.3016279981102 -0.448462727171159 -0.243285572673032
"487" 1.8085803624051 2.47771163468514 -0.051693224902537 0.903675314112422 2.10438323702479 -2.29461820395158 -0.666278678467922 1.48857385219355 -1.40272484139094 -0.822477559199076 2.59691593786531 0.885479805453024 2.55017374220483 -5.60594084118168 3.72789043578632 -2.49198017780014 1.06913136336131 -2.26715419194459 4.24668340554628 -1.42008912611391 -5.1919687209903 -2.38641505355406 -0.230069017210892 0.911773741545336 -5.0974726932656 4.62000097844311 -0.414876391845426 1.87277749232438 3.35968682232667 0.864528315229606 1.61319541804906 0.821791785379385 4.63005361667255 1.99352502778852 -2.67448833580462 -2.23877268639339 3.20271294919247 -2.89583928897052 4.88590351825521 1.61620112145288 -2.40798974421636 -1.58530689297159 0.926900123825147 3.08718963674421 0.328532842864076 1.59056828609401 -1.04351225934517 1.35816916956848 -2.95472693503384 1.97423248841521
"488" 3.07579178119183 -1.59891689853315 -4.57678786971797 1.60574709990906 -0.0717646868220335 2.5053187320292 -0.192191289564984 1.21491273920176 1.16137734793828 -0.753045460406724 1.33001138719185 0.708808373763858 0.592683402943115 0.295427442847995 1.72713524062634 5.74753203986415 -0.341561655110032 -4.27294628467449 -0.73925054700586 -0.0953892729898605 -4.34850559371032 -3.80033637648734 -0.0558124378020012 -2.49051936644287 2.58655452295157 0.254710575374007 -1.36924496257751 -1.67788959784376 0.108411259097384 -0.274527361965362 -1.81061479078378 4.9747448332098 0.489022639961018 -4.45746735526181 1.45342216347742 3.08885737572264 0.0329881370223567 2.35231622544554 -1.62014143009128 -5.52502300381872 1.65947067309791 0.394713135219322 1.22964111259569 -1.07076037684239 0.312794460334536 -4.06524056690278 2.9154393213396 0.152942408122406 -1.74612499788432 0.555169468509044
"489" -0.357133365232009 1.87272662868484 -4.11984186226031 3.13274130845553 4.04295638997946 2.5830674846433 -6.93184539481524 -1.20948383837576 3.16563724748413 0.22458188191844 -2.15637484185782 -1.75189758581322 -1.89610214325539 -1.62789678263498 -0.940635966615854 0.43934957442668 3.48446921084746 -0.618339156989628 2.92949947888585 1.11370902881269 -3.88160839389489 1.16173747383252 2.05187364970814 0.132134420466436 -6.80797930784944 7.54789325720934 3.37916221992278 0.797730274695357 3.32612582955797 -0.610271860155972 1.4204934233376 3.15291548998053 1.06756107262034 -1.07635993523656 2.23665516016778 -0.990685421809112 -3.44886536050798 -0.742402421846629 -1.16530013892248 -3.28587480680651 -5.04682295810035 1.82839098353894 2.0532650242297 2.40413690881308 0.156623272113288 -3.37538640623041 -0.52195085926458 0.283260597847136 -3.9903611661487 -2.66793026792674
"490" -2.7842786640849 6.10490293814781 1.05174903106941 2.93103973093135 4.70615422437148 0.455841107838568 3.83024148870035 2.56183033334792 1.66700721652285 0.412004722479513 -0.26694779506842 2.93355701407032 -3.95655360823135 -5.38326229931339 -4.06291803233012 3.504981715881 -3.5140072355142 1.79106702318129 -2.04449563564531 1.73836157850675 -1.61406820552212 -0.675185088773582 -4.32246141940234 0.266444979435027 2.29914234187643 3.1745404155613 -4.48928657221544 4.70585935839404 1.18626903130916 1.59097096013606 -5.9965005211612 1.27360719034966 -0.467389379908643 1.71460447666233 0.0898966316040896 -0.880548370551724 0.101518523340311 4.21876801064407 2.85929351063905 -1.62704363459017 -2.87323562311102 1.87764344444485 -5.03535106555729 -2.09064414708819 3.03103301165765 -1.14092727006684 -0.69426998409015 -0.724861983879394 1.15181216024312 4.12361903513502
"491" 1.11625722155289 -3.37094741828094 -0.468426697857973 -2.96479992090381 0.40211873685419 -6.38919320042595 -0.474145175271904 3.27870074746673 -0.768108555607368 -1.96403822094646 -2.18297617474662 7.74572566784762 -4.28015432187243 2.18600449952787 0.606876924331005 0.42086218686199 -0.565917351085542 -2.23500507785576 1.43177029087709 0.23313352429146 1.45428544478214 -2.2799682787901 0.132168409834692 -1.29202415512663 0.230625653748455 3.97892830146349 -6.0395626120729 5.67598908403127 0.8003476908459 0.180386365380982 1.18359131281347 -0.707654460137197 5.6516032634213 0.744937132193158 1.88977549824711 1.07531472514766 -0.312584091711038 -3.28406323119438 6.50566384828755 1.41598209219823 3.93052130191547 2.53129506638418 3.94234126052137 -2.4155218307926 -4.2465299959455 1.21799484810388 -4.31499251554405 0.869027988856645 1.0352502992371 1.53344194434654
"492" 1.6191174697464 1.15295436018185 -1.4518067865849 0.9593322304756 2.11932124303972 -0.889059695802907 3.34213484223168 1.65278137579613 1.21291310122986 3.71923330803861 -4.29983285487442 1.83748769286186 -8.66093073669427 -4.60769212935846 4.15900252961715 -6.03405751061539 -1.70194481282086 2.13512970642124 1.52644647760272 -2.53177462870667 -2.00834743528505 -1.46748127217418 -3.53385201319636 -0.779370705755651 4.02070465633441 3.09066753070088 -0.0863182284652688 -0.827604161244156 -4.58988288282575 4.90043334060057 -1.87462549429051 4.64983393179747 4.91258376480273 4.48943097209881 0.445133058609219 2.06209364803193 -0.03298405031306 -6.15387464135668 4.48941706276872 0.376053965694368 5.07196688324088 0.583860939313637 -1.97040134078976 2.35658315251343 -0.812547093549877 0.373624887380816 5.56317531839671 1.44387435159352 5.76466842226059 -2.08859733675316
"493" 0.761740509177377 -0.125452247805619 2.97463927625095 1.53242345823051 -2.80449039672107 -1.32541055848768 -0.926151866399172 -4.3477270563662 1.04074954751817 -2.08169846416321 -4.91220362205519 1.21163576050945 1.59321197292235 -0.898543870294965 -3.19997957699033 -1.9280901164022 -2.88033651512038 5.01056903640289 -7.98231253769589 -2.16836927116612 -0.516545628054212 2.75988363511308 -3.87591524807779 3.37869781145468 3.01706011207886 2.01117234857141 0.798761893685529 -4.2872309201613 -2.45829878900432 3.27731585354397 3.3167117740462 -2.35063393960397 8.78328197539396 2.94176000935876 0.638865589108424 -5.19619445306042 -8.40303461764113 1.61381989147772 -1.49483611979247 -1.58193308859067 -3.40077456495662 1.04280519545429 -2.33099558089632 -0.0136864190842593 0.573731900955714 -0.190097026832124 1.21618459505073 -1.17083578535015 0.0569566019929466 1.08934947896058
"494" -1.99330300604991 2.85033606138506 -2.59885299793087 -0.855908389172964 -3.12360145746317 2.04193016946615 -0.817305338931723 -2.26294606072895 1.15745995836935 -0.0773677915859601 0.71605023236875 -3.31626961050131 -3.57942344945405 -2.71670930975811 -0.445310155423531 -2.62275814350698 -1.10762938740997 2.34709269251263 3.59998982559819 -3.73173041722068 -0.16643619263499 4.07482368479905 -0.82798429181155 -2.49138732781521 1.79029709557559 4.42750077576577 -3.20904189239866 0.212674371173494 2.0179471276215 3.90298259948162 -3.91640921010668 3.9321207505788 -1.79996533955705 -4.61068348109191 -4.65528499158253 -4.24013549753243 -5.159500838611 2.74582888157847 4.82481896640284 -1.1950455820497 2.02490439805436 -0.0525984918638067 1.30326970740585 0.366931358033977 3.55287060837445 0.761306423359994 1.79353775978592 0.492755966589403 1.81343244877154 2.15131710273542
"495" -1.44305058019689 -0.940418230138516 0.982382671070306 2.3222937942532 -2.96203327925449 -0.96421914073598 4.4171296335839 -1.29040925314413 -3.8178961583339 -1.28602612695596 1.93612984241194 -1.20593748447686 -0.805392856987837 -2.73786153961175 7.09826110744383 0.120398931164 2.03485597437174 -5.00471149244096 -2.75950649418566 -3.11617659531314 2.69889909843802 2.59434210421654 -5.77527958195557 -1.9038654019657 2.2655110104053 -1.21236936064941 1.19838139125494 2.45806231746533 -2.15658508274356 0.0753460511156885 5.80545330460208 5.92871458524119 4.52627092259557 1.52087894462744 1.21970274018729 -0.53500854277657 0.675431142936082 -4.98248592388024 4.81141351401127 2.54113333017878 2.96364212545799 1.23797360096698 0.411613847753747 -2.56143150025461 -0.330235119067521 -2.45523635896164 -3.56605353945114 1.02408029589782 2.60813205378218 -0.291335412418949
"496" 0.866146861222861 7.33803769314267 4.07920558926041 5.61586968666747 -0.0531567179918663 1.50437824415162 -0.878333513181292 -2.34615768902378 -4.87771526996045 -0.533614549144586 6.50415277634084 1.36348618376285 -3.71585855344075 -3.57782903232952 -0.525141051009292 -4.82325705146069 -4.10930509124334 2.69403430048721 4.77610318342381 -4.03441510997404 -0.575555237096211 -0.485258889299363 3.2010095686912 2.00684286537997 -0.86631635052862 1.75738876787083 -4.31374519936946 1.8645002781873 -1.73719511470363 2.79670205877316 -3.66360270954878 0.312024790972333 -2.82424076700107 1.84505418198205 -1.91860057226553 0.512676053621715 -0.163562687738035 2.56926291036629 1.0860661346212 -3.0122395751525 -5.44860735658977 0.28139179636192 0.00676638441424361 -0.448099279816074 1.92862683432435 0.85755742967589 3.51591656590923 -1.35200070138702 -2.52930937092103 0.291908019727936
"497" -3.60046889426674 3.76346725611816 0.428675442423299 0.885657379460777 -1.77873546517609 -1.89463499932864 4.81214991299394 -0.217067544550752 3.0083149352535 0.168213838767572 5.01139103991175 -4.4148294814977 4.73805388367985 4.24412410855734 5.2818756936597 -7.76714808201077 -4.13425215538293 3.78540936762285 2.15593867796333 -2.7515810651478 -0.921438499803826 -1.87761229665967 1.53783408801992 -3.7292416948295 1.58390250641397 2.43609668150874 2.65963316144391 -1.40008063421518 1.25358986210711 -0.208785396848625 0.763712290951283 0.40571933477607 1.35662505883669 3.64471871540383 -1.57913162588064 1.8664942765445 -3.56329254252222 -1.62461429129374 3.52778910498723 0.539322383778175 0.48587450148065 1.86751682155884 -0.501824873804616 0.179901585261626 -0.0939007501294439 1.26028972532274 3.51180134915214 -2.16741195584541 -0.549416326455613 1.73772446605015
"498" -0.790121594898099 1.4640942949898 3.38616884369405 2.9410819859428 -0.786344912528608 0.364179413726421 -2.84981447781144 -2.50654603024817 2.22196776788913 2.53691265479961 -1.76895470363307 5.59892707563452 0.556002920485209 -1.14242020908814 -5.27894671894997 0.280281530679638 -3.96486554965801 -5.64375562455604 -2.74963766751219 2.23586427580273 3.51790060674092 -0.577316008254406 -0.995015868086103 -2.53179154504855 2.76947824852969 3.36520212427085 0.0972192993960812 4.9535566806123 -3.39840523449826 -3.05390723071979 -1.5867528001134 -3.81539687760353 -0.143731928161574 2.98546257189342 0.996336991799388 1.75178007775535 -0.426323058042462 0.541086214484168 5.67864866615299 1.01403579884219 -3.11328348673618 2.63010686163115 -0.477773929338839 -0.785942697684751 -3.14924908013164 3.26918835385051 -0.540680585626242 1.31754307038662 -0.644648251448524 1.54366933430763
"499" -0.732293029515071 2.47242972352505 3.70359365085119 -2.42137996716158 -0.283302421118315 -0.44165905791113 0.805464511931209 -2.65423895111664 -1.45330004584975 -5.19083287852989 0.906145016745443 0.537756321438746 -0.737158159606902 -3.13342168301479 -2.08360762376703 -0.698434807903395 -0.578970332011513 -3.86949725099549 2.40344643930342 1.1138564280575 -3.78615028283499 3.45127465311004 -4.39455709708066 -2.03381902910254 -1.68511563880439 3.06001024378875 -0.291214907990757 0.798526763857094 0.565190966178386 1.30701831357529 -1.41750511397886 6.92093802136007 -1.2997304608033 -0.73580707536629 -1.71968801316153 2.914208795468 -1.00910842096209 -7.04729959747032 1.02694231754748 -5.79639898049966 2.17891798967764 1.45211216282704 3.72911894901217 1.71350980962599 5.09414952423763 1.65087890004034 6.83451614509948 -2.20533955992276 7.5949066204208 7.71051718825211
"500" 2.59606829131121 -4.11632322046814 4.07415668868398 1.87149959829432 1.45690597897653 -8.37151874763639 2.33002805197987 0.168785345475657 3.60052723421383 -6.41031393311068 -0.101025696184835 3.01233905781718 -4.65406012224335 2.53496996393428 -2.42943409157109 1.62381025973038 0.601300738119593 2.96154618333369 1.31119348137845 1.53804247195014 1.60086968819685 1.27574062737921 -1.9158649183784 -1.69646888926851 -1.66027118385993 1.02429908462593 -3.17341751393023 1.26707269252884 4.2302242362978 4.24613493372321 -4.88341534190124 -0.858408512202409 1.56293190100005 -2.87136248392204 -0.874311143464392 -3.58301860486689 -1.20744905357993 5.21748460388289 -6.97967332876553 -1.49878539848743 -5.67463308654874 0.257946225454396 4.57299229463504 -1.49582208484691 -0.770961045203128 -5.67535310514692 -7.56609464074645 -1.70477501551931 0.755400925725265 7.60933365443242
"501" -1.79446706645002 4.46971634947643 -0.383816713099229 -0.93644954753906 0.426930429783735 -2.34255862041809 0.79059349912122 2.82926193853249 -1.89146122857543 -4.36262439215354 -3.09708688650172 -0.333862631974246 2.5644710177387 0.844255144707629 -1.5933058704525 -2.56595859868606 6.52193940512065 -1.04343270640195 0.314539124960075 -0.54883369182358 1.35299567899287 0.369222746916841 4.41774667424288 0.949256632623776 2.80797551133401 -1.00711334513177 3.26165251896324 -0.762124781926976 -0.525211693543853 3.86163181151612 -2.94152033233282 5.64991667174207 -0.756840023537934 -0.698715284479189 2.83302706472564 -0.71480466893317 -0.0639102244197704 0.931264498273255 2.38650078797228 7.68773677725365 1.3634456527332 -4.08808070246731 -2.06891101586166 6.55033940831323 -1.97204667945913 2.43982887718796 -0.951956579661979 -4.49158000310968 6.24559484296182 -1.946529464808
"502" 2.22162580657796 1.57491129583362 -0.602897999191755 -5.78466386596806 4.52600186521139 -3.13726046320798 4.44930219368755 2.3639682900252 -0.577038926498659 -2.21057080891878 -0.643303533712806 1.41935935589554 1.892426060018 1.18001619259558 0.943316724645614 -1.76310320758367 -4.84907652208397 -2.23989700006153 -4.12706341005499 -0.89206334311484 9.12134281638792 0.628506775146343 -0.0127626579236829 -0.177294756344006 -1.69858660257647 3.91451001188806 3.10196907855814 1.62803436654529 2.09101825151776 -2.22547428089257 -0.389330707471968 0.0465417920345583 1.96854140662903 -5.88432875991711 -2.02474722278547 1.39898379014845 2.03274533946886 -2.97832956255629 2.73012663363672 1.79671799764021 5.7063979310553 2.06564969870981 3.68232709558934 -2.20596106780512 7.20434271035204 -1.13336331249536 0.172374510728127 -0.931157311658215 -1.03378326861896 -0.168741554950983
"503" 0.420647842485211 -3.32114413311369 -3.25405530261372 1.89133582270493 -0.445603792165993 -1.43805275931573 -2.36175638622167 2.76991224749216 3.23001547811988 -0.176326324612351 -1.25395118952344 -4.63534945764646 0.530611560667048 -4.61287448047012 0.582541521582659 0.00371491505801296 1.32951196018245 -2.71578516419062 -0.633789032957072 -0.28181075929097 2.05007061176187 2.40212454159484 0.368605962906921 2.71429927329775 0.817037356328203 -2.14363481464051 -0.795981963379126 -5.06800375531042 0.0834085649042962 -0.319424505588746 6.94272597562593 1.80853597537193 -0.578254818261209 -0.975879352374865 0.187118185195777 -3.03587554923814 -7.16485170540734 -0.542682244704631 -2.11969501584638 3.22173004196977 -3.05157581198535 3.66849719272204 6.60465144781129 -4.72054934384115 4.11994095077256 2.45271073516262 -1.89820759732774 -1.21974813483813 -2.45941284342694 4.24766693047093
"504" -2.81605138832372 0.039786511677172 -3.47298177250306 2.75609580807073 4.03939636561105 -1.40622987810878 0.122069324652422 -1.05689239048546 3.97360009514475 3.4060980728551 -0.912759389596807 0.885495094466566 -1.63024179200455 1.20692500282794 -1.98016403653348 4.82828628937603 -0.669735514768678 -0.113398613229717 2.15948792046546 -0.519778150569971 -2.11344826335328 -3.80496877522521 0.298328637085634 2.08603392133431 3.05389789104302 -0.933420239518305 0.406090469944976 -6.80431976480461 1.02426257351283 1.20167818980256 3.22463464862412 4.80537218206836 -3.56863608678726 0.517857618574715 -1.89396148556252 -1.53668669552793 -8.05994962365457 0.213460884939348 1.67711858711095 3.26647646509131 -3.00057130401485 3.15039307372275 1.6395911014921 4.63516199070071 7.23555414621552 0.0731169520932677 7.44694417417461 3.51529345987391 1.89964229998799 -6.08223013197855
"505" 1.27417767712896 3.60457626767201 3.69513399395195 -0.24022083440581 1.01155096976136 6.76466369210758 3.78879631355454 1.90155478313819 -5.70164947466783 -0.742083618609758 4.93177046783316 -4.53319276355031 1.39980189977916 3.10079961009338 4.16955190741693 -2.36081723307247 8.35839582240582 -1.26409989780934 7.67979923758389 -0.618489073863868 -2.07931529404017 1.51308252342701 6.81838835840464 0.16063273092 -5.59715150824712 1.59466650552549 1.77993355577939 0.650679424740273 4.74091890272913 1.55431632630247 1.04085610988715 -0.335779708614901 -1.2050025440392 -4.4133875650693 -1.25369789516534 -2.42574427956663 0.154186103621393 1.88416569646881 -1.45363092163552 1.11356616086425 -1.17667997390497 -6.45985234350845 -1.60248020774213 1.46353875574765 -5.06423895535671 -8.02741624627961 4.00087220910103 0.272711227085055 3.19334963073726 -4.50070831657178
"506" 6.25364287372837 6.74638851213014 0.343934819062263 -4.41297655814149 -0.494361434076829 6.25062513516869 4.44051714030507 -0.477422095577177 -2.27952990691907 -0.910527213834956 0.00147692530698716 -0.65404494219403 -4.52399295606518 2.04311049529661 -0.615040721337836 -0.633952701603132 2.08637550272167 -3.05077994549983 3.29276758103127 4.92218493436158 -1.20676847889813 1.06911994089603 -3.54174863542654 0.495883466360054 -1.16118382875603 0.38088974334743 0.0361118458276534 0.796113525207857 2.31083533191939 -2.19769798984234 1.28320704242637 -1.99318453274847 -0.653614690222456 -1.27061269548294 4.30192757322371 2.84087894933017 -2.22205765987281 -2.53135988934325 -0.161169240285976 -0.223471682072732 5.73772194437523 3.01109896368072 2.9172592797986 -4.44305850185497 1.36095972580489 3.90833644373467 -1.15171425108132 3.41451351850788 2.04813073932444 1.13409150620029
"507" -0.160348708059677 -0.642826748377588 5.81257908577854 -0.739347823464869 0.211747698089947 2.7409240877465 2.15244155725687 0.402000850558252 -3.36093621463285 -3.3465928258361 3.57502147696247 -2.59200905895063 1.82030621639046 4.97776899220442 1.30206810735255 1.13311269574667 0.326768027721759 3.93532387317634 -0.270292477917824 -0.69257643298862 -3.95003963725372 -2.60934500398586 0.799903801092884 -0.199097019279622 -1.83249399865245 2.46563132711014 -0.941325402461257 0.345977078911072 1.51451891838831 0.919633136572855 -3.08767624117247 0.710784436107923 4.76528453214539 0.890382697225418 0.975868412885338 3.23042663987537 -5.32815563654298 -1.28529166625059 -3.47306892461409 -6.86929736218109 1.32636666395215 2.90339767214062 0.612874979698618 -0.636770129319221 6.49109519811575 -3.98264158413795 1.30193371919501 -0.0113299841623758 0.267621116446206 -1.47178259929118
"508" -2.32596973904341 -4.93245642332698 -2.88946415371896 -2.74033788333028 2.22634667460776 2.58677279350602 -1.70913427143039 -1.26224342660333 2.43698219678738 2.72510309879133 -1.97493472936947 -1.32603020369022 2.61915265987436 2.12292911649538 -0.933865244361022 2.77026631275705 -3.46507807022022 -1.58657070812651 -2.4149867911251 0.737113942273394 -0.0480994661449995 -1.86786421016493 2.81550408963513 3.60404726678308 -6.8739003509289 -0.428800858448663 -0.424683494914713 2.08747730382979 -4.64813599066642 -0.290724851563195 1.89329757253401 0.0191281870431993 0.369297834698261 3.10189890710063 1.21835469931343 4.68132247987678 0.386677987137042 1.08323607768989 -1.70973363741459 -7.60724648597254 0.942119600951802 3.254252727204 -3.93424008829536 -2.05078017136954 10.6709587275418 -2.23407453401287 4.76067717430882 -0.104163998258902 2.19248374828834 5.03528589480466
"509" -3.06568280964539 2.27419890498411 -2.63502343748788 1.39610817317387 -1.05997969256826 1.90819287603273 0.207120016536137 -1.1194532672662 3.55499290035903 -3.34793369488568 0.0765649841907426 -3.15847559788434 0.583897582913254 3.59561172193165 1.22111943363324 -4.77079657747823 -1.14556146400061 -3.18901167347903 -0.11645539466557 -4.19271677740338 4.90595136033043 1.97553333294333 3.35815943995612 2.3360560683452 -3.16306692484152 0.376346964815991 -6.12471326322575 4.42635307350044 0.6156814013511 -4.00454930850092 2.82643619716532 -1.41032418155299 -1.05964604768954 -1.1950927006949 -2.71390302000429 -0.536874996970318 -1.01681971947385 1.7719370487245 2.72653047827081 -2.91641920146363 0.439053222922383 -3.36605591392146 -0.22780838612168 -3.42654689773778 -0.777008618293663 -1.44835619888537 -2.30235245053063 -0.793905507666073 -2.80324559627303 1.55208718414401
"510" 4.19355534754074 -1.17922337119418 -0.841683325639545 -4.2484351603821 5.81134303935985 -5.62532377875043 9.04759547980424 1.12305833124195 2.65484466059121 2.3812980168217 1.91235414990063 0.166566829032716 -3.140231683556 0.457187008849652 3.79364930527161 2.78362411524097 -1.93764136917833 -5.0861770472232 7.42253408637876 2.72542870456 -2.17830335646037 5.02842453086659 -2.15613182723126 1.32843419224728 -0.153495623156858 2.79178049175624 -4.63566248995584 -2.34249258887548 -3.54980867897452 0.919341639953488 0.879888929199841 -3.68071392797141 4.24219552602724 -3.40229695446252 -5.36398062794674 2.93716860058686 -1.12483369915999 1.27120816534885 1.81795873751151 -7.76207254164215 5.56594347822036 -3.56709925368597 1.50530850040485 -1.47795302651031 -1.06772716465383 -0.527770175154192 1.22547449407162 -1.59777267976629 -1.61470268073346 -2.24894095743257
"511" -4.87245622584107 -5.47182286470267 1.13207151310253 3.6706969827861 -5.55756491060238 2.12792334003837 -5.21058970712247 0.655783942712417 0.415296708095478 0.558521125645993 -1.4099992996481 -2.45708698081568 -2.75053978929676 1.53756934513101 2.49975889968126 -1.42858272852299 2.52566423792261 1.76214051059009 -4.09206574850155 2.33027411933373 7.43683518394168 0.338589231147137 -0.569419756676271 2.82979002339886 -0.199846877193575 -8.26949470470752 0.809516153364754 0.417003413621719 -1.9445780068343 -2.69128764628482 4.65643417583469 -5.90001927508724 -1.71626008332636 2.73135964013837 -0.271237423338998 -0.4622469336989 2.95902647979159 -0.0932003305553623 -1.14725297281051 2.80220437885715 -2.87366170055694 -3.74313273988189 2.00632635200613 2.45731633127557 1.30290803145654 3.08902714905374 1.90806139208238 1.56386989454599 0.543196503791965 -0.181334922411545
"512" -8.64694694501419 5.38749572089452 0.830250079270344 6.73973506135165 -1.94466613150106 1.20118561830058 3.18690742540646 -6.39100234337948 -0.226444631556205 2.25291614749988 -0.607189795413222 -5.07138638218143 2.57447875647499 2.9302377877399 -3.99740654725988 4.77393685208795 5.27968106550106 0.516400134727083 5.34187205591719 0.0471823344689897 -4.36231634926862 2.04542293241955 6.71586709610165 -0.416617411624115 0.659061207029097 6.00116218149281 1.61867873077521 0.498207372127932 1.29993612408591 -3.06563268930561 -4.15672411571177 0.104759422369107 -1.00418998528917 -2.91727372420287 2.3860185147608 9.10263210100977 -0.401610670243786 -2.49345999241807 5.25625572052947 -2.22294156965676 1.77383781378614 5.11094235081493 -0.0592279043392488 -3.02194695151873 -3.33943944654488 -0.774551166379801 1.98035496024843 6.96919330122485 2.6021366001886 -3.25175702026182
"513" -7.68970406006195 -5.33215442549851 1.93773469931736 7.518067656572 -6.51391859224488 0.77320730975495 -7.64883676496132 -0.955183096902368 11.974252715793 3.58617683426579 -0.943922611141374 0.610743840402502 -3.20759052504262 1.48473456397285 -1.39477601903285 0.274295395741575 -2.31281728688895 -1.78382653993585 -4.30511433597768 0.183290237315736 3.81604182803513 -4.63298128352351 -3.04079148072759 0.74612836607593 5.82456138128108 -3.62549330119666 -5.63317583435829 1.34662820520527 -0.868575804722151 -1.56073774168801 -1.53945282939492 0.81075870738009 -2.60827689222169 -8.16341859491789 -0.76573685580714 -4.88222163785842 -2.39971224738831 3.90578514267103 -0.614579733435446 1.47830032541364 -3.30191738543208 -1.50824244421016 6.69854236696398 -2.20553781139296 -0.267514231150205 -2.50189695376948 1.22678539242792 1.54731533745285 2.98945463981637 -2.22283023957143
"514" 2.54636520017841 -3.69194012245306 5.80022561304931 -2.28552915151017 -4.88210158012097 0.229163078313998 0.179557826549037 3.81531282157124 -4.3594945297389 -0.980808410761901 1.17701774590739 2.36979663038047 3.87616648936178 -2.54444031722636 -0.429266598883431 0.10203748618314 0.643837632228889 2.38075248799832 -0.328046377811793 6.73796552284442 4.21004546309647 2.17087275133079 3.67926267847826 -1.15338320922388 -0.627283709324862 0.399457574468848 1.20630360577205 -3.04162228964386 -0.605020159848489 -0.563318721166996 -0.0827196820264594 -2.46735403503141 -6.35268413888113 -1.71125342014563 -2.90738352479304 -6.0592763841816 -0.0108581061093812 -1.81518507740043 -2.01351016442205 -7.26326196597499 -2.02700862549055 2.71220613070084 1.50563147676455 6.27238092266035 -0.190639968172204 2.41713038785525 5.13991600007141 3.3829333590581 0.459234510364562 -4.04777297016961
"515" 5.46331835204634 -1.77941180100154 -0.492437362776239 -0.166443302498331 1.012828876953 -6.0124415326595 0.104896025229619 1.91110740148877 3.93590332322908 -5.23220912172139 -1.9569113831063 0.215264559065279 0.504510312266663 0.829143523100237 -2.41712440160786 -1.71258680649615 3.35326312225313 0.167055851781654 1.88048565363969 0.426563920389636 -6.08544910099904 -3.37220394529777 3.80811829126406 1.40233441337498 2.6203400654976 -1.69377490499201 -4.60763204615865 2.18911836497773 3.41410919239136 1.59151346252424 -0.620285013467863 0.562661334889 1.87471830094861 -0.845140646852996 -1.74923901414491 -0.237712122008289 -2.71523390845863 -5.87678862281185 0.00891726663907293 -3.33412710434017 3.96898884336213 -4.51897169910161 1.30224734464382 1.52532033602988 -1.14924784405518 4.96651833355983 0.852648079600122 -0.912759461342961 2.53360599244015 -6.83393014644594
"516" 1.45320089214132 -0.982252742612375 -4.50584426314675 -2.03470016023478 1.93478834865794 -0.0140707019199355 -2.99435458260151 1.0925550092739 4.78468205844339 1.31437998446221 -0.946449159338484 -0.185414266277079 2.98481099609257 2.67040606984378 -0.534322327318471 2.89706580988357 1.50468850935053 -0.414680625454022 -1.29280066702378 2.82394794658207 2.5253995827238 1.42347651449422 0.96950389591493 1.71570226654456 -4.32403114349249 -0.262531859587765 7.50703850822865 -0.981455820580967 -4.63057191437697 -4.9270832082112 -2.01285389108883 -2.41499135715427 -6.3328519182451 -0.916087540756119 -0.539872265727671 -2.18699558742949 6.73401273118948 1.31782517669856 -4.00811407082284 2.40572230827676 -2.82112307028929 0.805734183514922 1.25309494283374 -3.59614689929913 1.35359735893097 1.00940762459577 0.0868087858664493 -1.97872648825221 -2.0835691601484 1.44470155148098
"517" 4.28824707203042 1.53770173438838 3.156316927677 -0.455641266986681 2.00126875696544 -1.60510741340717 -1.06478395469752 2.24060947428488 4.32811279312995 0.534094027332534 4.88355967456679 -4.17971047045514 -0.967718194294098 4.4452582863102 -4.41295758070183 2.6207305561569 -2.09972456040871 0.989759069028485 -1.49644111199905 0.036953040972764 -0.982186863008403 0.704452711433785 -2.01568474374172 -4.86920679414828 -4.19408535015164 3.62531781731576 1.891046150452 1.10623281128755 1.26284833934369 0.10569531542932 1.58479268734212 -1.13739252179932 0.81255824721812 3.89052475093546 -2.6176037010676 1.06225955462241 0.350184465556906 1.95878648013083 1.72308203824883 -1.39663147951406 -0.907100322633589 -4.49518886664406 -0.95009925252903 2.58317450193119 0.445378262741589 2.82327271910104 -3.70068108351634 -6.68760409843563 -5.24111456583125 2.78986467407623
"518" -0.900910283301046 6.55522885843913 -4.15646215886171 0.287085965831367 -1.11507027573592 -3.23800256766649 5.84000162624433 3.29835677856435 3.58267858905529 -1.69631967100841 2.80824267975661 -1.87144948435591 0.667061059970071 -0.582082648231941 -3.30117137369256 1.22703723109706 2.39065190252587 -3.63419823955884 -3.55315304102532 3.26755596095312 3.45130164131855 -1.77611403244105 -3.22699962456853 2.62639975287046 0.520839338839075 -1.4059738026349 -1.82908851867214 2.15860153720892 -1.72570212119171 -2.5637342198037 -1.22256463194209 -4.81993515271656 -0.809159003833501 4.55036907001907 1.38331383172078 4.24999649470921 0.553755517224847 2.22498419447771 -2.79783777065491 -3.89579331021364 3.82562706785811 4.66199699774678 -3.00724050564074 -2.14744970819876 -2.79186828267574 0.631213874391912 2.23704978896368 -6.08068176964837 2.18982647980658 2.36289392865238
"519" -3.89041535011241 -0.319321005981346 -0.667746649802662 2.11199169681648 -2.02162319331199 -1.1517990655219 -3.02512471914014 -1.3503444821232 -0.575982253537565 2.54352014538306 2.58016269066488 -2.48012589847762 -1.14644072136026 -5.19707634549869 5.45470092642506 1.71635904432188 2.81833708464289 -1.573170257777 4.91995547365146 -5.50539102480254 0.0889080099993292 3.53884610652386 6.61961737248838 -0.896405780207002 -0.525058918016367 -3.45628597253468 1.96498552569105 0.578386029301363 -1.05773198375262 -2.8214767335353 0.805946776955268 -2.74784195887424 -2.67442534636756 3.62492634454142 1.60903723133053 -0.360360782344171 1.79566710917855 1.6601794026008 2.08607321812842 -0.702031564081171 2.15189201060082 3.6409255436591 -5.58633002092838 -0.449066763843265 0.423902913868271 2.96187511328037 4.92690354990553 0.49123722268381 0.110915428223606 -1.03899673479335
"520" -4.30700842334398 2.39329299657596 3.66572393722152 -4.48855629952049 -2.2624630618128 0.608535038306723 -3.26108566191996 4.16064609618988 4.05510488956601 -0.593490457543156 3.6870373179626 1.06705702359109 -1.10282227621159 2.63482746866153 0.898794363895616 -1.55602263444622 2.51441862172837 -1.97171208973772 1.07551537808446 -0.833694602366278 0.219440553491324 -1.19913781054017 1.42683677526967 0.852354377379981 -0.395651140622904 -0.627759866649483 1.04724295968237 3.6625027598728 -2.58201671042018 -2.22963901763592 -2.12023557197351 0.122588706748747 -3.57251517596401 2.15608293046898 -0.903442455162034 0.376932047888017 3.52119925872581 -2.88018156913247 -0.500931949866894 -0.452600369434826 -3.62003969253721 -0.589969403357418 0.638838595432494 -2.12704987213413 0.396986974848762 -1.43472864060216 -2.17128267511693 4.80208336013675 -0.7340845230938 -1.27752416340949
"521" -1.76839569824925 -0.848462162183701 -1.00229397833079 1.68058652883308 2.56367351105419 0.883489174789393 1.17106072728643 1.70015438735723 -0.325398434408359 2.41921848461193 1.05480155640351 1.70355229924498 0.331973748856151 -0.818258328560553 2.58392815739632 -5.35887791278269 0.69365375068711 -0.521693122990116 2.66042475783206 0.199703445227882 2.21808918372239 -2.32049242206197 3.77501720998341 1.62342301961673 0.990032646231259 2.3729989884446 0.0185219156665086 -0.100824026961494 2.40535053552963 2.96635168450443 -0.886528435011367 -12.2810086301488 1.6919778986825 -1.4161695230307 -3.03590384475916 -3.89552589929021 -2.05755291115528 2.71586710910866 -0.0964626554378327 -3.05778605958312 -1.76976345599027 1.28130702500131 2.78273418198321 -1.71326740409093 -2.45381966111087 4.46533509381876 -3.45880950826533 -0.810969989852946 -0.311327731084679 0.282828125901534
"522" 0.34391197682849 -3.75349045389205 -4.02871336158332 -0.479360714381083 0.684731147163987 5.29927284136928 -3.38119148590317 -0.821218654493106 -0.60251856586137 -1.92353643475201 -1.13448342021024 1.31690156407608 3.40810825142903 3.19118478588416 6.05002149723624 -1.86881546696001 3.11220386942755 -4.12994732833195 5.34904681188716 -7.55997582965885 -0.919534461259816 -0.459859479902445 4.21662758636653 1.72499789314766 -0.00486713149918639 0.79663606439769 4.59245992306813 -2.04922243656808 2.0404449994616 -4.65297250921935 0.0912436547785056 -0.364808805981521 -1.89113197164845 -2.63410123292888 -3.95707702111614 0.275867473719318 3.97402166894334 -0.270326985417689 -2.19471312592619 -2.6941417898406 -4.02559047808075 -2.74813068449757 -2.65932198110678 -3.89774815983031 -3.72128068077892 -1.91459492742838 2.00641827955869 0.322506761662767 -7.79502103976449 3.88544340834324
"523" -0.100967848478955 2.8238677291824 -2.57126221327248 -4.12713283889938 -2.40638109375479 3.27443435045048 3.46653678597765 0.275163456896504 -1.9616178629601 4.79130515691258 -1.26095112022245 3.38315710347021 -2.11132872747715 1.30491782569078 5.3099510415702 -1.74602832416873 0.610922271646407 -1.83858713310839 5.59419697465486 -0.174006000349541 6.12236600484121 2.05981533179025 0.0644858959911592 -1.81062684807586 -0.307342221976187 1.83593797750908 -0.0604854334096812 -0.820601401026318 -0.403072825837665 -6.0711805881554 -0.439010481904986 -1.21335070573361 1.54728451656748 -0.376562265774138 -4.07135747675643 -1.90773485624342 -3.2052877531304 0.630687872960521 0.406292384541175 -1.68121182168732 -5.76785763465436 0.890156107515989 0.086052714836842 0.11486201300608 0.519876464079774 -3.47475080440564 -2.04711902266452 6.60815325573551 2.35870869697858 -7.44046898442081
"524" -0.560008000051686 3.37451638617281 -0.789527489381323 4.32848070690301 2.8905960054329 0.136339173161063 4.66697514674458 7.59223374073643 -2.184982451494 3.44945126307336 6.91020940587904 -3.0336048064972 1.5063903530733 -2.09561946841049 -0.349215824743564 4.18243966348293 5.06793063385914 3.16473280195022 1.99419907804253 2.5361545167376 0.47859725212212 0.903582829302621 0.598039128689013 -3.01311151049975 -0.770279489716023 3.58213535698642 -2.00828162977648 3.97704405465912 1.79889592086851 2.04304929827271 -0.983896476554941 -3.09022666230201 2.9762156696577 5.8726023648042 -4.6270392824704 -3.50626738093034 0.051237326312607 -0.0148171433147721 7.20481832202809 4.39285853212305 0.964403349906523 5.43065387385693 -2.48504769683282 0.621747416591987 1.13618348214471 1.15417222052826 -3.93789841432634 -1.17685717842929 -0.840869911546057 -2.89897903597531
"525" -6.28909189100235 4.74673196389022 1.52763731971571 -1.97204635376547 -0.53330597870285 3.34428080119832 -4.88739085799313 -4.38468806144313 1.40292719082884 2.05192321633884 1.72820681436651 1.18471839787687 -1.09253442060199 4.73646139943926 -0.496993442907749 0.676567525405965 -3.89090697649964 -1.68515622650684 1.14200616842251 0.436078726058798 2.97423382225902 -0.409211714138563 -5.52478253533843 2.27887188175707 1.96858065757763 3.92311562440773 -3.74276074160962 -3.88585376850382 -2.42000954499539 -2.60557142167732 -2.33769046597043 -2.76821700516858 5.55560343093868 2.08749205226033 -0.526973864343928 3.56066463882892 -3.29061232320927 1.29737177044621 2.66596962818699 -3.54361796390838 -0.0300989837877175 -3.6864541748494 1.59665503651786 2.53327659816318 3.62629324810604 0.509049320546176 2.58284926980194 -2.76246343636681 1.41036951547598 8.0077565105622
"526" -0.74431148529884 -0.715576523792133 -2.44267029782584 0.260775748988395 -2.21211556212218 -1.04973229916907 0.238925810745872 -6.13742263855947 -2.32991294713628 2.06248618090419 -6.5172812299842 -1.17965883847302 3.2583943079969 0.0565396338138161 -7.85403125624378 0.829405383160966 -1.39165882536919 2.84493166906527 -2.44089911299111 4.79708879182703 -2.23138100063623 0.853543324567837 0.157469134552996 -0.917406939433661 -0.0147083898370616 0.618833587824589 -6.06047108721862 -1.32425561316547 2.30290156444994 1.5512721299647 5.67345386553041 -2.58705044327124 4.18770657763826 4.24401272910413 -4.9540571086573 -3.41973149525981 -0.709442308159378 2.83898999801313 -1.10976579057941 -0.865750044124308 -3.80266660274112 1.59590639588635 -2.87978366055266 -2.41718102163527 3.92183367371988 -0.487131457953065 0.0294892926858988 2.04918554789979 0.731020128743644 1.11751268338626
"527" 1.73220609805325 -7.19037344924469 -0.916976697879962 -1.64323393421466 -6.00915838289929 0.451088610826734 -2.31661574699334 -1.55653705858072 3.08744018160218 2.73122345650391 -4.07931607490097 -2.18385115977073 6.42216248922108 3.8948134826904 1.20334775890334 1.92205798605322 6.72166058667012 -0.479958027384558 1.80326167882646 3.09675947318636 0.91953953214752 -1.59445224093503 -1.33492670436975 -3.30411159266247 -3.1219581579466 1.78295988023043 3.45015181633357 -4.0305020417372 0.728680072750782 -1.17823050670127 -2.36058320935335 -0.653432526156579 -5.97583327232737 -0.0733976508026258 -3.50779369170276 -0.0892782454905917 1.51655424441488 3.72909073879524 1.94427739348475 1.12159590694351 -1.80888298487669 -1.99782054502574 -2.64324786907463 0.00496313234396758 3.77228204426607 1.49495049858018 4.68406571334979 -2.13617491118274 -3.92972204845568 2.76179409262289
"528" 3.66157517667188 -1.07423044004667 -1.01936426418198 -2.92349924941329 3.69260817551538 -7.73750258142746 1.18175246318928 1.47542261077409 -2.51407017674119 -0.641105974725195 -7.63044057788936 7.24179029359133 -2.84374594893248 -2.77192592967684 -0.746035655010625 -1.36381852386934 0.47881874597868 -2.54164320628282 1.36808249493278 3.21221451196896 0.31125275705332 -0.934041344223774 -4.06196429765176 -0.562597460744438 -0.100557892636747 4.90625423811253 1.53874462656939 1.56967530311358 4.16917044171759 -3.92214553778771 0.0764038039264486 -2.33707540778049 -0.46971211626386 -2.00753003774204 1.38450558350406 -2.4426398334758 -0.951707463404733 3.76321135062297 -1.79575446142311 1.64978070839677 -0.963820114302702 -0.509802321892109 4.03966114373326 -0.654940856871353 -1.84078330730003 -3.04080481325281 -4.58498803616407 -4.2425475967531 -0.286010232829208 2.53625541641296
"529" -2.35205891770358 4.95835194231788 -1.87190711551162 -4.68412688319354 -3.38430095218068 -1.98546186456562 -2.66489286283938 -1.2014216632321 -1.25707575648674 -2.9761613659556 -1.33656499286349 -3.07356826101967 6.27037585207314 -1.14331624877385 -2.67228506719207 -1.66490011261804 5.52661704141813 2.59724650136561 -1.99292227985374 1.96083502146064 -3.12408566002803 2.69264234011262 6.87405523474376 1.6607562627512 -0.513991553452586 3.10379605732399 0.65184064037204 -0.123933263266571 2.88307933205776 -5.89073796343459 4.08997861345794 -4.88362664531068 5.20223951062568 6.0495422870912 0.316342154169933 -1.09282155632093 -2.68976953673707 -2.37243837266031 -0.870107263622656 -0.26371411582913 -1.06644808551699 -1.01232591844193 3.76975477504996 -0.203533435321099 -4.13400830378814 -1.90337424491908 -8.15479583576878 -3.28172310575539 -1.91016008225553 3.63110489138479
"530" 2.24380035802426 -2.08444584509998 4.64003025891303 3.35153803597194 4.70063386746923 1.33772670449558 2.42443023461896 1.67219552646056 -1.54181624135163 2.71213709478014 2.8882970965553 -3.32185094224893 -1.6911547379752 -1.76285450001688 3.84300034416395 4.05363932815967 -0.00632660981025339 1.51901991126506 -1.70820599357365 4.00182472721082 4.88046980643027 0.647424570670743 -2.80827193442164 2.07589318624119 -2.14132698655516 -7.50625355835091 1.12829839060799 -2.32829264392239 -4.31725476141439 0.552287452160305 -2.98960401924512 -4.08210337860695 -0.258224776484665 -7.78606758562616 -0.842948875058674 0.467864671031917 4.58908227489495 -2.45963653875972 -0.689739828605032 -2.62581905186848 2.82834057462079 -1.16559798154554 2.75459945494056 -4.35012331636655 4.70329324607872 2.23045157501188 -0.102797653802452 2.48288385245373 3.46672305073495 -1.35218899270544
"531" 2.48593930834456 2.06067938020365 1.20299302241928 -3.73392008270849 -1.98896273423295 -3.66891078826264 -1.19047064690309 0.0566752893079684 1.30002789433124 0.365928925803123 0.978509250341779 2.13412359300993 -2.47344741735463 -1.3752263257949 -6.40595583487369 -0.0848744834161431 -3.39520475281972 5.800231544092 0.456788600019207 -0.521833887726033 -1.74076245402241 -0.915858867375778 1.92755361480557 1.94330990537405 0.696816626059475 2.34604710907224 -1.50672094871281 -0.656237104718243 -0.0960693073710057 0.387236225637232 0.291766743917087 -7.66589763378707 0.698993738847898 6.21042166969829 -5.13989088288241 1.46091706355541 1.30116299527395 3.00658504535122 0.475180477333142 0.357847025985688 -0.905159356229567 1.6379841688967 0.783933605541578 1.65651347514024 3.61211950200982 -4.48657056653734 -6.23425382583522 2.02494271035336 1.42084760282439 4.61806037247643
"532" 5.39330352001486 -2.20764759084905 0.75847238546407 -4.25682173494858 0.785072844892256 -1.26357035737567 0.259198310993335 0.42868237405034 -2.9103991646345 -0.341000875375227 -1.54021170621557 -2.00179160149704 2.34948491714553 0.101148272797622 3.66193659937624 2.8042499356012 -3.52522626579746 3.38291421303042 -5.08512139733192 -1.59194446606014 -2.66206033428024 1.62110485818084 4.17292095981746 -2.49973985963766 -1.36667113789687 2.38439571637475 7.99225834048307 -0.0605630772091652 -0.334525380284633 -2.53336040314856 -2.46547478452912 -0.026385646360629 -3.17373441742878 -1.26910287902306 -0.0796449535340293 1.92201292320006 -0.800556011525468 3.16687386057292 -3.6074855614428 1.99248646238343 -7.66476435164253 -2.1154353089651 -2.06661707551789 1.52463777777803 -2.47485557413416 -5.16751005189661 -0.699368399098177 -3.54395830110489 0.250593792039043 -2.06206011972128
"533" 3.76896313002245 -8.78110306221769 -1.30774690041689 0.62478158298161 3.60174239999735 -3.06432103478967 -1.46429548775497 6.74962107728498 -1.30377645541326 -1.70148035664578 -2.28583045600617 3.82464756417404 2.32922968753317 0.879333515049437 0.0241091806098189 3.72564913646963 0.619408024164722 2.55897937661819 1.30687074259505 1.7033070746107 7.70265967907216 2.44855326728353 -4.58765494641568 -1.53026209095344 -8.31187262351592 0.690124339875015 3.29305541763184 0.0335849952765541 0.618142243310951 -4.8678588950342 0.0144125904466245 -1.98102183743253 1.28094238360503 1.89809036779036 0.73011471938259 4.63355800378462 2.12656215028495 0.320022311756513 -1.38930376221317 2.92696393216671 -0.986221388316257 -1.65730883082874 0.989458217769965 -2.20666857072298 4.19186268987546 0.892403532453494 -2.90727397921165 0.839520453860971 -0.216425180033983 3.45607600260322
"534" -1.33145212021287 3.15426366399587 0.280965278560013 -2.24922441067383 -4.33298051724728 0.869736484699423 -4.11731036372615 -0.333315778809034 -0.89963068688441 -6.77208768509213 0.0180294722435228 0.76327824720165 4.04533461789049 5.41477307524026 -2.93525475308142 1.82703997950406 1.05195770948373 1.002571810449 -7.85213418029432 0.827993358481626 2.69267268059457 0.73021421644873 -1.96315414890721 0.34098155963703 -3.01065881648611 2.05903889032612 -1.10694446080756 2.13122123512857 -7.52005222146975 0.36078096133262 -3.22792990674157 4.37199413166975 -3.9178320281112 2.74600954144264 -4.5999603167692 -2.9911494918694 5.16475871208413 0.247803009504254 -3.54729822383822 -4.33446306440747 -1.50920098878914 2.32226153521589 -5.10187797801435 2.11214696587798 1.04566006659114 -0.110354011127403 2.37286687608066 4.76499370814196 0.527256703259965 4.15571580398643
"535" -0.158490549199572 2.86890648084553 5.70012636305751 -1.05371300638931 0.445138369200283 -0.870772518556945 1.51756083878713 6.08724142969362 -4.87577378627643 2.13129509663085 -0.70368188796441 -1.80394227160646 0.862438756936752 -0.554923283403433 1.2129697304731 1.26203140146143 -4.63718111335854 1.26166249570933 0.617986542562274 5.1630637766855 1.84866365924968 2.60694118087759 2.52989878495572 -6.86266472918873 -2.87854115653708 1.60627124467341 -2.15126318886115 1.53061579123076 0.886835754357986 0.216314847069819 10.1451354188475 6.23178312991704 -5.79138135095022 1.16858028354648 -6.27194715625043 -12.126504987392 -2.03003054118827 -5.68238846953431 1.20945888082089 2.91559266945997 -1.56268642669292 -0.265569270149874 2.03626244196351 -0.101525524351466 0.198294504587224 0.560814415384199 -1.93145016145904 7.68524957194995 2.39066020821423 3.34804190412631
"536" 5.42321601111923 2.81865935840173 2.12057269297394 -3.10187293437021 1.32241155291053 1.49715135128141 2.35734448154514 1.59587442750233 -0.79781066348083 -0.165342069544461 1.89709340757057 -3.45515519819625 -1.07875088983655 3.32856368956348 -2.31710328737868 5.19249081617736 -1.39382665187909 3.05640464083073 -3.72909539549756 0.770091375453055 3.08816407507209 1.76488996723353 -0.254351364124237 -5.29935186598377 0.612540500264559 0.0992076731615271 3.31460635130819 -3.614228359125 1.2691191390044 -0.884120093532964 2.01050120413617 1.56234379541429 2.77440139109532 -0.0146614919560594 -6.50517158457486 -1.82903570548799 10.1886213073045 -0.400692717373246 -1.18606319447061 7.06075426014513 -0.922888083559221 -4.93615425824912 -0.541821755051859 1.19441961767509 0.321209844333497 -0.561694779878285 -1.17848354288714 2.99861814637468 -2.06312198436074 2.22941542901483
"537" -4.63473046116576 4.58163553061984 -4.56824997235662 -3.61145128071904 -4.77903754286235 2.74162409702841 1.67579625851684 0.0445445686914327 4.38547015551849 3.55039708988345 0.370301401303764 -0.0937096064256501 1.55617160347272 0.226090244296545 4.74233898656126 -5.91535891374718 -0.842551916404289 0.856964261594926 -2.32281627832095 0.42737183899927 1.48489332238635 0.0562587620533176 -2.81180391020129 -2.66637703585978 -0.449742276139102 4.13267281136264 1.19859660060292 0.3480179340408 4.12577237205529 5.2208615162509 -0.716390491736322 -0.652104885442455 1.73960689288705 0.281324953501834 -1.89075132259871 -3.07069191050454 -5.0694753344663 -1.71721788884037 1.73809280153955 0.829507855083005 -2.3402842002539 -5.89731621532543 0.673156328084687 7.51778230665666 -3.93533383508888 -1.33696892356624 3.76133737343607 2.73578245892165 2.39537189628476 -8.5717020780556
"538" -3.05479554649352 1.80349246777448 -3.98603402414994 -0.661802787202016 3.20181833544449 2.11522353817643 -5.43619771229458 -3.66725437510765 0.478110298931646 -2.11923890365697 -0.52254911395074 2.00370821198023 -3.29376680498236 -2.76776254994442 1.41615311310586 1.19300440232276 -2.73912469149249 -3.06250101278332 0.954173043334722 1.73968178840617 3.19947421167815 3.05516322634445 -3.41974809769619 -1.10194345724027 -2.07820507106708 -1.02346129598181 -3.92448404868173 3.1363531900417 5.45467407554931 0.449186942035789 -0.789842347705436 5.12790187792268 2.17498266353264 -4.25526658788727 3.82115928876849 1.7434639668688 -2.26967112097437 1.00184876220913 -4.1748418613386 2.62665172825062 -2.58945689041466 -5.17226746950471 -2.33667033801995 -0.382172674334115 -1.37464395451085 -0.0267138375558537 0.745451392044211 -1.11233238910009 -1.91851439837912 -4.25207660016427
"539" -0.829911512360184 0.411184486070105 1.52721254926142 -1.67484139563002 -4.77780467030057 -3.75228212575417 0.328310822005133 -1.69135828280897 -1.59598995033706 3.82108761902834 -1.91604646256939 -1.9773992108157 1.17649877202542 0.221848327492964 -1.78115268665956 1.78895731766237 4.09421020399417 -3.71713403068171 0.986050527540513 -1.96886805583074 -2.0444632195428 1.14712278657147 3.15021570876036 -1.08449627529881 -1.92663469435709 -0.187572900734303 2.48154431022711 0.476018705751242 -3.19242502296852 0.193367188112962 -1.28968697188503 -0.375366195261491 3.25654771120451 1.00211402083491 1.08141848979753 5.6661813420994 2.58710524723707 -3.37603610742614 -2.3570908459207 -1.65737968522181 -2.02651655399801 0.125023811069143 -4.68495270657468 -0.0741831382060991 -5.04296105769817 -7.73317847720168 0.509572601060419 1.68346390951234 3.85476880687861 -5.8233157127357
"540" 0.152750076639156 -1.92694212527009 0.782941457227517 -0.34794208206627 1.00510168170425 3.10086743614022 -2.08504754857616 -4.67967470270688 -3.40916163568163 0.805756198791401 -0.611917120023152 1.69109057890775 0.550904317503139 1.72854702652886 3.42537164884343 2.81759163967729 3.04912024992742 -1.59576403667825 -1.65578560144237 -1.66065119769522 0.960709709227096 1.86310933968854 5.57024357899906 1.57546837594417 -1.51976213211723 0.890916463906723 1.62908934071794 1.84309036283747 1.79756073384419 -0.689365066996404 1.89564977856419 0.353897999734594 0.402281467232578 0.36190681580475 0.728190054843832 2.00052438403182 1.08368570715213 -0.419079199241389 2.62099030975162 2.55882188823735 4.39800811656675 1.18743214440034 -3.89568820895721 0.211703923468255 0.181951598381892 4.33550083169549 -0.160367428202247 4.37261620856036 0.0566938439457088 -0.278831344377671
"541" -1.39423745199971 -3.95238789590428 6.09518229061769 -6.38080375041009 -2.35434736879144 -4.1151299738304 6.28977946994416 3.632798417824 0.260230011997288 0.0116311529479607 0.571271709439614 3.35094828224457 -1.29549117528207 3.98347114660683 0.805946743539986 -0.0450530615223808 -1.66760765569991 4.56104708214189 -0.363151499807227 -0.68107006239755 -3.49503636293244 1.2119085394827 4.10683629450029 -5.49092130027286 -0.931381290513112 -1.52226960726051 0.128897738852832 -1.18871348726626 4.95843103045665 -1.79315922756623 0.591517973438451 1.00953260293084 -4.15373686210355 -2.54469185450169 -5.19450848553196 -2.13533020886953 3.44075128144756 -0.312267386104514 -6.82013152176599 -3.92112824179788 -4.66083720451102 0.343819467360638 3.89911877558764 -1.92424462177039 3.05485292459596 -2.74826648720242 5.14903310890887 5.41576890670511 1.10734417281484 1.24137922805153
"542" 5.20904005113271 4.20513271965573 0.579140962793188 -0.978517481607554 9.08958727762126 3.37682160264911 -1.03861325239267 0.970485279058065 0.35875424250209 -1.41980139252545 -2.39020733597705 3.37848124126643 -0.479773465738201 2.81459148345309 2.38382473708555 0.0365590416424503 -2.04728375763661 0.36557011636481 1.55412912082156 2.85064638608033 -2.08433921016433 0.162722652184323 4.17138758009691 4.0435814263645 2.91531275904945 -3.35216795502376 2.70814136249244 2.79850964542359 -3.26071933891939 0.446574837025853 0.28961870600375 2.18876093694372 1.3339137006391 0.909441252328191 2.92064132963011 -4.89629146719308 -1.39269745241699 -1.51348733150682 -2.04445017551989 -0.869538239815947 2.36200752526067 -0.525492144723461 -3.84799802325072 3.17889126526287 -0.721138924602155 0.356639627048851 -0.937973395868364 -2.12832884236736 4.54361021076936 3.22254267914999
"543" 0.470202495843117 0.696869517034107 0.393019337443423 1.19556207656023 -2.5041421280337 0.442708216345562 -3.04067429769084 -6.767012263277 2.29624514724386 1.48654627121058 -3.14723517902789 -5.08143872960677 -2.51807843156825 2.1765810451636 -3.87286374455234 1.6180412545171 -0.321015053861353 1.47298639336366 -4.04581551502171 -1.95763520793128 -0.415800525839566 1.78295655978275 1.67413220908592 3.30421360257674 -5.85886208715853 -0.31377962201612 5.26283716674039 0.375135658187367 0.217916415375136 -0.590150051086022 4.41406623145351 2.46697856375845 2.83130233536374 -1.42749390831762 4.69184634877812 3.66509501884667 5.80017090607268 -3.39816243321845 0.735321949646312 2.31232990310397 4.74085107248728 -2.68355216638435 -1.35852502000379 2.12555983851611 -0.197387695834078 -0.611934445833249 1.26862573682259 -1.55452004704649 0.682966330647585 4.05255123169242
"544" 2.99285912383943 1.30938679808314 -6.12734686799126 -3.87906124094965 2.34266607654978 3.76244582848722 -4.72668810718513 -0.616769690677041 -2.10211080551168 -1.28547911377217 -3.46315588709541 2.39507526938582 -2.46876264553034 -0.520452779459164 -0.264435758114461 -2.54395755168611 -0.505596569336314 -2.45694004214174 1.27100561925276 -7.42443187725741 2.9501064172541 2.81632123987463 -1.51057628231439 5.45821023748932 -0.664738099690779 -2.29983952445916 0.233668971904888 -3.04737631580106 0.815499150364518 1.71484215510319 -3.1340159470954 1.89767984703133 0.0417771566816525 -1.34721844315971 -0.707181770890581 2.12657991115621 -3.0206618085796 2.30636574852574 -1.14406922741252 1.30711430252586 -2.20572078281481 -2.72629699645921 1.11913341593687 5.90919396961894 1.30301511879327 1.92181202551777 1.40519032520944 0.313465793028087 -0.155024689638065 2.00188112023632
"545" 3.63890360260905 -0.279293362705854 -2.95170958548317 -2.20805167848517 -0.671241789861991 1.4535197038619 1.49778173361839 0.0368667205086173 -2.21933550995265 -0.587218032292172 -3.86130738848266 0.838919965393914 4.81398869127249 1.03558125212279 -1.657923662413 0.30152849218879 1.8041869390441 -0.874316785517933 0.975967276862547 1.47810929541474 0.307340493593601 -0.920366588394777 8.87543017545935 4.8943446132683 0.587091959475086 3.54604584693884 -0.367351445030816 1.03682100211356 5.5487140223834 -5.48400528743856 -2.1313854557854 -5.00472221475253 1.8211481503177 -2.62734794592548 1.21532188254731 -3.61307039547602 -0.976006404813094 5.23591669358165 1.45709715562939 -2.44823387616111 -2.50476655689046 5.66945848515005 -0.488757718165749 4.4997903314031 0.910437148076937 2.0962802926013 1.1288320041617 1.36612201445259 -4.11323523088528 1.57132469691103
"546" -2.4576341401888 3.03713937748544 -6.48094781301095 0.205627849874901 -1.24383091673729 2.77895660986402 2.62702179051152 1.4246230094127 6.25725826095604 -2.20540659759175 3.96901780743112 -4.77890649642151 -0.725063567677242 -1.47082477881901 -2.82705069897394 2.04458288750828 -0.280366812446932 -8.70938252299077 1.95322727522483 -0.959180174960641 -6.29406406010604 0.318937009296566 -8.15814145326882 0.92565146261901 -6.57378883191501 4.17079443755954 -7.34236525927957 1.30715795281123 -0.360792618715995 -0.352253646660517 4.1581426156168 3.99978147114937 -1.62752203948676 4.65286896479246 -1.5369553504902 0.20495355958451 -2.97167979383098 -0.678499723993146 0.793557815153776 -2.76987377440687 0.511676756601785 2.42768644460173 -0.971836625861681 -0.168439963863702 0.349231547515769 -1.85297779400948 -0.0673793115691432 2.90871624508952 1.49169849960032 0.658082428550854
"547" 0.505829886150114 -4.59002083133476 3.07381756467727 2.03525456815005 -0.515722796667737 -0.125895971451215 -6.3990820405469 -5.15957499631917 1.30568911073306 -4.97419266510857 3.63112128595987 0.826908754992516 2.07372453528307 0.594296515373065 -0.952954288336477 -1.81095496410282 -3.30432257089557 0.600789955218493 -3.12916247557202 -0.204980588618239 -0.895623307074353 2.32865153715967 2.8709290605956 0.317054011611446 0.875602411985854 -0.0321215480065926 6.33139517911694 -2.65763091926065 -2.40997905826891 1.73147944023854 -1.37304454261992 -2.08612248944254 0.94438400215267 -3.82847724063783 3.45349736151438 0.60694013549946 -0.944673611824288 1.65339635623323 -4.17323160684661 3.46504734820502 -0.382943119123693 0.733491102234455 -2.19449901076787 -6.573064905955 -2.10905100104596 1.42480811239381 -2.84831212347695 -2.31360874582345 -1.25632969488233 2.26145919047961
"548" 1.54727530329327 1.34231186321722 2.17425774473729 0.801191490249513 2.18078717913783 -1.41575339279932 2.19944641096882 -1.66479167813338 -3.52041403463917 4.77076549745574 -2.58241580206984 -0.241184576384295 -1.97705846907086 -1.04657446162793 -3.79645486855016 0.077248714207889 -2.35233076596423 4.04674088239703 -1.09516895286613 -0.538554086981087 -0.881343112403025 3.25774161981951 1.22247094648826 1.26935613865242 -5.74433159030065 2.36431096826526 1.32017616681845 -1.23039495794171 1.89889243396257 1.06892944538846 3.01756563610713 3.64116956020143 2.88266344232657 -2.77983711411905 4.3499927825676 -4.67154504788799 -2.19390094935874 -1.42507593715308 -5.56562611762773 -0.190128760817009 0.771850953865162 0.965615554169573 0.905246775422262 0.92414908143967 1.42945321898652 -0.635786714430306 -2.71835312866056 -0.84707320035786 4.07288208130331 -3.25430761123327
"549" -3.63406105068212 -2.0917779665914 -1.69384739856049 2.43198009843935 -2.21556403483428 -1.60236510878521 -3.94895677498389 -0.879101962244812 8.52308248849427 1.44098640905509 -2.69255512446598 5.99151782238144 -1.33856818305827 -0.785746520554296 -3.49468210422927 -4.63104552585985 -2.55872310642578 0.655026875802392 -0.486059674961677 1.53731980020898 -2.67996054996374 -3.36547112279354 -2.5701633407918 -0.766611101627466 7.09482099479301 -2.45476172240636 1.27561294361439 0.0129774430995224 1.61381210841208 -2.42465280053359 1.59584080346444 3.29278148214264 1.56786849817773 -2.57127723253212 2.45485991880233 0.283120428112658 0.491953487892355 -2.67475425916816 -4.53125671476386 1.65265033556029 0.98769144541005 1.6048005005494 1.90335883107516 -5.38037280589541 3.80301119323921 1.15903254401003 -0.992563986278734 -3.14139573302612 2.65891535900817 1.29726651002612
"550" -2.51218444490224 0.0095050585110042 2.14145499203964 1.46819698023402 5.21746713405082 -4.57488778218334 4.95108752542156 -1.86429092131902 3.40051374069178 2.68777056726241 2.77541278038694 2.18869266295251 0.725170565701446 -1.84447203837006 -1.9367313700078 2.0880029488685 -2.45314596082888 -0.259441812282847 -4.05835676434726 -0.0650577387600912 -1.74686048016521 0.795033884397238 -0.272317526836018 3.12930508737058 1.62309963087827 -3.18022892053286 -0.709977772357814 -0.953477427082829 -2.90396816246394 4.65994488385836 0.454137256359312 -0.632815534981528 2.05318391817648 -4.59248564931392 1.44049921625457 -0.914050065095797 -3.1760207387731 0.434559883321362 0.783911266043995 0.355099984950932 0.903734164984662 1.65457963819177 -0.0359465866684657 -2.1355997226924 -2.08229246433191 -0.135759417431567 -0.219401762879856 1.6798098861817 0.481233476545155 1.69800107511362
"551" 5.88892104048377 4.41226971203415 -2.16510758466484 -6.76922330977564 0.994364878937549 -1.71073484601385 2.7116856801463 1.95720963475058 -6.63959538206258 3.75428892801525 2.3578264168197 1.95204882911262 -1.24162143771109 -3.7573429120243 1.08477516069395 0.275345579008215 0.00939503058021601 -2.3958264892208 2.66315638735317 -1.62569871949999 -0.128936724911417 -2.90864507594718 -1.73284915734858 -4.90585369321365 -3.45364989687309 3.04128170250591 -0.805071471004083 -0.412904941375588 -0.328092601488103 4.1857144880168 0.583720842739535 -1.59977558135126 0.545919296139731 0.965827075417575 4.57052695411569 -2.24243182361539 -3.67893385519054 2.35466578656007 2.2089846135404 4.23479823458824 0.176261487493261 -0.792931160409082 2.06357699956682 3.58636504598532 -2.15566003187913 1.64467532068258 -3.73291636994734 2.10068355920232 4.44447061165519 -2.32584339383911
"552" 2.57038444683458 -5.40218891887607 2.08343405404143 4.48669930531002 -4.59966242940489 2.3794344465158 -2.17752379119779 -8.16180479263295 -5.70544019562551 1.83568032940121 -0.889029795270235 -2.84502871388929 6.05188422055221 3.66052903148201 -3.74147524810534 7.89107490713531 6.55229095383062 1.39587237700001 1.24661205659622 3.88546743750332 -1.98838502295435 0.657141128106384 0.722932966082719 0.147886461446624 -2.91289354738344 4.24239097567314 -0.779002892222601 0.277853278112075 0.211460382292349 2.88401127436596 -1.44358296836255 0.332657817606102 -1.09223570862097 0.500262360306987 -3.22570825651537 0.373519689141111 0.554727463139979 0.345936584128087 5.91810074117457 2.3428918093988 1.86391163989246 -0.311280785624523 -3.96112040677129 2.63265139559661 -4.7919031343918 0.252006446078418 3.97700890535917 -2.37507792596009 -5.04644281581637 -6.26963067497069
"553" 4.82819740532366 0.361693453696147 -3.71419496365444 -5.23996246906545 -3.22072002764168 1.22508843894351 -2.03531767693713 0.440242025352514 2.17319912202256 -2.82375474469987 -3.29486119915371 1.65589288568899 0.66542709972512 0.754257675820285 -3.20472579824492 1.00643575732031 0.948530125822312 -0.556204021216365 -7.5617092499132 8.63063772748922 -1.22115515702283 -6.08565731602017 -2.44050003821327 2.23669511299812 0.577090520312813 -6.11076467572485 -2.10137809358529 0.890184179633796 -3.10560934678994 5.78318904673279 1.71475372479548 2.58410305344498 2.68318256863272 -2.79046882579812 1.82283405999393 0.546725542580872 1.58264674139652 3.35610744582982 0.423156436850152 6.49403963280311 -4.4511627623868 -1.10615603630509 -6.29112319214996 1.40538463637275 -1.64480661008839 -0.430906579628246 0.23560659099688 -7.03294913422694 -2.47779943937737 -3.88836698765769
"554" 3.99016417598378 -1.28208493434512 -2.08730069991297 -1.72485694898014 0.411787936898075 -1.54819087983041 0.96632209392695 0.569017153166428 4.9527872360587 0.989857058498361 0.0947422171947454 -0.666092681398487 -0.426381729334144 3.50763580105204 -0.313778936334303 -2.7711013722285 -5.17482997491553 -0.226957505136348 0.77946222918436 2.09007328330877 0.342838829142059 -3.83810899849079 -3.30299852141767 -0.591238636946925 -1.44596305246785 -1.69833191743647 -5.20691239246031 -3.75070982894668 2.63211498571603 1.56500602369124 1.45506191418098 3.34365142355665 -2.288654774943 -0.821755433412697 -2.3077753801167 -0.53966413798567 1.90787576039029 4.61173532097867 0.254493207846815 4.01059846117047 1.82136641731031 -1.14482598693414 -4.55958805362394 1.48998243811892 2.64606107909836 0.58497815747287 3.59327201158765 -2.90507282014809 -4.70088301898081 -1.74406171936443
"555" -4.87293615543857 -0.207727456217039 0.121863009938211 8.84040748829124 -0.51881555477618 -3.86961891563658 -2.88690796221442 2.74444701617153 3.70607026306133 0.463899645526016 -0.776157473193362 0.282570016400559 -0.863111697905662 -3.12635130791209 -0.708145609908169 0.426743109875747 2.60514788252551 -1.54209969221505 -3.72779303576188 0.38171401500673 2.86363763173518 -3.15115692686182 -7.52027556681282 -1.36657192831553 2.38066710464902 -6.53352303251012 1.75683235920022 -1.78283318985739 -2.96246463939531 -2.12012738732531 3.9713048578401 0.445654545034602 -0.125243861130871 2.96971529851262 3.13600894512266 -0.541442328616019 -1.022633517853 3.10317590709893 -1.96034877808082 1.09291109105559 0.254503078846517 -1.44011755617149 1.17750997114941 1.66175467213826 3.55808382120287 4.77472542403471 -0.373567381001632 1.44977464999195 3.44846124847121 2.47847716632323
"556" 1.77358872315123 -0.153527350543007 -0.19419566525925 4.34612533360436 0.709883949258204 0.060498779024392 -0.155887503406894 -1.47050414937234 -1.5609639186484 0.840655636040424 -2.51733020992479 1.02843280922022 -2.49426712777744 -4.41416716376582 -0.264415065644213 3.90818945344746 -3.08637512527529 -0.526362820587004 0.0446312983164848 -4.67631517095352 -0.286173852895849 1.28380021500125 0.260321369544955 2.77247336757697 -1.38626812953387 4.94587077155384 -1.0388014443439 -2.68833627612214 -3.83179533589927 -6.26434937933606 1.05890134094395 3.05969320756328 5.95299958337482 2.58401308977365 -2.41806664476124 1.540224874979 3.63360940732132 -3.63386507137716 5.55742226625546 -1.93979678388198 -0.864190376313489 -4.89439083852356 -1.66187478060004 1.17483149097551 0.135202547876461 -0.545590135008674 2.80489924025157 3.0692879869695 -3.16480512022441 2.24329242906524
"557" -2.73654427535424 0.0939647257446585 1.14143340861045 2.346292638203 5.28291797099268 2.45276287549921 3.37418532573737 -0.636289339987723 0.454964851648713 1.58874928573891 1.56156674092104 0.332085461859583 -0.919874750758619 -0.0234273769693752 3.01477007514332 -1.19009262287133 2.30742924196421 1.88364841234295 1.35059164795081 -0.692247274040775 -4.0748120714154 0.00693869152472665 3.13856694730537 -0.951815033415058 -0.993297192802066 -0.561363024732895 6.59106151648371 -0.989764504144667 4.5215244921917 2.8268104895694 -0.204269934373144 4.67030012848067 0.886742315628615 0.332767976373432 0.792879597193542 2.75660199592696 2.51508095621615 -3.13966271778668 -0.487788860885277 -0.628229867218009 0.953167094071509 2.12943832217861 0.0583906643251408 2.91333372447384 4.82407476759955 -5.96947908715514 -0.958464812570192 -0.995045650734062 -2.08943574551399 3.64603200442991
"558" -5.39780114744302 2.16955183556449 2.85415753739395 0.347118697357912 -0.23162860960937 -0.86218292770832 2.75204653016555 -0.27125641932338 -3.07308233955156 0.526065195012958 0.735596917492461 3.16900452920165 2.2125975208122 -3.98310218768238 0.611364500029222 0.827696814623527 0.023610093060414 1.02133270057067 -2.81463625538183 0.815445232624872 -1.81220649043984 4.59754033274138 0.26305585452465 7.61565380979146 -0.35679933666842 1.25318577288151 1.46911866159538 -1.71021435587408 -7.94857697857864 5.15312491160462 -1.00724116714948 2.87305444737698 -0.271299109076876 0.304804512884798 0.925621930996412 -5.59888664913178 -5.64784741235536 3.13686714667103 0.900553430304472 -0.0508532625066598 -1.44247233949868 -0.487641212568771 -3.47559946498001 5.07046883713057 4.51975559748291 -0.766852022290808 -1.13311396258631 3.18073674113388 2.90170191134918 -1.85867469211591
"559" 0.147988812147212 1.46359039514531 0.272525604413252 2.56753929934775 2.49231303155094 -3.82543364300313 -0.211719729409063 -2.42961723800107 1.38549025697461 2.44645673217835 -3.82832516457968 -0.746563609770453 1.88448743049606 -1.77268354312425 -7.77238017724967 1.43965923546364 -1.16698095017917 0.342171277226223 2.68035899698134 -1.83139925903657 1.41599745435668 3.28863044311663 2.05788947620737 0.275778470676106 2.83015335968283 2.30088349265133 8.60926249539333 -7.84747560945512 -3.83540263961207 -4.58215710933512 0.142597253193502 -3.42020088117272 -3.12279897758604 4.33530614283074 -2.14616940971636 4.49317232794986 5.70643935577214 -2.05552771371215 -1.15289514916121 4.00825495395896 -2.53034140612006 -1.964282367762 -5.3003199168129 -7.67682004883395 -1.95533921504541 0.0852993908521026 -1.31908010801693 2.95281402011772 -0.133746265432314 -3.74320333134136
"560" -4.55793997288721 -0.63640339220012 2.79061948588322 -2.90741704570318 -1.60622398206577 4.24400113731828 1.62066416298683 4.24521054957521 -0.430948888268852 -2.98958258843198 1.13729631839577 2.14919201344438 2.37771954267369 3.70280756921751 4.84940025985683 1.47681082223422 5.00183983897686 3.09882046664794 0.565324865776138 3.93323355535754 -3.9005721151572 4.56951560777418 2.90467501255209 -0.0394400710709672 0.146606842956671 2.28906921863103 2.25660474103803 -0.455093007146142 0.495276040641101 3.59494545362618 2.02504185026288 -5.17022684140712 2.0124202020699 4.98203073689995 -2.63626425775163 -0.999350974715913 -2.29356844311735 -0.486972393655835 3.46871034963162 -1.95688486885321 0.244647187712472 -1.00965789018812 -0.18714149468059 0.935612526077622 -1.61474480704821 4.32116746228971 1.11763512827365 -1.88575538017309 -0.917896298059301 -0.98848460384016
"561" 1.64463213428445 0.208110754448456 -1.50401766501442 -0.253956972443037 -0.371768228332392 1.72767206897828 1.16245503968539 -2.17079057408042 4.26027663696461 3.22659291461089 1.70038506904766 0.35441882214438 -2.58488747612301 1.51152171655904 -2.88061669551424 2.27069515980364 -1.57263458727272 1.71697600660838 -0.835334874635348 2.5334068887654 3.50887830573833 0.57661493514244 -1.09005950269871 3.9278527179108 -4.03815014196659 -7.56916776494438 -2.4137024648428 -2.07730102039462 -1.41093803356974 2.29432560362491 -1.69780078863109 -0.44918553884017 -4.80644944789813 -4.76284113216358 -2.49949412177732 2.00576639313204 4.25898274627685 0.92406422003646 -2.87712526072227 -0.373668564002519 -2.8473705959638 -3.64333339306384 -3.77207721203341 -2.38027184453809 0.352096671561527 -2.23606258643065 4.39713668214279 4.02544571754414 0.330994269261583 2.1977161490228
"562" 2.86001288249171 1.72400510095874 -0.361884735507618 -1.27889238683785 -1.60525950668486 2.63371203270051 -4.081548109342 -1.13328371294545 -0.234130592803464 4.09592085301282 3.7601642109696 -1.98490485461355 -4.39790030066462 0.833950729687454 0.821278754289792 1.54494673306302 -1.31611775046599 2.81479493557797 1.74281312348091 -6.73368167906426 1.43566465437469 -4.35259163765753 -3.21295060253815 -3.33847611483689 -3.74428216409958 -4.37498569973076 -2.94712669046012 -4.07278361667345 -4.14722404297996 -3.73604217816414 2.13371875558121 -0.826076462598433 -2.25994603996597 3.89742495610355 -0.380439710461309 -0.317486637751449 -2.41938206448589 1.31638220885059 1.06360894119859 -1.52351157515862 -0.574236760839641 -5.59599649450601 -2.91314725556425 -1.02278595087913 6.11142827053364 0.754157281873299 1.66954552964621 -2.90908966222331 -0.459668087687451 -3.26509307119477
"563" 0.546863985252724 -1.25605958107328 2.42846610127349 -2.28632605153274 -2.66669240955115 -4.37563115149296 0.0059629219564183 -0.654716421963161 1.24650771030476 0.519265863417778 5.34620967698127 1.72946845285819 2.70925161175692 1.60935101344222 -1.33372300112249 2.75429258584036 -0.676126471401948 -2.49451282831156 -0.581334064393524 0.565028194999967 1.7654439095451 4.22191303536983 -1.91414608723251 -2.99942472377478 -3.15816650872238 4.97109909380418 4.35872886469801 4.5150094468757 -3.94500594383945 0.996560577903786 -3.58524810024093 -1.95371772570117 -1.6847598492279 1.45923450242049 -2.26418277232372 -2.8308491471448 1.27040910252621 -0.119063577335418 4.78854712985217 -0.601636127863545 -2.99316252030864 2.4893732428848 0.0423245427903236 3.05822860352898 -0.782816482601598 0.51292202424343 -3.27025223067267 2.21040669842261 -3.7342878010346 -0.503657700914142
"564" 2.00895239191737 -5.46400685428025 1.28318284839348 -1.56444813065135 -1.72614517051976 -4.16549872213244 -7.67821804719396 3.542130287209 5.68877367859522 -1.60810336694905 -0.727589833000699 -0.0955760790216281 4.13839323390145 2.41870920077462 -3.31884603175347 -1.94807271287269 0.546224953459663 -1.30955995160285 -2.45221364646907 6.06371337610893 2.71755077711567 -6.56216370469382 -4.11545733905246 -4.79312200892478 -0.172196593176663 0.706598467922741 -0.860766129510072 -1.33297457090235 5.28376643178365 1.20571702005322 5.38038542395755 0.104603495821211 -2.05916930344453 -2.83101024139628 2.18658775513423 0.208699691941085 -3.89132247987377 -1.01891146457206 3.32595942048877 6.5555746034467 -1.12722101254988 -0.123768939251005 4.4861106942435 -1.38774851931827 -3.59482876155986 -3.4792539451838 1.4146208914584 2.67496892459358 0.0672911405459694 -6.73918017493728
"565" 5.29526687386375 -0.891581684903198 2.54254399629392 0.829787514891682 0.529047136404137 -4.80894716481629 1.85880048961387 0.8426014460531 -4.03901305084751 -3.53283538963735 0.166751664727359 -3.08816680173463 -5.10458642366224 -3.97822493897372 -2.36464384549786 -4.69488002487284 1.69490525641652 3.79866037346256 1.13099611192446 -2.25430136701671 1.17698868359855 2.59573304996279 -1.56276664195293 -4.02568120271346 5.35045179338655 -1.45371974863267 0.681227951385259 -0.234031602032447 -1.42944469741289 -0.316644535643666 -6.15388880687329 -0.244421502529269 -3.26641019201386 -4.28086576613569 3.73800234744602 -1.80889734023703 0.486463338023767 2.34758354978065 -2.21721591185623 0.0397414400171566 5.22603133370449 1.12638762626615 -2.21933407708863 0.619321225694192 -5.2311864562633 0.605585340161019 -1.17550776016906 -2.29157957300595 2.5661110124506 3.22214695012637
"566" 0.99394224045687 -2.49794213353552 -2.25760162972628 -3.78952115580024 -4.45725025503056 1.57243861711638 -1.64308088315863 1.75657768917401 -0.870651076618901 -4.13845210202399 -1.96011829762543 -0.839522674925343 1.14272303982071 -3.28333243276643 3.47285456872905 -0.872700745096422 1.02989788159799 3.72831488830854 -4.66684795246121 -2.80541772297753 -1.75624231667702 -0.643931357393318 -0.857949802249285 2.03699855951019 3.71950864814231 1.34729155679604 0.962345998828218 -3.19396176088097 0.491701474995624 3.12060637704204 -0.262521524111347 -1.79188155883732 0.653244009231554 -0.0831496075117771 -2.14178217320512 -5.38010008142223 -1.56334663956086 1.04194059864384 0.202515255718041 1.29314830620897 -3.06774454538749 -5.59456305809247 -0.51887281597765 2.97161901252033 -0.769244185201371 1.16097349365714 1.98796255452851 1.55742666410523 -0.899437756449744 0.0888617530517675
"567" 4.88911971696148 -2.47599303135893 -2.44534522280222 -1.90623813724767 -3.47659329149241 0.25827945537587 4.7499297663806 4.92623191005597 -0.793728990178311 -2.84392062859981 -2.5900562270247 -0.204423049227799 -1.69507170829214 -0.701693322178272 4.8313132791024 0.925328009489379 7.7481451612619 -6.18595269699169 6.60105772616212 1.46054762210699 3.22358445559076 -1.18492416194386 -2.13954035129878 -2.55903691580842 -2.88773218708215 3.81966226060852 -4.90525044003646 6.10310831192555 4.97853040344559 0.39855279171533 -8.58864619431368 6.87910630378548 3.18554629044173 1.87496523639729 -1.52742294387282 0.464209414957592 0.862376140299145 1.03339750086481 -4.52853113836926 -4.35467417460746 -4.48169341230289 -0.0794048523274796 5.62794126911855 5.13108055658691 1.75178617247457 -3.64474616400381 2.27941744498488 -0.771781545135974 1.14889214759981 1.81074703867019
"568" -0.499754396059125 0.381483192851939 2.79235646480943 1.4355922914478 4.10466165100882 0.60872642327404 -1.87595111631531 0.966783979914874 0.193012652065597 4.38540070429759 -1.58886301981334 6.24654755783647 0.136194002798495 0.896282220177651 -3.93756683629404 0.326824803713917 2.6370753502583 4.75561466878727 -1.47308428089695 3.82429132243491 0.700047688555189 -0.0859203260224842 -6.26131127795153 -0.694237507429898 0.200719201885314 1.84969830575788 6.59676409921372 -1.87485899164219 -0.814648533258412 1.26506947748666 0.775391246111221 -2.73334803847625 -0.00132869350760101 1.68119001403754 -3.26872831447756 -1.56252743774291 -0.52254826259844 -0.443353492509901 2.19994393561683 0.28453990152905 -1.50802090128559 0.39862817342193 3.29522065226137 2.5009253559067 0.371567725571185 -3.65400469170146 -0.221540942819419 4.04208915621825 0.716476597116737 1.66549393679016
"569" 0.0898594535372997 1.1970360368612 -0.345712812502124 -0.729783488113971 -5.10513058859557 -0.542932361565539 -2.97376885591273 1.4900762035241 -4.09493473982324 -3.63428195477786 -3.86909393696455 2.3532604346358 -1.17882041068305 -1.35936898087443 -1.6848779665724 -3.22723618251083 5.59458626077898 -0.612321940481592 -1.66840083954867 -1.91144646456793 0.106754765050895 -2.54399867193971 -4.17529708062284 -1.40677504408227 1.10053804707429 -5.24722548272391 0.84420724178516 1.35671031692737 -4.33200659838345 4.40349949017522 -0.923271124723224 0.41744940783024 -1.76552787278807 4.96165839467138 -5.17131670024699 1.5248883643387 2.85048424007933 -4.68310428966789 0.0227345438159699 3.34614622273468 -5.75454104105643 3.15947293387862 1.21373875249138 0.167421224777122 -2.9638281468726 0.0263734701726304 -2.39452637374057 3.00795994433601 -1.06697609246527 3.50585719361644
"570" -2.91938782413579 2.03975172026221 6.58893066320885 -1.96401458642564 -3.29993784311825 -3.37281520459561 2.0850228935536 0.226454129527376 -1.27575582897267 -3.03640330327253 1.52174760081563 3.00644427347475 0.491671374073072 1.93928329812005 -0.00123790535848054 0.00255191988004803 -2.86720341786659 -1.70848688701229 1.14447167653544 -4.13699713469488 -0.603834821282593 -0.675700430840029 3.01565337262533 3.6574904508064 0.917528287354915 -1.87868228656594 4.63518528955889 5.78110570169834 -3.68757699877283 -1.01120922836189 -9.05657478171198 0.375033396407511 0.605332834466534 0.128337264765278 5.41157571506329 3.52467953762227 4.6459277572328 1.92803294438007 -0.974408727541162 3.25082116491879 -5.08015817611868 1.76668668312504 0.633315182034315 4.05565296497082 -4.7908801211284 3.66960792971056 -3.52681008857485 1.02964059698459 -4.28483828678825 3.12396811959234
"571" -0.197185216824909 3.03050546294714 2.59921232796616 -5.1751072899401 -2.34970716538535 -5.58729546587366 -1.2926394098932 -6.30385637185018 -3.0488299931209 -2.92307352442891 0.618588239004977 -1.77577401433992 -0.160809323551253 7.58438307101269 1.56632658087511 -1.7892984722124 4.71469426683234 7.11346554088953 1.37305518469039 -6.8232016563551 -4.28622667524482 -2.80332161394607 7.3873822792115 4.0558663677269 -2.25741875188992 -2.84105379635006 4.11544558123626 4.56549816136091 5.51841936697955 1.75702773255505 -2.56449474244823 -1.42138398785748 -3.29589058440072 -3.28454142688075 1.50301255108804 -0.88231760694777 -0.158044603821216 -2.9093944900363 -4.94205284140999 1.51069305920565 -1.54427036597798 2.3683907540302 1.45873253233998 -0.263498907089437 -5.36561277185183 0.349431965987675 0.957954083783503 1.28991349523643 1.36498403449412 -0.0328955210545193
"572" 1.07509657162598 0.472067207622485 -0.420957379902102 -0.902852715235147 2.96202127656495 -1.48869231136538 0.0454456585132067 2.29808395070785 -1.1022943858237 -0.527940133322269 -2.05974929394425 2.84337724326386 0.074914173775427 1.12661080971228 -0.25421140878391 1.96890922173954 -2.24352318415199 3.34745709043034 -0.658792227213282 3.82042706328187 -1.14857800631602 -1.23937770586546 2.50760034374822 -2.84238653929092 -0.673135036630404 1.38539442957117 3.4934963696637 -2.43345400738746 0.736018456974816 -0.585482891548361 1.23996899336781 -3.72710078323795 -3.40742511954094 -0.946441179586192 -2.90537600960456 -2.58570759145163 -3.61553688467493 2.54278193534204 0.18729268689625 -2.11323595269113 -4.30093370945587 -3.28428364324839 2.12381328254142 1.04699295128394 2.28438769212771 -2.16167779051688 -1.60401343852489 -1.10636134717118 0.661925786162107 1.76448928612608
"573" -0.844757381464421 4.00219754441652 2.04507161714637 -1.6647358480922 0.837350162426446 2.85931312708905 3.37247954333117 3.73113106311927 -0.0139443384069486 3.32664126095833 0.542965450797004 1.84889326629003 -0.169436955662023 -1.28494935383199 -0.0651219103919874 0.721591024404443 0.00572574165378839 -4.93877653836533 3.08866644993352 -0.439772106477871 5.95418502956374 5.19735135112686 -1.78934047402288 -2.37967757628766 1.60334831092641 0.0630926311982311 3.76905277322512 -6.9960689542638 -1.15457587412458 -3.4145105979356 2.55359514794587 -0.642701484082489 -6.12877997393035 0.704098876593335 -5.00220934246597 -7.34406604180472 -3.41434292344802 6.17557274534057 -1.1449508641371 1.32943228328034 1.61239697831382 -0.508096839353964 0.732962750964668 -1.39134382302219 6.05328066629079 2.23837012482142 -1.5221482198189 -1.88891017943094 -0.103423099544686 5.42904519134796
"574" -2.63098331610681 1.97387631137871 2.50259263755591 1.71482621462195 0.451284629289249 4.80342595369918 -4.95422077320443 -5.63779155006737 -0.0967016101092904 -2.70393795038015 -0.552195347809589 -2.07804340781561 -1.22757536068751 3.77461347160027 4.02091180347882 3.70144685027372 -0.330933305563835 0.19442510790124 -3.83675290801546 -1.90957752258938 -0.504187695408376 -2.9023565397086 -4.46476985805536 0.987642796428645 1.46043066909082 -1.26268585968888 2.47443225159522 -1.7728412698887 -2.75935927478205 -0.542531229986667 -0.30759054098504 2.20037987522264 1.3720544814324 -2.80892481922214 -3.30732591966297 2.2462569663442 0.117366950363641 -4.23465353674542 -2.66732072094571 -3.24905659840778 1.27883135466237 -2.30598969998376 0.759292387074818 -4.61877616381026 -1.06484422043246 -8.2259633113565 0.177980792151506 -0.719488347294944 0.539666151704647 -1.25726412297875
"575" -1.16433216036995 -4.76827509636167 1.03996637980673 -2.32782421453666 1.47527112220355 -0.992112950862697 -1.75560183490693 3.96435149258544 1.53863929168586 -2.95201180658918 -2.7598425585903 0.313365884515853 -1.32097091174036 -2.40095896078476 4.01804126641004 -3.27706496913833 -0.0470516380198608 -7.3992478914277 -1.3069907093302 0.975880065593079 1.12500752916962 -1.34600498168568 0.0477883878379917 -1.9875361902593 2.2541732549925 3.42258981547657 5.58761857166461 7.75152877597083 0.717621158148506 -0.859909164259536 3.08275938040412 -4.55051080758651 0.198755016131515 -1.04837311197976 2.33328863596771 -1.49973766050437 1.52548568093901 -5.49582167492106 1.73441677806766 -0.376406644047343 -0.198998192763839 0.663399953854202 -4.49199139484188 -2.96300387704245 -7.67309120442905 1.64250845892354 4.3249488314752 -0.0868549208680858 3.01790769982124 -0.0329540349812052
"576" 3.11977259164905 3.0244360151596 2.49738027488737 -1.23394905189285 2.55327279443951 2.98556153386093 -1.11630090119713 3.17318599515189 -0.0538570486055075 -4.37294163834453 4.19055135450547 2.88784770414848 -4.0795846194921 3.61007338929192 2.93435620433576 -2.70533829028528 4.50202560115636 -0.896391972691985 2.14385765034745 -0.0982018298214548 2.27804286227731 -2.67588701388566 -2.19046603283281 7.10964707176407 -0.156020690247743 -4.63773949960509 -0.18209268050108 -1.5482991159471 -3.44288572157803 4.89383371577692 -0.614209853145052 -4.30573318726456 -0.858097692280714 -0.724304856192706 -4.04159562420635 3.89837174507308 -0.667964869792433 2.40838310750936 4.59284955783601 -2.46440617782554 -5.42030928317339 0.476352831270646 -4.78500357728113 -4.13563067592227 5.23693161339077 -1.4546381903361 8.5318818107001 -0.302952164843806 -1.77361982344821 -3.55132762809004
"577" 1.96318229723392 0.785658637390341 2.31712057706657 -2.88177663245286 -6.18027838243796 -0.875807869638199 -0.41899635003277 -2.67050771961938 1.1137985115957 -0.720316907504943 -2.02791889895204 -0.804634931583043 -0.69085223406021 2.53627102520085 -4.07558189825824 -0.00390950945081845 2.23460564931704 1.77905767411846 1.36344617027684 -1.72987996055458 -4.82099419102353 2.50994388623501 1.59623813659068 3.20615727821695 2.83300967333534 6.59820668840164 4.65114755899989 -0.406603004450095 -3.46353701627214 -3.60039026879429 -0.621943448975037 -0.852351389228225 1.1678428347496 2.80623602433209 -1.92054412629375 -2.41834213614496 0.622018813454384 -7.95738512083327 -0.639192513632182 -2.23444953651971 -0.201067721486958 -2.40217221988984 -2.21807698428417 2.17876239366699 -5.58137879535179 2.63869604195313 4.49238308459241 -5.43419355693208 -2.63084912200931 3.44197034564352
"578" 1.11958737754431 -0.936343415126122 2.58998278073442 -1.36466999608331 0.336861035686758 1.86221818293401 5.72451740319112 -2.16421603703893 0.431038107500278 -1.3305411880156 3.48825520421054 0.347536948325309 1.07055806864792 8.37468615974581 6.0776076862904 1.56659184350267 -2.4582759026119 3.50390500574148 -3.77448260939768 0.774508198265286 1.14874012299932 -1.95719680545235 4.4474319747995 -3.5034044775434 0.371790673565897 0.103559136736582 3.28288774952281 0.335156215757327 -0.717164169277646 1.11073694658403 -2.21792081009699 -1.85983185290239 -2.85381823009391 1.55746445690573 1.48886119307831 2.08756204301074 1.49007838995398 1.73015880944368 -1.19379924539043 0.543151047605378 -2.98344005153173 3.90618659895286 -0.808576427830187 -0.813650510580661 -0.873781739313892 0.516173661134401 3.63122261194248 2.43259611283938 -0.515305433035685 -1.04527613997243
"579" -0.985942750578815 -1.30523586998307 1.67111859850152 -2.14897151074497 -1.46878678866023 -2.36662045978486 -1.18763428264517 5.0333905635845 3.8450811871637 1.3426610335192 1.8547147769549 0.483430284521024 -2.33956276342312 -0.489538499786086 0.856849850603381 -0.945009493103973 -2.33888124078696 -1.36820685610491 1.78163801317404 1.37767721622743 -1.25270016640058 -2.10973094026494 -6.10356402325586 -1.94730839958153 1.02347249531012 -4.35619668038882 -2.94419879450471 3.47764929058818 0.0565204705149054 4.06830312319102 -4.8867161689849 4.20376710462209 4.17304191408942 -2.37321978294379 1.99549451237075 1.19499371042481 0.372699382495546 0.467901136466245 -0.503200965500295 -2.40449280379086 2.57257039388502 3.30117749402665 -2.14794840852498 0.847110081132256 -2.83113802370819 -3.34692941839526 0.209496227701637 -3.04467454207027 -0.615439932351108 -0.0844412549459192
"580" 0.309133417820295 -1.92374173484368 0.894042428913406 -3.71704226518066 -3.04573680486958 4.76519281236514 1.88357700677558 4.12970101806419 -1.91555614083286 0.783857083131011 -2.99998173132022 0.387508363173893 5.81399311300173 3.59874892203419 -3.65184773442802 0.240086924143827 7.32957224292179 -3.49191721369805 -1.78159892447609 3.69818228238626 -4.05650246800168 -7.42461559897554 -4.15452013695807 5.99979971560038 1.74252399365314 -5.42168815180036 -0.552857232280769 -1.68300713571902 -3.97385994351029 -1.19933817483843 3.24186276872195 -3.60691353241992 1.33725659944047 0.815445280665967 -0.0265270696531973 0.666596011059983 -0.335102920769728 0.0716482732491166 -0.411066594400266 2.8922792737142 -4.36137696116659 -0.558113838620965 2.63830272779999 -0.792947946326595 -0.329198692287448 -6.60093794204376 -1.75713201023408 2.0740823536043 8.09788678726909 0.838248544266447
"581" 5.57081921527442 -3.30412467525943 5.9818173819833 -0.74052115031877 -2.16234848338035 -4.85565014872513 5.95712929939959 2.23808111941801 1.27388029794685 2.92964762787249 -1.82642557269011 -3.05846252503027 -4.54052416905332 5.83717324639769 -2.38141088041473 6.37479773723169 -1.32251860869082 3.63105417651542 0.602833944088546 1.69485943048449 -0.228923085013606 -0.528860212672324 -6.09295313825313 -1.30889084396513 -1.81634645695904 -8.23230518457177 -1.6986387839197 -0.875592603369908 -0.720871373407049 -4.10494327650312 2.18295942086806 0.534120711994261 1.05169609002297 -4.28801077064911 3.07409016411086 2.84961896946726 2.83180726151935 8.84779960559098 -2.9065488713194 2.39069050670765 -2.97564210239496 -6.29331010669445 3.24379262318416 -3.06142756349155 1.49152017261679 -2.42500115044249 -3.36612487888936 -2.31008047300024 -5.73358194487664 3.3206816567118
"582" -1.63347240512607 0.172380237596952 3.66954460781909 2.27442515144292 4.33637871278782 1.00861269433128 3.59138890934102 -5.05934184793513 -2.64062882581093 2.61414643336822 0.143698015917102 0.63618353409924 -4.3556890141926 -2.47078668358681 -4.60638552755712 3.49559869140242 -2.91081703109868 -1.31618547011987 -1.24599271233059 2.05889660006324 -2.53126732190501 -4.08171775536012 1.23403041534812 0.396618560497524 0.890168101908118 0.0306987072549427 -7.239041868376 6.46531967072391 3.05797996479341 -0.48158482990706 -0.22379203949386 2.27532618792496 -0.0543310958646434 -1.47847760232942 2.20586278921784 3.65591441060544 -0.111214844425594 -1.94903801236421 -0.0566891046604191 -4.43099340070572 -2.77354232434434 -6.06497799557122 -0.736565107801114 0.993293049267539 -3.4177397358795 0.42865881358822 0.376976208292133 2.87778276163566 -3.01700137846684 -4.87877699539159
"583" 6.17821675224742 -0.42815722377947 -0.0629137244930739 3.62994880572514 -6.37249240723546 1.83554501114112 -1.19249241312071 0.507817769358346 -3.30617791153135 -1.07470204544767 1.785305698107 -2.91240108832816 -1.96632773170171 2.59152875305917 2.79942060065471 1.86097522836602 7.44893503379108 -2.8805946751383 -0.46212594649138 4.09682348223347 7.04572392503866 -2.25372328441806 -5.54430061270544 -5.4612926925759 -4.46287929739759 0.288811437298121 -2.32047369189398 7.21436025018897 4.26134005426087 5.2094912570504 -4.96816576059165 1.46072169972003 3.05872080346395 2.94866503553537 -0.415566647752626 5.36146058287579 -2.28906309471192 -1.83948647740222 1.88567765870045 -0.692894318418657 -0.86762612219624 5.32530464692442 2.40924081408644 -0.858622502789274 0.392205482664934 -1.02932504927737 2.53195578438067 3.69633613461862 3.88922135679161 -2.84793581142874
"584" -1.91346144811378 0.11734625053456 3.0281631338486 -6.50485494089947 -3.44711873654941 -3.17590366820788 -3.06712899182456 2.3739739124767 4.00365695569374 -7.16386933825179 6.16679861685914 -0.0142604807822776 0.574217591474624 -0.192503225127928 -0.26405007214267 -0.507819068719034 -0.401696924082955 -3.71753684379813 -0.969257668157887 -1.44798783858278 3.04613678428887 -2.52471257663518 3.35809907823908 0.460706213282682 -2.47937929711579 2.56157402166015 1.92264029019438 1.45866345630487 1.39408257495382 0.0944292783429051 -0.649271545216215 -5.33199786050865 -2.22068919458512 -0.467127633415284 0.239223224190382 -1.60043303175758 4.73998470848096 1.18891165014187 2.12113079928537 5.55327348828005 -0.188725974663495 -1.37646584453216 0.522306196735947 -0.850246196939219 -1.17948559982937 2.59221767829977 1.83519665768128 0.694422349352724 -1.02977485576456 -3.78379906663634
"585" -1.09469217228106 1.08445685217338 4.07508620277112 2.83426038598797 3.11763490010256 2.24238527824267 5.18184660338051 2.02106449094284 -3.51464525514863 -1.15742460964047 -1.16470130528966 -2.19514259360434 -2.23397050537252 1.68956667853159 2.68359930093379 0.507634067046063 6.53389346224141 3.95045613298096 0.902346579451873 1.52040122383506 2.59993276055241 5.1560277141403 1.48496782451472 -4.08716259494687 -6.39956475271265 4.03094903321488 2.49733302544323 1.73114140779453 6.74326970128638 3.07512288903015 -0.144318934539623 -1.0734310091885 1.52296578650622 1.04709372661075 -6.77774908489622 -3.73234032241722 -2.35717231775313 -1.67932148859461 0.110276414006946 1.05875991826152 -2.31943232609836 -5.80936605685351 -0.66946776450696 -2.27225682979311 1.27958797986049 3.82145516644773 -2.14030923832731 -0.0220416208330594 1.17604817948035 1.55981718889508
"586" -2.96113435278061 -2.18929969189346 4.9260471619793 3.72549127349169 3.60492155082539 -1.01353524431738 0.173615131832047 -2.59712990370454 0.45236587982036 0.489001018649903 4.58303470482735 -0.587057784876285 0.238570190021918 4.71826818342782 -2.27044204998182 1.37813099456261 -4.65414089187565 0.297999480990225 1.53368455579149 -0.190051290397141 0.501287293349421 -0.964293067564661 0.132179555163808 -1.43579522601825 -2.17896930369921 0.526008868093982 -3.27745999998112 2.8276853155895 4.16764537666557 -1.36313830004507 2.25670883852412 -1.7956232117253 -1.92129484350917 5.00961039384547 -3.42825763062047 2.07423197041322 1.67787875771321 -3.37312982705745 1.35255684608925 5.17744519091637 -1.27136921169147 1.44310339516416 -2.83278398373611 -2.98887560534172 0.481628849939175 -2.30934831221737 1.06432977084713 -2.21605969877585 -0.742586485566788 -2.1954552290615
"587" -1.26301713051197 2.03397645433331 1.77985941881827 1.51179731753756 1.57293476539335 -4.16274131357682 2.86003083980681 -1.38847323302784 -0.285289475776908 4.47711031437135 0.108319981733483 0.749103186133706 -4.39557660076307 -6.77026281376281 -3.65934799234499 1.10179528866919 -2.41635465007854 1.54485480265436 4.75112015320455 0.710735022265762 -3.52677639591334 -0.305689724663478 -2.61968762077339 6.50247928408756 -1.03197046610667 -4.12810100665872 -0.872071601876392 -0.477165711322233 0.204987517702635 -1.3072792732027 0.869144022167084 -0.0820069552745557 -3.30510931295904 -4.09522890565365 4.40320313874923 4.19233554522707 2.99831630758303 0.546691038665646 -1.18453671502846 6.22350688842474 -0.404485917007055 0.916066149965112 -0.440399508841138 -1.72751883998423 -3.32311782372123 -1.3327023267305 1.91360127154618 0.249946732381231 -3.27248882428698 -3.48496205205098
"588" -0.813550316900452 1.22306065111955 -0.664182997763412 2.6236565316098 -1.24329578392029 1.98424479516277 -3.14786270663944 -0.48263566315039 4.89408346282826 1.76760015449261 -1.35323432421713 -1.32346340114125 -0.95195318508398 -0.500060818654218 -0.132534178071919 2.84426499661482 -0.926695425099213 1.06125123480152 -1.85067191973118 -0.677774956075252 -0.793521104089091 -0.560496922623343 -0.951495603905311 2.60316189212285 -0.605853125903763 -5.01054753668937 1.07061035777943 -3.20659667300427 -3.29528869052776 -1.4190014782002 2.90685945369397 -1.94066120160876 1.39111742822271 1.62040911839483 3.89972990792763 9.18385026113644 3.22285630403682 1.81756324262535 3.94229433398622 -0.183386348479711 3.4956878666619 -4.81556848699276 -0.518651368856426 -2.27457247912341 -0.847746880562196 -0.284849045709429 -1.92309778993807 -1.09197754339507 -1.85797113383411 -0.54107585910718
"589" 1.87320257524913 -0.263046754492973 -4.67816587027397 -2.38409403305275 2.35988864526085 -3.31775380900703 5.33484317592693 -1.31494032608768 1.4536534794272 2.60869627042846 0.645636432702269 -2.07367989398307 -3.00950678589421 -1.24969287443539 2.1246940618605 2.21247136923853 3.57301076059596 3.41398927678124 4.78956815994825 -3.75125351842431 -7.35282888828703 1.47339363792595 -0.338233861995737 -3.82841535296783 4.32743723918406 -0.0987446057775203 -4.12555860990777 -2.86842153002199 3.200034279133 1.79613871828574 3.5588078660193 4.17031479531044 7.33087383254885 2.38820102546977 -2.25566228811271 -5.73730085479044 -2.91213759194787 -1.39625475437072 -0.684553419500057 -3.71247221250994 3.61929867223739 -1.11082429171036 1.23817633515612 1.42461231020542 -1.05907246386481 2.89382083972087 -1.37574481995667 -2.48048607492386 -2.97525972279517 -4.12568170908898
"590" 0.590422005658759 0.339996242692269 1.27136445334743 -3.7355696968492 4.88747848478019 -1.08088232237149 -0.468793676746001 4.89881377156721 2.35771965002983 -1.23058985913018 -1.17486889264055 0.0830380172044987 1.50760174023596 -0.733434201447288 0.631194862164315 -2.47406213838472 -2.30426120297306 -4.5719977659465 -3.52279369349223 1.91075140519347 -1.16885455964029 -4.72425273593117 1.45672384765468 -1.48749333325719 1.02998558377619 1.16635667158729 1.00576119785234 4.04059267468376 -1.49750641682364 -0.413768593951184 -2.63271880194475 0.346040270892724 -2.01673614924206 0.448198229246474 2.89774435792293 2.72112577497167 0.274448742489059 3.72181937447725 2.40793003325278 1.35494658770065 2.65605843758387 -1.23373341534184 -5.39739224097643 -0.46777408928434 0.98126140885279 -3.20435702531866 -3.41856486640073 -2.88812776732209 1.70592186640716 -2.19613252883599
"591" 5.05448756392647 2.47206997262333 -0.917587327757256 0.606249408640047 3.26933912855282 -1.77989130043862 3.14594744651934 -2.45939157146488 -0.0754810701570143 2.49389992553869 -1.94732527997496 4.13144488650058 -5.46744763343297 -2.21748165059061 -0.204075628024786 -3.42281277330808 -4.02724508367444 4.78192665449942 0.0430496914967039 -2.17776460720713 3.57735159596753 2.72893646405133 -1.88823245233673 0.911471236518478 -4.66302086618035 0.00886910236310116 -1.14660164398003 4.44769511424183 2.77943894088632 3.05179347835305 -2.75672136392309 1.84282358509488 -2.26574567261516 -0.554400190412996 4.275186167421 2.26534629606086 -2.04215279476253 0.0516689363482897 -0.725581618265843 0.4356810361022 5.98908323933688 3.99812652556844 -0.932449372249318 3.79236697428039 -4.16848954738884 1.93523054976089 -5.06967067869883 1.41303438346167 1.46486177474129 -1.60375563720933
"592" -2.68707681761339 1.88349814329236 2.78280456103413 0.854886269642018 -0.846831953940522 -1.71912206645411 3.34822369127759 0.952880298801678 6.08782293685023 4.02537540503135 0.258233958352056 -5.53147970642609 0.118458987638786 -0.133411561836827 -1.34557752086992 3.59138899455106 3.55930271623496 -3.08265803318343 -2.69806679513225 0.84907333980047 -4.24777978739054 -0.108567423079924 -2.74560661123357 -0.277573995049477 -2.3441711935347 2.10102955594405 1.03465021956127 0.93399035573641 -4.39694726672617 1.47241838729952 1.85729339630525 1.71173393391886 -2.52727997491918 -2.07084679868625 1.38954861742733 -5.95071654319714 -6.12671962233076 0.686802934542306 0.420739967085941 -2.74649703498313 -3.12509198847027 -1.08046306158473 -0.994046268830602 1.21702595570854 -2.95271515678185 0.489496877901792 3.02087434782366 -7.61184824320049 1.2883979021025 2.6863029656714
"593" -3.91863720430823 -1.7256434415767 -1.7443863316767 -1.89357869487698 -2.89833986823951 1.9868686913859 -5.41000893178659 -0.642886856046031 1.7279141578755 -2.48754257053376 -0.926801776994912 3.60865427619549 8.73027089034178 2.43762051261321 1.1294618459112 -3.07527955406686 1.46077825405817 -4.53729334838534 -1.71635367778487 5.76392795209373 2.14122229949021 -1.31985226606623 0.756262904026728 -1.46286268883479 1.77521011781341 0.329698991900927 3.59806342796195 -1.64270342771484 -1.52453398541527 0.325365621989249 -1.07424892986347 -1.22365737525497 -7.20469854689107 -2.33393843427886 -2.662539812789 1.36255983032677 -1.7314106609177 0.760297772284219 1.51106019597603 -1.0455720754728 1.45957309879642 0.591932195066823 -0.684521505124763 -2.77997286285176 -1.77499289373364 -0.966041279115997 -5.12239227979335 0.214337419595433 0.984190086010996 2.42713567587515
"594" 2.38704118005636 1.32350981343958 -2.33915360968894 -5.27835302758558 -1.79095861668904 -1.68443067260755 -1.41129801341692 -0.246513386725915 -1.17771827319523 -1.51405508074064 4.4867080035001 -1.89071751215221 -2.66772157770195 -1.44859506045593 -1.13905035705079 -2.21131743467904 -0.098814333768342 -0.318793030964745 3.8670894930592 -2.56444872014409 2.28430640806975 2.17559861729643 0.419936584155611 -1.36473294043962 -0.622636715162251 -6.60393560251155 2.93834904830234 -4.16410918949432 -4.15999113148997 -0.435585818301085 -1.52224319209372 0.17398656290089 -2.44118721908132 -0.277954134660578 8.50321938911244 6.87852878841048 -0.9020367403637 2.56505716907177 -3.25659235596059 3.57077032334373 -5.20271478637218 -2.77977790786249 3.54973940858707 1.39951039039476 -0.514390988478311 -4.03120099508609 -2.18839771300523 3.1635909467609 1.71286222700738 -6.8377192562168
"595" -3.57810406370108 3.11372727044881 7.70680345985948 4.76388633872599 -1.34609494921609 5.21185185830549 -0.870890194857165 -2.98222527849703 1.97474132749 -2.48354876909116 1.13738888272284 -0.682176228597457 -6.7973517084582 0.163619084307548 0.203486468719924 3.52005475792493 -2.24986492689251 -4.1745999823374 -4.23230816118016 1.51549151949395 2.84177050149638 -2.674906448577 -2.42221556874489 -0.602327460163811 6.82302137149772 -4.37917561028744 -6.58420616084952 -0.173154871562182 -8.41950001642253 -2.41616294922525 -0.154164786083021 2.76869891246933 -1.22030430268547 0.0225218958263777 -0.413353912789686 -1.20084101612051 3.08912632813226 1.60073600868947 2.52140651469055 -0.922843342266894 0.374222562467759 -0.825580342832968 -1.72079148762001 -0.893163739690899 0.99556595904916 -0.43752198549742 1.64989555944767 -0.733109534955525 3.45992297848485 0.195905555753237
"596" 3.34571153607547 -3.48500234219709 4.93969186674791 4.16502962923939 -0.439811093572469 -3.39747606046473 -0.0408017150749488 1.88357330103944 -0.892855662166455 -4.0954246923312 -5.72856080141494 -4.28564476804714 -3.56641763064242 1.96207654343234 -3.79139959376052 1.364001895306 2.63762367914788 5.67479519666213 0.140247774208014 -1.99514326011941 -3.56755308413698 0.76613263394494 4.55228980511885 -0.058403284813334 2.08205096513302 0.482737106291675 1.22911110333202 -0.796407303166049 1.12621139567212 1.28250688035198 -0.560482457046652 -0.625805872370336 0.970824064689995 -1.18865781829515 -0.832840270515521 -2.44768985070332 -0.553749511128994 -3.76212994266837 2.71286100287759 1.67385989744172 5.43297348417842 4.7986613999222 0.970777900498513 2.45477834080731 -0.80716947050999 -2.8290850545818 -4.79869117106574 -3.36574955834644 1.1297470247852 -5.12078174008333
"597" -0.991957238822101 -4.42355612356333 -2.87192867792875 2.39743203284826 -3.36391475300025 -1.21765610958679 -3.51949565501269 -0.109206163750404 9.50674834807267 4.26610991144055 -1.41583520304755 0.447955709527158 1.72196865933388 -1.00165745197394 -0.356448238679173 -2.41029867722501 0.103094730817049 -6.03703305916791 3.04824018732782 -4.33853390360206 -2.02803751930475 -0.607076100875985 -2.81872906265928 3.27232078834527 0.0229358068092401 2.65077546463501 -3.98269995661497 -3.10783220578606 -1.01894779138535 -1.35273488015528 4.62143215168147 2.05137833805 1.95626903878685 2.40067949649237 -2.76671208708755 1.04931726034919 -1.2255308031285 0.56070196006756 -0.473234948533294 -1.21116211270516 -1.12385082505082 -3.78067667538538 -1.70492057991705 -4.12259038247689 2.43755435996187 4.70420137116158 0.866869216497791 -1.4028450422084 0.148157502932048 2.42592385546271
"598" 2.10539799217565 -0.577998586364932 -1.66600999794659 0.179215348205877 -6.00472576315283 -1.44852253841911 1.93069182861009 2.79132643057517 -1.24465568921729 6.8408549229589 3.50687898321682 -2.79528764310987 3.51968608917829 -5.03400959501335 -5.05467747361908 -1.60428929790987 -0.821110165476531 1.78603308974772 0.995539973418448 -1.51147232403527 1.18405096355506 2.17924927381467 2.52218849340917 1.79880800852753 -1.59647761728899 3.41356413463225 -4.61379538958998 1.06762909849868 -1.5797455745493 4.08061575573306 -0.113592142631056 1.38704450222357 -0.108230721858197 2.98355971047944 1.14804689970434 -3.75542772008298 -2.13224185152557 4.44863778208531 0.5337156003788 1.57408947628674 -0.180438079577744 4.83204540846191 -4.75490829326755 -0.255937384396162 0.563434378489942 -1.82228408406798 -2.04508506400952 0.741166468591895 2.68075416293746 -1.65245744193766
"599" -5.6348059373391 -1.82176437724054 1.05170335519418 2.23856910993097 0.810697245455776 0.563575633046189 -6.0917456523353 -0.130070455828229 1.31827348251127 -2.40382398032731 -1.51824798815963 2.55391733099741 0.1400489216568 1.34377670421386 1.47397258191739 1.14558948885928 -1.67418169353766 1.4725819267612 -2.01610361611623 1.24515011436362 -0.178567969052437 2.22688303775042 1.1037657165381 -1.23668273557394 -3.39443530421627 -0.908751568673698 1.61437184054687 -3.38175571309038 -1.53879674989879 4.64836027722911 2.64727640853613 3.1466018374433 -2.80708921236276 -2.998276778228 -2.64032283628084 -1.86844502420443 -1.06893187523179 1.13447458474435 -5.47785832832826 -0.874804800810258 1.06355766999299 -1.20564294835955 -4.12978888338773 -2.87832509077691 3.31864908048202 -0.752327697032648 4.56760370106339 0.395341607141499 7.44717590445954 -0.43293975575201
"600" -0.58893750694564 -2.55834235848224 -3.8319498030577 -1.32502840691007 -3.3181816780126 -3.40579628876739 -0.747112808833462 1.04439627711098 1.09537101131892 2.72176739928982 -1.45709830346124 -0.998756011164767 -1.02137132209869 -1.41834824239411 0.382009493057436 -4.60454276375325 -3.53425913294292 3.01379192163559 0.106668498404432 -6.11565799796791 0.153396368240515 -0.50582175732009 1.52722171042006 0.497028974124452 1.04823035366551 3.0200912083171 2.45345367558909 -1.79640381777118 -2.62664063533826 3.27053542460812 -2.35325856462244 -1.40367278752731 4.58571194218554 3.04109982086863 1.1859329637555 2.86848948160229 -0.883267186354716 -0.651158649739942 2.78240472807052 0.590226576580485 -1.70165522430338 -3.59847339462823 -2.88620581145273 3.33475600648957 -0.429719601632867 1.77947451144572 -1.33705308974537 -2.64998894395284 1.04308128543712 -4.43262855824541
"601" 2.1703511070357 2.96275465124972 -3.11926583841313 0.779588516971405 3.49552885258549 4.95541066906727 0.131574944094976 -4.04434768610435 0.722668715558924 -1.56684922326916 4.35418836590337 -0.81475765865604 1.58454067085606 7.83329485000219 -0.482467820075102 3.11636083764527 3.31627789249242 -3.65115559326953 -1.73155345948485 3.99275153199948 2.48207794776893 -6.51042954818212 -6.07338896181804 -0.36193047425089 0.267742289905083 -5.21812351574972 0.522369727227986 6.07500912965443 0.619756236603537 1.8360717703672 -3.26316908057759 0.150992097290762 -5.69382678138477 0.524614093688806 -0.341583102768864 2.13212908928605 0.177226187543038 3.54919816966625 -0.821798100329394 -1.04269303489557 -0.501822171932733 4.5796257872918 -6.74052880651633 -1.28953964141921 -0.549553477476622 -0.898869068571703 -0.0505025971525551 -2.05422958148354 -5.0320021522118 -0.144197061885911
"602" -0.186097350660445 0.597835160807629 0.166318613574684 -3.17338128829109 2.27261276892168 2.30243283990537 2.40887635749156 2.43287228321839 4.11827257031467 4.66694161518678 2.04807634523536 -3.07155939527266 -0.96735371481421 -0.183082759953512 1.10022924979025 -2.64989146486221 -1.55541064023293 -0.129685279316824 1.05060734262848 0.304041870516721 -2.965032425322 -6.37134465012136 -3.67861797849693 -2.71728154972262 0.203161056657235 1.34377732878778 1.07023953196269 -2.53376526608273 5.53024261021527 1.8909572581471 0.641611736342484 -0.943646598828033 -0.886492810111047 2.13308376281912 -2.09307590977961 5.39192057516471 3.06604202932829 -2.1582187295685 4.06126115589293 0.170022760208903 4.30493741534271 -4.6029503858467 0.201059329000085 -0.705578146900302 2.97948342613879 -0.756209021040508 4.730640265724 7.78809039574776 2.56430744560652 -0.891262627638677
"603" -0.566384392965427 0.274320790711735 -6.24279824165924 -4.07834496229676 -3.31828617047975 1.5486945067465 1.48990847151185 -1.30261159995944 1.90912306516463 -2.3317697985647 -3.45932111996234 3.65983642914739 1.93075895514491 -2.39468403080375 0.0335431831377636 -1.71180932159037 3.33011277150077 1.33071793975177 1.70265557031552 0.699152434858616 -3.30118633804688 7.0795175668474 -1.91528823282096 1.50712581413667 -2.48977922828593 4.91588622816182 5.35200724169866 -1.84851191505654 2.87766738385901 -2.53920108298966 -1.21621512274682 -6.7473839226675 -0.0655264798155158 -0.139002314962634 -0.578832449162527 2.66188232729241 1.28509971390011 -5.23104101381045 -0.884087495827086 -0.0994324262364271 0.415644327837708 -0.791994319166799 -2.62683289433411 -4.55751915723938 -1.08114308897229 8.89532260171538 3.28126885899411 -3.53099919116739 1.08094571883742 2.83674322312342
"604" 0.623228491460711 0.127636613535672 2.35891185090582 4.28893722283875 -3.4931651923905 -0.647580685503767 2.23259460327773 -0.214159292070936 0.994758928579705 0.991446148411008 6.26732313267968 1.77267123066073 -0.603936447304295 -1.55360150712571 -2.98368869945369 0.610709880931095 -0.19641657268445 -0.987863285214818 1.72934094907923 0.59950073210263 -0.0841538925587896 4.13442523205149 -0.290766717215894 -2.23768541876884 2.71404793282764 -1.48419482478245 -3.39927972596114 1.46830878733221 -1.11470132077743 -0.957298192011992 0.921500697102726 3.90276649099747 -0.097876637628447 -2.95797000025219 0.485845953340111 -4.05739530082494 0.916170713210248 2.4715018590039 0.293895497328541 1.27920909165103 -1.42734291797007 0.364519349995949 4.65691462250213 0.273481809203148 -3.29054038098397 1.77601014836224 -5.02860670149893 -4.76034634823711 -3.27777842726261 2.72862947586186
"605" 0.571624645252279 -1.36252825073076 0.372350838601372 -1.95534609226883 -0.741151432184175 -4.39846004226663 -4.32420261723079 3.40314452983455 2.40661359819649 -4.16018950904263 -6.94001628073146 2.44414873754765 -2.55205335878222 -1.71155395281744 -2.74344479393317 -1.61550749449872 3.76676715876297 0.402357576772761 -3.999467532909 -1.56973038040413 1.17902598585093 -7.55348744044741 -3.46751268984474 2.62776119468599 4.54009518333403 -7.05402864014045 3.49010513403651 -1.37668837837378 0.256133916796184 2.73813081831232 -3.31395157487306 -7.58407945425754 -1.63734594460208 -1.54971808850791 0.250605282782889 5.93774879976305 2.62709905255515 1.08828163095506 3.44882848083421 0.927795154236837 -0.870829875855602 -0.682059244503374 -0.69466459091754 -2.52097586621282 4.31397100413058 1.52080806373842 0.956570544422777 1.3561910453663 -2.75465806707448 -3.90170508484639
"606" 2.1895378714313 -0.0303642815858292 0.6813922404364 0.567934018597311 -1.99292740296279 0.78647785385153 0.2721658103393 3.7672337608041 -1.0944266340766 -0.962855019328047 2.06027959274938 1.77931104565375 -2.95162297745692 3.74839568436212 1.69731975789895 2.19855851652268 4.33632510070926 1.05836191881302 -1.11612605792929 -1.79098943296986 2.56222205889923 -6.94495001921979 6.57894108687096 5.26755994565787 1.05957876057406 -2.41199585015283 -1.3221528083939 -1.94346304255788 1.39893696984969 -1.41477956574529 1.06813487354731 0.00622075504399113 1.97563241693705 -0.08997504901551 4.25113407671607 0.444119554750779 -2.1418006377225 -1.4300253532175 1.162232350016 3.37063691937635 4.4538827157007 3.86561824834175 1.92141883100002 -1.15968730064752 5.9847339726866 0.276824869783061 -2.30109211456916 0.0630076576769986 1.66194861483761 -0.963111004071856
"607" 0.507209679451488 2.51444090616508 -6.27605647138199 -2.78761431270271 4.32286561665495 2.96958914912627 -0.38873078825114 -4.60371885920407 -2.73420347391221 -0.773769187175182 4.83191437870919 0.292842062923017 1.32711905208661 -3.35909418540637 -0.895760379626129 2.53212990009219 -1.24767379729857 -0.425596720291343 2.20462700342384 -4.93903062756374 -2.04050072698388 0.343167472103568 -1.47580905022863 4.53037283873734 4.97733976620051 -4.98208431968218 -6.2979951571199 -0.71595819414038 -3.88792035496947 2.49013737887582 1.51066871668857 -1.66917785132415 -0.911958686878055 5.98900062975405 -0.233530084322606 -1.18916633131066 -5.85405075178562 0.384980696146133 8.05607024544032 1.55989681383561 -3.87247250747908 1.28511287309774 -0.488105898566029 1.26586163648713 -0.347404244838869 2.29816444953829 -0.0964364969231719 7.49673361442905 1.94157706420558 0.151525475785936
"608" -0.768269169298233 -2.43338223404375 -0.0596815075933029 -3.11292181985872 -2.35951350413878 1.93005431368704 -2.02395029899126 2.27335327562061 1.59754538782903 -3.46519405415722 -1.10164302422347 -4.9487591370999 4.978399882379 5.30135405806352 -1.63047717538077 -3.62030506480837 -1.61741746004938 0.272151908822466 1.84198848209868 -1.06325781496163 -0.125212453601218 -0.634099534574169 0.105953115322353 -0.573908659172491 2.2284486271692 -0.798678749647012 -1.2261456225334 0.985698657304448 1.46188766684608 -2.58844114255205 -1.20093674362702 1.63855582066126 2.75798188965974 0.316588964400922 7.57628292091882 -0.302492253447223 -0.877286398604539 4.63162762336531 -1.1481358719715 -0.039655163055288 2.16640461298354 1.2177304456633 1.2501175364181 -1.26234701148081 -0.20746776954583 -2.42996371812792 1.85700473922091 -0.857834693099848 3.12804219043797 -3.72910051947126
"609" 3.62707105854177 -4.64720106940717 1.00931814547809 2.49681550538536 0.828997682391586 -0.32206567074401 -4.67476245875644 3.4388963578762 -5.63590428529878 -1.08158255057514 0.54925545698653 5.39144319352974 -0.221451687931161 1.23131593149838 -0.477706551278059 1.67789994759359 5.9333165143523 6.57619411446069 3.58554280097272 1.04923483290681 -1.08553387440554 1.63203271247491 2.43726334850512 -2.19950769999901 1.2418853939747 -1.86227208637683 -1.65563324800564 -1.29300845572278 3.3426551943131 5.59715045925135 -4.00415490330325 -0.135442567175509 1.56504679744768 -2.9998262569136 0.756377130336424 1.16601333503535 -1.36446676474962 1.92995088361013 -3.56570720921062 -9.76252758098284 2.67236709106407 2.60930281348154 7.17274844277013 6.54656377983569 -3.86228892224765 0.472444578329077 -2.57240867210225 -0.270191098922375 -1.19261217347304 9.58600273541771
"610" -0.469499338149876 -8.21156373275475 4.68284645866392 4.27142815037133 0.399804352878842 2.22136580165504 1.73932504361951 0.424981719516337 2.79766251793176 2.50931092922377 -6.72307530024303 -0.0411989380223105 0.408102062758031 -0.184752280142835 -2.1311931544849 4.90683195249045 0.111092616560874 -2.06454329453972 0.698618756926226 5.94590206140646 -2.07871778277899 4.83091358605832 -1.8989187340466 3.67009543685002 -0.932746585027641 -0.224160250990835 -2.89658090297555 0.0404586990942565 -3.90058958211452 -0.232352986607986 -1.00702514862332 -0.282507020133482 1.74936645294208 -2.70216911113498 1.16733457571899 -0.215172874731814 -0.376353557493907 0.816321852630399 -0.636529700177253 1.57069502627093 0.127781769971997 -1.43259484689051 -0.0734665679643934 1.23817765097628 -5.52443813134307 1.13138306472688 -3.5621749042869 -3.6484273132498 2.40529679461646 2.55303023287517
"611" 2.36919586217072 4.87920796310167 0.346743033363281 -0.603507922092299 1.45883627128854 2.17485611061298 5.77971502892254 -2.45412592275439 0.117156503268247 0.130146626423183 3.75172281753387 0.895007473022169 2.8961932262617 1.0207027893366 1.68554667029499 -5.34858318449664 -0.198799655744388 -2.63995645841075 3.69857532611212 4.40123285436557 -1.66688072377629 -1.1731690938168 -0.616855561881575 1.0282252755212 4.78251182142305 -4.10328933817264 1.92075617198471 -0.312472178886588 2.7271831625601 0.0358566676168834 -0.991640759026897 -2.41163902852982 -1.0628069104913 -1.88269067671013 2.43870651917892 1.7706937483333 4.0589176316802 -0.188024019412133 2.12688818142388 5.55101709446749 6.09171285236534 0.774537612161715 -1.11973820520339 -1.30441972843809 -4.31317015482889 0.0508341156273146 -0.529926502483511 0.703299760859239 9.21450296758035 1.71697432733008
"612" -0.200769755325906 -2.16623190312868 -1.93940585772729 -3.06421679036626 -0.980529715901311 -6.07958376743568 -2.35685130853223 1.7550880282643 1.62447514461192 -0.308968768863755 -1.2909837620239 2.28567535333571 1.28948161656841 -3.369182790177 2.50753859731581 -3.85338703455472 -2.02856615426812 -0.0319006338696861 2.12656005013082 -6.22117466894534 0.756717994360774 -4.02471356675002 2.25493945631801 0.382330306542998 4.59081588475872 0.376626761817382 -1.63918637282185 -1.52059875038006 0.806693621009328 -5.28975808035183 0.856382732437698 -2.93074506480916 2.17533506977109 4.2127509883771 0.911557675669125 1.53589977021611 2.40428564061006 -0.974618112742765 1.1836212330817 0.852001531439156 0.892259420291232 -2.11339937515729 -3.32871188091844 1.51336665171048 -2.01544730494168 -0.504243616397998 1.31961376180795 -0.402639915143072 -0.874792352385843 -0.0144188375678289
"613" -0.18700726802382 -1.59915870754186 1.60969817012492 12.4291709566193 1.53558218573832 -1.19849953401992 -0.222163056990107 -3.46300462987368 3.86930088956695 5.98415171692335 0.82266604799147 -2.63070461609496 -0.993533951272795 -0.57489761419815 -7.06952559487494 1.52346638282062 -0.359204888300613 1.17069976518045 -2.64005298922629 3.27931788168997 0.23229859909225 -0.650435624180987 -5.03922973870713 -1.73597286838391 -0.825031636025824 -1.13926621176699 -1.70102019108071 0.57538396052941 0.819805169878467 0.559674675717975 -3.24310376726951 2.33911304960776 0.582819623531419 -4.61357809530254 2.40544191639426 3.51976199246687 -2.20685249170567 -0.303172583316438 -2.04611348080766 -3.80407436110949 -1.71698705344132 -3.09188090688756 0.868343834816568 1.05385282542607 -4.91126016619803 0.876062216964801 3.13000061127845 2.04721772130439 -2.84721115205852 -6.24885239589424
"614" 4.33327881160404 -2.64706807027498 3.09567106693532 0.692630838164807 1.2286832126287 -0.526582222630458 3.29930112217669 2.57335221662399 -3.46268315922066 -0.179380348171434 -2.30322986976155 -0.200471955616728 -4.51930469345204 -3.53878686273641 -4.6347616398656 3.1431467733338 -2.47173734070918 3.53391425642463 -1.37229190573411 -3.84010327736772 1.47996011695478 2.89136185678451 3.05110698802484 5.34397058912866 0.00213442122463724 -1.26436733062152 -1.0701102711172 -1.2943393712688 -7.11188310855308 -1.87720736992247 0.0580702407759696 2.74865804840828 -1.20553796107551 0.796304923426268 5.54876308551668 1.45247524771308 2.96292889991901 -1.80916073262583 2.15026253465373 -1.54315188642897 6.06608026663719 3.57076099591621 -2.86305968255109 -0.093297867956643 -0.321952687226839 -0.907205752231414 1.61736094348075 -1.17520383749392 -0.214146114298094 3.2560827491308
"615" 8.17135097519813 -2.05890249318929 1.51137115504026 0.0499763958273071 -0.957329790398921 4.41669372825309 -0.702969237255883 4.54075387192535 2.51056598846863 2.26158753942337 2.56381748968189 2.25609193936422 -1.40028955954083 2.95212008941826 -2.22801461589033 -1.83685570232133 -5.53055538326813 1.95539092267975 0.490891483689381 -3.02636951096481 -1.41716205592333 -2.96001539507423 -0.701737612782939 2.84618284684359 2.13151137126323 1.13874663401185 -0.0210853073266514 -8.13638395581363 -2.6098205709535 5.54444417544293 2.50578923538502 0.954417374143635 0.133053898257053 2.1966159348255 -4.01418068031884 -1.26524841331443 -1.8033138481987 -2.25272796714969 2.03091059165561 1.67814184400124 -0.465524154299072 -4.05342994753631 1.14242621365664 3.42706200995475 -4.63303811316242 3.41853667997474 -7.12833601558428 -5.26849202068268 -0.988027046886657 -1.29132819753033
"616" -1.97126397583246 -3.72271827032805 0.636976923090019 4.37466154668363 -0.999507356127108 0.886416822429612 -4.28104977694337 -2.57662742739869 1.79435294169124 3.16063144138443 0.58001273037096 0.781762874910234 5.30027284808804 -5.51215465525628 -2.38010066551976 -2.44209721965112 -0.103419801540748 4.17621356301887 -3.1666929445906 -2.65040114098013 -5.75733389560228 -2.48292500449795 8.28649565124983 4.57989110056084 -2.86221977029785 2.67589352917401 -1.49491340747015 0.473311828277293 4.72390282398505 3.44765049154409 4.00536272070457 -4.33866672864365 0.339899909490674 4.6437792971181 0.437084596277427 2.08608509881457 0.947838831269696 -0.200195131172523 4.61724473837693 -0.666438686891101 4.67195630831775 1.13348980508189 -0.643641886422311 3.78400837030271 0.827769219235569 -2.65149877135312 0.355307467054636 2.20113115984405 -3.40875488893421 -2.36861737846769
"617" 2.30929337059072 -1.45018481147352 7.0560981950071 -0.423316098839951 -4.64257475741949 -2.90074564263898 0.223598545953676 1.90667671378411 1.44656136909062 2.23947968171365 0.288153596682489 -3.43135247386307 -1.18488878559719 2.12810443734979 -6.32466243014087 -2.55174783795678 -2.13835725696368 9.08060490611611 -0.250037893452374 -2.21578446955298 0.676800041730819 -0.384802360702774 0.00682496614163995 -0.477061346607891 1.69955989352594 -1.92213226049466 -1.12389344116551 -1.24056333444656 5.01546692136695 3.98171182001802 0.564476284243281 -1.02754491421002 2.09665885082544 1.17507616778501 1.54167986025708 0.880910946710355 -2.5678688370583 1.3481565601994 3.2110137746911 6.8937517323802 1.94687605063187 2.15600498188727 -2.93422108026505 -0.173114836293327 0.761216723594976 -1.68278066531506 -3.14005548695758 -0.925366382617574 -3.78706783414342 -2.78713170868731
"618" 2.06421964400289 0.720983459616925 -2.45661405283429 1.2581553049529 2.55797805550089 5.28506095539609 -1.70614399792437 -4.19162356229877 -1.9995628338686 -5.18078115485736 0.820739793172943 0.930148489388513 -4.10436444891849 -1.19933848551634 4.98795860972063 -0.590421120994931 -0.459675220998791 -3.15552245252668 -2.21752801121263 -0.59000495544334 2.08330654388914 6.27003561117779 -0.682280476029531 -4.83930106627886 -0.882123224569937 -1.24707358809338 -1.80138010079885 1.07278654036352 2.7901916764373 -1.15131401591974 7.39956627478069 -2.92799111915255 2.47094889043983 4.9091611326821 0.640365458490978 -0.582785993359296 -1.2559429609102 2.36428548517206 2.43955858284597 4.09288441028919 -0.535463636437088 7.35465288267374 -1.85923248483789 -1.85181472196893 -0.603735877162484 -5.6945448005954 -4.85674884935974 2.50413686374262 0.283523825235757 -0.0568373356897372
"619" -2.78322926752401 -3.66512124062763 4.08184771547053 -1.35379299024484 -6.77201906453607 1.61795126567281 -1.59080009366414 2.18446648183524 -1.44528145690163 3.77340638365942 -3.0151306531137 -1.33906689520031 -1.65122788579596 2.94244129789859 3.0542099987708 5.22804754444042 3.13330084225197 0.84464182619221 0.0824076834524845 6.81350019556206 0.906264065427111 -0.284881567516552 -2.70388675696955 -7.34493541363549 0.757955820498871 -3.30963222680766 5.00395308873129 -1.54993925409734 -3.27329178097499 -2.15746934967251 -1.0646573129244 -3.80684888202661 -7.08247749289524 0.998052814854451 -2.20976034804542 -2.74432609351684 -0.053515723343035 2.76431000114496 -4.00406952934236 -2.36297574000797 -6.49660478473475 5.9864955228789 3.79988860002931 0.00936116689282103 2.06188942905724 0.837011410388442 2.37512414671804 1.04337162280888 6.30525494416961 1.61071646470725
"620" 0.570202536981321 2.44091100465077 2.81758973688876 4.04956350341086 -1.08836837146721 -0.967894166886762 0.310245755569337 3.57369759684676 -0.0532824017187122 -2.73291254899209 1.87178574050469 -2.95144227084374 -4.19629069939125 0.113941450348762 0.0679505999422264 -1.01968160584881 -4.23221116788599 -0.943816343442298 0.891396872311572 0.413709847580679 -1.24148826062572 -1.80335152757367 -2.96813938522309 -2.78591795074027 -4.46486968082502 3.80226929126205 -2.13286591742468 -3.6115716622744 0.0842015709989334 4.84447679105695 4.16154838632635 1.90971500746326 -0.493062823568133 4.9133706093836 -0.99231329431646 1.31723004131163 -1.6071525525276 1.3556550652442 1.13904059401705 4.45065154778025 -4.49538882772426 -1.49210620553134 -3.21785306812599 1.83719461803525 -1.34802830680177 -1.91701765663549 0.807772096338029 1.53596153235761 2.64840013485053 -0.291973027817516
"621" 0.238861949178862 1.66879138447548 -0.391129154987391 -1.24705447498017 -2.4070292932387 -1.93828162710517 2.30375126177595 -0.580557172142036 0.212501056862892 -1.14946246444799 0.469631742425511 2.64288792797936 -0.115447816266592 -6.33558776749498 -0.532373850977075 -3.43446972709139 -3.5967273711664 -5.00944228666148 2.10129358827068 0.0521614450080416 0.724548314441813 3.6173572536498 0.269149492801127 1.74794758461365 2.09332997921503 1.17529472506434 2.2291051270223 -4.02770717722801 -4.95228423660266 0.851625440246763 1.12982553288381 0.409209790744274 -0.106674405075423 -1.17960364751827 2.15830630809011 1.13194669797588 -0.768798770066503 1.12664039904576 2.1928835320495 3.33525609580604 -4.04051225322748 -2.61466294586954 -0.540119856993611 6.09733359758635 -1.37818443948424 -4.28441384261502 -5.4242029758049 -0.0145700052197535 0.314495358457424 -1.78424133978115
"622" -0.645427131696129 0.605314658539783 -0.160051703581757 2.45054782636875 4.45253633269111 -1.04653517887055 -4.9063907794708 -3.98399430147495 0.736578326697592 -0.72131395158687 -0.443490508382507 2.81022778231675 -0.0307335939098187 2.80599412221165 -3.05749911148365 2.67191086851664 -2.64698159014221 1.61431497830676 -2.33889013583121 0.971613119137031 3.26175419556249 -3.56987514408195 4.90442973357851 -0.631944830438155 -3.32411981823171 1.95818739950596 -1.26162606422252 3.68312197848017 0.914247853997058 -2.35256256243676 1.12535379000771 0.435297230046224 -1.26612447272707 -0.0926718144992008 2.50536581606601 -1.91022440428077 -1.17245522871556 0.709576694281503 2.20869958653235 -1.89568795389345 -1.85767601192588 1.05561071125722 -4.27766549507367 7.04599201127261 -2.03510475801337 -2.82087175905325 -2.23456820587553 -2.32774265417961 -5.98496105173372 -2.98506432222418
"623" 0.845299683638607 -1.14652566226777 -1.55190748925228 -0.937900388519801 -7.7342711137608 0.33719110188884 -3.00571334417095 6.42798891609613 -0.336386888096727 -1.41009297471887 -0.559217328503937 3.22564835337735 4.65176517848419 -3.21343048421179 -0.916878619427199 -5.78009581075569 2.02549966947681 -1.78275204707383 -1.58660557915752 -0.375758366094098 0.577000182707425 -4.64667289922072 0.387473234720693 1.4996986927511 2.19535601294666 3.38153081656824 -0.175965394641361 1.94307786243658 -4.44698312601182 0.330173859058286 -0.288993714081511 2.60273193856922 1.60775390918897 8.07226987969299 -1.27615683624483 -1.62920278252331 0.653270314719036 -5.00715818944465 -3.21192986697989 -1.20112586317759 -1.7515053705009 -0.416095316558145 0.250650315111299 -0.254155916039938 2.04998605436634 2.47888984103634 1.16485543316126 5.24868476898122 -0.360279188750913 -1.16649877232839
"624" 4.49414429892112 -1.25874310180398 -0.553225085669422 -0.0921854730423193 2.9276676804136 5.255779306178 -2.13436401930564 -1.6409328758348 -0.656332493805163 -5.17687055034563 0.652325388660423 -0.894679710407408 1.72661341117273 -0.0148268841451853 -6.7624500246485 1.8506152925408 -3.54601934728701 -6.60724412453199 -3.24551587589744 4.24402910389186 1.55509220975484 -3.12633691287169 -2.24050912783255 1.00040010034833 -0.563888401437814 4.58492172846327 -4.69738929391958 4.84804151873621 -0.740556339079686 -1.5492714262613 -2.36031989251697 -1.40658506171616 -1.12861883344829 4.13148177146916 0.281932569836822 -1.25156666834037 -0.645830712746804 -3.66068999629506 0.156483267855261 -4.11108806094538 -0.220886056259361 3.92398423960045 -3.59711565897163 4.20580706212433 -2.75800762104191 0.877294067770739 1.36534855349207 -3.41847047764763 -0.839238651247159 0.826123069408509
"625" -2.25266416444218 -0.799802760116539 -0.393619505322885 -0.851651301021969 2.57773385566555 1.69037867775898 -3.17540432676492 0.435063678025203 2.22086716901385 -1.23662441565202 -0.714335379581691 6.13641145236201 -3.94651203120809 2.93434821112642 2.99794124653738 -2.87332499317625 -1.89715551207082 2.07200974344381 4.56221638908072 -0.297278149682153 4.33662188061884 3.5189952059642 1.77470920108971 3.11737946602002 -0.0954217947943648 0.598216074128079 4.2981154206508 5.84948915879367 5.84110267996201 -2.00502306211534 0.259802634151127 -2.67594659962821 3.57609976939616 0.800047597595844 -2.19327326477187 0.592083067819112 3.65407120616672 -7.30034546597404 0.94177274362151 -0.154280228390027 1.33320007127572 5.43197832998896 -0.681505766304384 -2.50280435740656 -2.43166390319081 1.92448252384785 -4.27961502658914 2.95389662285113 -0.712016498080133 2.45777864902809
"626" 0.583768779096826 1.01449175669052 2.87806308635205 4.78954268018786 0.661339057414005 -0.216317580058892 -3.80246657103354 -1.07014555177864 -0.340301274913185 -1.95002045686974 1.26634072942511 1.75049208429835 2.16007124937595 1.69661942389167 -3.40065800778441 -1.17105606296757 -0.956037929518433 0.0980600937829389 -3.73333210089353 -0.420741308630015 4.16264753849763 1.05416512432156 -4.89538253688426 1.62534803069212 -1.61154728458265 1.47839797360869 -1.01382256338561 3.00328782166878 -1.96848517244611 3.25718910447215 -0.305701995834955 2.34373717402441 -1.17662919920575 1.10128812795595 -3.80984250796234 -0.713079551432702 -3.08043063669411 2.53280266425323 3.76254755271466 1.55094587643734 2.15274031464368 3.23296012547629 -4.12088561832912 -1.21190785118312 2.73532854697746 1.26740561140475 -3.48933509171793 -6.39277403831785 -4.14170462509735 1.02478770843796
"627" -0.168907287308747 -0.289341482923379 -4.21745248810601 -4.27883176467726 -2.93334579334024 0.699435719880871 -3.68558089630418 2.73809858103493 3.27763204210239 3.61181124378605 3.19870692302047 -2.3346070052589 -2.35227617878144 -6.60760338174202 3.37135906131521 -6.90235400823209 -5.60789592619299 -0.867967437628107 0.404442947087221 -0.362256194096114 4.63231988925356 1.05406087056025 1.11711596414526 0.447404183747199 4.12027714010169 -0.574168655936872 -2.32546406338971 3.4650884897418 0.987187479874164 -2.40835153636664 -1.6768107038948 -6.69119797213068 0.53862114984525 0.504291593071282 -3.42077996330451 1.51930248491561 -2.51163476415241 -4.46444937492609 0.9796266019017 -4.7063183282567 -1.97114166543697 0.162665609589663 4.4347649374047 3.09583014613592 -3.08034544158211 -0.0660598682808782 -0.319156878683356 -1.05482599720176 -0.419600003929757 -0.147112839939771
"628" -4.1374527810976 -0.777206814581198 -0.831509758682328 1.33911060444275 3.39468436162334 -1.61224586131487 -2.69850766964664 -2.62474659903824 -1.9960042948001 -1.06493593499009 6.60272330095437 6.5720112372714 1.09927932166967 -0.816768987892404 0.993081498592866 0.57274432793485 -5.48655651372447 -4.09161252713582 -2.32851874793614 3.28338280884376 4.23279790304715 3.85729658586455 0.211367541190852 -4.98289609396446 -6.67265313521401 6.02906094237422 0.753178643473543 -2.30083435555525 -3.55968272436047 1.12116680409586 2.19843310899386 -3.03470779195422 -4.44801524285449 -0.531850630741411 0.215059903522411 0.307672859005906 0.737509600626503 2.01858412432852 -3.39344180419487 -0.471637263232805 -0.758620086339592 4.79983086378585 -1.76108180548712 -0.0781033294839208 -3.16550683818696 -5.46354673343857 -2.03270998217466 0.990545676440121 2.24001782836812 -1.44487599317331
"629" -1.71429787510635 0.210008795614652 -1.69451759689407 2.43040071465554 3.78094102969703 -2.83441326871886 -4.06989326497472 3.8032837394428 0.423707254267525 -1.96349051932301 2.51164523991664 1.0086376735713 0.328782775727218 0.530400967619739 -2.10602865684764 0.958291426852546 -0.509014134174684 1.66047505337167 1.10999413048816 4.68284470953171 6.42372904041288 1.85016386707402 1.80000821151532 -2.67227157872379 -3.28455493390545 1.70409881925423 0.533336320774463 1.11672895202959 2.3416581576891 -3.6610495800749 1.05988128940447 -1.4206779251115 -5.88287062877798 -0.108213274673027 -1.59698243552152 -0.411993153413661 1.8359131809224 -1.71620795914153 1.99879380269612 3.66753552814993 2.21118514072591 2.891600600782 -0.307322512229375 -4.82061517694536 5.78682657866023 3.64263352172258 1.50824174645571 2.42566669884201 4.66827134449989 -3.86167262307737
"630" -0.450794281510742 0.0716982797128188 1.96497338928096 4.34804013486094 -0.617465507577343 -1.7366487072694 -2.7375385747032 3.86136934278092 -0.477255594506039 0.614633567171966 0.160296762852038 3.51439650426149 -7.23831942778283 -7.43162815262331 3.00366234303048 -1.93186888368987 1.98715645277541 2.68441119986008 -1.21444846069272 -2.035256404958 2.53221432100469 -1.09143521530837 -0.90603623395246 2.07728406010752 3.53914501954712 -2.91815249047062 -1.28915551237735 -0.673090771655968 -4.14440052437116 4.0689352845054 -5.44732366690966 8.80771164538009 -0.87641618922565 -7.2078819207621 0.837945219104808 -5.14801562554309 4.1857830495232 -2.51217678656277 -2.5239494842328 1.8783961544044 3.00212116912999 -1.77601161545691 -0.974945370020301 -0.467146134500503 -0.0519840301297542 -1.06512571217758 -0.932922638402433 -0.245442662197929 3.01104322456785 0.044096976041526
"631" 0.336198165535424 4.62241459716519 3.45310640450992 -5.04031236505504 1.07036978241131 -0.252389536587384 1.2944118117411 -5.96132575154839 -3.17768083383434 3.8236079593679 -0.977129292626631 1.60706122885484 -0.615767554397721 -0.105725510982514 -0.901672952355886 1.51245244830254 -3.69057365997511 0.822816229580607 1.71254911443773 -2.32756019644738 2.22040479484538 4.57268549279677 -0.130055161055256 -0.807300189963199 -1.86970335894424 0.419379319052795 -3.77799079600285 -1.69949591110845 0.952429187203599 0.97659606031853 -1.23502402554275 -1.06600127939596 6.00289645291494 -0.222515811364038 -3.92955311469402 -0.990268316467886 0.317347182296917 -0.45591335928482 0.016601985291465 0.733393168919327 -0.0606925408804852 -0.980694964087511 3.50394647993856 1.8343629184846 3.21154535089735 -1.21808256914435 4.17309357416379 4.95247688056996 1.96655674563466 -0.990885697800174
"632" -1.22078085294024 3.3732988559253 -1.41939151314131 2.74304037237366 3.81118906549628 0.975538349458924 -1.68664341198504 -1.71737821469372 -2.0666941748157 -3.58937513321391 1.49278946059698 5.24649538675311 1.86736514542047 -5.10567681481314 0.496345857126408 -5.27439028357938 1.32674028926353 -3.27461185319716 2.50515513298958 -2.22231964955785 3.64376544593422 1.64195542073278 2.20485460304928 3.21567796301249 -2.35312052585344 1.02485297861154 5.93139032761326 2.92015839965326 -0.418413988039961 -1.57852697121456 -3.43626815538305 -2.57690049718622 1.40456060469595 -2.47677350903512 3.03075487074748 1.31607750773685 2.56286097441752 0.965344962949808 -2.11660817343372 0.691477212881779 1.7933745410216 -3.75916444193609 3.04191473518835 -0.905182683485788 3.26164871276722 1.34471185837843 -4.44496919845058 2.14143528675107 4.23841719262893 2.99419343541335
"633" -1.77905215433486 -1.5318197425264 -0.255641529653345 -2.79840914744294 5.32604323817148 0.0200661108354246 2.16814801366382 -0.017981379686737 5.31091646036163 1.55693289735869 -1.73801688465084 -0.520379884476629 2.97768294091146 1.90141809497349 1.75002251429371 3.17164133419514 -1.77184450913729 -1.54976014635311 -0.609994655237568 6.3860040419163 -2.51503261861716 -2.36743793720296 -2.35692829767801 -2.42614826883004 4.1778074053571 0.928480924255469 2.45956553608881 -1.23434491322137 0.762843315783686 -1.38616559922249 0.168679251849395 -3.46246314524018 1.08468585601305 0.252476306305915 -2.81998882623466 0.143523201081689 -5.35205382008629 3.42534615980528 2.86937631737814 -2.03015295509654 -0.34354913488565 1.82650294744128 -2.69004092825703 -1.63731553961486 5.99253354966115 -2.55199550045954 2.88014883781869 2.30059895058869 3.64719468148401 -0.889627005409214
"634" 0.141540051263721 -0.48190223269701 -2.22026493419974 -0.844751205010947 -4.89294757914766 0.0381720103700811 -4.66935205221483 0.698020314956596 1.4926409571967 -0.641086992402765 -0.535624458830005 -3.09701438066809 2.80376126056793 4.0843253647683 -2.21676974553867 2.54788591722847 4.92628527763123 3.04592366741998 -0.58961962996569 -1.59641583245517 -1.09608944940764 1.31935182502238 -0.0781562689060644 0.00235175516127973 1.55037474325779 -3.54803234236334 2.76327144455 -2.22448435443933 0.111417533362211 -3.53901100260063 1.79289284287658 -6.38410818702693 1.06855669743142 0.491613975981661 -2.50116098450006 3.8219804992726 1.72985634618275 -0.0837506312686044 3.48499671840447 -0.060678369549138 1.08702874978889 -0.664944442247561 4.17862584521906 -1.79088634408876 2.37596304679131 2.73794819582449 -2.89281782298202 3.14942932695651 -2.81407276094386 2.85332340118559
"635" -2.59959546595054 4.30796961575926 1.26637995370811 -2.36739776959737 3.44275881453193 5.88745108254154 -2.90907801442183 -0.513460201827974 -6.56298354601869 -2.41551851952062 3.07363297865413 -0.702973903337147 5.01720155312937 2.58720540071773 6.55754905877128 -4.17750197039106 -2.61091799247306 -4.0490654996299 4.16646428325082 -0.310130444528568 -2.24853727871583 -1.89052379610757 -0.372581712084076 -1.97449912813803 1.99098258727382 -1.61192113021119 5.79231512389371 -1.45653733479792 0.440073228738314 -3.85944983606086 0.531665600903314 0.87179206836519 -1.80067464453366 1.47065439323983 -0.7226611296622 6.61342467250775 1.79990548975967 -1.75861934604435 -2.70365857873709 -2.51156676107898 0.957779628190515 0.423837683572835 0.480541183622198 0.283259220369071 -0.514933295879353 1.8897505253704 2.25548625973227 4.36569875306787 -0.789846127406764 -1.86071666618406
"636" 5.78520595535085 -0.822448705294425 1.96259391531199 -2.89179627323149 -5.61522921422209 -1.62741601914757 3.32162840531805 -2.96470950790329 -1.96415488253964 0.400317221196036 0.401727324973907 -2.37779487281696 -1.12827599178269 4.1672687961268 -3.60328025416684 5.23682004578275 -2.0876941307237 6.48226640572786 -0.478541342374662 -3.58309795699401 -3.77894871300741 3.58248032973822 -1.87672118499607 -6.96907193036895 -1.69667658086888 0.0228229848110022 -2.70640837768963 1.10708521838287 3.73556961066123 -0.0764265085264821 -1.9639458389082 -1.88531718430513 0.387304334046712 6.93036014458733 -1.65628063865874 1.12512043821855 0.750874267125755 2.38434681793369 -1.40399231776321 -1.64770537605711 -2.56675438106807 4.23476992069785 0.635361339590051 3.0841878412514 -1.37128962672877 -0.480267063738437 -1.11630988322562 0.913031591346669 -0.0567394370915142 2.43637702527219
"637" -2.49387851160314 -5.36934973397578 3.41115741662087 1.39305972232084 -3.2655124353063 -1.45548908731101 -2.94058607369413 -4.31901460978956 1.66532606260764 6.18534491918586 -1.89350260516215 -2.54587440137672 0.750727879166964 6.01724760167539 -4.37093236559446 3.41847843719797 -4.27690773099308 2.09352405440186 0.21811750321204 2.25359461093684 -0.32451958995727 0.52806174397385 -2.51337176142825 -2.62803674233192 0.356380581099761 -0.151136619308031 -3.60095833254655 0.511717763175101 -7.15603674873746 2.13861760743803 0.0567231205437493 -0.785728395896413 -3.43402590615575 1.26889685657761 -4.195577830474 -5.18438611339249 -2.29624093691397 -3.84232445660675 0.3297068931601 -6.5563022109056 -2.44106734391251 6.31256478087804 2.6619133758399 2.62008986158112 -2.84224757466372 1.70992440824412 4.65291225719363 6.22907001716323 1.18754836003139 -4.4512205850161
"638" -1.59579018536939 0.805532898802502 3.7566138545668 0.0578399322238367 -1.22416339809228 -0.463519517172304 3.23457526315419 3.96756230196748 -5.77975878244357 -1.41333530578377 3.33998913221821 -1.50927032580481 1.00934810249927 -0.124573192631193 0.236614192353145 0.315362193372464 1.88998354824764 5.27785027415985 5.11372411008331 3.39015778719938 -1.70796372588764 4.43452756439669 -5.02362987786657 -1.0942993243668 2.89295851161065 -7.07235144787863 -3.46296526892051 -3.1404661276772 5.23076085973753 4.96394688841909 1.27008985761104 1.63630826966512 1.36694730005525 -2.19129547953465 -2.93224381131977 1.96669277443522 -3.31098913062975 4.77278650480817 -1.85941693614918 -4.26774740187996 2.19312604241628 3.25006837326793 -3.20525539626659 -0.280788913348597 -0.225462829970944 -2.9271094718167 -2.74421005841152 -1.22580951777336 -1.53470379137417 1.46792689540501
"639" 0.0146675741057464 -3.48394214251784 1.4417125491458 -5.39230476062218 -0.45620365583863 1.22709885373308 -0.665227535586636 1.99156808192346 -2.63312365160236 -6.36557983137939 -6.72375652963919 -3.91187926542444 0.859618762824347 1.37131607438386 3.47768466231302 2.27597655835734 4.21721485399532 -0.914804230391382 -5.65206103924068 -4.77518809025049 -1.56649514155239 2.51951771466113 1.54482329078655 2.85218233876105 2.02852277785525 -2.45482624006087 0.242520689777868 -3.39803605023217 -7.56111183001687 -3.25300842659506 4.0395384233882 -0.551454222341946 2.90686342215747 1.96479014082696 0.495452727344822 -4.2796056422833 -0.534276051983246 6.45633906828934 -1.2575557518245 -1.75107415623474 -1.7844081707591 -2.50645431352397 0.262080816330015 -1.35591792514965 -0.828977546985143 -0.707392323392312 -0.207208929638622 -5.25914308577458 -2.59166474063449 4.72366555598237
"640" -1.40143912007829 1.08657805292437 2.30315452964539 0.422480258683515 -4.6711600376506 4.22514096119953 -4.544644386641 1.38330723965597 -7.31972418140471 -1.31237086737937 -2.34260203702783 3.78611498717358 4.5602691693162 -3.77918076914182 3.06207909136845 -9.61735921514022 1.67692435881635 0.801467456400685 0.579009452418851 0.0703515403230806 0.525733777473005 2.6975019836309 2.1673441964006 0.618069991234381 -8.39393611753118 0.763341237794148 3.2115898905857 5.53185794637414 2.36365202179294 -0.245606712533198 -2.81159619920114 0.744096858994626 -3.67397909389572 -3.21080108628856 0.768363226646426 5.47721940316693 4.57294345927143 2.03830545350756 -3.90738901835493 -7.74089131512558 3.83243127692427 -2.85054283212688 -0.0876442763518382 2.05900627938899 2.4620917417226 -0.677406623686947 -0.766223943701819 -4.56371512392232 -3.72343343829004 2.70630647735906
"641" 0.126465445470934 2.2979446269926 -2.22585278251441 -1.82352147099471 1.72928288766117 0.0863803496365632 -1.63436180573327 4.55147838237404 -4.4922533242206 -2.48837107849765 -5.04963262153869 -1.63560478047909 0.0245151826789469 -2.68920057623389 2.68536985542917 -2.20348922460829 3.45791378385864 1.95553656044994 -2.12444188918512 -2.24853170198447 -0.452628399735791 1.43627537280414 1.42602152190566 -3.88950528712283 -1.27623563733835 -2.42767345523934 7.01442071870514 -1.55438591841077 -1.74801914358819 3.17554448706656 -1.68625798539986 -2.99934301336219 -0.375389230830031 -4.73994161593175 -1.16892922761706 2.78535813377878 0.554476393051828 -1.53814523820206 -0.515220293717579 2.13614890317719 -5.40045497529806 2.76365268985166 -2.94845828564481 -3.31783498274664 -5.35846752068707 -4.92700253671505 -3.4136659156111 -3.27273037337668 -4.43520253831185 -4.08301738331905
"642" 6.75448033530712 0.272727099106496 -2.9362520735843 -0.695538476608093 -1.05715371362524 2.14175408265535 -1.289149021019 -0.904995875637576 -0.797396754761174 1.663740131361 -6.40504337163739 -1.48574747475877 -0.867109934297824 0.0373574055734711 -2.97812366230489 -2.15587010103871 -1.98607598067906 0.47392335575408 -0.102318238913689 -0.102042621030645 -0.724724471857264 0.949638998539355 -2.8159663981958 -1.277995525815 1.19768290765272 1.12613462059542 3.43105264086038 -4.73916202972578 -0.669636453645631 1.97650003553184 0.619752214972048 1.76203326608878 0.951882862816115 -3.69343830051692 1.00975212293832 2.87538661887216 -3.81414115084613 -0.437065845429248 2.79002600528467 -5.04854053042122 3.92164821456728 3.39702039227321 -2.35092423658461 -0.826840181110331 0.786951377500107 -2.31363660251948 2.74596083312015 -1.31522583365329 -1.40165500499836 -1.9794663330985
"643" -1.50930585476814 4.4923999817075 1.2551863072827 3.82405105461787 5.27605405719613 3.00660937121995 -4.82433866315757 2.5563664980554 -4.89681062812834 -1.66349592644407 1.18688426107314 -2.21006613852963 -3.0918085779564 -2.95378708202933 0.878707817429756 0.516365804244457 -2.41746211476055 1.37085004387731 2.48292475990002 -3.22939218202012 1.02816738332406 -1.65703660519479 3.29876788240623 -1.80046695908033 -4.76714243523507 1.22682179882951 -1.87981930876135 2.04838348237934 1.84935035601918 -3.53224788881616 3.09011206290113 -0.509178204333168 0.278097495937748 -0.928260836390902 3.43647123249418 3.31600297182396 0.457270821374152 0.726899654930429 1.55962953106168 -1.79992295015656 1.69235610548336 -3.59778347885672 2.77200012687749 -1.83083398341515 2.69857067327292 -3.68868139955052 -0.504521269182095 0.491962166600137 6.39345458277831 5.33292208371394
"644" 1.22777393243653 -0.681135335230598 -1.00743650411792 0.158052887336785 -1.65729490833644 6.12118941675695 0.104435096026364 -4.1529906200936 1.2800779476044 3.48712332262077 1.57109260639174 -3.96891349544501 -0.919970508837867 6.03626395299519 3.32811208998322 -0.742797592323418 1.01926646821181 -0.768456269251522 -3.14764791354919 -1.94901368821798 -1.05498184248837 0.35181312367114 1.9015855159483 -1.17572903955792 2.01641075505299 -3.03961570246016 3.87048138971177 -0.826296002684565 1.22274349940577 -1.54486234524887 3.43763638692779 -6.85779998970548 0.587983830923245 1.57248907738335 -0.110629195380766 -1.32788431736609 -1.65719051510043 3.44231827770505 -0.460764467264271 -2.91250907281893 -4.81252732379621 1.3611983835431 3.67651801967486 6.31337592715326 0.548748340100104 -1.66386067545002 5.46623813980806 4.68436833410413 0.947282423129359 4.17525882505473
"645" 2.78238005295492 2.30350445761827 1.80621513531384 -0.880162811714201 -4.4305853042437 3.52769292766854 3.80231169961612 3.05809931170264 0.535164970790584 3.20514021925148 1.79323666104953 -5.17964631444498 -0.739768690060484 0.928049351788302 -3.46831273904641 1.9768924549397 -0.0903618241657761 1.52841844010031 -3.63288635340619 5.19830182937074 4.34455392674242 -2.0631740534328 2.20623035246057 -2.07990934351264 1.95382383673106 -4.26829542496645 -4.14857374320787 -2.11765257899099 -6.09168155140449 1.46937616511843 -4.84797973723346 -2.4610158979153 -1.16020606142059 -2.5188779879421 -0.288084046034615 -3.06406536193105 2.83093592739065 -2.7799220589305 -3.28448042560572 -4.1933467583231 -0.331896104305534 1.31899422308929 5.52119479634933 -4.61961192058295 2.08770456002688 1.7331847713562 -0.548884142146706 0.183683199278639 0.723722067124776 3.32285585068102
"646" 0.713471749361069 -1.4945204467167 3.98736400433555 3.10727101439311 1.50654992986654 -2.94840450664478 -2.4188992358818 -0.644032924277919 -1.38834949738118 -2.86061220068259 0.41060816364355 4.16389307703977 1.09650320224877 0.0043284949107681 -2.06176663498393 0.295924775503628 -4.9401494932979 4.53591216866707 -2.06348228794323 -0.906195134329885 0.350133448890861 5.90570533953561 -2.08250891185456 -2.43294308567606 2.79776635409993 0.197487833173754 3.2783110358248 -4.35988752646789 -3.92077590488441 -4.76814570531267 3.83542370455057 2.79094286675631 -0.550039579564528 1.06871912860208 0.544494347819679 -0.515293205529167 -1.49741674529657 -3.24857097214619 -1.72555271703053 0.103073163899812 3.68988058942518 0.226805293289655 -0.199179205895061 0.335206375668272 -1.53828691107448 4.17774376658625 1.82732369262112 -2.54990323230841 -4.8540527276387 -2.88233289819167
"647" -0.852757042210797 -3.15503957358645 -1.85865133054405 1.86402392352815 -1.95626411855245 0.489034234514727 -1.73095798580419 -0.503624705309385 7.16142367620271 3.48851742787432 -5.00057470985741 2.95193266065218 2.89332530598811 2.55527597197909 -7.4103814236954 -1.77051572571741 -0.783241151612876 2.3247814191847 -2.31911286357252 9.01243325485146 -1.10535317758185 -5.76993348510952 -0.657823987871859 -1.61179295155783 -1.70057067132395 0.909058248153524 -4.0143484340756 -0.611428968691261 -0.675103567358339 0.530691293642679 2.72600577902197 0.217575802485508 -1.87300623767371 1.20466580957059 0.550084653176335 2.9555586093434 4.14805860132149 -7.95596669734152 0.631360334058222 -4.21198523661453 2.46673160076841 -2.14921066722429 0.964605798823872 -0.729247322580845 -3.57609993737121 -0.886377412490195 0.950827427675801 6.20207780196434 -2.2826290961515 -3.0221409332035
"648" -1.16528202602528 -2.59671541021858 4.5522309742731 -5.87191380500002 -2.39197142228775 0.178108573706279 -1.72166066711092 -3.37984748920804 -5.7896540367171 0.18612679695121 -2.20597074591458 1.61843017051252 -0.26673029199337 -1.96959527339749 -0.388973070947072 -1.91162694969114 -2.2565525862508 -0.0177692843782364 1.40071231019153 -4.77805713104015 2.51180256519878 2.69185033482014 -2.69078643311919 -1.3435183116348 4.42873914187517 2.26860783130016 2.91838395080164 -6.79733348420787 1.51269891869162 3.74604071358301 -4.82652812911031 0.78600712882008 0.0956620270892461 -1.54124058803084 1.01898039934374 -2.90421133189523 -0.58524637922416 7.91322933510758 -6.11779829209577 1.22831595793182 3.81510703254598 2.38351648995564 3.85063998015963 -0.0119436244572311 6.64293767334826 3.44354926988335 -7.41206891775916 -4.00886309093131 -2.063750558852 6.44512357169456
"649" 0.425787662419469 0.913508088299499 4.26973519604178 2.60052519489373 0.313532692774761 -5.31091566402478 -0.370374776168519 0.370888751310746 0.19863702887373 -2.67949754131411 3.04681030108748 -4.87259371295509 0.0683370915230021 3.18231881434928 -4.30864113851968 2.72069963343092 -4.22748656834979 1.49557269376148 -0.895881606782072 -3.8078715280757 1.81384826898071 4.16972123594591 1.84767969534875 -0.128123751328829 -1.32761510773485 4.3198565321909 -1.58198001358222 1.31970639357439 -2.03435963567454 -2.47264561365359 -0.578715432942571 2.31130136160579 3.89228717744792 0.632930029974772 3.87694884548227 -2.19575506194839 -1.20037542608623 0.406383253919554 0.90531388777445 -4.38702549204432 2.52084700120661 5.29507783586514 2.00183577310527 1.17017722518868 4.02911079800745 -0.822499557161699 2.10880850749359 0.572622516176705 2.78709953595383 4.20393246615679
"650" -6.01214206556088 5.68113232653352 -6.17056104145524 -1.35762556176736 3.12656417025791 1.31681139076539 -6.28096949427227 -2.32748400193088 -0.948368899605774 2.19079453602691 0.818729221572459 3.22950068182948 4.90346292957892 -3.55268748625047 -1.57006459980671 -2.52256812651532 0.28463362806699 -3.28864199364976 -2.80303550573074 -2.72493534675234 -2.30034921532769 -5.94440292330478 -0.72322021381019 -0.182144870729144 -1.89562223131073 3.02976487266078 -4.66334506395776 3.1233759401235 -0.833929801745774 4.34152339874514 0.513386654237043 2.63590244072697 1.88755076047877 2.75339340169146 0.535002882748146 0.186346209937266 0.380397190599396 0.460156004044933 2.21450151208008 2.83014595374665 2.93170068249457 0.215896408945471 -3.65948806171721 -2.88976253906941 -0.186459771904156 4.49044311074352 -3.49571189575696 -1.23847004430097 0.814730713185719 3.35566639541812
"651" -0.835066397362947 0.477597114472321 3.73029874570668 -1.72369795327746 0.955581870678833 -3.94222127260362 -1.63888768799419 -0.0470344127405275 3.68203648686741 -0.497601330571711 4.1037190207909 0.0434894753124338 1.7809524102678 1.83920040677558 -1.29356529496935 0.736581990842531 -3.21728789440889 -0.988683943305317 3.42576105054602 -2.19734542842563 -1.02168256487318 0.994581460550069 0.785320484868368 -1.91299244648985 -6.1028854725873 1.88620151349689 -1.69231641020384 2.0068895879865 -1.19595462596521 -4.78399990591078 2.75549652581616 5.83742913166671 -2.81633082879032 -2.94197335904113 -4.10649423262116 -4.89855941612465 6.96086454764484 0.509693962566186 -0.711531065827486 3.27209143433951 -1.20410829919761 -1.12332420231608 -0.151303489585233 -2.55366288838618 3.71549060306549 -0.48800236149595 0.547231312958204 -2.95507045769011 1.50736432175501 -0.78425932033167
"652" -3.30252726026433 0.408056826270431 -0.66320735476732 -1.42293085343703 -1.64652924679575 -6.02818723369398 -1.27684954018404 0.520232124644753 5.4125830267665 0.445165134281721 3.36424068019413 1.58393023750077 6.01262395831682 -0.740919625384407 -6.11698754269812 -1.26153640718383 2.94826779486813 0.0594568505118696 2.77828857570168 1.72160497423927 -4.56851502475456 1.92039436646145 -0.399481960046868 -1.31419192592447 -3.7994579370678 1.58019742741751 -3.3379948290199 0.857237037804988 -4.84977352174609 0.899453203770611 0.972571154308489 8.56669571273242 4.51451093851093 4.06718324881834 -0.868284943659543 -0.480169741644335 4.32944219332097 -4.4895272792024 -0.251857220340462 -3.73295877100096 -4.62238774021945 -0.384452774401382 1.84019736145547 3.01455704458068 -2.79385421635589 -2.87641123335193 -3.29261339393966 4.26948930945306 -3.91617560582743 0.184643857520319
"653" -0.692703504639815 -0.538054364286257 -2.89786111411056 2.81835705786988 1.08596181170202 5.32830219546287 -3.08650812306143 1.60414805674071 0.483233090776351 0.260272702107012 1.42631594275405 -6.82328274947219 1.3634525163158 -0.7481084142204 2.1059306377353 1.05970721250986 -0.926389112567925 -2.3877255978938 1.61258756553816 0.521835339591775 2.42584014235369 4.04953551804561 3.9402542988773 -2.85098032862596 -0.395576194492157 -0.46893461227053 0.224388936542499 -0.524479733869146 0.784889298110997 -3.08420657947423 0.0333639673909383 -4.21238997790286 -0.740699219816298 -4.10656089672934 2.96043500123382 -2.73699815131382 0.7620758266016 6.45388533063602 -0.148123327240966 0.974968211650823 -0.505035311136356 -2.83505775921861 1.86073175776496 0.155951519620365 -1.71726782453253 1.02364010162435 2.02841681381482 -1.12893248096873 -0.046092452033917 0.727213751368534
"654" -7.9087375270237 -3.33958604102444 4.29441896628892 8.24369119964652 -2.88412958576915 1.61394912521058 -0.768215563310361 0.979954500687645 -4.87188254360334 5.27008411459137 4.18907359143302 1.82623272285396 -0.0055142560212514 -1.61438336450747 0.53965748232266 2.28466222797743 0.216680581174482 2.10700971573503 2.07450428048049 -3.11736024457416 2.16080335134513 0.229356862799339 2.32922287989102 1.9998635571333 1.56169319034882 -1.12777025498986 2.2122319407232 -2.72402547997063 -4.34876190879109 -2.1690226805198 0.118323670567488 4.18766383934269 -0.245160511424982 -1.92892796764056 3.93063946816439 -4.27643221796999 -2.08996249807919 -3.25590954875032 -4.62176006970308 1.56501055703722 -0.688143561212543 4.30053777634122 -0.995729013479502 -1.36842304610164 0.483131629852966 2.80196005537457 1.82390754680669 0.414053607255596 2.82780581691613 -4.01241497673261
"655" 1.97545710801386 1.56621211989158 1.58062060898502 -1.22397049503647 1.62529796986167 0.337820860581754 0.110603465516338 3.01782305506558 -0.161784247023155 -6.52762212193091 -1.02353184330363 -0.0464691378056505 -0.594317088878204 -0.0271227463109886 -0.452698821915761 -0.0867204236168897 -1.04477575335041 2.30300278886291 -3.96090306575775 1.96433271236408 -0.538898494823557 -1.81838854034441 0.00563000445395685 1.26218031865794 0.78355955220465 -3.50467548252093 -2.70126525250698 1.31412125022174 -1.27931940022918 0.286257129096827 -0.63690661409989 2.32132346471413 3.89705911651506 1.24709613017339 2.37375356168322 1.4602125828387 1.44694714601868 -4.81400426027359 2.06224041528224 -0.148254463980678 1.69843797248636 -1.71740219331633 1.09700858591329 2.6289040582474 0.565978620325573 1.48455315572512 0.995326905680324 0.658544888443461 2.63564267157416 -4.65023357227699
"656" -0.619794038328199 -5.31377342752496 -4.8255972017275 1.47413510248897 -5.30485524070781 -4.97635745829818 -11.0567131756942 -6.38234213824532 -0.740392579376287 -3.1433862667625 -4.89679035967475 6.84815524420337 4.90167578817647 -1.42081709201067 -0.717619889467655 -5.6233534485782 -4.17100877089172 1.98968396529666 -0.427400429000464 -1.75742155256836 -1.77100750459069 -3.66966145579487 -0.559616023479623 5.91901544565222 -3.0631149792041 -1.56962791504522 -1.58018525222641 -3.29993970811518 3.75808074764032 2.73262448998858 3.97570814827987 3.98753159187599 2.80436024291829 -2.49355695900691 -0.815828995186555 4.33321193255863 3.29564124683851 0.952339330120912 -0.183833360794108 7.63979339192987 -3.81083473566386 -7.97401926072933 -4.38102079389132 1.75225974245527 -1.97965409932078 -6.07287856776442 1.51344700880627 0.0626243006200255 -0.0667947762513383 -4.18748360661278
"657" -2.23058838910146 -4.09747269530417 1.61133266598569 -2.51558242809779 -2.51069107648766 -0.185922406485398 4.04162522947582 6.48865635385976 -0.955080786812244 3.11930593002606 0.649775783787636 -0.966349337269839 6.42136035598528 -0.787253106739117 2.89849494007531 1.9750886228913 3.60772295174113 -1.0518985073547 -0.254757995206703 7.78833594837315 -0.552335730537952 -1.97716294276956 0.651641916342988 -3.56450976094234 2.7960325986995 -1.42992485742669 0.691035116620803 -0.135057461399093 0.213979757730518 1.16568525300503 -1.22610946190902 -5.94431507755008 -2.95816376818015 -0.190083182360419 -2.37836701914087 -3.28568796362581 -1.14586862683153 9.18931564192458 1.92788141732469 -5.07828112086522 -2.93667459141524 2.19033670494872 0.973207734976527 1.49152149021949 3.35299446943098 -1.72832690726103 -2.09182366777401 -0.554460279563631 -6.4482405135581 3.2086959772109
"658" -2.13356369120296 -2.25871168136905 -2.71578554462838 -2.70295156431959 1.90032945886771 -3.98009755167982 3.22343024240613 -1.28929219135267 -2.48362573051486 3.54451439797991 0.165556143553031 -1.95670981343754 1.51028022689253 -2.60066259066097 -3.12099414616368 0.187615261064396 -2.88830811099483 2.09730889540448 0.81144774511789 -2.16860699489213 -0.17340283523357 -1.98614946376698 0.533448548177464 2.19250176096556 -0.0331903062142972 2.10628232218049 -3.26236096615571 -2.54783391681085 -2.52072766478981 1.36107087334855 -0.238401654711648 -4.76043262003249 -5.12545754445966 3.18523041966749 -1.48756664421094 -1.9722299994695 -3.42133813990543 1.43109710231294 1.07433827720283 -3.18982211858206 -0.414088465899976 -3.10135441842151 -3.385851366546 -0.0100027006970406 -0.762455033394643 -3.49397129984889 -4.15754573536903 -1.76426267325637 -0.320163995001392 0.477468539448155
"659" -0.135174393541995 0.897097161350344 -5.83450479888635 1.22379495155014 0.213082196978124 0.190872448087451 -0.701032197285213 -0.682111781835238 0.707762351090418 1.51281763034385 -1.19610779770191 1.70691897690887 0.95536400339662 -2.17109742501016 -2.94784173605426 3.03140228924082 -1.1501117409987 2.45711569303884 -4.8965810347731 -0.225097244145558 -1.05421525986312 4.6283704679605 0.0683450721573907 -1.38579321602845 5.48287729962948 -2.12038752304119 5.42656688801913 -8.33089211798523 -2.28629103071289 -0.556925813850843 4.030917108412 -1.77336958535997 0.389597200683065 -1.91463045001361 -0.251177826261364 -1.37523378316161 -1.74082118797605 0.777987517311991 -1.95917562829616 4.54091422289612 0.715039318073353 1.60186637703818 4.38616525024176 -0.687864576341756 -0.167402547223612 -2.6889155621219 -2.69304734466966 0.0702233689457733 2.13111584061276 2.94306660387247
"660" -1.62112297525395 -4.92699212947122 1.29919068203264 -2.48500464270074 0.435877907814191 -0.928650707852001 -6.32830959581373 1.00093375252468 -2.18649525416084 3.35492533420336 -5.01408637634656 1.80638059851525 3.69660300460967 -1.53013933829951 -3.6908817337486 3.56951993781117 -1.83319894685582 -0.0397738792483015 -1.90879936434824 4.54649694920194 -1.82764384137015 -3.20221158743113 5.97012534078083 6.69372545705997 -1.58499864539367 -1.30158942135656 -3.30997604774542 2.1527924683414 0.366370199752581 -4.41208822267994 6.86681575010163 -6.30706594986327 6.59022875121297 3.20220301832929 6.36951006406155 6.03723558651159 -2.31434141386663 -1.56458160077531 -4.63971169768026 -4.22849656313791 -0.0428153962040178 -1.02811504704789 0.660662865959273 2.01028650571901 -1.92852077791037 -1.21279136266869 -1.07939217732626 -1.90818589235406 -1.15848593923392 -4.25758282608173
"661" 1.205746287373 -3.05747601094875 1.282011541338 2.68419924265078 -1.96037468145081 -5.40235135944297 -3.8054336951397 -2.39593167148393 -3.97505116512685 -0.0878521296277681 -4.83939200979844 3.56760808470992 -0.444890372695169 -0.556619598416775 -4.47161129924527 -2.63653714027173 0.090897379518213 7.06270383855201 1.17491199057043 -1.67249310122347 2.67636666061043 -1.66591951791333 -0.93094788563816 0.719605733362514 3.63425036246953 -2.58737847256518 -0.042290036017403 -1.66372891366069 1.85500794567665 2.99663328387159 -0.716038104998318 -1.28486963797744 1.35892951840505 1.61582155802383 1.76583439568476 2.99638593609835 -2.21453298261297 1.92931553617386 -0.633042694857491 2.04330431899815 -2.33665415088206 1.20050104292418 -0.800485563130785 3.74398863309877 -3.20460080208297 -3.94322740830653 -0.629880654619961 0.929196203624682 -1.33428208862027 -3.53465719861324
"662" -1.59696667311069 0.933523490221702 2.66720105107555 0.669704420029672 -4.19807673132472 -4.70345717826659 0.526918043238253 0.149332958523834 1.53781066247648 2.39459981400081 -0.665909440242276 -1.40120656410241 -2.42826906183286 -3.95981097757737 -2.22439229174702 0.269280120541866 2.94042796869497 -3.60201816660935 -0.818239408570323 3.04780307439627 0.832712586087516 -0.535023064030139 0.881583158926132 1.45074735352629 -2.65472140682109 -2.64491759695473 -0.471676599567339 4.22025828083661 1.80873060672766 0.271479519364 -0.456334938590478 1.77640796627941 1.98687881417801 -1.66779000999929 3.30992208094697 -1.18186612206614 2.07152638215428 -4.78663314741139 0.311370505239167 4.36489867835269 -0.737402091937429 3.38949237130315 -0.491320304733716 1.1265317598703 -2.95132243176808 -0.800416351351884 -3.57409202582616 -1.82938302216392 0.431392911615164 -0.423325857935106
"663" -6.61554808864289 -4.08042225658447 2.65572445140909 0.779213409909129 -2.57951197598624 -4.23217790055836 3.38118591928161 3.12687391466591 1.43011215244222 1.15948792690998 1.04929555987906 3.42110636382141 0.567884913302785 -6.94441482289862 0.915398833574966 -4.2511015092042 -1.36196306689625 -2.63855206191169 0.563938120034195 2.37496978331409 2.53383872344281 0.760740227057178 -2.14218924445056 4.06058251175987 -3.83239458195845 -1.41255946751753 -3.83210107738878 -1.15398258567861 2.86961780108669 2.77262532852924 4.84399666009656 -1.52108343522135 -5.33996963452362 0.41632258590487 2.7225852170087 -2.09166231206371 0.045849186291318 3.39101566543021 -0.109695107688621 5.48765290104376 -1.82139252900152 -1.87398795578709 -0.759612757693931 0.39472860640304 -2.13489302443416 5.09295367797769 2.03038401783652 -2.35875105764401 2.27908950603801 2.5709225118474
"664" -1.22662407515227 -4.15180339417296 -2.75897099903805 2.57676727053087 2.87710241695188 5.22359709367377 -4.54245392682643 -2.04736570402257 -2.54972313935245 7.46128009765043 1.7639043223649 2.56986635210955 4.43363496601683 -4.18996159794529 -4.6682925125521 2.35791793735034 -2.83046918309065 3.08901926058837 2.36125940119379 2.20407033078353 2.36490133290944 5.12722688524131 1.22090932979776 -7.23977165034765 4.63735891750676 4.09725089402257 0.646825723634864 -4.6112409540519 -2.19051651647254 -2.28242787882279 -0.0726482190477561 -2.00166894234582 -1.98825910182336 -0.492993359434655 -3.89328835093335 -4.09014540750709 3.33653499315566 0.215401006870603 5.01167572468398 1.9919079942287 3.12508225815996 2.28002680008908 -1.5959119653397 -2.18293627828514 2.16511195928775 -0.376475640420826 1.081503765346 4.16605438470417 -0.60576455089817 1.51625625372446
"665" 0.383797821315306 -3.17037646017488 2.63574820367166 -1.49860107057042 -3.43679829949004 -2.82115155634956 -5.27477139340131 -4.596098816249 0.559437052161753 -4.54904027206908 -5.19755635080021 -1.28070353603384 6.5899041132694 -1.14499875171935 -1.03610597291289 -1.56884155504377 -5.63098192417892 -1.03377214077487 -4.9860451072604 -2.32634152902583 0.226174082443524 -2.22997507863737 0.6256006152342 0.594934882285094 0.62312872023276 2.88500274770862 0.782729110922595 0.230971974937046 -2.24643534699127 -1.45715932808644 -0.964965029090735 0.620068000028029 -1.46461908727338 -1.24410748897022 1.04337302128314 -0.751118860863203 -0.705531138803593 3.77617926857129 -5.01468154570712 -4.59156506276253 -2.8188011760469 2.8942625906204 2.14175089381154 -3.86845467643718 -0.0433618731362339 -1.22893552525359 -2.49239293630595 -1.15325343560355 -2.1048090009867 5.47119380083856
"666" -0.387239100577246 -2.58212150052077 1.4248443329309 0.0562972871555701 -1.11282862642769 -0.840387717705694 -0.4223624985027 -0.851881985955866 -2.51056890184136 -0.908406185139822 -4.30873245530637 1.75836307809272 2.55367286709711 3.0217364370673 2.24119924441198 1.6799157202803 3.95506632055927 -1.69962459445889 1.23004835621984 2.1669738671811 -2.67743922641141 -3.52818963284332 3.40967813255402 1.37580470543344 -1.29180080643693 -3.5212309949964 -0.56583303444518 3.29255040203853 2.62453468141776 -2.14587875015677 -0.394801012786388 -2.17216489829963 -3.91901456890083 0.0254707175123948 -0.97295372219858 0.960733842146728 1.01871746286518 1.82922092771754 -0.967366265191257 -1.8473247202792 0.548096935882061 0.978529945015049 -2.46269950071046 -0.447218015585018 -1.9422135910317 0.080701186773491 -2.51694427235396 0.377737405547449 -1.92972533378111 0.819276763103769
"667" 3.6486785508873 2.07124674845021 0.69214794141052 -2.83396659773933 -5.58350477188795 -1.44408557610915 -1.05810322405542 5.47456805912484 0.451779347858544 -0.0983127290394352 -3.42050823643497 2.46427343282914 3.20560505463287 -0.718700445645847 -8.00059300574066 -3.99021906437717 4.11216459678705 -0.779351667129831 4.24164846823337 1.66474638209371 -0.336925655026932 3.1600202504159 2.00508422090053 4.16467836416037 3.62467051557757 3.39318283172173 3.76983270388073 -1.98592185916186 -3.3142978425763 -3.18039349392583 1.46340185496905 0.880493312866019 3.10210590844938 3.28796174457732 -0.865996218936015 2.09965413613537 -1.50695043939683 -1.57430318105299 6.80836151599769 -2.6424336548551 -2.14108415472792 -0.333254572521941 5.50896494263538 4.97772917190799 2.64375646927919 -1.81277233067663 3.04619720102486 1.40771446805779 1.30781391158279 -0.200354769263146
"668" -2.44279831478286 -0.272791637012923 1.20638270764708 2.55391544541446 -4.00980979604378 -0.903170150913273 0.906851037753055 0.975106643032788 4.2922134659638 2.80066942579025 2.56536087788731 -5.21510352592042 -4.41271223974378 1.49681644185192 -2.95828068257968 3.50548509259378 5.63610107802456 2.9088705252766 3.41682585015723 -0.886995349975434 -7.02928655464826 -0.477478260436054 -1.82908007895676 -1.88897493505833 -0.146706482050014 -0.635123846797559 2.39088458552495 0.379236670559854 3.28124071750267 -1.51312915790112 -2.11505968303622 4.45504344544608 -0.0625811380822284 0.001992806708802 0.250173014632572 1.68025184205385 5.69705977485273 -2.11109434952395 -6.26240858572988 -5.15946851834984 -1.96800406047183 -2.09108874296687 0.956868014327742 -2.01888806838381 -1.09575351431971 -2.58082518576782 -0.165306399743899 -1.20756871432909 -1.69076690528966 3.09811016866419
"669" 0.592571254646459 -0.407690611262466 1.27943194190492 1.32274809482809 1.79607747543253 1.78037162436321 3.65283442066446 1.42639195828965 -0.788919359084461 3.21168346579964 1.23685986242253 -5.90246446561135 6.55859056030086 1.02650774656371 -1.86358983257459 2.80632953459274 5.69596141229684 -2.08577775864951 -2.2414202208413 0.755063200037243 -2.09747534922985 -1.32664490191307 1.09618567170718 0.298201994591036 -5.7740522048378 0.455050344400709 2.35162772198003 -2.25726732836173 3.69192541873038 5.92391868318006 -2.37539711877625 -1.31994552257392 0.677638796452123 -0.953469295625444 -0.14419862507393 -1.23340921564409 -1.46479419599705 0.74225297510353 -3.60828981776725 1.73006756800389 2.40380249442643 1.22129303918351 -2.05810011570224 1.19149840477864 0.416665203673552 -0.0275407806050905 -2.47419077010416 -0.338120662793124 1.89789827662342 2.22100127829144
"670" 2.51377363730468 2.04031214441558 -1.83487861448626 -5.95894186693412 -0.81618247329884 1.14772478952342 -0.991562126043313 0.261292491172631 1.95831301503506 -4.08940701671282 -3.9354141304242 4.0300405925061 -0.166299160368924 1.08883651036795 -3.3905905929524 -4.2354913900988 0.516504078161161 0.978709168449737 5.38400543236731 4.4658190864758 -2.89741230118399 -3.58167618374653 -0.907033518414787 1.9205215898421 1.72933659843483 -0.731160590518209 -1.84213054452931 -1.27214971753501 4.2642658673651 -3.01684096623223 1.92970685029285 -3.54028848792324 -5.04507589969439 2.57121627491128 0.623707773307245 -0.146962680820535 0.321895371429124 2.15057458952389 0.773565024142756 0.527971697324896 -3.25231028461097 -1.81876485833369 -3.46456261287414 -1.34240794992084 -1.19266841350615 1.57124516033697 -0.4033482454358 -0.495995850139531 -4.45276260361644 3.489279149426
"671" 5.77594135521464 -2.47923083891769 -4.05333815817878 -2.91911114781903 -2.18931005967714 1.12036305743579 2.08649008649922 -2.38925370559692 0.602289250370165 0.630585972265778 -9.60536354050286 1.5357435890319 -0.379586157545525 2.45881550020549 -3.74687527296099 -2.29660701944532 -3.94840019627914 2.51199326122741 -3.97981195377543 -0.0183954660881716 0.206073174252669 7.37172768175547 3.75872498202887 -0.871020469694227 4.022649149608 1.70522587012074 3.5831136553036 -0.547002933330153 -3.71668646813967 -0.459791275185603 1.97709888697513 -1.22301458684664 0.746935583623942 -1.4870932462159 -5.69882551652744 -4.06794644602922 3.92456257234498 1.07199233461337 2.54007370890057 1.98536001503255 -1.85528947497106 -1.0098549655653 -1.23635270339886 -1.83747168711224 3.09911360418955 -1.64442628471889 -1.81547524600747 1.26157456106952 -1.01943493408021 -3.74832109721675
"672" -3.79527281852379 -1.4876573943959 3.75552477068773 2.57609692523111 -2.21260262513817 -0.830908536588796 0.652683493980362 0.0908644263210792 1.86073703632225 2.82925887897239 0.324882212529171 -2.80757336947854 -3.97030778669905 2.60712980579024 -4.16746046634488 3.4238174701398 0.430301427295344 1.07591741080992 -0.111552623128359 7.10643622935072 2.28169043782069 -3.13078910894875 2.3047713962603 -3.42963033987993 -4.92030050340849 -0.5960834766962 1.50466127211505 -0.485799180230297 1.97098761987611 4.00952347873962 0.640934646632587 -0.609859278255199 -4.36422290375043 -3.19647961956885 6.39691239917616 2.73573265201036 4.18838917622307 -0.822555921699932 -0.260448881308328 8.47747831323205 0.285799164082334 0.972165683441222 4.4774245087732 -4.2326691733016 -2.50162983698129 6.16865281378053 -0.301180636878027 -2.77306018402295 0.836080932675988 2.73298693098131
"673" -0.108631604179605 1.11419474784722 1.98042567929845 -1.26188091067752 -4.77540709442694 -2.05620516574459 3.99008176452661 0.466667161327207 0.229563317450162 -1.61741077013451 -8.68481325504387 1.82934467248191 -1.60848623326991 3.1925361239061 3.36280698194212 -5.63663797859503 1.67084558723869 8.04429795322811 -0.599204749734083 2.65247292203654 -1.28395145785095 2.03438916573962 -1.68359026884879 -4.30883062421293 -4.2200858856999 3.03060311080441 8.12559961484142 -0.78427360724704 6.3518506262259 -0.23829829615199 -1.81337471064235 4.69916501879078 -3.23070608601179 -1.81901084191376 1.7749477640554 -0.262459269969306 0.627110800319318 -1.1585433838662 -9.04473236458217 -2.30218672842355 2.3659479860585 4.82372282584742 6.32814672285234 1.34058694303417 4.56007166427778 -5.32996841947693 2.07269616541345 -3.28599959874965 0.252186245252966 2.70955635991878
"674" -5.62820513899962 1.80799815485398 -3.54550524672043 3.28786772483043 3.06225006436884 3.26657831250804 -4.7064441354871 -0.172237946680333 2.21994608979206 -0.70490345360982 -2.04787430938721 -2.40847707513741 1.33211345437184 4.3727049427474 -1.21562347555554 1.10092577600796 1.4560218132642 5.19341150170332 -5.06062395637965 -1.22301891665222 -0.635265030172873 -2.67232690576192 2.04634885086844 -1.31649644932654 2.48818422458257 -3.78995239391561 -0.124674321661412 3.6590544561612 0.252443578566337 -0.73307480605408 -0.078669257820901 -2.12764579419038 -1.70241712249306 3.53015679415104 -1.7395746282989 0.399094467882672 -0.744399631992842 -1.63036030462078 4.16287197483403 -3.01226106926474 2.60667865713981 -1.9798378006201 -1.29585473764578 1.64048373236531 3.98578550090884 3.42670582886336 -0.876047392186801 -0.850895095058091 -3.21532288737791 -1.91209620029522
"675" -2.47290162500069 2.54241933320035 1.68780075997605 -1.38437772691832 2.36544050381219 -3.26377141512872 2.57099375597683 -1.59652622680193 -2.04839227607113 0.453038640660265 2.88464974079659 0.104411888695454 3.81184445237936 0.759921379110142 -2.15159561948142 0.566507373424555 2.37447833582107 3.07014750636361 5.35520807935025 -0.381775645678704 -2.09625938217366 1.61052067989032 6.69066146582532 3.17848072520512 -2.76506979465303 -2.54700715106749 4.83849790246406 -0.899965605096707 4.18041163652974 -3.35651645541606 0.622112487388553 -1.72105242150229 -1.23194369959493 -3.41390107057201 5.30709806563324 0.0580531098702336 6.67690245607118 -1.68528169568114 -0.873879760085086 0.937133519754174 2.95754902463669 4.20571871319619 -0.473637489825787 0.572027587796826 0.264209802874126 -4.30971149116294 2.69474389714388 3.12784039670181 4.96765473223522 3.0973687806045
"676" 4.10941859598053 -6.02803803880195 5.00383268970901 2.15143941416134 -0.524374512543681 1.2043553808233 -3.63915808159726 3.44639694628067 -0.266718304918198 -1.5579328831316 0.535316456673009 3.83299544955953 0.543713655203473 5.38216407517666 2.09768994976377 1.06281863520491 0.314993894808702 3.3227525007114 0.859686216293683 -0.0454923757803878 6.99675435933005 0.332644071461188 -2.24900737491882 -0.0011284993336429 0.759918901016121 -2.41821666154264 -1.94290616382377 -0.51502570700067 -1.98456093627475 -3.28165838248175 1.33552754396468 1.55454539651126 0.515905853993293 6.26740765181374 -6.7670936699244 0.385005794470138 -1.06495141941678 -3.61138355570561 3.33828735222487 -0.771521676563306 -1.73752204022942 -1.21924943578189 -3.5439906344876 0.361528251239085 1.53561913288388 0.0655118560050147 0.173530414256371 -1.66097417024204 0.0490819683446526 1.00682717634693
"677" 0.090918635289013 -1.7146606113446 -0.953841247591155 -3.94808914922236 -4.04907507394145 -5.9399692048065 -0.173829918175909 1.59482662010151 1.57390342290295 -0.576038417163348 -0.690679265442789 -4.18296390815249 2.88361255061769 2.41213146544872 0.833234059575069 0.0355121746786384 3.02236481388127 3.19850028578186 1.15868600403204 1.94679128531289 -1.22049606493003 -0.971332996570207 7.3666608636627 -0.36222927857696 -3.69395608936071 4.00109228872064 -1.53397772867857 5.98988005078391 3.00116151166187 -0.943330960503976 -2.59205783461161 -0.643317375990568 -3.61928360113116 0.280560213484254 1.10950365663917 -0.613988777405804 -0.00109591616418079 1.85032435986723 -0.352209855413919 -6.92364220648415 -0.668397969446019 2.42894018549087 -2.98129994707589 -0.477330464033685 0.0750351544034864 -0.367422401285095 0.902241587463336 3.65930125760137 -3.15966750056835 0.73104462036673
"678" -1.9822300217917 2.97114679726419 -0.171871677931295 0.0250126601248967 -4.35373081552738 0.276601648722081 -0.324773238836365 3.04330403024548 0.845814941266958 -0.326935246492775 6.57048324830894 -0.35230098043737 0.0924793941276853 0.353331636875165 1.26936245682806 -3.92187107988127 -0.874445315322463 3.49071511112112 -4.06181137886176 -0.352087742330411 -0.714078700400193 2.57600169051342 -1.19242722567756 -2.18738323922828 4.7505413578118 -0.986994658159252 3.66050848591525 2.19896384531193 -2.93190655527382 -0.190170988395805 -4.8743192423845 -0.244176027185132 2.3658822751944 -0.957307292812523 4.17169544722189 -0.122584525096427 -5.27734375266344 5.57365750223916 0.0459526809307171 -2.12811157069009 -2.13219146344048 1.70459376050115 0.402196734983084 2.55081490207453 3.91762947566579 5.48373960473231 2.59621520184451 -1.09576359841627 1.77790127776182 -0.0155885570278222
"679" 3.12708753597466 0.144826993326156 1.79544360692657 2.83451509231321 -0.247249342135166 6.33878884776222 2.6166619101505 -3.01294870395609 -2.25441955573271 2.71814442463798 0.679733189585029 0.112962300129984 -3.44533756766962 1.47404294356566 -0.528874692161505 1.8974978466537 -0.424470555444753 1.96750085653063 2.4876035040596 -2.43426613604472 2.05111608607773 0.810053050819547 3.16340873909464 0.324635561507703 -0.147795065596249 0.485064151132112 1.77053101404972 -0.556142838446148 0.19946448955511 -3.86819927445394 -2.31860716218075 -0.79429873925158 1.8254082918875 -2.4316393399863 5.06406730143507 -0.629068244167675 -1.46477869802075 3.64464164829474 -6.01623281860683 -0.725557859115867 -6.77666204389671 -5.01460448632494 4.95257967137135 2.14938921209211 -1.00940595732551 -6.86047460995268 -1.26338870772709 0.690972185409452 0.900747454927554 -2.8530631370424
"680" -8.3367512610116 -7.04994638593202 5.71875887331258 2.66849683769006 3.39636092286075 -3.09980323250292 -3.13741927088674 2.6951989470632 3.11988642573344 -0.0629823154867644 0.335101721320296 3.27875795343662 -1.22619612955492 -4.48533691162331 -2.71174118945495 -0.458096883420097 -6.5811821567274 4.48393438567828 -0.759580712255045 -2.11173669603649 -2.92497655542868 3.35960111113007 -5.64640530011942 -1.31912260954048 4.54042685481736 -1.14330639685312 1.16060437994323 -3.01332231754329 -1.20829005257935 1.2269939417187 -2.89363085356646 2.8086223489075 -6.0155708763026 -8.01359834046139 -6.31020845444814 -8.36706206652771 2.02903545313574 0.241100635492841 -3.92638827983015 6.49107382482226 -5.63700810326146 0.382037140921318 -0.44445999489792 -2.04341042536996 -2.99853209924752 -4.31501462822983 0.807060163466369 -1.2149956379873 2.47518471137607 -0.920305308520197
"681" -0.113426678201255 -2.27861157634786 -0.0674820236546152 -2.3048238098457 -1.74218461754203 -4.37839894963462 -1.92166113259807 0.92756655841581 -3.26228977413427 -1.3404537658358 2.10144326041594 3.71291097845846 -3.47290269299004 -1.00233045322161 0.267794257704959 0.456702352900752 -3.27177175546596 1.93801832843074 -2.4008868031775 -6.36491770265792 6.95832048969486 0.751190656318124 -1.6919394227127 -3.8494002178133 4.17710758107194 -1.28388020182806 5.1088799358082 -4.11610735843428 -2.80990029052861 -3.05812158738697 -0.281926090093902 0.844321371535319 0.624098981397427 0.487065437711466 1.43283902996745 5.05914999471957 -2.6475301259525 -3.50329999561688 -3.79482635597411 -3.11375075040677 -4.51290910014199 1.05559254774952 3.88980259789622 2.43889102941065 -4.79599508226588 -4.78904021433727 4.04643585940188 1.56280075338625 1.72535892371229 -2.35812406000094
"682" 2.58305399616403 -0.015763916868333 0.706018250605058 0.912453132707657 0.947499502587922 -1.4837579412462 -1.56440394245407 0.0577230665971228 -2.03611974747295 0.577142754702453 4.89651949600427 -2.14342330084914 5.04142129661495 -0.317960683367747 0.380154096672488 0.102014385671971 1.29927138051267 1.97679867481107 0.752814748095184 1.49489979508376 1.16177655465869 2.08492184790017 3.66377844444382 -2.15533524941647 -0.447339260264969 -0.316657461687376 3.1838286540981 3.57013869234332 0.869965679001334 -5.31316715465506 -1.55890767886515 -3.20714828672442 -0.720003429835693 0.915194600299345 0.986206818707105 1.28300264841791 -2.59096899931509 0.230507335094035 0.156545147723249 -2.92247730876642 -3.53455563470827 1.96690731715723 3.65967681511217 -0.943021767950488 0.398926333627478 0.132880912440649 0.238455050215754 5.03600433396754 2.75959989005452 -5.68091553463817
"683" 0.297361970559312 2.0683319813111 -0.534952592598974 2.29002048889463 2.03437435444748 -2.27476366477379 3.16155884552509 -3.99738347664142 0.287499035719448 3.73358239857059 1.42739689726156 -1.06747972965602 -4.96173341433917 -0.819754504358458 -2.49804236873191 1.32371729110324 -2.61669840502928 4.92520216187479 -2.72371811785786 -2.05038323407895 1.48453877765581 0.325413780251641 -2.21505862199202 0.62746734590705 5.60635170139046 -5.46237864028875 -0.451929758188879 -2.93742495653745 -5.06029781115506 8.33928368699738 -4.70495694530207 0.042781448977662 -0.654461112584752 -3.22657283433329 1.3234570921741 -0.166401935061696 -4.72795378160936 7.47251251705705 3.19673905217788 -1.23096896058158 -3.3314348390755 1.3890657963625 -1.58866698627258 1.80750178434298 2.01552851773126 0.656605146473297 0.733726617614944 2.31551348523496 -0.754500862747264 0.98584331474904
"684" -6.14134854585727 0.654203549034887 -0.826785155645328 4.47993663023691 1.95356229906866 3.16118164641951 -2.32510010968753 -2.04302201516544 3.25330707158266 -1.21540804277037 2.72207575146272 -0.639703712163424 -2.50498681233121 -2.43414117103081 -0.964190988642321 1.75976970495558 -1.47892370487301 -0.796053541315581 -2.59946644815701 2.01792881449703 -3.50299561439902 5.70642902882669 3.53601523091432 -1.67867611426626 -0.660095514259811 6.54343769080038 -3.01748249198551 10.08232610643 4.02182103554114 -4.2592181945148 -0.669182172931935 2.1256985457212 1.43976644429511 2.6357290880261 2.09220665761335 -1.66260606644909 0.00751344388007864 2.19862868856612 -0.125407434595484 2.26087011344511 -4.60312679679764 -1.27918283244031 -2.32844083094107 -3.41879775948299 4.80397830384426 2.56681345118985 2.25740555864683 2.54237583421247 0.0297396610403929 1.65443958943308
"685" 1.94197678851206 -1.37372194461202 -2.58822870711502 0.779859611979829 2.44161505135975 -0.0652461437736386 0.690162640438884 1.5146031727466 -5.49233757319158 -0.0999911288439647 -7.09320675163081 3.37284751453697 -5.0371512411917 -1.71160480915601 -1.09443510908559 6.0775206002474 2.46186364069519 3.29989305736769 2.04205163357602 2.71288528723601 -0.985018923728044 -1.5363726173573 -7.06199263614332 1.63714014561181 2.54147557505263 -3.76221553767769 -0.941206754825256 0.950024724821566 -2.27806217986602 -2.22618657852756 -3.79321096426288 -7.0796330780095 1.80946549655594 3.03840492147727 0.504284240142001 6.12619912113847 -4.60449362379664 -0.432614271815952 3.93191927806881 -4.9614731995968 -3.12393787095169 -0.62376843831116 0.469260131454904 0.839593666672957 -0.94142857330158 -1.84297470247251 -1.90014060895096 3.28335781671467 1.61978831549074 1.08292039226004
"686" 2.19259770914835 6.36777023593631 -1.18320400555637 -2.29280051859877 2.93498916825757 2.90507003555723 1.01332741112061 -0.0523425553388424 -0.520862127537375 -2.20089976205619 -1.02489729064054 4.89800116280352 -1.12584530160577 -0.247833836150452 2.49515408144343 -1.34124715523138 2.65282971124182 -8.5274684800856 3.6057626469983 5.01811657174591 3.13116805229532 -3.0066364694771 0.453322675044892 0.121553231607019 -1.75094786862757 2.97837769578262 -5.57418795790614 1.85137147882938 0.590586614353745 -1.85042321916427 -0.808638262495955 -3.14394724212828 1.93643056370736 0.533778721822329 -4.32868148429244 1.0167075215603 2.58086308063519 -3.87034947017476 1.42050894746099 -2.69522991271916 3.49579057749177 -5.49808621924129 -0.95216323632726 -2.16039593391334 -3.60913660939641 -1.96333782796737 -1.18351855626353 0.171291189194038 -0.67613281134574 -2.58925573621057
"687" -1.91207692284243 -4.51535720979101 3.1657681410573 0.536002498855878 -2.02975158940117 3.25116715734979 -1.4205202094341 0.279600753292148 0.16072982427175 1.66115065465829 2.86409490290919 -1.65465571008766 1.81958223238461 5.66774698384602 -4.30581960858347 2.31970160370105 -0.279597743608878 2.66053081193611 -3.34272318671661 -1.08517125975415 0.505281306891927 -0.590890754614191 2.74186896895264 0.780549360613859 -0.468567643130893 -2.84085928883159 -2.00941110415189 -0.171865434118497 -0.107438235126595 -0.533956346926052 4.41770731567242 2.59978397861364 0.793165614296927 -2.12509824327522 -0.674746796939112 -2.79674704806515 -0.1310066256417 -5.24575753033859 -0.223522023639343 2.64890846125606 -1.04764055839961 -0.690794771583853 3.25034209676296 -2.54840851176357 0.774179399387691 -2.46182193214202 -3.68007328257682 -3.05370154684901 -1.45027377766503 1.38037080750972
"688" -3.48841142421473 -1.9703206885519 -0.270720118161115 -1.26193313447317 1.6984429715218 0.13072036576877 -1.2838798202391 0.905559801570212 0.705265996453581 1.87338650048347 -1.72377758095619 -1.60685450304024 2.84506022011841 0.756122306161905 5.87456699688974 -4.80220615294914 -0.524647638076409 1.37334683964219 -0.371084385384044 1.01351702962883 -0.953671771437983 0.98303763438585 -1.93879783239542 0.0647007141735783 -0.610375560185489 3.37658421043174 1.54883032943925 6.68432769730769 4.84301612079832 2.00333874676734 1.01869710436701 1.88830672487456 2.66921716705991 -4.36790546951945 -0.320517600002585 -5.82190450652015 -2.70308548403696 -0.122612147452052 1.90708297420203 2.8939055636899 6.58989230595278 3.70901817629172 1.27037262473423 -2.00870526517763 -1.58852201990954 3.17221983201386 -0.0654223295334445 -6.68487575954901 -2.25676842216264 -2.15110572397025
"689" -1.20044117270421 0.9730419489269 -4.30869514877564 0.947439113636537 1.16470865482813 1.53657697307812 -3.01085962592547 -1.11592305277719 -0.0618951026688867 -1.10293681996328 -1.19966521821995 -4.01651859724791 6.2997554416414 2.60407232736701 1.56517885578558 3.0144184705383 1.86354335157385 -1.98189592413419 -8.18587735004742 1.52830559932193 4.45944648699493 -0.385956845498942 -2.10628201628337 -5.29870568814416 -3.33500778710352 -0.244593958758123 -0.283721284408269 0.619101990015 2.19179286806245 -1.43179430642002 -1.30007583893399 3.35485683372843 2.10240202522875 -2.29414532960943 -0.478768493471881 -3.34096955732991 1.9021245560659 1.7127552249199 -7.06423586665285 -1.46452910959174 1.26322074268355 -0.0340109801529079 5.05599099923384 -2.65288014389906 2.64905164665497 2.6566418782053 0.288246968316286 1.6966862909004 0.242537356177211 1.24436968490274
"690" -2.47595526585809 0.511858899574604 2.58252316320679 2.06010750878708 -2.57124798663719 -1.86457192473766 -1.93117038134745 2.19103026036349 -4.06738836780906 -2.05721736690782 -0.762969576733624 6.75471773415652 1.18919450934404 -3.78991420888885 -1.43143752552789 1.60560851242277 4.32207893298882 1.9997263152311 2.25011937820268 -0.801219674413919 0.852858196173318 3.56536388419495 -1.06409496310865 -1.45084073145604 1.64157197198445 0.0773453619080594 -2.67464927920273 0.49732014913547 -0.461861954306264 3.30981862950529 -1.08561020471538 2.47780707446361 1.96966808260862 2.64226327895493 -2.1863747277992 0.131546684428529 2.81908324234516 0.0543868649286527 1.90005520499924 -0.627986702718464 4.99768396666881 1.11754837369348 0.360136864443152 -4.54673133047189 -1.69731325828139 -3.41289574316416 -2.04427801772946 0.449990522533239 1.8108616076539 1.83593078192226
"691" 5.29054320234713 -1.06911878632839 5.33243524237246 -4.22826736167424 -0.463103555303403 -4.61669074308134 3.47588529778575 2.16697093611593 1.15919287401592 -4.24462078173327 -0.355872428446501 -1.14866327026954 -2.99384971565683 4.30364391058069 4.34554989496904 -1.92620599594984 -2.70173075649355 0.496802107969341 1.81629091749494 -0.119408498941323 -6.17578613198239 -4.62665027648834 3.81937281113431 -3.36359689638848 1.34528320266973 0.306523666432824 -7.94152108550327 1.83308428279769 4.47117057938399 -0.378226499639909 2.0442388356757 2.59153520827247 2.22095048756645 5.73161788879962 -1.97116711040227 0.039476175451752 -1.99665163859765 -0.643158863059795 -3.48470230987051 -4.32902977854659 0.947344534089774 -2.36618442525266 -0.643430416566052 2.33652782720473 0.304666578918889 1.78808889119307 1.19255840693615 2.92581684557697 -3.47846798816957 -1.25274008522427
"692" 5.42317516842277 4.18150690951741 -3.9308415792537 -4.05434379141975 -1.43237095702512 2.64003702527847 3.38623442369002 -2.92642308886528 -2.67972016073879 1.2826938072003 -8.689894592116 0.337386371303072 3.95620834662409 0.290955179219039 -6.80297577062337 -6.42262272825829 3.18936791457109 4.71447621954745 4.92151090179931 1.88936845352558 -5.94758082646188 -0.754031051552814 -2.38743136090196 2.51876300814534 2.35732150721077 4.91895869001279 3.90025816649117 -3.79415411856098 4.60631058756717 -1.72137683846311 -0.102660667196851 -1.37313335473222 1.56178418559567 2.96760124315306 5.00954824738775 4.61570012267706 -6.98103264718006 -1.05375823940248 -1.27043657448136 -4.89772224466848 0.636332096604737 3.29137799928567 3.50076859809231 -1.22723392923544 0.586431851105217 4.45951360759647 3.3874787077808 -3.48920580602755 -1.79991452276655 2.53681509368191
"693" 1.95819837062417 -1.32347340256704 0.180317443822712 -3.85071833644663 -6.98553743853138 0.945894641916242 2.35538221811082 -3.37306109620101 -1.54284892575029 0.484892117609786 1.05886909325687 0.751338047808351 -3.87416560806278 3.22560033532341 0.626948946313403 -0.67732660302588 -3.8244528593111 3.77086737012989 -1.14667605564306 0.903034874369219 5.17895034186567 -0.427617218876667 -0.785074902190644 -4.33892831783337 8.46108815505506 -0.163885243009331 0.15176035060682 -1.25519755632159 4.56789012083279 -1.25573210083176 -3.48349824903763 -1.91180954486194 -1.94825785433585 -0.454336082047011 0.152697994418077 3.5487010923936 0.427809306045513 7.26998270917593 -1.68055450226081 4.55951805905269 -1.77970477973479 -6.2265450059963 -1.69387124722729 -0.87278929326175 0.227685334109903 -0.951413204073604 -3.90366995660606 -1.08895132599943 -1.7426344521316 -0.430689285959001
"694" 0.18270575150651 1.25369990299414 2.26094747462783 0.71150254490063 1.33088508950158 -0.233262265012748 -1.66267440533782 1.65854826733405 1.4699179577731 -0.0568486233819885 -2.69513407635283 4.1400744136993 -3.86259804737197 -3.25954214700951 -4.27105901018637 0.694650611195352 -9.46703603766046 3.97629958293096 -2.65807313613359 0.246734163821729 -0.795366779196434 -4.30530301884797 -2.06766192655744 3.53551771446139 -1.84418714375811 4.44588627746225 -6.28564060898293 1.3062116163617 1.87975922626155 -1.20232140828075 -0.246765923560014 2.43774887848112 3.78180026266912 -3.7288503204254 3.09059662786677 -2.49843270232154 3.98961162669989 -4.48092408286237 -2.89939442352008 1.37905968562336 1.68214394930946 -1.27628005559708 3.19664498657507 -2.59332037535708 -4.06917103066417 -0.936520058596713 -3.47603670379709 -3.89948159307306 3.57990561294835 2.46358206854879
"695" -5.60260278932598 1.48265995757989 -1.52711734287002 -0.728736650948256 -3.75769281453131 2.03553506650258 0.258600988003654 -1.9190340450877 1.00087137250701 6.21652474803187 -1.50721580696758 2.83646938900798 0.0457326024074222 0.74568382328346 -1.59854802924153 1.74592420823543 -1.54441283398122 0.453911788412107 1.98590002510943 4.99435043265881 0.194147375622366 -4.36865900483941 0.0453554944098224 -2.28878264261673 2.55803275677698 -1.55719274331944 -0.347573338064654 -3.13555026482488 -0.847219463694489 -1.08933879649752 0.0426292217333546 -3.20730030184888 -2.79192628526607 2.14685517157678 1.24886768788912 4.35155629305597 4.56970373164051 0.0630486391274952 -0.981045832087749 -0.576688310901488 3.59608169135281 -2.53580896648921 7.11081968925347 -0.345390471547762 1.18702831028218 2.49437986282516 -0.321536230709407 4.51784222167848 -0.0605189846105124 1.10826391226686
"696" -3.71052188521013 3.58948811485743 -1.88012953024138 4.38918989919583 -0.478434976605679 1.50607827926382 -1.05550577170722 -4.46455934452379 5.00826994616588 1.655892672272 3.23725626983719 -0.409207124397586 -6.93563618183554 -1.40014661925521 2.71162050905602 2.04192950028831 -0.403900420233869 0.837700311378281 -0.0606811044448327 0.775357218550223 0.474872376031441 1.15222134448927 -2.25006274735509 -1.61741803817989 0.0223442186191101 -1.10252156374744 1.43787283043784 -2.87845202485022 -3.17663214708289 0.0849737783148903 -3.19917932000573 -6.96607425360127 -3.83238295217472 -0.818682610331594 0.051072131090286 -0.0551687763935689 -2.96207322727828 -0.933619122406228 -0.407772192653 -1.8319750943675 0.768999029362775 5.53868084067948 4.53574083382783 -2.57343123123358 1.93873202067058 1.47858566307198 4.44084612181955 -0.585256380294018 4.80623879064245 -3.42555067447972
"697" 3.06468886177663 -0.458115151870868 -3.16765010367838 0.205187294416828 4.49320888650732 1.07115040633111 -0.135311135408048 4.39334243197584 3.09879552495587 -4.30758805184845 0.571128811759112 1.66631918646793 -5.12270757326219 -3.19610924398592 1.63109128936665 -0.956848837052681 -1.02671878582951 -5.34239047431611 -2.08970375880916 -1.64062941979439 0.390355423244559 2.78733402257111 -0.00585731254777141 -0.037176624563192 0.070699342143297 1.30948910511734 -1.71331345706985 0.0336742305711852 -2.27098477378345 -1.47368863435192 2.55453803066994 4.64158217914816 4.74966222962305 2.56205619832545 1.01864156850614 0.0724986165052565 1.21055167472932 0.534178662654064 -4.5828947121979 3.62855830801268 -1.1643999196324 -2.38379922384824 0.0649146626057273 -0.770660836063738 -4.40616509855845 -2.66217355209856 -5.45116896172747 1.43974746964746 4.762347449336 -2.75625537958435
"698" -1.24241338931758 -2.813402052417 -4.13370704160095 2.30106581843401 2.58504271810507 0.965810358808363 -3.80446491883999 0.551713846836946 2.35021511166973 -1.90223092070181 -1.06237127402456 2.28910912406127 -0.015958736647009 3.33657398536733 0.222309843290384 5.8097396699018 1.45644971889021 2.17739745535861 -3.311117678703 3.19923755700525 4.98241168316875 2.17158830405614 -0.525910405222553 -0.387479692129393 -0.0214995385965888 0.813792902841904 0.46558554450126 -3.72419992267146 -1.74003465159179 2.34453329900891 -3.27280138835512 -0.561221790774507 -2.62065196098819 -3.22179207457879 -4.5164595489441 -7.47523015608369 0.386766046197103 1.52327365009002 -3.69849771504897 -2.61296013226694 -3.4185244761375 -1.14606880618933 2.37598563381306 6.61548426741625 -2.62951608449156 3.3687802099357 0.85126211120083 -0.10614194034943 -5.57277070656704 -1.74870085131974
"699" 2.10573820767524 -1.8768505882737 4.51412138708903 6.23597128434658 1.77541587890597 0.246612191853077 0.80828895356743 -3.88898368452036 -1.43400055890552 -6.12415602746311 -2.47466942899016 6.11745123647289 -5.52524608855322 1.32267419676021 4.47518227673927 -4.43511862031879 -0.390839955188217 -0.0510511001318265 -1.69738117466585 -1.5345497703319 -0.429844175002884 3.91353055581028 2.36883455992289 -1.74199383508695 2.06090423549558 1.5996834094461 2.36143720171477 1.71481950681611 -4.45165397243982 -0.715443349869584 1.87414195632605 2.80915178950009 3.06916525247691 -0.148057954403447 3.71523841997331 -6.40759585636238 -1.33658350002823 3.72320195897858 -0.36129702854972 -1.74792679529538 -1.49304116649839 0.691799255853678 -5.0393339169149 5.87894544723383 -2.91091072358804 -2.65506353264082 1.13926241271497 -2.35135285435069 -4.47168720265831 -2.6507296535277
"700" 1.12690267202654 1.33489172899266 -0.735116965391992 -2.59059112666613 1.76613975299658 3.30275550690193 -1.43861655584658 0.38740693485201 -0.646770382066532 4.32479774529135 3.46574073497167 2.55610408862067 1.80311463535151 2.14108643015059 2.30061212664944 -1.2064814096845 -3.06561865236096 3.12194447983247 3.63461356130887 0.0274575181600397 0.214063607177604 2.33489030837587 4.53057315796443 -6.99501500217155 2.93152570372961 1.37415103715984 5.11850298661333 -1.75217392566974 -1.24385731387776 -3.67124394559428 -1.35940591479772 2.24971712189883 -6.96550510235277 -3.15005836437042 1.35862883466538 -2.15418355094149 1.50483186072867 -0.334392934718391 -3.85501539234171 0.216334777559458 2.11755739503223 -0.878477885068842 -0.489391027499902 -4.69830388775595 1.0814871206222 2.40015330540606 -1.06611614190284 -0.39692628702032 -0.812980664214706 0.547099098069092
"701" 3.15575647007151 1.86970699695991 1.70353513146382 1.31362774714228 1.84883018593302 -0.587504991472081 2.92131329094645 -0.940068403240989 -2.97859201424285 -0.494487907724749 2.27239907165897 3.83484376045578 5.84546730624753 1.92126210559845 -2.08093853667069 2.05005909657919 0.217816313507859 -6.44531908608697 1.38617082834249 2.63720977106767 0.416965364942696 -1.92087699471996 2.673685391789 3.75253155988625 -1.16245337686114 3.28727566348253 0.455647657305394 6.3025091836454 -0.0350864954895309 0.479887484918129 -0.217068271679327 -0.613936740233802 3.09522111244277 -5.84287740081252 2.76784496393602 -1.41224827923665 0.892231318287991 -0.938034619683203 5.76372200935723 -1.84384231916799 2.06417519923164 4.55696658993506 -3.48757435166612 -1.43040512475599 0.925288049567462 -5.30523749343118 4.45364019761691 0.133507327721376 6.32098572902229 2.22620620637981
"702" -3.41096883904292 1.1506942671874 0.489885715659146 -0.108317112621768 -1.10272747803472 1.08071541128372 0.72508221941062 -4.10054064499402 3.49078628370133 1.65280685760563 1.47464099845699 0.592468347380551 0.62817958100375 1.44486565132501 -2.3405121733058 2.8684365283108 2.80567028305611 -6.52312088914032 -2.6011204693047 -1.41034971004449 0.623470433942256 -3.43362522789421 -3.75808086748067 -0.081975686754128 2.46250122288639 5.80204407100654 -5.58767661439444 1.57112514905364 -3.50948674652778 -0.612749485903119 1.59997088801127 1.58226480397901 3.1496769322888 8.14854321718205 1.15850544321899 -1.96849547874542 -4.61782894908765 5.21051122740667 2.71396384291155 -1.83652352751896 -0.688945314368684 -1.53267270786235 -2.2290079849454 1.37325727692899 -1.78215589478823 -1.32124958562042 -6.49794001163273 0.338290002181625 -3.31423728853706 5.31267388487505
"703" 2.80089653938825 -4.49826988175172 2.20146067438958 0.868802959974516 1.94811830704009 1.0899591087763 1.94105133018819 0.166490131030915 0.120833343352891 4.09400123941379 -3.4525352008939 1.16755687804842 3.80713565118026 0.885329055072217 -2.54468291954955 1.39639927146142 -0.42995899391573 -1.43335780220079 -1.31555268785366 4.81531317889555 1.49576667873345 -0.821403302377876 4.53191769453255 2.02444074379662 -1.25414274259972 0.1941218921744 2.1693504771218 -0.554926474977163 -3.07035789288443 -5.03629506589153 -1.86985008598508 -4.4282608450294 2.01867436904143 -0.329749001993964 2.85346551798941 4.45593038032093 6.70652587158136 -3.26816156466877 -0.0206655830446005 -6.21731681457831 5.92357560510137 1.42008122632976 -1.53328683709232 1.38994938915522 -3.35984276149903 1.33804632996956 2.58237061221401 -0.280601888437563 1.42836197476246 1.34811996158318
"704" -0.565393377896408 5.45160468071176 3.45245306525143 1.29545108526945 2.11513577089748 3.51334671401917 -0.533693734735079 0.868044985677543 -2.20190950571139 -1.37987871202803 3.73066570798044 0.0793711346965927 2.50391297439775 -0.422340414599102 -2.30167428361435 0.959894787728728 -2.39373798495538 -0.804586035836338 2.19755545189354 -0.37613050636791 0.54298085332738 -1.6319906618327 -1.97104761635607 2.6738483789125 2.63234730167188 -1.67397068139547 0.29077156032814 -2.74261289680742 1.44399874797098 -2.1341884174708 -0.0489814417177987 -1.46821047221132 -0.533270201698987 1.34581539071508 -2.08660920413811 1.13196491945757 4.70861811295446 -1.18308527637746 -0.959978557126382 0.0304125786502397 3.1333739983378 -1.72188313118894 -0.158018689471339 -3.14296351163617 0.71748083926289 -3.53579042336421 -4.56205712166748 -0.57558017536045 3.24064017239659 2.23421043136872
"705" -0.835994273355435 -0.915265871506424 -4.76927870372561 -7.14063294002368 1.6587778529068 4.44850731393527 3.89132079117998 -2.20271320475237 4.70956177608854 0.487547309853826 3.58128145154258 -1.7491501513912 0.37599515096892 6.00012802822061 6.56441126489173 -4.84344480309736 0.161350738958499 -7.39502555650488 1.66587690784266 0.270196268750404 -3.6712195309108 1.97029892609433 -2.04888758362277 -1.4036457934613 -0.960437730476998 -1.37639865772101 4.13891691940237 3.10024471433197 3.07898134546532 3.16581747235389 4.6987762368143 2.4322176620175 2.32838086456074 -0.686573391242553 -0.678936059400128 -1.89983107103774 -0.579561279954876 1.68051918020184 -3.29334051748534 2.80528671331767 0.0101554246307761 -2.97629302745352 1.08697875216845 -2.15348485399804 3.79264158096629 5.15662875814013 0.457040882355854 -1.58403979190026 1.01205906874056 2.74542451936639
"706" 2.3359175433321 -5.89889136529301 -5.38038803104119 0.524743341499296 0.030871719561745 -1.96463427725203 1.38583560855596 3.12597313437842 2.82719815693362 4.65966027251234 2.25433149072055 -0.982987279183097 -0.352643613143628 -1.17581806694365 -1.27001948831008 0.953617983374442 -2.25515957805214 -0.625959038111172 2.95270118540404 1.56616660089692 0.51611521436353 -0.0770551296819142 -4.90874699825826 -3.61869260396022 3.98040278089061 5.17956225987883 1.59756108092634 -1.33687174813231 -0.16350589931713 -3.34353238933574 1.97168965693826 -0.348893084497471 3.73159566293594 6.17509809199762 0.124369855425571 6.14005880473348 -4.03981499156961 -2.57398116653739 2.8903660112042 -7.20243171975449 1.36259599630508 4.25768240634774 4.82964100719112 -0.380838957731176 4.45275665890542 0.428028226828018 1.10284034502131 -1.79244981032944 -2.90628967830219 4.74584411380267
"707" -1.21787763546412 5.26514572327701 0.259108303891913 3.88977572609965 4.28866684657381 -4.1387206769819 1.75640135051276 -0.48590780977722 2.68584409793844 -0.566306007722084 0.37455896548669 -1.48317361043053 0.992642515577288 0.814897527639246 -0.623743727597895 -7.03964872124256 -1.59555434244923 2.62640154490189 -0.369968685785051 2.5455002890475 -5.03514066142814 -2.62277033255213 4.45876003579845 -3.86810052866547 -3.26170876291981 4.2604595631209 -1.92617342351368 1.14488492974103 4.23919796680258 -1.73680506903476 2.00037721141987 -0.695921449726345 0.560830262117432 -1.31123804990951 -0.406871352034603 0.847292933395288 2.92517954950434 3.03802683389506 -3.3597321104227 -3.54300577853797 3.19822977293324 -3.54569636040596 0.10626817750814 -5.7346308844025 -0.31399289290938 -2.51738173603711 -3.71534317927383 -0.255557270636433 0.189937182585567 4.89707499821128
"708" 1.35054224810398 0.918926979820239 -0.951535534226952 4.9540110619214 6.43106845191736 1.51209081800756 1.6257776082526 1.91051344691284 -5.67090569985367 -1.76981358449574 1.68135696194413 -2.71437485461391 1.57663034777622 -1.59732557063166 0.719282181082935 3.06427541240991 2.35897824392081 1.25817264037566 4.29718891265772 -0.171519471727399 2.54904375107283 -0.84397744844562 3.76358503279318 1.15886249752893 -6.30779245900172 4.10208015965477 -2.55908804092443 -1.00490817555745 3.14841515424554 -6.12748942578542 2.72727286373055 0.621761292952726 -4.04983154892596 1.4147830532017 -0.126099955418157 0.31684088276741 1.50028112315598 -2.40400307987311 -2.68780614784836 -1.91346003705563 0.197546272792945 -3.67960026017307 -4.03061229760432 0.353452518019611 -5.64231487865277 -4.47361677597109 -3.61824561119249 0.109739524139026 -0.918661002034953 -2.07473873506439
"709" -3.26312611086122 0.71400898712476 -1.3563825193003 0.116296026805869 2.13332946889986 2.8261192112208 0.85532842738572 2.37332247305889 -2.7204953361672 6.40161273413444 -1.68252186585685 4.03988678983398 4.8334959915254 -5.04186020958607 -2.91160109823541 0.53868046189287 -0.93191047012484 -2.78797044015606 -2.28217223566112 4.9031339965006 0.182835650932466 -7.73631522259125 -2.66060781043974 -0.2225103823728 2.17005445302532 4.45019053473182 1.59935675578569 -1.83148652985431 -4.41653107273709 4.37560003484776 -6.32122247295688 0.473948434128124 -6.68662356110922 -2.55208659327929 -1.07226435812294 -0.17628366433936 0.850993362466208 1.31252612384428 -0.776335183173973 -1.39813178497417 1.02179036900906 1.21933841185409 -0.612987062978685 3.84868740834624 -3.4769334035447 -1.46488438162728 -1.77731363250128 1.76087203954288 -0.545387390584052 -2.36583296410287
"710" -2.10246732353731 -0.392529569536363 -2.94001520827534 2.11598016877343 0.415705408987836 -0.126769747960602 0.837644447323322 -1.02888949939284 0.802974418768383 2.50122196016725 -2.84844751015236 4.95114790062637 0.0120313646991892 0.912063438075969 3.47966058765013 1.26252163883576 1.17857658081984 -1.05413958042665 1.33134465958463 2.42885603134719 5.96741563230865 -3.68615761565648 -2.0146235925944 5.59800599232842 -5.85888912313884 -0.926664954760131 0.330825808782596 -2.07792253086862 3.24715641950223 -1.54172481432649 3.3238428562822 -2.1214938255228 -1.85170668944839 0.368491880580147 0.274953129505618 2.07827883998558 -2.33532151889547 -0.102314727279067 -3.42807176968849 1.75496772699462 2.95528430042271 -3.75780472478092 3.98725280500763 -0.764760504832004 8.00172004578668 0.294144676757372 -3.15180640647188 1.0241595373808 2.54216690473009 -1.40550757793577
"711" -5.30846673281021 0.458614598729702 -1.84336773018546 -0.413056983467133 0.214012135353049 1.18579498571716 -4.08087282047917 -1.22029072935023 1.73591218705774 2.79320777062121 4.34098007960573 2.10907419741186 -1.48879998579881 1.83967256690422 -0.94416933014397 1.97683004913957 -1.92087043212843 -0.351260002578956 1.59641504374979 1.01171293322523 6.35345978123034 5.40039571632699 -0.849608459998308 -4.62129049748846 -3.17852105065551 0.156193236148326 0.11310523553766 -1.31034571120462 -1.28520954948542 -1.10935981225041 -0.721719004203619 3.23216509067131 -4.51189424798079 0.787351828793016 -6.94562374796402 -3.48609815619446 5.1003261509336 -1.53861274143368 -7.44949966991271 -2.12318105147006 -4.68584640416878 -2.90318412978037 -0.898022446841106 2.26056683424448 -2.54923753629077 -2.16173581221179 -1.0916775758671 5.15019715898414 -3.3781920835687 1.18728316359395
"712" -0.306566765466437 -0.203471162024623 2.00830625246631 0.240087874886733 -4.67890742849045 -0.776637917672961 -5.91748713355647 -1.32809043834185 2.10312030297269 -4.44768443397579 0.861091348645495 -2.58292296530647 0.0535293418151334 4.8650235572747 -3.44552012364529 -0.620979806809986 1.82758449916334 2.96075708749643 -0.930784981413519 1.26056046866974 -0.283729014947949 1.97882744354981 7.81204825600338 -0.221392264826646 -1.10772983839794 -1.44221169074014 -2.01698553044645 3.22458584890092 3.69096273486652 -0.269769174656467 -1.04341180859404 -5.96173017532976 -2.17647107970804 -8.02660472395986 0.918091612992767 1.52519728767381 0.27548267499462 2.92273945098189 5.78018763503447 -1.38587969877504 5.2011433268412 3.62299590360071 -0.703238110955869 -3.60644296938962 0.472259532120573 3.179091241591 3.82128414838382 0.861105347966892 -1.90558411313254 -1.73563492919527
"713" -3.05521643834605 0.0587693965539593 3.0748044978644 2.7602999555979 4.96061836929464 4.82438360834304 2.26006499016439 1.43287691796515 2.02853086989267 3.25010712201243 2.89909590551794 -1.25941389610666 -0.258548073351291 1.64285634797537 0.125183893750292 6.16473088482873 -5.23692506010988 -3.60431777395934 0.420561582782869 1.04991872737444 4.6435707249401 -2.29786615490248 -0.771612293188512 2.23739800774504 -5.87781427064012 8.54112722401697 -5.52092732377689 0.125179858022968 -3.28700646668877 -3.97603838725295 -0.604622397977361 2.96006444504306 -0.563117074228785 6.5925655136306 3.96271320826306 3.14360243406372 -3.51916092907861 -1.05419215868179 2.54457530571672 1.42856923694879 7.28831911730118 3.75074578087487 -5.33068376270265 -5.26753183920148 5.40849900347671 0.33158122897283 -0.572436263798701 -4.09855169498545 1.65324128364536 0.781248984947383
"714" -0.991854794228879 -3.79287796910153 0.319561244035137 2.4028901713673 -2.64826242287372 0.346513508204213 0.211249141401953 -6.67291332331467 0.119503418632999 0.342899293275442 5.43454841318086 -3.16124009256259 6.59898269450661 5.63231523972665 0.885857200254626 1.14847734667927 -1.47622166265381 1.87122937104723 -3.76256386943338 -7.24015559387929 -1.8398530473232 3.12645788366581 6.18142985436463 0.0180577789445915 -1.9520995689445 2.34785725030093 4.77493098100574 1.45315679628068 1.30966665443717 -0.873182417627971 4.91156864885101 -3.08443191556839 1.71461132061951 1.44455768976214 -0.409759112185403 -1.10378449237677 0.51620865630053 -3.05616432596582 3.0268881604997 -0.875658355132922 0.0893400169249063 0.66620833521548 2.25272122372798 0.0853145363810276 -0.0381508711583742 5.65093876887874 2.96254392976083 -1.29405470956516 -6.16253264444222 1.54912033877279
"715" 0.697300657589761 -1.1349738692163 -1.10168772827859 0.11048782425469 -0.367342191973541 0.124141607991148 1.68305354130693 -1.05008838421617 2.55208787658017 2.11128466441195 0.383376392178879 -1.42578890887151 -0.618293396110332 -0.0426993504982555 -5.95128826361592 -1.28942794461491 -3.37719266804428 3.50426039415059 1.29334386660672 -1.59391677560818 0.879863731554555 -0.629861814461791 1.98814592907209 4.77738219567652 0.818430793930482 -2.53195883096896 -0.494553670672433 -2.74057118690708 0.251931344214785 -0.896351013005241 -2.83693246771356 0.874191382634932 -0.267850235726145 1.02140257647326 2.37893308286677 4.9565494647937 -1.36714591408874 -0.0640577601194696 -8.81963538212074 -5.36382241518623 0.61202531683101 0.736950012134297 3.70052112533835 0.712244202973226 2.73905813516778 -1.03109389227781 2.65687720402765 2.26353110761506 -1.02523516978896 0.19450659299032
"716" 1.49213585106877 4.71972832165053 -3.6360552437508 1.32553909388298 2.32838699449408 2.18989081526571 -0.287059395867353 -1.5215235949 -3.47937642042556 1.77643380028234 -1.63215787230284 -1.11751069514185 0.879148140396856 -2.38208557522845 -0.835423027658835 -2.31365352111561 -5.9971224340075 0.972066444042397 0.175169957711247 1.51816622340037 3.2810546482439 1.31127177191671 1.47169441324488 -3.38381819051564 0.68590786167425 2.61247272207297 -0.597118320171004 0.965091068315284 -1.82020408199089 -0.749626771234314 -0.986141274766054 -0.164759906106642 1.74517001275647 0.789499422703122 0.540455855309132 -4.8264864793202 0.898467233515182 1.33246136750609 7.71529935604229 4.0842545590492 -0.789234464599339 1.6536260029009 2.20406514703413 3.5157429966138 2.2618624040983 3.79595158958348 -0.248798926681299 1.70807539431297 -0.480265742830725 1.28625031121224
"717" -0.405245011179409 -0.630798945115189 4.66690837718678 -7.5828458833267 -1.27883096740636 -0.14659039710938 3.48305428544454 3.98142300621965 5.77565574392342 -1.56170222906485 2.0365420148571 -1.03792976988658 2.20396772966297 7.47913919842766 -2.83395158833359 -0.748027853676176 2.72171232612959 -1.27953037139569 -4.37995866935449 5.04647939048285 -3.9579685772271 -0.801011946443337 -4.72495513578029 -0.139984853281033 2.04780642756455 0.851216161503849 -0.0698799949197599 4.83585174135934 3.39993294002584 2.54990365817317 -0.351801303498742 2.89020297954151 0.444791109389708 1.43235787446097 -0.114817922369055 2.8787179550637 -2.0492207958731 -0.668330202633254 -0.175342025587058 -3.45917315165355 5.68393337542639 2.35695603085459 -0.124919662476559 2.72564142279433 -2.12217503743658 1.17930836094292 -1.50367123470441 4.56362110894652 -0.455904056636498 -1.89884755410835
"718" 2.47669147214339 0.397808517450898 0.427386447552461 4.2852172303435 0.882511231825718 1.81309281937867 1.53179836428609 0.0871677833525881 -0.798536431839826 -0.888822886045183 2.79192542768473 -3.16027981120063 1.73256851853972 1.00557300902826 -3.99127778085659 1.8955051377447 2.71164303023004 2.59705856615875 -1.52982949142494 -0.477577339339752 -0.722630921710112 -0.334850107915308 0.722207177099903 -2.98381094370301 0.582061878465643 0.829469736765914 4.41502888764304 -1.23214567247345 -0.27916273515704 3.41980213550922 -1.24477349917531 -0.0348822088378296 -2.8606863759528 -0.121248753478958 -6.17906176643372 -0.43041173945561 6.88971085021943 4.68067919806371 -0.728749333498586 5.59266320764672 -2.44275340934123 -2.40234487392243 -4.02303982965873 -1.59214701916674 0.90484299714109 -7.48199859087268 2.96676674250332 3.77082700667266 4.02817662357664 3.03822993495644
"719" -2.47885350443446 -3.01691645514853 4.56460016807351 5.48029924983912 -1.3633036905724 2.8380558916466 -1.64560717546272 -2.34578101379933 -5.66171723233468 -1.78394989862788 3.33884038804754 0.616468756465847 3.30590405723587 0.140746269685434 -0.823022667643797 0.949449596904975 0.478796857469003 -4.2099426888999 -3.55544242977441 -1.32628477124982 -1.0153792230262 4.08647197279063 0.986801755879178 4.93832926711236 0.172984002803776 5.61830578571203 1.95819523372167 3.23248733255 -0.612439586147483 -5.40788938934591 5.97663887550927 -3.09274592845438 4.38945486182022 3.3624890980935 2.60187348529782 -1.62021481916451 -4.66525958118208 0.803553154750133 2.78782876764464 -0.685810698356449 -5.22757810147966 -2.1367463593068 3.61000235360487 2.68577074798492 1.42160042281083 3.74080532613225 0.904178648478146 -0.0829503576091639 -1.53255969804509 1.4667456315712
"720" 1.23484749260581 0.0992908387073244 1.16485484728463 -0.714695795490314 -0.965622084134398 4.63957113215259 -1.1438218636953 2.80375848582767 0.404812791143768 -0.696193249501586 -0.680840999540614 -1.81529327159804 -2.49386801865873 -2.10598974765403 -0.725695693082221 1.14487544083231 4.29188836949604 -0.598474776271632 2.19547766946767 1.39130667108332 -4.7256542786734 3.37994235914668 -3.56901338252665 -1.45240247532289 -2.10572296403752 -0.339866008857555 -0.514696275374974 5.88138518290511 2.44307434487055 1.53144055532612 -1.11719752420522 -0.392676925305009 -0.253772476381691 -2.87932598508651 -7.35099144303718 -2.80959756725621 3.83482271552045 -6.8620626789723 1.30377522453074 0.496909114093246 -9.18548753018397 2.72996905132627 5.34205597898528 -1.18460751755075 -3.3062292513455 -7.24035776946849 2.0689190672914 1.47258979963478 -1.51635843520928 -3.68781482291314
"721" 4.74201274283454 -2.38649971337895 -0.563455778342675 -1.06040558055651 3.32767690525426 0.736600306113582 -2.461642849199 -0.332858365448539 -1.03866734789562 0.664213492515398 0.476622779911378 -4.76212157524171 2.33660724296807 -2.05312536521281 -3.57180180651099 -3.94751660155446 -2.67231811839384 4.03893670090753 1.69113863769774 -2.69806242070433 -0.543423128325933 -0.0146282995865249 -0.655023119678783 4.22397271222839 2.30077922746779 1.20888376489057 2.06155457517714 -5.40725248135538 -0.534646255206632 4.70760824604859 0.20353664483901 1.80643415549577 3.87510996733 0.236881676647642 2.74793180480105 4.20609590295395 2.82008202393507 -0.475264516761885 -1.42429233684323 2.92376345235031 1.26185593827589 0.0545090655286021 -0.0797937595577291 -0.678010621001471 -3.02576505271436 -2.80748652522769 0.228866156511493 -1.24252218956592 1.94730776861065 5.12971377422768
"722" -1.42149407637779 3.54726835904473 -1.15368386958663 4.03005609820242 6.63032498915748 4.43736325904493 -0.835424550673116 3.70780961353405 4.15498171173478 1.85257281396613 3.73426841105928 -2.91998986916876 -4.88666910246234 -2.86644714062742 1.03205875065281 0.266176331239102 -0.885873502969881 0.735090155136837 -2.61281328248268 2.22885142378527 -4.8922065011374 1.22047781984275 -2.87548947259922 1.07518432091388 -5.85392161415352 0.695012155423444 0.857757238777657 5.49882983079824 -2.10322144435319 5.13687910783373 1.10013820238 3.6703492288027 1.10476945008823 -0.968256268152782 -1.32317398287234 -2.86735194027192 7.4980126090037 0.11456881951822 2.41550436919934 2.96077233982514 0.945240168955391 2.19500408320288 -5.080821811691 -0.201196449067675 1.5608971817717 -1.16401694541868 3.98994994273049 2.48285300357486 0.739705478001074 -3.53281841014481
"723" -3.85804108985469 -2.40844462726686 3.09540675022 2.3113691276947 -0.996392324255043 -1.02666577973094 0.510705593530656 2.95441655694864 4.04899823062324 -0.400045133030848 6.17569334756519 -0.360405916423884 -0.251471900545772 2.26826743225603 2.3602458816753 0.212533713718935 -0.451434799728078 2.73258992420119 -2.44588629109851 5.58875569077047 0.16516261688266 0.772703977428803 -1.69838306780839 -0.31230597713234 -1.58946405133562 -1.97140802455207 0.789455938039194 0.826158497432012 3.90359076554026 3.59222947601294 0.51880796830331 -4.07193672747064 -1.87686313709598 1.03479661181842 -0.57119495053487 -0.940192167085359 -1.23150944395531 2.28335795303649 -4.69386996002247 -0.473419727104579 0.0422758110632328 5.42795079180953 1.64860329731189 -5.09765852626015 2.74785575514646 5.19170516130512 1.99134949676504 -0.726232452301063 -2.86806608592074 2.76013123256167
"724" -0.145621863158233 -0.103545428969616 -5.22707570843191 0.406020588640056 2.15316114848834 -1.04871156701348 2.41545880264344 1.13713415365462 0.906179933534287 -1.49083645485109 0.213253413143016 1.021827649548 2.14460491759949 -1.86883036732076 3.00636202242496 0.183357922877358 5.53147957596972 -4.19207796208451 1.66583709170325 0.985903854869074 4.81133372776492 4.61584272291376 0.271513764166997 -0.118248989788321 -2.7432272610451 -2.2718352170589 -1.04060864221185 -1.80194837884367 -1.72595563565318 0.493798788161063 3.33959882773775 0.633095258848894 -3.51427740583074 -0.14312556607581 -5.87937559882419 -2.24546522854257 0.668073571240217 1.41141144610292 -0.87948252259709 -0.210720018559368 0.247401612359348 0.531574675917943 -5.57452228190933 -3.7611992962288 -1.98656663551622 0.0531529957306491 -1.39862907328806 -1.58051132837951 -2.12032832049335 2.48664431023007
"725" -2.02664205936556 2.28477052586959 2.99189061939658 4.88444766917008 4.11313621542769 -0.312102731890787 -0.59326188132361 -1.40508714202861 4.35859515033326 -5.59475389069557 -0.653035786317882 0.848430887659412 -0.66214515043634 0.374616255798184 2.25157380184874 -0.937889422449504 0.557058110180167 0.960559558435633 -0.0112620241588729 4.1371534284142 -0.593697529091197 0.135195909433415 -1.3537879441292 -0.737144453623935 -2.13883125363048 -0.3634708615367 1.93168100675662 -0.146998021734287 3.70911342510919 3.77910526767291 -1.08680089707833 0.354620652939811 -0.327469279576106 -2.58069038826499 1.44135294842387 1.84737877781593 -1.87102383271542 0.710512937042527 -1.63122911778592 -0.92915996238605 3.04591514902203 -1.53465065615435 -0.626697797967994 0.452999379739297 1.8562466555776 1.98932236975671 0.715861780841653 1.20136781798969 -0.00082558015372066 -0.767152164737027
"726" -5.94990182215174 1.72143716091884 -0.377388923952249 3.75698730981573 -2.8872596496332 -3.41439145318102 -2.60484894093237 -4.43954067702676 0.701015267548517 3.58293990929935 -3.43700681534981 -0.703744366891969 1.75598622554364 -2.40778943101685 -8.42024230979193 -0.989014911054865 -4.27236031597063 2.1004383279917 -1.78036880795739 -0.585340817680647 -1.71963990941578 2.36311673440448 -2.1719717490529 2.35278126637679 -1.13692650095526 3.09100229264824 -4.69507616884103 4.06516928603665 -4.71323497887713 -3.11943511112754 -0.334445297775946 5.33991611180953 -0.578705351107044 -3.61482632449286 3.28155927807448 -1.77815902941281 -0.700535217203001 -2.47080404594845 1.06401268938302 -2.07286595941635 1.31097300682818 0.341070885380849 -2.62021236203632 -3.01332452790396 -0.223705172761318 -0.780349990192473 2.52622216832213 1.11200982488193 2.70633175536349 -0.534500418250537
"727" -2.09358194023719 5.3466004379366 -1.90178905849539 5.40583661401164 7.37524333825279 1.57415942632889 4.43782896718625 -3.61860782883641 -2.87033547592608 -0.30882116210166 1.98768621108775 -1.75007558393203 0.86132958913107 2.62432352985881 0.563744965884921 5.45879965011502 -2.20459966786937 0.262139346555921 1.0697549376042 -2.48797791754357 2.12403400146304 -0.259531751952278 1.45533211258402 -0.718126300187845 3.42896795737445 -3.39114797309178 -3.14028952025328 -2.76138448737771 -1.75552221220293 -3.18962250773951 0.97047299592562 2.72946423671323 -0.77189523486214 -1.38445146185547 4.15746949816275 -5.78694226653553 0.245767024294539 6.09554625770697 -1.89394449089686 -4.23753138637918 4.87628217965992 -0.872698932701272 1.28742766247947 -0.597533579471963 3.19355187760171 4.24092582986902 2.66250034369398 -4.39058285436437 -1.22313265895363 0.00102274601430751
"728" -0.109120838398738 -1.58886769369124 -2.98205399210941 5.7257810939819 2.00595474981252 -1.91172003248018 -3.20451073325626 -2.34638940047822 4.97461828268705 0.402641772658148 6.69178884663119 -1.41994791471937 3.16631442463514 1.28441961151908 -0.73207705751726 2.27962948463063 -3.10907647410168 -2.3108990100503 -4.12404957624678 3.10620983790494 3.92734875487539 -2.15580956837798 1.44903411043615 -3.85708950403355 -2.87941890716713 4.80186061014402 -0.828177760732794 2.1760767966891 2.8254649200676 -1.59274683756636 4.55630810350226 -2.26269975859344 -3.03047994521031 -0.163093457409664 -1.07615459297477 -3.95162949255223 1.49116186671897 -8.46955427143806 1.75195009767219 3.97737855108928 3.85734206754521 3.45198450350905 -4.27561661694658 -7.45397853369279 -4.5419298005082 5.42114614978509 1.28948627582251 -2.57477100395244 0.899836398649717 -0.67332280115886
"729" 4.51282467003437 -0.325419885168531 -7.66970504447657 0.924773529145904 6.8799345638344 2.56744668007479 -0.536869747594042 0.0738101526363447 3.28129796576337 -1.71559001600308 2.45810730573659 -0.0325755053730718 4.15596847559279 -0.87489838662224 0.108084169766226 0.447721495751623 1.77217838978413 -3.53201664001216 -0.0225653948106425 -1.8822821254401 -3.33106794138465 -4.57419356868564 3.9663021472825 1.17206548307395 -0.593134382602505 5.79197686494309 -3.55854078770248 -2.8701405548048 1.91305352487872 3.39794529644433 -0.533407085884816 1.90416273243848 -0.0794709733303838 1.44413067741408 -2.5005123674376 -3.15948804561689 0.592817622759541 2.35685260398579 1.89343096595137 2.26298509001772 2.43944102326692 -4.59427901943117 -0.175932132662736 2.98344992700521 2.5084957698935 1.12974149048375 1.59821422959866 2.52473081153805 0.291429033405583 1.0870574591711
"730" -0.906174783747738 -5.6363348933584 1.37891745435122 2.8254954829091 1.61558471271389 -0.629410466851228 3.26933769223611 2.12201158320895 3.01450727802676 -0.66142482811562 3.3230004608216 -6.8761265065441 -0.844358418970047 0.0862560553144681 2.7835922717356 -0.622293814329128 1.03018315408407 -2.2412346530158 1.35234834324103 -0.944110441260964 1.057711102557 2.4369526738203 0.683594893689747 -2.50369305442183 1.79451788170966 -3.13964490324746 1.61994770541487 -1.94662983148205 -2.47656986870579 0.786114892415127 -0.114307745132048 2.16423175368541 -0.477018338936192 -1.34269768680632 0.516427310553261 3.51849506389221 7.50555504683872 0.102658993275779 1.49151645378939 3.63600312616036 3.2059985206473 -2.8902887100955 2.57676733795264 -0.216890497482668 -0.777265174561288 -0.200153585814019 -1.56727850845861 1.75307569406729 1.59023400613455 -0.0435851110865561
"731" -0.0922731696439487 3.07316065920543 -3.75737964316598 -1.88782800380749 -1.14078070389142 -0.350624956811129 0.877128107335341 -3.59632095807628 4.15254199908263 -0.623748387506705 -0.085855064370155 -5.23065465355474 0.602460607929314 -0.396472395015225 0.683599194400055 -3.4563819048272 -0.605759177296787 -3.30025149375749 7.00170307597859 2.04813480873243 -2.84403766882503 -0.81870317876302 1.52877635164378 -1.25850220839089 -1.25454094937144 0.799982985674082 -4.54542616532717 0.999314351550639 0.968806462525697 0.841296068614856 4.48521415228024 0.107030484042898 -3.13500246108867 -4.78800575951698 0.335852428386841 -1.69868103196998 -1.1352714088456 1.31500786055136 1.20818052028289 -1.25943976843114 0.599124618290208 2.27976953141043 -1.2212096591233 -0.871275330636029 -3.42600094947862 -2.74799369553996 5.94727710393521 2.80632335779317 0.947115771584581 -2.72527375076477
"732" -4.4993285422273 -1.47685676990664 4.11850375529117 -3.27819138110858 -5.04376372734857 -1.29336655467082 -2.53880915196853 -1.57603353227039 0.136242467313112 5.13641764519372 -2.55553491656113 -2.34593204228606 4.2248331209604 1.13276267167385 -0.329086467823946 -2.65190579550934 -3.3518700216437 4.09834822401724 -2.21624742075161 3.55887533585841 -2.02999864133248 -0.758341379629627 -5.30951322556032 -1.79957388005831 0.8016117055805 0.422848089052505 2.059465974392 -4.04265154030556 2.45543036197901 1.69918106216453 -0.239737130924745 -4.46550749546587 4.59998012636054 0.0714157246553031 -1.11319295572192 0.553842097179349 -4.11642964814217 -0.86458899009793 -0.0155536219839972 -0.483564075157801 -1.90271129838911 1.06089499653885 1.14918612357656 1.63670174504682 -4.41458481791764 3.66550859613714 -4.36616562924283 1.31778360638834 -0.162607132866809 -2.23950839142239
"733" -2.6809181000385 -2.64253638304597 -3.89438441131587 -0.356718994915276 0.20552285669483 7.0552492593993 -4.88802378649407 -0.211317955663987 -1.27703046528008 -0.992772085928004 -2.32422419013933 0.0625429486465688 3.60029921703606 -2.82990308628004 2.89942693089573 -2.19861078054866 -2.22880521501725 -0.66456446795859 -5.57740331320717 1.24734113254046 3.26427887312521 1.16701722752866 1.29140585156275 -4.13728861578719 3.75072000827884 5.97604314799006 3.41179906693012 1.98244763704697 0.676477769783214 -3.10400461000117 1.26854786106746 -2.08632802410887 -2.27436911856985 -0.570068699278077 -4.87555355097031 -4.07169130058906 -2.31363956521765 -0.112714099445934 -0.407355645337696 -2.89827483941692 -3.35929214471019 -1.26672009452486 4.93989087290546 -2.622418257645 1.54071494390926 4.55496180224121 -2.12994211137476 1.87015367679055 -3.20924276381509 2.2416614692729
"734" 0.563152068441537 3.65341688080014 3.84112266099833 -0.167805153384063 -0.851776785124842 0.1972429647389 -1.85590512556848 -1.03422829815632 -5.52725967315773 3.66850828844301 6.23680213407084 5.91997567025572 -0.630138857290721 -2.49377433692851 -0.0564467369385447 1.26291372863533 4.04519876491098 2.19796228208889 9.9723398273504 1.55129978371618 -3.07077363236704 -3.49235252229615 1.46241026414543 0.762614976404255 -3.43960841513013 3.49185713949054 2.58252428660065 0.476344555130579 3.67271438406459 4.86952078941498 -4.88565316108648 5.87477431306202 -1.38534014123846 -4.10620560745112 3.02993056070315 2.53295817720899 3.62476580692057 -0.658199696483255 -4.65841181384849 3.52192869976217 -0.523730287959226 -4.1066641904952 -1.50321910729918 -4.82579184057221 -0.720919374689865 -2.55058206613764 -1.29451423127007 -3.31493003228642 -3.39487378592624 -1.58807995628665
"735" 2.27764827408651 2.03028163357548 -4.71691023451205 -0.727860019778347 5.99470716829407 -1.93157150182983 6.24506028130414 2.38172186777195 1.93076643126087 5.57365935772451 0.677940090500706 -2.52220712830034 -1.59196654326942 -1.20805757760435 2.96768561848034 -1.68580561999028 -2.45926781469916 -1.3906085979662 5.0241156486117 -1.2724711307828 -2.30315521736767 -4.51043952865172 -0.915600250613666 -0.853330989660922 -1.3442162544869 -2.48624097969214 -2.0163038371617 -1.73962091313697 1.00019883243884 0.104115943102189 3.94771562222472 -0.444024122043221 -4.06227470596778 0.696556140328193 0.44093407166541 -2.29496131156458 -1.22510714555557 -2.04597531336706 -1.29326570810786 2.72577656942987 5.37101699344786 4.87572603665137 1.09891766013563 -4.30887707829813 6.29091399448743 0.32021219713543 0.438215277117052 0.344053028598877 7.86940882323053 -2.9597723104856
"736" -2.58965313493698 0.913082602146046 0.653989465910539 0.476022415401065 0.0920948777668403 1.09584498889301 4.46848933844504 -3.10525534181642 1.18576889540105 1.3526517235246 -2.2421657460535 -3.38626479472305 -4.18961399382568 -1.09486230201029 0.571329158813259 2.91826275964405 -1.02672228902666 -1.35808964107201 -1.77929900461109 -3.71132525703628 0.622211909724312 3.75934059427662 -3.41767791273972 -0.938970101425209 -1.84150756765591 2.47950647211055 -2.87878561743336 -4.10765934598388 -1.28670001270424 0.725540133426055 1.56152328574385 6.07174612469268 -0.55730015153799 -1.90951091839266 -3.45263332087322 -2.01053372109724 -3.49791090269574 -3.74312242348677 -0.0230385801472538 0.369250993547763 0.786457621358479 -4.39611032567338 0.722434478217321 1.176508251915 -0.00469000101674206 -0.491596961930142 1.32380553234533 0.375838680391763 3.1065445099289 -1.02745915706188
"737" -3.16936392271488 3.44314072775548 1.78861511918288 -0.164626000175804 -1.21891615101784 -3.07338808192058 -1.40785994561337 -0.368783045060681 3.78965278807898 -0.114685471021728 5.9702894376436 -1.81526476181061 -2.45070499892243 0.132976599911886 -6.40949659379641 6.5689597277074 -2.29443569460764 -2.33624306975022 -2.2697519035595 0.522660644013119 0.526930192915641 4.56513846641213 2.82410441972045 -1.7842755038189 -0.515783174360453 3.89847391587452 -0.44952120714079 0.48282174230331 -3.80426296970582 -0.892339129744643 0.509473926804254 -1.74226317661327 2.35715770697734 2.28476774559969 0.674694212819392 4.33674200081239 0.817518138746512 -1.95776077009475 2.86046662238233 -3.28618391632398 3.42761435871304 1.60517286462483 5.01449952277477 -1.52354013729529 0.682443148164783 4.97979551182951 -1.00161600841066 2.13496619513238 -1.49734595955434 -0.637691319496786
"738" -4.27103863305883 0.74081990772873 -1.46409945628044 -0.249533150058997 -1.48691174213436 -3.59420665823257 2.19832011349426 1.15950525197552 -0.0272228709471787 7.597034482079 2.80649522611335 0.0398205837299825 1.25318621307517 -0.678063362303885 5.65052079985143 -3.16801189293115 -2.9585951933962 2.26691533752579 6.35027121783552 0.022053368024636 0.380216614515564 0.336490042419122 -0.374348926460064 -2.96664902076505 0.341852335429902 2.68107770152718 -2.32596028673814 0.631556860264215 2.09267460748184 0.663466935818035 -1.86298652846011 0.276185339550899 2.33081401275552 3.64463582979777 -1.02188519542518 3.77344585329928 -2.559643001201 0.696963350768551 -0.7428444833834 -5.69068724443715 1.22489557014716 3.60381085647892 -0.715843133240005 -1.48532673452032 -1.08148557457809 -4.47526690831055 0.65655343677407 1.22054213280125 7.03795075594639 -0.728829635200176
"739" 6.43956762327903 -0.492732403237886 2.54152108626133 -3.5071260766626 1.4593607017367 0.65196638410213 1.57179087210488 5.29292426698747 -6.92207670447605 -4.98795502244645 -3.40522220954176 6.6220624789978 1.98565963904812 -1.41621918472118 1.34792357356968 -0.927402811737188 -0.0147634077466092 -2.51155336911825 -0.289845658977968 2.4330986390992 1.03400931174824 -0.393226456622048 -1.48648021174328 -1.00408274208614 -2.77357606329147 3.54018402611988 2.89065713804743 2.10555692697778 1.91058396668612 0.636849804329589 0.437032288409211 -1.72002356734763 1.82402661025641 2.43446128010237 -0.79208775869629 0.23438594890359 0.265458213588859 -4.11540350839042 1.45742683087077 1.40318388695755 0.86414152116997 5.40926501369255 -0.152167471774634 0.279355975162117 -1.72859993516129 -3.10829635338163 -0.205236171272713 4.72778846471382 3.28581211262514 0.108323702260071
"740" 3.34441395729914 -2.68211153235378 -4.14227738326317 -3.23054992438272 0.0980965346206051 3.05885453541574 1.7149111774208 -1.39810214423242 -0.731782927534986 2.16600161616387 -2.25693554392339 0.247624978384811 6.36340825285424 6.02209333823941 -3.46564753570484 1.55360512124052 -0.771766953633426 -0.427579600843596 -2.79366587573752 2.47926123326014 1.58890842152355 -2.46947788876554 -2.88497143762061 -0.456644288170357 2.41628080819792 -2.86134411313894 -0.561383522198772 0.470246054357645 1.7462686998431 -3.70975410300662 2.08258062217099 -4.22934229674673 -0.324486193119137 -0.275240569492386 -5.5231481297769 2.73578712464963 2.00322727782296 -2.33064318108701 1.06447473090713 -0.256562884415456 -1.85591871324417 0.659017641300573 2.26379106678789 -2.24605369504148 -0.393763378691988 -2.88299212686583 5.9647727638836 0.0834000136552118 -1.96853550277862 4.10788653023441
"741" -2.85345186638922 4.98695287365414 -2.98567860225165 1.69828628521444 -1.23702850823206 4.05918520815552 0.120431484442447 -1.00096397754391 3.13474477202913 1.59296663684578 -2.9232506082421 -6.78148644632064 0.874001442307407 0.482006640558002 3.30533450626074 0.934186327382128 2.49019315632106 0.146552421552846 1.54038981564405 0.310615558527989 -6.33809520235202 -2.29475624584959 2.55823744461796 -1.66216629271548 -0.902197958218569 -3.92687115201752 -0.478859323451067 0.110714845771897 2.34657132568766 -3.58617308338625 2.79027626044971 -3.55649190617584 4.15206227851126 -0.663689316265622 1.97017456238638 3.61455416450927 2.43643379960833 -0.343605777610063 2.36183349777082 -2.12953286192305 1.77929984904413 -4.68307028211113 5.06952071365591 4.6186224172342 -4.76993218377531 0.479916068447544 -0.103826584880707 -0.827269498825428 -1.62796744882122 -0.704024660151704
"742" -2.66313522424413 -2.54923303555323 -0.579613161551263 3.60491430963024 -6.20337264327623 -7.85461865269782 -0.498153115224938 -3.70135448935679 1.45543563820166 -2.58686230836026 -1.06888467600149 -1.25740932499359 3.39250455244819 1.45401733379136 -3.83819667239444 0.528560172807907 -0.478460974433113 -3.19331807267566 1.59363238869251 -0.438995859724268 1.09418485602882 0.523300988829212 -0.442871329962846 2.417851574419 -4.03087730814467 2.71550032668476 -4.71928143695647 1.51416280151236 -2.46455941386327 -0.0352987383767458 0.750322624046348 0.958832510841661 0.706542151905972 -0.703027037293466 1.39988111977866 0.0514013601278695 -2.67053444052934 -0.634242273893272 5.48545233175879 2.40788149625634 -1.30320011136954 -0.614973531741522 3.93649182851328 0.256956599437851 -1.20958969878954 0.964406068474511 3.02200572094297 -0.838509892657011 4.09387954766695 -1.43082604804205
"743" -1.52470460515757 1.69788696763153 1.05195060966073 1.8003164297092 3.52802573083763 6.79845068573751 -2.04505725128996 -0.0379438132114587 -3.55146265680327 1.39361589985215 8.77555406349223 0.190743356043497 -0.320883509232445 1.33952287254314 4.33689575335811 0.765880504835769 2.72387837281908 -3.11681356436693 0.807021803972565 -5.95946739525838 5.96639431204327 0.674653526407266 0.915926489066541 -3.81461756613681 4.28246152564464 -0.0874436222035202 1.19923074757271 0.404516470784844 -8.07716575999675 -0.938401235874951 -4.87692570109244 -0.426606465234626 -4.30856757106358 5.1760785632822 -5.71056187208017 -5.83332285071351 -1.31603440917204 -0.284298020827576 1.18988118526489 -1.44684767401292 -3.67157175035895 3.10827083219863 0.893517838737354 -1.49001292266206 2.74191809393798 -1.26711849006026 -2.69127247876643 0.205175287596575 1.88714675436692 2.63057911033301
"744" -3.52779114605387 0.701577433790091 0.22693011449458 4.93954259281945 -1.60764194113752 -1.98532746964368 -4.76385921088736 -2.32210109135024 4.38621852972247 3.38626778982748 -1.26780237790598 -1.11108022012619 4.74248678831613 3.57042780090254 -2.7820348866205 -0.562688999013523 3.29458670396346 3.27856610308626 -1.85127351887679 1.44917918923686 -5.53959095198209 0.0669962225696314 0.40702844653812 -1.70681856085995 -5.23893486712468 4.5485717296039 3.66860515163449 4.62850542390627 3.06014139305805 -4.56031323454152 2.91335404108487 5.66121443520077 4.27282807821739 -0.07555745939788 0.0217320116688959 1.59922456332427 1.52622714642037 -2.38630681814546 -6.38343996385025 -4.7534088092016 3.21046929506569 -6.68443845485167 -4.08312904199855 -0.327991986744052 -1.05338859187521 -6.02174030599178 -1.54027709205972 -3.05455247339244 -1.3038383727094 0.186722832375179
"745" 0.290672519692891 3.45523527698941 -2.94035638521321 -0.384862469569276 0.986891266657694 3.53897581689448 -3.69649317489069 -0.23287352237393 2.34567059046235 0.954975552626188 -1.68485805809081 1.27474957996724 2.18110348756564 5.07172554648461 2.32728389905843 4.93096156281846 4.05257994608369 0.385153616936686 -0.582583545123979 5.93195519972251 3.7778441112286 -0.406240844284244 0.872351716332077 0.350908118960164 -2.80371046153567 -5.38078518443319 0.0129815006878468 3.03014269283874 5.10581450061042 -3.16978023798856 0.550211799838768 3.34149099256948 1.27486293363085 -4.34217804620728 2.96302651991206 1.59932101714425 -0.633255313442698 -1.06111831827296 -2.85163414619883 0.428317299558974 -2.86210561572307 1.77483620423425 2.73360953275971 -1.28965368395971 1.96671219705293 0.519611987699162 6.30305145754115 4.08350636386028 0.979635621221026 2.95710543399549
"746" 1.84752646038015 -8.83978176263049 0.970387001349645 -1.61041819023196 -0.438701072932165 -3.01508228877314 1.73189041483148 3.38455238595366 0.759342251972418 1.80184017723043 -2.11158452418183 -1.16704694924436 0.252663065918206 0.150057754188322 5.62132617386164 0.355656951045319 3.89964068511641 0.798658735447572 -0.259995318680901 -0.575747465249231 -1.51268065801387 -3.1979501433712 0.723073861949189 -1.63900268027918 -2.99749413587358 -0.352222122657341 0.267482754466701 3.16844611980927 2.75696748650413 1.15367764122866 1.66737350973838 0.0878701149077439 -1.98643601121456 0.794283739720774 2.08528313305578 3.68526227720703 1.2529525562803 2.16244753259112 3.16566284235415 3.48835398444244 5.39194337163879 0.73136226217804 -1.75019067854044 -1.9741330153711 -3.67321286778208 -6.0707265938808 -5.51849304716678 2.07127149412426 0.808725461696925 -0.581081797207407
"747" -1.68022340074849 1.19276598670296 -7.06961563435192 -3.2503025485854 5.16985726506417 1.60400922176099 -1.09853504713877 -0.533199038001617 1.92582837001926 2.96350217507091 0.987681238513405 3.67750979617948 -0.564214621811547 -2.668373455094 3.28909877256505 -2.85122632868537 -3.58112412081773 -1.02416057959581 2.44884396485724 3.81406729755405 0.904913123686133 2.45431670757576 -1.21964974261145 0.179011792181999 6.3818971470384 1.24842637865598 -5.39347895401127 2.50313266868458 3.63949928407213 2.36853640153354 0.231067018174773 -3.44596866293546 3.75845000805023 -5.01850666583972 -5.91336423673018 -1.67895917258701 -2.44300569685872 1.83367457087991 6.03081631292814 -2.41226060584389 2.94347529532022 0.6502600963913 -1.42757568092387 -1.03282618995285 3.80996765719203 -0.541691212698058 6.3131038592574 -3.37127678993746 -0.0161984701152769 -0.922673222684188
"748" -3.03790927435163 1.23870091719103 1.03676881918441 -2.37927842663176 4.57611064158268 -1.10951197531394 -1.0038565149118 2.24608700070627 0.800296457393886 -0.273031680441785 -9.42406946721914 1.89611416094793 0.491604694405441 -4.70510470945102 -0.896164090956845 2.07741476796637 1.79525478946493 0.478733363465407 -0.768161011219758 -1.1991647775869 0.565969032578181 -1.99770908781994 3.38972327335306 0.571474899871605 1.34457545054502 -0.820897297980554 3.22113451951051 -1.81258608454235 -3.82652041214748 -5.20354488112808 -3.1504730252987 -0.26366187695013 -4.63852701305231 -1.32795652768656 0.569562772374887 -2.81776475854751 -0.557658703215462 -2.29387774990491 -2.86198205910913 4.68682799980774 -11.7356402932474 0.706719501518689 -1.22662700966489 -6.93336779074161 -2.46739605106625 -1.35415951522283 5.13325331193994 1.41327507286643 0.312151288778802 -2.61412140144813
"749" 1.28664759480599 1.63424660331177 2.15705155848876 -0.671068292270268 -1.84448241596768 3.65440556223738 -2.687060615267 -2.13044969060659 -1.25875025348108 -5.41866714992786 1.52701132566869 3.43285115986041 1.16823672782458 0.474678937778114 -2.83928845960503 -3.24538703081505 -1.46249520748902 -0.931983585884222 -2.30358565367267 -0.903691370836442 -1.09393406046633 3.24115030051343 0.23118621810467 2.79975663864802 1.77537376512392 5.18016145918915 4.69811267307986 -0.980247538193145 -6.59120075053228 -0.617233159330565 0.111157218735985 1.16880038790008 -5.28009246144282 1.92345196291954 -0.0272675361163024 1.3442358453528 -2.85415675614091 -6.36979102546053 -3.12622056365585 -4.06667493119634 -1.48882989411209 1.11262924719104 2.66047108558737 -1.59715117720327 -2.20944091393618 -2.69506985914551 2.9042888438728 -0.936516225892477 0.448348016907933 -0.85393175341054
"750" -0.397644159406793 2.75781758826174 -0.0421981637883795 -3.43748439401375 -0.502952163719253 -0.254923666094708 2.23154917376098 -0.423963945157865 -3.30400799205079 -0.85037066348558 -3.009728454266 2.7164780374543 0.988718217575335 -2.24463960776632 -0.813867703637804 0.633961708043581 4.73849232489322 -3.25641909735611 -2.42061306630917 3.95044603098099 0.566383454215317 -1.96971577647318 -0.954300422471725 4.03048293373067 0.736083906468328 0.483170556153891 -0.0877301008647879 -0.768847983487353 -0.684310044336041 6.1760423074474 0.938113168551013 1.94154597679128 -0.466148791851352 -1.64685945846331 1.68734254665395 1.03718229833665 -4.58294882197428 3.11214360909244 0.198996343102916 -1.40780162600834 3.65924582751103 1.26451762053791 -0.293981663866757 2.08376536178469 3.68172949947752 -3.44894125051534 -3.15887709685307 1.35189382808709 2.20967791184726 -1.44904513341532
"751" 1.35531393899333 -0.545114630112666 -4.50030806586279 0.442113492723992 -3.69298385685919 2.83461951290502 -6.64593291805193 -0.559513072891544 0.738925127354864 4.24089178315709 2.07916348044535 -2.91715428611131 2.07902356836528 2.40055131403105 -7.48748485132841 -1.1355031922259 1.22532082692647 6.44163682577006 -0.344776975177945 3.2344981168708 -2.34838386833696 3.19944552620516 1.31717192415027 -1.7931193030152 -2.81756040053016 -0.901503946325964 1.27070521412598 2.98240397978517 -0.59057329369793 4.2280411225454 0.31049035508655 2.79993610993645 -0.885640942877377 -5.14386500571499 5.78093114833486 0.883391138168705 3.12472761620574 3.19726351262973 -0.475257297686193 -0.57451461032678 4.18368348240943 -1.48071846152196 -4.59153852940909 1.51194001611177 -2.15415223398764 -3.16686206424249 -1.80909667607421 -4.65767116653301 -4.05706568328076 -0.356089298570723
"752" -7.12394499699887 -4.5860503697118 4.24251526455661 -1.0883265397841 -3.25835813212317 1.31024918573562 -4.85843786738865 -1.7645064520477 -3.63761173490435 0.787557619799977 -1.39184517989051 2.04440003932962 0.78402279881133 1.28318274269594 4.26238079879628 -1.64683050936657 -1.0661893376217 5.46842137109305 -3.93464774652915 -1.15069320020478 0.641041161916056 -3.07164988286584 0.499763477131986 -3.80872105010437 6.77715924061531 -4.08781323050922 2.21122020443567 0.058540191712889 1.16458688170434 4.87777087264429 1.34471952502063 -6.16576668738222 3.28528728733126 5.0048412458334 0.644535591027931 1.58329846656388 -3.81919175120113 0.108749299082073 6.79526112083054 1.52784603631859 0.445584801631594 3.90210576207592 2.02613541092392 -0.432176991961623 7.13163066614416 2.46672033589387 2.55335942729063 5.22089408846149 2.79171464396644 -1.08646874453573
"753" -2.44091790977293 2.24466176968171 -1.46837350416453 -5.34988101248794 -2.06338584873457 6.5712416636697 5.32535420142931 1.10371641068185 2.09732342359017 1.34632773672809 0.277380960426878 2.61541257546044 4.67471829984177 2.29956291642015 7.47074848143161 -1.92748284369787 0.145315937287595 -1.52411037202813 -1.08348492461063 1.45035026427721 -3.83328245375254 -4.98519737702327 -2.91359657816307 -0.450785888414284 0.017934756472626 1.44671828035339 0.196708436054865 -1.20468303122918 5.04494553257804 2.60498245373161 5.3814017070841 1.74686075311962 3.44391763207647 1.2992553114541 -7.5316027450227 -0.938193307503754 -0.902520501282172 3.64275365234255 0.79532532878564 -0.098386220102506 -1.96021102785497 -6.94196110210502 3.42445733522652 -0.50665949421058 4.17893518509581 -3.08555784583655 -1.4206641849236 3.1120820056145 -4.23409429736601 4.99577888799733
"754" 0.936740310668915 5.01104094599593 0.766729147431194 5.95103743148519 2.9646008858755 4.01022681641928 -0.037317744652168 0.810305721151945 -1.04138439697123 -3.87174584551619 1.07965798156833 -2.76530553592098 -0.338345708106322 -6.14928535503355 -2.20973880413828 -0.791078669631745 1.13123934805959 -1.40094017260234 -3.96519096655213 1.97318770934156 -2.89152671351528 4.55299822864078 3.15830863790649 -1.32444320268159 3.12122589053987 -0.138393355849839 1.80722405041489 2.71124310923728 -3.5611039510053 -0.0559444822681272 4.02248134220122 4.02352137884247 -1.7979500481482 3.09948670846907 -2.18031561163185 1.43870180241542 -2.98716550124001 -0.441893936295133 0.750400836736176 -2.9089732194088 -2.5597934397031 -5.0487388936655 -3.18194649930628 0.239338775932131 3.62779651279082 -2.21973202517119 3.53593687035879 2.24346026296024 4.91541940678734 -2.21673046642214
"755" 0.719081954292055 1.01270660240257 -0.414956214906349 0.78389617623863 -1.72877852084788 -4.4708205046344 -0.988968256938083 -0.909970045719066 0.592438468816918 -2.19100672196509 -0.517302757186244 -5.5501348107841 -0.949310313637705 -0.947235191109223 -3.15468417119246 -1.47479600474835 -2.09086262916765 3.52317588000377 -4.48907892778223 -1.02933675045993 -0.714349533441327 0.891767202432446 2.34042261399807 0.462114371782135 -0.293924462783833 3.4958067662483 -2.48034637553916 0.620904721979141 -0.224943335585608 1.34199838461434 2.16737089218456 -5.09131274752996 1.50450275352929 -0.462013654186167 0.305301802793487 2.47623833371887 -2.53188679297774 2.42081660774071 8.91933884576106 4.31740046397826 3.33519787991457 3.41649921045457 -3.4377853797522 -1.52766293314582 -0.750195216992672 0.434319509419574 4.44686055369837 5.73463729062327 2.18140545007297 -2.00320261667463
"756" 3.52625964604761 1.21429586756998 -1.12101268492419 -0.747012482628024 6.37275305232474 1.44011378509128 2.0370004098668 6.12512621507399 2.16705070839546 -0.751716538050426 4.08327122280789 4.32299864261326 -2.46091350438646 6.04918808256108 5.18278671058147 0.464175215326602 -1.24536974894646 -3.71771790231293 1.19992054450811 4.12433645050643 6.80182264730161 -6.0984529217158 -5.46003669525551 0.903229027974187 0.131989673989828 -6.37134449784791 0.108195686615298 -3.9416532873779 -1.48472091532294 4.23424633276931 3.26064764696752 -0.9099349091304 -0.257151105942663 -1.51966933160773 0.145001183257131 2.11550059853359 3.56866707521436 -1.00554335087505 2.31286399096015 9.01126535690229 0.175924266603396 0.845360447603961 1.4174615934766 -3.29509715892174 -0.28127827650838 2.65542686393906 4.14726379736706 -4.88889770715224 1.7055615325774 6.84813776305645
"757" 2.34178065779762 -0.513939086005068 6.7860009541706 2.29219057284581 2.17474648507464 -1.48796565065132 2.86345929329864 -2.0477398060037 -3.24343400949885 1.53184324309616 -2.27093891634551 -0.433141103742753 0.188915067459288 -1.79088231884313 0.829429605337285 -3.84810559027803 -1.53556509803728 2.2622415374832 3.51260632429043 -6.19500927022754 -5.4466388355626 -0.542420240154961 -2.61746644306574 1.78402517374187 -2.85393047757537 -3.12776144092912 1.21177874124757 -4.01194956656953 3.01331325947878 3.89970059100411 1.54039497722646 0.46684172923872 -0.517261401531969 1.70581541266109 3.0483148979434 4.1790073731304 -0.250293692464789 3.58083394904013 -2.7569748118449 1.16494265893375 3.23790558595673 -0.420384190013646 -1.04549337516854 -2.99670509952469 0.463976565801371 1.02309212648994 3.31644511577569 1.07408637961975 0.548382765368382 1.0004098443054
"758" 0.641681184369952 4.04420813097167 -2.42418763475296 1.63642202731911 -1.13850113076241 -3.21973572516285 1.45071827390501 -1.84003191008605 -2.02485385666408 -6.4261277090434 -3.2944805220475 -1.97929494668663 0.181438742047804 1.12693241316609 -0.627401646991775 -5.24042624966368 -0.71175091320488 6.24426611016831 -4.91889011346512 -1.77501492256552 3.15973297242279 4.84649729366411 -1.20044831728167 -1.01440514313515 3.28363499008222 -1.42603256810144 4.82242508639449 -0.471971137643271 -0.844295251101656 -1.98988966279551 -2.99423635404439 -1.0264102037256 4.00771495974433 -0.641952085852995 -0.474474412710103 -0.199105000340515 3.45585716211892 -5.27050982735531 -2.45273405055952 -2.42836274457066 0.297008691780087 -0.951971555505105 3.48862373666411 1.44035290792894 0.992143312265977 -0.793872294751942 -0.942519428933394 -1.37729513248137 2.79913120976443 0.293381091663187
"759" 2.86872894784359 -0.823246936651879 -4.0288349253001 -3.00656425227067 2.64058956875529 1.84778618011303 2.67160310116625 -2.45549085723421 -1.08034701004716 -1.93094405402652 -1.71792707641583 -1.50321617441063 0.228642104456071 -0.423588073897335 -3.54308836793716 2.8491572949804 1.07672431864 -3.66274061986125 -1.07761238176317 1.08453934044604 0.297385262718745 -1.47177296332601 0.932235940756946 5.81960364597868 0.41045345354606 -4.81076132295462 -1.95048417032325 -5.33156508892159 -2.9651084503663 6.21216501444238 1.02104760153295 -2.00164103321828 2.79219980892372 -1.75464499620223 0.635936440780575 3.03855374696748 -3.55148227524695 0.283351348729573 0.842402729570526 1.05051984112415 -8.16219574215294 -0.0685317956659682 -2.21112160381546 1.26569307179805 -2.22210360246106 -4.07258461312309 1.41454606168795 0.343384540546883 -0.894742741541998 3.29813590872822
"760" -0.138906314451064 -0.459527241173836 -0.410744533436938 1.18647716425251 0.413905086384518 2.77538067032692 1.35310881888925 5.58139315645498 4.71089259905886 2.75436399374523 -0.552725023854735 1.83307642312613 -0.63940323840651 -1.60632449978331 -0.135117691051104 -0.0739195728239784 -2.8160580133008 0.884666197118006 -1.61809777490148 3.3958560455051 0.883076155921673 -6.35380049741332 0.439585769463203 -2.95059800703998 2.43595976058308 -1.37889167046108 -1.45162219683789 -2.68543849560985 1.83188123872334 0.0974856063619965 -0.469508146059194 -5.27587051994051 -1.99460005304286 0.624731210845551 -0.510524573603629 -3.29140203822481 0.986231456371356 3.08958335160857 -6.17958891778296 -2.53558795884934 -1.41338823849448 0.957860934523057 4.68227899001796 -2.19275573364375 2.90454897060287 -0.324123265821541 -1.44099515793324 0.908421894375956 0.830983350137764 1.52164710395405
"761" 0.392395893438233 -1.7935160166842 -3.07968212166181 2.58721434522274 8.68282346803389 -1.53287089063919 -0.612204857821629 3.18036153788523 -1.50501487843914 1.49497441477084 2.2694835507119 1.46193971985201 0.401643141741468 -6.06319566283892 2.06953259768323 0.707660917675411 -1.93655533974491 -3.38133767981534 7.24446021292552 -7.67128125612582 3.14241683600736 -2.57302928321476 -1.00187528537083 0.323429464336943 4.94414980542897 3.538540292669 0.757043334627384 -6.19460974354925 -3.4270532510808 -1.87606610779617 -2.49037714132689 -3.97925886192561 2.50148832076865 3.18190255775232 -3.96229425146378 -1.97041774808455 2.53740320393935 -1.78649575612919 -0.313734382705537 -2.25265794523452 -1.33026566077281 6.88138655161527 -0.492149879401353 -2.68652883785411 -3.49990720325346 -3.25514303966243 -3.14068770049329 0.084782287400001 -6.08110810162799 1.06357602941487
"762" 1.77330507592573 -1.7826634935317 1.9231236230018 2.37669846976538 -1.68790112684939 2.44917277030032 -2.1077746653263 2.88843719093757 -1.5095981372782 2.82905359013777 5.62425392248689 0.457319099351539 3.92320072630246 0.21662399327766 -8.22183524963252 5.96433494022987 3.04278128286874 -0.484534302201096 3.7884236592018 -0.159002515026451 -2.41834209310443 2.61605625012844 4.37121668171925 2.0607536523324 -4.65276270656646 7.75016046549588 1.2786895642385 -5.86237113104196 -2.60003077414206 -0.523507236035565 0.888231352960015 1.87053749273742 7.59111906560934 3.34204047907397 2.08828410533102 3.40697189260302 -0.960363912001145 -4.38286665688328 3.00046487356876 -2.99923102362905 0.0842583141359418 -3.58275690037825 0.731187479154859 4.95729830918177 -0.484455650255669 -4.02605715949156 -1.84166417291934 7.91253219844261 -0.0272223449392731 -3.66333828446159
"763" -1.41982743995233 -2.35236378046376 6.76215585682188 -2.73905509591363 -3.02125157108047 -1.47861981861019 -0.232503082451418 3.63712090474994 1.33349445445782 1.88557240736117 1.23024453934927 5.18450162172849 -3.09574372924709 2.08680135256607 -4.34611008698224 2.04448112665613 0.560829910933101 -7.15070801129672 2.83873938412248 -0.989381525353005 2.2672942108785 -3.37507139764069 -0.794125470137584 1.7272336173537 -2.59833180131074 2.26431708081773 -3.37363665490674 1.47498772109629 1.07453209055619 0.0469871322394451 -1.63245193964468 -0.121626789253107 -1.18504205083868 1.53705139488373 -2.22910347723865 2.08668323650387 3.859798869576 -2.40055521586901 -4.11240479809438 0.326583017386268 -1.25861796374485 3.02036183999303 2.88532463688525 -3.12424993111877 -0.281665881447834 -2.53186524971884 3.16155443746186 -5.12586398035406 -2.07881006668433 1.6102176746091
"764" -2.56406593739351 5.42228964716314 -0.301276781740798 2.11492015480739 -1.57674253641866 0.961481255431436 -3.61528812723698 -1.66139130626979 -0.473790450640175 3.33142349272362 -1.27032553426766 4.10055910043761 -1.70791822942816 -2.41273781753005 -4.81132184528434 -1.43367530891747 -2.72110570254305 3.07835854927605 2.09375551034189 1.52227192674496 3.00212679953847 -2.74869915313238 -5.25928430454509 1.47781585598945 7.23380659117425 -5.21972611452669 -1.57935931477952 -3.3945029832114 5.02121390934202 -1.2496057622441 1.89267927163472 -5.504393301053 1.04220234190459 1.01638551162875 0.618136925177458 -0.336420159068835 -7.00491894585952 0.243158977413618 -2.60928544328944 -2.08744068475845 1.57593300051923 2.27075427096104 3.19438711448357 -0.389234215563938 2.22397640849421 -2.34411087160962 2.12925479647431 1.63618820255285 -0.751671334239545 -0.964533504604092
"765" 1.08439910157546 -3.41864055238051 0.945792318273174 2.91508729791344 6.6116097217593 0.240647537333968 2.1450371722566 -0.0707805753571737 -1.83607493956523 -1.24926480683675 -2.33139033497046 -1.17379035917283 -0.167915340187796 -1.82353794814122 1.16834676005851 3.19597143563993 1.91232239994814 -4.26522498083861 -2.54733350279112 3.92856854766115 1.60463772192967 3.8771942649929 2.27680439272876 -1.15551578700589 -5.34697057738472 1.71810336987951 3.82695003088654 -0.0238400836084383 -1.05088871499604 -3.96509502480294 1.99794502641972 -3.90974915715888 -4.1500894000911 -2.66069254928644 -0.476489799622979 -2.10718346769751 -1.9350310459431 1.07727652859785 -4.28055775019445 -5.81331641503889 -0.58046020319462 -0.993410357548927 0.2284157462908 1.45250496294166 -4.44689318292959 -1.88930224401687 1.43215599718705 -1.51810552317109 -0.541451069639848 5.46824568729733
"766" 2.67928594584505 -0.66748653368203 -7.44869516546398 -1.86358150255766 -1.40628697159748 -0.116395172194101 -1.06775364868923 -0.61214537357678 1.30962314533737 2.10788558975375 -2.42505895428699 7.50359637562658 -1.5649814111256 3.30528789066201 -0.847550504633033 2.26048975074859 -4.17364250887835 2.52129897629122 -0.430641903373308 4.07949490090166 2.18577899005306 -4.46508230680726 0.0629248588917956 1.63267483097769 0.321792845732798 0.295784430446343 -5.85820273646446 -1.04409729503921 3.11270408455738 4.50201970391501 2.83057919051286 0.975268069968802 2.33080860614295 1.59651537467068 -0.573297678640136 -0.354405494500901 -2.26218297248116 -0.00909030381025712 1.30399842852154 0.374690611051281 2.18717479039539 -1.35796305253696 1.09443146525493 3.29631737624437 -1.41521841585673 1.27520046809565 -2.48275039019025 1.37474223504124 -1.35022486361774 0.00888474175599692
"767" 1.03740857061739 -1.14676127818003 -0.923191429922472 2.94531009887625 3.76326894808377 -0.318842641673988 1.88928523249612 -0.133253330042251 2.96190373540974 -0.576221415989658 4.00818209016265 -6.74871306150823 0.0840673873963949 1.4602588997466 -2.66830159810489 3.61985519713183 2.91457466712843 0.0464622522067859 0.690099852559997 -0.0518965306854369 -1.29023419089431 -0.375539692507991 1.32642282834727 5.34976089460681 0.111560877320037 2.37786502687563 -3.54820766976867 2.55255971133577 -2.49343498799485 -0.0180061649179964 -3.49768799199809 3.23047914992961 2.42230460048849 1.12284257633041 2.71004453618525 1.18124398801346 -0.468544499598949 -1.09125246071436 0.959976437364061 -1.09281716588886 1.06198415152899 2.75831954495046 -2.3904892722463 -1.12267228585809 2.29991829968987 -2.85719776004221 3.27397310872004 2.76397004268048 5.47091577505958 -2.9203436628514
"768" -5.39460450985665 3.9232919976445 -4.08092933941036 -0.6809873946142 1.0472351539706 5.45793357496523 -3.10348746535066 -4.06712584929007 0.760895518659454 5.10860045581814 4.16134358618674 -1.62569102066224 -0.260257367985574 -1.44500873876709 4.44548989458282 2.57045003661316 -3.47668866068557 -2.19951327738024 -3.84962277545441 -4.27381098842278 0.258119510759323 -0.672491538331476 -0.543259836451168 -0.501350700030624 -1.46274044459477 -0.487475207227802 2.72534799661427 -0.846544302870087 1.12814727586957 -2.78355475075442 6.71045516029029 -3.21626752296625 -0.0680213040051046 1.53611569292783 -2.41779177204155 0.572136392271249 -0.244016089013428 1.01813830329529 -1.39979653354221 -1.67792943441961 -2.53068049564945 0.66346708604562 0.129616959379547 -2.29682986875958 0.616221603665973 -5.74562759470725 -2.66025244760439 2.71974170710413 -0.326233777033509 -0.630346683905345
"769" -1.7043620009729 1.504770974543 1.36324094856693 6.45718477617932 2.59382014623463 -2.13688775147079 1.9695335463784 2.26696555805843 1.09681233689443 3.83018353677962 -1.77621141799574 -7.1987525077439 -5.2493367863833 -6.42870719730277 1.27787250351048 2.62870096151793 2.48461590589422 1.74944357235349 4.92056137831142 -1.43551687065396 -5.56234119690394 2.2442190026581 5.41082923576187 5.22945339009246 -6.37047565642083 -0.117390433213251 -4.13548234321581 3.83156584866247 2.91700844159068 1.229404945756 -0.946900271193512 0.30076640944941 2.45668229328202 2.4699657255974 -1.36751033325109 1.98961591454208 -3.34008540738275 -1.70846457862036 -0.227670730113551 -1.16088049170114 -6.14386502383503 -0.948209690790088 -2.09034164179119 -0.401932829856966 1.47623017653465 2.48594762876442 4.0514801454471 2.38389172168217 -2.55367926359512 -2.44960816677407
"770" -0.0033521382837204 3.31046179351771 -5.11473541398043 -5.4734457831688 -1.21494995975028 -2.09187622927641 -0.593364487479009 2.19020090076143 1.35315166162254 -2.35245201129151 -0.184793910196513 1.24072688170274 0.217889062539565 -0.00384339333772474 0.792195281459474 2.11868668133206 4.25938222634979 -2.23578540237545 3.352721005189 0.981946248914062 4.91898567896485 2.58169684637636 -4.33831790983508 -3.59954166469045 0.581674553041123 -4.75191267566954 -0.900419846140467 0.360979132039686 -1.85410835527981 -2.64101241899389 -2.64902000680452 -0.0868595940821192 0.122349144148221 5.74525662523732 1.12045443564705 5.6222761980953 0.190698874190127 3.82234775908144 2.68394480334916 1.14146781750256 -1.92648616993417 -2.91329729754613 -1.19545331234647 0.164361659356047 0.873730099415044 -1.30104237017625 -3.10557064285781 -0.109911835588003 -4.33213745978515 0.617288554629991
"771" -4.21604072941774 -4.33226801537456 3.6877569058761 0.00477963038968767 -4.02207993447678 -7.80414456466757 2.86390434573094 2.95174658916295 1.1943530001847 -0.889788250966858 -3.35523812189744 0.190460603680266 1.07862896783692 -4.1847246149376 -3.94124349964462 2.2148882671272 4.85531371411624 -2.20805738500645 -2.80025567656358 0.82574738550787 -2.05840928232686 -0.788320573702946 3.23195073473546 2.59037550054295 -1.20531627233065 -0.495054840175841 -0.443612798092655 -0.491846611734869 -2.45831091713724 1.73420842756789 2.46777612677577 5.30062683552945 0.227796150976946 -0.78162103910455 5.42883453570623 -2.03092453669874 2.07284336930718 -1.32992934944874 -5.58165805325116 2.60427711655486 0.396071900779636 -1.11591234237186 -2.00616448941784 -0.595753199451477 -1.66357146035353 0.401402363470593 -1.49065857163034 -0.421140410861054 0.878119145239124 -7.82763328829183
"772" -1.77084839697534 -2.27409682608015 6.69286438009987 3.16856628401758 -4.37497205629254 -5.87314925472496 0.269778326890968 -0.345155256082481 -1.57288022546537 -1.42837283306973 -3.12179012873501 3.07687443475827 -0.233394245166831 -3.85852810120356 -3.86066562654767 -0.60282887430144 -0.119502327769594 -0.093904679428079 -0.645032494369877 0.332820508503065 2.17272767817807 -5.25961022130505 -2.98002419041774 3.97130572719348 -5.20684799389703 -1.16826985259554 -3.73470960140009 3.71864589162577 2.18539450093261 -1.36834397293235 -3.83418929487069 1.17537397264454 -0.625852487664496 2.99997828236511 4.0243733013724 2.3588305255302 3.32474690364041 0.624903973656017 -2.44505927601848 0.349325481604396 -7.25855984222608 -2.84784449535517 -0.663689637916128 0.977242788890144 -2.48248791257041 0.57351917557512 -3.69116555711346 2.8412294634018 -4.74217761189243 0.43341939123384
"773" -1.0529332351321 2.13557802916164 -4.86689806733085 -1.97650475462109 1.4275692671709 3.68513896559637 -3.62479645456768 3.60284834254396 2.36665336952623 1.22506384555216 -1.98219157942886 0.893053704319339 2.78730297789926 -0.899181114477431 -0.0137501561961917 -0.0753513639558878 3.44499375776302 -5.82687202794071 0.947412653912399 3.99990902625533 2.21373834737247 -6.21271447204355 1.2864399357394 0.937789426972964 -0.835370637138198 3.96007507474886 2.72494273009146 2.19489206812194 0.63430009763187 -4.66039758750154 -1.95616727996043 1.03609446605788 -0.24141247237257 2.37991543762753 5.11752080610439 1.68338997648986 -1.49457438396175 -2.91843766177598 -3.14091770431872 -3.80635255917688 -0.055115518295951 0.572843860192786 4.07179223480482 4.21296082736069 1.8827160715504 -2.14582764424556 -4.93791788968393 2.21011806784232 2.98800791978515 0.911576695794989
"774" 2.3910062101888 2.98190450260117 -2.62829056001861 -4.07321554205984 0.228075890376241 -2.79631791030854 3.71873470002861 1.74822935471631 -2.77976986254577 -2.45994916005125 -1.70417108642936 -0.682051101140122 -1.93426799801289 -1.73593086380229 -0.703402882623828 -3.18938400693229 -1.13684948489861 3.23195972120035 4.53992876320164 -11.5550555805114 -3.44382174204481 4.4184633331452 5.47326668718675 6.76875827004685 3.35333215421704 5.28724002301875 -0.735182624551547 -0.560564707847795 -2.31517147156981 1.34744996388035 -1.08300020463104 -6.16178994700666 5.77023574512302 4.74261254674747 -0.139863431083137 0.454956331933115 -3.17749065856432 3.99420319081245 5.16956776352855 -2.35968155431898 -1.13458518532744 5.79650064535916 3.45056895195009 -3.18689853697428 3.30030138672643 2.30540790494737 -1.04157372669587 -2.82367090528362 2.41862263149796 3.09007643649033
"775" -3.49132199778028 5.59184445358391 3.61712113823194 2.06757201685754 1.40717416057157 1.80156563972885 -1.87289719770906 -2.98850344073449 2.35454929342022 3.4649519388738 3.98932320187792 2.18003045805291 3.99921690318487 -0.960476821395938 -5.15632859455445 0.499510709314903 -2.36196272121805 -1.62995595559805 1.54223737852378 1.95804008129776 -3.8720508310259 0.171108173547483 4.85270719275459 -2.56031410120699 -3.04216734938264 4.05456971961995 -4.41673846518124 -0.61607020893178 1.21703226869561 -1.51803105401797 6.0735333331882 1.66458821060301 -1.79476885700159 -0.149840624083287 -2.52024224667183 -2.01599994441544 1.0893990689877 -0.439971898571737 4.85360076010428 -2.90996171477752 3.2096993720708 0.325371444858465 -2.90160240230182 -1.92021925498067 1.12277593062129 -1.7965463683336 -0.275515031400986 -4.32633265475569 -1.33500001209044 7.62147961585615
"776" 2.11198073439669 -1.67792556848281 0.87669244690768 -7.88282158791407 -0.905920759574135 0.938754328081986 2.46998722506763 0.645182148974846 1.46140598065856 1.40279946120685 -1.31532061980482 -0.130206351459635 -1.09499804984817 -0.467121583520187 2.21181293621217 -1.12515375677918 -3.04036986043242 1.41883395284155 -3.18858304920627 -1.17129805670347 -4.67301862292975 -0.474341918597178 -4.3470635024225 -0.997998928426425 2.49972762970996 -1.22149014271492 -1.77261206182804 -2.02210717868925 3.91963331381035 5.94936632465238 3.69962199841188 0.367753933774889 2.42003482512697 -3.01512903042459 -0.957338667001003 -1.32350630458857 -0.0933791536500753 1.00180396429362 3.17141720275873 3.783634335885 2.02979379931281 1.40641394689202 0.344662725529066 -1.9412127435463 1.7722726694967 1.00647155160877 1.30530244835282 1.27012724247911 -0.776358583455244 -2.26843496511373
"777" -0.0996113069856518 -2.26961013480828 2.65796315290786 2.8264178236373 -0.312128497277807 2.14749446979326 -0.437711868232969 -0.641918124601804 -1.03553533022822 0.936021488673017 0.463435623917554 1.72556153870138 2.71258373306511 -0.524060453663872 -1.93932394476757 -1.67930891144683 -5.50258548153137 -0.499337848782471 -1.54516040776205 -0.431842402971721 -2.60564265351229 -0.47524680872475 0.378520753253081 1.39884746503373 4.55145984084925 0.774843399076254 4.53306799957776 -2.35695676349739 1.26747963976958 -3.74390924420718 6.44561824259812 -2.75428636003074 0.302589637418767 0.557828996690411 1.84805132776873 1.05065876334887 -0.214589280897419 -1.69277943564917 -2.88326135310793 1.38680689052248 0.554282457019512 -2.52859647585875 2.02440510286404 -0.777773898653959 0.170281940166605 5.10855324708787 1.5212258840088 -3.88613746979284 -1.54826501610156 1.82895402152626
"778" -1.51539568357938 6.17291132216723 -2.49648491286002 3.51697729418776 2.51499765566041 4.6150972389224 3.62521281452802 -2.61990135617977 -5.57381287344436 3.89428910730985 3.62094309140992 -3.17755242067734 1.57247195629724 -3.06098374694703 0.979747986070948 -4.55633814060106 1.43176259626577 -0.00558444283578899 1.33636668382804 -1.95063853875925 1.08417368321358 0.467812935921501 3.62662696840995 -0.930751350139147 1.68583966599592 1.02381790262168 -4.36056057502134 -0.712736925025014 2.05754717124526 2.53269256823012 1.68019088612371 2.18272285165671 0.626905757269431 0.322382471498144 -1.35548449593115 1.58089524978935 -4.22419896290079 2.73069243449986 6.8672378634567 3.76390434844567 0.926372103402494 -2.16196300186146 -3.04546720797264 -4.14868507201008 1.65425657073837 4.45829862251792 3.02769831885145 -1.56335277027235 0.281059059981466 3.61895786797389
"779" -0.121351456031473 0.328351220587722 3.67173194547428 -0.372115922824813 1.45299928363672 -0.466941705091315 -3.96012233565844 1.31744349889518 5.80266074164074 -5.17074695482358 1.13092793303208 0.924737427927395 -4.18968403210319 1.9602755302393 1.25699076793777 -3.36104909409915 -2.40820258017635 -0.97211263743174 0.539684995068275 2.01379339385988 2.79079520109863 -3.88024982503529 -7.05223970428345 0.889233452791674 -1.13966477633548 -1.58171526150614 -4.11471202742458 1.03285955396892 5.56750035255601 1.12905587121514 -1.80708255865641 -4.87499842634865 -1.60334380887214 1.98856542451711 -3.48805226417519 3.90302405172953 -3.94355448104915 -0.414169798993646 1.57542651668293 0.922624228502633 -0.583169026275873 5.90064637755748 -3.24041444175321 -3.82392727895529 -4.65667126149683 0.572440798800031 2.21490281911682 -0.548374924492246 3.41992606748848 -1.07622035867394
"780" -2.41643817798209 7.5867914221772 -2.16887969828958 -1.4273281083227 -0.0582065804727567 -0.709927307582849 -3.87343988295578 1.05736770764826 -1.32321815957512 -2.10488144455968 -4.11218379622489 1.05818953874812 -3.19479951062827 -3.70553135101209 -1.76559034883273 -2.19995750709458 0.29984509243122 7.61209536872068 -2.24065765380068 -2.27633466506723 -2.35043480637944 -3.09529089710979 0.233253447343122 -0.685986040446844 2.16903723653657 1.47521526955485 1.34570888895447 -0.652527252445919 -0.00512803507816796 -0.10207858073289 -4.62084047209794 1.10329787772036 -1.60715083151113 4.50200703629132 1.54711078437318 5.94848425326494 2.87351274335466 -0.491788213821562 -3.6926185227671 -1.91692068909306 -2.89940964191347 -0.280719709081223 -1.25255856922278 -1.93415339952062 -0.636973695290894 -2.49135725970625 0.484501547564818 6.05819877308846 -0.98003973138881 -4.45174052012117
"781" -0.0317959348850293 -3.62658061104822 2.27882927624316 -3.02940736081543 -4.82968531272087 0.325660839384418 -2.57941257172763 -3.28225968226277 0.0343324674806316 2.34595495754324 0.971865837692324 6.01309134909074 1.16853516260322 -1.03161219729105 0.417477948239473 -0.051823449605057 -2.80026504733104 0.176518830544454 0.780031963970599 -1.64331024411836 0.577633224516497 4.25610669148262 -0.665674732051533 -4.04915469186506 2.44481115938305 -0.480929610692052 0.0165620027650125 -1.06555819377107 -1.97530598154011 -3.7024616584837 1.51197850690277 -2.45875574195705 1.94098689002319 -0.0794493004677766 -2.15531954412598 -1.78030099356854 1.47394477845612 -0.566027099188056 0.394093256444174 -4.59549986781539 4.53047007102726 2.14799255708646 3.53028189720625 0.404574579779797 2.26695822324017 5.57258017143113 -1.2563385200709 -4.13814315174167 -6.99127230343254 -1.20217012033025
"782" 4.83123968989499 2.29561082814523 0.50043823903008 0.146613850583055 0.0041885552234131 1.63531968080214 0.676028935565725 -0.892255290822678 1.01822798370883 1.51648876375886 -0.139836059140476 3.35915059111695 -3.09635202242145 0.103469356684051 2.10219831579275 -0.555327340510883 -5.32711657150566 1.95459657962261 -4.63594092457247 -1.89439876885209 2.9475839490884 -2.7617531108914 -1.22110206376278 1.15193757455171 -0.517915081698098 -0.733939021280518 0.635519902336016 1.03002467897011 1.50294986376552 0.502018949444062 -0.312092907508373 0.00562001929680578 0.79462002932043 0.93043760418267 -3.14376070111283 3.15865973402712 -0.149319005738841 -1.829212748653 1.72296248581658 0.601399463838527 2.20781466132995 -3.58886631061706 -4.0804071532157 -1.07033840247652 4.53641829799229 -1.14396473715672 -3.47111210968581 -0.24311415647454 2.14701828887515 -0.155644500143598
"783" -2.58771462002883 3.21596417069115 1.69318324523091 1.79152040460806 2.29380055361937 -3.72298593369135 -4.30474876344438 -2.94746152663736 0.25961056523072 -2.40467747896051 -1.36068801534077 1.52536293885323 -2.32909251348804 -2.71308182274378 2.39269364212175 -5.4523939393445 -3.30139253104886 1.14702671175251 -0.542400314638358 -6.07785092075019 -2.02140317813698 -4.22326020818509 0.38942633084147 1.67975358365957 2.02112570259544 -3.79349877491864 5.72258534334614 -2.50940735222391 -4.19532179944097 2.58603754596766 1.5519150833076 -5.71699462974363 -0.559307289553971 6.10932055573629 1.34487665151983 4.25207737361352 2.00879061036221 1.34369432649008 1.6046944219408 4.95611690461676 -2.15697076047364 1.41436770377057 1.30417669003943 4.80985477631218 2.04045157637792 -1.6457720964991 -5.11990124694025 3.18290733461496 1.06021108612709 2.82483645803793
"784" -3.73881368379332 1.02357220761808 1.59858655126172 0.490875620077739 -2.05423247510229 0.499527500795833 0.924659546164896 -6.89623181908429 -0.418456561612661 1.85575480764916 -0.226143202716887 3.14788510846825 -1.98159561757505 1.95698686379102 2.3680510223022 2.04873692071881 0.394302853340543 3.49178070322946 -1.11302118119759 -1.53732538473406 -2.54719543350968 1.35599256700915 -2.33819796823372 0.229398916426929 -1.81278034469555 -2.20845111524624 0.813181024106067 1.45861913320454 0.902843288013862 5.32257299141313 -4.7950338295228 -0.487167123764498 1.66199798763194 -0.883560928889573 1.32523708678578 6.02824741466914 0.402221191348792 -0.374082619993747 4.2368237867637 3.83993791404997 -3.97863091528651 1.80231615815892 -1.16381030916427 -2.05690067214268 2.75025166250638 -1.02878221057505 6.15289199333503 4.78678567685645 3.67537991325321 -6.02605072187495
"785" -2.58522410786963 0.672859550777359 -0.389189674854566 0.0315266987006091 -1.02960057127235 -0.998238368850381 0.291656038955619 -1.84142765035027 3.13650791131918 -2.51066106864071 -0.235491432068154 -3.47506537751288 -0.119330367941633 0.508897132700506 1.58570924871949 2.39943899240168 0.979684357006472 -1.89846478970375 2.64724030336177 -2.62846130036443 -0.256794650730755 -0.0963374648513807 -2.47801715612772 2.62488572445688 2.03346525404593 -1.78792917449658 0.344313096159771 -2.45663521625404 -2.98030158682583 -2.47857230662462 2.11324194668644 -1.52248951547743 0.225742808975258 2.79564225978955 1.21768594072678 -2.43826863029545 -7.56267015171537 -2.55095480042428 -4.20408275745123 2.10753969388067 0.796041407219241 -1.37275415548922 3.35848889149326 -3.85081738089188 3.96412265527567 4.5379907123899 0.12259555104019 -7.13544631039188 5.00948330689001 -3.93664389912358
"786" 5.00330007700177 -1.62994588127487 4.41041614837167 1.62701556489571 -1.55372928847017 -3.2925903618817 -2.51982425188802 4.72570637667924 0.328194408459605 -7.8804025276674 -0.779842832253171 1.20203584286506 -1.45629903786099 1.52866079679715 -0.295261078989315 -4.84011815791356 -1.38240580548859 2.12323287271767 -2.79806234417273 -0.912625155441681 1.32655335359654 6.24260526395689 2.52184460419327 5.14076847855921 -0.469136115316913 0.131186691839254 0.300224030499582 2.58231766262465 0.267462597013202 -0.600948812979443 5.24249572421681 -4.54513833947607 2.65413796864508 -0.0381093915498598 -2.74179911528637 -4.81276308357623 -2.20213682691978 0.689634975482492 -1.66472617159399 -1.33356290940164 2.87289968212837 -0.678433955411766 0.22034519761722 -3.27929581974935 -0.247194452184626 3.28413350328387 -1.3308260390306 -3.25418231638452 4.08887487388177 -0.880443700119686
"787" 5.59252874712438 -0.780721088852701 -2.53277083732617 -5.1912851853203 -4.09404995237192 -3.76724532229312 0.423266832650237 0.69071819551297 -0.959223389728082 -3.59473024801145 -2.05045557325352 -0.186447835018683 -2.50426343937736 1.70891172948789 -2.65836230861474 -2.87603061974589 -5.97265724459448 1.79148605011363 -3.08378003755674 1.82469742582487 6.02415327829057 5.16588563259002 -0.626813241176209 -4.13038072946423 1.78635067838113 -1.4341176213786 -8.42735455582842 -0.439628760420362 2.31330338747075 2.38939242270187 1.54184135884498 3.24718336047479 -0.964053518044593 -0.565930155764964 -4.32619936476685 -0.545139881692615 -3.68923442684887 2.8452691242654 -1.45789587031921 2.4860601309053 -3.91010796108817 0.335637034652109 -3.38495878964077 1.52707796722488 -1.46403903732796 -7.05214260426753 -2.70115984318561 -2.36844366526522 0.129673671515778 -4.12367686248612
"788" 5.53995485432045 -4.60046281351656 -2.5186419763235 0.705706149110823 4.21626237180603 0.614550512167829 -0.129631889334434 -0.508565607956386 3.80101898361975 1.9532492861661 1.37989975531075 -1.82011276139359 1.19715281964921 4.67440251357977 4.01674778100408 -3.32604905485657 -1.71698848499957 2.92523922362197 -2.49131611083063 1.87648659867412 -1.15899087352237 -2.54755663806275 -0.0473271354214517 -4.50744820673 0.197650630332694 -1.14331022567555 5.94032435463907 5.8146522754259 3.031646580919 0.907202521423446 3.67362266915965 -6.75131452609382 -1.4096335672363 7.8889696711911 -5.91976926340269 -0.461748244140918 3.38583044185293 -1.56599275183292 0.347777838447069 0.599895728368869 -5.85935891133079 2.82411256850103 -0.231873721207426 -4.54962714917048 5.15137505958575 2.8718927807932 2.0304072220902 4.44276878048974 0.633340979672189 2.77546436602854
"789" 2.59860378956199 0.931093862453832 1.43720508436599 -3.39896517935227 4.00931859582829 0.275852040602009 0.0697010873995419 1.64673622086734 0.65772837878316 -3.37166358906429 -0.366488193007104 0.952509109236225 4.95728335802896 -0.290915099850696 1.3411812212471 -2.64730188197777 -3.62955180746585 -9.18346361109137 3.50932553280579 0.724164824729602 -0.30740679866015 -0.426250381743873 -3.68370886147822 2.12416350305119 -1.88082854019692 0.812232999055643 -0.554034183693727 -0.983709392015386 -1.93616251675798 -2.66492954489781 -1.40243356145044 3.50131866524113 -4.51996035611652 -0.849738333961666 -0.190941892145502 0.826369791008658 2.45311609206906 3.76295116965123 -1.15470034225545 1.72499388013249 3.82729474775355 0.000402771321796019 -3.3076761626154 1.6608032137917 0.869304964532182 -1.88237954215432 0.745488891613657 2.99559295429694 0.261511120344442 1.88388322882709
"790" 1.98924610559321 -0.665423410173967 4.18277170371041 -7.76533337749803 -2.75290910308001 -0.838056278154878 2.12263794990009 -0.73644195627823 -2.42146604427779 -1.05646952564752 -2.06134018270727 3.60386034768629 -0.0698639889890481 2.46315931520212 1.02120382227103 -0.592079061822959 -1.18000182480915 -4.23206552386639 0.607289139173277 -1.86561121306661 0.786452548321736 -5.84655923135614 -3.69058103988529 3.85504459823479 2.51801080662441 -5.42627325214737 -4.17482375131181 -0.430895094979799 -2.62053747327601 -3.66244151182656 1.9496851702268 1.88461161815127 1.08979027396894 1.27248197577496 0.981646809232168 -1.39840700054367 2.96918233901084 1.70342969006781 -2.29114868042833 1.1685119164184 -1.35075881080167 -3.78538704300133 1.09349648615075 -1.37279239340985 3.39752872064603 -4.17222441789293 -4.18368333005821 1.98889107926497 0.478965336041222 2.58720201057061
"791" 3.11660288957811 2.04990046688918 -0.157488250222172 -1.84022512697337 0.27841067455368 0.702740130359041 2.17779722835332 -0.226924980610695 -3.24476289223107 -1.2545936341975 -1.97133474732392 -1.98711385711006 1.57207949475595 -2.12466536002409 -1.26959626105816 4.14623295999379 1.93143615224859 1.91144704958923 -0.568924936369173 -3.86251208536072 -1.39198851298463 -6.25728623772793 -0.703785928466149 5.02149245747175 3.61065316825299 -0.052919455319792 1.48936451173953 -2.32552810296958 0.772662791006247 -0.392301389441228 -4.49441141231682 -0.13428021486245 -5.77570340234403 -4.3177759962029 -1.74241931488415 2.02469352307576 -1.29727729756561 0.404245038735168 -0.70632755797122 -2.71544982893811 -2.9615920221289 -4.41951986922285 -1.18512031025253 1.79328274637182 -0.0752649942468424 -2.7158080932297 3.46573695781323 -0.54688636000392 -6.89265330067975 -1.77048893325079
"792" -6.3418201395856 4.96058988678877 -2.57472946504139 2.65889756711318 -2.47172791750032 2.88667559693184 -0.864665827308824 0.0978799630151358 -5.75296501598044 4.48348163607012 3.28653983010308 -3.61904172745832 5.18805154330205 -5.26300656999531 3.09360364236937 -0.0993168023391416 3.82421419574285 -3.94440515781638 3.79905323889411 -2.08653981729782 3.1480141456155 -2.48826407762467 2.83427223127931 -0.072805634311137 -0.347496293393339 1.41377988770313 -0.384284341761623 -2.08767918540574 3.69018123859381 -0.69862911244718 -1.27130588759694 0.500891977646834 -4.34694940474612 -0.965705122929983 2.2502252357766 -0.811445529494522 -6.03462425826572 -1.23611313696278 -1.91764315391151 0.799555554988557 -2.5481673603809 3.34368339767645 2.62965218024529 -0.164599316022998 0.301487817072867 2.77435568808798 0.730024621836373 3.54072443238099 6.6211422850009 1.11664054343089
"793" 0.042636244463791 3.10996228152756 -2.79017652864075 -1.56721099422321 -0.997727900838366 -4.12419384251215 0.73159124439603 4.33848995662783 4.10096948139016 0.338749330275055 4.70756425131503 -3.13544460914137 0.231326726147876 0.36897969773293 -0.151762411071903 -1.11011839794055 1.84467818533438 0.856290020660959 2.1081714326286 -1.51525811079053 0.236922810258267 5.59654051955706 1.43282092636913 0.0550820159347297 -2.52272873817038 -0.575406861919588 -2.8629918664717 0.544879392525541 2.32820449400739 3.36834374387957 4.37105068937317 2.8978064313802 6.537780460383 -0.437487359873348 -2.17947823490542 -1.00055568892515 -2.14936358225197 -0.371044115804206 4.68552958316547 0.0741587577460021 0.928597105895081 -4.60616076914873 -5.50509503600824 -0.785181361552793 4.43330194986552 3.97969216245495 0.893783835897257 2.34937411149523 -7.73221925708573 -0.996582256664411
"794" 2.26086322665151 0.301104422056793 -0.550985629752463 -5.71014392055132 -0.0498062805508736 0.573411410975312 -3.04177527343477 3.67960143859407 0.549997946539045 -0.902120697667433 -0.318260440396823 -0.196359142949518 3.13466362780005 -4.96178827958963 -2.70029566910642 -1.095707284355 -1.4680899212162 -9.39983548672625 0.22903816317179 5.38781680359029 0.991494812077057 5.54154346146268 -1.80196981717185 -1.45582748350765 -2.45249750735172 1.91387625566113 -2.80709539060254 4.13251211040597 1.706409681415 -3.18041696893326 4.45432040724559 0.670858314124949 -4.02444331705446 -2.21749924924842 -2.06521270152312 -6.98233399264107 0.50073445922056 -4.76247783468606 1.49397183799425 5.37381480382103 0.773787385722264 2.10736247021226 1.75872773384634 -1.84184978943933 -3.81721845586574 11.7666607692638 3.07572612635554 -1.265065888949 2.05458591358369 2.63011520089185
"795" 3.28823307156215 2.38735826396929 -0.0441643089365534 1.80888672493718 6.51813538952663 1.21976539919212 2.88451772959758 2.66123558622092 0.232703271273875 3.15173140749531 7.95013259194902 -0.56474422698677 2.12628368540392 -3.01225865619633 2.44959969261169 0.260886948802687 4.17413585889412 -8.57994621871823 6.11370387366993 0.414259519577581 3.09228174991297 2.38387690387735 1.9539095368032 1.69500707977687 -8.43389683649956 2.75670825289106 -2.6548047627215 5.065232698985 2.4089450821623 0.994600005976949 -2.4954978382767 0.453872092871879 2.7801786335192 -4.03894943185426 -0.295637420676022 -0.0783538465965001 5.99185475053524 0.863326258298162 4.02302666970762 -0.107487433821583 2.34908730986864 3.07737484729196 -0.667174124464881 3.34602176561143 -3.86627959262175 -2.10981927804293 0.106629908247233 5.43176137760527 0.0250885732713963 -1.91844541195418
"796" -0.988363760227243 -5.44506383591701 5.07684660445997 -2.42221102268181 -0.3059954220511 -3.18856482737166 -0.147519049961544 -0.884782667861309 -1.05854738899976 0.341016340534533 2.17047425063071 6.55169362642863 0.38263946180587 1.21767228899915 0.591887122212038 2.22360063134398 -0.103984290089744 2.06261266583202 2.14157185514397 -2.48979563384851 -1.66457774281362 4.04075492257835 -0.336190662132074 1.01920066890376 1.97173931824483 3.44512329503629 5.45073309575117 -2.94100986908999 2.23906123990602 -1.62353308703905 -1.9249298692569 -0.969484014987919 6.39990490571598 -6.52932481494826 5.7816774455718 0.325515706092777 -5.18564935459233 1.00919434774978 0.171131201867618 -0.924585854728686 0.650719816395884 3.37809367348055 7.73317019513878 1.09882370228374 4.50793700683334 5.37170324881725 3.30717856393141 -0.874364985343605 1.65797307466439 4.51644312239251
"797" 0.61017466525825 3.17983673848915 -1.83123068079989 1.54760369786188 2.47814424000802 -3.95401278731534 4.43616926465164 -3.53395774628247 -3.31611925945769 2.03530456176763 4.15081798205567 -1.38316545443046 -1.39018116392776 -2.79939795434008 -0.656959024110985 -0.196287424679362 -7.00485224001411 4.68143796281822 1.92644228050817 -3.64721388770974 -0.141288705115914 -0.717565372369125 -1.98336659397439 -3.11664834184707 5.77477750012594 -2.01150558119485 -3.34184792974834 -4.32813369194266 -2.08126131258532 -1.23074722958118 -2.32398829565278 2.06496679570176 -4.0084066232714 -2.67427771172579 3.68021533511315 -0.884119744520461 -2.57214909273043 2.85514163684106 2.13210704846766 -0.6180390232842 0.0539641270604296 -3.10458415484312 1.70753101634478 1.75939277717149 2.82488834119244 5.80593787719179 6.1391125694188 -5.1282722176468 -1.2695445507617 2.63324557504341
"798" -1.52852310228916 -0.189918622313696 -0.715923410788978 2.32928847669612 -0.904638498976668 -1.62689505806817 0.330644397476258 2.72912285824683 2.23895397403243 2.62190374902869 2.15028365038896 -0.819949930867906 -6.40857564933089 -1.16331220555568 -0.256134223511138 -3.52247709130503 -3.22539891094619 12.9791764812143 -2.30691374881324 -2.76979672152942 6.93948723871064 -1.24555846159599 1.52482260874357 -3.03945363349655 3.66054991931828 -2.90773953161156 2.45925820907601 -2.24808416686967 0.383513087976489 -4.78442359326232 -1.38096530450356 1.85465492906184 2.81464440205985 -3.23958563277204 1.60674954588587 1.78747835427009 2.81876731269371 -1.16924033005918 -1.13627888387729 2.41509992161616 -4.9330474656967 -6.31032865250987 5.2507963234368 0.459660007083835 2.66561313741527 -2.33500981377915 -2.21450622951946 0.388571888670476 -3.30672677161655 -2.10694026371627
"799" 4.09545897678591 -3.67011741466291 -2.37850292822771 -2.79445725228213 0.565895512693654 -2.44554280260133 7.78973678361648 0.869397977569919 6.34800184685112 0.606471131949056 0.362343311693877 -0.432626761872644 -3.75180193060557 -4.05066012912003 1.90143101218554 -2.00031673233371 -6.32690754373405 -3.12671289513219 -0.843980177137604 -2.20243924853146 -3.51285448556864 0.929697812410863 -2.50349916337364 0.182286050703838 -0.260140798532934 0.715941737848257 -2.22870304115611 -4.53495956178154 -1.09274173775907 -0.244010530584751 2.6444024475547 3.9207550086883 2.47878143241176 -0.916169785896682 3.71317983557798 2.92805960033401 0.465177397842633 -2.0474227757174 1.1649599020275 -0.570167602755695 2.50299181725471 0.686648878169711 1.91810296126488 -0.82086257691039 2.18580290256912 1.50399706160765 0.669674787658596 -0.721180707046525 -0.107872916922104 3.34060998173918
"800" 2.52587667599261 2.9282364257156 -0.959919102449495 -4.45592332677539 -3.61533165975747 0.876639270417469 1.3886233397521 -5.46275551045801 -1.04184332755304 2.28587141281142 -0.118454266484314 1.81883613255217 2.39634710680682 3.49564077648373 0.765124820009212 -0.68351044624509 -4.2150325334182 1.60927488525849 -1.15952399241461 -3.49588042554994 -2.95590949290429 2.27339024177384 -1.03623812228281 -3.70557543777753 3.83084932084761 -0.217397806029268 3.46112018603971 -1.88342315727819 -1.99941253211471 0.177271307133033 0.552445457709834 6.20282635352483 3.17740331026575 -4.88530253418271 2.26457053971839 -8.3950200650128 0.626479038034847 2.81100083741565 -0.373125758117905 4.98936063676198 4.7537046101096 0.202347517615373 -0.697567191880354 6.32205130193258 2.81972296590614 -3.90943112617723 -0.951339494788068 -2.24195316440198 8.61915607299064 3.83538954703706
"801" 0.914264972076693 6.71882320513861 -3.17239697817132 -0.1897681759553 1.65431216083814 3.19782010671092 3.64781243726383 2.67091057874064 -2.2621310578593 -1.37012297770862 4.99351110983791 0.686680177612425 1.16842658850389 4.86624090598236 -1.25891918388371 3.71718589672082 11.594829000829 -2.49429384634552 3.66095982445838 2.90032029837666 -2.74262063793591 -0.243053222283366 8.95887684750714 3.9982955222059 -1.10028734980073 -0.666862395735311 -2.05264634843078 -1.37515371846644 1.10232708571008 0.216698410263673 4.07412697859374 -3.87749803244864 1.12037809426113 -3.41786953258675 -0.398059313292467 0.100691242386307 -1.98001261594857 4.86683553362657 3.77350836102468 -3.37652525820987 3.42513371784051 1.91297718104506 1.2037200849609 -0.692907836206968 4.55131807580485 -2.42935798014112 -2.39035878875352 3.77847362976387 -1.25171878437254 7.87305227196085
"802" -1.16690714212489 -2.38723839082504 -3.27346587811164 0.220817491752949 -1.2936439072648 2.921647255053 -4.66248549620091 -6.43307742791072 -5.6026671781813 3.08419477954717 -2.40620866804862 -0.476798433866909 4.44664401604275 1.17310954767013 1.35642699983477 0.927435559555337 -0.0919242858726623 3.87728617315573 2.56790697267449 -0.0771907241102146 -6.44994835200547 -1.12785849875334 5.72338771986124 0.350304977944285 0.484440670264658 -0.434388667584867 0.0806401451301852 -1.19085529869721 1.58639305329841 2.08075118601016 1.77568362550106 0.439777143023485 1.70514316225219 -0.354525011628655 1.71236317318528 0.315483901299866 -1.36047967091331 2.46865521863119 -2.74219891376545 -2.25931410349033 1.97893566834295 1.69798069382136 -1.49700063184164 -1.99546564846964 0.744915693852548 -0.0671748299578903 0.290049506953356 -1.68911536374014 2.07099596891945 1.40854482856689
"803" 0.735286628719708 -2.42469038739086 0.55385737051272 -5.86627679787638 -1.72922886672084 -3.31031475592468 -4.55122828687639 2.21474875255751 -0.53947231586235 -5.26178642212005 0.368527358366652 0.976929656623768 -0.140739170194255 -0.773994862950528 1.16200209805567 -4.35707897727785 -1.05660169660472 1.21403456887507 3.02883377987943 -6.3156875919534 1.41388005286876 3.29603717187077 -1.62398134609505 -0.224843627590399 -0.344350802008696 -2.63734224834954 -1.68366417986072 7.3879183085036 -0.519270098621076 0.806001116727861 -6.00870271891394 3.94957106879611 0.797056491084012 5.30210070074674 0.613119937492358 3.15027422513134 6.23867409433856 -6.35958965179014 1.02285931460628 -0.631643100451375 0.631238345864589 7.17486551600608 0.580794395694224 -0.671490861855336 -2.08534849702359 0.967159075104782 -0.880874648740841 4.90880951394948 2.05639428221045 1.97163818298983
"804" -1.93854181524512 1.94973662277196 -2.91098262964507 6.05836850893961 -0.207933670260879 -3.82894819061564 -2.77594056197319 -3.95900792633862 1.5147243856819 -2.51364897137823 -0.991595747411874 -0.486397147538878 -5.57913966939387 3.53498067205815 1.08832410647789 -3.30329431944179 -2.01164741545709 7.8586542698801 1.97199625946112 -3.21238688056732 -2.01733081360819 2.32264206384011 -0.869373991659884 -5.11405292025959 4.18458887564156 1.24634880324272 0.526239875059763 -4.10950120580381 1.43563082744063 -1.48154358221214 0.659841669826903 2.5812051732878 4.62673035941503 1.62271512749426 -2.23286294163544 3.06605405457929 0.425502065706687 -3.46629451595906 -3.28721779404503 1.5006951345842 -0.578964888056247 1.22080304242513 4.34951800141314 -4.4252535419416 -6.20931782538633 -6.95028522163839 -3.89480649498974 -0.305705408015745 1.15891990133729 1.3462738530848
"805" -0.676287008590633 0.130079100291776 -2.20100912584637 -0.686521006437573 3.4253988759677 5.18301989144539 2.37901659398522 -3.20484453072186 0.498172843161938 4.78105646723212 -4.16068803613988 0.277959945996695 -3.73792964787752 0.282812170860575 -2.02063900342144 3.31121259068527 -1.15501978264891 0.00839822372021399 -0.59711525527984 3.44832395450245 -3.39672859166321 -0.10091986794668 -0.418314898381247 1.26521466744473 4.70688404451776 -3.90660467068515 -1.24982203303024 0.224517955950553 3.36287465223953 1.94035155837773 4.53022995221505 1.86368487324917 4.2830014648531 0.266588312658038 3.69762081356394 2.45290203903907 1.49229828599374 1.34921010642445 3.9516758290368 8.68104708695363 0.407955458112361 2.74197703070572 -0.403590531511323 -1.86412915507763 1.16062721743985 0.388009615367996 1.82550668122231 4.51986445103177 -1.2967056804656 1.2473964955665
"806" -5.49414330373546 -1.55768855712794 1.39884364469777 -0.926000556006654 0.226647793333372 0.0478279515414901 1.59541334285984 5.91608558448279 -0.000183537259825534 2.20539031365163 -0.373357412258273 -1.60969053361918 -2.94799570137307 -0.755368757345829 3.71851606880197 0.470130255382895 0.00565557586820657 2.84013073234975 -0.231848864419406 2.9032333773762 3.51217212149323 5.95922215607842 1.24701802593341 -2.93912266320021 -1.42392893361098 -4.0170207764955 -2.27434505881473 5.12618109666182 -3.73421802377201 -1.03234190629829 -2.53757167442534 6.15429067091479 -1.9606314683076 -5.32625072057278 -2.40163105838651 -0.630164873829308 4.48648782041775 -2.51746907178701 -0.720629445561259 -5.27875384491322 2.1004312989258 -1.11006673761359 0.195482049832469 -1.33532235326579 1.15935842348996 0.0300779539980744 3.01886547494275 -0.834514562834018 1.67032112410629 3.46415460271084
"807" 1.03920075414981 -7.64151877946245 5.58383097457376 -0.0804845728043874 1.9504795346572 -0.623832386284979 2.87217764535356 3.82010401017082 2.07766767767116 -0.704581997342341 -1.82793383619869 0.189091081205523 -2.74837807114246 0.77815571163804 -0.60471370181258 1.97283155002241 -5.64807259656057 3.81103202513094 -2.97331574451112 0.847466821916597 -0.0613169532428686 -0.379751069403749 5.10109006932665 0.431227195609035 5.87338655911751 1.01769196079118 -2.2607644132997 -3.88499825513911 4.64186430533134 0.622727213495546 -1.0569090280084 -3.99503200787632 0.287370578399417 -1.41338009129035 -2.77959130212299 -0.688162324515217 -2.88569635838895 5.17373042408699 -2.31331083288353 -0.446650445615759 -2.38613541302434 0.164781278275212 1.88468717948603 0.49320838402158 -1.67957897843093 1.34449304682116 -0.24827094049189 -2.55134886213583 -2.61773289591128 1.68400838194357
"808" -4.81586263794952 0.554345630142019 -2.54721680404888 -3.44671880221052 2.87622066808574 -0.209036134895482 -4.36756115900722 2.77564001724907 0.0609086889958474 -2.03436993888937 -0.251343090671445 3.93816180865184 0.180665439014969 -3.08525353504316 4.25298842135709 -2.23780403596739 -3.25762335451208 1.38539562042788 -1.1780348540371 -4.06600942009787 0.0657504622080781 -5.32187885104177 -1.18326937083623 1.53717065569585 6.45678115533205 -1.69322479594233 -1.57373017373033 0.148151133834735 2.57251001428544 2.98777623422157 -1.48134566775331 1.01159794126572 3.05162540296263 2.30841411588167 -1.24949706001296 2.54546681774931 1.27578345508125 -2.52494793058522 0.754726015943778 -4.93955688048945 3.81863548122999 -0.726027403319762 -4.74791544919216 0.062875344826485 -3.59178968562138 0.690677851064605 3.25621346323311 -3.39146668264485 -2.61028187338568 -1.08475790098681
"809" 1.00059075048146 1.31614086613703 -4.50379299531722 0.0385915260045905 -2.07642494727116 -1.64892061520443 -0.10041711714542 1.2953274507928 1.32498108434015 -2.30695255127936 -3.76043267930442 -3.32345862436799 0.258201981930486 -3.58691681124014 2.54941295783939 1.82592433033547 2.51094124062939 -0.608873006105172 -4.82088996087003 -0.45734683114499 0.915481101481398 0.0848956739022181 -1.13675190101833 -3.86744309773615 0.0521565499816182 -0.272589308687788 -2.75388997581964 0.244029775122817 -0.736114178862273 -5.91126111431292 2.76064657773954 -3.34575664209492 -2.25247955220692 5.45932599811511 -2.84225988204461 4.46242995804827 4.19039748705282 -2.6634956990368 4.4263532028047 -1.02797200385352 2.18837837515151 1.8839723437779 0.449300254371081 -4.25494473215539 -2.56122024290691 3.12417567933783 3.88809812826363 6.02455512538307 3.73443960597754 2.15059348450576
"810" 0.568333727729185 1.102470866025 5.45441997595286 -2.72421723294944 0.925418080792605 -2.45313816986085 0.791367433362016 -0.686827863827926 -4.75808921078459 -4.99092770401373 1.81237656405544 -0.267795032104888 3.54859018058272 4.23265994122977 4.18464423098272 0.157720838120387 1.64287437779824 -1.02814332787876 -1.87047352297239 -2.01879479794981 4.8941722997736 -3.38317077114801 1.13065022300418 -1.59322588528511 -3.56438077226046 -1.43728348507779 2.66593659769113 -3.10140607746244 2.67844871942749 6.22062490023715 -7.67957600194274 0.615972395967317 -1.81551693677663 -3.9826488184217 0.226890423755874 7.66303634323051 2.60493085809776 5.69403051512165 -6.2523377466902 -2.77932269657869 -1.55293417717424 -0.457116391953933 -1.68865639272157 4.21237897996315 -6.86198609965198 -7.42328438106916 1.35966032644612 1.47472860470589 -3.85135245807408 -2.08788385829862
"811" 1.02643978198702 -0.80989025163516 -1.68731866731633 0.57869951011096 -2.51230643918677 1.1668938552183 -2.0051388237821 -1.66884629429067 2.63699387150314 2.92027653535323 0.143759428279008 -6.66274439419469 2.16035732559175 -1.57266245964712 -1.19785409194292 2.72923973949986 2.24628464191413 2.31373773232394 -1.21941076877807 -7.50353876381401 0.463404918302818 1.42123995336026 -5.21876148066259 -1.78828712642381 3.21972418239301 -1.2763750833727 3.84478965747805 -3.11319861413973 -0.773286735214846 -5.72146286532121 -2.75476555730902 -8.29121850681114 -1.93605136640658 4.15199671873868 -3.2563540558968 2.63934951494265 -0.215785162253969 1.39015728407408 -0.550752184645441 0.235333488426395 -1.38887778675205 1.208032558504 -0.490833649480583 -4.69194487983366 -3.42280487882859 -1.27240152956851 -2.07606207954065 1.76041227110129 0.726737138138927 -3.74983345792869
"812" 1.58631868233409 1.84522773230397 0.707572747227893 -0.54864460653789 0.235320620217737 4.60514875444581 -1.61019792668537 3.09219892674037 -2.012036841198 -2.6685018779934 0.522132846131262 1.4598788263071 -0.429448829837872 1.5019343342621 1.66384803055025 -2.61884204659063 -0.825583051127482 -0.516163012331415 1.49829150948467 2.52982762977685 1.2606304013703 -0.912105427558344 -1.71310342040206 0.631530617183438 2.27162264861558 -2.2522463797278 0.230572296273742 -0.178321093229918 -1.14327136201132 1.91046888764643 -0.259207058868349 -1.44480134484158 0.712661040085747 -3.19597783771262 -1.34309691261038 1.15952347479764 -5.94851364835699 2.57035754426366 -5.47576284113292 -4.33535559497558 0.555275892552351 0.973750056203498 1.32007277638915 -2.82704084819768 -2.1145881796488 -8.76964587920065 -5.82207438599126 -6.15591787512049 2.30452935830381 -1.62772975398398
"813" -2.61356866273731 1.10887663282941 1.9283231279607 -2.99509388380939 -2.75672056038811 -2.26140169007396 2.64472124753775 2.08479471850364 0.600892804767329 -4.65161876965472 -2.02488725159418 -3.01471619028626 3.32046684315726 2.79103943228741 -2.86586220781973 1.37473522577887 4.96807743876822 0.103506208199118 -0.749958108548487 1.65964308551275 1.77689466404358 3.33341790255319 1.41444188325859 1.72922856004835 -3.79301890382552 5.85233455240596 -1.13691999466997 3.48933968131088 -6.61274333237971 1.32582765480034 -8.73468812988209 5.0368111578622 0.103412265721109 -1.65949533237466 -2.57219703319962 -0.916926044972373 6.85250073590454 1.15127079670088 0.42465913642833 -2.95970619513976 -2.44495534483136 2.43843792724417 -1.68640055324122 0.385635146148254 3.89635170295099 -2.69007888540654 5.59305041158123 3.81349981402905 -2.70375390128343 3.1440648561962
"814" -4.66550131820911 0.45131095369945 4.52443944927817 3.08998401066377 -2.71204498454203 1.4079111329111 -4.48579073166277 -0.56799765461591 2.33170874606101 -2.79237953590105 -0.0652416550011552 -1.62426788316157 -3.6584680915261 3.80080303746011 0.25627270876885 -0.563933630369313 -4.29390048137699 2.65289794908838 -1.21556437605624 1.03848326092999 2.21644894976849 1.23139163299329 3.48841560807044 0.814692297239322 -5.448143381492 2.29683574017185 -0.788071835873038 -0.201034742772763 2.64470794800294 8.7368283467272 2.6412791070491 -2.12621015962592 -0.683617097565624 4.38259350106947 -1.75049937865092 1.34862798532336 -2.98821979430483 1.56826961221549 -0.432688771478896 2.07605334665399 0.960889540960018 2.71457243068858 -1.88150826072531 2.53417712041058 -2.27713597987588 -2.58206382210981 -6.9901798412187 2.19914772432529 -4.01393315212186 -3.09668080253469
"815" 4.48650665426467 3.40709052130312 -1.60381040472283 2.04983849605552 1.26616417227854 1.12460840316632 3.02286722163351 -2.35940187505589 -5.76619196735475 1.42457888296966 -1.19953364457751 3.9001195157906 -6.2323999506818 -1.40647914374586 0.83989791209695 0.587454743747127 0.688983970708237 -1.06407286294393 2.52708690971675 1.66200931002544 4.47234404906615 3.41214800886773 -6.29130685832997 -2.03717056636353 1.04525423774607 -0.24038430108278 -1.80717437340325 2.36573955226584 0.671638905255982 -0.217871341874958 4.19809537685916 -1.7158366725479 -0.583734407138296 5.06696283015446 -2.70275453363278 -1.6555358982002 -8.69730020949791 0.924941637230973 0.478252062871484 -1.90793812478986 -1.42679699782722 2.07733622325665 1.4881594967555 -3.2879890117868 0.506909199361789 -1.65063288226557 -1.65071702884613 -5.1099203929479 -0.389815160695352 -0.838216052702725
"816" 3.76066720297738 1.70278081887675 -3.17624821611508 2.59650800959434 3.37684384154795 5.30695318512632 -0.163980421676876 -4.23505162963554 -2.89123687254306 0.0635559162884774 1.7221111144721 -1.64735680595424 -2.78438238830269 2.36509707284872 -1.46069964305597 9.08144000720364 0.708207374261542 3.76314107085979 0.0773366243400934 -1.23695424372184 -2.86798698143968 0.505935445534295 0.937203705728459 -3.02704887015936 7.10849188273632 -5.19146474289107 -0.240318211629872 -2.86816882856107 -0.00442797483009502 -5.10316140266603 -1.57137383997574 -2.59231720246205 2.37392761797183 3.78751204234405 2.74580069770895 0.565409607945536 -0.964034873269387 -1.16932028505557 -0.976062757779762 -0.599050817180548 3.29764769597954 3.12266404838445 3.14475183868306 0.621358910685736 -1.55074698502632 4.01527209145848 -0.748838718296909 -1.76389088471512 1.73551405766082 -0.57650644952309
"817" -4.54794708082458 1.05896308895854 -1.58881268106559 -1.75902753438616 0.629366283278615 1.42934763277352 -7.20434255861119 -0.885370794740967 2.5187162218796 4.01591163438535 -0.0281387387740023 1.46005351542931 0.425289215591943 -2.97832662038127 -0.205002767845076 -0.95807539444021 0.245877651969581 1.838562604171 4.88848499672906 1.92699728611418 -3.33688770104794 1.64789054231854 -0.717164254833498 -3.39950325655722 -2.3067423007776 1.4894915783301 -4.25778653357642 2.33576621849816 0.225377566352969 -0.887459405750478 2.54064545390033 1.20863225984688 0.859320514892495 5.61415864014861 -0.922789859359962 -9.5997541039506 -2.05624318794037 -0.348375666491222 -2.35991610367286 -3.20250781608209 -0.0294302461822876 1.96092888331524 0.017537154991881 0.10338952233675 6.01881301143449 1.816994970754 -3.43072643593671 -0.957256928097358 -0.323024283519154 -1.67438700240314
"818" 1.91322824736701 0.27375238699859 -0.59928403049474 -7.39215093003393 -4.49662124973017 5.04588556379996 0.312500384383908 -3.32431522836114 2.24577993162352 -1.27517116901133 -1.35047949607791 -0.176871310776339 -0.573926702733956 1.07252267704127 0.221925342327225 3.57314210884439 0.638124384943223 0.431193442460454 -7.14214746138647 2.02460054131902 -5.14001132598749 -1.79686311944657 -2.07775741424775 3.515476585573 0.984078571020335 -3.49387347022325 -3.2345669681744 2.34535038467777 0.892633774401431 3.78057151815796 5.85083750123541 2.03718771589679 0.848094197106582 1.34717809439479 3.18268474637197 0.843309970105495 -1.36894166263517 -0.521964163511097 -3.35069086903656 -0.402471181503971 5.08439541806698 -1.53120220957246 -5.50445198301298 -2.89015821578992 0.138893561909258 -1.4925995211362 0.116755196681254 -2.31312037275631 2.37358804627792 0.777126080940371
"819" 2.370141844374 -0.0359072639586061 2.36326045797786 3.41430804355502 -0.699610892347133 0.985558707674724 -2.39631268881135 3.60513994904544 0.812955573582587 -2.9443036243641 -3.38861638581286 -1.61416021686873 -1.8714257918011 1.59968335716397 1.40022207348804 -0.902343255102086 3.00604362363982 4.91411325578585 -4.80167208923132 -3.15615940684535 5.3724853871456 -0.722344993235132 0.808970190977788 0.335566912853438 1.18262943354172 -3.35617502842897 -4.77989087453958 5.54713350816319 -3.31527002892991 -2.74285246099587 -2.25776139624506 -1.23520159885248 7.9370121178242 4.75909523859543 -0.321581448249352 -3.45917102877217 6.15308281718106 0.184540932578016 0.322823204009189 -0.310099428279936 1.69487840256814 2.95353469225134 -0.263745630029843 0.629310750369203 -2.02000126377413 -5.71975104500712 -4.59653525937783 2.5340677316015 -0.879349658996041 -3.42460098057587
"820" 0.647845328980033 -3.12927969381303 -0.919100053557566 2.08662774860631 -1.5524010558524 -1.56153586190472 -3.29003194487281 -1.39128517180483 -2.70524379403573 3.9200571305849 -4.38173928229573 1.04109231672042 3.44522258030072 4.61047517800321 1.58585678241283 -4.05235306145697 0.671905480811941 5.18372827935656 -0.848257502749065 2.77831747570445 1.97034816080539 -5.9968840725308 -2.33544476004927 -1.69145450523023 -0.645049808190944 2.58979670509413 2.37649118117572 2.02892462232559 1.44548931238173 -3.05284588883273 -0.952893866928543 3.49701994144911 2.22357493359711 -0.516372788871148 3.56820985036713 0.5828681404003 0.0355314468587305 -6.09018264025886 -1.65996422808498 1.62019496909344 2.25544702576963 0.192617696945459 -2.49789203595929 -1.78235166664073 3.38494745843673 1.42458389344526 -1.12550895587384 1.64881000825971 3.17292791720848 -0.519186592319592
"821" -0.397583701719833 2.81730231174785 -3.20822313579645 -0.744761472032758 0.959345730373738 1.57381990607859 0.125071319510953 -0.447991056788273 -4.19955920270426 1.57666039972971 -5.77771993141921 -0.714815872697617 0.31344474371839 0.0730581312547288 -1.33150193948117 -0.321486569439095 5.1859470584417 2.75797519222697 -0.687591183821371 0.0593058525174583 1.35919386189836 1.79106782033469 0.589158250485076 2.58150509344921 -2.76241516209442 -0.917922031718676 4.55726755913858 -4.46064325763258 -2.9532450289501 3.29511038244724 2.10052840263366 -0.0394746235724285 0.476551984215749 -0.777084388053138 1.94630610898888 -0.520562836706159 2.00860392705842 -1.39038324461892 -1.1358833923637 3.64463814688006 1.11164563855925 -0.123581726258783 -2.53689653149895 0.837924219459976 1.67546723111408 -5.00902536103278 -3.01198388318757 -0.521265835379242 3.31061034356563 3.7620926410669
"822" 4.80285557962253 -3.14764278511637 0.681609027330345 -2.57223195999541 2.69776923362149 -0.643504862123191 -1.48360989475056 -1.59985113593563 -2.11099648363957 -0.458908974405354 -2.24853292599955 1.04309027912104 -3.65786269377603 0.900914107426926 0.18480598167502 4.89879845013373 -3.34827255954309 -3.06219671495219 1.98594866460013 -3.3762866739389 2.14003929038522 0.750853473588747 -4.89128676105057 -0.83145584594685 1.82016181361221 -0.752981893419385 2.74079940530656 -3.02760847353538 -8.22120661003926 -1.20235427318623 -5.07054597269064 3.12403188350318 -4.39555748644701 4.48411935550378 -7.61024764957296 1.79472454881429 -1.65686254114392 -2.14614097209493 -2.05503021205142 0.018975524490875 -7.34886365733775 1.41775138266242 -6.52463171139211 -4.17119965997942 -1.30183718998642 -1.77423063588751 3.89199368524659 1.89828924798788 -0.37715672992413 -3.0861261627512
"823" 2.24648379619646 -0.321698941581786 0.60593787154957 -1.20920173072082 -2.70197833687054 -1.6324792101189 1.57104959543699 2.89435514239887 1.1103288802547 0.605816631904791 -3.04293006706042 -2.33099493891554 0.571446935969918 2.59617583909439 -0.642150890348117 -4.5778909762039 -2.20357202356307 3.48713990954628 1.37422513547987 4.16878712953196 2.17637507064286 -1.67047642019383 -0.565871250261081 -1.33571476031687 -2.73752825920733 0.415217922040323 0.503583554485259 0.612268808341745 2.1816856183281 2.00824847153454 -0.865276233470274 -0.730194628181572 -2.09887762058239 2.63381488713799 -1.82171408963638 -1.67791649546869 1.42601632686362 -3.08775666102393 0.0818474123018682 1.14949317655071 2.8428148662871 3.94817625126839 1.0555162653108 0.682343395082582 4.33947749164597 5.23764078499996 -3.03234777952058 -3.18925210113269 0.186407012359389 0.819255949378724
"824" -1.57262748924684 2.13562089697213 -6.12507011297172 -3.73760564056291 2.4014556184788 -1.14154179965179 -0.336128456062516 3.2142516598577 -3.34342540799161 -2.13642989063653 -0.278316789649675 2.45201364002699 2.85934649388054 -0.350750291746604 5.24059823591591 -1.58155308719344 5.89300439421819 1.32732058449827 -2.33747505083378 -0.604091870755793 -1.9430284597169 -0.789352637710534 9.24529014131862 2.24518683243273 -5.15139748432209 -0.620688469363173 0.982558335276104 2.28255238550493 0.776720489307593 0.320210741938253 4.09745832731817 -2.26392457094012 -1.1889305403659 3.96492706932462 -0.166261306392128 -1.21209513613837 -1.20654509798562 -0.0856349402226175 2.64852834703183 2.34404075358887 -0.989909346156984 -2.81745178050536 -3.74571241271586 -0.35154988960392 1.5546769037224 2.80926972385898 -0.606085819555293 -0.0609196963417947 -0.0966722612431917 5.1857815302327
"825" -0.629952090486364 -4.84809584622277 -4.04908087005678 2.75984037717777 5.859534695391 -3.36132369681222 -2.17458394103108 -6.61315305198024 4.49591236841631 -2.60346039794568 -1.12947793794712 2.56358169800312 -2.19356456783108 3.59548231107362 1.03424372447054 -1.42258905301876 2.563676163636 -3.11347810001978 1.73021770772778 -2.35563480814715 -1.01047535832065 -4.95058915554326 -0.523561961621758 -2.5410815073687 5.64092861393229 -1.64723057336645 -0.875532146001043 1.74036614150521 -5.37033767249588 -4.70816787339906 0.994691091604744 -2.30710901389796 0.0748657415508961 6.63993968021372 3.50595766570247 -1.73539726972991 4.5214388104737 -1.65360454964115 4.30584552309706 1.50694585043884 5.39785786980103 3.13141099842198 1.11444117660195 -1.25547034661966 -0.46662921718536 4.75740732046734 -3.14974145646357 -2.10567304841678 1.6229124010911 2.01566211761943
"826" 0.559414473451679 2.99631208161928 -1.41261490439279 0.372504044855417 -0.00306257215863522 2.06885837976049 -1.46032346314995 -2.32711810852704 -2.08904835899083 -3.66367439024391 -0.123168260959346 -4.17505177261288 -5.28389544749685 -0.0950235202837879 1.82357476002118 5.63338971395326 2.93732076457804 -1.37145678512916 -1.01508972112118 -2.54476390553672 -6.2219602389196 -3.91511164150913 0.429473483687157 -1.33815623684381 -0.704441662484338 2.72481521313862 -0.0623785531264323 7.07686044796275 0.706957526382992 0.987416692663821 -4.12247512387653 3.41478201906326 -1.25245185085308 3.09547046589609 2.30871076367599 1.62594447873221 -3.65566574527834 -2.85052299183874 -3.60876880982447 -3.01572184768045 -5.76785408654354 1.25508032289587 -1.02841327106908 -0.972464939238762 -0.219761191369749 -2.24964499327574 3.75804998297896 -0.230666368491577 4.04053524571692 -2.15652399448293
"827" 3.74420142912007 -3.73302338113216 -6.72677699728315 3.44694834213537 1.78775158705169 4.86058178257043 -3.27603088546804 1.16812444013963 4.24986345164626 -0.703410990734314 -0.298522020036088 -3.26867903709169 1.96706691987251 1.53487258913363 -1.95804620559388 1.20525319895442 -0.365307109488597 -3.95616530192429 1.66119507483275 -1.10659528916616 -1.07362755235629 4.58303272340118 -0.412253354837123 2.57035398304711 -5.45072050316091 5.67670282278529 3.03516998069769 -1.11212094618528 -5.70573000590395 -1.74489441358851 0.250824353089778 2.79788332642135 6.69122631675521 -1.89381549632706 7.0880095584652 2.42252666630168 -2.24666094210553 -2.24728863341283 0.46921220599153 -2.7010950740088 0.724309807353344 -3.44010066553536 -5.63680479626302 -2.11722681536464 -0.579397892053483 -1.61932759763125 -0.637187157825732 -4.794311897167 -0.526469504911437 0.36628870828296
"828" 3.28485928176814 0.681113655657253 -2.50368098128565 0.317706149545604 0.639167975277464 1.76244964889278 -2.66676115053731 -3.45002101251036 -1.68445544179016 -1.38515439338542 -3.19510310515408 -6.90924496168876 3.57486076378123 1.07240806757671 -0.533076323162459 1.61614655765051 3.74593659621486 2.2828883890241 1.2223219945317 1.86757093373839 2.59335244728252 2.4741658299643 1.65086452545574 -2.47103619573588 -8.44454105837424 3.41807329072556 -3.57277436498828 0.518018834521704 7.15789441351843 -0.754472057619748 -1.84571815880623 -1.24268124653858 -0.788052498808708 1.47384939105429 -2.5752458903419 2.67563346032171 -1.28098829778028 -1.01739189776294 -0.445412097211776 -0.458597161989421 0.843306788281065 0.0976479829466774 -0.766650874738917 0.030177849273081 -1.50607123939548 -3.54496410918969 1.39910952130011 -1.21708547665065 3.01225116385936 -1.40368203536575
"829" 2.40501799209023 -4.0980727643651 -3.1793524504928 0.331870405037841 2.83501215330895 -0.729032192211012 3.49389692558638 0.612750065389771 5.44438200028646 -1.3292908565734 6.7512465160419 -1.08299121287306 -1.21990881268523 1.465852043212 4.89263842328646 -2.55604672011565 -2.27408297968141 -4.33791292605678 2.81286626014668 -4.11840357257753 1.07031102989538 -3.77961077861976 4.33836513355188 2.92194688782614 1.16831440668102 1.31281770362974 1.88721664479377 -3.17723117564722 -0.229442075349704 -1.92828041405332 1.36065338733941 -2.82457988500179 -3.49467053545731 -6.65927959532754 0.436536944200113 -3.81872820798741 2.52244610349603 2.13150020684565 -2.9131618468135 2.63032230230425 -0.52213313804497 -7.22303789756418 -3.17180331836288 -0.0462370997022434 -3.80531522042749 -2.66278446092224 -1.80338430692098 -3.49383060196611 -1.69691700237344 -1.29062014489265
"830" 3.42238977598494 -2.01226258134753 -1.54285186456662 -2.41880605854062 2.43277040964678 3.51306925976517 -1.6944320508564 -4.38309385387102 -4.97280713350247 1.15165246773092 -2.9843292515206 -0.584329009238469 -0.715668486187703 1.46162546696767 1.37957984304152 -0.862712119613883 1.05841077937959 2.72984228805939 -3.29266998618455 -1.94498955966434 -0.702639212896118 -0.865838734536255 4.86804242483466 1.21471208193041 -1.5001278690249 0.292524942316152 1.95527688838858 0.900676402105317 -0.916876647365781 2.93304141557209 -0.164693781459792 -0.872421142121772 -1.99377105200362 4.45876355460867 -1.89280561208143 1.12057964675432 -3.0099595539279 0.393790621834518 -1.29498698790016 -1.73128741252168 -4.43411214544975 2.71028638379282 0.285979087034335 4.44252235263776 3.03011000754611 -2.15819395632934 2.54439948432123 5.50982246314193 -2.56820553082233 -2.71575858240583
"831" 1.69473052021747 -0.0944389964539612 -2.56336132625642 -2.75989997622886 -2.76015870584237 1.73808841704474 -3.2341176260452 3.10573071536088 1.14096341218295 -3.81392237599882 1.79861448565463 -2.29674498004653 -3.25871254845866 1.77899812700843 -0.81794543849765 6.38351067241763 2.11256152713769 -5.93996662156116 -3.19097278759822 4.51477130484853 7.76814652862427 -2.98938783972754 -5.17929009133465 -3.96675466994357 4.15529739554144 -3.15741867167401 -8.05966155133213 -0.134880944161794 -3.12486682298437 -1.05115615755269 -3.4971001698082 0.968193199354587 -5.11936882618947 1.17159425479073 -5.1036591576373 -5.56073286736751 -4.83784832033693 2.84818276448619 -3.06160772777367 -6.58628570756639 -0.433686371797572 3.38786929529253 -0.432163608477849 1.41951104936927 2.58889078872798 1.53291794563063 -0.256586561767667 -0.656504057644623 3.09169760344002 -0.994528547797054
"832" 2.19312184866902 -3.47147417577637 -5.01687449147303 -3.20160588912783 -3.81497679872428 -1.30411191732074 -4.33195764365028 -0.648592935673264 -0.425633563956175 3.53915498964004 4.19953203747886 -1.36013935638107 5.21018707435852 1.07273766108338 5.74981100060161 0.0817558343805048 1.56970602785395 2.40545326558379 1.84022573786044 -2.81602487106279 -4.80482829078247 2.09990634564104 4.97394506910253 1.19397638978289 -8.85276329545095 1.5110073390614 3.32864389078669 0.14817113369199 1.95278207355193 1.16252426034073 2.53169663163574 1.37651532621645 1.03290340108605 1.49114293206322 2.57338724762036 2.55193960267095 3.61721710341683 2.47283263671119 -3.21291069980171 2.70892412699926 -1.60695753569898 -0.938066824530547 0.256164635268155 -3.60834533456974 -1.54445839712401 -0.490518126435934 1.42747205475284 0.275707447989253 -0.701573925452189 2.79000243926938
"833" 2.32744461325624 -1.15312553525485 -0.843718510901452 2.26345065896113 -3.0425345075665 2.83409335282718 -1.84299257121486 -1.89788646599918 2.56304352582111 5.15167644323981 -2.63983787854456 -5.26053735763049 1.9985721861556 -3.34797659644573 -3.55549311265171 -1.4323542212675 -0.268862434479628 6.42459660235622 -2.2942076670888 -2.90269988371206 -3.20998082342015 1.5029116102242 2.83157987757227 2.27802658460112 3.64664366383004 -1.66647719976755 0.881098933929674 -5.20650157729007 2.09364443097638 1.77525135609004 -3.47845689645003 -1.70281012759333 2.11694203842765 -3.49450515623416 3.40514553607454 1.86092975762535 -2.9568124077699 3.49807656552148 -2.74689498139635 0.180929702378791 2.56451153932125 0.239550370563919 5.26580115768701 1.76776488953665 0.543816138123336 -0.101070903247831 -2.98065695904014 1.22533827936313 0.606159154316788 -5.13240452535496
"834" 3.6573548760521 0.0640620125078375 -2.23092330279244 -3.70984012734719 -3.37375178228206 3.04977016810688 1.26060352299005 -4.37426264779876 1.92942745912009 -1.08502517556634 -6.1094759311183 -1.19196487393131 2.22878361383641 7.97569640787063 -0.996416224737223 -1.1895401502812 4.02825706208116 1.49418330418516 -1.69887287301807 -2.46951665630282 -4.25316737757028 -5.22803041777123 -3.71516471423272 7.15392036446346 -1.40832399374514 3.12310484238807 2.9651108740418 -2.6434617881617 3.06651697495624 1.11280407643102 -0.534698948688274 5.79592755302691 2.67990160258139 -1.26250289130941 4.12879432452435 0.581283081216694 -4.00865808535216 -5.77236109235931 -1.75301923881697 3.86409761542821 1.7618548985877 2.02993462342313 -2.47942063094592 2.03430398396157 -3.55238079039719 -1.01830638503035 -1.24088141277161 -2.59673674174061 5.20994591638647 -0.930412312722955
"835" 5.54668227113665 -0.235825139390455 -0.513691525388069 -3.11297755456186 0.7541553824629 2.42425405511444 0.284068752799173 -1.07464955062541 -3.55044879973041 -6.01818748730488 -2.1720088537217 -3.54384731952867 1.98185063616476 1.03677411131563 0.903557742809737 -1.21369023484497 4.34602554438877 0.91099947592134 2.00506916040894 -5.63733402407255 -5.42227556657911 3.21667532961048 6.87160479331635 2.41303793229512 -1.55744981022817 -3.03823697919388 1.36479422433421 -3.12365195797942 2.308505904962 -1.381696312108 1.01643398570929 -1.59203656926254 2.54464532026331 3.16687242904617 -0.704197229999916 -1.16891261728231 4.55506614721569 -1.14930792178261 -5.84305245781839 -0.413520747261066 0.572465400366016 0.122558435282512 2.4823870858609 1.27863154610646 -1.17557943582857 5.62147648126265 -3.66798083774316 -4.87319402247612 -1.90219048107627 3.11873462486026
"836" -2.42779088106603 -1.21471384865996 2.07082386231509 -1.23204157154227 -4.06682114590583 -3.01911502509728 -3.33105956900405 -2.46111235894472 0.163739690272161 3.45178818889743 -4.2502893899913 2.17814199288868 3.33999679749078 -2.9929816640787 -0.697995994501005 -8.41239909598234 -0.984876262132716 -5.39984611354202 0.576329863972582 -3.90151792046489 0.996035382833901 -4.42445263934004 -4.43734283085616 -0.232515560497779 1.08241317707323 1.37096324342028 2.17959341965899 1.38854457451597 0.0839772105623645 -3.17149091473843 -1.73947153054475 0.771861615739665 -2.04896622772009 3.52855514048953 3.62987484107542 2.85226204996557 -0.425675853293846 -0.663386160646289 -1.84905319011488 0.370784028547366 -0.0191099770158109 4.8684258987835 -2.048412836003 -3.79510760995967 0.0710892850045961 3.15441025430096 0.0384746111197381 -4.3114151036855 -3.24398840733513 1.66878172333061
"837" 1.78658753625138 -2.93134906438767 3.33270643622043 1.43682378272273 -1.69814367620073 2.87082638439651 2.39826070161921 4.24726767291734 -0.5870732127591 -3.01684508445696 1.15014890697917 -1.89909803073256 -1.0701363458485 5.24677087170253 0.0335744253656751 -0.129857366555948 3.25195140172324 1.2836550986433 1.03037085941682 0.0589029228225377 0.555815869604547 1.1995948766391 5.60890512669058 2.23452644864374 -0.243381554576799 0.768244063638695 0.983208525826753 1.37123001884604 2.49793502135785 8.09179578487082 -3.99291478390995 -0.648634137919203 -1.14399841754095 -3.56255975892289 -0.67869411511828 -1.46480634114315 -0.358321568426589 0.384368082835089 3.46281009020191 7.07661023406415 -0.237047646152148 6.34446370584685 -1.47543293077924 -2.60260084394709 -0.490650603802237 0.353998467802715 -0.237682189607565 3.94487612282082 4.30336337645271 -1.69022570570985
"838" -1.91422749905686 2.71214057281829 -3.57594920777146 -2.84091782451147 -3.86460863403171 -2.00934726495191 1.52746936180561 -3.90332489426178 -3.47774687745777 -2.38642477318941 0.501560657959937 0.53530590472812 2.59477986836731 2.23082555066503 -1.03300655214643 -1.61404850409488 1.20018239799454 3.64292506844479 -3.2970767068607 -1.03135985973756 -2.06622823722352 -4.02966911865029 -3.78348186745045 4.44491468385981 3.43472900809444 -2.43216572710949 1.71232387798585 -3.12368449149727 -2.37094577659579 3.30034175343602 0.138651742692851 -0.901451804066496 2.41232607893738 3.82259439775395 -0.949938012841445 4.86334398653624 1.66557315007655 2.888889352272 -2.35543247436405 0.398399779255168 -2.16420607303801 -5.40200718592257 -1.55110113120681 -4.09906771569317 4.7456459192286 -1.47164317528399 5.42321711943379 0.85575571890761 0.416828112678496 2.03361854021937
"839" -0.330264297226524 0.485022856606514 -1.81583317934595 -4.53943858932604 -2.90146312619353 -3.13625539620235 0.306728973843264 2.0180670654804 -3.12798351591133 -0.892093715615309 0.260753184131655 4.60704792894107 5.6489656380029 1.42825986183111 1.08971200624516 -3.89343931378937 4.71966229827565 -1.95782675903436 -3.07766755556036 -1.39919500220226 1.42971142214444 -6.66433893426929 -2.31714420066935 5.02626736198613 0.132843293856259 2.10653800660147 -4.0632363387449 -0.997545987658729 -1.51795987857541 1.78107664000979 0.146284695894403 -0.946086762171164 1.38016637698325 1.40982406079806 -1.43647903077029 1.25832986957284 -5.28456075841349 1.15577075685436 4.48562242956634 -0.942118984356428 1.69787246666691 -5.38383596765039 1.80223571840746 0.0823760012308675 -1.41790622195384 -0.376958579696636 -1.58396214679161 0.989344036494392 -3.4049548237485 -2.99496254714248
"840" 2.30430167775281 1.1308263238855 -4.04856563777233 -3.0996073263315 3.67952348050959 1.14317615319712 -1.01199265270266 1.96839026734545 1.22075968090174 -0.108443853100921 -3.09869958625726 1.6878165654163 -2.09284057055906 1.08109652932672 -3.88031931040836 5.72538078464001 1.20435815259237 -2.66975461874766 -4.41624718245564 3.02536961098395 2.51095958225296 -2.42604227535645 -4.34928302384522 -2.52732584593344 3.04126043526454 -0.822504489995306 0.173712700465641 -3.20694943173958 -2.68505083632786 -3.51170203809377 -0.334969164577036 0.619047284799665 2.78012250213275 2.32951979342594 1.56211466892097 6.25213724003821 -1.62429018718054 -0.975433268053228 1.25030749830114 5.23715586513481 -3.21149420618324 1.92995230418617 0.854455963679984 -8.1468505949124 4.26198076385798 0.112249981240762 -0.626428766203039 -1.34393139032963 1.7449034767424 0.370997408033949
"841" -0.6987284174844 -2.1037198974249 1.53426229401193 -2.58330202794787 -3.23749317764742 0.229300930492624 2.99530273423249 -3.7793913400858 -2.72353999948961 5.92346960464267 -3.25016044985625 1.35325470421837 7.94803600247519 0.00835368924802561 3.88407241984983 -2.59744679764282 -4.02733418035788 6.73494233178205 -8.04979746231483 5.19260223531378 -3.28090598324084 -4.03889586683832 1.17945324277508 -3.22791256485763 4.28674194791435 -1.64303555310589 2.8787361283287 -1.57439149205529 -2.41976445292639 0.831016437577334 2.55989362927955 -9.7664696705356 1.74417758832028 7.55054270953546 2.67801073990129 -0.300562625682046 -3.22223668595823 0.777728451105652 -0.128319196537977 -4.94692894483927 2.24108356682177 2.55891267434715 4.93728208799027 0.292587225720955 0.180081290490498 3.51268434551713 -6.17561234755955 0.275434982147147 2.58328014206613 2.32359244121258
"842" 3.79781867022013 -1.03639662786155 2.81548551531777 -2.55254345359285 1.34163968274154 -0.608922420574345 -1.54205475483615 4.67263494755228 4.17601332246637 -3.44364708704354 -1.52954316428152 2.24994582939011 -6.0387918632871 1.69231700581523 3.42243978408665 -1.81329470421305 -3.51795622743062 1.06473076076059 5.27583500066693 2.2014833281314 3.92394096261965 0.397149953172498 -3.58511923875296 -5.17281206332759 0.387610302286129 0.761340552099376 -5.60109337440903 1.39409651879486 2.71058881332258 -1.97873140819754 -4.2862730739307 4.94114088093847 -2.70888197914837 -0.599173658022952 -4.98196861512113 0.854544781373276 0.022930497468687 -1.54385239835767 1.58306328908435 -5.35971849186132 6.52246970883555 -6.50013732128094 -0.633771538535273 3.12991327523373 -0.230226497626823 1.65555105491233 -2.46028535143558 -2.60802433419214 -0.893088037163821 -0.289702131462278
"843" -4.25325239460651 -2.58735423216728 -0.749863667915565 -0.382039921461004 2.38744739880382 7.2622636496559 -3.03274728472547 -3.24160260437551 -0.404334746923887 5.6274447209927 0.477068526155159 3.21169258060528 1.8045657810312 -4.28367991940984 1.05286747452979 3.00882803687215 -1.15846139325037 -1.93421999738029 -1.31097391287471 -2.50397685383355 -3.05534337114265 -1.83412399845759 -3.00473704653769 -1.33108959609874 -0.334286513437042 2.28375771516931 5.74239697671589 -0.711262773933812 -1.60995623569566 -2.23724423308493 -2.06581701905589 -1.33828188179001 -3.36127387733826 -1.3358959212838 0.75101170321865 -0.980108320395716 5.01785937838899 0.385492038910506 -0.450859405857654 0.144040645238778 1.94216322072851 4.45797085843155 -4.0504311633425 -3.74640949331728 -0.733602469161362 5.18419090654596 2.06226619274586 -1.59328437062963 -0.884392154819324 1.47160872128845
"844" -3.34816627229381 -1.55804893448089 1.21019136584364 0.35039644497295 -2.29814204187126 -1.67773530246251 1.43493276561335 3.93023701981138 1.23312950497326 -2.39266677590532 2.35542367491584 1.26158828573438 -0.697509027188133 -0.10648526893366 -1.95203090296283 0.955822258717564 -1.74997249346603 -0.116734996846648 -1.59597254437802 4.16472726671649 5.36201559921154 5.36909421296584 0.077864166362005 -2.25478123349686 -2.00138990160232 1.00255465190881 3.37132572104942 -3.21474970600604 2.12512370730293 2.57105476821989 3.51147904282607 -4.70159067640559 -2.35218783850615 -8.01094971945476 -0.619720028944908 1.83059930659417 -1.08984401913272 -0.107600845939329 2.04400431465626 0.234449468277444 2.68414852154353 2.47016920077097 4.20498365453946 -0.845285854539746 -2.59788445552181 1.74779720782722 5.47903453086151 5.49195159866535 1.51221779272671 5.20891750857614
"845" 8.42280947317242 -2.47530200622309 4.29345967522866 -4.89732478943622 0.523971961093672 -3.15184114959611 -0.686622811101693 0.310154169976271 -1.70167775892854 -6.70364341210924 -1.94207621485539 -2.0524339422758 3.88511943437091 -1.20686748679305 2.4219825852202 -3.88090912719528 -0.0922514919718129 -1.02533135240928 -3.69191816900236 -4.29203263054789 -0.504551560704847 2.10266718143473 7.63698836438686 3.06816885818807 -3.85217334148599 0.816328099551525 3.21966066510726 -5.33988151817329 -1.76640537147312 6.3339041995603 2.82105149114033 -2.36399883794963 2.56592434621125 0.763409448528586 0.0830019574522112 3.08288419012606 -1.89346202105532 4.39148779727658 2.69169501218584 -1.30790947940909 1.27712329625277 -0.00909583006995137 -7.47432432116768 -1.00176993129019 2.4953599102753 0.0105548921298615 2.38748973280479 2.43794732335004 -0.977896120583764 -4.89396556802335
"846" -0.92541020985109 0.819066657449294 -0.922800117158647 1.48096345009357 2.09781386759206 0.642977342045452 -1.52808245763855 -1.37927332548526 -2.2576202302917 5.89149189704299 3.11100177660284 -0.768842775626297 1.51440440768614 -2.70242001197405 -1.42330458235252 0.864198012966977 -2.44706898876474 2.74181070537421 -0.709761736359001 2.07343871365651 -2.19064150333121 -0.858653833628882 0.325737582392974 1.41309981648221 3.46316399844765 -2.83804765329646 -1.36108198488499 -0.768341510603891 -4.89862482028421 2.27104050299913 0.146071291937437 0.164184684152991 6.6043768681482 3.38681095876431 -0.243656157668833 -2.25054817050467 3.86777772527618 -1.79813747227582 -0.216344957344842 3.64545445107614 -1.69596560928256 -1.50004875582725 1.5607521932043 2.14240659269288 3.57050299804735 -3.62197266240258 -2.99194639163125 4.90748738592277 -1.22969083536077 1.31134189282452
"847" -2.45898049921843 -0.418194639430219 0.095921582720441 -3.55860926471673 -1.12472899855567 -0.901997396510548 2.724434106597 1.75852269178159 1.7350778893624 0.537575093198409 -0.689025760826706 -0.336150477147523 3.08312388042294 4.70927745434439 2.57481522025507 -0.965641360038916 1.56111418211467 -0.35201172917581 -0.572057660271204 0.699575807274996 2.1319135298072 -1.95264817949556 0.147369231929448 -0.643936558593452 -1.84874792098333 -6.48101005554749 -1.76234760100772 0.790643878950901 -5.95724696287908 3.15679701165334 -1.17743158083556 0.482991485083677 -1.7831362227103 -2.06724838677892 -1.26097869221103 -3.04155381206587 1.506780732194 -2.76041015573799 0.113458316933529 2.0254482140162 -1.83313455696257 -1.91643981663024 6.27382050906045 3.05609906236751 -3.79237814441635 0.767941838078384 1.56533923464077 -2.51283095150704 3.6035097390288 -0.229207308547538
"848" -4.8261250145164 0.352411754527955 2.16126178577319 -2.13774808583122 -6.15047941247979 -9.27790617756397 0.873380163952984 2.26690424754487 5.30784085902441 2.78372957713311 -0.808393926006135 1.92525028025316 1.62493208384342 -0.991128120999532 -1.56106897052675 -5.41566154605869 -4.14227070372457 -0.103446171459501 2.32458736975405 -1.07889433111913 -0.236553307631339 -1.73485298820326 0.178619990782899 -1.70438112320631 0.665518078071829 8.22983725503541 -0.74171271237719 5.58856999573792 -0.815406888669748 -4.43387192742703 -6.2249425211618 2.64879574042201 4.22467353365117 2.56911208836894 -1.60158950595078 2.96640122589083 2.93869702142078 0.249169662129373 3.15467066635415 -1.56453069869387 -4.18370020397191 -3.29127762160506 -1.91827452209547 -0.978811604045284 -1.42909064120436 -0.533022307421973 -2.33652159968464 -0.445621167104383 -2.87937879030499 0.68940900695208
"849" -0.803641107303115 -0.437845925610709 -2.11562996812914 -1.0468453763999 -2.54409358069378 -0.509627003573283 0.0758708988432475 -0.0797784221940759 2.30991939767441 1.67983456129541 -4.88395572583453 -2.29422715723706 0.840358277269785 0.874173791214476 -0.64955220870323 0.522878895589596 2.10323539267223 3.13676742475897 1.34247930429206 2.15777550339272 -0.852679471884813 -6.55221439441855 -2.19274136597704 -4.56884687693847 -0.49326592921811 0.692782517542737 -3.09907595032769 0.147967788113926 10.4063303449823 -1.2401605725322 -2.86945938406336 -1.23024784441677 -3.26228056363381 0.238796920832693 -0.862306360721977 -0.604302044803861 -5.39258802970087 -2.86299929371993 -0.975864981735743 -2.04144839174291 0.969356446911078 0.795059247509858 2.28210185872017 1.06742862602172 -4.51750424795421 -1.85710939931388 0.974551251506582 1.02546724294976 4.00703693676491 -0.988256634833026
"850" 2.56256909352023 3.22960019726827 -4.86365166149554 2.65975540155529 2.90920796123435 1.31617280741784 2.03235560426849 1.9578191605018 2.33242007448407 0.439680318757503 0.0909254619351089 -4.38080793848486 -1.50980836727921 2.97077820180423 0.935686182112208 1.41714997604499 -2.54133501729666 0.675023414162339 0.000596749696351208 -1.21636631508614 3.30016627982081 3.13546083778944 -1.69155318254752 -1.05323017465528 0.791385362824712 2.29194971601537 2.7031796278508 -2.38795269476409 -2.7357365967733 -0.825899938198999 -3.21019234810204 0.427082687893158 1.81731628513804 -7.93766197027222 -0.820943807876855 -0.883238049586301 -1.81822413455078 2.34256427153912 3.02802489564923 -0.141977010321304 -0.872459688215707 -6.0475221350997 1.03181918947229 5.52835754929909 -2.4316559580934 -0.441863170915069 -2.75382696762642 2.16310050661379 -7.28814209970642 -2.29872562446342
"851" -1.91549887774323 1.34300761157586 -0.854022724754541 -0.0189752781991241 -1.69230568571585 -0.0557530034482049 -3.08880684995361 1.1998758548822 0.837224263281183 -0.197771452262878 -6.0793457814749 4.91207313291082 -2.84818430185195 -1.56365751366525 1.02482740568975 -6.55704244542145 -1.2400907272216 1.0273964903634 2.67536880395049 3.06561033605104 -0.583096095853599 -0.534582700238111 3.30860799580743 4.5938579286248 -0.257307266653109 -4.94570202341431 -1.95350056210531 -2.58198824183873 2.50875590513798 7.30740716781701 5.34257113625748 -0.0314030304936619 0.331764499532396 -5.12960305778078 3.14628331122117 -1.32608170314248 -0.858349763191313 2.90897239961503 2.16143261407252 4.09982872433519 1.24657888332575 -1.79069515156817 -1.8509707847638 2.86217367633914 -2.53084117352896 -1.62357016278078 2.20924289645544 -2.48480810684696 -0.398644765774646 -2.63090614499067
"852" 2.93920941379502 -5.57506098888139 -2.74807371337508 -4.6366217857123 2.0018580938584 -0.705589081101053 4.63404545306948 -1.43986814123779 -6.30883614882289 2.08216183294521 -2.06715114888254 -5.24335185737169 2.7447052948184 -0.565019428068476 3.73738867729164 -0.506888532759925 -4.0266890353233 3.79679479693644 -1.87748395941712 -1.79596009743884 2.63413527603274 6.0947451519477 1.16391061152025 -0.0927975927434852 -4.95920284507771 0.251569974376881 -1.35835107089114 -1.864829933517 -0.10020739282314 -6.37682789541264 1.04706219729995 1.48290019791559 -6.21558985743566 -1.58381412732523 2.41155863012872 -2.98250596907458 -0.702307578283208 1.27198612867285 -6.1211822918163 1.7610497759849 -4.25000152327959 -4.59919649164642 3.24181262904761 0.270380459743031 -5.13705354627101 7.02111810226884 -3.1381642580181 0.712563204444437 -3.43714650179237 1.8867165972828
"853" -3.4298954113552 -2.21293207387498 -1.36749128120669 -1.11858964359914 -3.94340917305164 -5.70715163682278 -2.36829168054586 -4.00606942248016 -6.483679659516 -0.856625807609805 -3.97557294813938 -1.92039267593797 4.66758315123999 5.2389347511943 1.91429276324547 1.56529870153968 2.40760737942751 1.29664433289702 -3.72944051719427 -5.34383180681745 4.28829669670311 -3.96904568170056 -0.754729681744584 -2.95926483779877 2.79942268385678 0.541300306058591 2.02637632607455 0.537531500844383 -0.311525906467452 -1.89387003593381 -4.14867761954462 1.82751087233462 -1.57284806906349 -0.482982238888521 -1.04860927364664 -4.87049689006192 1.64983373857717 1.7930326433368 -0.150964054944493 3.69209653237915 -1.76023347485242 -0.26909721902564 3.00224145353049 -1.17764944833665 1.08318404508714 1.54165009429683 -3.50256586732955 1.91966120434536 -1.02477416335941 -1.17425170864849
"854" 6.75337694515181 3.93361421997805 -1.01225743509654 0.284093309328896 0.331250491948181 -2.78931944014351 0.570845710781571 -2.82627875926354 -3.21173077198539 -4.11667967085048 -4.75922648015271 -0.0581749594044864 1.84626255101032 -1.93815712710769 -5.92656116515494 -0.707047808308597 0.518726185262871 3.01657508687614 -6.58167047769698 1.15354981778536 -4.76105552581011 3.37193132679809 3.12981924475986 0.95770256908303 4.59208168342393 3.08666879634599 4.04030411661851 2.64770539335181 -7.76290014027208 3.356308307849 4.14554781365764 0.42461337220827 4.71418131332749 -1.75073544101181 -0.934670264573958 -6.3634273507207 1.84312954174138 -4.58401368297212 7.85197217310962 -0.629685388652697 -1.69624069416091 -3.07101011488244 -4.11335531155023 2.40231773853663 1.92247623161238 -2.74898312556566 3.25424204822148 1.28967761199129 3.97768750348323 -0.433188091454847
"855" 2.86427297999829 3.82523262581466 -2.86578810629766 -0.138141199754306 -0.123733687051533 4.94416919500197 -2.87498535371396 1.31042361806373 1.05404932488283 -3.71700475128682 -1.58877939861714 1.04295284051278 0.995988960647079 -3.20023256268608 1.10962069056891 -3.21147628672051 0.911139038146074 -4.71328928790378 -2.83331509675697 -6.74280705321575 -2.07801548366786 0.928174751529473 0.822693482080883 3.79324893695085 5.30306771164382 5.20296066325423 1.3738630034288 0.0228890892529481 -1.72884156141357 -3.2647561282654 3.26931460745989 -1.85102102397219 5.42221960645057 3.83943482201301 1.31546459095787 2.81047880559671 -4.60935252491272 -1.01886086248725 -0.0841739194746521 -1.31050209519578 1.89026912308232 0.162404385554708 3.87436419471937 -1.13229755210167 0.951142247262978 -1.10382047720024 -1.10667175238738 -0.638192914236972 -0.140000913382397 -1.33404917423912
"856" 3.12062594515079 -1.59608385717205 -2.71490042289629 -4.41456266019601 -2.36968773143919 1.26898446203627 -0.0445833932978007 2.2242201036414 -4.65662287276036 -2.25035668970658 -0.84020856724934 -0.406800430759598 0.543419484680635 3.47121896157841 2.85944008494278 3.6766763591634 4.94182412421305 -0.32560507123128 -0.849954852300722 1.48491566305349 0.852642743069706 -0.851461577763958 4.227130061754 0.302496900405584 -0.412294710865231 -1.09673837404476 -2.05620286673565 0.841857528573741 3.3563709620667 1.8749483409509 2.30532020462972 -5.1658333960651 -1.95941136528819 0.45834827630097 -2.34443116890382 -0.422811202593116 -1.2543178148291 4.64102343920114 1.471376588396 1.07718076808373 -2.13037251943596 0.531439207070673 0.175873833263147 -0.913781133502008 1.12082907621943 0.125433477159735 3.02012388888342 -0.750631241217555 -0.515616084002509 -2.28288883902961
"857" 2.5240994333343 0.141177667225727 6.91583728716297 -3.48310793669009 2.19219088258828 6.59943386556252 8.17140415360533 1.89812796845398 -5.92905353069246 -6.6378313866855 4.08574121363054 -0.731278713803546 3.19215951625846 2.3206587043092 4.20019589085575 4.73669110385792 4.29685272140856 -10.4828534152535 0.505795947513652 1.47800089841072 3.57647757409071 3.91769286750913 0.901942626506022 0.214812045119444 -0.722874920871726 1.0910007940616 -0.33792193400359 -0.223249577359352 2.94952513185121 -0.522970389649362 0.717797291139164 -0.634765002052463 1.61080857145752 1.34284436532581 -8.03677507871392 2.79090436341561 -1.14899986279667 -0.589324506595042 1.17138218127113 0.526230347306892 -1.89305292315182 -2.04861427513794 2.66536142439709 2.80401394650585 0.14037892468497 -1.03458159960147 -0.902321235507582 5.05301475329437 -1.1718201210997 -1.32363939706995
"858" -1.28693987800026 -1.66613291781824 1.8278678064497 0.5571360227727 0.0557712617652014 -3.87846260187188 2.2750891102388 0.847895374053181 -0.584909459346781 -0.97567977519103 3.14743439665376 1.40527024974421 -0.433328374898625 -0.686160333199921 3.16849820792845 2.75247085693398 4.57420812145593 -1.07940871525032 -2.01557752206864 1.48885151391174 -1.18432798844261 -5.40285041874215 0.841081593079912 -2.40116923018041 0.0239301094713922 -1.07259828014836 -3.53268507820058 2.62983926823955 -2.2596079514509 3.03095126570259 -2.4283758595019 -2.53131533056501 0.247441603559527 6.55460315217744 -0.52214181596516 -2.15179468356386 -4.56536987130647 0.595934215006522 -3.6355992697963 -6.34031471872603 -0.253962553622067 2.97422342164564 -1.8164365542697 4.25548018947318 0.873497907197351 -3.03583228674662 -3.22883941774024 -2.62064078022237 4.05362630229181 0.16674189525492
"859" 8.58316508208097 1.4584483101364 -1.64730558993815 -5.06938285849511 4.07117866633218 2.45838333303312 5.40064465153867 5.86529681390006 0.989400971379893 -5.22920159603038 -0.27407856792151 -0.88021126984775 -0.259591603911861 -0.686513613580253 2.92084056840798 -2.63245086934988 2.1289554464018 -1.04868712309695 2.18048835982203 -3.06443804894208 -8.39313945519172 -0.172391971720615 2.5609867745289 6.05544270262451 0.415245980073165 2.50400707404527 7.46523037353819 -2.24869944408827 0.923082924865457 2.88708112482674 3.04479057541824 -3.03631501631551 1.13750913302171 -3.79364892513174 1.92073318114655 0.824747918312593 -1.78109072797858 1.03857004080882 -1.79091942630296 -2.14610222684614 2.67363762144452 0.439797074609386 -0.436669175622375 -4.92048423932048 2.95612694091355 1.97473086446128 2.10797043050179 -4.63631995784308 -4.22024970687986 1.68091319774604
"860" 0.451670199494031 4.95854098522041 -3.20742154938802 0.500211811602837 3.3954152555357 0.315587125807977 -1.06003177973154 0.541750525545126 2.90403780659679 -3.6355960573369 -2.65097224526147 -2.30605659694087 -1.81313060470827 2.33187839813984 -5.21463464460604 -0.49860663152137 0.780606208812041 3.46569858514422 -0.624430199085281 3.65043910767533 3.89495441757572 4.29300564341356 -2.55027076389584 -0.727355261408838 1.42086891756675 2.68665625891698 1.14280526228577 2.83169554144412 -4.33915313919026 -1.06895597881766 -3.85871840459718 -4.6746877316461 2.39681964632829 3.72641548653186 0.16740904284385 1.49091897758323 2.89143000849799 -2.59790399772335 6.46413118212599 0.653633310300476 -1.52631831578865 0.353508230261617 -0.9605319402601 -0.45903967503932 -0.136566372401042 -1.58502255469361 3.6973331304624 -4.52589617636071 2.00822815196463 0.00148355855293376
"861" 1.60294724775478 -1.36219004599732 1.67463601364617 0.812492110278937 0.278864988253226 -2.13300748978614 -2.67300392224428 2.33615012866588 3.63764298614884 1.75494125428049 -1.71130127113733 3.07358377337925 -3.69976998494697 -2.65063730628643 -2.20121798361799 -0.584074565223596 -1.41847320427362 -1.31195526823647 2.07959590440207 0.801573179734912 2.72463412767594 -0.596048399547392 -3.79222868210096 0.866049570441149 1.57133329728037 0.54702020812225 -4.00327799139242 0.500899509782027 2.57416510864708 2.36437807317922 -0.415157478053478 1.2785843394566 1.87204797991119 -1.13895343871116 -1.24138729091979 3.51080616832467 0.193719446820879 2.55417522311054 -0.0961238054272327 1.78680993413817 -1.60064991413579 -1.58695733603412 3.79664073668355 -1.12490369165608 -1.94038526798913 0.957579872816804 1.99178100242758 5.50859634939262 -0.526977913226189 -0.440246659785659
"862" 0.030057514966707 -5.54651097311047 -0.508335311648949 -3.00749056747759 -3.13859080806848 -3.80114101529652 -1.20556713491754 -1.17257367087884 -0.438802949574407 -1.03436466760343 -2.40178824281104 -0.990760586168336 1.56418809149766 0.364860814592039 -0.649892163950828 3.27332430747055 0.859808193523928 3.73251335855651 -5.41124198388316 -3.5129188935159 0.82804450904987 -0.00948337609174058 0.686893286234835 -0.505035849144567 3.31216087003633 -0.925935691149229 0.718890563718103 0.0713570078958581 -0.39757376507602 -3.26513897872178 0.188836406331438 -3.84736820564519 3.91535730269391 3.05034990194422 6.08475317873144 -2.65448676139862 -0.917845124747704 1.82624620484698 -3.19328293610983 -2.0721341160529 1.73742493181836 -1.61897090037824 7.09799903506928 5.18546190153459 1.52851548238426 -0.0635057928648036 -3.75905560530354 1.454690882865 2.47577852172933 -1.61272991809995
"863" -3.3531277899044 0.32806291383698 -4.72590929434942 3.93037590276746 2.15610567643476 6.62600532777912 -0.0911340559250133 0.28344395906459 -2.13744428315652 4.05551984183881 -2.0587339612534 -1.76298063777781 0.930199359634127 -2.34795573988677 3.22321205537367 3.26378446138338 3.96345682614928 -2.18074602377728 5.68059833250258 2.74882755512089 0.878151038474608 1.88998554230324 0.508089392004309 -1.51900852658678 -1.96530413577474 1.13861522205186 0.241691326633078 -3.8962708042916 0.922586454996408 -4.12350072632213 -2.30193991226239 1.77485858211721 -3.51472501642375 -1.24524402971327 -0.673797719630378 5.91298777923119 -0.153906229021947 -0.148179821803262 -1.35992619336686 -5.25919723069033 3.4526819236423 -3.27946627095154 -3.18802404719346 -3.0134173838213 2.07341107342224 2.66094770462582 3.30057871502582 4.72427723588692 1.50307557140863 0.341391263056828
"864" 0.501846257471419 1.38252320781586 -1.70174509911221 8.69585093642321 3.19140365152916 10.2799989346548 -0.73329409189552 -5.927917060598 -5.75206021114136 -1.40086178748502 -0.863405904462877 -4.09159247059586 4.9815844494823 -1.37557770285937 -0.0619125293708959 4.97834172459611 4.73158126537998 -0.737388488532463 -3.79914955886244 -1.86768009165765 1.47274791517663 -0.693816985914955 2.7778967644809 1.11855856993356 6.1870896108234 -0.181258115647951 1.18641662475164 -3.13226759434821 1.10998012435143 1.5951646104277 -3.30529204987584 -2.7258114132629 -2.02238897885222 -1.806583812864 -0.476434051337476 -0.224452618136214 -7.7132638496185 2.7947405786242 2.83627058448861 -2.92439534998927 6.6114631827323 -0.177511235916761 -1.64344699713526 0.941596359465362 3.20861659099663 1.20005568244929 5.85633417288767 -2.48361646889912 5.31898264286418 1.36218971215426
"865" 0.330410316234869 1.84950415530676 -2.82173768923005 2.985768513251 5.20088713228846 -1.60222554938432 1.5323737221847 -3.78905077497014 -3.43752732676405 -1.2120242610963 5.49553562715938 2.75807926779769 -6.45684054912175 -6.1743903478273 -1.16016554819089 3.34607157435898 -3.3712717257842 0.20968686805971 -1.42751322135152 -1.56895153580156 -0.87047026671988 1.10637345845715 -5.69385663570908 -5.05277753032236 -0.283836523334649 2.32579975286826 -4.14655327129723 5.62091555141405 1.77906900100212 -2.57113742069665 -2.97372481400757 2.43810927544056 0.604450020106463 -2.04122702979941 0.277061657919535 -2.37208251246676 3.01152059652133 -2.68661010608601 1.02415437266507 -3.47167451830302 2.29178598511258 -1.73151312357606 1.62029233429617 1.32514992148759 2.8649525817399 0.00503592372234251 -3.29353406764357 4.48246695876178 -0.0110346804020667 -3.39132046517085
"866" 4.72237134969148 -0.570778084679555 2.1348887637563 -2.07973746245357 5.68838730846875 0.549645709565409 2.08821532633244 -0.789916850084266 -1.10299206679951 -3.47997661678611 -0.769986593131024 5.19693545990103 -3.66296213857407 0.415593974269313 2.60313196946095 1.21511780381475 -3.75255299716595 -0.867217201153247 1.41825303390284 -5.37987906869935 -3.57913961144817 -3.13833519444814 -0.567539986896638 1.6830975935772 2.29439734795405 -2.19586709724961 2.01435002995409 0.483895887371582 -3.77789599885962 4.43809557890895 -3.17366642569708 2.41908806775525 3.91988714166182 -0.103255882685664 4.79592998561809 2.62300870550468 -0.134300496961031 -8.14674139754791 1.78452087501412 2.84743399021431 0.889133778373713 -0.512825201503524 2.36929542292047 -0.631470665840152 -2.14467302460728 -2.49285932256339 -1.41484656657186 -3.37765462229534 3.71040346896622 -4.72976911833357
"867" 3.66973989307953 2.7654011283451 2.4727114320159 -4.32853472842816 -1.36643831130541 -3.04021723265291 7.13549877324488 2.30818495730014 -4.49344058552139 -1.02594064907886 1.25791883574327 -1.32362307512821 -1.31581848131268 2.17975674996883 -0.523477673470978 5.1576822803401 1.52440533675803 -3.5673572890863 4.79018480878896 0.306033768954289 5.1378737494451 4.42717191570375 2.66516460684984 -4.53423568609488 -0.624463230579192 0.318162514348191 -0.0879119920388657 -2.76778715594611 -4.04533843206485 -3.00926849211356 -4.97654814912988 2.75322594968009 -1.69505937439704 0.380082218248696 0.903323280559566 -1.38851181877215 1.11476420482407 0.38870491814584 -3.84591854989087 -7.88795099954985 5.07073511387762 0.381610580534215 -3.17079675773019 0.683435313163571 2.13966990785595 2.15327376136975 -2.18223977479903 1.43285689166078 -5.45170106727386 2.56359023718513
"868" 1.25003541006639 1.90467784312077 1.03881424043104 2.47205508372681 0.940494960281091 -3.48868139800735 -2.12953896422034 0.157296737122741 1.96278145026347 0.185460078099755 2.83541666990076 -1.91280981048108 -3.99649734333373 -3.89277535605869 -5.75154090684935 5.71806847744612 -2.77197805475387 -0.613400675764259 3.73138751533619 2.82696780891467 0.960851421174987 4.10187762295267 -3.55072986706261 -2.88273976511738 0.029051907197635 -2.79027661831107 -5.69827206024654 -4.11406472044241 -3.28476816721742 3.71452098022904 -0.734259126453467 3.34367402397356 0.397611221290522 0.468941782613731 -0.511589883639421 -0.551074518431499 -0.808241433742623 -0.563251170668565 -1.61105559958295 -3.04699658000227 -1.17563208861159 3.68384722937931 3.4853142056122 1.5354772197832 -0.418883829696682 -1.29230188805902 -1.49395976122002 3.10710817224613 1.0372515082742 -0.182679638333608
"869" -2.50479763553163 4.14667550060686 0.00343309740047593 0.786595674787877 -1.83959205614869 2.56122781128796 -5.24720787050199 -4.06081217508054 -0.670332904119452 0.103468772568321 -2.68623314805156 -1.04949219738931 -0.56496871803012 -1.85763984579215 -7.38371780276442 0.21363928268105 -4.87854365252212 3.49460174691613 -1.0638027299318 0.00589690255729676 1.53917337430774 2.89663643913693 -1.77568436074095 0.0112193946912286 2.64943135922876 -1.68434965400187 -2.42768197912184 -0.885012200294422 -3.99423572602958 -4.06275950768321 -0.196634873327797 1.07653013761515 -2.22036090349344 0.747944688912578 -0.914693795554334 0.266485011243019 6.73843558065788 3.6393181750413 0.0715829448576362 -0.296223216055304 -1.57837668053979 -2.59203034417666 1.25702566083626 2.13234823800961 -3.89978420959505 -1.62343428915079 -0.298344590963594 -3.75339627033424 -5.22290963729952 0.378990685074254
"870" 0.287944613094306 0.803732121732461 -3.2084816475701 -0.550647838028622 -0.227507184364449 2.3855980023932 -6.09008394023414 -1.14864600159056 1.40625894584932 -5.09475918473884 1.83156382158365 -4.94248051722074 2.19044001580261 3.82011511733487 2.17137364341116 -3.17614911841717 3.82484802772814 -1.600137208345 1.85395443465151 1.22052016190312 -0.280004316131618 0.903648606268695 7.02693224814088 -1.93054241094538 -2.16376673109152 -0.803208590823198 2.39484418829576 3.73074209536976 2.56270601167276 1.60948201236079 -0.539820221934189 -5.2817073999913 -3.33989862793872 -1.49455865036418 2.15883357239927 -5.6832192343835 -1.88480806410465 7.19448956972113 -1.89267800001581 -2.59412847596443 -1.59269069670452 3.74242823521456 -1.48428561971868 2.5314313268657 5.17155050765935 -3.20296933924632 5.98080000700915 -1.46563503500218 -1.2967229840927 -1.64029129421081
"871" -0.617297454042304 -0.333898083814896 -3.84436082026164 -1.65910213309301 2.5554273846859 -2.23853474981614 -3.63921173367299 0.23194687587562 -1.00087427445153 1.43293242187995 -2.76153838567377 -2.21597901602858 5.76384850235971 -2.75486811631508 -4.76127386866072 -2.96669708206655 3.80319654840042 0.72994396750027 1.71363436635386 -1.2041353568575 -1.19336173079688 3.50582510032968 0.988982731750983 0.220775679255471 -0.510090181106912 -1.07136108699421 1.89189417931786 -3.49162039031814 0.348314752669778 4.00129280491856 1.56965985772402 0.767442112989074 -2.78191204992071 -1.06455445388571 -4.10230626827559 0.0508017445599011 1.25426677953319 5.88103418006475 0.149224914478906 2.11461024511725 5.13310974003469 -0.933027582341417 -6.43785230783232 0.931478312195305 1.10087514650267 1.90144002482742 -2.36541721526014 -3.69305770618326 -3.16099438113504 0.46291000863121
"872" -0.814196949113862 -0.694972508398665 0.628880321908411 1.14392269475237 0.759499641001739 -1.19809466912044 -3.53547489619983 0.530209875887914 -2.99121762407919 3.44577578546421 -2.30189047974882 -1.32091256893427 -0.484308396114263 -6.05363095680491 -0.131743817683526 -0.780713346522105 -1.33320282499333 0.0406252886584385 2.39491129349691 -3.3488089244113 -1.88591445182197 0.762165667885409 -0.573011725288079 0.12081318479647 -0.117972295521639 6.01035355244154 1.46055224819261 3.39520894424312 0.21774773249502 -3.65152357231708 -3.3222180884618 -0.150994087448989 -0.264150208255727 3.28865265885051 -0.666107955605473 4.0052406744413 1.48651333683578 -3.45210182114767 3.5575349584986 -2.19571514285332 -1.29807473653429 5.4245886882115 -8.56437180419667 -1.50272205528592 -4.22036172654477 -1.27605117102023 8.92400905831349 2.91588636355082 -2.02526547754976 -2.78102171238558
"873" 1.22400914830257 3.64986971419814 -3.93329771501227 -3.0470716344083 3.14685344425382 -0.553002961740863 6.25571670915278 5.62706311423263 2.43676398264853 0.265718676984407 0.621692231111697 -1.01222800210971 3.10274324068928 -3.32481703025979 -3.85902863625549 1.39882230537715 2.12933687237427 0.875786757474433 -1.65729762450817 1.8031553727088 -3.90854623184882 -0.876617374217909 0.994022765161157 4.18408167788468 -1.07394879640588 4.52012377115399 2.00817065160565 -0.941947755016183 3.80913081146936 2.21517269820913 -0.736848942854929 -3.09143726802968 0.256928244017188 1.55261690203618 -3.85205269705616 -1.07345772173414 1.28008258239289 0.662912077417405 5.2321455733269 7.24577896914876 -2.44198436590085 1.57380992697873 -1.86015308100765 3.04130401605668 4.66003306508818 3.85566762449989 5.41950487015061 1.82189496759851 1.49097556552678 -1.63445011358756
"874" 4.71981138781166 -2.60952193771276 -4.15268019289466 -1.75674699390546 1.13271908383378 -0.315175991173856 0.794270269771673 -1.33756339492816 -1.53858069392378 -4.25707232816934 -5.76033399004058 0.810418104386016 1.42749268613627 -1.6215344193546 0.464022724171485 -0.324269507543929 3.82676671898747 -3.4635086443021 2.22480245722607 1.73452302748552 3.72533647625623 2.00627686011398 0.827398087772138 -0.191019941553824 -1.95114935682948 0.452826394988497 -6.97018500718909 0.332063773915688 4.30268586082129 1.80948873632479 2.10064624365809 2.55801347822791 2.46169422401629 -0.0062778298707391 -3.83208652212089 -0.107597127966927 -2.34529179375671 -4.88743632129432 2.48392059749396 -3.20583301261765 5.10044270496459 3.1504444346815 -2.54831741876884 -0.324736833802323 -1.45864009429501 -3.05729887037574 1.44907433768693 0.832152571375686 4.43768210226906 -1.96313052035822
"875" -7.92594274225827 -1.90377060959624 -0.00494227812737186 0.233004918893104 -4.89724683677123 -4.84722060209641 -3.88432479053648 -4.1918866738704 -1.39906791436113 3.34293177893487 -5.67294983066963 -0.960914747689815 3.69788133109628 0.797029405483482 0.0356577316997402 -2.09925824465189 2.68651982861211 -1.95884630965176 -0.536809167602345 -0.889946823991583 0.160960191094509 -2.08075966135196 -2.86177968754558 1.95251898977383 0.749802948102252 0.320236160792025 2.08427047310667 6.0059902896545 2.72245750719384 -2.08750535895983 0.611768381868596 4.52767615038783 4.64549848898012 -1.29193361800008 3.98820768059556 0.381253529698661 -0.820343030153004 3.39947726190682 -2.39952991618272 0.824048549625714 -2.14166647222419 -6.15380626537433 5.48145119461734 2.86312244220662 -0.471444966442136 2.20625458334413 -2.17557510586943 -4.36176559457174 0.378242846759243 4.27212032350432
"876" -4.79803925333955 -1.9711616081741 1.13474118301385 1.39590379161893 3.80291049877828 -1.09622736892866 -0.641349087118968 0.203212205854001 1.00640502203183 -0.0790842283773444 -3.19989282146522 2.42765129180321 -0.63458694535959 -2.1662703454197 0.0271154554757747 -0.111945755520775 -2.11117929500797 1.85951370090389 -6.63224599639412 4.84202969298849 2.22489224142139 -3.16323778975465 -5.4498112210666 0.565760868816206 -0.322986235314394 -0.350883432956576 -0.443990343352542 0.49159392208311 1.20647737076071 -1.18171193501578 1.01124533466371 -1.68329976589568 4.12262082053338 1.5044425122607 0.417170995971178 0.706797365354513 -1.17241048059255 -1.6726611195262 1.06387001776966 -0.254840265876795 0.300198929129227 -0.745108573412004 -2.13213776815786 -0.733930124238657 0.199364508062451 0.288119883465905 -2.66141920967743 -1.70838353535419 -3.76809429437499 -1.06434971050349
"877" -2.61541309943208 -0.650854144530309 -1.10771902439078 1.17718830729942 -3.26930009808691 0.159884838839592 -2.20584900671659 -3.25326804241145 -2.71711320954899 1.0875962277356 -3.19132677781103 -2.97750829649302 -5.93708706949322 0.0527964039545043 3.7417653308341 4.00385080020442 3.40978078402101 3.5073691228061 -2.19140471857552 0.0763138332198424 3.17378675349802 -3.95306378289482 -3.0740595610466 2.71747687040332 0.477797872635773 -0.992884941843209 -2.22657500077044 2.19390413409492 2.32833714163468 4.45172774328723 -1.5103752853454 -2.18823832572396 1.64932902442743 1.19177286511245 -3.95579252501524 0.623547595647177 -6.41734101026823 1.12497934656764 3.78880654787279 1.92777373107997 -5.69907971287482 -0.568562842478177 -0.139883027484811 -1.23084292923688 -0.107348714943692 -1.24976787873325 0.302149352209546 -2.36476018456549 2.84751775842128 4.06645594359973
"878" -3.95526059137343 2.55116410018489 1.09069290364814 1.26734915398144 0.723943670605053 -0.855498803637138 1.50391204502587 0.500753132587703 -2.11570348543939 1.04398238773863 -0.18632727280228 -0.671574781412675 -1.86294774983456 -4.1030202624911 -2.02061552637765 1.81313642383606 1.50754697536735 4.06416871217345 -0.367664946449069 2.58453640534056 -1.75718153867703 8.45621161101739 4.24953978497058 -2.16548710360993 2.01392358837677 -0.449593238570358 -1.726267408677 -3.03740634965905 8.07475220787216 1.64269433396165 3.29594093887716 -0.456787636701949 3.76059738960459 -5.54389780740649 -3.41898683572996 -0.666391921969065 3.97433726200413 2.68739459621241 -2.98481900246859 1.99023198754473 2.3562291827384 -1.96406311520259 2.77786535322846 0.152107531131252 -4.11245739986675 -5.30143254983885 -1.64313540294338 1.80795402612868 -1.02528722571011 -1.38936970560997
"879" -0.286612142580804 4.57885640004392 -4.44698848105428 -4.37619712985151 0.884123211506253 -3.03547205786166 1.00180043872967 -0.779440004491154 -1.63315669243508 -1.45469895182965 -0.925645157141014 2.08353209824573 -3.82725958673242 -6.1434578385422 2.23585129452754 0.303380005816094 -1.08979438052884 -1.03016558660126 3.41197117520099 -3.677712906009 2.48733853959291 6.40244979606305 2.82992003997819 1.14293883175874 -0.601623287324987 0.695808536603577 1.03870587201255 -2.55217669551531 -2.97555561297424 -1.63764499785716 -3.94739105597926 -0.930234428003358 3.02356077787872 0.00633588604215989 3.78430045876887 4.31415589244899 2.21845348903216 -1.28138083419489 -0.786817056933782 -2.88596589002584 2.65938783756339 2.46742115937038 0.465987371001411 -1.01299490587239 -2.71339882302012 2.23935853929176 -0.484811666207198 0.283221887645979 -2.16437148887304 2.65898710436562
"880" 1.527101357985 4.05115372403269 -1.80012681870884 2.48174663495965 2.76839044202548 0.255467018987972 -0.2126880194345 -1.7881666076219 -3.37404879580431 -2.07772795282124 -3.72939095366973 4.77883702742688 -6.49787923041016 0.297558963065147 -0.116278694822464 2.41442213040299 -2.80370883877363 2.66532026512321 4.01343350461423 0.804717113300444 3.76679861619241 6.69497484984504 -1.57906456528486 3.14237838232563 0.112590922340414 -0.772258998633241 0.212092520900743 1.0999690061343 -3.08379735246106 -1.63790402542588 -2.15485631740522 4.18344344820793 0.0342957312340418 0.224350357842604 1.0158413244484 0.0593357677687526 -2.56380277323856 -3.99509951314767 1.61139408414747 4.41877255689296 -5.62685195018861 5.6914380511462 3.66390430497391 0.501720445112491 -0.536703413461475 1.34592432475731 -3.65907445249167 2.81578512868293 -2.18781379918232 -5.48420247781727
"881" 1.14441474736611 0.819528315202537 3.2428413990824 5.40207646155437 1.61929417734683 -0.596795601443726 2.27367466105008 -2.93298508784032 1.17649667963831 -4.03932999628454 1.46755917987391 2.29384180662761 -5.17501227745297 0.834312962460216 2.91531846154155 0.181177020240432 -1.9681789304583 6.50945357506047 -5.84894861926544 -3.48676414706667 -1.30363448330703 0.579947699977646 -2.94430046537729 -0.991792861808768 0.179063014591084 5.70238932572916 1.60235693971509 1.90436656561619 -0.215495483944692 -3.37803564441058 -3.51771713857966 2.59424531605197 5.20943611399761 0.52838246864347 3.848303728024 -0.820779805484206 -2.53163204523092 -1.1074967527459 1.96357857091781 -5.93545507632528 -0.507406750154552 -1.76535345823042 -2.02821388870601 6.71991565545278 1.80693144100618 -1.06524288837456 -0.77336263705157 -0.659350221748275 -5.45649171658994 -1.13946540618652
"882" -2.90029415500851 6.00269742573787 -2.07827688788346 -0.218401087938399 3.45538706246128 2.35757253003626 2.12991037221926 -1.73757683802107 1.74516939221101 2.69960995276407 2.50963175138766 0.793509662150803 -0.43772248823742 0.597681868067831 -3.66784656683855 1.60857782100379 -2.96289192059394 0.748670527868716 -1.95600561562123 -5.02844065222072 0.166783695266893 -2.85628426046158 -2.92624337097617 0.712486017394802 -3.83186476654974 -0.466709125217892 -3.5594667950014 -1.54132247519482 -1.84487056011924 3.49391477633738 1.07383746325748 5.94004423978353 0.909286079587804 0.774971907662886 2.12514098032624 4.59983487919723 0.365362088794287 1.84578431304214 3.90436305071864 -2.93285587842078 1.16736125445705 2.17201776724162 3.22972791151102 5.09148029241786 3.76080061861444 -3.6922053094651 1.55482136061553 2.72518569656525 -3.16331340432432 1.97838376556478
"883" 4.78801387251131 -0.532894869431774 -0.997153530786645 0.884123619477313 2.81435764264149 0.445353303771522 0.729919790082247 -2.4209683049844 -2.38657214707881 4.72695301820353 3.95402312970545 0.612279960314175 4.07946743120803 0.335040980574548 -5.31934209175653 4.32350669673014 -1.9359933685865 1.53671348862987 2.11138422414436 -3.63956068498088 -0.177654781837938 5.13856039873958 -1.86607540398535 1.5152836831324 -0.290985052363364 -2.16578652616969 0.085375903425328 -8.49061713206378 -2.61932947939741 0.42470594882452 0.521308137422813 -0.99002726869713 6.13030547971436 1.77442967077994 2.31378325571375 5.88423000654802 -0.175611987042892 -0.677468051338994 -4.97670752205691 -1.85909914808904 4.51784870806022 0.138883657981017 -1.86524112694157 -4.93154636972728 -4.50884440152354 0.653102976880219 -2.63093196262352 -1.24546526621739 0.591455842906171 1.7848907470413
"884" 1.55379617171893 -4.17068901618234 -0.0965656022071773 0.903626874419151 0.160024829658559 -1.36489102289043 -2.09143435206473 -0.911316962591859 -0.241109640843753 -0.374105367852835 -0.510725995768833 -4.64582957675181 -4.02965665291278 2.02275572753326 -4.08419953014548 -1.4893191217737 2.13003753378943 4.55846114598958 1.59887950701323 -2.88346089469067 1.52511860571268 4.49631241537564 -0.117761178393574 -1.27100588362021 -3.22422321305497 -2.02484682454371 0.216406136926166 2.22045491801826 3.15391135684271 -1.50090486827908 1.75205494456333 1.10426491468257 -0.406767673650024 0.784679639681493 -0.193971524893284 0.425962841129732 -1.24618008505386 -3.41932381710096 7.45826323115882 1.59328123509622 -1.78736724284365 -1.05343033086379 0.379105005149932 6.48443514339175 -1.82152417016676 -5.05148530623354 -0.563099789239907 3.1687471294171 -1.46814220070149 -0.0411156825355491
"885" 1.94566740076236 2.91956399719192 -0.181802799987311 -0.970815981765437 -1.79129731869631 -3.54206161634411 3.55931242402848 -0.624980846568782 -0.580594666745188 3.62211621182686 2.62018109730487 0.30074466499778 0.721848912241445 1.03620914664521 -5.95688194223807 1.50465825650142 -4.15365071931118 -1.39535582029819 4.5199034869696 2.51114999535787 1.70632352598293 0.591023874857581 -4.12733861102193 -4.13959444439752 -0.154803377084243 2.20279488758029 -3.29362127085409 -2.48933235070124 1.03549093408427 1.10399012416632 -0.664800407718199 2.58018392494587 -4.39986391091305 -2.97588015731153 -0.74492734800028 -4.38234463641814 -3.97455662169527 4.1448071557585 -0.641642440527736 -1.59609467656958 4.77151028221302 7.7006627105118 2.02164401512424 -2.13546999354204 4.04289276961063 0.320409905963744 4.15511512340606 -6.50688162669958 -0.680177027170574 -2.04395875580724
"886" 1.25349875026366 -0.553794239718353 2.07952173522065 -8.12826825648624 -5.87104775297765 -0.00277800383769064 2.99723101722096 0.026778838471469 2.16811451705915 0.939667316369314 -3.6434274020979 3.17318293514622 -3.02426966558536 1.09711608125884 1.51776427007028 -0.353379261670977 3.46683294138104 -6.14619248630174 2.21976301746904 0.447188005625452 -0.36853722837032 0.326200602155279 -2.97170355776908 4.99397362661607 1.38251178322949 -1.70947085517205 -0.305524600718918 2.87865997061592 -2.29340606667597 0.621682502074867 -0.070670835993221 0.0710578632178767 4.05175652450078 -1.80667809185127 0.668413871475484 3.51900978671152 2.59330703504375 -3.96950885640234 4.29494849553164 -0.697202044445267 4.43152766027423 1.95095356784067 -0.230971189732486 -1.67032444154248 -0.340444869122908 1.31559090737121 1.47577860189849 -0.653428361801025 -0.921989292237194 -4.81663451698971
"887" 2.75754719162212 -1.20015660726299 -1.65576809491827 1.70915240728041 0.120000059433303 -3.75414218242929 4.36364669007366 1.43891447379054 -0.289880521435741 -3.3041937624216 0.752441182862441 0.0137764107952391 -2.55170360462519 -4.70913926121355 2.28095455178014 0.292503804780027 5.1782229220294 -0.286436861610799 1.82779971630483 -4.09487345356511 -1.39136948777453 -2.079580891207 0.374574333210494 0.70009484796325 -2.37008982830044 0.0535293214591925 1.53476959003517 -2.68821432279061 -0.556407895894254 -1.35874074342222 -4.17666996269328 1.59652196035749 -3.5613845206364 2.54347015625297 3.08976318727535 -3.40207750566649 -2.95979688980211 4.27637932632232 -6.92461347208516 -3.59592479233732 -3.91098026505638 2.61173943512799 0.456063998191206 2.31389130304864 3.31755449851053 5.83076701928006 -1.05629353657878 0.130414265484822 -1.81411817033298 7.65855132189836
"888" 4.96630506661049 -3.71398451948812 1.52323484635374 0.450876774534814 -0.0262779893158888 -1.0241224202396 8.35481068196134 0.0469237851428795 3.00185285691931 0.0606384163061387 -1.64007142586015 -6.20290333277667 -2.53703217881985 -0.679354358783749 -0.879524018116139 -3.52895202955538 2.67756551442172 -1.47280058183764 5.05860808833937 -0.195989529286192 -2.33881335905919 3.29003187728532 0.98751075735001 1.01858690613872 -0.170092127269107 2.67786827967793 -4.85943766523929 3.10882509384498 -0.828518289063045 -2.14665397674062 -0.993260008667078 1.66473269381896 3.69000657228711 2.08977428609943 -0.664092864215181 -5.58789763807496 2.10593193785012 -2.88779172707405 2.50615565788425 -0.719912726427421 -0.88870562045079 -0.0905124469143495 3.7349430527037 5.3720996524169 -0.558799161445303 2.76567582975217 2.02019538676614 2.23711691954093 -0.937614740946694 -2.05129194090344
"889" -0.155585460008561 5.85681647164707 1.32743238713908 0.818715374402676 1.26329645461152 3.77601104402482 -0.744742555212787 0.732994052674841 0.0223005484038676 4.32739533072378 3.90463853207522 0.404561440067213 -6.1196482258908 -1.15048566951932 1.51687345849551 -4.05122162815883 -1.63315660307413 -0.29018811647704 2.08226030248295 0.709422028303837 0.751187045921744 0.589238566894551 1.24990373981267 -1.92462217154123 1.68801507840012 -5.5446775005372 0.0233985522399555 -2.72035620885393 3.33790862013756 2.5731984947891 5.57743644241498 1.02902801593539 -1.06367726591307 0.629403204226805 -1.72211613242364 -2.49249543698488 -3.82155991657526 1.65042921278197 -0.819622389792089 5.0741460816454 -0.202608335809785 -0.509909929825817 -0.870641314101981 -1.999726716023 5.98310877083241 2.34060202942829 0.654181632825648 -2.6079711022577 1.4257204542478 -0.859171975403529
"890" -4.39031528298798 -4.51826816253985 2.65396026312517 -1.26492887714029 -1.51651111671926 -2.02488905022463 2.0979092133203 -0.210633914486643 0.407797255922496 0.0615903841133704 -2.42083612748561 5.03824096463044 1.89719034002018 1.86960936365687 2.87159122150225 1.7957945470244 0.0428050633457294 -3.79969647901327 -4.08896590960765 5.26443048161743 -0.633541754360639 -4.8931119648235 2.14644284958258 -0.524095854697426 5.00169134420857 -0.937908458612515 -1.6956954653932 6.25941803202505 0.164750554688525 -4.04306492171771 0.812067507718451 -2.49426122445676 -3.86147793466848 1.16033075348883 2.46043839303405 0.886827452671683 0.178066071140313 1.957993106462 2.52376329637076 -1.91147600787827 -0.636279656684789 1.49451217456282 0.387890802446271 -1.84464368828689 -0.762779936830059 2.47200853318333 5.01667902457648 1.96866053812738 3.12172501353878 1.66477597290172
"891" 0.982805055413942 3.54143747199558 1.095507855465 -0.818913130225268 -2.60763698010105 -0.467750898340056 0.714808446295727 -2.94801587034631 2.54250262355668 -3.27075944652492 -5.58414914566064 -3.20569719306078 -1.79936640773176 1.98811042231722 -5.25160191166102 -0.195930519085011 -1.33857476383921 -2.28427196480075 -3.36058327156841 1.1514683098751 -4.31442379367895 3.26209901112307 0.234434562943195 -1.73591780249571 1.48384648510464 1.67271592508447 3.23866969359321 1.27184407396738 0.234811420654541 1.46721258413934 4.58201178621913 -2.10951860947551 -0.027888053568037 2.35974494575577 -4.37644380681489 4.40783224504972 0.649470560625646 -3.23144716172194 2.84373516394547 1.45029966637665 3.14280758751928 2.64440623980797 -0.30712371524267 0.813190036759345 -0.909618911713131 -1.8476881662679 1.23714737021969 -0.532686462793779 2.52780638995423 -2.60910551801555
"892" -2.00999547781498 -1.27156701438894 0.907443909076048 0.77779691790716 3.9804593049821 5.30549819043366 -1.21920218322609 -0.955249140546166 -1.50161266043354 1.24509533381862 -1.64046200838375 1.87136147400466 4.89491042021901 2.5940060620315 0.0944411139518623 5.58575934469525 3.69522659951499 -2.07701467692246 -3.62048081621467 4.69195111953551 0.998811723176262 -9.39524614350921 -3.23659451617322 -0.410699235852695 -1.48154232179368 0.467562833836258 -1.16947867947602 2.68846461568937 4.35580704632267 -2.79895960918591 4.76079438065549 -1.72390170762821 0.126188523982994 6.01757644363624 5.51939759255788 0.563742617405918 -4.50521684880443 2.8753167857473 -1.42697028388 -1.7818905012448 5.26684270019417 -0.52361542540524 -1.66088647416966 1.45250419343898 -1.20616795930675 -0.996501134592117 -5.8879786546577 -0.524760475160667 -0.387440344704474 -2.94948643819403
"893" -0.923607878433913 -0.378123545279259 -0.0734169800268745 0.114357369810415 1.22414629426544 0.740236621687039 -1.82677872997874 -0.195729982775167 -2.96791107398956 -1.12905742521088 2.68145202878046 2.18612995551368 2.76928755154699 -1.26628532053568 -2.80508403826641 4.49271134538362 -1.98162454789005 -0.952677935590281 -1.00463078356939 3.99071498661525 7.372820749968 1.81849252738878 -2.89270699446626 -4.12369350840158 -0.705723886507455 4.92946122850214 -3.25975343369835 5.02963603954556 -0.00430636322002013 -1.06553523733182 -6.34657200967555 -2.05427044108095 2.8594529573653 2.88589478528662 2.16879748944267 1.22027016585618 -0.553984538925503 2.3648807364529 2.3306907015413 -3.22176901997264 2.45082611395929 2.64910981372543 0.852744769683154 -0.597907705775951 -3.90025147255102 -0.849148037385884 -2.08305017147909 -0.213722064947113 0.169293527350769 4.67084742788157
"894" 1.97171691360267 -3.82075876688865 6.06127108111366 2.15752217864977 -3.35516266174042 2.45335974968693 1.90826133610352 3.04341254848802 -4.74178315346617 -2.66758341386173 -0.732567568661149 1.0305875215808 -4.0586909613981 -5.92586082036486 4.4154595586759 3.70268012426622 5.33632188427151 4.84643133552293 -1.30059738489117 1.30270503237838 -0.99005801557726 3.64149665184539 5.56818955782553 -0.755512301987277 -3.68591573081025 -2.00312908508797 1.9589953801312 -0.854445020775938 2.47160899845742 1.63410139082673 0.673618142594954 -1.23914368075657 -2.38567680876126 -5.2213953526109 -0.952205524161372 -1.6240752854649 4.69676388041946 -1.80753133796705 1.17601809356749 2.54334519432786 2.04393722555256 -3.65494652554933 -3.56322555798193 -1.15585618120183 -0.14127734865552 -2.50233886978776 3.15412341119369 -1.08135967623372 -3.07080515245748 -1.70503399538575
"895" -3.8727305285932 1.3673908883959 -2.29379305981681 -1.64440298737095 -3.52061826142532 -5.1671575451702 -2.43348115323626 -1.56500147527805 -2.07870342082689 -0.84602786291669 1.98836475027134 0.76732168879681 -0.293041326486807 -2.19171894637147 2.70177480827915 0.441700111883875 -1.09233386401629 0.50060415466855 4.53692261697917 -0.541979775357621 1.24331414558832 -0.49248168579334 0.424001041078841 2.55365651691101 -1.97563329851128 -1.17519384972536 -5.14956461395184 -0.104371152202862 1.53544673298304 4.05805995347801 -2.47526441080233 0.679746135591696 -3.46474805969857 -1.16038733406256 0.33465453856972 -2.16196960977953 -1.47380726695322 0.572453750498946 -4.14237648015958 -1.84832224553077 1.74373925459332 1.6988046199705 -3.29155173436857 1.1779014083108 -4.59898160572252 1.09965737797503 0.683172064533718 -5.125269191211 0.384432013448638 0.960206836815942
"896" 0.6413720660739 -1.19941518148058 3.31539363871446 -0.778989832293642 6.83203941007606 4.40567797228606 -2.00180247648628 1.29988118979956 -6.24970989137239 -0.0798218841801967 2.80155418939226 1.3088043769445 3.47710609485458 -4.4991676192122 0.574882287448059 4.96207451995624 1.76328812567551 -6.48617173899321 2.97870971717964 3.31641142248525 1.38713336888417 4.71560726380525 -2.47675510496508 -2.7171115744645 -3.25983707867573 -0.298917652945322 -2.59531307543612 -0.917687136463639 0.94804179308771 -0.656681073112927 6.04561438596903 -1.76933258599728 -1.16619099063759 3.79552650743901 -3.22909755603862 -2.59535450056253 0.564842824898609 -0.937604833545342 -0.60974215828139 1.75015239932503 1.78015241188121 0.636162984283308 4.33844342300471 -6.5162117631733 0.583718695722782 3.26893707229028 -0.643254548990011 -2.96956000981101 5.86140422042913 4.78572440658706
"897" 1.28407531430438 -1.68731188461367 4.8033631779863 4.59657391444912 -1.71579559741387 -1.2856891072807 0.128020486442857 1.17228305060026 -2.3963376095446 3.17381462389679 -4.08730929451389 4.60095515465832 -3.18644474821467 -5.09945119585297 -3.26710069131537 2.62635943044072 -1.83514544172522 -1.57636630327255 3.05722751774214 -2.13948486008374 -6.85539051598227 -2.77772721497109 0.348311837473068 -1.24013671590039 0.370043987403512 -0.222106032711061 -4.25230100045636 5.18221889196805 -0.796492877642225 -0.211122754571092 -0.653692511490719 1.49371061613267 -5.38890844591307 1.13962840902418 2.4071257949007 -0.582439391513168 0.687167540914164 4.08488436485947 0.159610405466375 1.00841923899824 2.34386082852079 -1.88728392290496 -2.72188538444038 -1.60733637767168 -1.43718443675448 0.611700395601174 -2.98189264854552 -3.26259123655376 0.446148391262975 -2.35063824397983
"898" 1.67099701841347 -0.479427232263028 -3.21623127763054 -0.41295796151245 1.35479504453656 1.38995063301886 -1.14507100850132 -4.03758888253423 0.294062022803806 -2.8638486589076 -1.83109199095915 1.16527558807597 -1.72372808939837 1.4635010238304 -0.539640351569232 3.21686739322393 1.17608313600917 3.64019526797343 -1.02270568858114 1.45208801960046 -1.8622351093125 -3.47805894780846 2.21851783498339 0.972659853389874 1.95015905566607 -2.43602988663329 -4.23687366072108 -2.40108837839719 0.761896675377697 3.2460279945421 -0.0374665676374249 -2.83518300990321 -1.27741429410161 3.77290443651489 -1.30838915810754 -2.09606100972701 -3.40410942370403 1.32509587855812 1.05428519364451 -2.85692489607913 0.20080049230111 4.71083406946848 -0.765994393780106 2.32833976460538 2.99678457057734 -0.402386582833317 -4.40997640693352 -1.11956033850129 -3.00396278198516 0.800360752080212
"899" 2.44527884066072 -6.83604965898569 0.3843998445937 4.73744331530544 0.955794434845551 -0.549258967593402 -4.0716725266784 -0.769527294125487 -1.35937439979175 2.40403880383155 -0.361854447041439 -1.24117951722029 -2.86931991161446 1.72624787955396 -2.00537940504626 6.75845418357409 4.22554604871367 3.41529386563298 0.993502905930593 -0.0760034665702291 -0.225582164027323 1.22522657067057 -0.498169626295891 -3.00583283564899 -0.606976956229938 0.196832327668799 0.0487341694649364 0.671648489527144 0.3757008983078 1.1114974333666 -0.432345664428986 1.76575203059851 4.14670662509168 2.27625033236462 0.416775865298036 -3.15147333587228 -3.19220141998747 -1.71368324357918 -0.0226020215907547 2.27286675653431 -0.856459551070493 3.6304615974904 -2.06072031923548 -2.29076110162905 3.98258206544623 2.72126586464538 0.742926088871467 -2.51598046681567 0.120554157804881 0.764841823822576
"900" -0.634009031189245 -0.590844158359717 0.952807939247834 -0.608126037107481 5.29508394001777 -1.43698749675117 3.0226514849941 0.982384400223193 7.5585674388567 4.09385914424323 2.39381906337871 -2.46260858747661 -5.68323726182639 4.41845154041545 2.20039673455179 3.94908701234872 -1.1483116832098 2.10383990866668 -1.57620158392494 1.38803409511733 -2.85751108876483 -8.85449420308509 -6.92013013329166 -4.8676314316508 4.52145345399319 -1.57851279493619 -1.7365750993662 0.209339108788489 0.47990012120841 -0.149307047133154 -3.7626030998782 -3.81783339445456 0.577260307865423 5.53482029177267 -3.97756543513441 -3.39274897094038 0.942714590560967 3.03068931410544 -0.41940554456949 -1.26815125350472 0.191344973926793 0.880819685249073 0.634679759234108 1.13876634287088 4.41642309756634 0.83700654085546 -3.54656402707665 -4.04596669537829 -1.28871408514162 2.53988157565009
"901" 1.58601638116881 -4.3219145128182 -4.43548003018338 0.516309004331035 1.59477587163949 1.62878047344676 2.02589286524237 4.76323008563547 0.989029201543413 3.24692754049055 0.711831106210761 -2.13723383602628 -1.52407007166366 -5.4785907573113 0.510318503658374 0.870269493326362 -2.25882043598755 -2.10864258101136 1.10777049919238 1.86530525010668 4.91463382691145 3.74173559748701 -6.29557554069138 0.890472568618264 1.47426153161933 -1.70991432489955 -6.4332492239868 -2.9910862842037 -0.314286803585045 -1.5582182602785 3.73443074345261 -2.29467023683831 -2.65599394832257 2.68921857154866 -0.84691617990541 4.04467333287193 -0.599820921446484 1.16863353035286 2.38445420338744 2.80102995931547 2.27283754224553 0.837755501975035 0.632781579219268 -4.07953878145871 -2.50637742096124 3.28777962878221 -2.45175931310486 -0.986039225163208 -1.8053244579918 1.90802298456017
"902" 0.982925379565155 2.79135736731992 -0.719074199186103 -2.05315036506468 3.49367741305288 -4.66683861706797 1.96589196011963 1.40319245578003 -0.579397203128564 0.591695481229648 2.25107968420766 -2.99208461840018 1.95451459095248 2.23493324640632 5.05063622570616 -0.805635509232192 -1.10053823847724 -2.494235566579 -0.666398332778931 0.465999929169454 6.57999909247517 -2.54149826762032 2.03978205162969 1.62639408109678 -2.95297053362343 -2.81042330845309 0.0236918136191464 0.972741576775063 0.701313839788182 -2.15453295852087 -2.43023764742608 0.980774541611174 1.24435224817583 -4.93485159751596 -1.02597214568888 1.84234330294662 -1.72295416756479 -3.28331744137083 0.11311337427181 -10.6160253002143 4.50447752298878 -1.89312923647458 -3.10850773630069 5.75117916845427 1.74978602150193 -2.89218154554218 0.832771405606936 0.351854010687705 -1.24866550574176 2.56983947187258
"903" 0.0326596744531345 1.41288126176816 -4.89897181255613 -2.76531084887803 -1.66419329016364 -1.70763572361698 1.13038311788608 1.79954110319984 3.05486443222359 -3.71873497247534 0.790229123893457 -1.49633550584286 1.89514302675615 -0.475151276357095 3.67755800249659 -6.22089520783512 -4.40481949427418 -1.18576914565707 -2.01181102761557 2.76713788845231 -0.778484919729511 0.685542357434178 -1.53834092960629 -1.7640873806946 -0.00569800612446436 5.56672287097568 1.26411945663571 4.37051382374769 0.853893213730354 -0.0923024307551905 -3.0068961512165 5.91869370726897 2.54794359589611 -1.21320507935667 0.350691757155314 -1.61286917683517 -0.656601525296944 -4.5224002008763 2.1158712409492 2.84616786350828 2.90634591223623 0.100227241006561 -3.18162478603957 -0.797741537272585 1.52477824082692 1.8088303995215 -0.433904671153445 -2.35783381532246 0.359365187641945 1.81897019505486
"904" 4.59545014687892 -1.91910966157135 -4.39871465782816 -0.524680979762308 -1.81877943224476 1.75665068129972 -2.47237687947022 -1.13028532296836 0.888168947627296 -0.50579229970993 -3.22045837137906 -1.68665440197107 -4.95078409350089 -0.575877828743623 1.72516370433876 -1.58272377122565 2.97683354761727 2.64380256910951 3.04301994560797 -3.57258017951898 -0.104292836474152 3.13568831362248 -3.05649762201658 0.54270340730581 4.23994286916237 -2.72818347739739 5.32631926077956 -3.7451626725282 3.07519823452484 0.603987383908604 -2.0486918628724 -4.52586706527237 -1.13922468045084 -0.816605167139197 -5.84234906497607 6.10886714770311 4.24805707517957 -1.53733956402046 5.29996260534235 0.924196923243913 7.79388955763897 1.42859682405318 -5.76509022076004 -3.46733434648815 4.1787537904538 -1.70805311603793 3.8880120079132 0.708962871906005 -1.49902871420574 -2.79530330418877
"905" 0.761520981277913 0.577045750322412 3.15787713886656 -0.253001978289658 -3.16949506555063 1.55758147248779 -4.37390685674733 -0.471608990725869 0.408620188563226 -0.59932026566186 -1.72732280436131 5.51289589791787 -1.60352047101702 2.78490135699285 4.12506977811202 -2.68122446161515 -0.657629271107658 -1.29225759057552 -1.44783901194001 4.88828284824635 4.95522342106196 -4.00201507442457 2.79103668908366 -2.29184262852741 -3.50437869049239 -5.84322906603127 -2.10474370898835 1.65409048866666 -0.441358384706555 1.04264049769412 -0.10611327309786 -1.90118880997593 -2.72446024396196 -3.3996430146241 7.87265891616023 1.66046765093989 2.82167723946542 5.44669398279262 -0.75763736781264 4.83864209860192 -1.80996671390076 -4.94900170730615 3.31964054017019 1.650143280151 -8.36700593099077 3.30198269658723 -7.02040232275327 -3.82706635961173 -4.02068843037443 3.89610145503883
"906" 3.84310013500657 2.80805360765384 2.90586928707642 -0.547960823322986 0.230694167003577 3.77322567728683 5.11707025170752 -1.32388636036389 0.481353961977869 1.39100118351267 3.47293911579738 -0.981704863684453 -0.635070903959413 3.6666017518021 -0.8184611499746 -1.97824854934613 -1.48320224570826 2.49921807682966 0.159871539820673 1.09570662713822 -3.47642667712348 2.1546407757514 1.52837303599294 -1.34249351455651 -0.202870789946571 -1.62327640752313 1.59982790379 -1.89277054799285 -2.20818958487164 3.36589751887104 0.0554755881090541 -0.142094449062837 -3.81583173174249 -3.878678545985 4.12923134503881 -5.84059308565585 -1.31286524641917 0.605807956882198 1.2594487742743 3.43442109101406 2.85288216463349 8.72851975483404 -1.70988565764408 -4.54238176807668 0.669172832966875 7.2460196019127 1.0802618526952 2.55119526618704 0.693145874359981 0.360542447863744
"907" -5.45067268954426 6.63241686290049 -0.742713140730932 -1.49539068990565 -0.53853335408986 -3.06628302601869 -1.61741161717522 -2.21256289910685 0.935104405833468 -3.12294966383653 4.61970570075471 -0.774147708904074 -3.89344880049206 3.48213058334108 0.691416188596767 0.201418764382537 -3.20080330459601 5.2211393648907 -2.22023571543627 -1.63499055067892 4.29879659151552 4.07371010392339 4.8012000337859 -3.11467733575921 0.850236587256747 -0.405184305439213 0.860028542081252 -0.945376694378779 -0.596593803567517 -0.782194157394611 3.60956240988695 -4.67586866937764 -3.75128747783095 8.04596562301816 -1.70880609531701 -3.19113587105339 -4.2994133886502 5.42108581370754 0.31601176382531 -0.723572694124257 4.72461071536007 4.65297845615035 -0.827463933177934 2.31719319817429 6.06331105038527 3.05629151827681 -4.19337559318488 0.66170662846811 -0.0497278559280413 1.50734497164318
"908" 3.87412304442549 -0.389600818702078 1.27295023758261 1.74009058186895 4.9921024694365 3.00599274423424 -2.19928528479263 0.0270868775818353 -3.15472442782248 -3.57596649724228 -2.39945114776389 3.85196857563028 -0.570191797799463 0.715729893413597 -0.219731848121483 0.232370791511763 3.39605745951448 1.76413321125855 -2.31778878697805 -2.22259061741109 1.98342302369603 -1.47006016766478 1.4862427401858 1.48227460465941 1.53302294284965 -0.501491800099333 1.33896496793361 3.50759651080311 3.79065090655598 0.811082512737954 -1.19529906641546 0.917961608503457 1.85803207960816 0.339973085420497 -1.27568644683041 2.66297339070541 1.15192730287316 -4.00732862985046 -2.12014782722124 -3.92051743187019 2.15968456982102 2.48021819491405 -0.67829845360093 -1.83117878110387 0.819065608635631 -0.074546718952567 1.6144166183946 2.99123507087884 -1.36029350504414 -4.133282549738
"909" 0.781218928393416 2.58349964098227 -0.74224211106523 0.182114616336463 0.349978540780846 4.8253591148579 0.824798052988963 -1.96957783390778 -3.45385460636937 3.40414002422842 4.3947811450755 -2.08695330255046 4.64046976180351 3.77569691032844 -2.37542129484996 3.16109562743523 0.0156603597716475 -0.661143413422014 3.23054586092848 -0.621458971633 6.64163007548462 5.79911618724736 1.85935026757954 0.097079463986236 -7.8177424480971 2.89304210668642 1.38015752371634 -2.24955620286015 1.39265168719361 -5.22583897980328 -1.79544769233133 1.50632045841067 0.425602001318712 -3.66836104336713 -0.636462618055577 3.20079474471048 4.75076826581256 -4.35225772503223 -4.08778604548755 0.747187099394803 1.42972639114215 -4.33282324641365 1.95950623927402 -0.79755463642524 -3.18539183556035 0.291298269248945 -1.45028063899752 -9.47507246686288 -2.52578357218514 2.41406534694461
"910" 4.1225127665644 0.0680501597205062 0.757674868736437 4.6959315609319 -0.354561717409802 2.36954110433877 -0.622482785854546 -0.060486294461645 0.491059331245883 -0.593884910620676 0.284520001647452 -0.981888108829833 -2.68981291566598 -0.662815331288663 2.0147778606861 2.39555336546617 0.591882583504708 -1.3217850434917 5.52212094825296 0.653251147135065 -1.90487125508883 -0.19876762847179 2.92583582558586 2.15636980395776 -1.51345121262416 -0.542061046042527 -4.37856895093043 -2.10788675978292 -4.41414634357232 0.394844726467827 0.180624240326557 3.47260339820807 -2.36725915101846 0.992830069384156 0.227869064839376 -3.69491853064998 -2.46453448003519 -0.559473015792034 1.30957874382618 -2.04777874585156 5.78765037399716 1.46349798280775 -0.53355204074679 -4.51303348329125 5.36576128176937 3.56165412472584 -6.17267697391828 -2.86669451971957 -0.666345234445399 -1.4744028963592
"911" -1.04556839824383 2.85262967878489 -0.290140591113864 0.306193225338968 4.75240183770132 -0.781349999266183 -1.83435259082063 0.460188503715456 0.821977774748717 -8.16976505402949 0.431990814301721 3.49236799353702 1.79038071606964 1.4014761113688 -0.477193934800391 -1.53332806950257 -3.63399910360722 0.270113378156492 5.14298149533249 1.8989531357644 -2.68846193169042 -0.827438612821145 0.399923542879026 2.54818783477396 2.00788023442042 2.72473477366963 -0.658736794577569 -1.3940978029871 6.63702937362268 1.91409513794622 0.0280043791233813 -1.34899388405364 0.892169013236418 0.318055834447491 -3.40084336668912 -2.40911520518179 -1.18137966735241 -3.37923301706231 -3.23506594672062 -2.16502919597555 1.30677582004919 3.35614712331989 5.27724036201574 -2.0336225478022 -1.80382711522069 6.40574580602343 0.336611373173799 -2.89087383409267 -4.25039025284051 4.07110166752068
"912" 1.95511243085169 -1.231346511707 1.18570043914988 5.20329814977155 -2.87190737870512 -0.419402458005709 3.86169966878569 -4.60662420001271 0.00375832302931616 -1.20734753253117 -1.17146743647532 -3.83768220597211 -0.556680363951139 -0.666886292785428 -1.06002877790526 1.88442190131389 3.73387203443601 2.76816575187526 -0.303015010181402 3.01868026304436 -6.36800995630381 -2.37159404562655 2.48587555496671 1.99278255560188 1.2205346628844 -2.58507433863953 -1.23464456676713 -0.0352391361166315 -1.12676665427736 3.63663988540912 -3.3781691505621 -1.1719971588175 -3.70252702287985 -2.41012668481345 -2.78385285951427 -5.3974512601231 4.85366073127399 1.88533416780786 -4.1694866753041 -2.16866092074142 -4.71487345544975 5.28200169264638 3.32355948031314 -1.1582694512698 -2.4247345246673 -0.257000318390823 1.31914733845379 4.51624677213169 3.86944178406908 5.80929392533397
"913" -4.49697776276969 -0.167681161799633 -0.212918373117159 -3.96051616606724 1.62753731178167 1.94400745813524 -0.186339229522422 2.24716025611476 -1.09632646400074 -2.36142418224065 -1.17308272493779 4.08977298171949 -3.67751732428475 0.861471612964242 0.692861780668031 2.01871664188571 -0.852344821366381 2.20277793096383 -0.353767452115628 1.17777018161703 -2.43137421968802 3.3908726539319 0.75989352755475 -2.17421758874332 2.84385204450787 -3.36763624925923 -3.67370905400071 -2.03982910664913 -0.469826023552996 -0.511020084676871 0.964084611484098 -0.923250939885302 -0.117175531970287 -3.84496507864323 -1.81863640967981 -2.23862417651953 3.51761639472629 7.01658567473305 2.38310711693359 1.34001244214672 -0.00421295203820413 -1.99125157101187 1.96842290738333 5.90754224288623 0.694231183298373 -5.73479730113024 1.10556563814271 2.23730442487222 -0.376749930047478 -3.07408194068449
"914" 0.252022549065621 1.29500845977974 -0.273084463520902 -2.60868440603343 0.367080931307544 0.74167665110866 -0.463906809029517 1.89896181959394 -2.86048645971929 -2.28645190211961 1.90015243514861 1.63793375340712 -2.42906965075825 -1.46106589235587 -1.23111028073945 -2.38890399594847 -0.0455637367140267 1.92865785100177 2.05648124975093 -1.00875204244214 0.603711834289572 7.46734655610023 1.40475723503834 3.16122086008693 0.829290628338827 0.0907225618652111 2.56077525894991 0.624319282130347 0.940720437285506 -0.832911883693866 0.438306341566744 -2.76535044767575 4.77543826568674 -1.6958341659931 -0.69570114904907 5.32613066402108 -0.407915076490113 -3.27228866403248 5.99896518674914 -2.18292888761286 2.30923668123275 -0.88530533521069 5.5367613660507 3.62854833377701 0.0301766072139827 0.142568801102704 3.15125837330336 4.87025036238079 0.0962255438789456 -0.105500628879053
"915" -2.32460816110388 0.861219127164475 0.222442126674534 -4.16037844210374 -6.25245570407114 -3.75925156213495 0.161147258294038 1.48534506608857 0.406924742818195 -1.15530119644415 1.54182753807662 -1.95082951902856 3.00059642925409 -1.50510838496506 -1.36186295163542 -5.20420437604109 -1.72850743472757 0.444592788179388 3.96436773335688 -1.77259637307069 -0.294175859406664 0.199442602057659 1.42330940243887 -2.42632973305931 2.62077752464325 2.5351595426624 -2.93393529196755 -3.31782079328145 3.25449162455263 -1.28695898179615 -3.82065775733489 -1.24435488377262 -0.92000542879155 0.152135362388374 -4.1127712615977 -4.1856347543342 0.368098502575818 4.31222267075872 3.56178988428196 0.593512738210887 2.23530663841004 -5.94856017994652 -2.42588289092651 9.3946978841228 0.204714260566299 -2.21783897150881 1.06067864133276 0.498061875625895 -1.10469079239366 -0.495533841796225
"916" -6.2651535615088 2.93108835229523 -0.447394629106586 3.749662110671 4.82714209060165 -1.50126486009527 -1.37050115732757 1.14598762704099 1.90705438392013 -4.89369117780338 -3.27856286535441 -0.766946805449837 -2.5392131223244 -4.56017136062722 -4.25050905682146 -2.93088140740199 0.0757268122917732 -3.66552570537861 1.10554696110701 2.78762522135757 1.23326090450171 1.25042922781725 -8.6870675964631 2.50428370192539 -1.84353594508238 -4.56157134322706 -2.53060502046551 0.897595496037483 -1.69245142139441 -0.135781718526313 -0.850270141544473 -1.77571175530386 -0.0967553626784383 2.37290308469466 1.71512014182179 1.47219712504748 -3.50599932825441 -3.3242218167852 -3.40519259947489 -4.04528154743294 -0.670055374211896 1.32732671998693 1.6967779794644 3.69175252214085 -1.33873231752977 1.19944802661572 1.51722634731964 -1.37273611422855 4.60150578303878 -2.46334445579465
"917" 1.75995503512291 1.88578557783869 -4.78864608151474 -1.52630688184298 4.07840724631338 2.79222666732924 1.37072873055061 -1.2701351742574 0.125727246661184 3.30408957642016 -0.220501821489852 -7.34021932914412 4.47826505359432 0.189628142237289 -1.6196875808885 2.03094093461058 2.7969380748208 -5.80681405773465 3.55732609338428 4.11904348926264 -4.49517760991237 1.55700205596124 3.82305626035095 -0.595906360662874 -0.147499988151385 -0.631714499608728 4.87644373740207 -1.26612443531399 6.07670976239126 -2.67196675850953 5.62391296020792 0.184600602606109 0.812166125199677 -3.53340806418085 4.08664160291317 3.77958876715904 3.8570800922304 -1.05836754253483 1.20105257558954 2.22414065931283 5.00134540640801 -1.82779690824621 -0.514596612506507 2.73392307898929 -3.86729334529075 -3.75645998649526 4.73726096761217 0.829475912058401 0.225179092434407 -2.85537120498158
"918" -3.58668934321583 3.77749638124245 1.55019517263886 -3.10635112101513 0.869168450774131 4.73538386042139 0.375325196085889 -1.19101578385458 -4.04917076758085 4.20251252585647 2.59046228324958 1.38498799341105 4.9714027799295 -2.7533825955984 1.8727740895712 -2.44991317640013 -4.52694851660547 -4.83383468630679 -0.679647868969868 4.89666663170883 2.09629658868638 -0.443844540142529 -2.99379254445039 -0.541469397409538 2.78858895580492 -2.46510276974065 1.2359758017822 -2.84745916427612 -6.08158615303732 1.08388171437827 2.49646991779009 -3.14798078939724 -3.20697317159078 1.82812887571059 -2.91562612754673 0.151314284030596 4.3401115032442 0.392867556649473 1.48021361488381 1.71722065753255 -0.836502892626501 0.0828395020353085 -4.40664666834016 -4.71120864775311 -2.88231919671316 -2.23299828883702 1.44055763249553 3.68643088723763 2.90846605703731 1.99863627528518
"919" -0.747431723726707 -1.19782520108263 -1.89920242667305 -2.07673239207135 4.3407749644544 -1.03143690288472 -5.01685045694288 2.80065956354295 -0.934388127174714 -1.66711366011727 3.78609941066548 3.41395405107026 0.629226720906138 1.03943780449294 -0.219831009085761 2.60168736126472 -4.23225471840841 5.48781394448884 -2.96735225203278 -0.714471612242012 4.35501192142742 -1.14948953348723 -2.4119778610935 -2.3486399187731 3.51276878375449 -4.33739924279698 0.368861944849024 -5.01183101852738 0.445195149121153 0.950152531994543 -4.15225371437181 -5.27133736299023 2.00036711842746 -1.07474994520045 2.9115674357298 2.86243577597993 -1.22736695183856 1.65025030003554 0.993539946011154 -0.0376029527421966 0.193333952880391 0.250566128280128 -3.06263812149623 5.07521730908115 -3.94674088012179 0.23526003796107 0.461382943116473 -3.23871439166145 -0.94525187307826 -1.02932186424811
"920" 0.370162742894047 -3.79202532652108 -0.663380625760668 -2.87585387954398 4.38857140589971 -0.444400773446693 3.87769479457383 -2.83372154308342 -2.93233121944502 -2.00861147047756 0.438389771068889 -0.408823615136692 2.33188683056476 -2.81808224561907 -0.709604880106688 0.145946423295526 3.75382000948898 -3.22766026059287 0.706262016763392 -3.88016020100693 -0.373723044757367 2.91077686916714 1.03536297440522 3.11623931254371 -1.94385683787078 3.18531798893839 2.02915598061973 0.466740328700427 1.74051139683682 0.0374529890809812 2.11784625640905 1.33854193062233 -2.74546056218652 0.796855074603134 -1.32603536344995 0.530542243858516 -0.956669151298826 -4.37906675793793 -0.180097403866081 -0.924756973590655 1.42394894788119 0.130549603228167 -2.43777495236697 -2.75340190675194 1.50730315234559 2.27049357028961 3.33357370517539 -2.94022541146671 -0.547129684691948 0.766171942792093
"921" -2.04924328980104 -3.60740530807909 1.84282852694828 -2.88324310448584 -3.88908896141831 -1.94996271340529 0.438023718316045 4.14179385240205 -6.33385795697307 -1.26602610670565 -3.78179713854579 -0.180360821663088 0.618969612088916 -3.81579082619422 3.75750886542376 4.16115617931044 2.55717555582581 4.72504926151252 -2.78880689651297 2.50667345208922 4.5429718109775 -3.0822688542165 -0.526767387730793 -4.25880134990386 -3.2961520307869 -1.7365286932473 -4.70073589600222 -4.05548215142873 0.801660314253195 1.09158667154439 -4.71832503129213 -4.90854781711693 -4.10114281586827 -1.7606817320871 -0.460217151840786 1.68776129265266 -0.273701534683752 1.14852870565015 1.06317463044536 -2.15450231850809 4.5118610365476 -0.370950759884373 -5.05495015974345 -0.681404709076763 -3.84684331427534 1.45361208462401 -1.49942593574047 0.145655167561462 4.62510807901357 -2.48516372362646
"922" -6.69545718264271 -3.86161895825881 3.82232212111496 0.792638607920172 -0.542883925527604 -4.92122233093557 -0.337814569739616 4.50946540003239 1.2671930040732 1.80339566820195 0.657951368220038 2.85087725596753 -1.75699732220663 1.29800642062827 1.49182186001957 1.64272791707802 2.23252095728745 0.00646693625240643 5.12054239490579 1.40801198719846 0.183020179572355 1.81541871264881 1.92672401259691 -5.23507979050121 -0.295549195662727 -1.23486057992588 1.128172474723 5.28960831884507 -1.77419807082986 -6.89365421852337 0.278617616296389 5.10554814850062 -4.45961391589992 0.773579770662588 0.329874319185397 -1.2651608814428 2.28329203105763 -3.25494097311317 -0.561732595707955 -2.00345498644862 2.20540143816857 0.5559738293531 2.07429915125673 -1.26912349447184 2.19312149839763 2.45070483002962 -0.113726599586294 1.60151722606532 6.51225760525827 2.94969928521819
"923" -7.01255007250234 -0.496510462209018 2.3301535776743 -4.10983118989701 -2.64868671091357 -6.5835783997118 0.918351762450115 2.6920972867287 1.79264092638061 -0.447524617321618 -2.82235424345081 4.02632228104027 -0.825253376521763 0.959894588425106 2.43432872972922 -4.68786672307094 -1.06851228411151 1.16510575501404 2.12142964164543 3.2703134261611 2.67058117327154 1.31321418905001 -1.12515752954762 -4.2830348165003 -1.46750702426506 3.69924916013811 1.71547333563892 5.159475086728 3.57709414669771 -3.15660458307846 1.36913747344084 3.53800259752203 2.33387920883736 -0.625283850803006 3.0919579874927 -4.93999431419663 -2.48742259601713 -0.415390462749453 -2.91935332666459 1.34916606698371 2.19568419320819 1.57727715072919 -2.43732588731923 2.81406590895234 2.68784547970903 -4.57927593033625 -7.46391347186046 4.79667754031005 4.98293668415211 -4.64914214406796
"924" 2.4118950142595 -2.93954213851674 2.32839913724393 2.41736832699734 -0.0468954802476702 2.63609854588414 2.43371192242319 -3.00654541348789 -2.36443930932025 2.7615259162532 -2.06650068360223 0.494852385872944 -2.43762449120083 2.77168756575916 -0.118678642022844 6.32432369400508 1.29877090969172 0.46856570462309 1.44001973956493 -0.449897303499573 0.934356045574524 0.664964673716582 -0.810081426873831 2.89271210457627 -0.0137962467595347 2.47899476460805 -4.23988675451875 1.75781938560289 1.44355495431453 0.858577882144091 0.395372196177773 0.0984494170054399 6.15127713445733 0.17547349121134 -1.62256834550405 -1.2722591489416 -3.45288102905097 -2.41263653349727 3.91990027654689 -1.96019439703633 2.42152342128837 -0.84000123714052 0.609006317621524 -1.22462122346169 2.72054657619821 -3.10759656142275 2.83404304326293 -1.28572650459322 0.150702758684751 -0.917547736916359
"925" -1.59646228761907 -0.529896998435402 2.95388338975587 -1.46011032869077 3.67651448736072 -5.09715770819928 6.7207833019673 2.18219766122972 -0.555195524131955 5.4999062836752 2.60836461214745 2.37926517000342 -5.25463259869623 1.42739755888171 3.0289424391752 0.599061167182019 -3.61284145000338 -1.00107025296458 2.92646055194964 1.22977249787316 3.30758575602003 -0.574401367796583 2.79988684842075 -1.32587379072877 -2.06888725135551 1.15158678063176 -5.7602926588109 0.72468275862909 -0.530166310711591 3.63899081139963 -0.367052127122497 0.339972320505869 3.77315641913711 -3.97822072155771 -1.97890641761889 -0.304423009367625 1.21761176254444 -2.20486379902582 3.09779591670041 -0.573100895809971 1.88313755973528 -2.07606842770646 2.89597774795426 4.28547747339438 -6.5819197591528 4.47783242103644 -2.20317031713785 -2.34546255069845 -3.61163822216788 3.73360563201844
"926" 3.07588512404635 -3.74295855035255 4.49709110197233 -5.22551363200941 4.18772176176742 -1.32332619309712 0.7744232766764 2.85592672465611 1.07083290372657 -4.87230583017694 -0.90469998142158 4.1093261588546 -3.68048644862272 4.39604633468741 1.01647886009458 5.47001165349554 3.61760835841191 -1.64320338244094 4.59381492064756 0.546130782605139 1.20070630347558 0.157999729827129 -3.71491074917619 -4.00165094470917 1.54713266471457 -1.07438905036 0.287417123005155 0.593551482314155 1.72920583898776 -5.28376358197426 0.175843616393437 -2.72420567553501 -2.66591402064913 3.00875306256201 -3.19381738291555 -3.23129775465389 -0.474393045091939 1.57854550641019 -2.23619145888925 -1.58308186534683 -2.98922325239885 -0.408950884416827 -1.10497776124392 2.6151269165007 -4.87470331362423 -3.4552743746492 -3.84991809199643 -3.18308517543485 -2.09754032753978 1.95775382904102
"927" -2.30656184760894 -1.54412987488636 -3.92194817496208 6.5645828447135 -3.96537165978222 -1.68947911363844 0.880453609408598 0.918589180422155 2.5665988986053 5.6022727786369 -2.37531862479 2.04068188238487 -2.99933155610133 -2.12198739518559 2.2887898451355 -1.04944936767899 3.71627248153817 3.86921166590468 -2.44836604584624 0.79347615827452 -0.468960458978185 -1.12378222463128 -3.46903511340528 2.1195838895059 0.494453548875612 -0.540755917425143 3.68819020852833 -3.89287129652087 -1.1063718656508 2.5464946816264 -0.325581386386958 -3.82956515745899 6.08040476411519 -0.0926172670362215 2.51274619495455 -0.859384395686281 -2.89903309949088 1.57116505988338 -1.43868977051802 -1.95388476842477 4.05571998986575 -1.11671962220509 4.71019698006548 6.97361243036792 1.26898623778646 -2.26525978669482 -5.44191908819701 -3.3908444587939 1.40604491976482 0.900392645739327
"928" 2.8920445715747 6.17830367817703 -5.70157494339044 -3.251464579614 2.787693953939 1.66751571845742 4.21482440103637 0.988110835165785 -2.18123035740091 -3.55586781787648 -6.29857984818605 -1.94710052549772 -0.730149223405026 0.370683858845349 -2.68757066627774 2.05392033607645 6.05738099438558 -2.26209937400078 1.00243307396236 -2.57143302167002 -2.03274966617462 -0.917216522784575 -1.83339507251111 -3.73332322121137 1.27222346548776 6.08730679421463 -1.31966643585911 -0.349356319081968 2.25305389740648 -5.16931241030469 -6.5921020658721 2.15192981586445 -0.173009890371825 2.10618732985128 -0.48679954701529 -5.2134095707739 -1.8166932135499 1.31857890301254 -5.3391467858027 -2.02047328202092 -3.32046841184833 -1.81663296145448 5.8835563898902 6.15109225029675 -0.502823824135836 -0.632649995101902 -1.44343818765456 0.987667132844215 -1.9201884882346 -2.04663802711339
"929" -1.97933495926081 -0.441474276970866 0.278173726041084 0.0973101497683935 0.390901121202918 -0.0563438256821624 -2.80889925341008 -3.802249811291 -2.86221561657673 -1.4221731396121 0.0722877313713239 2.17041426262289 0.490761592174431 3.79042236180189 -1.36899697506315 1.23827921976557 -3.38932792938439 4.59452362867564 -3.69620011662575 -0.944061864808717 1.3680766295007 0.346544863913074 -4.16497412652785 -1.89763392642181 4.71260452090972 0.124958628105699 1.16817487923516 -0.739825081465054 1.34362983119761 1.9965251165508 -0.00772244813236751 0.978984309706398 1.56036515882146 4.75972610369505 -4.57689779482955 -0.184425182637475 -3.78468742959858 1.21887498922687 -4.11417116531867 -2.29720480213124 -0.518249380080742 0.633674314989267 -3.69569624946824 -2.71376107263956 1.99883146400952 2.78235955048574 -1.18055801317745 -3.36913704211229 -4.12323887430686 3.7354495675031
"930" -2.40934216943905 1.26704500570309 3.20691554957097 -1.93774133002175 -4.26357932190771 -7.1517667918915 6.05178108442886 -0.0714718746095767 3.42578611485285 0.889810985390965 0.153907702749187 -3.11864116035728 3.03443962072617 2.60614959201049 1.58818328131514 -2.80061114640864 2.14732640146633 -6.62091846676874 3.79314388621479 0.947471132056948 -2.07098553560936 -5.81589337819543 1.0584843967871 0.749696332732521 0.767537882185816 -2.8747563910979 2.04811326874308 -0.758546229350946 -1.22015529933626 -3.01271764819033 -0.27198853964918 -1.32996358466935 -0.801203898992343 0.663814809078558 1.67325518819451 -0.449979108500146 -3.36956538209616 2.3109462228476 -2.46046737042272 -1.96197199008396 -1.81694993342623 1.84550197504576 -1.32898995560431 -2.61219140038164 2.66043580432262 4.04972162858061 -0.80788221569095 -0.308675226380808 -4.41056406726187 -0.933529145487288
"931" -1.16547026460729 0.907467357422093 -3.76615391225117 2.67970585104404 3.52824239282989 -0.430096219504758 1.10446237442806 2.77618011014882 0.167145060696367 -4.0914225110015 1.62278068042153 5.34385212690549 -2.10384950060364 -1.66028533371802 3.37905218704636 -4.35649579290943 5.44289782440538 -0.707243045940282 2.57739507417089 -0.188876997080826 3.69402674878596 -0.205319266030711 0.769337500578926 2.5786054142928 -0.158777697378501 -2.64638684368249 -2.59938337534398 2.46231041908496 0.962655474635298 0.946557367389972 1.58869769097431 -1.52789270750823 1.39766580308839 -0.155187162420634 -0.302429967805519 -2.10718577703331 -3.33136425272292 3.02586493178306 3.30834803639077 1.63825742795197 1.96908942923201 2.07677716558817 -1.76447473591178 -0.134193456975752 3.99521415736915 0.059707930038312 -5.41115218406765 -2.63826539786153 0.568490896274113 -0.328020939841704
"932" 0.523215780084574 1.8959059910602 -0.493467017377157 1.48537910182273 3.49979956383821 2.20909555689808 -1.26918549990383 -2.2043294075091 2.12913048142291 2.6753074561442 -1.22044631231526 -2.14981439983308 -2.63593826938525 2.27090810030991 -5.90199263205472 -2.7174023324191 -1.58997432089037 6.54842594367587 -0.542259864560967 0.519671870370777 -5.93974503885611 3.72386295542044 -0.51736357366443 -2.66195224654784 4.69857421489641 -0.226839936176953 1.66280771334107 -2.79454855171722 -3.71636113708417 4.25271541591346 0.567344886056739 -0.753663728061186 -1.42850477506578 -1.16478923217058 -1.47059453203812 -3.63801149807415 -5.62163028696398 -2.17368382382836 3.79938492878802 -4.19091189130312 5.12250801828519 8.63790668736526 2.92147847346954 -0.295876813777954 3.02961829296648 3.03190510062337 -0.63345570935858 -1.54844775293975 2.9028886020057 2.24161450846125
"933" 0.134121883834259 1.35265284226256 -1.9291005094783 2.22358339866471 1.06545057490605 -0.726866175540395 -6.64749590984657 -2.94844159216314 -2.58556564008899 -1.78837747908329 -1.53261335640516 3.28838646795136 -2.32296407265395 -4.8069185896689 0.627028954092492 2.57551145708922 0.786528583461187 1.6164378276594 0.42970334850239 1.57236176665427 1.99107760981318 0.127402507202008 -0.539043486813867 1.63853751280275 -2.80727832424872 -4.14456169204674 -1.83105653753845 2.63625159678102 2.3016679812885 4.26326886281069 -0.94709511497489 2.2538183761695 0.282163948908893 -1.4691999972442 0.905139591863721 8.13273999995373 0.77452155964281 -2.84379232340366 2.45981143062025 -4.50830640774044 4.46271554965728 4.53165276023696 -3.34703030592039 3.74685698224306 0.52396354937722 -1.05678431397181 5.25726718485736 0.211139329717092 0.0125755378600061 -3.86983571123874
"934" -3.322932791246 -6.83275825280526 -2.14018407606236 -0.675931193023894 2.68355942655967 -0.192308599376018 -2.32370043362739 1.68501833416929 -5.00243407101769 -1.12712477797532 -5.18052026400216 4.15474930928274 1.39693199787257 -2.52371549202374 1.68173977092989 -0.973078815995833 -0.78386295527522 2.12896424549631 5.08892985458951 -3.8922429324718 -2.42079036264278 1.00731305422768 -0.86752913852395 2.04384925277599 5.59291404472596 -0.173472919864018 0.0798283787743605 -2.0773328158035 1.61430125344984 4.83068631313317 -2.84770861229659 6.10793277369732 0.822298451576204 2.26423847363176 -0.318540781772338 -1.39000992989223 -5.72524877217291 1.99232699689797 -3.8656935205708 1.13178504617031 2.85812215530544 -0.131174363959608 -3.56991302570218 0.60303090737222 4.7757362965964 6.27206576991539 -3.34519982182202 0.997302651151481 4.85437005260392 -6.21440416590147
"935" 1.53770908031202 0.250235365037115 -1.63739120018006 1.61185590292991 0.880185561379659 -3.81871519989074 -0.228482807057309 0.0203013124034661 -3.76043700375966 -2.44684474179528 -4.43088008551028 1.58610320135613 -1.38548478430182 -7.73510287170679 -4.70955613421484 -0.829407358389498 1.77892094519328 5.33162917537113 0.341724359993309 -3.01766715741075 -4.08881258110353 3.0585432069481 2.68760368442598 3.82560117603327 3.11853277038449 -1.13069696948162 2.50134966109948 -0.591828696381882 -1.46759749276665 2.25882064470811 -2.07258172465427 2.26092759753651 0.694957643253179 1.14980345288084 -2.6426483178208 3.6733181886582 4.03553992480795 -5.43672013440827 0.0163341858050199 3.45994036863462 -3.27409064163553 0.444447812260283 1.42154342390047 -0.299302098502221 -1.89087965545281 -1.37163634706541 0.967550452247904 -2.66228477565118 -4.07401444178142 -3.47405797223084
"936" -0.919419269532526 2.98646477161893 1.66895496387612 1.34867051420443 -3.55848947279075 -1.32341491986994 0.661468587271492 0.907368391313003 -1.73671598204124 0.0402513058022409 -1.30681021056433 1.0527348289051 -1.20007050121639 1.40222823184801 -1.22619457056548 -0.568160104347264 3.93680525718543 3.15464429694101 -0.169755552195108 -0.94404931378554 1.8591771468978 0.480742157127059 1.75781606038176 3.44808616016234 -0.40986784554418 1.43010878215314 1.52437022166399 -4.93460610039381 -1.506014738593 3.01429067992648 -2.48834099438136 -0.322800450285578 -2.55580792629251 -4.25277870210251 -1.76322906831184 1.23748618945963 -0.457651146832176 4.95628764838806 -6.18156672820276 -0.757929976218077 -0.0331374871331972 -3.56484974231066 0.856702871699995 -3.41635270339306 -3.53172385695252 -2.42616217018731 -3.72722049383873 -4.35330872295235 -2.9200261941194 -0.070762500847246
"937" -3.74132438636684 -1.26192459902544 2.32434183523179 5.42760582026999 0.00374011660835323 0.456590602026889 0.252125811274343 -2.13514040099869 2.8092646879346 -1.60910260051185 -1.05526756447898 -3.61652496374123 -3.26371194602783 1.13837980138977 0.955330659953624 3.20612520120578 0.349670898107128 1.20318725257686 2.75834237654439 -0.272332444806124 -0.052440240312356 4.82063068169406 -3.86383843934211 -0.867090021368987 -1.0330244121305 -0.987035268960991 0.623111173969064 -0.27590082575185 0.365955371113916 0.0932646194598993 -0.613043381255815 2.11573556343472 1.75378232837241 2.20821297011176 -1.95311091110736 3.59776191760537 1.06855622923803 -5.99743073916564 -0.573754874149716 -9.80148864764077 6.18434177358627 -2.91524077196543 1.55884151389787 8.37027195679272 -4.08706006317264 -1.58716797099705 1.23135255143421 -0.541627096086977 6.96633661126716 -1.22520136774847
"938" 1.35587647921833 3.68416398724631 5.11496113639126 4.13619536295209 -2.99660408695669 -1.38317403640754 -1.22793358155823 0.955917511051943 2.9391505970725 -2.09079682174074 2.91030694638816 0.366783381531806 -5.76159655292186 -0.248068583606025 -5.44542720898069 -1.24010370964456 -2.52156808212581 1.63691858179675 -3.75572910203119 -6.21342885531788 1.59022862377029 5.44234489878633 0.277573793594667 1.33672618170691 -0.791990701811909 3.98241783954625 3.70868658559841 0.271329735511671 -3.01760150471999 -2.02180992129575 -5.97942518888244 2.10292402138432 -1.31990748089311 -1.66477450199814 2.26136701473546 1.6489077698623 1.98570893125539 2.58140590079734 -1.92334312149069 5.65475856714536 -2.66229681168183 -2.79913219072821 -3.30536839167895 -2.34167800117968 -1.96960077110614 0.662752345777553 -0.52346943919374 2.87158590831199 1.82602516034884 -1.3759635121303
"939" 2.18177160786278 -3.0074687948561 1.6165767566562 1.80720380838674 -0.756967931606909 -0.807325536291416 2.40997652306603 -1.74549345523734 3.4513888557953 -6.02554762500063 4.70108285479789 -0.0750171976989027 -5.30525776640023 6.05761057780301 -1.17930020191996 5.45297219875052 -1.39984737735573 -0.563578738461799 -1.26044119327905 -0.587924221504344 0.548236528547545 3.78784163416981 4.89363974800791 3.02250323653244 -3.79933431461067 -4.84660794621513 -4.04074481106982 2.27100728683432 1.75498982393461 -0.729480702080314 0.13529683922303 0.845634162092221 -1.32002029990902 -2.43671355377551 2.80866063815593 4.41635698468308 -1.28397162677117 0.820543220108136 -1.27088774745001 -1.11761408562759 -1.03493781108118 -2.16382227261182 -1.33317645094806 -0.520533544220355 4.33256440905623 0.583054432460196 3.61637604156219 -0.343454543410412 1.10751060695933 0.360221306315104
"940" 2.87056592883389 2.2355559512466 -0.250602797665777 -1.78139561127214 -0.795820928431601 -0.894020760932398 -4.40601079450726 3.90033651371309 1.77356748959161 -1.92908277476111 -5.67024464514955 4.96193168111936 -4.89781520882045 -4.99496258066561 -2.37677366117606 -2.95407566034783 -4.77351551921466 1.5871765886711 -3.34401443034047 2.97360634709172 1.54672220149461 2.4597292145154 0.358574170623213 -5.30625837827762 4.34756899912014 3.26658283818674 0.030556472524328 2.06547182607742 3.20727532464935 -3.10792392991983 2.15296987975199 1.12087808496275 3.03376146318742 -3.04547096150445 -1.81181075667741 -7.41214270044212 -2.74629273300794 3.31257645221259 0.730541975401267 3.83716621079776 -7.99102381932911 -2.60837299979535 -0.860911924428652 3.49997966514409 0.99339168662606 1.12106982237032 1.41655133678013 -0.735930759681134 -3.88642397819714 -3.15955507482594
"941" 0.242282298959965 -3.50267319740557 2.73606407795127 2.97934279729875 0.470384066574334 1.09890753917009 -2.19676497657576 -0.661124026442543 -3.47457936345844 1.99185239224635 -1.50994344247194 -2.64891047716536 4.53272443068142 -2.15087011301112 -2.10521402172951 5.18885153899742 -0.341718503237721 -1.55417710336257 -0.748473955761353 -3.82402366892312 5.21433384167708 -2.12309736515784 -1.47391369704578 2.5756769826525 0.27026125049545 0.495857606081591 -0.262721999713072 -2.37888735059634 -0.967844421210279 -7.53745800328077 -1.17252524544248 -2.07794340615109 -0.170856767095305 -0.69313395667604 -2.79821722493952 2.68080861800975 -1.02005581369308 -2.85555915230272 -0.323308676362721 -4.31936225819773 -1.30212925241819 2.60473729888723 3.08060213303521 -5.19279020453267 3.07056025233607 -3.52837913373179 2.37069547496305 7.04233239091175 -1.98362447760929 1.34866221604801
"942" -5.53391620263432 1.86753261076707 2.73095853501926 3.97988965233466 -1.16013251178351 4.98972870320867 3.87398344707476 2.52821796294603 -0.733712304031297 4.41386330207872 3.35432058125031 2.79900403771905 0.221994629963342 3.28138612247191 2.85542983019184 1.01808645208267 7.34314064057964 -2.3634545284432 0.867077504886003 5.99049755265606 -3.20946543475345 -0.709266339129037 1.99995365740345 -3.53570868279459 2.37769960243579 -5.63965878032676 3.74213090750318 -1.30884746631677 -2.14256813788333 1.41384148765566 4.47549873662471 7.30561945719706 -2.68691834631335 -2.16423816729871 -1.42604378215714 -2.30026747184611 3.40955877735353 4.71594428144575 -2.73423833211075 5.14035006166927 -1.85517810898173 -2.47492751078981 2.09630231932872 -1.23895550922078 6.09247304427233 -2.10090133140392 -2.23280953230347 0.61401848462233 -0.526738760938323 -1.27949979171298
"943" -1.9063917229703 -3.02920103475018 2.90658694415575 0.754796493447522 -3.05393910271324 -4.71090238385341 -1.25020783421093 5.04677605393374 6.48045307584045 -2.78738131766402 -3.16463123304436 3.58692985351874 -4.62157579259351 0.0376948574717821 1.21934200694528 -0.587762762062822 0.764611772920164 -4.79742899374125 0.504638715079074 4.84592246082601 3.2844729702292 3.11114905840483 -1.15006063475636 -3.3696395959743 -4.69033217825696 -1.21649100065023 3.36982691004995 2.72374434407888 1.26606884004678 -4.84211261823769 0.699125676549126 2.27463366008244 -2.40387449778496 -3.52762484071487 -0.57730259274029 -7.27266219334703 3.60099688363866 0.406838451270961 -5.49011615397653 -0.144954533003719 2.55997544803899 -0.306341027830718 -0.611393939939927 3.90778515458413 3.91498373153822 2.74182873025918 -1.71855229575036 -1.22348592846027 -2.0463019832663 4.5808445542718
"944" 0.180236902022366 4.60037220424031 -0.194251912985716 -3.22968455490508 0.677224910066529 -3.1137394794097 -3.56944676369563 3.07215768727957 -0.91541989475988 -0.661361749444233 -0.0100852650102709 0.146673471086335 -1.35976277862947 -1.55085834149031 1.67921242968151 -3.04012891748074 -1.73296481703768 -3.9818152450741 0.748847237169665 1.51046906378948 4.55022475541878 -1.61061742339146 -4.34327292218637 -1.19761845458803 -4.07208496633814 0.652633086303826 -0.318509103733122 3.03978052117313 3.70875313116332 2.45931426023889 1.78191660587476 2.3471106242858 2.15681653118641 -1.62670255087468 -4.29467029122675 -2.50868785334143 2.71413412230993 1.4947780019519 -3.37002791910445 3.55708294783054 -2.42732524939741 -6.95197510876219 0.501826534260906 3.49723804859288 -2.92966870904825 0.0527852289769858 -5.06263911214135 -3.10596620160171 -3.22203731102872 -1.66069542507106
"945" 5.83063138993977 0.723474431767548 -2.07030531134486 1.11054133847538 5.97404006994477 3.82411703476814 0.902020972250575 2.77097911712611 1.43117392377781 -4.69688515904347 4.12275490978052 2.10543726450693 -3.74990591341397 -2.54292165487097 1.08910133174415 1.92529793250212 -4.35338846889237 -4.14272871144884 3.06015730673417 2.16537305799816 -1.3095450313234 -1.27931960127931 -4.33021813669566 0.359840562167908 -5.8216577242683 0.997926265663331 1.22581226829348 3.19473472468271 1.70017313951059 0.133906300251056 -1.21775866830196 0.536399437260425 1.8044722377034 -0.859022204667098 0.371576038904875 5.86148293033641 6.12391453226221 -6.98908121166782 -0.737280464602803 -0.50481372043448 1.47533743563047 1.21632377069964 -6.18931937131073 -2.31020648448535 0.171063558972334 -4.81266297307717 -1.3702977996233 7.04304912767712 -4.32079056820622 -5.02578525636519
"946" 2.52874612638187 2.0454944996641 1.74189815601185 2.37346136735371 1.94794181063446 -0.832748390215582 4.17217814304 -6.20132157122331 0.194999262581831 -2.37685249767491 -5.83960037359287 -2.70034017078836 -2.53121312623009 2.22422869655703 -3.97106362412989 -1.24884643458398 -1.73589094371194 0.579507689138138 -0.760359384453373 -0.00406730386273704 -1.40802900597418 2.22874164584172 1.71513917455568 0.00425205546319422 -2.18869516575686 6.23552383411534 1.06984002884507 2.54793310622093 1.88166308901254 -1.13549325516676 -0.998359035396266 2.41012410803327 1.81152491387115 2.47876571342182 2.16414541206197 4.25797653437826 -5.64329099239953 -2.59403331811697 0.12120284697042 -3.71648072984363 0.359681237107598 1.16873016824347 -1.21350625898098 0.991672123017558 2.82720781578323 -1.08106803956702 0.79134453350447 3.77971952569035 4.32838744703279 -1.12374697109877
"947" 1.46929966648743 -2.02569905883446 -1.43223104822967 -2.64648249149937 2.4592659458965 -2.30252138463859 5.56610123290189 5.15790851281949 -0.0756994039692253 2.82783206778829 0.116431124849219 -1.04012458540567 -3.44070353226222 -3.64494748656167 0.334727915457217 -1.61296693488569 -2.00476144661304 2.00818408332553 3.12366808323984 -1.77177622109576 -2.73879285524173 2.01986354916097 2.51917496924146 1.13610820207419 -0.514687412114911 1.63405490644826 0.658576241331421 -2.32586471712373 -1.97085496076427 -0.509697191313722 4.21555095068875 -0.860270988270483 -3.41848987624687 1.5243216606107 4.18446205801277 -1.04841481230433 -5.23598682745773 -0.238613098529135 2.08563050720251 -1.90886725071721 0.820381717404325 1.78702500983875 3.56609996025903 -0.751447870755505 -0.307875918352072 0.869002403939771 -3.17766467772317 -2.51606987457959 2.14443873719104 -3.26137509151472
"948" -3.26756960556933 2.23167581955197 0.875904602718681 1.98542160665335 5.3747350550891 0.147184758019634 -0.0363867591873744 2.63149415079586 -1.8333277408951 -1.79848724577636 6.28736515336475 2.75386356711335 1.41414779991475 -1.480284936861 2.39022341447921 0.213234674176266 4.09840342491403 -2.61400844927124 4.18395614879607 2.53846369822385 2.78296400960375 -2.78401635672719 -3.96277936531012 2.9864025395803 -6.68860139113014 -3.55572079042425 -3.09285225708149 -0.230024733084421 0.138296606648092 3.86818011793016 -3.64052242939153 1.78051125181572 -5.02640830971557 -2.07827629144956 -0.705497888605957 -0.0429058825776096 -0.734248296484341 1.20899002526978 -1.05195656876475 -0.532600818338802 -3.58824913855858 -3.89314059063075 -1.27157040328069 1.56068076004356 -0.647839524028205 -0.139931614480235 0.799982553818271 4.21750358854624 -1.02480037078067 2.24067138126998
"949" -0.757050582756214 3.4951773753031 -0.92277097871842 2.29251880928302 -1.92334535671536 7.99813752454783 -0.158149474144385 -6.7806541198785 0.299036527620898 1.13252728041775 -2.20258277858646 -2.59537176170646 5.57019342075459 2.22210132593215 -1.1600820230061 -1.83281922867224 3.2175475075897 -1.50647373840852 -0.718201965313358 2.34140020343745 -1.96661079608015 -1.42297486164511 0.751772305855739 -0.0734608006242769 2.65399904846738 -1.19122305943948 3.95091396886294 -1.82433605003642 -0.869822906367833 -4.40121872099107 1.57038065756644 0.349161222263352 -0.153731538169712 1.56202613974274 -1.3942349241543 1.75667199178783 4.68294188475305 -2.14860432766467 -2.27401189106292 -6.64687668843919 -1.56574324112169 -5.67094429244402 2.13746650088691 4.3991758083667 -4.11395686051738 -1.53562453805699 0.449345878898057 2.9730413208297 1.27497746531244 5.33637622329167
"950" 1.01387902241304 -4.16934334411796 0.338633060258017 -1.30403452095988 -5.1692414783529 2.97354371027936 -0.31671769558094 -1.17099045411037 6.35473999680994 0.950568194608991 -0.773267238976882 1.90768442368573 -6.54992216314033 1.74624669152409 3.68784563375229 0.881328911668634 -4.18815464651475 -3.02773692774071 3.41537584290153 0.242566727297223 -2.45369752222236 -0.986394965128847 -0.795383835154049 -1.38765789244711 3.98914209421256 -2.58550077957281 -3.40937776765684 -3.40908211115208 -0.49471756511981 -2.68579708980479 4.31166004719044 2.35442074389441 0.380111198698378 -3.52743163115131 0.302244591489879 -0.169186102008346 -3.06938421023432 -1.63864870488461 0.35884600911368 -2.14097157732776 5.05712968664824 -0.73117926278493 1.43383491385426 -4.76489975395964 2.64803534197779 2.4648213280277 -2.69002100835256 -0.0878997118562671 -2.3700512944717 1.5799120538941
"951" 3.09372096471669 -3.46181407624398 -0.503154210421563 -1.81240262902443 -6.37240684196673 -4.68939279126321 -0.783964415695017 -1.42471048886086 -3.34616185376701 2.10312584264272 -2.39224521520055 -1.92872094849311 2.00670907746878 -5.32795799685958 0.873005830270806 -1.80457449094963 3.93028509096533 -0.479259223601247 3.20738314210048 -3.60548800402865 2.27510522170252 -2.23547984272743 -3.05228335587666 -1.40214137572717 -0.780822420576594 0.243580780131209 -2.38490149556056 -1.39108111857325 -3.27046662897743 4.63802947714053 -7.96099347355662 1.16947766366203 -6.84580813132013 -5.41642001362148 -3.12905727969315 -4.1778407883654 1.46691272586358 -0.27512654071969 -1.04201265667636 -1.62196686422094 -1.47910273634227 1.66425818623531 1.39782256389978 -2.9931509188954 -3.18758423891119 4.76199392495276 -0.374064328004538 -0.974567622150774 -1.62931929459352 0.43445935190249
"952" -3.90777603276959 -0.663625388658027 -3.87937929303548 -3.41076708651086 1.89408384714028 2.39105874151507 -4.36256763629454 -2.3793126302484 -6.04528189787017 -2.56685799769855 3.40321537099806 7.19080649735413 1.19970346669846 1.82728867092095 6.69245057562827 3.52030960427057 -4.2824541379386 -1.53638445477791 -1.35356225053603 -3.34503573999846 7.23955585341196 1.8093754818013 -2.76698484911498 -1.61275712159304 -2.12768419531693 -1.39153544817814 1.18110503815166 -2.14284592679142 -1.90904855522753 1.40119620748011 -0.291537991354114 1.59837046520257 -0.772871933826769 -1.53506067432972 -0.152341960194746 1.98667661295847 1.86720008148635 -1.39536933827888 2.78409345058015 2.06241938684946 0.802411039155644 0.242819172971004 -0.0326223512093902 -0.56271352601086 1.84804393099803 1.42574891098016 -0.584224096841136 0.788776673699369 0.19012532455251 3.85545254977745
"953" -0.349568044117099 -1.78553966703728 0.397165210909688 -1.25903909864972 -2.06287131551174 -0.23913776614556 5.71886226044337 -2.61795808501556 -4.5848640131461 3.00975666668742 3.42319611811604 2.72854218378407 5.84392265255701 3.61139922197209 5.42193225330738 -3.2847323126563 1.03359844203264 4.63000318837075 5.43571827748989 -2.64101738624637 -1.28130883814246 4.12096546245188 0.411155079437683 -1.72003343431733 -2.13399218125616 5.46282968903876 8.62076193254141 -1.0711876987797 -0.601049437750989 -5.03757702114146 -1.86359310374526 0.703996188495004 -1.85532818032044 1.01969977188145 3.56710826128783 -3.7142413628213 -0.530600122744401 1.40006044538937 -1.41572156455358 3.74788381767659 -0.885075759717801 2.86484975727878 0.775010322870548 -1.9183059008638 2.35140088091707 3.32151746796018 -1.62187899717162 -2.4906722353538 -2.71522044097733 2.15598792021155
"954" -1.36754910192207 1.88079568713334 -2.48901649231409 5.53371751266822 1.00938001024712 1.12112050665086 3.1090804319661 0.237006612761762 4.43645767467574 0.438961434435607 0.416173777996157 -2.09961127029089 -3.59389287618773 0.0548153134295324 0.0616448095162691 0.0390781792794769 0.894794843060154 0.064750190044942 0.0257770319526546 0.774829848436182 5.43290895339816 -1.8506208755833 -1.85271117159958 -2.49092383005237 -1.62933824123369 1.99784870273631 -4.62242247070252 1.36760063864967 3.45644299248248 2.99728840918372 -2.65244789681407 2.72833055678645 1.15656718968015 0.0224757464864834 -2.85678163930084 -0.750705139334533 -0.574665475743371 -0.139979963626725 0.853682364462786 -0.317396420919014 3.39242597280106 1.24228752815822 -5.0063226758216 -2.84019855608669 5.41254749264602 -2.68679737929415 3.93141094228808 0.352718669620257 8.23248464953651 1.86742769856044
"955" 2.47847350864303 4.3304396511335 3.47984668723233 0.0159328814107232 -1.12930524960616 0.299440071074927 2.33234053471588 0.260855391241798 2.61385591177372 -0.56132114121933 2.10805452018992 -3.39026769677751 -2.22752233446416 -1.60659651208375 -3.56293954166565 -0.12284859520772 1.09776429159557 -2.57775270533585 -2.01872428045968 -1.97000588223198 -2.43129044700536 -0.20636559134938 -2.47122066151639 1.94051490537796 0.820166983409822 -6.360362709928 0.820824433818338 0.985838982323083 -4.02949994167272 3.29618432323245 1.2015247705622 1.62876158725126 1.18156498921233 2.17217390380646 -0.0913825912848917 3.70282782027911 2.14290970325635 -3.33147721640328 0.0578829984268048 1.25229471135488 -1.73117618094683 2.24899611674799 -0.939896407520919 0.0312540024896419 -0.88806079154238 -3.78219160195805 -0.619595792699077 1.7303793504178 0.240966540322936 0.831864287478611
"956" 1.85652532773799 -0.3549387169926 3.97077873725978 -2.31353010268467 0.960691879890095 -2.88521113852745 2.15653073295039 -3.10023427049909 -5.6642866862572 2.86835318302493 0.7138115273665 -1.10412294008568 2.02718692762567 3.42371932537303 -1.3762601987829 1.09074028890754 -3.07741711475097 3.87474150456976 0.744720001436238 -1.1918272946743 -3.04913590804449 1.25208445034959 9.01022074021181 0.270065242446096 2.22029057166254 2.46759110173933 -5.07136956985927 8.77848895632597 4.06911471287679 1.39637931309477 -2.92998464746461 4.0704946338471 8.4655137724712 -2.4776828266552 -0.293689703338022 -3.01370909671495 -2.82146570699337 -1.43436369809175 3.62009241698129 -4.7135043811698 4.51392586429217 3.50050328192284 -1.44695626536236 1.19040732832107 4.11173631473793 -2.13646806340728 3.71606800341354 -0.203531601371358 2.69611403563613 0.28188534667932
"957" 1.55786156286439 -0.541803041187322 0.793868485978425 0.898664674176349 -4.54962116579131 -0.917634282998327 0.676395459263108 -1.14163615972974 -0.860563400478642 -1.02499670012066 0.794150482200158 -0.899984730327247 3.30943811502818 1.543825443897 0.46446964969548 -4.0945611686509 2.00967092648701 0.984319066612433 2.20540111242534 -2.11270864094314 -3.45267585191751 1.23827481884782 3.63173597333162 3.08813733114847 -1.87151626758159 0.4273780613889 5.98770076335657 0.596839395123227 2.85781517964575 1.9901271283969 -1.3524565402503 4.17002590038942 -0.0573886840975886 -2.51232994010205 6.95063357955679 3.29321102869455 1.67058160730761 1.0019659495356 -4.20413599794236 2.91317366172506 -0.737332998296443 -0.33750262725568 1.22137835915304 0.753634113608851 -1.80084791193248 3.36890090960568 2.66323367022491 -4.68083875750568 1.10802772480997 5.60765580341853
"958" 0.0674907748274136 -1.98151028140171 4.41557128586542 -1.49361202588209 -5.7790285076928 -2.79485610763547 3.32483699489195 0.556912810873461 -0.712886737381808 -2.0858437608514 2.2198684277475 -1.3793725398617 -1.30039418320258 2.96888205371935 -3.57381381875051 0.927247694992439 -3.77489107099107 5.80472054689508 -1.59558079939722 0.194336135942281 4.02955982341099 5.42305193605598 4.27769059200477 -1.2136023942503 -1.13777782600047 -6.21349330114915 2.59319623847817 -6.13300171098213 -6.95592497685433 -0.264997112723439 1.70141756902851 -2.70686710723165 -5.51249170308597 -3.63374095733889 -0.801074430360755 0.389587828612625 1.61905229602437 -3.4546131955957 -1.09072825325327 -2.03535947740297 -4.94935894091402 0.417189051240229 2.46274362179559 -1.0066873941518 -2.56213316220029 -4.10835437318705 0.537114098490303 8.69099380559645 3.06741857095739 4.99615627881688
"959" 7.59610441601689 -5.9608210211465 -2.21608187289996 -0.130561736245246 3.40052773310233 5.71460452354594 -1.60131397869556 1.48534341784836 4.89779019231158 -1.74590115731325 -0.656009399612811 3.90030049977409 1.3974963966074 4.43897640379102 -1.22983745122675 1.31516143942945 0.751993883605065 -0.00447166101074531 -4.49116255009767 2.67905246792273 -3.37173301496984 -7.57803993258994 -2.92777721698499 -1.16835692645765 1.47242194565704 4.89609085844086 -5.35545465310236 1.66628078176237 3.92497461592863 3.65453374425594 0.78887370102105 -0.270273258534833 -0.605464989298716 4.92621402164704 -5.37819921297177 -0.132464933596379 -0.653347578941962 0.31012571255556 5.16447290112512 4.69412454918064 1.03383558147425 -2.05996400196686 -4.48200800869781 -4.09613962877126 -0.378546629680747 1.13603250339304 2.4487490628116 -3.27070304882337 -2.366099194278 -3.00251720156146
"960" 9.16342460603047 -1.82177326155303 -2.62099450543293 -4.12591086639335 -4.95512806879219 -1.04228866992468 -1.97587628692434 2.06956139517424 2.68759895112482 -3.185461121948 -1.12836987130417 0.545849108287712 0.208376540112113 -0.721003141821346 -1.27203532776526 -3.39783238013 1.3676544549749 -0.47917559346076 1.71841643922026 -3.35079922846647 -2.0791934162076 -0.404164122103588 1.15319750208439 1.48522154042135 4.79491232870475 -1.24442652809296 -3.32976512911056 -1.63520683769989 -2.54797530074047 1.47130041547393 -0.872692401474048 1.0840534990365 -3.89499036992055 -1.9812106003721 -0.239920580550068 1.01586444092669 2.27184590104884 4.41810923024825 1.76558220771101 -1.00683657376334 2.44700843601592 0.4372166690899 -1.8078335148091 -6.01480640284794 -2.54173082691217 -0.425798041192179 0.28461005763141 -5.13523800783096 -2.34160926434795 3.55105459242838
"961" 0.362400682402903 0.571100754715538 0.189976670184184 2.15278648699162 1.22713618518535 1.95336440629825 -0.173735674217789 4.59762943688718 4.7176492615684 -3.19503077612807 -0.40106532411101 3.62823544675675 -1.16422909744939 1.50358638455961 1.70099220229895 -3.58858285284242 2.85029370683738 -2.14432678750576 0.293975882236609 1.56342754220135 -0.374361714769328 2.11511500581195 -1.31683905765329 -0.40424640364373 1.9150830468925 3.67849822661971 5.14935584781403 -3.25499171419912 -0.912377337954994 3.10006736775911 0.0112154542879086 -0.433483447141671 -1.33232787825724 0.845040250534929 2.72385445120388 -0.084300519735129 -3.31592264365503 1.93951537275712 -2.51585587155036 2.46045275442758 -0.524586719765493 3.77108578309131 3.24848362880466 -6.53205802996619 -1.91017021538237 2.43619006653871 -2.21398170379374 0.178515323880137 3.63415177957495 -1.6549171686731
"962" 8.78366546535757 -4.73911914908447 2.10147444753194 -1.46255185577422 -0.488017986019951 0.400072709611539 -0.885761806769131 -1.94549288716187 -0.492069461094459 -2.73165122643763 2.14324117729085 -1.26553965248052 4.372103090274 1.90063251317223 -4.31023771144081 -2.67815683698301 -5.25145118802461 2.93854797263853 -3.80365623046888 -3.15692708286172 2.24043584339081 -3.47153844455946 2.73408800749928 4.59516700739138 4.98208376169157 -4.19459170768445 -4.75656479099301 -6.47261755327988 -4.29220219473907 2.71095579751519 1.36815524923025 -4.69376711288264 -6.05832062044852 -0.721445788751621 -1.57487429110616 1.43131380394835 -5.17609097050183 5.82253388150605 2.04637904078643 0.257666011086049 -1.28428124238206 1.24306806564902 0.0284551893434957 -1.72538329659254 1.56876635764708 0.302700304544807 -0.542027105900067 -0.89143004120572 -0.586221235929496 -2.39841060170863
"963" -2.40602108644144 -1.65158016198809 1.35033861055051 0.528587376283561 -0.570347841114393 -0.84921135675197 -4.83277955377187 1.15997101983755 -3.97180176696665 -2.30636765504241 -0.277905527960068 -2.57768190127239 -1.53307212135785 4.33205041543155 -2.54802243845191 2.07150732176884 -0.237354710434324 1.94712631132876 -3.62219641175871 -3.20367297879118 2.57239796761518 -0.601402824272578 -0.257041128128982 -3.42924347565289 -0.0973915374392627 0.552916690238679 -0.507939187725042 0.0311610507446819 1.99892591202613 -3.47369589941695 4.09017021595465 -1.9552741457557 2.42519202765154 3.07111086694277 5.7041621507899 0.936699125938158 -4.16843707355922 2.2875718281658 -0.847103328735794 -0.275257028735267 2.26135701565397 -0.0995753256058144 3.73282062030267 -2.37608530439394 1.54735156333872 2.23864064721918 -1.43684577456698 1.06885408997371 4.23608147954087 1.00400602139568
"964" -2.139420622063 3.67615270852469 -2.15762841244101 1.84837145950827 -2.93300594940663 1.23893530809405 -1.16350629870681 0.257638220176475 4.33184922811006 2.51087587087869 3.34726344188418 -4.7006662849826 1.88686363732315 1.70053582310001 -0.859195368575032 -0.885028904408082 0.69955126467024 -1.2230646240895 3.90641067013694 1.53548945066174 -1.98062661368857 3.22224398956941 -0.482189200536599 -2.55292395814227 1.70806988919885 -2.56143324484772 4.17264981614436 -1.89442119157653 2.5605697152618 -0.145743926871136 1.29168174372924 0.771638413571345 -0.391579539640475 -4.43932140899742 -3.15058010487618 -2.63693475047418 -4.21210069398398 -0.7810622748628 0.71285849497937 -0.56624463453807 0.679635355168907 0.122816384163646 4.32205087142646 3.41868567741844 1.36360448880047 0.0469328541917492 -2.53209364269796 3.95745007741557 1.24679740644923 0.291622500909953
"965" -0.225571849613089 1.89061690819939 6.98564557942338 -0.29134323616395 -1.1623613899242 -2.51179952883759 7.45340144228174 1.21882775767312 -4.47590329989035 -0.293187441795296 -1.07149446564269 -4.1960511080373 -1.24759114681019 0.395672416890261 -3.75568083517978 6.53730689454101 1.89035173935662 -0.533224560655174 -3.27306568993452 3.86136971283221 -1.14610739601984 -1.509356575956 -1.22117102133348 -2.6942328944741 -0.800121267690051 0.157462333687736 -2.01888919490443 -0.290945523436311 -0.919404415732819 -0.648893618044209 -3.34822520115929 -3.49193076172004 -1.07573824473368 1.86166492534111 -1.58597104180875 1.03931408497382 0.726191491719748 2.07492927379859 0.311407108437453 -5.11231722967456 -1.05526572726866 1.49902611505876 -2.68519877469241 3.60523209110221 0.212773372806992 0.176082663553433 0.81123547988697 3.06668919686594 -1.79172145509545 -1.62477544120495
"966" 0.196077692151684 2.81217238767824 1.82268968766814 -7.15938616484633 -1.34510342044863 -2.77005061077352 0.259579808369477 2.54389958567081 -1.33262204664611 2.38316702929459 -4.30752667885743 -2.04427544094279 2.81309482809051 -3.08165322618663 -1.9992459040079 -4.6369688494517 -3.6824753270349 3.01516240356228 2.14026817015943 0.866262779099851 -3.56606685546186 1.54463962829249 1.29127290912389 4.12253978273181 -2.39274973363513 3.96037503488433 0.955425414732698 0.711058603567218 1.27495271538628 1.06611927528267 1.42879059020225 4.02600911966957 -1.80089953537332 -2.20205262255648 1.55438669237242 -4.6936374956807 -0.0537418249837636 -4.59871985565559 0.631547419117424 5.18689456041171 -1.12535985475135 1.78936835997783 0.259910148977951 -0.595925454978732 -3.58817388196644 -0.928661842675137 -2.9220804678094 -3.90260973058389 6.21600848655945 -1.30961316509064
"967" -2.0863552093302 1.45682790689 5.66760716564148 -0.330130615170275 3.4268176338478 0.296050923981908 2.67675337305575 2.92761897889419 0.903225926477894 -2.85653736506673 -1.46305398817227 3.52624362938068 -2.34352713294377 6.39930868606044 3.92591001554136 0.47184030710505 2.72440517870471 -2.74328264433117 -1.69151685630883 6.26243372933526 1.44591146443839 -4.87928361620898 0.277373987116317 -4.12118342259921 5.24896143053883 -9.35541202657949 -3.73618121723095 -5.18361802228988 0.188912647753304 2.17648952473491 9.51049280120782 -1.78549421461565 -8.2193708185594 3.86952268794066 -3.57049926727821 0.0662279927993555 -0.0188795807049226 7.52416712350678 4.29950775240197 2.15704430009621 3.762334363118 1.06802630824744 -3.4313922666992 -1.91493058542667 -2.72332681746361 6.49005268080883 -0.899142225336046 -0.0157578451176478 -8.12165034377526 1.65282495758994
"968" -1.68222974573361 4.07463500383332 -0.424722070818249 3.46631352058941 -1.7457584185132 -0.862352817301724 -2.54481225780507 -0.428725028325317 0.511243811032119 -0.390960761470857 0.470265805727465 -2.4623853290884 -1.12630292952681 -0.580390230534327 -1.2083437637962 -2.88987420526253 1.7493046653583 1.98588388771981 -0.0186302007181347 7.58195033984417 3.22675689363963 1.68677524016968 -0.0432767077433504 -3.25927171633973 0.220591355550055 -1.27914659344111 -3.96730809575993 3.0584407792541 -0.315673406529332 -0.296108893323302 2.27683767802954 -3.14664359317892 -0.216545706788199 2.148882980677 -2.86429530629141 1.00629767585616 0.67046845406392 2.05709165402568 1.94893165022722 -4.12804454732794 0.956484462843181 0.123648965222587 1.60996565684388 3.05811847828164 -0.105127181933727 -3.85168595972726 -0.583215539325063 1.32342816882739 2.45216654761774 0.882464080842514
"969" 5.35437684973479 -0.441062932390476 -1.5918451387096 -2.41028461850661 0.460858828952086 -0.17338567180693 4.74046170809464 -2.78119249552454 1.32946799210369 3.28227643468425 -1.39609996027517 -6.64418224338959 4.52853070840778 -2.08647942976282 -2.64219092087309 -1.28351916601731 -0.571212597514331 -0.658612499981573 -0.48083980659432 1.10714400163236 -4.00752292392762 0.241516857240729 0.815437872724333 0.430838742117635 -2.5965303091255 -1.80285750361295 -1.00627969693218 0.506960179459154 1.74941676526298 3.37949308872111 -1.60452360535469 0.359433674949535 1.31992062062889 -0.292690704744337 0.145967586693511 4.53375000048487 2.5837779547216 0.74366117892186 -0.838174725997552 -1.488853416941 -1.91113295467503 0.622931127532201 0.0771394314613595 0.969822690326685 -1.33510018584809 2.07844411243032 4.76299045220871 1.57102350579543 0.0243694792959772 -2.77391527084185
"970" -3.66384304601145 0.946245668853053 8.76888856097854 2.2556025714519 2.61138760296807 0.0876146592331907 0.399195774266596 1.7038338599437 -1.0647237303108 -3.07695701319347 0.686581458418521 4.03331217167479 -0.0195569108768568 1.77038649404528 -1.50756981317763 0.202771319806856 -3.55865093532652 -1.27354280061874 -6.59780452601195 0.658602749218521 -4.98322606676995 -0.531515531629946 0.34977757494863 0.860116776845612 1.37971166287664 0.839625519832966 6.9843835331593 0.686464300719641 -1.76865082913676 -0.752510101902621 9.07843838380061 0.0831481243046454 1.62242414091764 1.218821727382 5.54282239738849 -1.66990811984814 -1.71797073110327 -1.96261492237943 2.31710148803461 7.11385506603751 1.35239922852626 -1.46186639242262 -4.4366010825257 -5.82573512759939 6.47532805399797 3.78016525856597 2.32300281939386 -2.37358700916578 1.01160965874137 -3.20986964644022
"971" -1.34184864122827 0.777992612026067 -4.02316192732442 -1.91462608480254 4.83184208018176 0.160186446788555 -5.18522070966994 -3.58884331842052 6.43942379994077 -1.92781125345826 -1.75068370323022 -2.01809044701459 0.0768725321347649 -0.784379981872696 -3.77555431645588 -4.19331047093862 -4.48151796941392 -4.00895881456634 -2.1686239104012 -0.785609258070066 7.6040087171159 7.02778580236293 -2.80258935270433 2.35539670004764 -2.32926957494453 4.25060806088568 -2.94078572642522 7.76783783712941 5.01110040212834 -4.71131301122863 -1.66441571541019 2.53406792860681 2.39290446058363 -0.599461995789546 -1.58853620723846 1.23896670981644 0.48564866454532 2.17072390210469 -1.87891453347712 -5.50224377542947 -1.00352342752482 -3.29457474695884 0.95155126438884 2.45020413588927 3.94906255779291 -10.16871375193 -0.764510699578383 3.45458377794686 0.761576256952012 -0.13314164260233
"972" 1.11572218556221 -0.260525701330808 1.17652366008143 -4.72608596052879 4.02131213811546 4.04570762144657 -0.220903422214517 3.57848073204137 -0.202836471095102 1.40992433176569 1.29605188678553 1.23397437029504 -1.66171352084702 3.53705298932986 3.83533965687998 -1.43458738799814 -1.02614538504554 1.71611053157557 -0.864748530266037 5.41869608194173 1.78731089452941 0.38739718757348 -3.7267734229798 -6.58974790497148 0.731204397858676 -1.46920061337602 -0.757146275285324 0.201493877358115 -3.41079786007006 0.806512025906749 0.893599241625205 0.385368653399918 1.39050561797221 0.360729324423844 0.0105234847322551 -0.901655112528631 -3.51718954619192 3.56191785924594 -0.391867941809352 -4.37860583217944 -2.07041830329341 -5.89545921071932 -1.66417429845743 -0.903398043876278 -0.0826629603064799 -2.66365827306014 -3.33367404464781 -0.601701258202672 -2.10811643007944 -0.0633640282411263
"973" -0.583595675726864 -1.39369019854785 -4.92006709227831 3.88492036596953 2.99781135789284 0.365889152629052 0.261216891005759 -0.155933520372843 5.87315541015185 8.39188850799893 0.437598431336047 -1.56154690634218 0.212252520823629 -3.80264453484973 -5.02387402835789 1.73099783959289 0.991611245888593 1.60454082285776 -2.17505081567971 5.32124610149152 0.277584243918623 -1.81637218073909 -2.31726143843085 -2.19043934203087 -4.0525084504655 -2.81051072341981 -0.637281981342082 -1.42092972139395 -1.29239891714685 3.86185758350618 1.03049360201515 -2.26301338390536 -1.97921520181842 -0.504595424557592 -1.50487861813647 4.74985511032554 5.70401415205369 -4.82065698308101 -2.84964205438365 -2.85277729955257 7.36041525206421 -1.57784307529556 2.79342823994681 -1.06400161580691 -0.340907802488341 -2.68712002934627 0.878085426686092 -4.11576163654563 3.8333337646689 2.7843709440893
"974" -2.82537740770684 -1.35185008523629 1.15424056987106 1.95421079266977 -1.60143986477953 -3.90572624118169 -0.82800932475994 -1.73924600198244 0.69623488202695 -4.45215221584973 0.199166247093877 5.92215384863333 -6.56299549793813 0.664418135650212 4.70544393602692 -1.2290157489477 0.307941663852476 1.44930889279817 0.543198859268885 -2.30746982816484 1.81539393680734 4.867774652306 5.76269001788422 2.08702098450734 -3.67442130566461 -5.53775629490886 -2.45437052289374 3.83696746618575 -2.29213931203541 3.00669661413367 -0.11579718042311 1.32841294913646 -0.599535776599563 2.44627528315104 5.1071938222212 1.13784087451325 -0.195707199177424 5.78532747160494 0.496279422453942 1.38820089193118 -2.78150727475477 -1.40334718046391 -6.85096724516524 7.46339708601248 -5.71052602964336 -1.85217359363405 1.10084985599031 -0.167429489148002 0.761906673892646 -1.97400639849209
"975" -0.79841994628559 6.37280198560024 -5.59195467672875 1.57254208185116 5.22430132719956 5.81466915545959 -3.40371220346585 0.362503457939046 -2.06034189356219 -0.77070588507002 -1.13207738171689 0.239627824038147 -2.57506908676926 -4.01917652796422 2.01158470672715 2.0777273421574 2.1260507500832 0.571601193718524 5.4737569035374 -1.48463747989191 -5.50281357822971 -0.103394812083621 0.307668812037466 1.23230029789156 1.70980151860672 -1.08744438367156 3.66844776868348 -2.79171258588944 -1.90288346212865 -0.748777928339834 -0.489594487245115 2.55268826981892 2.49053367525042 0.0171183563430964 4.52742286788246 -0.182660696869601 0.626466958796728 -3.82242808566476 -3.03758919704336 -2.29366923358432 0.681426680220891 -2.1661668670274 -0.182330479099704 3.34599909285828 -0.930103675756515 2.58797522029071 -2.21992013739614 -0.169152925498976 1.14453258582837 -1.5430272615582
"976" -4.02716920170173 -5.09159527521791 1.6516835732287 2.74376302810749 1.1741663479239 -1.23721470108293 0.958031907786775 1.67080149279373 4.54216924396392 3.76032361198947 -1.82451534513884 3.78733308859858 4.7951197470352 -0.59062979384011 -2.17178415695161 0.811680530122346 0.332875964061591 1.1070003974929 -2.26349388589778 9.5659862516375 -2.69082891408921 -6.7235868554779 -6.35409698104566 0.161315413925553 0.975890831515729 0.354694950996304 -1.76506138879772 -3.41025665213373 3.25571045612649 1.74562561479187 1.81784720267261 -4.32979869381284 -3.04596234839988 -1.82350949348723 -4.8359598030514 -0.78152419374959 1.66589481901708 2.30482788284322 -2.38940255556231 2.80957238481792 1.8834247827713 0.841005065417272 -1.54385537866854 2.08386494145075 -6.62099493439081 -3.41865187571834 0.77406482535703 2.15777816413254 -3.97144437392301 -6.05528887350472
"977" 0.684535245318584 2.71641874731771 -1.95510234812854 4.41873106916349 -0.73515977462582 5.99797672113756 3.16780087114924 -0.0147754510753309 -5.19129070110766 3.24625800168776 -1.54496319452721 -1.85424976790455 1.3348616292332 -0.634051472426628 1.13458569243737 -3.63301439142671 6.23929151229836 -1.71843471278733 2.00245020014633 -4.36271209825847 1.05863284962283 -4.07494126800003 0.769459625434091 1.30695185104015 5.71035944022399 -4.83295055970613 5.47362852183664 0.685522580090242 1.2634720890672 -0.495461544116605 -1.81572260503333 -1.38355678775138 -3.22512503190833 -1.95321264579168 -1.4693920905673 0.875250955289586 -2.05813472696175 3.32695452763117 -4.90945664007862 -1.47955860659951 -4.92249303178977 -0.662357199494743 -0.142821607104777 -1.1892101967272 2.16098304007365 -3.90265884662733 0.27022204476035 3.89941531905278 -1.30246118751367 0.91884995340858
"978" -1.84746444272978 3.62815485405026 0.898035439758796 -1.38525265652188 -0.630915311880146 -2.29762889252231 -7.82529904815505 1.87308195175588 3.49323770770425 0.777091120125644 -0.786912848166509 -3.43323747073157 -5.78182859467447 -3.07874050872081 0.00801667333427809 -5.66927938746981 -5.67411080238303 4.56725664489439 3.89001698930463 -5.33534926872061 0.157164127151135 3.59323509704179 2.83751915882713 -3.14085202398569 -3.23598835236836 -1.44501935736213 -0.210033505629056 -0.231279321766338 -1.45707532248243 -4.17927375747844 1.88819122064123 -6.17636454619118 -3.00619668148266 6.47826798933467 -3.08266515377543 -0.803951450703105 3.1764029438849 3.05504705952282 -1.69148320403676 -0.41635541665677 -8.84833033333703 0.301606214430727 -0.235986112825822 0.924093287418384 -1.32297555002126 -2.92967672876261 -1.14404560705935 -1.19928320611895 -4.33666311816417 2.34417269210591
"979" -8.45945680276629 -0.841377871957331 -3.07407667366264 -2.92039611286796 -3.52058156523189 -4.62319209824354 -1.7718458291586 1.73157549179416 1.59828708332906 -1.32302370876716 -1.07007375832412 2.71661540988405 -1.43982094778451 -3.45839651134642 4.26720236660358 -1.88170039508123 3.25967134720226 3.57723561082981 1.72636855781844 -6.60805960369225 -1.23471878813132 1.76166043610757 1.72431753599161 3.17945990581502 2.98376214878394 -0.787908647121767 6.03133921593398 -4.35769948848452 -1.25707620611002 1.54892798433034 -3.31097677716476 4.24958095336978 3.08875784399261 -3.129312257725 2.21743164824057 0.690324857451133 3.0770280754794 -5.65233859259819 -5.50638442317541 0.395194513190543 6.90666397799746 1.18095216936112 1.6014827475158 -0.969317162963917 -4.38092595526559 -1.63530292577626 -1.10758581451009 -3.3941776299784 0.864627068587748 -1.09228646751547
"980" 1.00409498454005 0.322424398599734 0.633173270532371 0.820949880907812 1.89020380601302 -4.37769346355662 -0.728778372871106 0.769382368658444 1.00414399926056 -0.00157749739144952 3.42833827607459 -0.011257527653491 -4.19706479175916 4.32593642708709 -2.97948516826544 4.03004760105577 0.497958097194396 4.04283101053179 0.311730770990569 -4.34686692323292 0.0142473540684304 -0.879985330695361 1.9334753968522 -1.01254988283592 0.069765109537426 3.10400805880401 0.853767383993467 4.87891104374418 1.11158581956899 -2.10488903497259 -2.46993688124166 -0.398815883293585 -0.920149378725116 1.93079668701694 -1.60799313467346 2.38864727949868 2.82538925672189 -1.52887505081769 2.54835926210093 0.668402990888045 1.45637907204603 -0.44245467077743 -1.21089014396387 -2.28153910272242 -0.775881430210775 -1.76092944465188 5.76504418914478 -1.81181674608464 4.01699274775432 -2.12176421920758
"981" -2.21297416961526 -2.7735968595717 -0.161957291120132 -5.28326114960128 -0.537319847821369 -0.5718472331648 1.77672519024081 -3.95511799659733 -3.05903980656923 3.99046432024009 -2.61086578355428 -2.1781179142318 7.01494185480848 5.82429908183432 0.13122574944995 4.26501514497805 2.85302950224745 -0.955482742114804 0.183152745052492 -0.724725774678174 0.760251343352373 0.242423413046003 0.0894831053597534 -0.786992462228967 -2.17528045418293 -8.26874149679924 2.22269146018341 0.42580468594066 -4.64357722604435 -1.72198243017261 -2.23385566582247 3.37362841813834 -5.45835162482216 -3.51160087548835 1.16871339099424 -0.3693478102212 6.71567071190889 4.21146993137265 -5.2580465922855 1.92873447374548 -1.83458749930653 -3.2401949256969 -1.70046320699634 -0.0176609178443121 -2.69515230623912 -0.754270306060363 -1.28836393696946 -2.32504887240234 -2.00826729108486 6.43297007423385
"982" -0.0449882338531402 -2.83659850199216 -1.09177810867128 -3.24374320783068 1.26369816361307 1.34781520866961 -0.263584521308157 0.39214248971532 0.627745796854984 1.93112733257749 0.595598622349779 4.23056572352196 1.35650018676738 2.02398325252019 2.15672266659784 -2.68287795625146 -4.65814167404276 -1.57370463803216 3.10601398790156 1.26634029860783 -2.82643937473319 2.02407175393705 -1.29867320311782 -3.59860196505796 4.21065471866265 0.955620410566909 1.05860104104893 0.129623888298828 -3.55014136742853 -1.07400426030775 4.03280570688398 1.77677766147434 2.33578361512975 1.55066167930871 0.00900031738403685 2.24087912883404 2.7231307068083 0.143401579704078 -1.90586843469055 -0.350983440238124 2.84695636088122 1.09835503000393 -1.93669598094239 -2.02372788648322 -2.18718990030127 0.684097517320314 0.5881804883106 -1.77280437557641 -3.40931676040584 -0.0113658749887112
"983" -0.0820621152156952 2.74597280046615 -4.37202477814164 1.15835884144363 0.610185614521421 2.64582445567679 0.681537283648018 2.67403425694094 1.65029153577248 1.76438066455949 5.15516149669841 0.158666850341533 -1.00464000666717 0.625660480464497 4.65662258625757 -8.74927486244901 1.05263025281626 -5.73853681499278 3.32972252327747 -0.864762409568617 6.2974638896322 0.183166796924018 1.28796843823571 1.09278756172948 3.18054333346517 -4.38318113471477 1.75998203896215 -2.11748468824347 -2.82191683679917 0.386741559564711 1.08177337416997 -5.60899744826097 -1.67875860575855 0.859018474778048 -1.45642922457313 -0.0501540479389318 -3.78393910449844 0.863645065399577 -0.978586378959691 -2.85244256991603 2.33097208965757 6.98995850731952 3.23562673643115 0.652423792308721 1.14411155765172 2.85186803149598 4.34437970370968 1.13619535201824 4.49422892812599 -0.0250308939936104
"984" -4.08871632216062 0.0779951926775162 4.37681928162546 4.97101791611136 -2.14200839156176 -1.27594825651588 4.84667082236737 0.462236796340613 -1.10611994172015 4.28609820732264 3.8845378202959 -2.70111980346686 -0.912978967717525 -0.929016633277446 2.17419724526419 4.15567421717082 0.773083948883877 -1.08766387990892 0.674436094653889 -2.31374932712312 -0.854934096883772 -2.83460024336685 -3.65109308775508 -4.99698650541757 -3.70100008333463 4.15398850356704 0.960553037271994 -0.707771518304248 0.537495278755972 -4.20637607916773 2.94328453800772 1.93937765754853 -2.26529967258672 4.05635128423196 3.75809584937241 -3.10561289348121 -0.580195069089768 -1.08166568397177 -1.59218580048506 4.71645373750425 -0.624501775716998 0.637576249553703 0.556955979743609 1.37887902584481 -2.67123443043564 2.86525099038269 1.26170692149849 -3.28204214012365 -0.5050785504315 -3.02690301549665
"985" 1.09607721544306 2.12222664056689 0.385042735561055 -2.46197896961305 -3.87945331052675 -1.75264295024017 -0.0660019392352131 5.48611973879641 1.9278196563986 4.15166429844834 0.251966902776258 -4.64463808225548 -0.549377346335663 0.800572683614623 -3.4132766748547 0.864197719445529 -0.62676277712226 -1.85458319267617 0.789981046845618 6.07994492455515 -0.370727632618584 -3.80300895193337 -0.812741746681682 -0.961800880701087 2.81211793839854 -1.86799140250995 -4.26033417611888 -2.02971786184398 2.44623386893207 0.227152145439588 -1.02394994063548 -2.37998804345889 -1.16524580622105 0.197217299521998 -0.0057698548905929 0.566411865537831 -4.53730648819683 5.95125950870058 -3.15570480906868 0.0704933124351494 -2.1840455625707 -0.876105220476073 3.77773636502417 -1.34558825814359 4.05399113691811 -0.130424508389356 1.29013294636315 -1.29014952365023 2.87171233265032 1.45689823595491
"986" -1.05528975899241 -1.48770292193886 0.928516196929387 -0.940483283555386 2.86593986290604 1.89084005683359 -0.87303525805252 -2.62548384950019 2.18992110842495 2.31430857292453 1.29314344762419 0.21055923054929 -2.66094869000592 2.39741170996419 3.41663569163671 -1.50780095775147 -0.721681303745917 4.71943246287241 2.65601823080094 0.772680436725386 -7.70861515317691 -0.483558202444073 1.53848935885115 -2.95295631672451 1.52396983313248 -0.211957327449471 1.47087036072806 1.38960226131593 1.96341692062086 3.60562367488915 -2.83164049075225 -0.348373137249623 0.588745771051173 0.0869061454065174 -2.94203937562457 -0.922898690984689 2.45684469768458 0.547796148700302 1.86069008902724 0.211615005280842 0.649912224493602 1.64625052204441 -2.75388150089826 -1.41050944386914 2.74786266917616 0.434308443835131 0.635344897620025 0.667269387037228 -2.17842196900114 -3.47336203465598
"987" 0.860776737111045 -2.71565149862558 4.82725735267137 0.835046357831451 -0.0824752584995881 -10.3435316841154 6.41275679487986 0.128662205841154 -1.28369228638894 -3.64751645820988 -0.553894190319059 0.0970745986378487 -3.25989902765084 0.344426616313675 2.20720665730354 0.304461407393081 -0.396927556060341 0.310328482042486 6.22127491948285 -1.86592033274104 0.493957200206902 -2.18015052500756 1.28943522860632 -1.10118270755361 1.99064470513082 -4.474445035442 -4.53775655289153 -5.51754997249417 -0.117075292809796 1.14353980650876 -0.555313556565025 1.05519132590753 0.78128459640679 -0.350531930463287 2.18547714834883 3.18909979785767 1.06078551770628 4.77702754909775 4.55392684718909 2.24507028161262 -0.339766898265109 -2.16251947119048 -1.85903494830016 0.512266777342421 2.71319335411753 0.676121910706063 2.34248974195585 2.31026791157669 -6.20553767143283 1.24081396978935
"988" -1.05861880219164 4.62140776914785 1.64691563636224 -0.867685107349983 -3.98436886166627 2.42523119126374 2.83670231855128 -5.90505763601893 -4.62849961376103 -0.312536012637597 0.429783010229848 -6.35830900709647 3.44573892673342 4.81607851105962 -2.15223469555861 4.37370022143396 7.87929322498916 1.8221156421344 2.36087581603585 0.589374677195778 -2.02499758547239 1.4902195107958 3.53567664929075 -0.245325283271958 -1.50887566582176 -4.00992555353056 4.40071481037352 -4.56903629102756 -8.24459809900393 -0.0948353704926551 -3.25511919524347 -5.29324779092941 -6.56933091258633 2.09353762913338 3.44923900650341 -0.356049213218091 1.3795230089366 -0.532739345965356 0.902441372854097 -0.383645999749996 -1.37418208217921 6.74322490678435 -0.18466025664921 3.34771312538607 -3.28824906911053 -2.7529298306246 -2.10398113731235 2.42587421281156 1.54427404852547 -1.45157238235189
"989" -6.61790896118781 -4.0800750783062 3.6768670437594 6.74528093820952 -6.66604020623966 -5.251132617524 1.023905630282 -2.49698114609662 -0.620443267344654 -2.48636209793239 -5.58981070061146 7.18737283863898 -1.63968612164984 -7.25671473107809 -1.37623552998515 1.41231283329597 2.2121668013729 -4.68777615299803 1.90757254482282 -3.06746972549197 -1.20617648470252 1.62935585971457 -7.93752209626044 3.26235106895538 3.3735779731424 2.60712121903834 -1.93977295369034 -4.49863506838437 -3.14778623074192 2.26944523184652 -2.23850775849755 1.3414645663574 5.06110909668544 2.09528508790494 1.70024276415511 0.279391455467576 -0.88698173950992 -0.854499267582159 -4.99207430089344 3.20926383406729 1.08853760074864 -1.80267339554404 -0.582153644301094 -6.11657582828827 -3.75510054432726 3.56871635402107 -2.22610882018762 1.07095734705626 1.03774998326772 5.02845413383661
"990" 2.38276983535836 2.25082056075747 0.547295176676925 -1.00476311507017 2.45116301639737 -1.28135983418589 1.62984390982165 -0.659362083475234 -1.21209129671455 -1.51907067313768 -3.21790920149082 -2.50371602931381 -0.460373344596494 0.377762330019567 -2.24094716383798 1.01402212112639 -1.44602710751926 4.03175871463659 0.73490240652911 0.890865931618845 -4.28952397727852 -3.59577907569626 -0.955855899804676 -2.28442424873538 -1.15034536182699 -1.36536094672527 -0.95144164890604 3.83854536257138 2.58724804913208 -0.403035068974046 0.397381582070972 0.547445773076882 0.302111491711707 1.11113023006288 1.85411095018321 1.05081681200239 4.22582175079353 -2.87929565571595 -0.876643222990881 2.21961523428978 5.2595583363206 3.70520379756926 -0.560663085660452 -3.91008427035906 -1.0839716982198 -1.33450481479052 -3.65040042202639 -1.50889317661035 -1.54057601541553 -0.591976247546656
"991" -0.189952768120581 2.3322798737886 -1.98608497359513 -5.58433707153864 3.35242838693481 5.56332411892792 -2.4004739014126 -7.22369386204854 -3.8278373351883 1.15195561469293 -1.55993819201272 -1.09100252956941 1.08965148828746 -0.489134624453004 3.34492782569418 -0.14100079110263 -4.1737812796644 -2.27583802276715 1.32180712986558 -5.63404756477333 -0.721502477127511 3.17767980210995 -3.45847251643025 -5.26214699157064 0.301681791899244 4.61662484153648 -1.41502008146306 1.3468205899333 -2.3521938800982 0.0216034594403337 -5.53627732837128 5.45514712745468 -0.345541956281572 1.5099156284828 -3.25342373581851 -3.03011527637869 -1.73171076791571 1.86860062617109 0.695770990271384 -0.866644029041729 0.0224230480030834 5.55105129462802 -2.54018775127411 -2.94083014333961 2.9827991293228 6.99487459064236 5.58148270363936 0.565233846620156 -2.44137814333415 2.99349765344901
"992" 3.97361504388331 -1.20219385843159 3.58288780899768 3.60500094545007 0.833816472449108 2.25979708365242 -0.0454734948641356 0.608258399539132 -6.90888094912984 -0.414439185265327 3.83998354824126 2.98561925258541 0.42685306558809 0.55510702310376 3.83775046561694 1.29991834045663 2.95802312896658 0.62419857057579 -2.38855970908828 -1.48914583941248 -0.262118862099418 -0.323054906921566 3.6302029481281 -3.69178456262152 -3.75506026887231 -0.711922949020019 0.960387428562803 3.79499509597305 1.09578483630314 -1.49318021978308 -0.452500533525127 1.04141190919496 -0.522957811643611 0.822841068202973 3.17691187410422 4.58587065630554 3.040099103558 3.6172847471816 -1.84242045955107 -0.545042711427539 -2.07036267101734 2.68934901499453 -2.54797330265877 0.281769647386965 -5.14524428025764 -1.20090901707279 -0.236667617570819 1.87265733564163 -4.92847587005304 -1.92523161032403
"993" -0.914274015060656 0.959048082622217 3.31536997682059 0.757420905606724 2.00513822025918 -1.75172541805848 1.21240342679356 1.8835316579392 -3.03154214507446 2.47829589579945 -1.45699134402037 2.00488141458393 0.596803439460089 -1.74239336086666 -1.99444162056553 3.26918520300264 -0.197996891437095 0.654833983928933 4.23279946833271 -0.722300169091222 -3.7306995504521 -3.90590202783529 2.60266155102782 1.92904607515473 2.15151684576783 -3.3606575912093 -2.68498011930874 -3.9101341586623 2.70776957143086 1.7077646347841 2.8128246869834 0.209789369894921 0.195901933569044 5.10375706144906 -1.66218893535152 -1.04083356371466 0.343500973793693 2.69140122929107 -7.18341541453792 -3.86901146356683 0.958306066003103 4.06395577516998 0.951580519713585 1.12608164212325 6.73415407828151 0.370900023126344 7.63512861960062 8.08203302346088 3.63240847240473 -0.944216216229316
"994" 3.05472264532632 -0.35976151532942 -2.46662710940323 1.16271550138859 -0.136954186079427 0.218527383571239 -1.81950434814191 -3.71501333991725 2.85880331454737 -2.75510369049584 -3.23328195323686 -3.17852077325657 -0.552811988622719 1.39202978107235 2.52982874031729 1.42805656771328 -0.181757730402661 0.338348815210015 -5.80071309851322 -0.010312554259067 1.96099677966476 -5.47275214078765 1.98011630146222 2.33422102115257 -1.68447323109158 1.54582685496572 -3.37778490742823 1.06939022110073 1.19181982633344 0.6503947984788 -1.556931853275 -0.705626862852754 2.87785472718735 3.30760399292144 -2.57469693126558 3.32015864375585 -0.0256229851110225 -1.49485185459067 0.302334128854297 -0.158850611043818 1.40063907848566 -2.92130052603467 -5.3991589067408 0.138857066148029 -0.0924054625532972 -1.66935700640328 -1.6583254923151 0.379803796215094 -2.89449808452046 -4.00001736223106
"995" -7.87180779121892 1.23024332653566 1.42538417897211 3.71349445443427 -1.89285487188628 2.01622212144305 -3.74722008226674 -1.60365037875923 3.09117140610657 -2.6926954079169 8.25470771428908 0.00904603139173375 2.70669411063857 -0.403148021907012 0.891615226262355 1.79375553421234 -2.49769412075048 -3.54527054244586 -4.48054149305672 -3.60019532434268 6.37725991372611 4.32336797641631 2.11970747346354 -4.57156274991162 -2.25023382928159 3.21351326065998 -0.328741543958225 -1.02068138398741 -3.16103051398998 -0.938633518305436 -1.11069608252376 -6.82599550438929 -1.64922944276759 -1.19470788386328 -5.36743692000922 -4.76940734238437 3.95915631842814 4.09517072180055 2.02716552491609 -1.39259579224745 -2.71331512199872 4.58978142276073 2.64934445045297 -0.816955852597923 -1.61746909950038 2.3013154126443 -1.38782257093483 -1.93558707469258 -5.42716552457047 3.48833695063252
"996" -0.137273299063515 1.90465444568382 -2.74476974756455 4.25107796407664 -4.43486402300383 1.07340075769881 -4.33786148417666 -1.43979351898838 1.46070482549831 -0.00581252373414985 1.93103809672789 -2.56733536201472 -0.710658421627963 -2.68722366699906 0.0549084566987036 -2.23543337149203 2.63592812645796 -1.17275333233726 1.04348268146508 -2.08476387297921 1.28759899986847 2.46147825928127 -3.44061506802075 2.76354219982453 -4.41374389254773 -2.01732157141292 -2.54752979762507 -0.342488144173132 -3.64883022421919 3.7656286685942 -1.21405004468758 2.84848397696951 -0.928213178699135 0.91306237335522 1.56105496649946 4.80579222213255 -2.59713413889812 -0.304171829373856 -0.219064451146967 -4.73348450612695 -0.845899923294943 2.94606813002448 -0.163480079949967 -0.411695883734256 -0.518947152421401 1.39890785828613 3.06847852313118 -0.192086821112282 -2.7930660764793 1.14345221448463
"997" 2.2473750539523 -4.54835998527522 2.25049249391551 1.52978319285687 -1.30426544002683 3.23640676757743 -1.84562799645183 -2.28290270552554 -4.4971256652077 -0.117952250998019 -1.54623564916932 3.43647510423995 0.393353301253924 0.451218469216826 2.0918556220465 -1.47019545653628 -1.82952442849667 1.42969234925666 0.563263341110691 0.608226999742845 2.99358575909048 3.51431632268742 2.3486726845994 0.00951737212632425 -0.0549828982025053 2.96897221560828 1.13171193237029 2.68898639735932 1.40725727214438 0.640067193109963 -0.759149716862613 -3.51641430529541 5.45915053278383 3.7831071831804 -0.71586270477622 0.64629716451769 1.94930035395152 -1.41009665475252 -0.368423099516663 -0.242060405506468 -0.390235192547452 -0.568991614443418 0.596118768306045 -2.17921962673284 -1.37684812896189 1.52144989879663 -0.307902464721766 -0.144388877129356 2.8253776987614 2.34464868658243
"998" 4.15306559828933 1.28245161916108 4.31254838879179 -0.0701038506086293 2.78359190942822 -0.715973112964323 -0.388098389326743 -3.10667567878247 -5.25120901763674 -0.84368835037811 1.0523084234968 1.5559299714373 0.374223401368371 2.47727379407189 -2.06197638665275 1.50709485675798 -2.20100469967559 3.03274780125236 4.40067859935653 -2.27217355039855 -2.42453031547769 0.932750974392039 1.79978917450421 3.27295912295502 -0.916010038416397 -1.13691048575884 4.02043765040825 -2.36499584499583 -5.05624478382448 -3.16229880146897 4.70600333512089 -3.07970726325548 -2.72742180290178 2.68477576193783 -1.64847370282838 1.00870024617668 3.84256448999456 -2.19298148729708 3.44510393281183 4.12765055797636 -3.24885002873471 -3.43780278432032 -0.580944687128746 -4.09424010207319 2.52732205394053 1.76136119385609 3.06207428195509 -1.42622541793155 -6.60948004031876 -0.0278142973031625
"999" 0.813599705017715 -0.0948724170481806 5.53650584439934 3.80488721242904 -3.52629846904292 -4.1296165482551 -1.33843705785223 3.35615973472956 2.77819729353426 0.546496070261955 4.58562755795976 3.21416954200664 -2.17501536611919 1.08507011783 -2.56018689214827 5.07461111179233 -3.07709111727594 1.32257039686208 2.52091833641898 0.315564762064809 0.617460354009149 -4.11280916276574 -0.591039341548925 2.50871833871208 -0.559268116791 -1.6984018267409 -2.5106036266976 -0.979403422818205 -6.00840148877994 -3.58165727523824 -0.890251297947361 -4.98444508255645 -1.36593620195794 0.847139759825353 4.36996847455605 2.23211594982268 -1.46231796845861 1.27594412909451 0.865000281437138 -3.01028279652547 -3.36030632516486 2.21785067568723 0.299335948937093 0.60925555629229 -3.07256472538234 -6.18339259851112 -1.31060174763934 -1.96259595392402 -0.73624628569361 -1.61769040796442
"1000" -1.06319452659966 -0.472096244874494 1.60705839341831 7.00065789581627 -1.66796800931141 -2.60401608591526 1.86154843172024 4.0110998846879 -1.70595007224672 -0.0117179071498817 2.7232609714118 2.76159399813076 -0.944710619383282 -1.50517265045468 -2.65378482048433 -2.71783399462958 3.24539294002604 5.36066627865639 4.97257074139887 2.87019076660572 1.24334626757064 3.4696833377403 -3.3591428166993 -4.02266404530119 3.19455263495092 1.17090463164414 2.19585628839898 -2.28496142191714 -0.0667777549724652 -0.177599877327366 -2.72589389993324 -1.56332444425684 0.00514374827413433 5.39866303125311 -2.13075315987441 2.12513445060744 -0.759205397335961 3.0738728904812 2.39057638653763 -2.96824804455452 -2.48209537601268 3.48049067706026 -4.28108932593767 3.98817086336968 2.94122995031455 0.0115514059072656 1.42744670863486 3.6447746893151 -1.01720145763507 1.95742747791866
